mutation,replicate,time_ns,metric,metric_value
V106A,1,0.0,LYS104-DOR,3.5779829025268555
V106A,1,0.5586592178770949,LYS104-DOR,4.458235263824463
V106A,1,1.1173184357541899,LYS104-DOR,3.932650566101074
V106A,1,1.6759776536312847,LYS104-DOR,3.864799737930298
V106A,1,2.2346368715083798,LYS104-DOR,3.1060791015625
V106A,1,2.793296089385475,LYS104-DOR,3.5604822635650635
V106A,1,3.3519553072625694,LYS104-DOR,4.4066572189331055
V106A,1,3.9106145251396645,LYS104-DOR,4.235241889953613
V106A,1,4.4692737430167595,LYS104-DOR,4.153165817260742
V106A,1,5.027932960893854,LYS104-DOR,3.8802897930145264
V106A,1,5.58659217877095,LYS104-DOR,4.336775302886963
V106A,1,6.145251396648044,LYS104-DOR,4.508070468902588
V106A,1,6.703910614525139,LYS104-DOR,4.5917205810546875
V106A,1,7.262569832402234,LYS104-DOR,4.022867679595947
V106A,1,7.821229050279329,LYS104-DOR,4.22715950012207
V106A,1,8.379888268156424,LYS104-DOR,3.7496354579925537
V106A,1,8.938547486033519,LYS104-DOR,4.114164352416992
V106A,1,9.497206703910614,LYS104-DOR,3.7812304496765137
V106A,1,10.055865921787708,LYS104-DOR,3.874429702758789
V106A,1,10.614525139664805,LYS104-DOR,3.721449136734009
V106A,1,11.1731843575419,LYS104-DOR,4.658291339874268
V106A,1,11.731843575418994,LYS104-DOR,3.705993175506592
V106A,1,12.290502793296088,LYS104-DOR,4.2440571784973145
V106A,1,12.849162011173183,LYS104-DOR,4.059544563293457
V106A,1,13.407821229050278,LYS104-DOR,4.592029571533203
V106A,1,13.966480446927374,LYS104-DOR,4.591330051422119
V106A,1,14.525139664804469,LYS104-DOR,4.412741661071777
V106A,1,15.083798882681563,LYS104-DOR,4.879228591918945
V106A,1,15.642458100558658,LYS104-DOR,4.586732864379883
V106A,1,16.201117318435752,LYS104-DOR,5.009899616241455
V106A,1,16.75977653631285,LYS104-DOR,4.64850378036499
V106A,1,17.31843575418994,LYS104-DOR,4.9744553565979
V106A,1,17.877094972067038,LYS104-DOR,4.4883294105529785
V106A,1,18.435754189944134,LYS104-DOR,4.689000129699707
V106A,1,18.994413407821227,LYS104-DOR,4.101379871368408
V106A,1,19.553072625698324,LYS104-DOR,4.2882490158081055
V106A,1,20.111731843575416,LYS104-DOR,3.928117275238037
V106A,1,20.670391061452513,LYS104-DOR,4.658027172088623
V106A,1,21.22905027932961,LYS104-DOR,4.974941730499268
V106A,1,21.787709497206702,LYS104-DOR,3.3174502849578857
V106A,1,22.3463687150838,LYS104-DOR,4.245599269866943
V106A,1,22.90502793296089,LYS104-DOR,3.840214252471924
V106A,1,23.463687150837988,LYS104-DOR,3.6648993492126465
V106A,1,24.022346368715084,LYS104-DOR,4.2645111083984375
V106A,1,24.581005586592177,LYS104-DOR,4.737246036529541
V106A,1,25.139664804469273,LYS104-DOR,4.114644527435303
V106A,1,25.698324022346366,LYS104-DOR,4.979409694671631
V106A,1,26.256983240223462,LYS104-DOR,4.078528881072998
V106A,1,26.815642458100555,LYS104-DOR,4.036444187164307
V106A,1,27.37430167597765,LYS104-DOR,3.781249523162842
V106A,1,27.932960893854748,LYS104-DOR,4.223531723022461
V106A,1,28.49162011173184,LYS104-DOR,4.3558855056762695
V106A,1,29.050279329608937,LYS104-DOR,3.9620578289031982
V106A,1,29.60893854748603,LYS104-DOR,4.450298309326172
V106A,1,30.167597765363126,LYS104-DOR,4.127587795257568
V106A,1,30.726256983240223,LYS104-DOR,3.8760366439819336
V106A,1,31.284916201117316,LYS104-DOR,4.191699028015137
V106A,1,31.843575418994412,LYS104-DOR,3.7835683822631836
V106A,1,32.402234636871505,LYS104-DOR,4.47095251083374
V106A,1,32.960893854748605,LYS104-DOR,4.1960625648498535
V106A,1,33.5195530726257,LYS104-DOR,4.402698516845703
V106A,1,34.07821229050279,LYS104-DOR,4.3655805587768555
V106A,1,34.63687150837988,LYS104-DOR,4.175588130950928
V106A,1,35.19553072625698,LYS104-DOR,5.0279741287231445
V106A,1,35.754189944134076,LYS104-DOR,4.712141036987305
V106A,1,36.31284916201117,LYS104-DOR,4.701991558074951
V106A,1,36.87150837988827,LYS104-DOR,4.243953227996826
V106A,1,37.43016759776536,LYS104-DOR,3.7939109802246094
V106A,1,37.988826815642454,LYS104-DOR,3.8822624683380127
V106A,1,38.54748603351955,LYS104-DOR,5.053986549377441
V106A,1,39.10614525139665,LYS104-DOR,4.235534191131592
V106A,1,39.66480446927374,LYS104-DOR,3.112236499786377
V106A,1,40.22346368715083,LYS104-DOR,3.652395009994507
V106A,1,40.78212290502793,LYS104-DOR,4.062619686126709
V106A,1,41.340782122905026,LYS104-DOR,4.040200710296631
V106A,1,41.89944134078212,LYS104-DOR,3.6195101737976074
V106A,1,42.45810055865922,LYS104-DOR,3.832347869873047
V106A,1,43.01675977653631,LYS104-DOR,4.711811065673828
V106A,1,43.575418994413404,LYS104-DOR,3.9405622482299805
V106A,1,44.1340782122905,LYS104-DOR,4.70227575302124
V106A,1,44.6927374301676,LYS104-DOR,4.75663948059082
V106A,1,45.25139664804469,LYS104-DOR,3.275869369506836
V106A,1,45.81005586592178,LYS104-DOR,3.8131818771362305
V106A,1,46.36871508379888,LYS104-DOR,4.165051460266113
V106A,1,46.927374301675975,LYS104-DOR,3.474848747253418
V106A,1,47.48603351955307,LYS104-DOR,3.4684019088745117
V106A,1,48.04469273743017,LYS104-DOR,4.723003387451172
V106A,1,48.60335195530726,LYS104-DOR,4.3201680183410645
V106A,1,49.162011173184354,LYS104-DOR,4.591872215270996
V106A,1,49.72067039106145,LYS104-DOR,3.9331233501434326
V106A,1,50.279329608938546,LYS104-DOR,3.0582644939422607
V106A,1,50.83798882681564,LYS104-DOR,3.130934238433838
V106A,1,51.39664804469273,LYS104-DOR,3.0392537117004395
V106A,1,51.95530726256983,LYS104-DOR,4.211066246032715
V106A,1,52.513966480446925,LYS104-DOR,3.8606786727905273
V106A,1,53.07262569832402,LYS104-DOR,4.040059566497803
V106A,1,53.63128491620111,LYS104-DOR,3.6665282249450684
V106A,1,54.18994413407821,LYS104-DOR,3.664764165878296
V106A,1,54.7486033519553,LYS104-DOR,4.366724014282227
V106A,1,55.307262569832396,LYS104-DOR,4.317176818847656
V106A,1,55.865921787709496,LYS104-DOR,4.840327739715576
V106A,1,56.42458100558659,LYS104-DOR,5.096224784851074
V106A,1,56.98324022346368,LYS104-DOR,4.185107707977295
V106A,1,57.54189944134078,LYS104-DOR,5.03696346282959
V106A,1,58.100558659217874,LYS104-DOR,4.526804447174072
V106A,1,58.65921787709497,LYS104-DOR,4.766308784484863
V106A,1,59.21787709497206,LYS104-DOR,5.021007061004639
V106A,1,59.77653631284916,LYS104-DOR,4.547784805297852
V106A,1,60.33519553072625,LYS104-DOR,4.456240653991699
V106A,1,60.893854748603346,LYS104-DOR,3.7883284091949463
V106A,1,61.452513966480446,LYS104-DOR,4.032223701477051
V106A,1,62.01117318435754,LYS104-DOR,3.724355459213257
V106A,1,62.56983240223463,LYS104-DOR,3.4022223949432373
V106A,1,63.12849162011173,LYS104-DOR,4.158153057098389
V106A,1,63.687150837988824,LYS104-DOR,3.8225996494293213
V106A,1,64.24581005586592,LYS104-DOR,4.092424392700195
V106A,1,64.80446927374301,LYS104-DOR,4.08416223526001
V106A,1,65.3631284916201,LYS104-DOR,4.25538444519043
V106A,1,65.92178770949721,LYS104-DOR,3.7878212928771973
V106A,1,66.4804469273743,LYS104-DOR,4.33003568649292
V106A,1,67.0391061452514,LYS104-DOR,3.631882429122925
V106A,1,67.59776536312849,LYS104-DOR,3.643265724182129
V106A,1,68.15642458100558,LYS104-DOR,3.6104586124420166
V106A,1,68.71508379888267,LYS104-DOR,3.918816566467285
V106A,1,69.27374301675977,LYS104-DOR,4.51323938369751
V106A,1,69.83240223463687,LYS104-DOR,5.094570636749268
V106A,1,70.39106145251397,LYS104-DOR,4.41168212890625
V106A,1,70.94972067039106,LYS104-DOR,4.144791603088379
V106A,1,71.50837988826815,LYS104-DOR,4.424978256225586
V106A,1,72.06703910614524,LYS104-DOR,4.19531774520874
V106A,1,72.62569832402234,LYS104-DOR,4.977460861206055
V106A,1,73.18435754189943,LYS104-DOR,4.474828720092773
V106A,1,73.74301675977654,LYS104-DOR,4.3636980056762695
V106A,1,74.30167597765363,LYS104-DOR,4.03388786315918
V106A,1,74.86033519553072,LYS104-DOR,4.363779067993164
V106A,1,75.41899441340782,LYS104-DOR,3.6158347129821777
V106A,1,75.97765363128491,LYS104-DOR,4.729021072387695
V106A,1,76.536312849162,LYS104-DOR,4.406723976135254
V106A,1,77.0949720670391,LYS104-DOR,4.814088821411133
V106A,1,77.6536312849162,LYS104-DOR,4.340226173400879
V106A,1,78.2122905027933,LYS104-DOR,4.547752857208252
V106A,1,78.77094972067039,LYS104-DOR,3.929429531097412
V106A,1,79.32960893854748,LYS104-DOR,4.958984851837158
V106A,1,79.88826815642457,LYS104-DOR,4.761839866638184
V106A,1,80.44692737430167,LYS104-DOR,4.56174373626709
V106A,1,81.00558659217877,LYS104-DOR,3.396862030029297
V106A,1,81.56424581005587,LYS104-DOR,3.7069997787475586
V106A,1,82.12290502793296,LYS104-DOR,4.51823091506958
V106A,1,82.68156424581005,LYS104-DOR,4.3042097091674805
V106A,1,83.24022346368714,LYS104-DOR,4.691496849060059
V106A,1,83.79888268156424,LYS104-DOR,4.591736316680908
V106A,1,84.35754189944133,LYS104-DOR,4.733855247497559
V106A,1,84.91620111731844,LYS104-DOR,5.017938613891602
V106A,1,85.47486033519553,LYS104-DOR,4.866374969482422
V106A,1,86.03351955307262,LYS104-DOR,4.456715106964111
V106A,1,86.59217877094972,LYS104-DOR,4.066595554351807
V106A,1,87.15083798882681,LYS104-DOR,4.503932476043701
V106A,1,87.7094972067039,LYS104-DOR,5.32075834274292
V106A,1,88.268156424581,LYS104-DOR,4.700693607330322
V106A,1,88.8268156424581,LYS104-DOR,4.951343059539795
V106A,1,89.3854748603352,LYS104-DOR,4.448581695556641
V106A,1,89.94413407821229,LYS104-DOR,5.113053798675537
V106A,1,90.50279329608938,LYS104-DOR,4.868412971496582
V106A,1,91.06145251396647,LYS104-DOR,4.954672336578369
V106A,1,91.62011173184356,LYS104-DOR,4.508638858795166
V106A,1,92.17877094972066,LYS104-DOR,4.288883209228516
V106A,1,92.73743016759776,LYS104-DOR,3.504812240600586
V106A,1,93.29608938547486,LYS104-DOR,4.073472499847412
V106A,1,93.85474860335195,LYS104-DOR,4.662069797515869
V106A,1,94.41340782122904,LYS104-DOR,3.723630428314209
V106A,1,94.97206703910614,LYS104-DOR,4.235124111175537
V106A,1,95.53072625698323,LYS104-DOR,3.885230541229248
V106A,1,96.08938547486034,LYS104-DOR,4.3435516357421875
V106A,1,96.64804469273743,LYS104-DOR,4.701941967010498
V106A,1,97.20670391061452,LYS104-DOR,4.0322980880737305
V106A,1,97.76536312849161,LYS104-DOR,4.302850723266602
V106A,1,98.32402234636871,LYS104-DOR,4.201646327972412
V106A,1,98.8826815642458,LYS104-DOR,4.137349605560303
V106A,1,99.4413407821229,LYS104-DOR,4.569103240966797
V106A,1,100.0,LYS104-DOR,4.671004295349121
V106A,2,0.0,LYS104-DOR,4.193589210510254
V106A,2,0.2785515320334262,LYS104-DOR,5.254922389984131
V106A,2,0.5571030640668524,LYS104-DOR,4.445193290710449
V106A,2,0.8356545961002786,LYS104-DOR,5.105550289154053
V106A,2,1.1142061281337048,LYS104-DOR,4.802279949188232
V106A,2,1.392757660167131,LYS104-DOR,4.916644096374512
V106A,2,1.6713091922005572,LYS104-DOR,4.273712158203125
V106A,2,1.9498607242339834,LYS104-DOR,4.229957103729248
V106A,2,2.2284122562674096,LYS104-DOR,4.071139812469482
V106A,2,2.506963788300836,LYS104-DOR,4.684739589691162
V106A,2,2.785515320334262,LYS104-DOR,4.188995838165283
V106A,2,3.064066852367688,LYS104-DOR,4.431158542633057
V106A,2,3.3426183844011144,LYS104-DOR,4.448187351226807
V106A,2,3.621169916434541,LYS104-DOR,3.732151985168457
V106A,2,3.8997214484679668,LYS104-DOR,4.367791175842285
V106A,2,4.178272980501393,LYS104-DOR,4.044454097747803
V106A,2,4.456824512534819,LYS104-DOR,3.972874641418457
V106A,2,4.735376044568246,LYS104-DOR,3.4469943046569824
V106A,2,5.013927576601672,LYS104-DOR,3.4647140502929688
V106A,2,5.2924791086350975,LYS104-DOR,3.6476683616638184
V106A,2,5.571030640668524,LYS104-DOR,4.403451919555664
V106A,2,5.84958217270195,LYS104-DOR,3.376081943511963
V106A,2,6.128133704735376,LYS104-DOR,3.861279249191284
V106A,2,6.406685236768802,LYS104-DOR,4.130116939544678
V106A,2,6.685236768802229,LYS104-DOR,3.4998538494110107
V106A,2,6.963788300835655,LYS104-DOR,3.159541606903076
V106A,2,7.242339832869082,LYS104-DOR,3.364330291748047
V106A,2,7.520891364902507,LYS104-DOR,4.087352752685547
V106A,2,7.7994428969359335,LYS104-DOR,3.4540891647338867
V106A,2,8.07799442896936,LYS104-DOR,3.8005242347717285
V106A,2,8.356545961002785,LYS104-DOR,3.892213821411133
V106A,2,8.635097493036213,LYS104-DOR,3.689361810684204
V106A,2,8.913649025069638,LYS104-DOR,3.707005500793457
V106A,2,9.192200557103064,LYS104-DOR,4.78852653503418
V106A,2,9.470752089136491,LYS104-DOR,4.618748664855957
V106A,2,9.749303621169917,LYS104-DOR,4.4527764320373535
V106A,2,10.027855153203344,LYS104-DOR,3.6910476684570312
V106A,2,10.30640668523677,LYS104-DOR,4.047574043273926
V106A,2,10.584958217270195,LYS104-DOR,3.5162086486816406
V106A,2,10.863509749303622,LYS104-DOR,4.173546314239502
V106A,2,11.142061281337048,LYS104-DOR,4.171262264251709
V106A,2,11.420612813370473,LYS104-DOR,4.000448226928711
V106A,2,11.6991643454039,LYS104-DOR,3.159457206726074
V106A,2,11.977715877437326,LYS104-DOR,3.4406752586364746
V106A,2,12.256267409470752,LYS104-DOR,3.695392370223999
V106A,2,12.534818941504179,LYS104-DOR,4.0998992919921875
V106A,2,12.813370473537605,LYS104-DOR,3.671036958694458
V106A,2,13.091922005571032,LYS104-DOR,4.025296688079834
V106A,2,13.370473537604457,LYS104-DOR,3.439207077026367
V106A,2,13.649025069637883,LYS104-DOR,3.156709671020508
V106A,2,13.92757660167131,LYS104-DOR,3.464395046234131
V106A,2,14.206128133704736,LYS104-DOR,3.772848129272461
V106A,2,14.484679665738163,LYS104-DOR,3.4422614574432373
V106A,2,14.763231197771589,LYS104-DOR,3.4002230167388916
V106A,2,15.041782729805014,LYS104-DOR,3.5378363132476807
V106A,2,15.320334261838441,LYS104-DOR,4.254213809967041
V106A,2,15.598885793871867,LYS104-DOR,3.7998485565185547
V106A,2,15.877437325905293,LYS104-DOR,3.9957568645477295
V106A,2,16.15598885793872,LYS104-DOR,3.1576104164123535
V106A,2,16.434540389972145,LYS104-DOR,4.0829997062683105
V106A,2,16.71309192200557,LYS104-DOR,4.0564284324646
V106A,2,16.991643454038996,LYS104-DOR,3.7485406398773193
V106A,2,17.270194986072426,LYS104-DOR,3.5714030265808105
V106A,2,17.54874651810585,LYS104-DOR,4.313977241516113
V106A,2,17.827298050139277,LYS104-DOR,3.3943889141082764
V106A,2,18.105849582172702,LYS104-DOR,3.7095565795898438
V106A,2,18.384401114206128,LYS104-DOR,3.5679502487182617
V106A,2,18.662952646239557,LYS104-DOR,3.582451343536377
V106A,2,18.941504178272982,LYS104-DOR,3.3394031524658203
V106A,2,19.220055710306408,LYS104-DOR,4.289254665374756
V106A,2,19.498607242339833,LYS104-DOR,3.9526140689849854
V106A,2,19.77715877437326,LYS104-DOR,4.131899356842041
V106A,2,20.055710306406688,LYS104-DOR,3.847243547439575
V106A,2,20.334261838440113,LYS104-DOR,3.7416396141052246
V106A,2,20.61281337047354,LYS104-DOR,3.886260747909546
V106A,2,20.891364902506965,LYS104-DOR,3.6848411560058594
V106A,2,21.16991643454039,LYS104-DOR,3.609950065612793
V106A,2,21.448467966573816,LYS104-DOR,3.3451268672943115
V106A,2,21.727019498607245,LYS104-DOR,3.166492223739624
V106A,2,22.00557103064067,LYS104-DOR,3.6023519039154053
V106A,2,22.284122562674096,LYS104-DOR,3.7315826416015625
V106A,2,22.56267409470752,LYS104-DOR,2.9054007530212402
V106A,2,22.841225626740947,LYS104-DOR,3.542304515838623
V106A,2,23.119777158774376,LYS104-DOR,3.687678813934326
V106A,2,23.3983286908078,LYS104-DOR,3.795535087585449
V106A,2,23.676880222841227,LYS104-DOR,3.3873863220214844
V106A,2,23.955431754874652,LYS104-DOR,3.818373680114746
V106A,2,24.233983286908078,LYS104-DOR,3.6540732383728027
V106A,2,24.512534818941504,LYS104-DOR,3.044745683670044
V106A,2,24.791086350974933,LYS104-DOR,3.891165256500244
V106A,2,25.069637883008358,LYS104-DOR,3.3229966163635254
V106A,2,25.348189415041784,LYS104-DOR,4.16750431060791
V106A,2,25.62674094707521,LYS104-DOR,3.392547130584717
V106A,2,25.905292479108635,LYS104-DOR,4.293703556060791
V106A,2,26.183844011142064,LYS104-DOR,3.2685635089874268
V106A,2,26.46239554317549,LYS104-DOR,4.533576011657715
V106A,2,26.740947075208915,LYS104-DOR,4.602532863616943
V106A,2,27.01949860724234,LYS104-DOR,4.171418190002441
V106A,2,27.298050139275766,LYS104-DOR,3.9204752445220947
V106A,2,27.576601671309195,LYS104-DOR,4.359368801116943
V106A,2,27.85515320334262,LYS104-DOR,4.073323726654053
V106A,2,28.133704735376046,LYS104-DOR,4.562847137451172
V106A,2,28.41225626740947,LYS104-DOR,3.720212459564209
V106A,2,28.690807799442897,LYS104-DOR,4.623852252960205
V106A,2,28.969359331476326,LYS104-DOR,3.8606455326080322
V106A,2,29.247910863509752,LYS104-DOR,2.9359543323516846
V106A,2,29.526462395543177,LYS104-DOR,3.7030153274536133
V106A,2,29.805013927576603,LYS104-DOR,4.449047088623047
V106A,2,30.08356545961003,LYS104-DOR,3.373663902282715
V106A,2,30.362116991643454,LYS104-DOR,3.435511589050293
V106A,2,30.640668523676883,LYS104-DOR,4.137255668640137
V106A,2,30.91922005571031,LYS104-DOR,4.202088356018066
V106A,2,31.197771587743734,LYS104-DOR,4.823605537414551
V106A,2,31.47632311977716,LYS104-DOR,4.272827625274658
V106A,2,31.754874651810585,LYS104-DOR,4.123567581176758
V106A,2,32.033426183844014,LYS104-DOR,3.983595132827759
V106A,2,32.31197771587744,LYS104-DOR,4.237682342529297
V106A,2,32.590529247910865,LYS104-DOR,4.089059352874756
V106A,2,32.86908077994429,LYS104-DOR,3.9106295108795166
V106A,2,33.147632311977716,LYS104-DOR,3.626246452331543
V106A,2,33.42618384401114,LYS104-DOR,3.8732945919036865
V106A,2,33.70473537604457,LYS104-DOR,3.2449533939361572
V106A,2,33.98328690807799,LYS104-DOR,4.11676025390625
V106A,2,34.261838440111426,LYS104-DOR,3.27773118019104
V106A,2,34.54038997214485,LYS104-DOR,3.3147177696228027
V106A,2,34.81894150417828,LYS104-DOR,3.7583813667297363
V106A,2,35.0974930362117,LYS104-DOR,3.779472827911377
V106A,2,35.37604456824513,LYS104-DOR,3.3941245079040527
V106A,2,35.65459610027855,LYS104-DOR,4.645610332489014
V106A,2,35.93314763231198,LYS104-DOR,3.325364589691162
V106A,2,36.211699164345404,LYS104-DOR,3.675532102584839
V106A,2,36.49025069637883,LYS104-DOR,4.084278583526611
V106A,2,36.768802228412255,LYS104-DOR,2.981125831604004
V106A,2,37.04735376044568,LYS104-DOR,3.1575045585632324
V106A,2,37.32590529247911,LYS104-DOR,4.08498477935791
V106A,2,37.60445682451254,LYS104-DOR,4.839101314544678
V106A,2,37.883008356545965,LYS104-DOR,4.010451793670654
V106A,2,38.16155988857939,LYS104-DOR,3.067694664001465
V106A,2,38.440111420612816,LYS104-DOR,3.54710054397583
V106A,2,38.71866295264624,LYS104-DOR,4.431213855743408
V106A,2,38.99721448467967,LYS104-DOR,3.8223469257354736
V106A,2,39.27576601671309,LYS104-DOR,3.214785575866699
V106A,2,39.55431754874652,LYS104-DOR,3.5258028507232666
V106A,2,39.83286908077994,LYS104-DOR,3.8607003688812256
V106A,2,40.111420612813376,LYS104-DOR,3.9239907264709473
V106A,2,40.3899721448468,LYS104-DOR,3.253854513168335
V106A,2,40.66852367688023,LYS104-DOR,4.120378494262695
V106A,2,40.94707520891365,LYS104-DOR,3.8330862522125244
V106A,2,41.22562674094708,LYS104-DOR,3.846074342727661
V106A,2,41.5041782729805,LYS104-DOR,4.358455657958984
V106A,2,41.78272980501393,LYS104-DOR,3.6929984092712402
V106A,2,42.061281337047355,LYS104-DOR,4.459008693695068
V106A,2,42.33983286908078,LYS104-DOR,4.966421604156494
V106A,2,42.618384401114206,LYS104-DOR,3.75587797164917
V106A,2,42.89693593314763,LYS104-DOR,3.477518081665039
V106A,2,43.175487465181064,LYS104-DOR,3.0202972888946533
V106A,2,43.45403899721449,LYS104-DOR,3.654067039489746
V106A,2,43.732590529247915,LYS104-DOR,2.9642386436462402
V106A,2,44.01114206128134,LYS104-DOR,3.8282716274261475
V106A,2,44.289693593314766,LYS104-DOR,4.031115531921387
V106A,2,44.56824512534819,LYS104-DOR,4.5935378074646
V106A,2,44.84679665738162,LYS104-DOR,4.840249538421631
V106A,2,45.12534818941504,LYS104-DOR,4.400443077087402
V106A,2,45.40389972144847,LYS104-DOR,4.733699798583984
V106A,2,45.682451253481894,LYS104-DOR,4.469273567199707
V106A,2,45.96100278551532,LYS104-DOR,4.021268844604492
V106A,2,46.23955431754875,LYS104-DOR,3.847297430038452
V106A,2,46.51810584958218,LYS104-DOR,3.404324531555176
V106A,2,46.7966573816156,LYS104-DOR,3.351792812347412
V106A,2,47.07520891364903,LYS104-DOR,3.8049731254577637
V106A,2,47.353760445682454,LYS104-DOR,3.7169933319091797
V106A,2,47.63231197771588,LYS104-DOR,4.02404260635376
V106A,2,47.910863509749305,LYS104-DOR,4.52447509765625
V106A,2,48.18941504178273,LYS104-DOR,3.8634262084960938
V106A,2,48.467966573816156,LYS104-DOR,3.3409929275512695
V106A,2,48.74651810584958,LYS104-DOR,3.6196959018707275
V106A,2,49.02506963788301,LYS104-DOR,3.9156196117401123
V106A,2,49.30362116991644,LYS104-DOR,4.190965175628662
V106A,2,49.582172701949865,LYS104-DOR,4.3955535888671875
V106A,2,49.86072423398329,LYS104-DOR,4.348235607147217
V106A,2,50.139275766016716,LYS104-DOR,4.765222072601318
V106A,2,50.41782729805014,LYS104-DOR,4.647169589996338
V106A,2,50.69637883008357,LYS104-DOR,3.5210466384887695
V106A,2,50.97493036211699,LYS104-DOR,4.513147354125977
V106A,2,51.25348189415042,LYS104-DOR,5.227963447570801
V106A,2,51.532033426183844,LYS104-DOR,3.931128740310669
V106A,2,51.81058495821727,LYS104-DOR,4.2133402824401855
V106A,2,52.0891364902507,LYS104-DOR,5.289030075073242
V106A,2,52.36768802228413,LYS104-DOR,5.259621620178223
V106A,2,52.64623955431755,LYS104-DOR,4.2748918533325195
V106A,2,52.92479108635098,LYS104-DOR,4.123267650604248
V106A,2,53.203342618384404,LYS104-DOR,3.1223716735839844
V106A,2,53.48189415041783,LYS104-DOR,3.5200061798095703
V106A,2,53.760445682451255,LYS104-DOR,4.039477348327637
V106A,2,54.03899721448468,LYS104-DOR,4.061604022979736
V106A,2,54.317548746518106,LYS104-DOR,3.89701509475708
V106A,2,54.59610027855153,LYS104-DOR,3.634847402572632
V106A,2,54.87465181058496,LYS104-DOR,3.954150438308716
V106A,2,55.15320334261839,LYS104-DOR,3.8301684856414795
V106A,2,55.431754874651816,LYS104-DOR,3.999441623687744
V106A,2,55.71030640668524,LYS104-DOR,3.465207815170288
V106A,2,55.98885793871867,LYS104-DOR,3.8384783267974854
V106A,2,56.26740947075209,LYS104-DOR,4.279151439666748
V106A,2,56.54596100278552,LYS104-DOR,4.3109869956970215
V106A,2,56.82451253481894,LYS104-DOR,4.370894908905029
V106A,2,57.10306406685237,LYS104-DOR,4.870984077453613
V106A,2,57.381615598885794,LYS104-DOR,3.2269299030303955
V106A,2,57.66016713091922,LYS104-DOR,4.012649059295654
V106A,2,57.93871866295265,LYS104-DOR,3.044381618499756
V106A,2,58.21727019498608,LYS104-DOR,3.5979514122009277
V106A,2,58.495821727019504,LYS104-DOR,3.5746490955352783
V106A,2,58.77437325905293,LYS104-DOR,4.411884784698486
V106A,2,59.052924791086355,LYS104-DOR,4.778382301330566
V106A,2,59.33147632311978,LYS104-DOR,3.9115211963653564
V106A,2,59.610027855153206,LYS104-DOR,3.80682373046875
V106A,2,59.88857938718663,LYS104-DOR,3.446282386779785
V106A,2,60.16713091922006,LYS104-DOR,3.7130818367004395
V106A,2,60.44568245125348,LYS104-DOR,3.617243528366089
V106A,2,60.72423398328691,LYS104-DOR,3.6387083530426025
V106A,2,61.00278551532034,LYS104-DOR,3.302184581756592
V106A,2,61.281337047353766,LYS104-DOR,3.637542486190796
V106A,2,61.55988857938719,LYS104-DOR,3.6960020065307617
V106A,2,61.83844011142062,LYS104-DOR,3.821558952331543
V106A,2,62.11699164345404,LYS104-DOR,3.2029905319213867
V106A,2,62.39554317548747,LYS104-DOR,4.4514055252075195
V106A,2,62.674094707520894,LYS104-DOR,3.89421010017395
V106A,2,62.95264623955432,LYS104-DOR,3.312213182449341
V106A,2,63.231197771587745,LYS104-DOR,4.140229225158691
V106A,2,63.50974930362117,LYS104-DOR,3.780195713043213
V106A,2,63.788300835654596,LYS104-DOR,3.984895706176758
V106A,2,64.06685236768803,LYS104-DOR,3.181483268737793
V106A,2,64.34540389972145,LYS104-DOR,3.3287153244018555
V106A,2,64.62395543175488,LYS104-DOR,4.298830509185791
V106A,2,64.9025069637883,LYS104-DOR,3.300431251525879
V106A,2,65.18105849582173,LYS104-DOR,3.893240451812744
V106A,2,65.45961002785516,LYS104-DOR,3.888049602508545
V106A,2,65.73816155988858,LYS104-DOR,4.2310614585876465
V106A,2,66.01671309192201,LYS104-DOR,4.586177349090576
V106A,2,66.29526462395543,LYS104-DOR,5.063669681549072
V106A,2,66.57381615598887,LYS104-DOR,4.0637664794921875
V106A,2,66.85236768802228,LYS104-DOR,3.523655891418457
V106A,2,67.13091922005572,LYS104-DOR,4.3594818115234375
V106A,2,67.40947075208913,LYS104-DOR,3.310654401779175
V106A,2,67.68802228412257,LYS104-DOR,3.955860137939453
V106A,2,67.96657381615599,LYS104-DOR,3.721724033355713
V106A,2,68.24512534818942,LYS104-DOR,4.356686592102051
V106A,2,68.52367688022285,LYS104-DOR,4.146823883056641
V106A,2,68.80222841225627,LYS104-DOR,3.5221567153930664
V106A,2,69.0807799442897,LYS104-DOR,4.026455879211426
V106A,2,69.35933147632312,LYS104-DOR,4.627723217010498
V106A,2,69.63788300835655,LYS104-DOR,3.765840530395508
V106A,2,69.91643454038997,LYS104-DOR,4.177742958068848
V106A,2,70.1949860724234,LYS104-DOR,4.208442687988281
V106A,2,70.47353760445682,LYS104-DOR,3.294919490814209
V106A,2,70.75208913649026,LYS104-DOR,3.963120222091675
V106A,2,71.03064066852367,LYS104-DOR,3.9348256587982178
V106A,2,71.3091922005571,LYS104-DOR,4.033294677734375
V106A,2,71.58774373259054,LYS104-DOR,3.620638847351074
V106A,2,71.86629526462396,LYS104-DOR,3.7809512615203857
V106A,2,72.14484679665739,LYS104-DOR,4.2604169845581055
V106A,2,72.42339832869081,LYS104-DOR,3.74037766456604
V106A,2,72.70194986072424,LYS104-DOR,3.539564371109009
V106A,2,72.98050139275766,LYS104-DOR,3.481444835662842
V106A,2,73.25905292479109,LYS104-DOR,4.207958698272705
V106A,2,73.53760445682451,LYS104-DOR,4.440224647521973
V106A,2,73.81615598885794,LYS104-DOR,3.5306148529052734
V106A,2,74.09470752089136,LYS104-DOR,3.8405919075012207
V106A,2,74.3732590529248,LYS104-DOR,3.782815456390381
V106A,2,74.65181058495823,LYS104-DOR,3.377781867980957
V106A,2,74.93036211699165,LYS104-DOR,3.5339179039001465
V106A,2,75.20891364902508,LYS104-DOR,4.005474090576172
V106A,2,75.4874651810585,LYS104-DOR,3.558199882507324
V106A,2,75.76601671309193,LYS104-DOR,3.8465819358825684
V106A,2,76.04456824512535,LYS104-DOR,3.4017598628997803
V106A,2,76.32311977715878,LYS104-DOR,3.8518290519714355
V106A,2,76.6016713091922,LYS104-DOR,3.7985799312591553
V106A,2,76.88022284122563,LYS104-DOR,3.6370303630828857
V106A,2,77.15877437325905,LYS104-DOR,3.572605848312378
V106A,2,77.43732590529248,LYS104-DOR,4.134060382843018
V106A,2,77.71587743732591,LYS104-DOR,4.2006025314331055
V106A,2,77.99442896935933,LYS104-DOR,3.8658175468444824
V106A,2,78.27298050139277,LYS104-DOR,4.2377400398254395
V106A,2,78.55153203342618,LYS104-DOR,4.200486183166504
V106A,2,78.83008356545962,LYS104-DOR,4.068437099456787
V106A,2,79.10863509749304,LYS104-DOR,4.193386077880859
V106A,2,79.38718662952647,LYS104-DOR,3.682372570037842
V106A,2,79.66573816155989,LYS104-DOR,4.108583450317383
V106A,2,79.94428969359332,LYS104-DOR,3.399587869644165
V106A,2,80.22284122562675,LYS104-DOR,4.3663411140441895
V106A,2,80.50139275766017,LYS104-DOR,4.185632705688477
V106A,2,80.7799442896936,LYS104-DOR,4.026177883148193
V106A,2,81.05849582172702,LYS104-DOR,3.2176451683044434
V106A,2,81.33704735376045,LYS104-DOR,4.943568706512451
V106A,2,81.61559888579387,LYS104-DOR,3.766446590423584
V106A,2,81.8941504178273,LYS104-DOR,4.483537197113037
V106A,2,82.17270194986072,LYS104-DOR,4.644364356994629
V106A,2,82.45125348189416,LYS104-DOR,5.085877418518066
V106A,2,82.72980501392757,LYS104-DOR,4.090086936950684
V106A,2,83.008356545961,LYS104-DOR,3.951638698577881
V106A,2,83.28690807799444,LYS104-DOR,4.494879722595215
V106A,2,83.56545961002786,LYS104-DOR,4.286789417266846
V106A,2,83.84401114206129,LYS104-DOR,3.9477779865264893
V106A,2,84.12256267409471,LYS104-DOR,4.541726112365723
V106A,2,84.40111420612814,LYS104-DOR,3.7565255165100098
V106A,2,84.67966573816156,LYS104-DOR,4.891430377960205
V106A,2,84.958217270195,LYS104-DOR,3.61244535446167
V106A,2,85.23676880222841,LYS104-DOR,3.8956027030944824
V106A,2,85.51532033426184,LYS104-DOR,3.4379591941833496
V106A,2,85.79387186629526,LYS104-DOR,4.017664909362793
V106A,2,86.0724233983287,LYS104-DOR,4.134296894073486
V106A,2,86.35097493036213,LYS104-DOR,4.167611122131348
V106A,2,86.62952646239555,LYS104-DOR,4.820158958435059
V106A,2,86.90807799442898,LYS104-DOR,3.561450481414795
V106A,2,87.1866295264624,LYS104-DOR,4.694586753845215
V106A,2,87.46518105849583,LYS104-DOR,3.6015799045562744
V106A,2,87.74373259052925,LYS104-DOR,4.418722152709961
V106A,2,88.02228412256268,LYS104-DOR,3.9279699325561523
V106A,2,88.3008356545961,LYS104-DOR,3.835110664367676
V106A,2,88.57938718662953,LYS104-DOR,4.235535621643066
V106A,2,88.85793871866295,LYS104-DOR,3.3188893795013428
V106A,2,89.13649025069638,LYS104-DOR,3.5043718814849854
V106A,2,89.41504178272982,LYS104-DOR,3.7276558876037598
V106A,2,89.69359331476323,LYS104-DOR,4.717320442199707
V106A,2,89.97214484679667,LYS104-DOR,3.865370750427246
V106A,2,90.25069637883009,LYS104-DOR,3.8852128982543945
V106A,2,90.52924791086352,LYS104-DOR,4.066525459289551
V106A,2,90.80779944289694,LYS104-DOR,4.286441326141357
V106A,2,91.08635097493037,LYS104-DOR,3.31895112991333
V106A,2,91.36490250696379,LYS104-DOR,3.541760206222534
V106A,2,91.64345403899722,LYS104-DOR,3.618354320526123
V106A,2,91.92200557103064,LYS104-DOR,3.222820281982422
V106A,2,92.20055710306407,LYS104-DOR,3.7089834213256836
V106A,2,92.4791086350975,LYS104-DOR,3.64812970161438
V106A,2,92.75766016713092,LYS104-DOR,3.7124557495117188
V106A,2,93.03621169916435,LYS104-DOR,3.8017144203186035
V106A,2,93.31476323119777,LYS104-DOR,3.3213140964508057
V106A,2,93.5933147632312,LYS104-DOR,3.3586411476135254
V106A,2,93.87186629526462,LYS104-DOR,3.2719101905822754
V106A,2,94.15041782729806,LYS104-DOR,3.853996753692627
V106A,2,94.42896935933148,LYS104-DOR,3.8119819164276123
V106A,2,94.70752089136491,LYS104-DOR,3.5778098106384277
V106A,2,94.98607242339833,LYS104-DOR,4.45550537109375
V106A,2,95.26462395543176,LYS104-DOR,4.089954376220703
V106A,2,95.54317548746519,LYS104-DOR,4.502326965332031
V106A,2,95.82172701949861,LYS104-DOR,3.799220561981201
V106A,2,96.10027855153204,LYS104-DOR,4.475966453552246
V106A,2,96.37883008356546,LYS104-DOR,2.86289644241333
V106A,2,96.6573816155989,LYS104-DOR,4.610964775085449
V106A,2,96.93593314763231,LYS104-DOR,4.028860569000244
V106A,2,97.21448467966574,LYS104-DOR,4.20175313949585
V106A,2,97.49303621169916,LYS104-DOR,4.1466827392578125
V106A,2,97.7715877437326,LYS104-DOR,3.5975277423858643
V106A,2,98.05013927576601,LYS104-DOR,3.487931728363037
V106A,2,98.32869080779945,LYS104-DOR,4.238229274749756
V106A,2,98.60724233983288,LYS104-DOR,3.4468765258789062
V106A,2,98.8857938718663,LYS104-DOR,3.529076099395752
V106A,2,99.16434540389973,LYS104-DOR,3.255336046218872
V106A,2,99.44289693593315,LYS104-DOR,3.640841484069824
V106A,2,99.72144846796658,LYS104-DOR,4.616370677947998
V106A,2,100.0,LYS104-DOR,3.3643293380737305
V106A,3,0.0,LYS104-DOR,3.7506368160247803
V106A,3,0.5586592178770949,LYS104-DOR,3.885328769683838
V106A,3,1.1173184357541899,LYS104-DOR,3.8866353034973145
V106A,3,1.6759776536312847,LYS104-DOR,3.378678321838379
V106A,3,2.2346368715083798,LYS104-DOR,3.720118522644043
V106A,3,2.793296089385475,LYS104-DOR,3.6868503093719482
V106A,3,3.3519553072625694,LYS104-DOR,4.509110927581787
V106A,3,3.9106145251396645,LYS104-DOR,3.391096830368042
V106A,3,4.4692737430167595,LYS104-DOR,3.286003589630127
V106A,3,5.027932960893854,LYS104-DOR,3.9956812858581543
V106A,3,5.58659217877095,LYS104-DOR,4.061037063598633
V106A,3,6.145251396648044,LYS104-DOR,4.342217922210693
V106A,3,6.703910614525139,LYS104-DOR,3.446845769882202
V106A,3,7.262569832402234,LYS104-DOR,3.9491353034973145
V106A,3,7.821229050279329,LYS104-DOR,3.207467555999756
V106A,3,8.379888268156424,LYS104-DOR,3.828214168548584
V106A,3,8.938547486033519,LYS104-DOR,3.4831044673919678
V106A,3,9.497206703910614,LYS104-DOR,3.2982749938964844
V106A,3,10.055865921787708,LYS104-DOR,4.186958312988281
V106A,3,10.614525139664805,LYS104-DOR,3.254939556121826
V106A,3,11.1731843575419,LYS104-DOR,3.6087751388549805
V106A,3,11.731843575418994,LYS104-DOR,3.521106004714966
V106A,3,12.290502793296088,LYS104-DOR,3.233403205871582
V106A,3,12.849162011173183,LYS104-DOR,3.288300037384033
V106A,3,13.407821229050278,LYS104-DOR,3.8746776580810547
V106A,3,13.966480446927374,LYS104-DOR,3.830759286880493
V106A,3,14.525139664804469,LYS104-DOR,3.8882317543029785
V106A,3,15.083798882681563,LYS104-DOR,3.9046154022216797
V106A,3,15.642458100558658,LYS104-DOR,4.044307708740234
V106A,3,16.201117318435752,LYS104-DOR,3.0854475498199463
V106A,3,16.75977653631285,LYS104-DOR,3.9812679290771484
V106A,3,17.31843575418994,LYS104-DOR,3.4702515602111816
V106A,3,17.877094972067038,LYS104-DOR,3.8179283142089844
V106A,3,18.435754189944134,LYS104-DOR,3.7968811988830566
V106A,3,18.994413407821227,LYS104-DOR,3.9031600952148438
V106A,3,19.553072625698324,LYS104-DOR,3.7447190284729004
V106A,3,20.111731843575416,LYS104-DOR,4.0238847732543945
V106A,3,20.670391061452513,LYS104-DOR,3.959671974182129
V106A,3,21.22905027932961,LYS104-DOR,4.1969146728515625
V106A,3,21.787709497206702,LYS104-DOR,3.5965492725372314
V106A,3,22.3463687150838,LYS104-DOR,3.806417942047119
V106A,3,22.90502793296089,LYS104-DOR,4.575047492980957
V106A,3,23.463687150837988,LYS104-DOR,3.698237180709839
V106A,3,24.022346368715084,LYS104-DOR,4.587053298950195
V106A,3,24.581005586592177,LYS104-DOR,4.585958003997803
V106A,3,25.139664804469273,LYS104-DOR,4.668187141418457
V106A,3,25.698324022346366,LYS104-DOR,3.6276497840881348
V106A,3,26.256983240223462,LYS104-DOR,3.2158315181732178
V106A,3,26.815642458100555,LYS104-DOR,3.6690526008605957
V106A,3,27.37430167597765,LYS104-DOR,3.998946189880371
V106A,3,27.932960893854748,LYS104-DOR,3.935326099395752
V106A,3,28.49162011173184,LYS104-DOR,3.7100882530212402
V106A,3,29.050279329608937,LYS104-DOR,3.3038249015808105
V106A,3,29.60893854748603,LYS104-DOR,4.328159332275391
V106A,3,30.167597765363126,LYS104-DOR,4.0924530029296875
V106A,3,30.726256983240223,LYS104-DOR,3.426210641860962
V106A,3,31.284916201117316,LYS104-DOR,4.558934211730957
V106A,3,31.843575418994412,LYS104-DOR,3.642738103866577
V106A,3,32.402234636871505,LYS104-DOR,4.149606704711914
V106A,3,32.960893854748605,LYS104-DOR,3.326613426208496
V106A,3,33.5195530726257,LYS104-DOR,4.899235725402832
V106A,3,34.07821229050279,LYS104-DOR,4.080132484436035
V106A,3,34.63687150837988,LYS104-DOR,3.7814674377441406
V106A,3,35.19553072625698,LYS104-DOR,4.530190467834473
V106A,3,35.754189944134076,LYS104-DOR,3.9051828384399414
V106A,3,36.31284916201117,LYS104-DOR,4.117649078369141
V106A,3,36.87150837988827,LYS104-DOR,3.1613709926605225
V106A,3,37.43016759776536,LYS104-DOR,3.688992500305176
V106A,3,37.988826815642454,LYS104-DOR,4.729038238525391
V106A,3,38.54748603351955,LYS104-DOR,3.4969794750213623
V106A,3,39.10614525139665,LYS104-DOR,4.477397918701172
V106A,3,39.66480446927374,LYS104-DOR,4.691222667694092
V106A,3,40.22346368715083,LYS104-DOR,4.543412208557129
V106A,3,40.78212290502793,LYS104-DOR,3.6689093112945557
V106A,3,41.340782122905026,LYS104-DOR,3.274258613586426
V106A,3,41.89944134078212,LYS104-DOR,3.970357894897461
V106A,3,42.45810055865922,LYS104-DOR,3.2686095237731934
V106A,3,43.01675977653631,LYS104-DOR,3.5632588863372803
V106A,3,43.575418994413404,LYS104-DOR,4.037748336791992
V106A,3,44.1340782122905,LYS104-DOR,4.9498701095581055
V106A,3,44.6927374301676,LYS104-DOR,3.744368314743042
V106A,3,45.25139664804469,LYS104-DOR,4.278274059295654
V106A,3,45.81005586592178,LYS104-DOR,4.801060676574707
V106A,3,46.36871508379888,LYS104-DOR,4.3454108238220215
V106A,3,46.927374301675975,LYS104-DOR,4.371912002563477
V106A,3,47.48603351955307,LYS104-DOR,3.9555845260620117
V106A,3,48.04469273743017,LYS104-DOR,3.7599239349365234
V106A,3,48.60335195530726,LYS104-DOR,4.235209941864014
V106A,3,49.162011173184354,LYS104-DOR,4.12689208984375
V106A,3,49.72067039106145,LYS104-DOR,4.178022384643555
V106A,3,50.279329608938546,LYS104-DOR,4.765298843383789
V106A,3,50.83798882681564,LYS104-DOR,4.4441752433776855
V106A,3,51.39664804469273,LYS104-DOR,4.839746952056885
V106A,3,51.95530726256983,LYS104-DOR,3.6173179149627686
V106A,3,52.513966480446925,LYS104-DOR,4.6202521324157715
V106A,3,53.07262569832402,LYS104-DOR,3.9888758659362793
V106A,3,53.63128491620111,LYS104-DOR,2.6424977779388428
V106A,3,54.18994413407821,LYS104-DOR,3.9919886589050293
V106A,3,54.7486033519553,LYS104-DOR,3.759654998779297
V106A,3,55.307262569832396,LYS104-DOR,3.752534866333008
V106A,3,55.865921787709496,LYS104-DOR,4.458594799041748
V106A,3,56.42458100558659,LYS104-DOR,3.8411128520965576
V106A,3,56.98324022346368,LYS104-DOR,3.792283773422241
V106A,3,57.54189944134078,LYS104-DOR,3.493046760559082
V106A,3,58.100558659217874,LYS104-DOR,4.514240741729736
V106A,3,58.65921787709497,LYS104-DOR,4.6619768142700195
V106A,3,59.21787709497206,LYS104-DOR,4.014708995819092
V106A,3,59.77653631284916,LYS104-DOR,3.481588840484619
V106A,3,60.33519553072625,LYS104-DOR,3.8287014961242676
V106A,3,60.893854748603346,LYS104-DOR,3.762270450592041
V106A,3,61.452513966480446,LYS104-DOR,3.596229314804077
V106A,3,62.01117318435754,LYS104-DOR,3.011924982070923
V106A,3,62.56983240223463,LYS104-DOR,4.13653564453125
V106A,3,63.12849162011173,LYS104-DOR,4.281493663787842
V106A,3,63.687150837988824,LYS104-DOR,4.248760223388672
V106A,3,64.24581005586592,LYS104-DOR,3.359771728515625
V106A,3,64.80446927374301,LYS104-DOR,3.550711154937744
V106A,3,65.3631284916201,LYS104-DOR,3.597954750061035
V106A,3,65.92178770949721,LYS104-DOR,3.0558204650878906
V106A,3,66.4804469273743,LYS104-DOR,4.381583213806152
V106A,3,67.0391061452514,LYS104-DOR,3.8428447246551514
V106A,3,67.59776536312849,LYS104-DOR,4.4878716468811035
V106A,3,68.15642458100558,LYS104-DOR,3.8095154762268066
V106A,3,68.71508379888267,LYS104-DOR,4.098158836364746
V106A,3,69.27374301675977,LYS104-DOR,4.647439956665039
V106A,3,69.83240223463687,LYS104-DOR,3.889826536178589
V106A,3,70.39106145251397,LYS104-DOR,3.8263490200042725
V106A,3,70.94972067039106,LYS104-DOR,3.973851442337036
V106A,3,71.50837988826815,LYS104-DOR,4.828370571136475
V106A,3,72.06703910614524,LYS104-DOR,4.770208835601807
V106A,3,72.62569832402234,LYS104-DOR,4.980809211730957
V106A,3,73.18435754189943,LYS104-DOR,4.844412326812744
V106A,3,73.74301675977654,LYS104-DOR,4.030252933502197
V106A,3,74.30167597765363,LYS104-DOR,4.8299641609191895
V106A,3,74.86033519553072,LYS104-DOR,4.62843132019043
V106A,3,75.41899441340782,LYS104-DOR,4.47692346572876
V106A,3,75.97765363128491,LYS104-DOR,4.474974155426025
V106A,3,76.536312849162,LYS104-DOR,3.4840939044952393
V106A,3,77.0949720670391,LYS104-DOR,4.721381187438965
V106A,3,77.6536312849162,LYS104-DOR,4.611443519592285
V106A,3,78.2122905027933,LYS104-DOR,4.173835754394531
V106A,3,78.77094972067039,LYS104-DOR,4.469759941101074
V106A,3,79.32960893854748,LYS104-DOR,4.280774116516113
V106A,3,79.88826815642457,LYS104-DOR,3.651775360107422
V106A,3,80.44692737430167,LYS104-DOR,4.200788497924805
V106A,3,81.00558659217877,LYS104-DOR,5.035776615142822
V106A,3,81.56424581005587,LYS104-DOR,3.8945767879486084
V106A,3,82.12290502793296,LYS104-DOR,3.835200786590576
V106A,3,82.68156424581005,LYS104-DOR,3.904263734817505
V106A,3,83.24022346368714,LYS104-DOR,3.851647138595581
V106A,3,83.79888268156424,LYS104-DOR,4.248228073120117
V106A,3,84.35754189944133,LYS104-DOR,5.065502643585205
V106A,3,84.91620111731844,LYS104-DOR,4.298406600952148
V106A,3,85.47486033519553,LYS104-DOR,4.672145366668701
V106A,3,86.03351955307262,LYS104-DOR,4.293301582336426
V106A,3,86.59217877094972,LYS104-DOR,3.7774884700775146
V106A,3,87.15083798882681,LYS104-DOR,3.6445188522338867
V106A,3,87.7094972067039,LYS104-DOR,4.270240306854248
V106A,3,88.268156424581,LYS104-DOR,4.4945902824401855
V106A,3,88.8268156424581,LYS104-DOR,4.2939558029174805
V106A,3,89.3854748603352,LYS104-DOR,3.762669801712036
V106A,3,89.94413407821229,LYS104-DOR,4.441675186157227
V106A,3,90.50279329608938,LYS104-DOR,3.634216785430908
V106A,3,91.06145251396647,LYS104-DOR,4.01760196685791
V106A,3,91.62011173184356,LYS104-DOR,3.9945712089538574
V106A,3,92.17877094972066,LYS104-DOR,4.345578670501709
V106A,3,92.73743016759776,LYS104-DOR,3.868546485900879
V106A,3,93.29608938547486,LYS104-DOR,4.955057621002197
V106A,3,93.85474860335195,LYS104-DOR,4.730471611022949
V106A,3,94.41340782122904,LYS104-DOR,4.8412604331970215
V106A,3,94.97206703910614,LYS104-DOR,4.206747531890869
V106A,3,95.53072625698323,LYS104-DOR,4.105103492736816
V106A,3,96.08938547486034,LYS104-DOR,5.161219596862793
V106A,3,96.64804469273743,LYS104-DOR,3.6684153079986572
V106A,3,97.20670391061452,LYS104-DOR,4.039207458496094
V106A,3,97.76536312849161,LYS104-DOR,3.640073537826538
V106A,3,98.32402234636871,LYS104-DOR,4.1359429359436035
V106A,3,98.8826815642458,LYS104-DOR,5.021159648895264
V106A,3,99.4413407821229,LYS104-DOR,4.1949639320373535
V106A,3,100.0,LYS104-DOR,4.495284557342529
V106A+P225H,1,0.0,LYS104-DOR,4.145298004150391
V106A+P225H,1,0.2785515320334262,LYS104-DOR,3.7467362880706787
V106A+P225H,1,0.5571030640668524,LYS104-DOR,3.964056968688965
V106A+P225H,1,0.8356545961002786,LYS104-DOR,4.395025730133057
V106A+P225H,1,1.1142061281337048,LYS104-DOR,3.8314690589904785
V106A+P225H,1,1.392757660167131,LYS104-DOR,3.6391232013702393
V106A+P225H,1,1.6713091922005572,LYS104-DOR,3.4999582767486572
V106A+P225H,1,1.9498607242339834,LYS104-DOR,4.8179612159729
V106A+P225H,1,2.2284122562674096,LYS104-DOR,3.7339279651641846
V106A+P225H,1,2.506963788300836,LYS104-DOR,3.344144821166992
V106A+P225H,1,2.785515320334262,LYS104-DOR,3.456099033355713
V106A+P225H,1,3.064066852367688,LYS104-DOR,3.8801910877227783
V106A+P225H,1,3.3426183844011144,LYS104-DOR,3.8898797035217285
V106A+P225H,1,3.621169916434541,LYS104-DOR,4.522453308105469
V106A+P225H,1,3.8997214484679668,LYS104-DOR,4.678225994110107
V106A+P225H,1,4.178272980501393,LYS104-DOR,4.249937057495117
V106A+P225H,1,4.456824512534819,LYS104-DOR,3.5105342864990234
V106A+P225H,1,4.735376044568246,LYS104-DOR,4.384117603302002
V106A+P225H,1,5.013927576601672,LYS104-DOR,3.5673139095306396
V106A+P225H,1,5.2924791086350975,LYS104-DOR,3.711639642715454
V106A+P225H,1,5.571030640668524,LYS104-DOR,3.833632230758667
V106A+P225H,1,5.84958217270195,LYS104-DOR,3.596320390701294
V106A+P225H,1,6.128133704735376,LYS104-DOR,3.1757912635803223
V106A+P225H,1,6.406685236768802,LYS104-DOR,4.03229284286499
V106A+P225H,1,6.685236768802229,LYS104-DOR,3.127511978149414
V106A+P225H,1,6.963788300835655,LYS104-DOR,3.661952495574951
V106A+P225H,1,7.242339832869082,LYS104-DOR,3.770402669906616
V106A+P225H,1,7.520891364902507,LYS104-DOR,4.129900932312012
V106A+P225H,1,7.7994428969359335,LYS104-DOR,3.634381055831909
V106A+P225H,1,8.07799442896936,LYS104-DOR,3.217153549194336
V106A+P225H,1,8.356545961002785,LYS104-DOR,3.5061964988708496
V106A+P225H,1,8.635097493036213,LYS104-DOR,3.6077466011047363
V106A+P225H,1,8.913649025069638,LYS104-DOR,3.62499737739563
V106A+P225H,1,9.192200557103064,LYS104-DOR,3.957224130630493
V106A+P225H,1,9.470752089136491,LYS104-DOR,3.175034284591675
V106A+P225H,1,9.749303621169917,LYS104-DOR,3.4960131645202637
V106A+P225H,1,10.027855153203344,LYS104-DOR,3.544187545776367
V106A+P225H,1,10.30640668523677,LYS104-DOR,2.9248528480529785
V106A+P225H,1,10.584958217270195,LYS104-DOR,3.260786533355713
V106A+P225H,1,10.863509749303622,LYS104-DOR,3.3640975952148438
V106A+P225H,1,11.142061281337048,LYS104-DOR,3.1123719215393066
V106A+P225H,1,11.420612813370473,LYS104-DOR,3.360016107559204
V106A+P225H,1,11.6991643454039,LYS104-DOR,3.1034770011901855
V106A+P225H,1,11.977715877437326,LYS104-DOR,3.549140453338623
V106A+P225H,1,12.256267409470752,LYS104-DOR,3.026744842529297
V106A+P225H,1,12.534818941504179,LYS104-DOR,4.009997367858887
V106A+P225H,1,12.813370473537605,LYS104-DOR,3.490506649017334
V106A+P225H,1,13.091922005571032,LYS104-DOR,3.0509660243988037
V106A+P225H,1,13.370473537604457,LYS104-DOR,3.129868984222412
V106A+P225H,1,13.649025069637883,LYS104-DOR,3.5553348064422607
V106A+P225H,1,13.92757660167131,LYS104-DOR,3.362581253051758
V106A+P225H,1,14.206128133704736,LYS104-DOR,3.106131076812744
V106A+P225H,1,14.484679665738163,LYS104-DOR,3.602400064468384
V106A+P225H,1,14.763231197771589,LYS104-DOR,3.2012486457824707
V106A+P225H,1,15.041782729805014,LYS104-DOR,3.1058173179626465
V106A+P225H,1,15.320334261838441,LYS104-DOR,3.3094656467437744
V106A+P225H,1,15.598885793871867,LYS104-DOR,3.026123046875
V106A+P225H,1,15.877437325905293,LYS104-DOR,3.4720804691314697
V106A+P225H,1,16.15598885793872,LYS104-DOR,3.2978928089141846
V106A+P225H,1,16.434540389972145,LYS104-DOR,3.2264723777770996
V106A+P225H,1,16.71309192200557,LYS104-DOR,3.6608595848083496
V106A+P225H,1,16.991643454038996,LYS104-DOR,3.2314085960388184
V106A+P225H,1,17.270194986072426,LYS104-DOR,3.7125744819641113
V106A+P225H,1,17.54874651810585,LYS104-DOR,3.5663881301879883
V106A+P225H,1,17.827298050139277,LYS104-DOR,3.248624801635742
V106A+P225H,1,18.105849582172702,LYS104-DOR,3.7656962871551514
V106A+P225H,1,18.384401114206128,LYS104-DOR,3.250739574432373
V106A+P225H,1,18.662952646239557,LYS104-DOR,3.331536293029785
V106A+P225H,1,18.941504178272982,LYS104-DOR,3.5493805408477783
V106A+P225H,1,19.220055710306408,LYS104-DOR,3.7465474605560303
V106A+P225H,1,19.498607242339833,LYS104-DOR,3.191718816757202
V106A+P225H,1,19.77715877437326,LYS104-DOR,3.633371353149414
V106A+P225H,1,20.055710306406688,LYS104-DOR,4.055541038513184
V106A+P225H,1,20.334261838440113,LYS104-DOR,3.7981772422790527
V106A+P225H,1,20.61281337047354,LYS104-DOR,3.876040458679199
V106A+P225H,1,20.891364902506965,LYS104-DOR,3.476043224334717
V106A+P225H,1,21.16991643454039,LYS104-DOR,3.7603278160095215
V106A+P225H,1,21.448467966573816,LYS104-DOR,3.4313530921936035
V106A+P225H,1,21.727019498607245,LYS104-DOR,3.3038430213928223
V106A+P225H,1,22.00557103064067,LYS104-DOR,3.2040295600891113
V106A+P225H,1,22.284122562674096,LYS104-DOR,3.5206520557403564
V106A+P225H,1,22.56267409470752,LYS104-DOR,3.2971129417419434
V106A+P225H,1,22.841225626740947,LYS104-DOR,3.027811288833618
V106A+P225H,1,23.119777158774376,LYS104-DOR,3.156939744949341
V106A+P225H,1,23.3983286908078,LYS104-DOR,3.2304325103759766
V106A+P225H,1,23.676880222841227,LYS104-DOR,3.4899117946624756
V106A+P225H,1,23.955431754874652,LYS104-DOR,3.240936040878296
V106A+P225H,1,24.233983286908078,LYS104-DOR,3.683060646057129
V106A+P225H,1,24.512534818941504,LYS104-DOR,3.064692974090576
V106A+P225H,1,24.791086350974933,LYS104-DOR,3.7534618377685547
V106A+P225H,1,25.069637883008358,LYS104-DOR,3.593341112136841
V106A+P225H,1,25.348189415041784,LYS104-DOR,3.1726789474487305
V106A+P225H,1,25.62674094707521,LYS104-DOR,3.2903733253479004
V106A+P225H,1,25.905292479108635,LYS104-DOR,3.1786630153656006
V106A+P225H,1,26.183844011142064,LYS104-DOR,3.6152210235595703
V106A+P225H,1,26.46239554317549,LYS104-DOR,3.0929207801818848
V106A+P225H,1,26.740947075208915,LYS104-DOR,3.3011391162872314
V106A+P225H,1,27.01949860724234,LYS104-DOR,3.509155511856079
V106A+P225H,1,27.298050139275766,LYS104-DOR,3.551841974258423
V106A+P225H,1,27.576601671309195,LYS104-DOR,3.65269136428833
V106A+P225H,1,27.85515320334262,LYS104-DOR,2.8826022148132324
V106A+P225H,1,28.133704735376046,LYS104-DOR,3.4386096000671387
V106A+P225H,1,28.41225626740947,LYS104-DOR,3.487685203552246
V106A+P225H,1,28.690807799442897,LYS104-DOR,3.6511411666870117
V106A+P225H,1,28.969359331476326,LYS104-DOR,3.813211679458618
V106A+P225H,1,29.247910863509752,LYS104-DOR,3.7934656143188477
V106A+P225H,1,29.526462395543177,LYS104-DOR,3.445692300796509
V106A+P225H,1,29.805013927576603,LYS104-DOR,3.6066112518310547
V106A+P225H,1,30.08356545961003,LYS104-DOR,3.430698871612549
V106A+P225H,1,30.362116991643454,LYS104-DOR,3.125943899154663
V106A+P225H,1,30.640668523676883,LYS104-DOR,3.4163966178894043
V106A+P225H,1,30.91922005571031,LYS104-DOR,3.333066940307617
V106A+P225H,1,31.197771587743734,LYS104-DOR,2.9769082069396973
V106A+P225H,1,31.47632311977716,LYS104-DOR,3.0803868770599365
V106A+P225H,1,31.754874651810585,LYS104-DOR,3.9960837364196777
V106A+P225H,1,32.033426183844014,LYS104-DOR,3.76708984375
V106A+P225H,1,32.31197771587744,LYS104-DOR,3.286757230758667
V106A+P225H,1,32.590529247910865,LYS104-DOR,3.8419950008392334
V106A+P225H,1,32.86908077994429,LYS104-DOR,3.6445436477661133
V106A+P225H,1,33.147632311977716,LYS104-DOR,3.300940752029419
V106A+P225H,1,33.42618384401114,LYS104-DOR,3.2320175170898438
V106A+P225H,1,33.70473537604457,LYS104-DOR,3.7240681648254395
V106A+P225H,1,33.98328690807799,LYS104-DOR,4.06012487411499
V106A+P225H,1,34.261838440111426,LYS104-DOR,3.626138210296631
V106A+P225H,1,34.54038997214485,LYS104-DOR,3.1336448192596436
V106A+P225H,1,34.81894150417828,LYS104-DOR,3.4431381225585938
V106A+P225H,1,35.0974930362117,LYS104-DOR,3.4633877277374268
V106A+P225H,1,35.37604456824513,LYS104-DOR,3.496781826019287
V106A+P225H,1,35.65459610027855,LYS104-DOR,3.4444451332092285
V106A+P225H,1,35.93314763231198,LYS104-DOR,3.1960394382476807
V106A+P225H,1,36.211699164345404,LYS104-DOR,4.05556583404541
V106A+P225H,1,36.49025069637883,LYS104-DOR,3.5522830486297607
V106A+P225H,1,36.768802228412255,LYS104-DOR,3.572228193283081
V106A+P225H,1,37.04735376044568,LYS104-DOR,3.137474536895752
V106A+P225H,1,37.32590529247911,LYS104-DOR,3.7311577796936035
V106A+P225H,1,37.60445682451254,LYS104-DOR,4.270320892333984
V106A+P225H,1,37.883008356545965,LYS104-DOR,4.10233736038208
V106A+P225H,1,38.16155988857939,LYS104-DOR,4.064121246337891
V106A+P225H,1,38.440111420612816,LYS104-DOR,3.679431915283203
V106A+P225H,1,38.71866295264624,LYS104-DOR,3.164571523666382
V106A+P225H,1,38.99721448467967,LYS104-DOR,4.5729241371154785
V106A+P225H,1,39.27576601671309,LYS104-DOR,4.731624603271484
V106A+P225H,1,39.55431754874652,LYS104-DOR,4.750703811645508
V106A+P225H,1,39.83286908077994,LYS104-DOR,3.9769554138183594
V106A+P225H,1,40.111420612813376,LYS104-DOR,3.6010468006134033
V106A+P225H,1,40.3899721448468,LYS104-DOR,4.765918731689453
V106A+P225H,1,40.66852367688023,LYS104-DOR,4.482058048248291
V106A+P225H,1,40.94707520891365,LYS104-DOR,4.275784969329834
V106A+P225H,1,41.22562674094708,LYS104-DOR,4.288125514984131
V106A+P225H,1,41.5041782729805,LYS104-DOR,4.170518398284912
V106A+P225H,1,41.78272980501393,LYS104-DOR,3.301043748855591
V106A+P225H,1,42.061281337047355,LYS104-DOR,3.9389944076538086
V106A+P225H,1,42.33983286908078,LYS104-DOR,4.021535873413086
V106A+P225H,1,42.618384401114206,LYS104-DOR,3.207561492919922
V106A+P225H,1,42.89693593314763,LYS104-DOR,3.6749613285064697
V106A+P225H,1,43.175487465181064,LYS104-DOR,3.2606186866760254
V106A+P225H,1,43.45403899721449,LYS104-DOR,3.854841709136963
V106A+P225H,1,43.732590529247915,LYS104-DOR,3.973250389099121
V106A+P225H,1,44.01114206128134,LYS104-DOR,4.017736911773682
V106A+P225H,1,44.289693593314766,LYS104-DOR,4.6073317527771
V106A+P225H,1,44.56824512534819,LYS104-DOR,3.7292842864990234
V106A+P225H,1,44.84679665738162,LYS104-DOR,2.926957130432129
V106A+P225H,1,45.12534818941504,LYS104-DOR,3.4922428131103516
V106A+P225H,1,45.40389972144847,LYS104-DOR,4.252467632293701
V106A+P225H,1,45.682451253481894,LYS104-DOR,3.8572051525115967
V106A+P225H,1,45.96100278551532,LYS104-DOR,4.059048175811768
V106A+P225H,1,46.23955431754875,LYS104-DOR,4.061451435089111
V106A+P225H,1,46.51810584958218,LYS104-DOR,3.934359312057495
V106A+P225H,1,46.7966573816156,LYS104-DOR,4.082141876220703
V106A+P225H,1,47.07520891364903,LYS104-DOR,3.4740307331085205
V106A+P225H,1,47.353760445682454,LYS104-DOR,3.934828758239746
V106A+P225H,1,47.63231197771588,LYS104-DOR,3.306182384490967
V106A+P225H,1,47.910863509749305,LYS104-DOR,4.236575126647949
V106A+P225H,1,48.18941504178273,LYS104-DOR,3.637436866760254
V106A+P225H,1,48.467966573816156,LYS104-DOR,4.029580116271973
V106A+P225H,1,48.74651810584958,LYS104-DOR,3.383211851119995
V106A+P225H,1,49.02506963788301,LYS104-DOR,4.166519641876221
V106A+P225H,1,49.30362116991644,LYS104-DOR,3.455204963684082
V106A+P225H,1,49.582172701949865,LYS104-DOR,3.341987133026123
V106A+P225H,1,49.86072423398329,LYS104-DOR,3.795757532119751
V106A+P225H,1,50.139275766016716,LYS104-DOR,4.028672695159912
V106A+P225H,1,50.41782729805014,LYS104-DOR,3.9766998291015625
V106A+P225H,1,50.69637883008357,LYS104-DOR,4.306061744689941
V106A+P225H,1,50.97493036211699,LYS104-DOR,3.3224921226501465
V106A+P225H,1,51.25348189415042,LYS104-DOR,3.8379526138305664
V106A+P225H,1,51.532033426183844,LYS104-DOR,4.416795253753662
V106A+P225H,1,51.81058495821727,LYS104-DOR,3.0916037559509277
V106A+P225H,1,52.0891364902507,LYS104-DOR,3.4644792079925537
V106A+P225H,1,52.36768802228413,LYS104-DOR,3.44512939453125
V106A+P225H,1,52.64623955431755,LYS104-DOR,3.7986443042755127
V106A+P225H,1,52.92479108635098,LYS104-DOR,2.9576377868652344
V106A+P225H,1,53.203342618384404,LYS104-DOR,3.1003365516662598
V106A+P225H,1,53.48189415041783,LYS104-DOR,3.9175772666931152
V106A+P225H,1,53.760445682451255,LYS104-DOR,3.455821990966797
V106A+P225H,1,54.03899721448468,LYS104-DOR,3.7788619995117188
V106A+P225H,1,54.317548746518106,LYS104-DOR,3.5013527870178223
V106A+P225H,1,54.59610027855153,LYS104-DOR,3.6495234966278076
V106A+P225H,1,54.87465181058496,LYS104-DOR,3.362738609313965
V106A+P225H,1,55.15320334261839,LYS104-DOR,3.0147054195404053
V106A+P225H,1,55.431754874651816,LYS104-DOR,3.748662233352661
V106A+P225H,1,55.71030640668524,LYS104-DOR,3.1398348808288574
V106A+P225H,1,55.98885793871867,LYS104-DOR,4.193055152893066
V106A+P225H,1,56.26740947075209,LYS104-DOR,3.456465244293213
V106A+P225H,1,56.54596100278552,LYS104-DOR,3.658550977706909
V106A+P225H,1,56.82451253481894,LYS104-DOR,3.4362876415252686
V106A+P225H,1,57.10306406685237,LYS104-DOR,3.5403716564178467
V106A+P225H,1,57.381615598885794,LYS104-DOR,3.5784010887145996
V106A+P225H,1,57.66016713091922,LYS104-DOR,4.529568672180176
V106A+P225H,1,57.93871866295265,LYS104-DOR,3.0713090896606445
V106A+P225H,1,58.21727019498608,LYS104-DOR,3.914900064468384
V106A+P225H,1,58.495821727019504,LYS104-DOR,4.61530065536499
V106A+P225H,1,58.77437325905293,LYS104-DOR,2.9751439094543457
V106A+P225H,1,59.052924791086355,LYS104-DOR,3.8589696884155273
V106A+P225H,1,59.33147632311978,LYS104-DOR,3.563260793685913
V106A+P225H,1,59.610027855153206,LYS104-DOR,4.1331000328063965
V106A+P225H,1,59.88857938718663,LYS104-DOR,4.172092914581299
V106A+P225H,1,60.16713091922006,LYS104-DOR,3.428363800048828
V106A+P225H,1,60.44568245125348,LYS104-DOR,4.513511657714844
V106A+P225H,1,60.72423398328691,LYS104-DOR,4.3580241203308105
V106A+P225H,1,61.00278551532034,LYS104-DOR,3.721771717071533
V106A+P225H,1,61.281337047353766,LYS104-DOR,3.706230878829956
V106A+P225H,1,61.55988857938719,LYS104-DOR,4.149992942810059
V106A+P225H,1,61.83844011142062,LYS104-DOR,4.122433662414551
V106A+P225H,1,62.11699164345404,LYS104-DOR,3.607110023498535
V106A+P225H,1,62.39554317548747,LYS104-DOR,3.3014907836914062
V106A+P225H,1,62.674094707520894,LYS104-DOR,3.6868882179260254
V106A+P225H,1,62.95264623955432,LYS104-DOR,3.024501323699951
V106A+P225H,1,63.231197771587745,LYS104-DOR,3.4928536415100098
V106A+P225H,1,63.50974930362117,LYS104-DOR,3.295055627822876
V106A+P225H,1,63.788300835654596,LYS104-DOR,3.660735607147217
V106A+P225H,1,64.06685236768803,LYS104-DOR,3.761939764022827
V106A+P225H,1,64.34540389972145,LYS104-DOR,3.704495429992676
V106A+P225H,1,64.62395543175488,LYS104-DOR,3.763115167617798
V106A+P225H,1,64.9025069637883,LYS104-DOR,3.89680814743042
V106A+P225H,1,65.18105849582173,LYS104-DOR,3.0530383586883545
V106A+P225H,1,65.45961002785516,LYS104-DOR,3.3556766510009766
V106A+P225H,1,65.73816155988858,LYS104-DOR,3.402869462966919
V106A+P225H,1,66.01671309192201,LYS104-DOR,3.3943819999694824
V106A+P225H,1,66.29526462395543,LYS104-DOR,3.1433722972869873
V106A+P225H,1,66.57381615598887,LYS104-DOR,4.343472957611084
V106A+P225H,1,66.85236768802228,LYS104-DOR,3.228442430496216
V106A+P225H,1,67.13091922005572,LYS104-DOR,3.199759006500244
V106A+P225H,1,67.40947075208913,LYS104-DOR,3.9941213130950928
V106A+P225H,1,67.68802228412257,LYS104-DOR,4.174751281738281
V106A+P225H,1,67.96657381615599,LYS104-DOR,4.43129301071167
V106A+P225H,1,68.24512534818942,LYS104-DOR,4.851771354675293
V106A+P225H,1,68.52367688022285,LYS104-DOR,4.302725315093994
V106A+P225H,1,68.80222841225627,LYS104-DOR,3.6244752407073975
V106A+P225H,1,69.0807799442897,LYS104-DOR,3.5182201862335205
V106A+P225H,1,69.35933147632312,LYS104-DOR,3.765681028366089
V106A+P225H,1,69.63788300835655,LYS104-DOR,3.87111234664917
V106A+P225H,1,69.91643454038997,LYS104-DOR,3.1290297508239746
V106A+P225H,1,70.1949860724234,LYS104-DOR,4.226710319519043
V106A+P225H,1,70.47353760445682,LYS104-DOR,3.9409244060516357
V106A+P225H,1,70.75208913649026,LYS104-DOR,3.2400944232940674
V106A+P225H,1,71.03064066852367,LYS104-DOR,3.3126237392425537
V106A+P225H,1,71.3091922005571,LYS104-DOR,3.9420571327209473
V106A+P225H,1,71.58774373259054,LYS104-DOR,3.0159473419189453
V106A+P225H,1,71.86629526462396,LYS104-DOR,3.251615524291992
V106A+P225H,1,72.14484679665739,LYS104-DOR,3.890336751937866
V106A+P225H,1,72.42339832869081,LYS104-DOR,3.39228892326355
V106A+P225H,1,72.70194986072424,LYS104-DOR,3.0216562747955322
V106A+P225H,1,72.98050139275766,LYS104-DOR,3.1758413314819336
V106A+P225H,1,73.25905292479109,LYS104-DOR,3.1065080165863037
V106A+P225H,1,73.53760445682451,LYS104-DOR,3.1442909240722656
V106A+P225H,1,73.81615598885794,LYS104-DOR,3.34004282951355
V106A+P225H,1,74.09470752089136,LYS104-DOR,3.096543550491333
V106A+P225H,1,74.3732590529248,LYS104-DOR,4.141980171203613
V106A+P225H,1,74.65181058495823,LYS104-DOR,3.3437559604644775
V106A+P225H,1,74.93036211699165,LYS104-DOR,3.408730983734131
V106A+P225H,1,75.20891364902508,LYS104-DOR,3.274595260620117
V106A+P225H,1,75.4874651810585,LYS104-DOR,4.028802394866943
V106A+P225H,1,75.76601671309193,LYS104-DOR,3.253669500350952
V106A+P225H,1,76.04456824512535,LYS104-DOR,3.4160399436950684
V106A+P225H,1,76.32311977715878,LYS104-DOR,4.811555862426758
V106A+P225H,1,76.6016713091922,LYS104-DOR,4.064092636108398
V106A+P225H,1,76.88022284122563,LYS104-DOR,3.7107574939727783
V106A+P225H,1,77.15877437325905,LYS104-DOR,3.790729284286499
V106A+P225H,1,77.43732590529248,LYS104-DOR,3.768038272857666
V106A+P225H,1,77.71587743732591,LYS104-DOR,3.5879528522491455
V106A+P225H,1,77.99442896935933,LYS104-DOR,3.721236228942871
V106A+P225H,1,78.27298050139277,LYS104-DOR,2.9895594120025635
V106A+P225H,1,78.55153203342618,LYS104-DOR,4.356433391571045
V106A+P225H,1,78.83008356545962,LYS104-DOR,3.9054367542266846
V106A+P225H,1,79.10863509749304,LYS104-DOR,4.118973731994629
V106A+P225H,1,79.38718662952647,LYS104-DOR,3.313485622406006
V106A+P225H,1,79.66573816155989,LYS104-DOR,3.7693567276000977
V106A+P225H,1,79.94428969359332,LYS104-DOR,4.072280406951904
V106A+P225H,1,80.22284122562675,LYS104-DOR,3.610701322555542
V106A+P225H,1,80.50139275766017,LYS104-DOR,3.255019426345825
V106A+P225H,1,80.7799442896936,LYS104-DOR,3.2786500453948975
V106A+P225H,1,81.05849582172702,LYS104-DOR,3.4009933471679688
V106A+P225H,1,81.33704735376045,LYS104-DOR,3.5319738388061523
V106A+P225H,1,81.61559888579387,LYS104-DOR,3.6847851276397705
V106A+P225H,1,81.8941504178273,LYS104-DOR,4.27275276184082
V106A+P225H,1,82.17270194986072,LYS104-DOR,3.7474517822265625
V106A+P225H,1,82.45125348189416,LYS104-DOR,3.5355072021484375
V106A+P225H,1,82.72980501392757,LYS104-DOR,3.3444581031799316
V106A+P225H,1,83.008356545961,LYS104-DOR,3.5503387451171875
V106A+P225H,1,83.28690807799444,LYS104-DOR,4.171106815338135
V106A+P225H,1,83.56545961002786,LYS104-DOR,4.341840744018555
V106A+P225H,1,83.84401114206129,LYS104-DOR,3.5706865787506104
V106A+P225H,1,84.12256267409471,LYS104-DOR,3.568512201309204
V106A+P225H,1,84.40111420612814,LYS104-DOR,4.126250743865967
V106A+P225H,1,84.67966573816156,LYS104-DOR,3.9555063247680664
V106A+P225H,1,84.958217270195,LYS104-DOR,3.427328109741211
V106A+P225H,1,85.23676880222841,LYS104-DOR,3.7702929973602295
V106A+P225H,1,85.51532033426184,LYS104-DOR,3.8068463802337646
V106A+P225H,1,85.79387186629526,LYS104-DOR,3.841628074645996
V106A+P225H,1,86.0724233983287,LYS104-DOR,3.4897117614746094
V106A+P225H,1,86.35097493036213,LYS104-DOR,4.338615894317627
V106A+P225H,1,86.62952646239555,LYS104-DOR,3.699035167694092
V106A+P225H,1,86.90807799442898,LYS104-DOR,3.8972134590148926
V106A+P225H,1,87.1866295264624,LYS104-DOR,3.5697097778320312
V106A+P225H,1,87.46518105849583,LYS104-DOR,4.348040580749512
V106A+P225H,1,87.74373259052925,LYS104-DOR,3.97969126701355
V106A+P225H,1,88.02228412256268,LYS104-DOR,4.015092372894287
V106A+P225H,1,88.3008356545961,LYS104-DOR,3.0045220851898193
V106A+P225H,1,88.57938718662953,LYS104-DOR,3.429959297180176
V106A+P225H,1,88.85793871866295,LYS104-DOR,3.751981258392334
V106A+P225H,1,89.13649025069638,LYS104-DOR,3.481207847595215
V106A+P225H,1,89.41504178272982,LYS104-DOR,3.8228023052215576
V106A+P225H,1,89.69359331476323,LYS104-DOR,3.6051366329193115
V106A+P225H,1,89.97214484679667,LYS104-DOR,4.316169261932373
V106A+P225H,1,90.25069637883009,LYS104-DOR,4.013405799865723
V106A+P225H,1,90.52924791086352,LYS104-DOR,3.7546515464782715
V106A+P225H,1,90.80779944289694,LYS104-DOR,3.690840721130371
V106A+P225H,1,91.08635097493037,LYS104-DOR,3.1936960220336914
V106A+P225H,1,91.36490250696379,LYS104-DOR,3.7197911739349365
V106A+P225H,1,91.64345403899722,LYS104-DOR,4.026061058044434
V106A+P225H,1,91.92200557103064,LYS104-DOR,3.5272531509399414
V106A+P225H,1,92.20055710306407,LYS104-DOR,3.2929725646972656
V106A+P225H,1,92.4791086350975,LYS104-DOR,3.18709397315979
V106A+P225H,1,92.75766016713092,LYS104-DOR,3.081106662750244
V106A+P225H,1,93.03621169916435,LYS104-DOR,3.6069581508636475
V106A+P225H,1,93.31476323119777,LYS104-DOR,3.886072874069214
V106A+P225H,1,93.5933147632312,LYS104-DOR,4.182715892791748
V106A+P225H,1,93.87186629526462,LYS104-DOR,3.6809630393981934
V106A+P225H,1,94.15041782729806,LYS104-DOR,3.793168067932129
V106A+P225H,1,94.42896935933148,LYS104-DOR,3.0161616802215576
V106A+P225H,1,94.70752089136491,LYS104-DOR,3.950319290161133
V106A+P225H,1,94.98607242339833,LYS104-DOR,3.237314462661743
V106A+P225H,1,95.26462395543176,LYS104-DOR,3.097426652908325
V106A+P225H,1,95.54317548746519,LYS104-DOR,3.780616283416748
V106A+P225H,1,95.82172701949861,LYS104-DOR,3.2336087226867676
V106A+P225H,1,96.10027855153204,LYS104-DOR,3.2101898193359375
V106A+P225H,1,96.37883008356546,LYS104-DOR,3.102221965789795
V106A+P225H,1,96.6573816155989,LYS104-DOR,3.6001064777374268
V106A+P225H,1,96.93593314763231,LYS104-DOR,3.4615542888641357
V106A+P225H,1,97.21448467966574,LYS104-DOR,3.340277671813965
V106A+P225H,1,97.49303621169916,LYS104-DOR,3.2318475246429443
V106A+P225H,1,97.7715877437326,LYS104-DOR,3.210428237915039
V106A+P225H,1,98.05013927576601,LYS104-DOR,3.4802908897399902
V106A+P225H,1,98.32869080779945,LYS104-DOR,3.4352707862854004
V106A+P225H,1,98.60724233983288,LYS104-DOR,3.5195422172546387
V106A+P225H,1,98.8857938718663,LYS104-DOR,3.218773365020752
V106A+P225H,1,99.16434540389973,LYS104-DOR,3.629145622253418
V106A+P225H,1,99.44289693593315,LYS104-DOR,3.297511339187622
V106A+P225H,1,99.72144846796658,LYS104-DOR,3.5809853076934814
V106A+P225H,1,100.0,LYS104-DOR,3.5854859352111816
V106A+P225H,2,0.0,LYS104-DOR,5.0450663566589355
V106A+P225H,2,0.2785515320334262,LYS104-DOR,4.822742938995361
V106A+P225H,2,0.5571030640668524,LYS104-DOR,4.411276817321777
V106A+P225H,2,0.8356545961002786,LYS104-DOR,3.3716907501220703
V106A+P225H,2,1.1142061281337048,LYS104-DOR,4.723267078399658
V106A+P225H,2,1.392757660167131,LYS104-DOR,4.962615013122559
V106A+P225H,2,1.6713091922005572,LYS104-DOR,4.905538558959961
V106A+P225H,2,1.9498607242339834,LYS104-DOR,4.693095684051514
V106A+P225H,2,2.2284122562674096,LYS104-DOR,5.010790824890137
V106A+P225H,2,2.506963788300836,LYS104-DOR,5.147388458251953
V106A+P225H,2,2.785515320334262,LYS104-DOR,4.950827121734619
V106A+P225H,2,3.064066852367688,LYS104-DOR,4.270510196685791
V106A+P225H,2,3.3426183844011144,LYS104-DOR,4.6698503494262695
V106A+P225H,2,3.621169916434541,LYS104-DOR,4.652400493621826
V106A+P225H,2,3.8997214484679668,LYS104-DOR,4.4115447998046875
V106A+P225H,2,4.178272980501393,LYS104-DOR,3.9969542026519775
V106A+P225H,2,4.456824512534819,LYS104-DOR,3.830206871032715
V106A+P225H,2,4.735376044568246,LYS104-DOR,3.521852970123291
V106A+P225H,2,5.013927576601672,LYS104-DOR,3.0286824703216553
V106A+P225H,2,5.2924791086350975,LYS104-DOR,4.088630676269531
V106A+P225H,2,5.571030640668524,LYS104-DOR,3.8816490173339844
V106A+P225H,2,5.84958217270195,LYS104-DOR,3.128331184387207
V106A+P225H,2,6.128133704735376,LYS104-DOR,4.064881324768066
V106A+P225H,2,6.406685236768802,LYS104-DOR,4.257506847381592
V106A+P225H,2,6.685236768802229,LYS104-DOR,4.0509819984436035
V106A+P225H,2,6.963788300835655,LYS104-DOR,3.84433650970459
V106A+P225H,2,7.242339832869082,LYS104-DOR,4.065840721130371
V106A+P225H,2,7.520891364902507,LYS104-DOR,3.8421499729156494
V106A+P225H,2,7.7994428969359335,LYS104-DOR,4.0941362380981445
V106A+P225H,2,8.07799442896936,LYS104-DOR,3.791207790374756
V106A+P225H,2,8.356545961002785,LYS104-DOR,4.653101444244385
V106A+P225H,2,8.635097493036213,LYS104-DOR,3.3533148765563965
V106A+P225H,2,8.913649025069638,LYS104-DOR,3.7545764446258545
V106A+P225H,2,9.192200557103064,LYS104-DOR,3.8008382320404053
V106A+P225H,2,9.470752089136491,LYS104-DOR,2.932922840118408
V106A+P225H,2,9.749303621169917,LYS104-DOR,3.767859935760498
V106A+P225H,2,10.027855153203344,LYS104-DOR,4.476372718811035
V106A+P225H,2,10.30640668523677,LYS104-DOR,3.3031952381134033
V106A+P225H,2,10.584958217270195,LYS104-DOR,3.7757301330566406
V106A+P225H,2,10.863509749303622,LYS104-DOR,4.07744026184082
V106A+P225H,2,11.142061281337048,LYS104-DOR,3.467013359069824
V106A+P225H,2,11.420612813370473,LYS104-DOR,3.9913582801818848
V106A+P225H,2,11.6991643454039,LYS104-DOR,3.54830265045166
V106A+P225H,2,11.977715877437326,LYS104-DOR,3.582709789276123
V106A+P225H,2,12.256267409470752,LYS104-DOR,3.510226249694824
V106A+P225H,2,12.534818941504179,LYS104-DOR,3.621819496154785
V106A+P225H,2,12.813370473537605,LYS104-DOR,4.073521137237549
V106A+P225H,2,13.091922005571032,LYS104-DOR,3.427121639251709
V106A+P225H,2,13.370473537604457,LYS104-DOR,4.249958515167236
V106A+P225H,2,13.649025069637883,LYS104-DOR,4.534593105316162
V106A+P225H,2,13.92757660167131,LYS104-DOR,3.524763584136963
V106A+P225H,2,14.206128133704736,LYS104-DOR,4.322782039642334
V106A+P225H,2,14.484679665738163,LYS104-DOR,4.81580924987793
V106A+P225H,2,14.763231197771589,LYS104-DOR,3.8483164310455322
V106A+P225H,2,15.041782729805014,LYS104-DOR,4.568506717681885
V106A+P225H,2,15.320334261838441,LYS104-DOR,3.594188928604126
V106A+P225H,2,15.598885793871867,LYS104-DOR,3.8419885635375977
V106A+P225H,2,15.877437325905293,LYS104-DOR,3.576094627380371
V106A+P225H,2,16.15598885793872,LYS104-DOR,2.9893980026245117
V106A+P225H,2,16.434540389972145,LYS104-DOR,4.712904930114746
V106A+P225H,2,16.71309192200557,LYS104-DOR,4.802718162536621
V106A+P225H,2,16.991643454038996,LYS104-DOR,4.121165752410889
V106A+P225H,2,17.270194986072426,LYS104-DOR,4.0021071434021
V106A+P225H,2,17.54874651810585,LYS104-DOR,4.084506511688232
V106A+P225H,2,17.827298050139277,LYS104-DOR,3.9965786933898926
V106A+P225H,2,18.105849582172702,LYS104-DOR,4.603375434875488
V106A+P225H,2,18.384401114206128,LYS104-DOR,3.625983715057373
V106A+P225H,2,18.662952646239557,LYS104-DOR,4.0202131271362305
V106A+P225H,2,18.941504178272982,LYS104-DOR,4.119631767272949
V106A+P225H,2,19.220055710306408,LYS104-DOR,4.395761013031006
V106A+P225H,2,19.498607242339833,LYS104-DOR,4.031599521636963
V106A+P225H,2,19.77715877437326,LYS104-DOR,4.29238748550415
V106A+P225H,2,20.055710306406688,LYS104-DOR,3.5268213748931885
V106A+P225H,2,20.334261838440113,LYS104-DOR,4.312830448150635
V106A+P225H,2,20.61281337047354,LYS104-DOR,3.827828884124756
V106A+P225H,2,20.891364902506965,LYS104-DOR,3.8220348358154297
V106A+P225H,2,21.16991643454039,LYS104-DOR,3.5107192993164062
V106A+P225H,2,21.448467966573816,LYS104-DOR,3.7794148921966553
V106A+P225H,2,21.727019498607245,LYS104-DOR,3.652996778488159
V106A+P225H,2,22.00557103064067,LYS104-DOR,3.391767740249634
V106A+P225H,2,22.284122562674096,LYS104-DOR,3.9290904998779297
V106A+P225H,2,22.56267409470752,LYS104-DOR,3.3990609645843506
V106A+P225H,2,22.841225626740947,LYS104-DOR,4.099205017089844
V106A+P225H,2,23.119777158774376,LYS104-DOR,3.2160651683807373
V106A+P225H,2,23.3983286908078,LYS104-DOR,3.5490565299987793
V106A+P225H,2,23.676880222841227,LYS104-DOR,3.976297616958618
V106A+P225H,2,23.955431754874652,LYS104-DOR,3.8714382648468018
V106A+P225H,2,24.233983286908078,LYS104-DOR,3.8942532539367676
V106A+P225H,2,24.512534818941504,LYS104-DOR,4.232235431671143
V106A+P225H,2,24.791086350974933,LYS104-DOR,3.751051902770996
V106A+P225H,2,25.069637883008358,LYS104-DOR,3.3298707008361816
V106A+P225H,2,25.348189415041784,LYS104-DOR,3.5893445014953613
V106A+P225H,2,25.62674094707521,LYS104-DOR,3.4657084941864014
V106A+P225H,2,25.905292479108635,LYS104-DOR,3.903002977371216
V106A+P225H,2,26.183844011142064,LYS104-DOR,3.1206417083740234
V106A+P225H,2,26.46239554317549,LYS104-DOR,3.1420161724090576
V106A+P225H,2,26.740947075208915,LYS104-DOR,3.4641518592834473
V106A+P225H,2,27.01949860724234,LYS104-DOR,3.526137351989746
V106A+P225H,2,27.298050139275766,LYS104-DOR,3.5958681106567383
V106A+P225H,2,27.576601671309195,LYS104-DOR,3.9427361488342285
V106A+P225H,2,27.85515320334262,LYS104-DOR,2.8995141983032227
V106A+P225H,2,28.133704735376046,LYS104-DOR,3.724823236465454
V106A+P225H,2,28.41225626740947,LYS104-DOR,3.521151542663574
V106A+P225H,2,28.690807799442897,LYS104-DOR,3.419800281524658
V106A+P225H,2,28.969359331476326,LYS104-DOR,3.4420058727264404
V106A+P225H,2,29.247910863509752,LYS104-DOR,2.961702585220337
V106A+P225H,2,29.526462395543177,LYS104-DOR,3.1843483448028564
V106A+P225H,2,29.805013927576603,LYS104-DOR,3.839324474334717
V106A+P225H,2,30.08356545961003,LYS104-DOR,3.216658592224121
V106A+P225H,2,30.362116991643454,LYS104-DOR,3.837003469467163
V106A+P225H,2,30.640668523676883,LYS104-DOR,3.593376874923706
V106A+P225H,2,30.91922005571031,LYS104-DOR,3.0848214626312256
V106A+P225H,2,31.197771587743734,LYS104-DOR,3.7408077716827393
V106A+P225H,2,31.47632311977716,LYS104-DOR,3.9969029426574707
V106A+P225H,2,31.754874651810585,LYS104-DOR,3.485316753387451
V106A+P225H,2,32.033426183844014,LYS104-DOR,3.1027369499206543
V106A+P225H,2,32.31197771587744,LYS104-DOR,3.4543204307556152
V106A+P225H,2,32.590529247910865,LYS104-DOR,3.5355920791625977
V106A+P225H,2,32.86908077994429,LYS104-DOR,3.9883666038513184
V106A+P225H,2,33.147632311977716,LYS104-DOR,4.35252046585083
V106A+P225H,2,33.42618384401114,LYS104-DOR,3.9320623874664307
V106A+P225H,2,33.70473537604457,LYS104-DOR,3.5395026206970215
V106A+P225H,2,33.98328690807799,LYS104-DOR,3.644576072692871
V106A+P225H,2,34.261838440111426,LYS104-DOR,3.2700772285461426
V106A+P225H,2,34.54038997214485,LYS104-DOR,3.1651723384857178
V106A+P225H,2,34.81894150417828,LYS104-DOR,3.893390655517578
V106A+P225H,2,35.0974930362117,LYS104-DOR,3.2833666801452637
V106A+P225H,2,35.37604456824513,LYS104-DOR,4.106117248535156
V106A+P225H,2,35.65459610027855,LYS104-DOR,3.6898932456970215
V106A+P225H,2,35.93314763231198,LYS104-DOR,4.0897216796875
V106A+P225H,2,36.211699164345404,LYS104-DOR,3.269608974456787
V106A+P225H,2,36.49025069637883,LYS104-DOR,3.2502315044403076
V106A+P225H,2,36.768802228412255,LYS104-DOR,3.5536961555480957
V106A+P225H,2,37.04735376044568,LYS104-DOR,4.059803485870361
V106A+P225H,2,37.32590529247911,LYS104-DOR,3.1934690475463867
V106A+P225H,2,37.60445682451254,LYS104-DOR,3.214778423309326
V106A+P225H,2,37.883008356545965,LYS104-DOR,3.870372772216797
V106A+P225H,2,38.16155988857939,LYS104-DOR,3.563511610031128
V106A+P225H,2,38.440111420612816,LYS104-DOR,4.253931522369385
V106A+P225H,2,38.71866295264624,LYS104-DOR,3.8683295249938965
V106A+P225H,2,38.99721448467967,LYS104-DOR,3.2434487342834473
V106A+P225H,2,39.27576601671309,LYS104-DOR,3.703768014907837
V106A+P225H,2,39.55431754874652,LYS104-DOR,3.009488105773926
V106A+P225H,2,39.83286908077994,LYS104-DOR,3.9811062812805176
V106A+P225H,2,40.111420612813376,LYS104-DOR,3.551285743713379
V106A+P225H,2,40.3899721448468,LYS104-DOR,3.7382583618164062
V106A+P225H,2,40.66852367688023,LYS104-DOR,3.2918944358825684
V106A+P225H,2,40.94707520891365,LYS104-DOR,3.505812883377075
V106A+P225H,2,41.22562674094708,LYS104-DOR,3.8244006633758545
V106A+P225H,2,41.5041782729805,LYS104-DOR,3.091160297393799
V106A+P225H,2,41.78272980501393,LYS104-DOR,4.010209560394287
V106A+P225H,2,42.061281337047355,LYS104-DOR,3.1486268043518066
V106A+P225H,2,42.33983286908078,LYS104-DOR,3.3469607830047607
V106A+P225H,2,42.618384401114206,LYS104-DOR,3.204568862915039
V106A+P225H,2,42.89693593314763,LYS104-DOR,3.653079032897949
V106A+P225H,2,43.175487465181064,LYS104-DOR,3.228480577468872
V106A+P225H,2,43.45403899721449,LYS104-DOR,4.268715858459473
V106A+P225H,2,43.732590529247915,LYS104-DOR,3.7868289947509766
V106A+P225H,2,44.01114206128134,LYS104-DOR,4.317232608795166
V106A+P225H,2,44.289693593314766,LYS104-DOR,4.084957122802734
V106A+P225H,2,44.56824512534819,LYS104-DOR,4.158254146575928
V106A+P225H,2,44.84679665738162,LYS104-DOR,4.574008464813232
V106A+P225H,2,45.12534818941504,LYS104-DOR,3.8734450340270996
V106A+P225H,2,45.40389972144847,LYS104-DOR,3.4078502655029297
V106A+P225H,2,45.682451253481894,LYS104-DOR,4.435466289520264
V106A+P225H,2,45.96100278551532,LYS104-DOR,3.8871617317199707
V106A+P225H,2,46.23955431754875,LYS104-DOR,4.090143203735352
V106A+P225H,2,46.51810584958218,LYS104-DOR,3.7822318077087402
V106A+P225H,2,46.7966573816156,LYS104-DOR,4.175980567932129
V106A+P225H,2,47.07520891364903,LYS104-DOR,4.028439998626709
V106A+P225H,2,47.353760445682454,LYS104-DOR,4.168400764465332
V106A+P225H,2,47.63231197771588,LYS104-DOR,3.5847644805908203
V106A+P225H,2,47.910863509749305,LYS104-DOR,3.152379035949707
V106A+P225H,2,48.18941504178273,LYS104-DOR,4.08573055267334
V106A+P225H,2,48.467966573816156,LYS104-DOR,3.654287815093994
V106A+P225H,2,48.74651810584958,LYS104-DOR,3.8612942695617676
V106A+P225H,2,49.02506963788301,LYS104-DOR,4.042567729949951
V106A+P225H,2,49.30362116991644,LYS104-DOR,4.711930751800537
V106A+P225H,2,49.582172701949865,LYS104-DOR,4.134420394897461
V106A+P225H,2,49.86072423398329,LYS104-DOR,4.175900936126709
V106A+P225H,2,50.139275766016716,LYS104-DOR,3.8388025760650635
V106A+P225H,2,50.41782729805014,LYS104-DOR,4.635791301727295
V106A+P225H,2,50.69637883008357,LYS104-DOR,4.533436298370361
V106A+P225H,2,50.97493036211699,LYS104-DOR,4.905966758728027
V106A+P225H,2,51.25348189415042,LYS104-DOR,4.493590831756592
V106A+P225H,2,51.532033426183844,LYS104-DOR,4.407703876495361
V106A+P225H,2,51.81058495821727,LYS104-DOR,4.105310916900635
V106A+P225H,2,52.0891364902507,LYS104-DOR,4.887640953063965
V106A+P225H,2,52.36768802228413,LYS104-DOR,4.224135398864746
V106A+P225H,2,52.64623955431755,LYS104-DOR,4.321954250335693
V106A+P225H,2,52.92479108635098,LYS104-DOR,4.445942401885986
V106A+P225H,2,53.203342618384404,LYS104-DOR,3.943345785140991
V106A+P225H,2,53.48189415041783,LYS104-DOR,3.6318159103393555
V106A+P225H,2,53.760445682451255,LYS104-DOR,3.9064528942108154
V106A+P225H,2,54.03899721448468,LYS104-DOR,3.8110804557800293
V106A+P225H,2,54.317548746518106,LYS104-DOR,3.9313807487487793
V106A+P225H,2,54.59610027855153,LYS104-DOR,3.9137744903564453
V106A+P225H,2,54.87465181058496,LYS104-DOR,4.283376693725586
V106A+P225H,2,55.15320334261839,LYS104-DOR,3.4924745559692383
V106A+P225H,2,55.431754874651816,LYS104-DOR,3.276120662689209
V106A+P225H,2,55.71030640668524,LYS104-DOR,3.8131463527679443
V106A+P225H,2,55.98885793871867,LYS104-DOR,4.179452896118164
V106A+P225H,2,56.26740947075209,LYS104-DOR,3.3255884647369385
V106A+P225H,2,56.54596100278552,LYS104-DOR,3.655066728591919
V106A+P225H,2,56.82451253481894,LYS104-DOR,3.44138765335083
V106A+P225H,2,57.10306406685237,LYS104-DOR,2.8796701431274414
V106A+P225H,2,57.381615598885794,LYS104-DOR,3.772728443145752
V106A+P225H,2,57.66016713091922,LYS104-DOR,3.8812363147735596
V106A+P225H,2,57.93871866295265,LYS104-DOR,3.4494993686676025
V106A+P225H,2,58.21727019498608,LYS104-DOR,3.822842836380005
V106A+P225H,2,58.495821727019504,LYS104-DOR,3.0217552185058594
V106A+P225H,2,58.77437325905293,LYS104-DOR,3.189700126647949
V106A+P225H,2,59.052924791086355,LYS104-DOR,4.308921813964844
V106A+P225H,2,59.33147632311978,LYS104-DOR,3.10099720954895
V106A+P225H,2,59.610027855153206,LYS104-DOR,3.8239383697509766
V106A+P225H,2,59.88857938718663,LYS104-DOR,4.49042272567749
V106A+P225H,2,60.16713091922006,LYS104-DOR,4.322671890258789
V106A+P225H,2,60.44568245125348,LYS104-DOR,3.6811933517456055
V106A+P225H,2,60.72423398328691,LYS104-DOR,4.4943742752075195
V106A+P225H,2,61.00278551532034,LYS104-DOR,4.292618751525879
V106A+P225H,2,61.281337047353766,LYS104-DOR,3.7107605934143066
V106A+P225H,2,61.55988857938719,LYS104-DOR,3.1857075691223145
V106A+P225H,2,61.83844011142062,LYS104-DOR,2.983865737915039
V106A+P225H,2,62.11699164345404,LYS104-DOR,3.263068199157715
V106A+P225H,2,62.39554317548747,LYS104-DOR,3.0975914001464844
V106A+P225H,2,62.674094707520894,LYS104-DOR,3.270148992538452
V106A+P225H,2,62.95264623955432,LYS104-DOR,3.376262664794922
V106A+P225H,2,63.231197771587745,LYS104-DOR,5.005633354187012
V106A+P225H,2,63.50974930362117,LYS104-DOR,3.408076524734497
V106A+P225H,2,63.788300835654596,LYS104-DOR,4.040597915649414
V106A+P225H,2,64.06685236768803,LYS104-DOR,2.8400752544403076
V106A+P225H,2,64.34540389972145,LYS104-DOR,3.3348166942596436
V106A+P225H,2,64.62395543175488,LYS104-DOR,3.8633670806884766
V106A+P225H,2,64.9025069637883,LYS104-DOR,3.169497489929199
V106A+P225H,2,65.18105849582173,LYS104-DOR,3.3708808422088623
V106A+P225H,2,65.45961002785516,LYS104-DOR,2.7988121509552
V106A+P225H,2,65.73816155988858,LYS104-DOR,3.3844552040100098
V106A+P225H,2,66.01671309192201,LYS104-DOR,4.2272186279296875
V106A+P225H,2,66.29526462395543,LYS104-DOR,3.1379101276397705
V106A+P225H,2,66.57381615598887,LYS104-DOR,3.023355007171631
V106A+P225H,2,66.85236768802228,LYS104-DOR,3.7301125526428223
V106A+P225H,2,67.13091922005572,LYS104-DOR,3.855799436569214
V106A+P225H,2,67.40947075208913,LYS104-DOR,3.5380027294158936
V106A+P225H,2,67.68802228412257,LYS104-DOR,3.60376238822937
V106A+P225H,2,67.96657381615599,LYS104-DOR,3.4207236766815186
V106A+P225H,2,68.24512534818942,LYS104-DOR,3.9905810356140137
V106A+P225H,2,68.52367688022285,LYS104-DOR,3.027769088745117
V106A+P225H,2,68.80222841225627,LYS104-DOR,3.591209888458252
V106A+P225H,2,69.0807799442897,LYS104-DOR,3.424142360687256
V106A+P225H,2,69.35933147632312,LYS104-DOR,3.6335959434509277
V106A+P225H,2,69.63788300835655,LYS104-DOR,3.643162488937378
V106A+P225H,2,69.91643454038997,LYS104-DOR,3.340003252029419
V106A+P225H,2,70.1949860724234,LYS104-DOR,4.137110233306885
V106A+P225H,2,70.47353760445682,LYS104-DOR,3.5139176845550537
V106A+P225H,2,70.75208913649026,LYS104-DOR,3.3735461235046387
V106A+P225H,2,71.03064066852367,LYS104-DOR,3.4976565837860107
V106A+P225H,2,71.3091922005571,LYS104-DOR,3.4627037048339844
V106A+P225H,2,71.58774373259054,LYS104-DOR,2.918105363845825
V106A+P225H,2,71.86629526462396,LYS104-DOR,3.677665948867798
V106A+P225H,2,72.14484679665739,LYS104-DOR,3.813234567642212
V106A+P225H,2,72.42339832869081,LYS104-DOR,3.6823229789733887
V106A+P225H,2,72.70194986072424,LYS104-DOR,3.9068186283111572
V106A+P225H,2,72.98050139275766,LYS104-DOR,3.374061346054077
V106A+P225H,2,73.25905292479109,LYS104-DOR,3.624197006225586
V106A+P225H,2,73.53760445682451,LYS104-DOR,3.4744346141815186
V106A+P225H,2,73.81615598885794,LYS104-DOR,3.305344581604004
V106A+P225H,2,74.09470752089136,LYS104-DOR,3.191027879714966
V106A+P225H,2,74.3732590529248,LYS104-DOR,3.0840001106262207
V106A+P225H,2,74.65181058495823,LYS104-DOR,3.7669789791107178
V106A+P225H,2,74.93036211699165,LYS104-DOR,3.1100497245788574
V106A+P225H,2,75.20891364902508,LYS104-DOR,3.7837860584259033
V106A+P225H,2,75.4874651810585,LYS104-DOR,2.822575330734253
V106A+P225H,2,75.76601671309193,LYS104-DOR,4.065583229064941
V106A+P225H,2,76.04456824512535,LYS104-DOR,3.410475730895996
V106A+P225H,2,76.32311977715878,LYS104-DOR,3.5610499382019043
V106A+P225H,2,76.6016713091922,LYS104-DOR,2.9034411907196045
V106A+P225H,2,76.88022284122563,LYS104-DOR,3.245389461517334
V106A+P225H,2,77.15877437325905,LYS104-DOR,3.694080352783203
V106A+P225H,2,77.43732590529248,LYS104-DOR,4.066428184509277
V106A+P225H,2,77.71587743732591,LYS104-DOR,3.510530948638916
V106A+P225H,2,77.99442896935933,LYS104-DOR,3.1070361137390137
V106A+P225H,2,78.27298050139277,LYS104-DOR,3.7331748008728027
V106A+P225H,2,78.55153203342618,LYS104-DOR,3.4583187103271484
V106A+P225H,2,78.83008356545962,LYS104-DOR,3.003636598587036
V106A+P225H,2,79.10863509749304,LYS104-DOR,3.6626718044281006
V106A+P225H,2,79.38718662952647,LYS104-DOR,3.086885452270508
V106A+P225H,2,79.66573816155989,LYS104-DOR,3.1392931938171387
V106A+P225H,2,79.94428969359332,LYS104-DOR,3.0797433853149414
V106A+P225H,2,80.22284122562675,LYS104-DOR,3.9539194107055664
V106A+P225H,2,80.50139275766017,LYS104-DOR,3.409968852996826
V106A+P225H,2,80.7799442896936,LYS104-DOR,3.740082025527954
V106A+P225H,2,81.05849582172702,LYS104-DOR,3.792182445526123
V106A+P225H,2,81.33704735376045,LYS104-DOR,4.115601062774658
V106A+P225H,2,81.61559888579387,LYS104-DOR,3.628467559814453
V106A+P225H,2,81.8941504178273,LYS104-DOR,2.9248528480529785
V106A+P225H,2,82.17270194986072,LYS104-DOR,3.0244455337524414
V106A+P225H,2,82.45125348189416,LYS104-DOR,3.2183923721313477
V106A+P225H,2,82.72980501392757,LYS104-DOR,3.2470688819885254
V106A+P225H,2,83.008356545961,LYS104-DOR,3.152717351913452
V106A+P225H,2,83.28690807799444,LYS104-DOR,4.059176921844482
V106A+P225H,2,83.56545961002786,LYS104-DOR,3.2048537731170654
V106A+P225H,2,83.84401114206129,LYS104-DOR,3.2525739669799805
V106A+P225H,2,84.12256267409471,LYS104-DOR,3.5162928104400635
V106A+P225H,2,84.40111420612814,LYS104-DOR,3.639348030090332
V106A+P225H,2,84.67966573816156,LYS104-DOR,2.9330086708068848
V106A+P225H,2,84.958217270195,LYS104-DOR,3.2913331985473633
V106A+P225H,2,85.23676880222841,LYS104-DOR,3.2734217643737793
V106A+P225H,2,85.51532033426184,LYS104-DOR,2.941126585006714
V106A+P225H,2,85.79387186629526,LYS104-DOR,3.0687594413757324
V106A+P225H,2,86.0724233983287,LYS104-DOR,2.9948184490203857
V106A+P225H,2,86.35097493036213,LYS104-DOR,3.5551109313964844
V106A+P225H,2,86.62952646239555,LYS104-DOR,3.224860429763794
V106A+P225H,2,86.90807799442898,LYS104-DOR,2.9871532917022705
V106A+P225H,2,87.1866295264624,LYS104-DOR,3.725691318511963
V106A+P225H,2,87.46518105849583,LYS104-DOR,3.626631736755371
V106A+P225H,2,87.74373259052925,LYS104-DOR,3.711061954498291
V106A+P225H,2,88.02228412256268,LYS104-DOR,3.198803424835205
V106A+P225H,2,88.3008356545961,LYS104-DOR,3.7279767990112305
V106A+P225H,2,88.57938718662953,LYS104-DOR,3.1143548488616943
V106A+P225H,2,88.85793871866295,LYS104-DOR,3.159086227416992
V106A+P225H,2,89.13649025069638,LYS104-DOR,2.9624745845794678
V106A+P225H,2,89.41504178272982,LYS104-DOR,2.831592082977295
V106A+P225H,2,89.69359331476323,LYS104-DOR,4.262681484222412
V106A+P225H,2,89.97214484679667,LYS104-DOR,3.3273067474365234
V106A+P225H,2,90.25069637883009,LYS104-DOR,3.498384714126587
V106A+P225H,2,90.52924791086352,LYS104-DOR,3.40323805809021
V106A+P225H,2,90.80779944289694,LYS104-DOR,3.674405574798584
V106A+P225H,2,91.08635097493037,LYS104-DOR,4.181128978729248
V106A+P225H,2,91.36490250696379,LYS104-DOR,3.1571366786956787
V106A+P225H,2,91.64345403899722,LYS104-DOR,3.4641611576080322
V106A+P225H,2,91.92200557103064,LYS104-DOR,3.317927837371826
V106A+P225H,2,92.20055710306407,LYS104-DOR,3.6339974403381348
V106A+P225H,2,92.4791086350975,LYS104-DOR,2.724299907684326
V106A+P225H,2,92.75766016713092,LYS104-DOR,3.3079257011413574
V106A+P225H,2,93.03621169916435,LYS104-DOR,3.1895179748535156
V106A+P225H,2,93.31476323119777,LYS104-DOR,3.1452183723449707
V106A+P225H,2,93.5933147632312,LYS104-DOR,3.0385568141937256
V106A+P225H,2,93.87186629526462,LYS104-DOR,3.0982697010040283
V106A+P225H,2,94.15041782729806,LYS104-DOR,3.1172070503234863
V106A+P225H,2,94.42896935933148,LYS104-DOR,4.543848514556885
V106A+P225H,2,94.70752089136491,LYS104-DOR,3.067117214202881
V106A+P225H,2,94.98607242339833,LYS104-DOR,3.0416929721832275
V106A+P225H,2,95.26462395543176,LYS104-DOR,4.0908284187316895
V106A+P225H,2,95.54317548746519,LYS104-DOR,3.0209035873413086
V106A+P225H,2,95.82172701949861,LYS104-DOR,3.9902758598327637
V106A+P225H,2,96.10027855153204,LYS104-DOR,3.234532117843628
V106A+P225H,2,96.37883008356546,LYS104-DOR,3.230201244354248
V106A+P225H,2,96.6573816155989,LYS104-DOR,3.285146951675415
V106A+P225H,2,96.93593314763231,LYS104-DOR,3.2851357460021973
V106A+P225H,2,97.21448467966574,LYS104-DOR,3.851140022277832
V106A+P225H,2,97.49303621169916,LYS104-DOR,3.4815430641174316
V106A+P225H,2,97.7715877437326,LYS104-DOR,2.9978699684143066
V106A+P225H,2,98.05013927576601,LYS104-DOR,3.6601853370666504
V106A+P225H,2,98.32869080779945,LYS104-DOR,3.9874067306518555
V106A+P225H,2,98.60724233983288,LYS104-DOR,3.5586934089660645
V106A+P225H,2,98.8857938718663,LYS104-DOR,4.494978904724121
V106A+P225H,2,99.16434540389973,LYS104-DOR,4.982330799102783
V106A+P225H,2,99.44289693593315,LYS104-DOR,3.4992403984069824
V106A+P225H,2,99.72144846796658,LYS104-DOR,3.278571128845215
V106A+P225H,2,100.0,LYS104-DOR,4.261343955993652
V106A+P225H,3,0.0,LYS104-DOR,4.967205047607422
V106A+P225H,3,0.20491803278688525,LYS104-DOR,4.663668632507324
V106A+P225H,3,0.4098360655737705,LYS104-DOR,4.696663856506348
V106A+P225H,3,0.6147540983606558,LYS104-DOR,4.64530086517334
V106A+P225H,3,0.819672131147541,LYS104-DOR,3.3171639442443848
V106A+P225H,3,1.0245901639344264,LYS104-DOR,4.221385955810547
V106A+P225H,3,1.2295081967213115,LYS104-DOR,3.657357931137085
V106A+P225H,3,1.4344262295081966,LYS104-DOR,3.884040117263794
V106A+P225H,3,1.639344262295082,LYS104-DOR,4.720437049865723
V106A+P225H,3,1.8442622950819674,LYS104-DOR,4.257350921630859
V106A+P225H,3,2.0491803278688527,LYS104-DOR,4.119256019592285
V106A+P225H,3,2.2540983606557377,LYS104-DOR,3.7563369274139404
V106A+P225H,3,2.459016393442623,LYS104-DOR,3.7635555267333984
V106A+P225H,3,2.6639344262295084,LYS104-DOR,4.4868483543396
V106A+P225H,3,2.8688524590163933,LYS104-DOR,4.106861114501953
V106A+P225H,3,3.0737704918032787,LYS104-DOR,4.2274627685546875
V106A+P225H,3,3.278688524590164,LYS104-DOR,4.6816725730896
V106A+P225H,3,3.4836065573770494,LYS104-DOR,3.8403916358947754
V106A+P225H,3,3.6885245901639347,LYS104-DOR,3.7485904693603516
V106A+P225H,3,3.8934426229508197,LYS104-DOR,4.05998420715332
V106A+P225H,3,4.0983606557377055,LYS104-DOR,4.019927978515625
V106A+P225H,3,4.30327868852459,LYS104-DOR,3.5765562057495117
V106A+P225H,3,4.508196721311475,LYS104-DOR,4.269454479217529
V106A+P225H,3,4.713114754098361,LYS104-DOR,4.120732307434082
V106A+P225H,3,4.918032786885246,LYS104-DOR,3.1370840072631836
V106A+P225H,3,5.122950819672131,LYS104-DOR,4.371629238128662
V106A+P225H,3,5.327868852459017,LYS104-DOR,4.22907829284668
V106A+P225H,3,5.532786885245902,LYS104-DOR,3.0064537525177
V106A+P225H,3,5.737704918032787,LYS104-DOR,3.0096893310546875
V106A+P225H,3,5.942622950819672,LYS104-DOR,4.262974739074707
V106A+P225H,3,6.147540983606557,LYS104-DOR,3.3990976810455322
V106A+P225H,3,6.352459016393443,LYS104-DOR,3.811697483062744
V106A+P225H,3,6.557377049180328,LYS104-DOR,4.147299289703369
V106A+P225H,3,6.762295081967213,LYS104-DOR,3.3097708225250244
V106A+P225H,3,6.967213114754099,LYS104-DOR,3.6933631896972656
V106A+P225H,3,7.172131147540984,LYS104-DOR,3.8488450050354004
V106A+P225H,3,7.3770491803278695,LYS104-DOR,3.7555887699127197
V106A+P225H,3,7.581967213114754,LYS104-DOR,3.698367118835449
V106A+P225H,3,7.786885245901639,LYS104-DOR,3.4176337718963623
V106A+P225H,3,7.991803278688525,LYS104-DOR,4.613255977630615
V106A+P225H,3,8.196721311475411,LYS104-DOR,4.897233009338379
V106A+P225H,3,8.401639344262295,LYS104-DOR,3.996141195297241
V106A+P225H,3,8.60655737704918,LYS104-DOR,4.163365840911865
V106A+P225H,3,8.811475409836065,LYS104-DOR,4.323093891143799
V106A+P225H,3,9.01639344262295,LYS104-DOR,4.016980171203613
V106A+P225H,3,9.221311475409836,LYS104-DOR,3.274322748184204
V106A+P225H,3,9.426229508196721,LYS104-DOR,3.983733654022217
V106A+P225H,3,9.631147540983607,LYS104-DOR,3.902451992034912
V106A+P225H,3,9.836065573770492,LYS104-DOR,3.1174473762512207
V106A+P225H,3,10.040983606557377,LYS104-DOR,4.186993598937988
V106A+P225H,3,10.245901639344263,LYS104-DOR,4.256662845611572
V106A+P225H,3,10.450819672131148,LYS104-DOR,3.6069445610046387
V106A+P225H,3,10.655737704918034,LYS104-DOR,3.7830092906951904
V106A+P225H,3,10.860655737704919,LYS104-DOR,4.357612609863281
V106A+P225H,3,11.065573770491804,LYS104-DOR,4.0298357009887695
V106A+P225H,3,11.27049180327869,LYS104-DOR,3.40775990486145
V106A+P225H,3,11.475409836065573,LYS104-DOR,3.783576488494873
V106A+P225H,3,11.680327868852459,LYS104-DOR,3.9257025718688965
V106A+P225H,3,11.885245901639344,LYS104-DOR,3.7050728797912598
V106A+P225H,3,12.09016393442623,LYS104-DOR,3.9983274936676025
V106A+P225H,3,12.295081967213115,LYS104-DOR,4.018924236297607
V106A+P225H,3,12.5,LYS104-DOR,3.8998899459838867
V106A+P225H,3,12.704918032786885,LYS104-DOR,3.7985358238220215
V106A+P225H,3,12.90983606557377,LYS104-DOR,4.050775527954102
V106A+P225H,3,13.114754098360656,LYS104-DOR,4.23577356338501
V106A+P225H,3,13.319672131147541,LYS104-DOR,4.589906215667725
V106A+P225H,3,13.524590163934427,LYS104-DOR,4.805018901824951
V106A+P225H,3,13.729508196721312,LYS104-DOR,3.8189241886138916
V106A+P225H,3,13.934426229508198,LYS104-DOR,4.32681941986084
V106A+P225H,3,14.139344262295083,LYS104-DOR,4.64989709854126
V106A+P225H,3,14.344262295081968,LYS104-DOR,4.159458160400391
V106A+P225H,3,14.549180327868854,LYS104-DOR,3.2225382328033447
V106A+P225H,3,14.754098360655739,LYS104-DOR,4.704418182373047
V106A+P225H,3,14.959016393442623,LYS104-DOR,4.4470367431640625
V106A+P225H,3,15.163934426229508,LYS104-DOR,4.111044406890869
V106A+P225H,3,15.368852459016393,LYS104-DOR,4.608039379119873
V106A+P225H,3,15.573770491803279,LYS104-DOR,3.6023056507110596
V106A+P225H,3,15.778688524590164,LYS104-DOR,3.2193102836608887
V106A+P225H,3,15.98360655737705,LYS104-DOR,4.412674903869629
V106A+P225H,3,16.188524590163937,LYS104-DOR,3.2957003116607666
V106A+P225H,3,16.393442622950822,LYS104-DOR,3.870311737060547
V106A+P225H,3,16.598360655737704,LYS104-DOR,4.0178704261779785
V106A+P225H,3,16.80327868852459,LYS104-DOR,3.881162643432617
V106A+P225H,3,17.008196721311474,LYS104-DOR,3.551950454711914
V106A+P225H,3,17.21311475409836,LYS104-DOR,3.97827410697937
V106A+P225H,3,17.418032786885245,LYS104-DOR,3.8520030975341797
V106A+P225H,3,17.62295081967213,LYS104-DOR,4.090823173522949
V106A+P225H,3,17.827868852459016,LYS104-DOR,3.6166574954986572
V106A+P225H,3,18.0327868852459,LYS104-DOR,4.537063121795654
V106A+P225H,3,18.237704918032787,LYS104-DOR,3.7584068775177
V106A+P225H,3,18.442622950819672,LYS104-DOR,4.147348880767822
V106A+P225H,3,18.647540983606557,LYS104-DOR,4.7794013023376465
V106A+P225H,3,18.852459016393443,LYS104-DOR,4.6842474937438965
V106A+P225H,3,19.057377049180328,LYS104-DOR,3.3177876472473145
V106A+P225H,3,19.262295081967213,LYS104-DOR,4.565645217895508
V106A+P225H,3,19.4672131147541,LYS104-DOR,4.672248363494873
V106A+P225H,3,19.672131147540984,LYS104-DOR,4.5030317306518555
V106A+P225H,3,19.87704918032787,LYS104-DOR,4.602949142456055
V106A+P225H,3,20.081967213114755,LYS104-DOR,3.8926734924316406
V106A+P225H,3,20.28688524590164,LYS104-DOR,4.5882248878479
V106A+P225H,3,20.491803278688526,LYS104-DOR,4.519057750701904
V106A+P225H,3,20.69672131147541,LYS104-DOR,3.6970221996307373
V106A+P225H,3,20.901639344262296,LYS104-DOR,3.347382068634033
V106A+P225H,3,21.10655737704918,LYS104-DOR,4.1857805252075195
V106A+P225H,3,21.311475409836067,LYS104-DOR,4.883037567138672
V106A+P225H,3,21.516393442622952,LYS104-DOR,4.025125980377197
V106A+P225H,3,21.721311475409838,LYS104-DOR,4.6033935546875
V106A+P225H,3,21.926229508196723,LYS104-DOR,4.596335411071777
V106A+P225H,3,22.13114754098361,LYS104-DOR,4.028713226318359
V106A+P225H,3,22.336065573770494,LYS104-DOR,3.758580207824707
V106A+P225H,3,22.54098360655738,LYS104-DOR,4.127699851989746
V106A+P225H,3,22.745901639344265,LYS104-DOR,4.771002292633057
V106A+P225H,3,22.950819672131146,LYS104-DOR,3.9086833000183105
V106A+P225H,3,23.15573770491803,LYS104-DOR,4.258267402648926
V106A+P225H,3,23.360655737704917,LYS104-DOR,3.618138074874878
V106A+P225H,3,23.565573770491802,LYS104-DOR,3.762371778488159
V106A+P225H,3,23.770491803278688,LYS104-DOR,3.914201021194458
V106A+P225H,3,23.975409836065573,LYS104-DOR,4.484713077545166
V106A+P225H,3,24.18032786885246,LYS104-DOR,4.101349830627441
V106A+P225H,3,24.385245901639344,LYS104-DOR,3.5375096797943115
V106A+P225H,3,24.59016393442623,LYS104-DOR,4.331002712249756
V106A+P225H,3,24.795081967213115,LYS104-DOR,3.5211288928985596
V106A+P225H,3,25.0,LYS104-DOR,4.087813377380371
V106A+P225H,3,25.204918032786885,LYS104-DOR,4.419605255126953
V106A+P225H,3,25.40983606557377,LYS104-DOR,4.571567535400391
V106A+P225H,3,25.614754098360656,LYS104-DOR,4.794131755828857
V106A+P225H,3,25.81967213114754,LYS104-DOR,5.113030433654785
V106A+P225H,3,26.024590163934427,LYS104-DOR,4.453293800354004
V106A+P225H,3,26.229508196721312,LYS104-DOR,5.17851448059082
V106A+P225H,3,26.434426229508198,LYS104-DOR,4.998586177825928
V106A+P225H,3,26.639344262295083,LYS104-DOR,5.042156219482422
V106A+P225H,3,26.84426229508197,LYS104-DOR,5.265961647033691
V106A+P225H,3,27.049180327868854,LYS104-DOR,3.634288787841797
V106A+P225H,3,27.25409836065574,LYS104-DOR,4.767922878265381
V106A+P225H,3,27.459016393442624,LYS104-DOR,3.49446439743042
V106A+P225H,3,27.66393442622951,LYS104-DOR,4.918074131011963
V106A+P225H,3,27.868852459016395,LYS104-DOR,4.579158306121826
V106A+P225H,3,28.07377049180328,LYS104-DOR,4.423676490783691
V106A+P225H,3,28.278688524590166,LYS104-DOR,4.422602653503418
V106A+P225H,3,28.48360655737705,LYS104-DOR,5.007919788360596
V106A+P225H,3,28.688524590163937,LYS104-DOR,4.374945640563965
V106A+P225H,3,28.893442622950822,LYS104-DOR,4.098088264465332
V106A+P225H,3,29.098360655737707,LYS104-DOR,3.8561010360717773
V106A+P225H,3,29.303278688524593,LYS104-DOR,3.5600600242614746
V106A+P225H,3,29.508196721311478,LYS104-DOR,4.043848991394043
V106A+P225H,3,29.71311475409836,LYS104-DOR,4.078447341918945
V106A+P225H,3,29.918032786885245,LYS104-DOR,4.3646135330200195
V106A+P225H,3,30.12295081967213,LYS104-DOR,4.437371253967285
V106A+P225H,3,30.327868852459016,LYS104-DOR,4.043204307556152
V106A+P225H,3,30.5327868852459,LYS104-DOR,4.20139741897583
V106A+P225H,3,30.737704918032787,LYS104-DOR,3.837188243865967
V106A+P225H,3,30.942622950819672,LYS104-DOR,4.56861686706543
V106A+P225H,3,31.147540983606557,LYS104-DOR,4.951406002044678
V106A+P225H,3,31.352459016393443,LYS104-DOR,4.41055965423584
V106A+P225H,3,31.557377049180328,LYS104-DOR,4.7658233642578125
V106A+P225H,3,31.762295081967213,LYS104-DOR,4.038687229156494
V106A+P225H,3,31.9672131147541,LYS104-DOR,4.199087142944336
V106A+P225H,3,32.17213114754099,LYS104-DOR,4.156799793243408
V106A+P225H,3,32.37704918032787,LYS104-DOR,4.928914546966553
V106A+P225H,3,32.58196721311476,LYS104-DOR,4.1556243896484375
V106A+P225H,3,32.786885245901644,LYS104-DOR,4.690484046936035
V106A+P225H,3,32.99180327868852,LYS104-DOR,4.704153060913086
V106A+P225H,3,33.19672131147541,LYS104-DOR,3.2372941970825195
V106A+P225H,3,33.40163934426229,LYS104-DOR,4.614036560058594
V106A+P225H,3,33.60655737704918,LYS104-DOR,4.081690311431885
V106A+P225H,3,33.81147540983606,LYS104-DOR,3.0363364219665527
V106A+P225H,3,34.01639344262295,LYS104-DOR,4.334364891052246
V106A+P225H,3,34.221311475409834,LYS104-DOR,4.331386566162109
V106A+P225H,3,34.42622950819672,LYS104-DOR,3.8236749172210693
V106A+P225H,3,34.631147540983605,LYS104-DOR,5.085661888122559
V106A+P225H,3,34.83606557377049,LYS104-DOR,3.9982316493988037
V106A+P225H,3,35.040983606557376,LYS104-DOR,4.057898044586182
V106A+P225H,3,35.24590163934426,LYS104-DOR,3.886989116668701
V106A+P225H,3,35.450819672131146,LYS104-DOR,3.6076650619506836
V106A+P225H,3,35.65573770491803,LYS104-DOR,3.4603450298309326
V106A+P225H,3,35.86065573770492,LYS104-DOR,4.7865824699401855
V106A+P225H,3,36.0655737704918,LYS104-DOR,4.598892688751221
V106A+P225H,3,36.27049180327869,LYS104-DOR,4.917816638946533
V106A+P225H,3,36.47540983606557,LYS104-DOR,4.920690536499023
V106A+P225H,3,36.68032786885246,LYS104-DOR,5.023431301116943
V106A+P225H,3,36.885245901639344,LYS104-DOR,4.456302165985107
V106A+P225H,3,37.09016393442623,LYS104-DOR,5.346602916717529
V106A+P225H,3,37.295081967213115,LYS104-DOR,4.720350742340088
V106A+P225H,3,37.5,LYS104-DOR,4.813920974731445
V106A+P225H,3,37.704918032786885,LYS104-DOR,4.60601282119751
V106A+P225H,3,37.90983606557377,LYS104-DOR,4.580937385559082
V106A+P225H,3,38.114754098360656,LYS104-DOR,3.500073194503784
V106A+P225H,3,38.31967213114754,LYS104-DOR,3.848167896270752
V106A+P225H,3,38.52459016393443,LYS104-DOR,3.7653234004974365
V106A+P225H,3,38.72950819672131,LYS104-DOR,3.213705539703369
V106A+P225H,3,38.9344262295082,LYS104-DOR,4.0522990226745605
V106A+P225H,3,39.13934426229508,LYS104-DOR,4.643588542938232
V106A+P225H,3,39.34426229508197,LYS104-DOR,4.795288562774658
V106A+P225H,3,39.549180327868854,LYS104-DOR,4.441376686096191
V106A+P225H,3,39.75409836065574,LYS104-DOR,4.375393390655518
V106A+P225H,3,39.959016393442624,LYS104-DOR,4.214856147766113
V106A+P225H,3,40.16393442622951,LYS104-DOR,4.724281311035156
V106A+P225H,3,40.368852459016395,LYS104-DOR,5.050992965698242
V106A+P225H,3,40.57377049180328,LYS104-DOR,4.759032726287842
V106A+P225H,3,40.778688524590166,LYS104-DOR,4.769776344299316
V106A+P225H,3,40.98360655737705,LYS104-DOR,4.8210296630859375
V106A+P225H,3,41.18852459016394,LYS104-DOR,4.189467906951904
V106A+P225H,3,41.39344262295082,LYS104-DOR,4.90770959854126
V106A+P225H,3,41.59836065573771,LYS104-DOR,4.84675931930542
V106A+P225H,3,41.80327868852459,LYS104-DOR,4.776923179626465
V106A+P225H,3,42.00819672131148,LYS104-DOR,4.508052349090576
V106A+P225H,3,42.21311475409836,LYS104-DOR,4.941718101501465
V106A+P225H,3,42.41803278688525,LYS104-DOR,4.404526233673096
V106A+P225H,3,42.622950819672134,LYS104-DOR,4.683914661407471
V106A+P225H,3,42.82786885245902,LYS104-DOR,4.917450904846191
V106A+P225H,3,43.032786885245905,LYS104-DOR,4.569759845733643
V106A+P225H,3,43.23770491803279,LYS104-DOR,4.498520374298096
V106A+P225H,3,43.442622950819676,LYS104-DOR,4.211410999298096
V106A+P225H,3,43.64754098360656,LYS104-DOR,4.637444019317627
V106A+P225H,3,43.852459016393446,LYS104-DOR,3.9921295642852783
V106A+P225H,3,44.05737704918033,LYS104-DOR,4.608338356018066
V106A+P225H,3,44.26229508196722,LYS104-DOR,4.435204029083252
V106A+P225H,3,44.4672131147541,LYS104-DOR,3.931222438812256
V106A+P225H,3,44.67213114754099,LYS104-DOR,4.978786468505859
V106A+P225H,3,44.87704918032787,LYS104-DOR,4.992547035217285
V106A+P225H,3,45.08196721311476,LYS104-DOR,3.908181667327881
V106A+P225H,3,45.286885245901644,LYS104-DOR,3.5938451290130615
V106A+P225H,3,45.49180327868853,LYS104-DOR,4.424738883972168
V106A+P225H,3,45.696721311475414,LYS104-DOR,4.634345531463623
V106A+P225H,3,45.90163934426229,LYS104-DOR,4.729018688201904
V106A+P225H,3,46.10655737704918,LYS104-DOR,4.844665050506592
V106A+P225H,3,46.31147540983606,LYS104-DOR,4.678548336029053
V106A+P225H,3,46.51639344262295,LYS104-DOR,4.541782855987549
V106A+P225H,3,46.721311475409834,LYS104-DOR,4.498260498046875
V106A+P225H,3,46.92622950819672,LYS104-DOR,4.83710241317749
V106A+P225H,3,47.131147540983605,LYS104-DOR,4.742111682891846
V106A+P225H,3,47.33606557377049,LYS104-DOR,4.215512752532959
V106A+P225H,3,47.540983606557376,LYS104-DOR,4.073520183563232
V106A+P225H,3,47.74590163934426,LYS104-DOR,4.302069187164307
V106A+P225H,3,47.950819672131146,LYS104-DOR,5.001420974731445
V106A+P225H,3,48.15573770491803,LYS104-DOR,3.943512439727783
V106A+P225H,3,48.36065573770492,LYS104-DOR,4.222123146057129
V106A+P225H,3,48.5655737704918,LYS104-DOR,3.4836344718933105
V106A+P225H,3,48.77049180327869,LYS104-DOR,4.086922645568848
V106A+P225H,3,48.97540983606557,LYS104-DOR,3.6197762489318848
V106A+P225H,3,49.18032786885246,LYS104-DOR,4.058116436004639
V106A+P225H,3,49.385245901639344,LYS104-DOR,4.157498359680176
V106A+P225H,3,49.59016393442623,LYS104-DOR,3.8995251655578613
V106A+P225H,3,49.795081967213115,LYS104-DOR,3.7577078342437744
V106A+P225H,3,50.0,LYS104-DOR,3.7122464179992676
V106A+P225H,3,50.204918032786885,LYS104-DOR,4.10317325592041
V106A+P225H,3,50.40983606557377,LYS104-DOR,4.21814489364624
V106A+P225H,3,50.614754098360656,LYS104-DOR,3.7429862022399902
V106A+P225H,3,50.81967213114754,LYS104-DOR,3.7707667350769043
V106A+P225H,3,51.02459016393443,LYS104-DOR,3.3418288230895996
V106A+P225H,3,51.22950819672131,LYS104-DOR,3.656620979309082
V106A+P225H,3,51.4344262295082,LYS104-DOR,3.6483371257781982
V106A+P225H,3,51.63934426229508,LYS104-DOR,4.483643531799316
V106A+P225H,3,51.84426229508197,LYS104-DOR,3.7924435138702393
V106A+P225H,3,52.049180327868854,LYS104-DOR,4.221370697021484
V106A+P225H,3,52.25409836065574,LYS104-DOR,3.5776309967041016
V106A+P225H,3,52.459016393442624,LYS104-DOR,3.7644708156585693
V106A+P225H,3,52.66393442622951,LYS104-DOR,4.433870792388916
V106A+P225H,3,52.868852459016395,LYS104-DOR,3.7244300842285156
V106A+P225H,3,53.07377049180328,LYS104-DOR,4.170178413391113
V106A+P225H,3,53.278688524590166,LYS104-DOR,3.59153151512146
V106A+P225H,3,53.48360655737705,LYS104-DOR,3.8470852375030518
V106A+P225H,3,53.68852459016394,LYS104-DOR,3.378845691680908
V106A+P225H,3,53.89344262295082,LYS104-DOR,3.9942076206207275
V106A+P225H,3,54.09836065573771,LYS104-DOR,4.226987838745117
V106A+P225H,3,54.30327868852459,LYS104-DOR,3.975961446762085
V106A+P225H,3,54.50819672131148,LYS104-DOR,3.294658899307251
V106A+P225H,3,54.71311475409836,LYS104-DOR,3.5539965629577637
V106A+P225H,3,54.91803278688525,LYS104-DOR,3.3890724182128906
V106A+P225H,3,55.122950819672134,LYS104-DOR,4.30413293838501
V106A+P225H,3,55.32786885245902,LYS104-DOR,4.082889080047607
V106A+P225H,3,55.532786885245905,LYS104-DOR,3.4054434299468994
V106A+P225H,3,55.73770491803279,LYS104-DOR,3.4716601371765137
V106A+P225H,3,55.942622950819676,LYS104-DOR,3.068699836730957
V106A+P225H,3,56.14754098360656,LYS104-DOR,3.544640064239502
V106A+P225H,3,56.352459016393446,LYS104-DOR,3.565993070602417
V106A+P225H,3,56.55737704918033,LYS104-DOR,4.638340950012207
V106A+P225H,3,56.76229508196722,LYS104-DOR,3.908579111099243
V106A+P225H,3,56.9672131147541,LYS104-DOR,4.071931838989258
V106A+P225H,3,57.17213114754099,LYS104-DOR,4.702250003814697
V106A+P225H,3,57.37704918032787,LYS104-DOR,4.448585510253906
V106A+P225H,3,57.58196721311476,LYS104-DOR,3.4757261276245117
V106A+P225H,3,57.786885245901644,LYS104-DOR,3.774782180786133
V106A+P225H,3,57.99180327868853,LYS104-DOR,4.235725402832031
V106A+P225H,3,58.196721311475414,LYS104-DOR,4.007958889007568
V106A+P225H,3,58.4016393442623,LYS104-DOR,4.6624650955200195
V106A+P225H,3,58.606557377049185,LYS104-DOR,4.846127986907959
V106A+P225H,3,58.81147540983607,LYS104-DOR,4.573627948760986
V106A+P225H,3,59.016393442622956,LYS104-DOR,4.411491394042969
V106A+P225H,3,59.221311475409834,LYS104-DOR,4.582111358642578
V106A+P225H,3,59.42622950819672,LYS104-DOR,3.5299410820007324
V106A+P225H,3,59.631147540983605,LYS104-DOR,4.625782012939453
V106A+P225H,3,59.83606557377049,LYS104-DOR,4.05519437789917
V106A+P225H,3,60.040983606557376,LYS104-DOR,3.5840234756469727
V106A+P225H,3,60.24590163934426,LYS104-DOR,3.7174715995788574
V106A+P225H,3,60.450819672131146,LYS104-DOR,3.080310583114624
V106A+P225H,3,60.65573770491803,LYS104-DOR,4.171968460083008
V106A+P225H,3,60.86065573770492,LYS104-DOR,3.7342751026153564
V106A+P225H,3,61.0655737704918,LYS104-DOR,3.7163820266723633
V106A+P225H,3,61.27049180327869,LYS104-DOR,4.530577659606934
V106A+P225H,3,61.47540983606557,LYS104-DOR,4.107656478881836
V106A+P225H,3,61.68032786885246,LYS104-DOR,3.454908847808838
V106A+P225H,3,61.885245901639344,LYS104-DOR,4.203042984008789
V106A+P225H,3,62.09016393442623,LYS104-DOR,3.7174949645996094
V106A+P225H,3,62.295081967213115,LYS104-DOR,4.240650653839111
V106A+P225H,3,62.5,LYS104-DOR,4.09152889251709
V106A+P225H,3,62.704918032786885,LYS104-DOR,4.747228622436523
V106A+P225H,3,62.90983606557377,LYS104-DOR,4.216146469116211
V106A+P225H,3,63.114754098360656,LYS104-DOR,3.9183220863342285
V106A+P225H,3,63.31967213114754,LYS104-DOR,4.669551372528076
V106A+P225H,3,63.52459016393443,LYS104-DOR,5.4839324951171875
V106A+P225H,3,63.72950819672131,LYS104-DOR,3.7603721618652344
V106A+P225H,3,63.9344262295082,LYS104-DOR,4.687505722045898
V106A+P225H,3,64.13934426229508,LYS104-DOR,4.68250846862793
V106A+P225H,3,64.34426229508198,LYS104-DOR,3.92358660697937
V106A+P225H,3,64.54918032786885,LYS104-DOR,3.454899549484253
V106A+P225H,3,64.75409836065575,LYS104-DOR,4.511231422424316
V106A+P225H,3,64.95901639344262,LYS104-DOR,3.6034271717071533
V106A+P225H,3,65.16393442622952,LYS104-DOR,3.2805323600769043
V106A+P225H,3,65.3688524590164,LYS104-DOR,4.659942150115967
V106A+P225H,3,65.57377049180329,LYS104-DOR,3.875669002532959
V106A+P225H,3,65.77868852459017,LYS104-DOR,3.0310285091400146
V106A+P225H,3,65.98360655737704,LYS104-DOR,4.3951263427734375
V106A+P225H,3,66.18852459016394,LYS104-DOR,3.309445381164551
V106A+P225H,3,66.39344262295081,LYS104-DOR,3.1004443168640137
V106A+P225H,3,66.59836065573771,LYS104-DOR,3.954613208770752
V106A+P225H,3,66.80327868852459,LYS104-DOR,3.3987772464752197
V106A+P225H,3,67.00819672131148,LYS104-DOR,4.7353196144104
V106A+P225H,3,67.21311475409836,LYS104-DOR,4.920352458953857
V106A+P225H,3,67.41803278688525,LYS104-DOR,4.890256404876709
V106A+P225H,3,67.62295081967213,LYS104-DOR,4.885130882263184
V106A+P225H,3,67.82786885245902,LYS104-DOR,4.435544967651367
V106A+P225H,3,68.0327868852459,LYS104-DOR,4.815324306488037
V106A+P225H,3,68.23770491803279,LYS104-DOR,4.354439735412598
V106A+P225H,3,68.44262295081967,LYS104-DOR,4.651897430419922
V106A+P225H,3,68.64754098360656,LYS104-DOR,4.842992782592773
V106A+P225H,3,68.85245901639344,LYS104-DOR,3.1770012378692627
V106A+P225H,3,69.05737704918033,LYS104-DOR,4.755284786224365
V106A+P225H,3,69.26229508196721,LYS104-DOR,4.5879974365234375
V106A+P225H,3,69.4672131147541,LYS104-DOR,3.4860739707946777
V106A+P225H,3,69.67213114754098,LYS104-DOR,4.473534107208252
V106A+P225H,3,69.87704918032787,LYS104-DOR,4.350093841552734
V106A+P225H,3,70.08196721311475,LYS104-DOR,4.2493672370910645
V106A+P225H,3,70.28688524590164,LYS104-DOR,3.6386947631835938
V106A+P225H,3,70.49180327868852,LYS104-DOR,4.4691481590271
V106A+P225H,3,70.69672131147541,LYS104-DOR,4.484833717346191
V106A+P225H,3,70.90163934426229,LYS104-DOR,4.060904502868652
V106A+P225H,3,71.10655737704919,LYS104-DOR,4.5586256980896
V106A+P225H,3,71.31147540983606,LYS104-DOR,4.133744239807129
V106A+P225H,3,71.51639344262296,LYS104-DOR,3.5118331909179688
V106A+P225H,3,71.72131147540983,LYS104-DOR,3.584826946258545
V106A+P225H,3,71.92622950819673,LYS104-DOR,3.883574962615967
V106A+P225H,3,72.1311475409836,LYS104-DOR,3.5203304290771484
V106A+P225H,3,72.3360655737705,LYS104-DOR,3.506944417953491
V106A+P225H,3,72.54098360655738,LYS104-DOR,3.053684711456299
V106A+P225H,3,72.74590163934427,LYS104-DOR,2.8812546730041504
V106A+P225H,3,72.95081967213115,LYS104-DOR,3.446812868118286
V106A+P225H,3,73.15573770491804,LYS104-DOR,3.656829595565796
V106A+P225H,3,73.36065573770492,LYS104-DOR,4.398627758026123
V106A+P225H,3,73.56557377049181,LYS104-DOR,3.3242013454437256
V106A+P225H,3,73.77049180327869,LYS104-DOR,3.8307037353515625
V106A+P225H,3,73.97540983606558,LYS104-DOR,3.5643835067749023
V106A+P225H,3,74.18032786885246,LYS104-DOR,4.1794939041137695
V106A+P225H,3,74.38524590163935,LYS104-DOR,3.782712459564209
V106A+P225H,3,74.59016393442623,LYS104-DOR,3.8491668701171875
V106A+P225H,3,74.79508196721312,LYS104-DOR,4.478978633880615
V106A+P225H,3,75.0,LYS104-DOR,5.218447685241699
V106A+P225H,3,75.20491803278689,LYS104-DOR,3.9319939613342285
V106A+P225H,3,75.40983606557377,LYS104-DOR,4.2122802734375
V106A+P225H,3,75.61475409836066,LYS104-DOR,5.006890296936035
V106A+P225H,3,75.81967213114754,LYS104-DOR,2.9541568756103516
V106A+P225H,3,76.02459016393443,LYS104-DOR,4.140741348266602
V106A+P225H,3,76.22950819672131,LYS104-DOR,4.325344562530518
V106A+P225H,3,76.4344262295082,LYS104-DOR,4.875364303588867
V106A+P225H,3,76.63934426229508,LYS104-DOR,3.868401288986206
V106A+P225H,3,76.84426229508198,LYS104-DOR,3.798326015472412
V106A+P225H,3,77.04918032786885,LYS104-DOR,4.177035808563232
V106A+P225H,3,77.25409836065575,LYS104-DOR,3.893589496612549
V106A+P225H,3,77.45901639344262,LYS104-DOR,3.5573198795318604
V106A+P225H,3,77.66393442622952,LYS104-DOR,3.322894334793091
V106A+P225H,3,77.8688524590164,LYS104-DOR,3.1836483478546143
V106A+P225H,3,78.07377049180329,LYS104-DOR,4.041693687438965
V106A+P225H,3,78.27868852459017,LYS104-DOR,4.204066276550293
V106A+P225H,3,78.48360655737706,LYS104-DOR,4.386393070220947
V106A+P225H,3,78.68852459016394,LYS104-DOR,4.139833450317383
V106A+P225H,3,78.89344262295081,LYS104-DOR,4.023435592651367
V106A+P225H,3,79.09836065573771,LYS104-DOR,4.280876159667969
V106A+P225H,3,79.30327868852459,LYS104-DOR,3.338155508041382
V106A+P225H,3,79.50819672131148,LYS104-DOR,4.223453998565674
V106A+P225H,3,79.71311475409836,LYS104-DOR,3.4113452434539795
V106A+P225H,3,79.91803278688525,LYS104-DOR,3.6968135833740234
V106A+P225H,3,80.12295081967213,LYS104-DOR,3.358829975128174
V106A+P225H,3,80.32786885245902,LYS104-DOR,3.9779844284057617
V106A+P225H,3,80.5327868852459,LYS104-DOR,4.128264904022217
V106A+P225H,3,80.73770491803279,LYS104-DOR,4.9358954429626465
V106A+P225H,3,80.94262295081967,LYS104-DOR,4.707562446594238
V106A+P225H,3,81.14754098360656,LYS104-DOR,4.022136688232422
V106A+P225H,3,81.35245901639344,LYS104-DOR,4.400097846984863
V106A+P225H,3,81.55737704918033,LYS104-DOR,3.7964587211608887
V106A+P225H,3,81.76229508196721,LYS104-DOR,3.8602006435394287
V106A+P225H,3,81.9672131147541,LYS104-DOR,3.8250184059143066
V106A+P225H,3,82.17213114754098,LYS104-DOR,3.6172080039978027
V106A+P225H,3,82.37704918032787,LYS104-DOR,2.9134163856506348
V106A+P225H,3,82.58196721311475,LYS104-DOR,3.980391502380371
V106A+P225H,3,82.78688524590164,LYS104-DOR,3.842306137084961
V106A+P225H,3,82.99180327868852,LYS104-DOR,3.946666717529297
V106A+P225H,3,83.19672131147541,LYS104-DOR,4.074174404144287
V106A+P225H,3,83.40163934426229,LYS104-DOR,3.776369333267212
V106A+P225H,3,83.60655737704919,LYS104-DOR,3.230912208557129
V106A+P225H,3,83.81147540983606,LYS104-DOR,3.6112828254699707
V106A+P225H,3,84.01639344262296,LYS104-DOR,3.7172656059265137
V106A+P225H,3,84.22131147540983,LYS104-DOR,3.547060251235962
V106A+P225H,3,84.42622950819673,LYS104-DOR,3.7253551483154297
V106A+P225H,3,84.6311475409836,LYS104-DOR,3.177825927734375
V106A+P225H,3,84.8360655737705,LYS104-DOR,3.8924055099487305
V106A+P225H,3,85.04098360655738,LYS104-DOR,4.50184440612793
V106A+P225H,3,85.24590163934427,LYS104-DOR,2.881847381591797
V106A+P225H,3,85.45081967213115,LYS104-DOR,3.38075590133667
V106A+P225H,3,85.65573770491804,LYS104-DOR,3.4944393634796143
V106A+P225H,3,85.86065573770492,LYS104-DOR,3.3510076999664307
V106A+P225H,3,86.06557377049181,LYS104-DOR,3.237665891647339
V106A+P225H,3,86.27049180327869,LYS104-DOR,3.9029059410095215
V106A+P225H,3,86.47540983606558,LYS104-DOR,4.220128536224365
V106A+P225H,3,86.68032786885246,LYS104-DOR,3.744755268096924
V106A+P225H,3,86.88524590163935,LYS104-DOR,3.850806951522827
V106A+P225H,3,87.09016393442623,LYS104-DOR,3.572474479675293
V106A+P225H,3,87.29508196721312,LYS104-DOR,4.145754337310791
V106A+P225H,3,87.5,LYS104-DOR,4.318328380584717
V106A+P225H,3,87.70491803278689,LYS104-DOR,3.775817394256592
V106A+P225H,3,87.90983606557377,LYS104-DOR,4.331057548522949
V106A+P225H,3,88.11475409836066,LYS104-DOR,2.9825406074523926
V106A+P225H,3,88.31967213114754,LYS104-DOR,3.179656982421875
V106A+P225H,3,88.52459016393443,LYS104-DOR,3.0082437992095947
V106A+P225H,3,88.72950819672131,LYS104-DOR,4.580756664276123
V106A+P225H,3,88.9344262295082,LYS104-DOR,3.459284782409668
V106A+P225H,3,89.13934426229508,LYS104-DOR,3.6005547046661377
V106A+P225H,3,89.34426229508198,LYS104-DOR,4.044983863830566
V106A+P225H,3,89.54918032786885,LYS104-DOR,3.716491460800171
V106A+P225H,3,89.75409836065575,LYS104-DOR,3.9641571044921875
V106A+P225H,3,89.95901639344262,LYS104-DOR,1.4496040344238281
V106A+P225H,3,90.16393442622952,LYS104-DOR,2.6257312297821045
V106A+P225H,3,90.3688524590164,LYS104-DOR,2.872907876968384
V106A+P225H,3,90.57377049180329,LYS104-DOR,2.0276741981506348
V106A+P225H,3,90.77868852459017,LYS104-DOR,2.5611791610717773
V106A+P225H,3,90.98360655737706,LYS104-DOR,2.338327646255493
V106A+P225H,3,91.18852459016394,LYS104-DOR,2.1289169788360596
V106A+P225H,3,91.39344262295083,LYS104-DOR,1.8069756031036377
V106A+P225H,3,91.59836065573771,LYS104-DOR,3.090733051300049
V106A+P225H,3,91.80327868852459,LYS104-DOR,2.874574899673462
V106A+P225H,3,92.00819672131148,LYS104-DOR,2.7719533443450928
V106A+P225H,3,92.21311475409836,LYS104-DOR,2.1538896560668945
V106A+P225H,3,92.41803278688525,LYS104-DOR,2.604036569595337
V106A+P225H,3,92.62295081967213,LYS104-DOR,1.3367284536361694
V106A+P225H,3,92.82786885245902,LYS104-DOR,3.378618001937866
V106A+P225H,3,93.0327868852459,LYS104-DOR,3.859893798828125
V106A+P225H,3,93.23770491803279,LYS104-DOR,3.9785213470458984
V106A+P225H,3,93.44262295081967,LYS104-DOR,3.552009105682373
V106A+P225H,3,93.64754098360656,LYS104-DOR,3.627764940261841
V106A+P225H,3,93.85245901639344,LYS104-DOR,3.7039856910705566
V106A+P225H,3,94.05737704918033,LYS104-DOR,4.711725234985352
V106A+P225H,3,94.26229508196721,LYS104-DOR,3.8257243633270264
V106A+P225H,3,94.4672131147541,LYS104-DOR,3.8141324520111084
V106A+P225H,3,94.67213114754098,LYS104-DOR,3.7874855995178223
V106A+P225H,3,94.87704918032787,LYS104-DOR,3.923098564147949
V106A+P225H,3,95.08196721311475,LYS104-DOR,2.8564891815185547
V106A+P225H,3,95.28688524590164,LYS104-DOR,3.861222267150879
V106A+P225H,3,95.49180327868852,LYS104-DOR,3.342067241668701
V106A+P225H,3,95.69672131147541,LYS104-DOR,3.0408883094787598
V106A+P225H,3,95.90163934426229,LYS104-DOR,3.444827079772949
V106A+P225H,3,96.10655737704919,LYS104-DOR,3.6506576538085938
V106A+P225H,3,96.31147540983606,LYS104-DOR,3.9791817665100098
V106A+P225H,3,96.51639344262296,LYS104-DOR,3.654416799545288
V106A+P225H,3,96.72131147540983,LYS104-DOR,3.9113316535949707
V106A+P225H,3,96.92622950819673,LYS104-DOR,3.3116273880004883
V106A+P225H,3,97.1311475409836,LYS104-DOR,3.419339895248413
V106A+P225H,3,97.3360655737705,LYS104-DOR,3.992265224456787
V106A+P225H,3,97.54098360655738,LYS104-DOR,3.345052719116211
V106A+P225H,3,97.74590163934427,LYS104-DOR,4.2607340812683105
V106A+P225H,3,97.95081967213115,LYS104-DOR,3.6026077270507812
V106A+P225H,3,98.15573770491804,LYS104-DOR,3.926865816116333
V106A+P225H,3,98.36065573770492,LYS104-DOR,3.1579110622406006
V106A+P225H,3,98.56557377049181,LYS104-DOR,4.2668561935424805
V106A+P225H,3,98.77049180327869,LYS104-DOR,4.218906879425049
V106A+P225H,3,98.97540983606558,LYS104-DOR,3.9858288764953613
V106A+P225H,3,99.18032786885246,LYS104-DOR,3.091085910797119
V106A+P225H,3,99.38524590163935,LYS104-DOR,3.7371745109558105
V106A+P225H,3,99.59016393442623,LYS104-DOR,3.9536406993865967
V106A+P225H,3,99.79508196721312,LYS104-DOR,3.979665994644165
V106A+P225H,3,100.0,LYS104-DOR,3.678014039993286
WT,1,0.0,LYS104-DOR,4.659657955169678
WT,1,0.20040080160320642,LYS104-DOR,5.318191051483154
WT,1,0.40080160320641284,LYS104-DOR,4.959056854248047
WT,1,0.6012024048096193,LYS104-DOR,5.192604064941406
WT,1,0.8016032064128257,LYS104-DOR,5.662999153137207
WT,1,1.0020040080160322,LYS104-DOR,4.652923583984375
WT,1,1.2024048096192386,LYS104-DOR,4.995840072631836
WT,1,1.402805611222445,LYS104-DOR,3.9599575996398926
WT,1,1.6032064128256514,LYS104-DOR,4.910816669464111
WT,1,1.8036072144288577,LYS104-DOR,4.500732898712158
WT,1,2.0040080160320644,LYS104-DOR,5.379993438720703
WT,1,2.2044088176352705,LYS104-DOR,4.824535369873047
WT,1,2.404809619238477,LYS104-DOR,5.027778625488281
WT,1,2.6052104208416833,LYS104-DOR,4.414734363555908
WT,1,2.80561122244489,LYS104-DOR,5.013644218444824
WT,1,3.006012024048096,LYS104-DOR,4.923824787139893
WT,1,3.2064128256513027,LYS104-DOR,5.39858865737915
WT,1,3.4068136272545093,LYS104-DOR,5.3157782554626465
WT,1,3.6072144288577155,LYS104-DOR,5.301680564880371
WT,1,3.807615230460922,LYS104-DOR,4.619806289672852
WT,1,4.008016032064129,LYS104-DOR,5.17754602432251
WT,1,4.208416833667335,LYS104-DOR,5.163578033447266
WT,1,4.408817635270541,LYS104-DOR,4.963470935821533
WT,1,4.609218436873747,LYS104-DOR,5.112424373626709
WT,1,4.809619238476954,LYS104-DOR,5.298709869384766
WT,1,5.01002004008016,LYS104-DOR,5.21838903427124
WT,1,5.210420841683367,LYS104-DOR,4.742159366607666
WT,1,5.410821643286574,LYS104-DOR,4.69118595123291
WT,1,5.61122244488978,LYS104-DOR,4.87453031539917
WT,1,5.811623246492986,LYS104-DOR,5.118949890136719
WT,1,6.012024048096192,LYS104-DOR,4.8340935707092285
WT,1,6.212424849699399,LYS104-DOR,5.10438346862793
WT,1,6.412825651302605,LYS104-DOR,5.07951545715332
WT,1,6.613226452905812,LYS104-DOR,5.092974662780762
WT,1,6.813627254509019,LYS104-DOR,5.010959625244141
WT,1,7.014028056112225,LYS104-DOR,4.691501140594482
WT,1,7.214428857715431,LYS104-DOR,4.8393874168396
WT,1,7.414829659318637,LYS104-DOR,4.916206359863281
WT,1,7.615230460921844,LYS104-DOR,3.8668723106384277
WT,1,7.81563126252505,LYS104-DOR,4.310969829559326
WT,1,8.016032064128257,LYS104-DOR,3.7360846996307373
WT,1,8.216432865731463,LYS104-DOR,4.613883018493652
WT,1,8.41683366733467,LYS104-DOR,4.974129676818848
WT,1,8.617234468937877,LYS104-DOR,4.66772985458374
WT,1,8.817635270541082,LYS104-DOR,4.463459014892578
WT,1,9.01803607214429,LYS104-DOR,5.072822570800781
WT,1,9.218436873747494,LYS104-DOR,5.0211005210876465
WT,1,9.418837675350701,LYS104-DOR,5.123571395874023
WT,1,9.619238476953909,LYS104-DOR,5.2496819496154785
WT,1,9.819639278557114,LYS104-DOR,4.9887919425964355
WT,1,10.02004008016032,LYS104-DOR,4.875011920928955
WT,1,10.220440881763528,LYS104-DOR,5.0402021408081055
WT,1,10.420841683366733,LYS104-DOR,5.598067283630371
WT,1,10.62124248496994,LYS104-DOR,4.939427852630615
WT,1,10.821643286573147,LYS104-DOR,5.3235578536987305
WT,1,11.022044088176353,LYS104-DOR,4.678394317626953
WT,1,11.22244488977956,LYS104-DOR,4.3040008544921875
WT,1,11.422845691382767,LYS104-DOR,4.951828956604004
WT,1,11.623246492985972,LYS104-DOR,4.35713005065918
WT,1,11.823647294589179,LYS104-DOR,5.024133682250977
WT,1,12.024048096192384,LYS104-DOR,5.185022354125977
WT,1,12.224448897795591,LYS104-DOR,5.3625030517578125
WT,1,12.424849699398798,LYS104-DOR,4.926944732666016
WT,1,12.625250501002004,LYS104-DOR,4.6752028465271
WT,1,12.82565130260521,LYS104-DOR,4.940328121185303
WT,1,13.026052104208418,LYS104-DOR,5.318360328674316
WT,1,13.226452905811623,LYS104-DOR,5.219196319580078
WT,1,13.42685370741483,LYS104-DOR,4.276064872741699
WT,1,13.627254509018037,LYS104-DOR,3.260678768157959
WT,1,13.827655310621243,LYS104-DOR,4.90255880355835
WT,1,14.02805611222445,LYS104-DOR,5.000967502593994
WT,1,14.228456913827655,LYS104-DOR,3.90474796295166
WT,1,14.428857715430862,LYS104-DOR,4.7780961990356445
WT,1,14.629258517034069,LYS104-DOR,4.870491027832031
WT,1,14.829659318637274,LYS104-DOR,4.07823371887207
WT,1,15.030060120240481,LYS104-DOR,4.798971176147461
WT,1,15.230460921843688,LYS104-DOR,4.779735565185547
WT,1,15.430861723446894,LYS104-DOR,4.936351776123047
WT,1,15.6312625250501,LYS104-DOR,4.6491570472717285
WT,1,15.831663326653308,LYS104-DOR,5.053434371948242
WT,1,16.032064128256515,LYS104-DOR,4.882362365722656
WT,1,16.23246492985972,LYS104-DOR,4.6850152015686035
WT,1,16.432865731462925,LYS104-DOR,4.8918232917785645
WT,1,16.633266533066134,LYS104-DOR,5.097377777099609
WT,1,16.83366733466934,LYS104-DOR,4.843288421630859
WT,1,17.034068136272545,LYS104-DOR,4.692314147949219
WT,1,17.234468937875754,LYS104-DOR,5.203391075134277
WT,1,17.43486973947896,LYS104-DOR,4.807464599609375
WT,1,17.635270541082164,LYS104-DOR,4.5302886962890625
WT,1,17.835671342685373,LYS104-DOR,4.789891719818115
WT,1,18.03607214428858,LYS104-DOR,4.960212230682373
WT,1,18.236472945891784,LYS104-DOR,4.994733810424805
WT,1,18.43687374749499,LYS104-DOR,4.153586387634277
WT,1,18.637274549098198,LYS104-DOR,4.671745300292969
WT,1,18.837675350701403,LYS104-DOR,3.810945749282837
WT,1,19.03807615230461,LYS104-DOR,4.905072212219238
WT,1,19.238476953907817,LYS104-DOR,4.758321285247803
WT,1,19.438877755511022,LYS104-DOR,5.422565460205078
WT,1,19.639278557114228,LYS104-DOR,5.133726596832275
WT,1,19.839679358717436,LYS104-DOR,5.628911972045898
WT,1,20.04008016032064,LYS104-DOR,4.403260707855225
WT,1,20.240480961923847,LYS104-DOR,4.843690872192383
WT,1,20.440881763527056,LYS104-DOR,4.966197490692139
WT,1,20.64128256513026,LYS104-DOR,5.04534912109375
WT,1,20.841683366733466,LYS104-DOR,4.486542224884033
WT,1,21.042084168336675,LYS104-DOR,5.1087446212768555
WT,1,21.24248496993988,LYS104-DOR,5.4131975173950195
WT,1,21.442885771543086,LYS104-DOR,5.232846736907959
WT,1,21.643286573146295,LYS104-DOR,4.70665979385376
WT,1,21.8436873747495,LYS104-DOR,4.4683427810668945
WT,1,22.044088176352705,LYS104-DOR,3.887570858001709
WT,1,22.244488977955914,LYS104-DOR,3.682297468185425
WT,1,22.44488977955912,LYS104-DOR,4.463229179382324
WT,1,22.645290581162325,LYS104-DOR,4.939388275146484
WT,1,22.845691382765533,LYS104-DOR,4.770083904266357
WT,1,23.04609218436874,LYS104-DOR,4.0855913162231445
WT,1,23.246492985971944,LYS104-DOR,4.5293803215026855
WT,1,23.44689378757515,LYS104-DOR,4.664588928222656
WT,1,23.647294589178358,LYS104-DOR,5.160788536071777
WT,1,23.847695390781563,LYS104-DOR,5.006817817687988
WT,1,24.04809619238477,LYS104-DOR,4.2641520500183105
WT,1,24.248496993987978,LYS104-DOR,4.776061534881592
WT,1,24.448897795591183,LYS104-DOR,4.4529218673706055
WT,1,24.649298597194388,LYS104-DOR,4.25103759765625
WT,1,24.849699398797597,LYS104-DOR,4.790765762329102
WT,1,25.050100200400802,LYS104-DOR,4.940521240234375
WT,1,25.250501002004007,LYS104-DOR,5.009949684143066
WT,1,25.450901803607216,LYS104-DOR,5.067409515380859
WT,1,25.65130260521042,LYS104-DOR,4.041830062866211
WT,1,25.851703406813627,LYS104-DOR,4.701208591461182
WT,1,26.052104208416836,LYS104-DOR,4.720706939697266
WT,1,26.25250501002004,LYS104-DOR,4.585317611694336
WT,1,26.452905811623246,LYS104-DOR,4.186123847961426
WT,1,26.653306613226455,LYS104-DOR,4.9119110107421875
WT,1,26.85370741482966,LYS104-DOR,4.768747806549072
WT,1,27.054108216432866,LYS104-DOR,4.679515838623047
WT,1,27.254509018036075,LYS104-DOR,5.08438777923584
WT,1,27.45490981963928,LYS104-DOR,5.113165378570557
WT,1,27.655310621242485,LYS104-DOR,4.557517051696777
WT,1,27.855711422845694,LYS104-DOR,4.089992046356201
WT,1,28.0561122244489,LYS104-DOR,4.833745002746582
WT,1,28.256513026052104,LYS104-DOR,4.635298252105713
WT,1,28.45691382765531,LYS104-DOR,4.525704383850098
WT,1,28.65731462925852,LYS104-DOR,4.043554782867432
WT,1,28.857715430861724,LYS104-DOR,4.6679253578186035
WT,1,29.05811623246493,LYS104-DOR,4.442631721496582
WT,1,29.258517034068138,LYS104-DOR,4.8960771560668945
WT,1,29.458917835671343,LYS104-DOR,3.929677963256836
WT,1,29.65931863727455,LYS104-DOR,4.090005874633789
WT,1,29.859719438877757,LYS104-DOR,4.452442169189453
WT,1,30.060120240480963,LYS104-DOR,4.842060565948486
WT,1,30.260521042084168,LYS104-DOR,4.891489028930664
WT,1,30.460921843687377,LYS104-DOR,4.801369667053223
WT,1,30.661322645290582,LYS104-DOR,4.489335060119629
WT,1,30.861723446893787,LYS104-DOR,4.5808868408203125
WT,1,31.062124248496996,LYS104-DOR,4.6802215576171875
WT,1,31.2625250501002,LYS104-DOR,4.4655442237854
WT,1,31.462925851703407,LYS104-DOR,4.27124547958374
WT,1,31.663326653306616,LYS104-DOR,4.30883264541626
WT,1,31.86372745490982,LYS104-DOR,4.889377593994141
WT,1,32.06412825651303,LYS104-DOR,4.9751386642456055
WT,1,32.26452905811623,LYS104-DOR,4.333282470703125
WT,1,32.46492985971944,LYS104-DOR,4.978948593139648
WT,1,32.66533066132265,LYS104-DOR,4.259241580963135
WT,1,32.86573146292585,LYS104-DOR,4.41552209854126
WT,1,33.06613226452906,LYS104-DOR,4.857610702514648
WT,1,33.26653306613227,LYS104-DOR,4.7678046226501465
WT,1,33.46693386773547,LYS104-DOR,4.915201663970947
WT,1,33.66733466933868,LYS104-DOR,5.153507709503174
WT,1,33.86773547094189,LYS104-DOR,5.242095470428467
WT,1,34.06813627254509,LYS104-DOR,5.235761642456055
WT,1,34.2685370741483,LYS104-DOR,5.053366661071777
WT,1,34.46893787575151,LYS104-DOR,4.499652862548828
WT,1,34.66933867735471,LYS104-DOR,5.097641944885254
WT,1,34.86973947895792,LYS104-DOR,4.667355537414551
WT,1,35.07014028056113,LYS104-DOR,4.250385284423828
WT,1,35.27054108216433,LYS104-DOR,4.906035423278809
WT,1,35.47094188376754,LYS104-DOR,4.42674446105957
WT,1,35.671342685370746,LYS104-DOR,4.597870826721191
WT,1,35.87174348697395,LYS104-DOR,5.2087016105651855
WT,1,36.07214428857716,LYS104-DOR,4.582327365875244
WT,1,36.27254509018036,LYS104-DOR,4.225865364074707
WT,1,36.47294589178357,LYS104-DOR,3.3145883083343506
WT,1,36.673346693386776,LYS104-DOR,4.983155250549316
WT,1,36.87374749498998,LYS104-DOR,4.3208770751953125
WT,1,37.07414829659319,LYS104-DOR,4.6062517166137695
WT,1,37.274549098196395,LYS104-DOR,5.114632606506348
WT,1,37.4749498997996,LYS104-DOR,4.769702911376953
WT,1,37.675350701402806,LYS104-DOR,4.868832111358643
WT,1,37.875751503006015,LYS104-DOR,4.910049915313721
WT,1,38.07615230460922,LYS104-DOR,5.092901706695557
WT,1,38.276553106212425,LYS104-DOR,4.500669956207275
WT,1,38.476953907815634,LYS104-DOR,4.301619052886963
WT,1,38.677354709418836,LYS104-DOR,4.7659912109375
WT,1,38.877755511022045,LYS104-DOR,3.931279420852661
WT,1,39.078156312625254,LYS104-DOR,5.022639274597168
WT,1,39.278557114228455,LYS104-DOR,4.936807632446289
WT,1,39.478957915831664,LYS104-DOR,4.489300727844238
WT,1,39.67935871743487,LYS104-DOR,4.54484224319458
WT,1,39.879759519038075,LYS104-DOR,5.3151421546936035
WT,1,40.08016032064128,LYS104-DOR,5.017127513885498
WT,1,40.28056112224449,LYS104-DOR,3.4224722385406494
WT,1,40.480961923847694,LYS104-DOR,4.332342147827148
WT,1,40.6813627254509,LYS104-DOR,4.613914489746094
WT,1,40.88176352705411,LYS104-DOR,4.567299842834473
WT,1,41.08216432865731,LYS104-DOR,4.3280744552612305
WT,1,41.28256513026052,LYS104-DOR,4.159591197967529
WT,1,41.48296593186373,LYS104-DOR,4.430375099182129
WT,1,41.68336673346693,LYS104-DOR,4.521205425262451
WT,1,41.88376753507014,LYS104-DOR,5.023618221282959
WT,1,42.08416833667335,LYS104-DOR,4.907179832458496
WT,1,42.28456913827655,LYS104-DOR,4.149655342102051
WT,1,42.48496993987976,LYS104-DOR,4.346052169799805
WT,1,42.68537074148297,LYS104-DOR,4.933964729309082
WT,1,42.88577154308617,LYS104-DOR,4.351624965667725
WT,1,43.08617234468938,LYS104-DOR,4.16672420501709
WT,1,43.28657314629259,LYS104-DOR,5.115416526794434
WT,1,43.48697394789579,LYS104-DOR,5.101507186889648
WT,1,43.687374749499,LYS104-DOR,4.691559791564941
WT,1,43.88777555110221,LYS104-DOR,3.99080228805542
WT,1,44.08817635270541,LYS104-DOR,3.853658676147461
WT,1,44.28857715430862,LYS104-DOR,3.2466907501220703
WT,1,44.48897795591183,LYS104-DOR,4.112790107727051
WT,1,44.68937875751503,LYS104-DOR,4.972537994384766
WT,1,44.88977955911824,LYS104-DOR,4.368438720703125
WT,1,45.09018036072145,LYS104-DOR,4.505788803100586
WT,1,45.29058116232465,LYS104-DOR,4.232128143310547
WT,1,45.49098196392786,LYS104-DOR,4.792074680328369
WT,1,45.69138276553107,LYS104-DOR,4.798742771148682
WT,1,45.89178356713427,LYS104-DOR,4.6675944328308105
WT,1,46.09218436873748,LYS104-DOR,4.992577075958252
WT,1,46.29258517034068,LYS104-DOR,4.522314548492432
WT,1,46.49298597194389,LYS104-DOR,4.071779251098633
WT,1,46.6933867735471,LYS104-DOR,3.3957667350769043
WT,1,46.8937875751503,LYS104-DOR,4.841944217681885
WT,1,47.09418837675351,LYS104-DOR,4.532329559326172
WT,1,47.294589178356716,LYS104-DOR,5.087725639343262
WT,1,47.49498997995992,LYS104-DOR,4.127773284912109
WT,1,47.69539078156313,LYS104-DOR,3.6347036361694336
WT,1,47.895791583166336,LYS104-DOR,4.293500900268555
WT,1,48.09619238476954,LYS104-DOR,4.74350643157959
WT,1,48.296593186372746,LYS104-DOR,4.859522342681885
WT,1,48.496993987975955,LYS104-DOR,4.27281379699707
WT,1,48.69739478957916,LYS104-DOR,4.403696060180664
WT,1,48.897795591182366,LYS104-DOR,3.965305805206299
WT,1,49.098196392785574,LYS104-DOR,3.7836647033691406
WT,1,49.298597194388776,LYS104-DOR,3.92201566696167
WT,1,49.498997995991985,LYS104-DOR,3.760690450668335
WT,1,49.699398797595194,LYS104-DOR,3.2140989303588867
WT,1,49.899799599198396,LYS104-DOR,4.484738349914551
WT,1,50.100200400801604,LYS104-DOR,4.639211177825928
WT,1,50.30060120240481,LYS104-DOR,3.6259076595306396
WT,1,50.501002004008015,LYS104-DOR,4.283731937408447
WT,1,50.701402805611224,LYS104-DOR,5.076417446136475
WT,1,50.90180360721443,LYS104-DOR,4.76839542388916
WT,1,51.102204408817634,LYS104-DOR,4.897627830505371
WT,1,51.30260521042084,LYS104-DOR,4.6350789070129395
WT,1,51.50300601202405,LYS104-DOR,4.9315266609191895
WT,1,51.703406813627254,LYS104-DOR,5.306674003601074
WT,1,51.90380761523046,LYS104-DOR,4.67281436920166
WT,1,52.10420841683367,LYS104-DOR,4.3412275314331055
WT,1,52.30460921843687,LYS104-DOR,4.777714252471924
WT,1,52.50501002004008,LYS104-DOR,4.857095718383789
WT,1,52.70541082164329,LYS104-DOR,4.736140251159668
WT,1,52.90581162324649,LYS104-DOR,4.278032302856445
WT,1,53.1062124248497,LYS104-DOR,5.2499284744262695
WT,1,53.30661322645291,LYS104-DOR,4.669070243835449
WT,1,53.50701402805611,LYS104-DOR,5.1572265625
WT,1,53.70741482965932,LYS104-DOR,5.040732383728027
WT,1,53.90781563126253,LYS104-DOR,4.913975238800049
WT,1,54.10821643286573,LYS104-DOR,5.375011444091797
WT,1,54.30861723446894,LYS104-DOR,4.867370128631592
WT,1,54.50901803607215,LYS104-DOR,5.014566421508789
WT,1,54.70941883767535,LYS104-DOR,4.757791042327881
WT,1,54.90981963927856,LYS104-DOR,4.9987077713012695
WT,1,55.11022044088177,LYS104-DOR,4.653656482696533
WT,1,55.31062124248497,LYS104-DOR,4.790124893188477
WT,1,55.51102204408818,LYS104-DOR,3.8101892471313477
WT,1,55.71142284569139,LYS104-DOR,4.622885704040527
WT,1,55.91182364729459,LYS104-DOR,4.789824485778809
WT,1,56.1122244488978,LYS104-DOR,4.923462867736816
WT,1,56.31262525050101,LYS104-DOR,4.094161510467529
WT,1,56.51302605210421,LYS104-DOR,4.711308002471924
WT,1,56.71342685370742,LYS104-DOR,5.0352678298950195
WT,1,56.91382765531062,LYS104-DOR,4.7615485191345215
WT,1,57.11422845691383,LYS104-DOR,4.695927619934082
WT,1,57.31462925851704,LYS104-DOR,3.94354248046875
WT,1,57.51503006012024,LYS104-DOR,3.9579999446868896
WT,1,57.71543086172345,LYS104-DOR,4.614931106567383
WT,1,57.91583166332666,LYS104-DOR,3.708387851715088
WT,1,58.11623246492986,LYS104-DOR,4.978452682495117
WT,1,58.31663326653307,LYS104-DOR,4.963291168212891
WT,1,58.517034068136276,LYS104-DOR,4.344090938568115
WT,1,58.71743486973948,LYS104-DOR,3.7168049812316895
WT,1,58.91783567134269,LYS104-DOR,3.623628616333008
WT,1,59.118236472945895,LYS104-DOR,4.477000713348389
WT,1,59.3186372745491,LYS104-DOR,5.053911209106445
WT,1,59.519038076152306,LYS104-DOR,4.413652420043945
WT,1,59.719438877755515,LYS104-DOR,4.547013759613037
WT,1,59.91983967935872,LYS104-DOR,4.020610332489014
WT,1,60.120240480961925,LYS104-DOR,4.196747303009033
WT,1,60.320641282565134,LYS104-DOR,4.254203796386719
WT,1,60.521042084168336,LYS104-DOR,4.410540580749512
WT,1,60.721442885771545,LYS104-DOR,4.822391510009766
WT,1,60.92184368737475,LYS104-DOR,4.792359352111816
WT,1,61.122244488977955,LYS104-DOR,3.3184216022491455
WT,1,61.322645290581164,LYS104-DOR,3.919360399246216
WT,1,61.52304609218437,LYS104-DOR,3.8862247467041016
WT,1,61.723446893787575,LYS104-DOR,4.999573707580566
WT,1,61.92384769539078,LYS104-DOR,4.385463237762451
WT,1,62.12424849699399,LYS104-DOR,4.987931728363037
WT,1,62.324649298597194,LYS104-DOR,4.707030773162842
WT,1,62.5250501002004,LYS104-DOR,5.093360900878906
WT,1,62.72545090180361,LYS104-DOR,4.803715705871582
WT,1,62.92585170340681,LYS104-DOR,4.482908725738525
WT,1,63.12625250501002,LYS104-DOR,4.100547790527344
WT,1,63.32665330661323,LYS104-DOR,4.504074573516846
WT,1,63.52705410821643,LYS104-DOR,3.9231295585632324
WT,1,63.72745490981964,LYS104-DOR,4.696538925170898
WT,1,63.92785571142285,LYS104-DOR,3.6475157737731934
WT,1,64.12825651302606,LYS104-DOR,4.304610252380371
WT,1,64.32865731462925,LYS104-DOR,4.884162902832031
WT,1,64.52905811623246,LYS104-DOR,4.38416862487793
WT,1,64.72945891783567,LYS104-DOR,4.043859481811523
WT,1,64.92985971943888,LYS104-DOR,4.652050018310547
WT,1,65.13026052104209,LYS104-DOR,3.8907289505004883
WT,1,65.3306613226453,LYS104-DOR,4.446520805358887
WT,1,65.53106212424849,LYS104-DOR,4.276665687561035
WT,1,65.7314629258517,LYS104-DOR,4.253025531768799
WT,1,65.93186372745491,LYS104-DOR,3.8021459579467773
WT,1,66.13226452905812,LYS104-DOR,4.694531440734863
WT,1,66.33266533066133,LYS104-DOR,4.798501014709473
WT,1,66.53306613226454,LYS104-DOR,4.972501754760742
WT,1,66.73346693386773,LYS104-DOR,4.700193881988525
WT,1,66.93386773547094,LYS104-DOR,4.5782623291015625
WT,1,67.13426853707415,LYS104-DOR,5.303075790405273
WT,1,67.33466933867736,LYS104-DOR,3.954009532928467
WT,1,67.53507014028057,LYS104-DOR,4.770547866821289
WT,1,67.73547094188378,LYS104-DOR,5.158664703369141
WT,1,67.93587174348697,LYS104-DOR,4.898609638214111
WT,1,68.13627254509018,LYS104-DOR,4.823562145233154
WT,1,68.33667334669339,LYS104-DOR,4.373549461364746
WT,1,68.5370741482966,LYS104-DOR,4.87714958190918
WT,1,68.7374749498998,LYS104-DOR,4.039028644561768
WT,1,68.93787575150301,LYS104-DOR,4.550532817840576
WT,1,69.13827655310621,LYS104-DOR,4.560652256011963
WT,1,69.33867735470942,LYS104-DOR,4.554121971130371
WT,1,69.53907815631263,LYS104-DOR,4.701799392700195
WT,1,69.73947895791584,LYS104-DOR,4.940550804138184
WT,1,69.93987975951904,LYS104-DOR,3.9442172050476074
WT,1,70.14028056112225,LYS104-DOR,4.266396522521973
WT,1,70.34068136272545,LYS104-DOR,3.821561813354492
WT,1,70.54108216432866,LYS104-DOR,5.1997785568237305
WT,1,70.74148296593187,LYS104-DOR,4.0689544677734375
WT,1,70.94188376753507,LYS104-DOR,4.941774368286133
WT,1,71.14228456913828,LYS104-DOR,4.793754577636719
WT,1,71.34268537074149,LYS104-DOR,4.667659759521484
WT,1,71.54308617234469,LYS104-DOR,4.381577491760254
WT,1,71.7434869739479,LYS104-DOR,4.783514022827148
WT,1,71.9438877755511,LYS104-DOR,4.31955623626709
WT,1,72.14428857715431,LYS104-DOR,4.6416754722595215
WT,1,72.34468937875752,LYS104-DOR,4.157543659210205
WT,1,72.54509018036072,LYS104-DOR,3.2774524688720703
WT,1,72.74549098196393,LYS104-DOR,4.832581996917725
WT,1,72.94589178356713,LYS104-DOR,4.922240257263184
WT,1,73.14629258517034,LYS104-DOR,4.079954624176025
WT,1,73.34669338677355,LYS104-DOR,4.3444037437438965
WT,1,73.54709418837676,LYS104-DOR,4.0051093101501465
WT,1,73.74749498997996,LYS104-DOR,4.618367671966553
WT,1,73.94789579158316,LYS104-DOR,4.734432697296143
WT,1,74.14829659318637,LYS104-DOR,5.135250568389893
WT,1,74.34869739478958,LYS104-DOR,5.106863975524902
WT,1,74.54909819639279,LYS104-DOR,4.771230697631836
WT,1,74.749498997996,LYS104-DOR,4.530027389526367
WT,1,74.9498997995992,LYS104-DOR,3.839911460876465
WT,1,75.1503006012024,LYS104-DOR,4.20474100112915
WT,1,75.35070140280561,LYS104-DOR,4.2086381912231445
WT,1,75.55110220440882,LYS104-DOR,4.376501560211182
WT,1,75.75150300601203,LYS104-DOR,3.6469364166259766
WT,1,75.95190380761524,LYS104-DOR,4.203562259674072
WT,1,76.15230460921843,LYS104-DOR,3.5995306968688965
WT,1,76.35270541082164,LYS104-DOR,4.732409477233887
WT,1,76.55310621242485,LYS104-DOR,4.595040798187256
WT,1,76.75350701402806,LYS104-DOR,4.600856781005859
WT,1,76.95390781563127,LYS104-DOR,4.691049575805664
WT,1,77.15430861723448,LYS104-DOR,4.416717052459717
WT,1,77.35470941883767,LYS104-DOR,4.1885857582092285
WT,1,77.55511022044088,LYS104-DOR,4.570610046386719
WT,1,77.75551102204409,LYS104-DOR,4.248561859130859
WT,1,77.9559118236473,LYS104-DOR,4.683981418609619
WT,1,78.15631262525051,LYS104-DOR,5.297724723815918
WT,1,78.35671342685372,LYS104-DOR,4.617260932922363
WT,1,78.55711422845691,LYS104-DOR,5.003690242767334
WT,1,78.75751503006012,LYS104-DOR,3.9442636966705322
WT,1,78.95791583166333,LYS104-DOR,4.566555500030518
WT,1,79.15831663326654,LYS104-DOR,3.6128106117248535
WT,1,79.35871743486975,LYS104-DOR,4.371192932128906
WT,1,79.55911823647295,LYS104-DOR,4.659262180328369
WT,1,79.75951903807615,LYS104-DOR,4.6780314445495605
WT,1,79.95991983967936,LYS104-DOR,3.5463950634002686
WT,1,80.16032064128257,LYS104-DOR,3.6686716079711914
WT,1,80.36072144288578,LYS104-DOR,3.8323938846588135
WT,1,80.56112224448898,LYS104-DOR,4.3793625831604
WT,1,80.7615230460922,LYS104-DOR,4.829802989959717
WT,1,80.96192384769539,LYS104-DOR,3.9810898303985596
WT,1,81.1623246492986,LYS104-DOR,4.4807281494140625
WT,1,81.3627254509018,LYS104-DOR,4.984886169433594
WT,1,81.56312625250501,LYS104-DOR,4.660953998565674
WT,1,81.76352705410822,LYS104-DOR,4.838364601135254
WT,1,81.96392785571143,LYS104-DOR,4.300609111785889
WT,1,82.16432865731463,LYS104-DOR,4.259979724884033
WT,1,82.36472945891784,LYS104-DOR,4.5044074058532715
WT,1,82.56513026052104,LYS104-DOR,4.565227508544922
WT,1,82.76553106212425,LYS104-DOR,4.962026596069336
WT,1,82.96593186372746,LYS104-DOR,4.859160900115967
WT,1,83.16633266533066,LYS104-DOR,4.894097328186035
WT,1,83.36673346693387,LYS104-DOR,4.880520820617676
WT,1,83.56713426853707,LYS104-DOR,4.831350803375244
WT,1,83.76753507014028,LYS104-DOR,4.428221702575684
WT,1,83.96793587174349,LYS104-DOR,4.574272632598877
WT,1,84.1683366733467,LYS104-DOR,3.8169236183166504
WT,1,84.3687374749499,LYS104-DOR,3.8371896743774414
WT,1,84.5691382765531,LYS104-DOR,4.580870628356934
WT,1,84.76953907815631,LYS104-DOR,3.970348834991455
WT,1,84.96993987975952,LYS104-DOR,3.568269729614258
WT,1,85.17034068136273,LYS104-DOR,4.170795440673828
WT,1,85.37074148296594,LYS104-DOR,3.784935712814331
WT,1,85.57114228456913,LYS104-DOR,3.880815267562866
WT,1,85.77154308617234,LYS104-DOR,3.949014902114868
WT,1,85.97194388777555,LYS104-DOR,3.8619203567504883
WT,1,86.17234468937876,LYS104-DOR,4.207201957702637
WT,1,86.37274549098197,LYS104-DOR,3.2628660202026367
WT,1,86.57314629258518,LYS104-DOR,4.307016372680664
WT,1,86.77354709418837,LYS104-DOR,4.650534629821777
WT,1,86.97394789579158,LYS104-DOR,4.831521987915039
WT,1,87.17434869739479,LYS104-DOR,4.831841945648193
WT,1,87.374749498998,LYS104-DOR,5.037999153137207
WT,1,87.57515030060121,LYS104-DOR,4.933099269866943
WT,1,87.77555110220442,LYS104-DOR,4.410829067230225
WT,1,87.97595190380761,LYS104-DOR,4.359776496887207
WT,1,88.17635270541082,LYS104-DOR,4.048768997192383
WT,1,88.37675350701403,LYS104-DOR,5.111610412597656
WT,1,88.57715430861724,LYS104-DOR,4.329256057739258
WT,1,88.77755511022045,LYS104-DOR,3.598367691040039
WT,1,88.97795591182366,LYS104-DOR,4.583470344543457
WT,1,89.17835671342685,LYS104-DOR,3.6593246459960938
WT,1,89.37875751503006,LYS104-DOR,4.964995384216309
WT,1,89.57915831663327,LYS104-DOR,3.9071033000946045
WT,1,89.77955911823648,LYS104-DOR,5.227299690246582
WT,1,89.97995991983969,LYS104-DOR,5.090835094451904
WT,1,90.1803607214429,LYS104-DOR,5.030003547668457
WT,1,90.38076152304609,LYS104-DOR,4.836820125579834
WT,1,90.5811623246493,LYS104-DOR,5.291659355163574
WT,1,90.78156312625251,LYS104-DOR,4.583077430725098
WT,1,90.98196392785572,LYS104-DOR,4.879595756530762
WT,1,91.18236472945893,LYS104-DOR,4.850818634033203
WT,1,91.38276553106213,LYS104-DOR,5.0515947341918945
WT,1,91.58316633266533,LYS104-DOR,4.791126728057861
WT,1,91.78356713426854,LYS104-DOR,3.6516923904418945
WT,1,91.98396793587175,LYS104-DOR,3.9083123207092285
WT,1,92.18436873747495,LYS104-DOR,4.877286434173584
WT,1,92.38476953907816,LYS104-DOR,4.667487621307373
WT,1,92.58517034068136,LYS104-DOR,4.859227657318115
WT,1,92.78557114228457,LYS104-DOR,4.50578498840332
WT,1,92.98597194388778,LYS104-DOR,5.079991817474365
WT,1,93.18637274549098,LYS104-DOR,4.814427375793457
WT,1,93.3867735470942,LYS104-DOR,4.843612194061279
WT,1,93.5871743486974,LYS104-DOR,4.9702067375183105
WT,1,93.7875751503006,LYS104-DOR,4.907294273376465
WT,1,93.9879759519038,LYS104-DOR,4.954376697540283
WT,1,94.18837675350701,LYS104-DOR,5.385534763336182
WT,1,94.38877755511022,LYS104-DOR,4.915383338928223
WT,1,94.58917835671343,LYS104-DOR,4.312774658203125
WT,1,94.78957915831664,LYS104-DOR,4.4712815284729
WT,1,94.98997995991984,LYS104-DOR,3.189596652984619
WT,1,95.19038076152304,LYS104-DOR,4.946775913238525
WT,1,95.39078156312625,LYS104-DOR,4.489291667938232
WT,1,95.59118236472946,LYS104-DOR,5.000588417053223
WT,1,95.79158316633267,LYS104-DOR,4.711532115936279
WT,1,95.99198396793588,LYS104-DOR,5.002166748046875
WT,1,96.19238476953907,LYS104-DOR,4.788412570953369
WT,1,96.39278557114228,LYS104-DOR,4.824993133544922
WT,1,96.59318637274549,LYS104-DOR,4.406225204467773
WT,1,96.7935871743487,LYS104-DOR,5.091411590576172
WT,1,96.99398797595191,LYS104-DOR,4.2515177726745605
WT,1,97.19438877755512,LYS104-DOR,5.531309127807617
WT,1,97.39478957915831,LYS104-DOR,4.900469779968262
WT,1,97.59519038076152,LYS104-DOR,5.245344638824463
WT,1,97.79559118236473,LYS104-DOR,4.649524211883545
WT,1,97.99599198396794,LYS104-DOR,4.979140281677246
WT,1,98.19639278557115,LYS104-DOR,4.808121204376221
WT,1,98.39679358717436,LYS104-DOR,4.7966742515563965
WT,1,98.59719438877755,LYS104-DOR,4.9752421379089355
WT,1,98.79759519038076,LYS104-DOR,4.804150104522705
WT,1,98.99799599198397,LYS104-DOR,4.993863582611084
WT,1,99.19839679358718,LYS104-DOR,5.14708137512207
WT,1,99.39879759519039,LYS104-DOR,5.175378799438477
WT,1,99.5991983967936,LYS104-DOR,4.812727928161621
WT,1,99.79959919839679,LYS104-DOR,5.054305076599121
WT,1,100.0,LYS104-DOR,3.856401205062866
WT,2,0.0,LYS104-DOR,5.075589179992676
WT,2,0.5586592178770949,LYS104-DOR,4.78666877746582
WT,2,1.1173184357541899,LYS104-DOR,5.046379089355469
WT,2,1.6759776536312847,LYS104-DOR,4.2021026611328125
WT,2,2.2346368715083798,LYS104-DOR,4.875324726104736
WT,2,2.793296089385475,LYS104-DOR,4.633709907531738
WT,2,3.3519553072625694,LYS104-DOR,4.8718132972717285
WT,2,3.9106145251396645,LYS104-DOR,5.015411853790283
WT,2,4.4692737430167595,LYS104-DOR,3.7756106853485107
WT,2,5.027932960893854,LYS104-DOR,5.115875720977783
WT,2,5.58659217877095,LYS104-DOR,5.662417411804199
WT,2,6.145251396648044,LYS104-DOR,5.023188591003418
WT,2,6.703910614525139,LYS104-DOR,4.537524223327637
WT,2,7.262569832402234,LYS104-DOR,4.444439888000488
WT,2,7.821229050279329,LYS104-DOR,5.258927345275879
WT,2,8.379888268156424,LYS104-DOR,4.83436918258667
WT,2,8.938547486033519,LYS104-DOR,5.019996643066406
WT,2,9.497206703910614,LYS104-DOR,4.979394435882568
WT,2,10.055865921787708,LYS104-DOR,4.4922990798950195
WT,2,10.614525139664805,LYS104-DOR,5.374518394470215
WT,2,11.1731843575419,LYS104-DOR,4.466012001037598
WT,2,11.731843575418994,LYS104-DOR,4.748417854309082
WT,2,12.290502793296088,LYS104-DOR,3.9914536476135254
WT,2,12.849162011173183,LYS104-DOR,3.670590400695801
WT,2,13.407821229050278,LYS104-DOR,4.248815059661865
WT,2,13.966480446927374,LYS104-DOR,4.819339275360107
WT,2,14.525139664804469,LYS104-DOR,4.634381294250488
WT,2,15.083798882681563,LYS104-DOR,5.357242584228516
WT,2,15.642458100558658,LYS104-DOR,5.505861759185791
WT,2,16.201117318435752,LYS104-DOR,4.437333583831787
WT,2,16.75977653631285,LYS104-DOR,5.278034210205078
WT,2,17.31843575418994,LYS104-DOR,4.459108352661133
WT,2,17.877094972067038,LYS104-DOR,4.948070526123047
WT,2,18.435754189944134,LYS104-DOR,4.829848289489746
WT,2,18.994413407821227,LYS104-DOR,5.174002170562744
WT,2,19.553072625698324,LYS104-DOR,5.075627326965332
WT,2,20.111731843575416,LYS104-DOR,5.405301094055176
WT,2,20.670391061452513,LYS104-DOR,5.03782844543457
WT,2,21.22905027932961,LYS104-DOR,4.744011878967285
WT,2,21.787709497206702,LYS104-DOR,4.203067779541016
WT,2,22.3463687150838,LYS104-DOR,4.586264610290527
WT,2,22.90502793296089,LYS104-DOR,5.108054161071777
WT,2,23.463687150837988,LYS104-DOR,4.361911296844482
WT,2,24.022346368715084,LYS104-DOR,4.6797194480896
WT,2,24.581005586592177,LYS104-DOR,3.7695767879486084
WT,2,25.139664804469273,LYS104-DOR,4.808086395263672
WT,2,25.698324022346366,LYS104-DOR,3.4278182983398438
WT,2,26.256983240223462,LYS104-DOR,3.9535930156707764
WT,2,26.815642458100555,LYS104-DOR,4.91441535949707
WT,2,27.37430167597765,LYS104-DOR,5.085444927215576
WT,2,27.932960893854748,LYS104-DOR,5.51964807510376
WT,2,28.49162011173184,LYS104-DOR,5.334110736846924
WT,2,29.050279329608937,LYS104-DOR,5.202088356018066
WT,2,29.60893854748603,LYS104-DOR,5.5259904861450195
WT,2,30.167597765363126,LYS104-DOR,5.411328315734863
WT,2,30.726256983240223,LYS104-DOR,5.132236003875732
WT,2,31.284916201117316,LYS104-DOR,5.464847087860107
WT,2,31.843575418994412,LYS104-DOR,5.237891674041748
WT,2,32.402234636871505,LYS104-DOR,5.417981147766113
WT,2,32.960893854748605,LYS104-DOR,5.086214542388916
WT,2,33.5195530726257,LYS104-DOR,4.934636116027832
WT,2,34.07821229050279,LYS104-DOR,4.662045001983643
WT,2,34.63687150837988,LYS104-DOR,4.88733434677124
WT,2,35.19553072625698,LYS104-DOR,5.191645622253418
WT,2,35.754189944134076,LYS104-DOR,4.5644049644470215
WT,2,36.31284916201117,LYS104-DOR,4.1327643394470215
WT,2,36.87150837988827,LYS104-DOR,4.928912162780762
WT,2,37.43016759776536,LYS104-DOR,3.1507742404937744
WT,2,37.988826815642454,LYS104-DOR,4.589226245880127
WT,2,38.54748603351955,LYS104-DOR,4.552255153656006
WT,2,39.10614525139665,LYS104-DOR,5.2342963218688965
WT,2,39.66480446927374,LYS104-DOR,4.386685371398926
WT,2,40.22346368715083,LYS104-DOR,5.101893424987793
WT,2,40.78212290502793,LYS104-DOR,5.221203804016113
WT,2,41.340782122905026,LYS104-DOR,4.89002799987793
WT,2,41.89944134078212,LYS104-DOR,4.648885250091553
WT,2,42.45810055865922,LYS104-DOR,5.185601711273193
WT,2,43.01675977653631,LYS104-DOR,5.036733627319336
WT,2,43.575418994413404,LYS104-DOR,4.97906494140625
WT,2,44.1340782122905,LYS104-DOR,4.764955520629883
WT,2,44.6927374301676,LYS104-DOR,5.3849263191223145
WT,2,45.25139664804469,LYS104-DOR,4.5946760177612305
WT,2,45.81005586592178,LYS104-DOR,4.572071075439453
WT,2,46.36871508379888,LYS104-DOR,4.8634467124938965
WT,2,46.927374301675975,LYS104-DOR,5.033411502838135
WT,2,47.48603351955307,LYS104-DOR,5.096305847167969
WT,2,48.04469273743017,LYS104-DOR,4.18190860748291
WT,2,48.60335195530726,LYS104-DOR,4.292964458465576
WT,2,49.162011173184354,LYS104-DOR,4.980733394622803
WT,2,49.72067039106145,LYS104-DOR,4.410439491271973
WT,2,50.279329608938546,LYS104-DOR,4.500914096832275
WT,2,50.83798882681564,LYS104-DOR,3.6293017864227295
WT,2,51.39664804469273,LYS104-DOR,4.1237874031066895
WT,2,51.95530726256983,LYS104-DOR,5.059511184692383
WT,2,52.513966480446925,LYS104-DOR,4.427155017852783
WT,2,53.07262569832402,LYS104-DOR,4.3887434005737305
WT,2,53.63128491620111,LYS104-DOR,3.824824810028076
WT,2,54.18994413407821,LYS104-DOR,4.914513111114502
WT,2,54.7486033519553,LYS104-DOR,3.982464075088501
WT,2,55.307262569832396,LYS104-DOR,4.96107816696167
WT,2,55.865921787709496,LYS104-DOR,5.143637180328369
WT,2,56.42458100558659,LYS104-DOR,4.711437702178955
WT,2,56.98324022346368,LYS104-DOR,3.872217893600464
WT,2,57.54189944134078,LYS104-DOR,4.586816310882568
WT,2,58.100558659217874,LYS104-DOR,4.951025009155273
WT,2,58.65921787709497,LYS104-DOR,4.448331832885742
WT,2,59.21787709497206,LYS104-DOR,4.8573150634765625
WT,2,59.77653631284916,LYS104-DOR,4.862354278564453
WT,2,60.33519553072625,LYS104-DOR,4.831347942352295
WT,2,60.893854748603346,LYS104-DOR,4.191587924957275
WT,2,61.452513966480446,LYS104-DOR,4.570664882659912
WT,2,62.01117318435754,LYS104-DOR,4.974767684936523
WT,2,62.56983240223463,LYS104-DOR,4.557941436767578
WT,2,63.12849162011173,LYS104-DOR,5.069655418395996
WT,2,63.687150837988824,LYS104-DOR,5.167608737945557
WT,2,64.24581005586592,LYS104-DOR,4.965603828430176
WT,2,64.80446927374301,LYS104-DOR,5.279419422149658
WT,2,65.3631284916201,LYS104-DOR,5.105164051055908
WT,2,65.92178770949721,LYS104-DOR,5.274657726287842
WT,2,66.4804469273743,LYS104-DOR,4.464576244354248
WT,2,67.0391061452514,LYS104-DOR,5.044257640838623
WT,2,67.59776536312849,LYS104-DOR,5.413801670074463
WT,2,68.15642458100558,LYS104-DOR,4.6254496574401855
WT,2,68.71508379888267,LYS104-DOR,3.8833184242248535
WT,2,69.27374301675977,LYS104-DOR,5.479043960571289
WT,2,69.83240223463687,LYS104-DOR,4.877914905548096
WT,2,70.39106145251397,LYS104-DOR,5.07211971282959
WT,2,70.94972067039106,LYS104-DOR,4.617741584777832
WT,2,71.50837988826815,LYS104-DOR,4.528970241546631
WT,2,72.06703910614524,LYS104-DOR,4.381808280944824
WT,2,72.62569832402234,LYS104-DOR,5.012955188751221
WT,2,73.18435754189943,LYS104-DOR,4.657140254974365
WT,2,73.74301675977654,LYS104-DOR,4.415067672729492
WT,2,74.30167597765363,LYS104-DOR,4.838395118713379
WT,2,74.86033519553072,LYS104-DOR,4.998746395111084
WT,2,75.41899441340782,LYS104-DOR,4.689477443695068
WT,2,75.97765363128491,LYS104-DOR,4.8133931159973145
WT,2,76.536312849162,LYS104-DOR,4.720414161682129
WT,2,77.0949720670391,LYS104-DOR,4.7983880043029785
WT,2,77.6536312849162,LYS104-DOR,5.071843147277832
WT,2,78.2122905027933,LYS104-DOR,5.343906402587891
WT,2,78.77094972067039,LYS104-DOR,4.846879482269287
WT,2,79.32960893854748,LYS104-DOR,4.111472129821777
WT,2,79.88826815642457,LYS104-DOR,4.303098201751709
WT,2,80.44692737430167,LYS104-DOR,5.018155574798584
WT,2,81.00558659217877,LYS104-DOR,5.101943016052246
WT,2,81.56424581005587,LYS104-DOR,4.439383029937744
WT,2,82.12290502793296,LYS104-DOR,4.829283714294434
WT,2,82.68156424581005,LYS104-DOR,4.686417102813721
WT,2,83.24022346368714,LYS104-DOR,4.898896217346191
WT,2,83.79888268156424,LYS104-DOR,4.765980243682861
WT,2,84.35754189944133,LYS104-DOR,4.911568641662598
WT,2,84.91620111731844,LYS104-DOR,4.89951229095459
WT,2,85.47486033519553,LYS104-DOR,4.2805585861206055
WT,2,86.03351955307262,LYS104-DOR,4.612953186035156
WT,2,86.59217877094972,LYS104-DOR,4.7966389656066895
WT,2,87.15083798882681,LYS104-DOR,4.929551601409912
WT,2,87.7094972067039,LYS104-DOR,4.8846049308776855
WT,2,88.268156424581,LYS104-DOR,4.2049736976623535
WT,2,88.8268156424581,LYS104-DOR,4.937649726867676
WT,2,89.3854748603352,LYS104-DOR,3.913060188293457
WT,2,89.94413407821229,LYS104-DOR,4.006264686584473
WT,2,90.50279329608938,LYS104-DOR,3.109574556350708
WT,2,91.06145251396647,LYS104-DOR,4.824670791625977
WT,2,91.62011173184356,LYS104-DOR,4.446261405944824
WT,2,92.17877094972066,LYS104-DOR,4.586545944213867
WT,2,92.73743016759776,LYS104-DOR,4.810574054718018
WT,2,93.29608938547486,LYS104-DOR,3.9850642681121826
WT,2,93.85474860335195,LYS104-DOR,4.538970947265625
WT,2,94.41340782122904,LYS104-DOR,5.298847198486328
WT,2,94.97206703910614,LYS104-DOR,4.615896224975586
WT,2,95.53072625698323,LYS104-DOR,4.396838188171387
WT,2,96.08938547486034,LYS104-DOR,4.812210559844971
WT,2,96.64804469273743,LYS104-DOR,5.568321228027344
WT,2,97.20670391061452,LYS104-DOR,4.613865852355957
WT,2,97.76536312849161,LYS104-DOR,5.028763771057129
WT,2,98.32402234636871,LYS104-DOR,4.067754745483398
WT,2,98.8826815642458,LYS104-DOR,4.027175426483154
WT,2,99.4413407821229,LYS104-DOR,4.558401584625244
WT,2,100.0,LYS104-DOR,4.0860443115234375
WT,3,0.0,LYS104-DOR,4.8740363121032715
WT,3,0.5586592178770949,LYS104-DOR,4.719105243682861
WT,3,1.1173184357541899,LYS104-DOR,5.009548664093018
WT,3,1.6759776536312847,LYS104-DOR,4.9146409034729
WT,3,2.2346368715083798,LYS104-DOR,4.947984218597412
WT,3,2.793296089385475,LYS104-DOR,4.610705852508545
WT,3,3.3519553072625694,LYS104-DOR,4.994500160217285
WT,3,3.9106145251396645,LYS104-DOR,4.952268600463867
WT,3,4.4692737430167595,LYS104-DOR,5.115268707275391
WT,3,5.027932960893854,LYS104-DOR,4.387353897094727
WT,3,5.58659217877095,LYS104-DOR,4.524335861206055
WT,3,6.145251396648044,LYS104-DOR,4.690378665924072
WT,3,6.703910614525139,LYS104-DOR,5.108180999755859
WT,3,7.262569832402234,LYS104-DOR,4.644611358642578
WT,3,7.821229050279329,LYS104-DOR,4.919946193695068
WT,3,8.379888268156424,LYS104-DOR,5.028415203094482
WT,3,8.938547486033519,LYS104-DOR,5.120847225189209
WT,3,9.497206703910614,LYS104-DOR,4.6547441482543945
WT,3,10.055865921787708,LYS104-DOR,5.081234455108643
WT,3,10.614525139664805,LYS104-DOR,4.654187202453613
WT,3,11.1731843575419,LYS104-DOR,4.986630439758301
WT,3,11.731843575418994,LYS104-DOR,5.093438148498535
WT,3,12.290502793296088,LYS104-DOR,4.976311206817627
WT,3,12.849162011173183,LYS104-DOR,4.836884021759033
WT,3,13.407821229050278,LYS104-DOR,5.221889019012451
WT,3,13.966480446927374,LYS104-DOR,4.665618896484375
WT,3,14.525139664804469,LYS104-DOR,4.879955768585205
WT,3,15.083798882681563,LYS104-DOR,4.815211772918701
WT,3,15.642458100558658,LYS104-DOR,4.967156887054443
WT,3,16.201117318435752,LYS104-DOR,4.970273017883301
WT,3,16.75977653631285,LYS104-DOR,5.208800315856934
WT,3,17.31843575418994,LYS104-DOR,4.975969314575195
WT,3,17.877094972067038,LYS104-DOR,5.274317741394043
WT,3,18.435754189944134,LYS104-DOR,5.039808750152588
WT,3,18.994413407821227,LYS104-DOR,4.31491756439209
WT,3,19.553072625698324,LYS104-DOR,5.078544616699219
WT,3,20.111731843575416,LYS104-DOR,5.225534439086914
WT,3,20.670391061452513,LYS104-DOR,4.947810649871826
WT,3,21.22905027932961,LYS104-DOR,4.719474792480469
WT,3,21.787709497206702,LYS104-DOR,4.714802265167236
WT,3,22.3463687150838,LYS104-DOR,4.978751182556152
WT,3,22.90502793296089,LYS104-DOR,4.993973255157471
WT,3,23.463687150837988,LYS104-DOR,3.567460536956787
WT,3,24.022346368715084,LYS104-DOR,4.336491584777832
WT,3,24.581005586592177,LYS104-DOR,4.095470428466797
WT,3,25.139664804469273,LYS104-DOR,5.086233615875244
WT,3,25.698324022346366,LYS104-DOR,5.111357688903809
WT,3,26.256983240223462,LYS104-DOR,4.9842400550842285
WT,3,26.815642458100555,LYS104-DOR,5.0546417236328125
WT,3,27.37430167597765,LYS104-DOR,5.168008327484131
WT,3,27.932960893854748,LYS104-DOR,3.313903331756592
WT,3,28.49162011173184,LYS104-DOR,4.53359842300415
WT,3,29.050279329608937,LYS104-DOR,4.958978652954102
WT,3,29.60893854748603,LYS104-DOR,5.098616600036621
WT,3,30.167597765363126,LYS104-DOR,4.883796691894531
WT,3,30.726256983240223,LYS104-DOR,4.845715522766113
WT,3,31.284916201117316,LYS104-DOR,4.9673991203308105
WT,3,31.843575418994412,LYS104-DOR,4.841741561889648
WT,3,32.402234636871505,LYS104-DOR,5.537598609924316
WT,3,32.960893854748605,LYS104-DOR,4.789036750793457
WT,3,33.5195530726257,LYS104-DOR,5.296276092529297
WT,3,34.07821229050279,LYS104-DOR,4.9728779792785645
WT,3,34.63687150837988,LYS104-DOR,5.054655075073242
WT,3,35.19553072625698,LYS104-DOR,4.9071364402771
WT,3,35.754189944134076,LYS104-DOR,5.023000717163086
WT,3,36.31284916201117,LYS104-DOR,5.003732681274414
WT,3,36.87150837988827,LYS104-DOR,4.9886040687561035
WT,3,37.43016759776536,LYS104-DOR,4.746877670288086
WT,3,37.988826815642454,LYS104-DOR,4.1604905128479
WT,3,38.54748603351955,LYS104-DOR,4.848766803741455
WT,3,39.10614525139665,LYS104-DOR,4.027266979217529
WT,3,39.66480446927374,LYS104-DOR,4.118051528930664
WT,3,40.22346368715083,LYS104-DOR,3.7444446086883545
WT,3,40.78212290502793,LYS104-DOR,4.880153179168701
WT,3,41.340782122905026,LYS104-DOR,5.076310157775879
WT,3,41.89944134078212,LYS104-DOR,4.969839096069336
WT,3,42.45810055865922,LYS104-DOR,4.7009968757629395
WT,3,43.01675977653631,LYS104-DOR,4.976772308349609
WT,3,43.575418994413404,LYS104-DOR,4.833404541015625
WT,3,44.1340782122905,LYS104-DOR,5.464899063110352
WT,3,44.6927374301676,LYS104-DOR,5.032723426818848
WT,3,45.25139664804469,LYS104-DOR,5.125009536743164
WT,3,45.81005586592178,LYS104-DOR,4.972489356994629
WT,3,46.36871508379888,LYS104-DOR,5.362605571746826
WT,3,46.927374301675975,LYS104-DOR,4.955848693847656
WT,3,47.48603351955307,LYS104-DOR,4.8761467933654785
WT,3,48.04469273743017,LYS104-DOR,4.951024532318115
WT,3,48.60335195530726,LYS104-DOR,5.264505863189697
WT,3,49.162011173184354,LYS104-DOR,4.658584117889404
WT,3,49.72067039106145,LYS104-DOR,5.326735496520996
WT,3,50.279329608938546,LYS104-DOR,4.518363952636719
WT,3,50.83798882681564,LYS104-DOR,4.099506855010986
WT,3,51.39664804469273,LYS104-DOR,4.562515735626221
WT,3,51.95530726256983,LYS104-DOR,4.091299057006836
WT,3,52.513966480446925,LYS104-DOR,5.075376510620117
WT,3,53.07262569832402,LYS104-DOR,4.847492218017578
WT,3,53.63128491620111,LYS104-DOR,4.87934684753418
WT,3,54.18994413407821,LYS104-DOR,4.969061851501465
WT,3,54.7486033519553,LYS104-DOR,5.022520542144775
WT,3,55.307262569832396,LYS104-DOR,4.386367321014404
WT,3,55.865921787709496,LYS104-DOR,4.871488094329834
WT,3,56.42458100558659,LYS104-DOR,4.844368934631348
WT,3,56.98324022346368,LYS104-DOR,4.993978977203369
WT,3,57.54189944134078,LYS104-DOR,4.355921745300293
WT,3,58.100558659217874,LYS104-DOR,4.171386241912842
WT,3,58.65921787709497,LYS104-DOR,4.697647571563721
WT,3,59.21787709497206,LYS104-DOR,4.847865104675293
WT,3,59.77653631284916,LYS104-DOR,5.177043914794922
WT,3,60.33519553072625,LYS104-DOR,4.624031066894531
WT,3,60.893854748603346,LYS104-DOR,4.69147253036499
WT,3,61.452513966480446,LYS104-DOR,4.789349555969238
WT,3,62.01117318435754,LYS104-DOR,5.23533821105957
WT,3,62.56983240223463,LYS104-DOR,5.046658515930176
WT,3,63.12849162011173,LYS104-DOR,4.887643337249756
WT,3,63.687150837988824,LYS104-DOR,4.929349899291992
WT,3,64.24581005586592,LYS104-DOR,4.483091831207275
WT,3,64.80446927374301,LYS104-DOR,5.140714645385742
WT,3,65.3631284916201,LYS104-DOR,5.0556111335754395
WT,3,65.92178770949721,LYS104-DOR,4.915581226348877
WT,3,66.4804469273743,LYS104-DOR,4.876801490783691
WT,3,67.0391061452514,LYS104-DOR,4.7796101570129395
WT,3,67.59776536312849,LYS104-DOR,5.185175895690918
WT,3,68.15642458100558,LYS104-DOR,5.030026435852051
WT,3,68.71508379888267,LYS104-DOR,4.40917444229126
WT,3,69.27374301675977,LYS104-DOR,4.2280659675598145
WT,3,69.83240223463687,LYS104-DOR,4.623274326324463
WT,3,70.39106145251397,LYS104-DOR,4.584428787231445
WT,3,70.94972067039106,LYS104-DOR,4.874854564666748
WT,3,71.50837988826815,LYS104-DOR,4.7708234786987305
WT,3,72.06703910614524,LYS104-DOR,4.428859233856201
WT,3,72.62569832402234,LYS104-DOR,4.276252746582031
WT,3,73.18435754189943,LYS104-DOR,4.907294273376465
WT,3,73.74301675977654,LYS104-DOR,5.1214399337768555
WT,3,74.30167597765363,LYS104-DOR,5.070635795593262
WT,3,74.86033519553072,LYS104-DOR,4.902481555938721
WT,3,75.41899441340782,LYS104-DOR,4.533203125
WT,3,75.97765363128491,LYS104-DOR,4.054849624633789
WT,3,76.536312849162,LYS104-DOR,5.100140571594238
WT,3,77.0949720670391,LYS104-DOR,5.050982475280762
WT,3,77.6536312849162,LYS104-DOR,4.384193420410156
WT,3,78.2122905027933,LYS104-DOR,5.035908222198486
WT,3,78.77094972067039,LYS104-DOR,5.1413798332214355
WT,3,79.32960893854748,LYS104-DOR,5.124286651611328
WT,3,79.88826815642457,LYS104-DOR,4.848738193511963
WT,3,80.44692737430167,LYS104-DOR,4.757824897766113
WT,3,81.00558659217877,LYS104-DOR,4.786623001098633
WT,3,81.56424581005587,LYS104-DOR,5.316727638244629
WT,3,82.12290502793296,LYS104-DOR,4.410632133483887
WT,3,82.68156424581005,LYS104-DOR,4.431118488311768
WT,3,83.24022346368714,LYS104-DOR,4.850318908691406
WT,3,83.79888268156424,LYS104-DOR,4.767849922180176
WT,3,84.35754189944133,LYS104-DOR,4.473878860473633
WT,3,84.91620111731844,LYS104-DOR,4.852677345275879
WT,3,85.47486033519553,LYS104-DOR,5.031165599822998
WT,3,86.03351955307262,LYS104-DOR,4.834562301635742
WT,3,86.59217877094972,LYS104-DOR,4.562419891357422
WT,3,87.15083798882681,LYS104-DOR,4.7233076095581055
WT,3,87.7094972067039,LYS104-DOR,4.919023513793945
WT,3,88.268156424581,LYS104-DOR,5.315019607543945
WT,3,88.8268156424581,LYS104-DOR,4.755123138427734
WT,3,89.3854748603352,LYS104-DOR,4.824586391448975
WT,3,89.94413407821229,LYS104-DOR,5.138692855834961
WT,3,90.50279329608938,LYS104-DOR,4.740230083465576
WT,3,91.06145251396647,LYS104-DOR,4.2717180252075195
WT,3,91.62011173184356,LYS104-DOR,4.475099086761475
WT,3,92.17877094972066,LYS104-DOR,5.22672700881958
WT,3,92.73743016759776,LYS104-DOR,4.844764709472656
WT,3,93.29608938547486,LYS104-DOR,4.837460994720459
WT,3,93.85474860335195,LYS104-DOR,5.016464710235596
WT,3,94.41340782122904,LYS104-DOR,4.886336803436279
WT,3,94.97206703910614,LYS104-DOR,4.816755294799805
WT,3,95.53072625698323,LYS104-DOR,5.185386657714844
WT,3,96.08938547486034,LYS104-DOR,5.3601508140563965
WT,3,96.64804469273743,LYS104-DOR,5.02097225189209
WT,3,97.20670391061452,LYS104-DOR,4.995863437652588
WT,3,97.76536312849161,LYS104-DOR,5.1749773025512695
WT,3,98.32402234636871,LYS104-DOR,5.1398773193359375
WT,3,98.8826815642458,LYS104-DOR,5.005202770233154
WT,3,99.4413407821229,LYS104-DOR,4.7349677085876465
WT,3,100.0,LYS104-DOR,5.06786584854126
