#"Step","Potential Energy (kJ/mole)","Temperature (K)","Box Volume (nm^3)","Density (g/mL)","Speed (ns/day)"
2000,-2567868.5436894447,300.8626389570963,1946.1430890867423,1.0043544376280635,0
4000,-2570036.646254657,301.0557785281011,1938.3750367580167,1.0083793954820046,140
6000,-2573407.109600639,300.67292190706286,1927.9058333350395,1.013855248522284,140
8000,-2571930.1065433696,300.97922629577323,1930.4733281714534,1.0125068392604386,140
10000,-2574027.7422730494,301.75739373382527,1926.4291496706144,1.0146324084213858,140
12000,-2575516.335401267,300.7672135925654,1922.9551264336067,1.016465449928919,141
14000,-2577611.3993410356,300.62052987323193,1923.3941850960157,1.0162334184689672,141
16000,-2573956.24841943,300.35249420013264,1928.9061745741565,1.0133294576730654,140
18000,-2572068.5111228786,300.68989880436584,1929.246431926093,1.0131507387742242,141
20000,-2577360.3774252124,299.6325252580239,1922.3542050620501,1.0167831935636262,140
22000,-2573306.6260069814,300.86032924028433,1925.1999999491345,1.0152802035295554,141
24000,-2572799.081460083,299.9764603716333,1925.3978240262,1.015175889051415,141
26000,-2576825.113492517,300.34355289160646,1921.1772406899977,1.0174061020426464,141
28000,-2575984.5001336113,299.5281074312381,1922.6432430420305,1.0166303368329723,141
30000,-2574290.082152892,300.28711597472926,1924.7164641424022,1.015535266725314,141
32000,-2576713.481813891,298.635656411782,1925.9580688419974,1.0148805830226053,141
34000,-2577230.983018605,299.34666302964314,1923.8626789444202,1.0159859480490112,141
36000,-2578245.450032791,300.6837912376148,1921.7579108989416,1.017098686935622,139
38000,-2575711.812930716,300.46527533109025,1921.6825198763179,1.0171385895258387,139
40000,-2574100.9396892264,300.03130133400583,1921.1353123734923,1.0174283066863203,139
42000,-2576635.871442292,299.9487995033753,1923.0680952772175,1.0164057386130636,139
44000,-2575566.4662157744,299.1029175921344,1922.9687880667893,1.0164582285022343,138
46000,-2578471.419576386,299.42769956155155,1922.526256894426,1.0166921990136406,138
48000,-2577962.1152203493,299.71683202912357,1923.6846637307408,1.0160799660338957,138
50000,-2579835.4356808793,300.5731665518616,1922.3081274814335,1.0168075657799744,137
52000,-2576177.944815399,299.2993263883329,1925.8678320030454,1.014928135411302,137
54000,-2577127.1968039013,300.75716931483424,1921.8064307402456,1.0170730082480648,137
56000,-2577651.6377839725,300.47519080024244,1922.353225003711,1.016783711942265,136
58000,-2576230.377354691,301.97330394324086,1923.9141121038358,1.0159587870822606,136
60000,-2577348.2110963315,300.979618940469,1921.3849725197324,1.0172961044970303,136
62000,-2576755.8330369648,300.6821402486429,1921.7695925255616,1.0170925044217856,136
64000,-2575397.6966033075,299.59754134371826,1921.7588761817528,1.0170981760557753,135
66000,-2577563.3231685273,300.5091913076022,1921.431240620252,1.0172716079876438,135
68000,-2577446.461238442,300.2811857164203,1921.835222893729,1.0170577708740127,135
70000,-2578271.9102593213,302.271430046261,1923.1285488676363,1.016373787875159,134
72000,-2576572.487258533,300.1720147781927,1924.5712277322773,1.0156119033778674,134
74000,-2576347.5716024116,299.94099878528215,1922.954997311536,1.0164655181822708,134
76000,-2578497.3418138474,299.34441628866665,1924.4491674525657,1.0156763196664873,134
78000,-2576436.197363138,299.9565927995886,1922.85811620249,1.0165167316888104,134
80000,-2577906.0101940334,299.83515691105447,1924.3339067702477,1.0157371550263004,134
82000,-2576060.2935246006,299.0244141394877,1922.59273349971,1.0166570453147674,134
84000,-2575343.968669798,301.45516519647816,1925.6473160400353,1.015044360149499,134
86000,-2574313.910193071,300.8488506986328,1927.6316972079576,1.0139994328867836,133
88000,-2575687.87534862,300.07035027531197,1921.4338438884593,1.0172702297300247,133
90000,-2578556.9676293414,299.98333635256193,1923.769945509579,1.0160349226506433,133
92000,-2579761.9579935838,299.9600706399891,1920.4220246570085,1.017806202328135,133
94000,-2576117.5345360953,299.4594410778118,1924.1362551414657,1.0158414938445983,133
96000,-2576817.2764239535,300.43770712544625,1924.2161039809116,1.015799339658186,133
98000,-2578670.518711442,299.8880657952662,1926.568722190034,1.014558902192463,133
100000,-2576071.431569021,300.31479323027725,1924.3055942422986,1.0157520996830516,133
102000,-2577258.406713413,300.0227118470955,1923.3116958820617,1.0162770038618407,133
104000,-2575697.307307437,301.1884976727189,1924.2699600964645,1.015770909652132,132
106000,-2576503.5583065078,301.08917440585446,1922.5884106498647,1.0166593312204386,132
108000,-2573933.0469777808,299.3227883593395,1925.3691525193992,1.0151910064757117,132
110000,-2577626.4675298575,301.27882919383217,1920.3403502997544,1.0178494908354931,132
112000,-2579627.3184344135,300.5976463968084,1921.5909755106097,1.0171870458873653,132
114000,-2577884.3479455374,302.09368633863505,1925.6975678474087,1.015017872182482,132
116000,-2576036.3577333055,300.3263123272699,1922.397393908059,1.0167603503716254,132
118000,-2577866.492144674,299.64645428539626,1925.3139738164962,1.015220101430456,132
120000,-2577308.592092341,300.2839377444992,1922.1821866995379,1.0168741866969502,131
122000,-2575304.851888893,299.8940188860482,1921.3578308024998,1.017310475148227,131
124000,-2578372.3232630305,300.46421784654865,1923.095755004864,1.016391119733148,131
126000,-2577917.519675875,300.4701319892734,1921.0525195301698,1.0174721554523125,131
128000,-2578475.152571691,300.7524802367584,1922.8447399471747,1.0165238030799904,131
130000,-2578117.1659368146,299.8597160885209,1919.5639916271257,1.0182611552984062,131
132000,-2578097.4328784235,300.0606720921251,1923.9145791595051,1.0159585404448492,131
134000,-2577289.980415115,301.0889313973529,1926.5574319341943,1.0145648478390243,131
136000,-2576630.529526539,299.0868055135269,1924.4974480442693,1.015650839012438,131
138000,-2578093.415357437,301.41649665283967,1923.347352806988,1.0162581631086205,131
140000,-2575944.623130204,300.84204831069803,1920.059848612886,1.0179981885437253,131
142000,-2575349.9164980743,299.31203562433683,1923.0912315726005,1.0163935104550794,131
144000,-2575315.4181015026,299.46953095709716,1923.798424775122,1.016019881611005,131
146000,-2578749.717887517,300.1405027936459,1923.5615178785404,1.0161450151795344,130
148000,-2578153.260592172,299.98032519532313,1921.4201383437678,1.01727748594761,130
150000,-2576522.054982038,300.0906682129166,1922.109521830705,1.0169126293707709,130
152000,-2576920.6964502204,300.48604493840674,1927.5113268300934,1.0140627557286221,130
154000,-2576947.0217429847,299.1497538535621,1923.566842433923,1.0161422024254927,130
156000,-2579848.010237353,299.5966477761315,1924.6764132933547,1.0155563991345795,130
158000,-2578194.9322483316,300.75509015263174,1924.4413476822663,1.0156804467631784,130
160000,-2576987.5325847175,300.83135827617286,1924.3175678887237,1.0157457793871192,130
162000,-2576259.966782989,300.6819901407708,1923.572081924047,1.016139434623296,130
164000,-2576417.1478096657,300.18097595330806,1925.553636931327,1.0150937425448445,130
166000,-2576986.7264676,300.8894364903311,1923.9902579289537,1.0159185784482463,130
168000,-2577363.316017203,300.5134762160392,1921.0608956431954,1.0174677191214319,130
170000,-2576565.976977242,299.89016854822734,1925.0229242766072,1.0153735953653493,129
172000,-2573845.0664308537,299.4867090008575,1923.8675199430552,1.0159833915389935,129
174000,-2580773.0450693946,300.942193434975,1919.947828924624,1.0180575838241668,129
176000,-2578491.500380967,300.9763054962046,1919.8933469363017,1.0180864738671902,129
178000,-2575870.8769948687,300.7024010885891,1924.295618874687,1.0157573652464595,129
180000,-2574816.1955259386,301.47395009168076,1926.276460728576,1.0147128346489591,129
182000,-2576275.16583067,301.16462905318645,1923.72479460408,1.0160587695631045,129
184000,-2579551.1587188765,299.67757205320953,1920.6375002718423,1.0176920150245976,129
186000,-2579378.9137347974,299.9190487293923,1921.914930813339,1.0170155902562654,129
188000,-2579646.2264942396,300.2925607069656,1923.2899510080404,1.0162884939730474,129
190000,-2577180.6716924477,300.55376597697125,1920.7474754021812,1.0176337456198838,129
192000,-2577638.9675032627,301.0946987540767,1923.7044578462294,1.0160695109953835,129
194000,-2575218.19220322,301.0302718810647,1927.2006524472758,1.014226227716022,129
196000,-2577053.5399885178,300.5375509660805,1923.4522424806896,1.0162027445311426,129
198000,-2575347.225190755,299.7888938341258,1920.2262585836097,1.0179099671437755,129
200000,-2580411.89289492,299.7773867797249,1921.114412612971,1.017439375266004,129
202000,-2579625.747725604,299.74092564236315,1920.1062269764984,1.017973599753021,129
204000,-2577793.5042029712,301.24319509657477,1922.8644674024854,1.016513374145327,129
206000,-2576566.782931274,300.1843203032982,1921.2718361151683,1.0173560092025886,129
208000,-2579326.8431628738,300.4199335279684,1921.7487847572795,1.0171035170085092,129
210000,-2577857.7328735683,299.65783441992767,1920.664309813176,1.0176778095978594,129
212000,-2578763.4698129594,299.63097825697275,1920.990465035717,1.0175050232470129,129
214000,-2576269.479017088,300.4983029014602,1923.1666400980757,1.016353657051673,129
216000,-2575759.735582141,300.31084364336886,1920.4625486418413,1.0177847254380308,129
218000,-2577565.8370254897,299.53323274276187,1924.3165650221858,1.0157463087477616,129
220000,-2579283.2478587534,299.7127245339302,1922.9976712480286,1.016442961428501,129
222000,-2577815.775105262,299.2329049872412,1920.5850606993858,1.0177198020439036,129
224000,-2579342.0429717135,300.7275072324455,1923.050929118525,1.0164148115824483,129
226000,-2580713.623078432,300.3414592796074,1922.2430323359577,1.0168419991140025,129
228000,-2581695.8873787485,299.3054290455606,1919.0737237189007,1.0185212916133717,129
230000,-2574435.8916646056,300.2224268256909,1922.8554501388533,1.0165181411022397,129
232000,-2578773.567414323,300.5765603862889,1922.4294772686467,1.016743381692494,129
234000,-2576878.3732633404,298.6876656325761,1923.420423921738,1.0162195552640076,129
236000,-2577941.161126323,301.7950251469381,1924.69417998158,1.0155470246198615,129
238000,-2576882.7563159764,300.5048638368592,1921.7403252228655,1.0171079943159225,129
240000,-2577767.5111907255,299.3795725812154,1920.6195949717924,1.0177015026300218,128
242000,-2578163.6473857462,299.87498749126104,1919.464608890881,1.0183138770726745,128
244000,-2577591.4681806527,300.8984046171092,1920.3717798955731,1.0178328322913321,128
246000,-2575623.5941812117,300.19515002626224,1925.8608424558054,1.0149318189007792,128
248000,-2576688.8547468353,300.9908350586917,1924.7794917252415,1.0155020126650824,128
250000,-2577301.485320503,299.60990020063355,1924.5125024119268,1.0156428941530913,128
252000,-2579362.6185712833,300.9192663097783,1920.3060602334324,1.0178676661291453,128
254000,-2578922.447098367,300.9429402132023,1920.6681053524692,1.0176757985080187,128
256000,-2575571.541188784,300.5146049128317,1920.6918929813805,1.01766319466753,128
258000,-2575754.217738593,299.07111227053514,1924.0542891919358,1.0158847693452338,128
260000,-2578552.27522902,300.4425413674898,1924.2213387718132,1.0157965762041936,128
262000,-2578619.226721024,299.8023373403708,1922.8336202756743,1.016529681597322,128
264000,-2578980.8210970946,300.35945930224347,1922.6201466452874,1.0166425495925449,128
266000,-2578990.2342593074,300.4202544812711,1922.752341041892,1.0165726526819876,128
268000,-2580275.9901757315,299.87623207399173,1922.770139282142,1.0165632427146,128
270000,-2577970.9723430425,300.12823576577495,1922.9420315930986,1.0164723718499806,128
272000,-2578831.9508863706,299.0394072305948,1921.9850540912653,1.0169784846259489,128
274000,-2579863.192475617,299.72423538631887,1925.0604565753415,1.0153537989454613,128
276000,-2579421.2725610714,299.375970273124,1923.5818666956025,1.0161342657805197,128
278000,-2578725.8854777217,299.7474029771799,1924.8821810391332,1.0154478372947855,128
280000,-2577085.797637526,300.57088124273275,1923.7702532416702,1.016034760122633,128
282000,-2579909.998810798,300.34024981937466,1924.7080395846776,1.0155397117815508,128
284000,-2577282.189736251,300.1614660323916,1922.0232224651093,1.0169582890244915,128
286000,-2579908.6869183127,300.9107025324193,1920.8322415644234,1.0175888375298812,128
288000,-2576432.0893771145,299.213043696228,1920.2373694683029,1.0179040773092933,128
290000,-2577671.89299386,300.4194793283878,1923.5375614737293,1.0161576706024475,128
292000,-2578708.378842734,301.10836318448105,1922.87550431673,1.016507539565338,128
294000,-2580026.38880462,299.8715167952645,1919.187337766063,1.0184609961311204,128
296000,-2577528.371484561,300.70657373358574,1921.249659829153,1.0173677521729643,128
298000,-2578434.389827162,300.2358344820369,1922.3343738609499,1.0167936829104647,128
300000,-2578292.039234085,300.77314158881063,1923.160158313335,1.0163570825519344,128
302000,-2578798.931185847,299.8875980109864,1924.5228246022589,1.01563744674601,128
304000,-2576783.1153944638,300.17538211237314,1918.139426375819,1.0190173982694057,128
306000,-2576047.8865165357,300.3432379643361,1922.1718812246927,1.016879638535807,128
308000,-2576854.579624215,300.3015162906613,1921.5311806746543,1.0172186990466563,128
310000,-2578172.0953232273,299.5655095954594,1922.5489606500182,1.0166801926971976,128
312000,-2578311.89498125,299.31972883803223,1921.615373618148,1.0171741310037352,128
314000,-2578968.740830051,300.3478119612425,1918.9630209543368,1.0185800489325683,128
316000,-2579508.0037590545,300.17904942831746,1923.3627173006457,1.0162500448832015,128
318000,-2577148.8087006975,300.69750681060606,1920.0740506660466,1.0179906588005958,128
320000,-2582300.8514986876,301.4573886759763,1922.118918582886,1.0169076579426894,128
322000,-2579785.7216671407,301.00464776079605,1918.2366297822316,1.0189657612811596,128
324000,-2580101.5756629016,300.76911783166304,1922.918314627499,1.0164849088569314,128
326000,-2576205.8513995316,300.13977030391493,1922.1444401649233,1.0168941557876618,128
328000,-2578225.9823670126,300.27618879914127,1921.653542022428,1.0171539276150356,128
330000,-2577442.8841194976,301.1886240942316,1925.6517185667958,1.0150420395014215,128
332000,-2575301.4657227155,300.1791716559966,1926.1601977387356,1.014774082694747,128
334000,-2577545.163350461,299.48962616188976,1924.228258916258,1.0157929230726062,128
336000,-2577196.077600671,300.57278770158644,1923.7432653213268,1.0160490139296074,128
338000,-2577246.5828286037,300.3047225145743,1922.7673381533057,1.0165647236658086,128
340000,-2577359.048703894,300.4583239593072,1924.4943800823685,1.015652458127625,128
342000,-2580939.7621929217,300.6898761980421,1919.2449453225977,1.0184304262710533,128
344000,-2576873.2227351964,299.95349535461133,1921.8159845452537,1.0170679521358885,128
346000,-2577268.3257919364,300.8667452021223,1924.2930077551046,1.0157587435521211,128
348000,-2578854.4513802323,300.4018213187086,1918.3429414759191,1.0189092917242573,128
350000,-2577041.945198858,301.15823208014933,1924.8327848090823,1.0154738963350154,128
352000,-2576274.3322168197,300.304716759009,1922.609851870935,1.0166479932896295,128
354000,-2576459.6670778096,299.4165252854725,1923.362384933829,1.0162502204963855,128
356000,-2579946.5128284805,299.72713623803264,1918.886235311147,1.018620808161937,128
358000,-2578054.1638009734,299.9887843034743,1920.2268303273013,1.0179096640631224,128
360000,-2577180.766543256,301.16550167074996,1923.6668466134927,1.0160893770272392,128
362000,-2577684.556022372,301.06723391083636,1919.8847693898015,1.0180910224131292,128
364000,-2576878.1903322283,300.5162302526894,1917.1884452297722,1.0195228604923077,128
366000,-2575470.147740515,299.6015709758102,1919.6556383727518,1.0182125422455155,128
368000,-2578492.9762912747,300.767295479532,1921.1842767971366,1.0174023759147448,128
370000,-2578180.6745316237,299.5464198985662,1922.1890949327292,1.0168705321116511,128
372000,-2579149.403389558,301.0080229535161,1922.7720489505577,1.016562233079205,128
374000,-2576106.150713207,299.5539372488786,1923.0591929675306,1.016410443802943,128
376000,-2577696.6444664393,300.6648856087556,1920.89362386824,1.0175563204001403,128
378000,-2578204.32335414,301.196365658668,1922.7469644427613,1.0165754953356188,128
380000,-2576489.7424986083,298.5005256138042,1922.2044298130859,1.016862419765375,128
382000,-2578066.10956184,299.87212910013113,1924.7225506417092,1.0155320553249514,128
384000,-2577848.491220124,299.74881109916447,1921.8285960462256,1.017061277891633,128
386000,-2577666.0060147718,298.9624017270706,1927.2381694266714,1.0142064840719356,128
388000,-2582520.452131942,299.9551231159169,1919.1332525229575,1.0184896985208565,128
390000,-2579596.0217907224,300.61616044383925,1919.7176114217652,1.0181796719236453,128
392000,-2576792.3812640514,300.8452157080891,1920.9914535860546,1.0175044996346188,128
394000,-2577914.8262077514,300.4045554033787,1922.8820192101382,1.016504095548387,128
396000,-2578210.0149296913,301.1150227266449,1924.4122623451908,1.015695797636135,128
398000,-2575285.637864843,300.7201773239081,1926.3874296369913,1.0146543824529553,128
400000,-2579039.5348672383,300.5736451747651,1922.7488060354326,1.01657452166814,128
402000,-2581135.111849889,300.0332982938306,1921.2486028585136,1.017368311875567,128
404000,-2577761.26880127,301.3473761971169,1926.047422439882,1.014833500468739,128
406000,-2578731.3064156063,300.7742821217121,1920.947855312894,1.0175275931501426,128
408000,-2576849.0914298296,299.76662373997874,1921.8529659753856,1.017048381113507,128
410000,-2575193.7595009897,300.43959680675255,1923.1660142903352,1.0163539877781838,128
412000,-2576789.2536656894,300.63686468851597,1922.0369435630146,1.0169510291306088,128
414000,-2577285.037727684,300.17319253462597,1922.5081597377707,1.0167017694479208,128
416000,-2575033.062583659,300.0981579659722,1923.0719949427223,1.0164036775137348,128
418000,-2577740.7540859226,301.4069712034862,1922.013007113138,1.0169636940799331,128
420000,-2577564.555279454,300.04492947569236,1923.806970921747,1.0160153681358939,128
422000,-2576391.041015273,299.6810978432607,1922.5337705791783,1.01668822555695,128
424000,-2574976.6754969526,300.3072430797033,1923.382783663743,1.016239442499437,128
426000,-2576886.2866778634,301.73172476408115,1923.8882396322063,1.015972449707955,128
428000,-2579724.489035787,300.1365601553999,1919.6005447738517,1.018241765509465,128
430000,-2576931.27567894,300.913243588068,1921.62636606325,1.0171683123747906,128
432000,-2577276.807483563,299.5236844576703,1926.471487989878,1.0146101097104467,128
434000,-2577594.3669251837,299.8788967936874,1923.4862812325327,1.016184761417158,128
436000,-2578250.7678047903,300.6878695810166,1920.6040823807944,1.0177097225371405,128
438000,-2577897.342942303,299.5629062689854,1922.4540811103102,1.0167303692656062,128
440000,-2581801.587942293,298.84347352432604,1921.0636432407027,1.0174662638902228,128
442000,-2578956.3951803613,299.36815663579836,1918.6180974791273,1.018763166234922,128
444000,-2579343.682202028,300.17360780893654,1924.3912608661574,1.0157068822395792,128
446000,-2575783.5525619946,299.7956698961182,1920.8184069156396,1.0175961666892241,128
448000,-2577619.077698542,300.7754691975758,1922.9798963486494,1.016452356831645,128
450000,-2582225.319007814,300.23541298844486,1919.3053909440757,1.018398352344549,128
452000,-2578129.2551088594,299.9414210632995,1923.8355490608628,1.0160002754588981,128
454000,-2574972.8975099325,300.13600786713954,1924.9832671644665,1.0153945133573252,128
456000,-2579254.9172631763,300.3284719287858,1920.2610862290946,1.0178915053795263,128
458000,-2579443.672530392,301.44309673898465,1919.5504218284043,1.0182683536500445,128
460000,-2579451.633156659,299.70692591333284,1916.3327800057937,1.0199780894931767,128
462000,-2577964.7022689153,300.33400614906674,1921.1508847446544,1.017420059665564,128
464000,-2581878.621993337,299.8072003448439,1917.8844555586275,1.019152870298503,128
466000,-2579155.140949635,299.6668998098875,1922.6872817186436,1.0166070511665695,128
468000,-2579486.7617010176,299.97004818041614,1923.1616716184503,1.0163562827968255,128
470000,-2577951.4147100598,301.20471591053274,1924.2681795417714,1.015771849560446,128
472000,-2578619.381871434,300.0038258259669,1920.5166129904887,1.017756073840918,128
474000,-2579102.168484755,301.2426024728195,1921.0118771831062,1.0174936818452311,128
476000,-2577797.401039578,299.33935249626865,1921.0183743646733,1.0174902405240638,128
478000,-2576165.186510507,300.57373001740876,1921.44486458526,1.0172643950443814,128
480000,-2580522.3509943113,299.8209586439462,1921.938244474751,1.0170032535658486,128
482000,-2579470.7015275937,299.3098441857517,1921.4111706067954,1.0172822338522032,128
484000,-2578878.2564897425,299.66235100633406,1922.0107145534812,1.016964907106437,128
486000,-2576341.96895927,299.03060441551025,1922.5301782015704,1.0166901253076313,128
488000,-2578380.163899677,299.6499989286527,1921.7593933065164,1.0170979023656062,128
490000,-2579409.212149035,300.43123245462493,1920.6018602519885,1.0177109000232905,128
492000,-2579355.10775372,299.63126198255566,1920.7143760779288,1.0176512823185913,128
494000,-2577141.1357778646,299.8728966342261,1923.1573583800393,1.0163585622707019,128
496000,-2578493.542742232,299.6376937007346,1925.2588040787602,1.0152491933253334,128
498000,-2578581.4324834608,300.6086970596775,1920.710004427824,1.017653598553382,128
500000,-2576484.1832233053,300.0604518182582,1922.8276161930914,1.0165328557394577,128
502000,-2580165.420193134,300.6449527739965,1922.5203773882924,1.0166953082904475,128
504000,-2578913.211467009,299.41261112435535,1920.1393944400425,1.0179560158201275,128
506000,-2576626.1047891825,299.7423598848146,1923.5484208779887,1.0161519338781644,128
508000,-2576507.960452188,300.5146460187201,1923.9626817194826,1.0159331396368763,128
510000,-2578056.9846958835,300.4441709221098,1924.6734625312367,1.0155579561079624,128
512000,-2576458.46904373,300.29316848616037,1921.2864183668346,1.0173482876358202,128
514000,-2580249.6746986266,300.3751906391838,1919.1071002707226,1.018503577787673,128
516000,-2575155.9050768744,301.16391773271374,1916.837250891537,1.019709652905769,128
518000,-2577909.7988857906,300.9926964181905,1918.3398623694375,1.0189109271644972,128
520000,-2578403.8879789673,300.0785836537932,1920.3929660495767,1.0178216033587562,128
522000,-2579720.8112017848,299.3325340879312,1923.446640813836,1.0162057040253702,128
524000,-2576750.5850722156,299.13779146510365,1923.2793822204117,1.0162940786724737,128
526000,-2577193.4284867104,300.11905573516736,1920.1176069054054,1.017967566545913,128
528000,-2576352.1689766943,300.5899773986744,1922.0744176230394,1.01693120196702,128
530000,-2579504.564069489,300.66928039396896,1920.3160969683918,1.017862346136252,128
532000,-2579538.198102774,300.376778928205,1916.4706822198343,1.0199046956040245,128
534000,-2580771.855343368,299.5054233984414,1921.8926613090432,1.0170273746985041,128
536000,-2581103.1859262083,300.62432620145853,1920.6034670022752,1.017710048620433,128
538000,-2576904.06346724,300.0956763982868,1921.1633484818137,1.0174134590523396,128
540000,-2579418.320116354,299.8889668481285,1920.419239665251,1.0178076783505705,128
542000,-2579692.254821591,299.5555158349541,1920.4930888417844,1.0177685403503602,128
544000,-2579379.893602036,301.0958509933893,1921.243637490916,1.0173709412181198,128
546000,-2575907.6727789436,300.1413896820328,1921.3249971959503,1.0173278600112399,128
548000,-2578144.2720709164,300.24739214468667,1922.8255415541014,1.0165339525309511,127
550000,-2576439.4014156014,300.0356456066388,1923.3052260610646,1.016280422523741,127
552000,-2578553.94678583,300.03203009024116,1920.4668013527587,1.0177824716400425,127
554000,-2577806.410734905,300.1387405655465,1920.4143852831057,1.0178102511429112,127
556000,-2580451.9404802974,299.9416445668233,1922.5110646676485,1.016700233203266,127
558000,-2578880.372856945,300.6846175261827,1920.5726096745734,1.0177263998962542,127
560000,-2578852.5242679007,299.46970058995987,1922.5176220833137,1.0166967653931616,127
562000,-2577835.6968897395,300.61732455069796,1921.532502644847,1.0172179992235737,127
564000,-2579491.660399476,300.84868382273646,1922.121096337976,1.0169065057906048,127
566000,-2579349.1767348778,300.1314450380364,1923.2068030962482,1.016332432183913,127
568000,-2575611.4478103407,299.9701345280025,1923.0134417261365,1.01643462566177,127
570000,-2577154.9087583907,301.30900072473736,1920.4068393848995,1.0178142504478453,127
572000,-2576670.651278261,300.40955169230216,1923.1729649143585,1.0163503145285215,127
574000,-2577211.097501699,300.80110697557427,1925.3053613361405,1.0152246428208014,127
576000,-2580388.4789194837,300.4772903856418,1921.867229373832,1.0170408329509297,127
578000,-2578434.5789821465,299.74683465875654,1923.8911634556432,1.015970905689189,127
580000,-2578902.732926717,300.7813602663263,1923.5387360094587,1.016157050124436,127
582000,-2578272.2051111497,300.6476567265981,1921.6559002058193,1.017152679402232,127
584000,-2577073.843094442,299.94592592073127,1919.8007446797142,1.018135581622327,127
586000,-2578553.881123146,300.56870405881665,1921.7729663887974,1.0170907188149172,127
588000,-2576723.5259373393,299.89334864438996,1922.1858560903618,1.016872245516914,127
590000,-2577691.5221744534,300.91191129441063,1922.1883554578687,1.016870923306506,127
592000,-2578525.2185350917,299.74879241000394,1920.11997322656,1.0179663120210805,127
594000,-2577096.778397588,300.9394737985728,1921.6633045352273,1.0171487602279008,127
596000,-2577338.399278924,300.0941837465164,1922.3344215320742,1.0167936576954462,127
598000,-2577341.8608295843,301.2193652501578,1922.8890757011486,1.0165003652489626,127
600000,-2577210.1197439153,300.7110088949485,1924.8961772461723,1.0154404538221928,127
602000,-2579625.0092029497,300.77073243851385,1922.0415891363907,1.016948571160577,127
604000,-2578578.474903526,300.85248734639055,1920.8740200622735,1.017566705243944,127
606000,-2579302.970743481,299.1345673887312,1922.2651295828318,1.016830310087166,127
608000,-2577395.2356848624,300.783226603236,1920.5472135740006,1.017739857665907,127
610000,-2580385.443974048,300.28568094913174,1918.5749600472584,1.0187860722081514,127
612000,-2579457.4712452684,299.97204648354415,1918.0693716066876,1.0190546164376502,127
614000,-2580802.6761830375,300.0504960862925,1919.6553240387766,1.0182127089727355,127
616000,-2577648.413018156,300.4685075210287,1922.7125661889484,1.0165936823608264,127
618000,-2578184.1348283347,299.5574733728257,1922.0020525519938,1.016969490322946,127
620000,-2578120.713754939,299.8090478075271,1920.0058691688853,1.0180268087563475,127
622000,-2580218.8603727426,299.4036912275831,1920.292353707648,1.017874931392366,127
624000,-2580159.802713774,299.3154384289272,1922.086288383047,1.016924921423677,127
626000,-2579742.58271591,299.6588133045134,1923.2696444875764,1.0162992242849198,127
628000,-2578739.9851885997,301.1123206390617,1920.673583232873,1.0176728960334063,127
630000,-2580176.1104218587,298.83866412429296,1918.5777018289743,1.0187846162916032,127
632000,-2576534.359644994,300.2150936315408,1918.9284844457932,1.018598381141844,127
634000,-2580132.35016739,298.5658646386615,1922.150559119837,1.0168909186169512,127
636000,-2580708.6152549796,300.8470051319019,1921.5136210931325,1.0172279948093692,127
638000,-2577454.7960011344,300.5699036847665,1919.6123279418753,1.0182355152298448,127
640000,-2577455.3193324786,300.6089928039881,1921.8103637593374,1.017070926790063,127
642000,-2578155.285932021,298.98199695881596,1920.2997878828955,1.0178709908302375,127
644000,-2576079.300450608,300.78664196890844,1921.5316065710526,1.0172184735859984,127
646000,-2583374.526363965,300.33398327269174,1923.3433927149313,1.0162602555461406,127
648000,-2580686.281769503,300.491500810475,1921.582163686268,1.0171917104152426,127
650000,-2578613.110622011,300.519239368766,1922.9794935786308,1.0164525697286295,127
652000,-2578905.205189323,299.0771575703925,1922.737616114383,1.0165804379140924,127
654000,-2580711.460758617,299.735983248609,1921.526544714072,1.0172211532338262,127
656000,-2576687.780532634,300.4136368006464,1924.5396636356793,1.0156285602817652,127
658000,-2580715.138437884,300.65395666576194,1921.2076787548704,1.0173899830809752,127
660000,-2578098.9092521314,301.32927377409305,1920.0770154273582,1.0179890869369173,127
662000,-2577254.3452718146,299.93925306263145,1924.1215147990713,1.0158492760201638,127
664000,-2576936.257361708,300.1811811915726,1922.0655937837703,1.0169358705056502,127
666000,-2580430.765692331,300.0047957504586,1920.119634490397,1.017966491604684,127
668000,-2578122.491558928,301.23299418632473,1919.0227736139127,1.0185483333803864,127
670000,-2579347.948587427,299.29317441310235,1920.8957832251465,1.0175551765237847,127
672000,-2579259.752405161,300.13595271172824,1920.6126356218883,1.0177051902767258,127
674000,-2577755.2201004643,301.4204855835639,1923.4453470746544,1.0162063875410927,127
676000,-2578378.5441078246,300.14910939558484,1919.828580741181,1.018120819426933,127
678000,-2579677.578427268,300.5743152100415,1923.2964274874664,1.0162850717384775,127
680000,-2577567.2684255037,298.9648756192015,1920.9904977334077,1.017505005927789,127
682000,-2580173.9241953287,300.4515534476243,1922.0074924640442,1.0169666119654959,127
684000,-2578138.709353296,300.2766047776485,1924.0045997921864,1.0159110056153597,127
686000,-2576907.4676678814,299.91570326563556,1920.9830882924675,1.0175089305553893,127
688000,-2578711.2129117064,300.3238887076978,1924.66310019868,1.015563423843729,127
690000,-2579665.1903982963,301.49956487520575,1921.6710285771967,1.0171446718591863,127
692000,-2578201.665935645,300.5784154405071,1924.0725728721854,1.015875115804845,128
694000,-2581623.0985630453,299.8393175653883,1923.916263776799,1.0159576508524282,128
696000,-2579873.1110567637,300.1984816485512,1921.8007686040512,1.017076004815652,127
698000,-2579376.8645208813,300.1238926701556,1924.8453679461961,1.0154672579590265,128
700000,-2579174.383311413,300.17349460767963,1921.3872917771423,1.0172948765449468,127
702000,-2575357.264991412,300.0434507628078,1925.771091646327,1.014979119928771,128
704000,-2577411.248938618,299.836090386031,1923.8767474600054,1.0159785185636434,128
706000,-2578957.532890318,300.7124677418894,1922.9778011321064,1.0164534643263818,128
708000,-2577649.1981177554,299.3740409309555,1925.3718654293816,1.0151895760394076,128
710000,-2578796.9116891753,299.60101749308507,1923.5815002763816,1.0161344593419186,127
712000,-2579437.6969482284,300.539116835453,1918.8265968209769,1.0186524676183752,127
714000,-2581449.9936922044,300.2629645396371,1919.1559363873725,1.018477660269148,127
716000,-2577720.075842038,300.51418957050475,1921.478700086862,1.0172464819386744,127
718000,-2579451.365497496,301.3794020628296,1920.6526411493942,1.0176839923609182,127
720000,-2577771.8877280727,300.2509660446913,1921.837783825054,1.0170564156008848,127
722000,-2579575.609237194,300.21879248125714,1919.3278368028784,1.0183864425367595,127
724000,-2579182.1220454425,299.8964668885426,1919.0912705769292,1.018511978951292,127
726000,-2576042.2499609366,300.6202251109974,1921.9337162353847,1.0170056497120474,127
728000,-2578006.6040657274,300.5286606252149,1924.3325505455657,1.0157378708941474,127
730000,-2576833.9753807653,300.7673973743426,1922.501460673053,1.0167053122025513,127
732000,-2576398.630600542,299.81269390738765,1923.9038128046063,1.015964225848733,127
734000,-2578324.741124332,301.7438136421907,1924.3831841897672,1.015711145182564,127
736000,-2577082.6899511423,300.8823083971767,1921.7348343173185,1.0171109004629248,127
738000,-2578886.4223598856,300.36111226686893,1922.4783617468954,1.0167175281012568,127
740000,-2577855.0191369727,299.8291215098821,1921.3001538777676,1.0173410145408284,127
742000,-2580883.9708449803,300.6244423815651,1921.8355435402461,1.0170576011841383,127
744000,-2579760.044559261,300.2679048983516,1922.1609314485331,1.016885431289286,127
746000,-2578473.9100810364,300.6533038381009,1921.3044022769946,1.0173387649905878,127
748000,-2579592.3413779642,300.00547149117375,1921.3232717071667,1.0173287736460441,127
750000,-2577032.3777474687,301.3160379350962,1922.0925409876456,1.0169216133470345,127
752000,-2580326.1067660823,301.8849952785587,1922.6593873658553,1.0166218003186651,127
754000,-2577564.7317899037,301.317243406767,1920.5929602061553,1.017715616105169,127
756000,-2579697.2316685654,301.18013995046607,1921.500697166396,1.0172348366388302,127
758000,-2575881.05454595,300.651484841405,1920.2097922985804,1.0179186959794062,127
760000,-2577084.4836800564,300.7605025619838,1919.237138527601,1.0184345688949097,127
762000,-2578597.2661450673,300.76464677392994,1921.160009003012,1.0174152275831558,127
764000,-2577971.0280563254,300.0162824058966,1918.355568329447,1.018902585137326,127
766000,-2580274.2844682224,300.3592257062736,1918.106179892524,1.0190350608708112,127
768000,-2577261.826405894,298.7532216349631,1919.2646457549288,1.018419972517455,127
770000,-2578387.1533647906,300.42197517639096,1921.6750190823532,1.0171425596804788,127
772000,-2574739.219677575,301.5819866167303,1924.3284799967287,1.0157400194933353,127
774000,-2575026.7014753167,300.9764492720212,1924.997060779902,1.015387237522095,128
776000,-2577409.2248751167,300.6558868649646,1924.508592043154,1.015644957816654,128
778000,-2579764.338739833,300.7344916319898,1925.0854797641903,1.0153406008874395,128
780000,-2578533.2346890867,302.0702814951138,1919.6500125085208,1.0182155262923382,128
782000,-2578697.880594196,299.8319646989775,1915.927901450956,1.0201936337495798,128
784000,-2583973.364485109,299.6603396175967,1917.5316169791286,1.0193404012095268,128
786000,-2578917.5582752805,300.00787904004557,1917.1296151619258,1.0195541461177446,128
788000,-2576327.1805995125,300.6843582640803,1923.1581158766908,1.0163581619457356,128
790000,-2578060.212414922,300.38090139979903,1921.619515902699,1.017171938361199,128
792000,-2579249.0769499987,300.478466386642,1921.2679727962145,1.0173580549196923,128
794000,-2577064.609064555,298.0713357681463,1923.7381823554344,1.0160516985685724,128
796000,-2580200.6807259955,301.1141043928802,1919.255061496561,1.0184250582407335,128
798000,-2581482.200428419,300.3800179236618,1920.5433794879202,1.0177418894358026,128
800000,-2577549.432438655,301.83451508363845,1923.8602713490811,1.0159872194942765,128
802000,-2578391.4842645302,300.2473704412481,1921.6206461892766,1.0171713400663216,128
804000,-2577620.7103237417,301.23968090544207,1920.2971862751765,1.0178723698360734,128
806000,-2578656.9812974557,300.15835550970826,1920.5854840178613,1.0177195777271009,128
808000,-2574707.1172211487,300.16059806165975,1921.9245129213255,1.0170105197380719,128
810000,-2577353.7012114767,300.3560709043626,1923.733078705428,1.016054394146413,128
812000,-2577601.992077632,299.9960520641671,1924.5754002126844,1.0156097015307652,128
814000,-2579244.4408476595,299.89311213880916,1920.0927967263372,1.017980720054772,128
816000,-2575777.504797749,300.7787504836879,1924.17005584477,1.0158236491864123,128
818000,-2580813.4978110716,299.71017442989154,1920.6232521871573,1.0176995647415952,128
820000,-2579697.51000683,300.79437478131985,1919.311366939534,1.018395181444802,128
822000,-2581185.3689897805,301.1144176775056,1919.3767821586707,1.0183604730203897,128
824000,-2578772.8268404696,300.0450846138696,1922.1484661767865,1.016892025864814,128
826000,-2577568.471790999,301.05672022694836,1919.7137950129215,1.0181816960742844,128
828000,-2575109.1222759467,299.45751247452455,1923.3062414822357,1.0162798859723408,128
830000,-2582009.8676350284,301.30863098444144,1920.1300837590425,1.0179609518730621,128
832000,-2580204.0552857406,300.7454259906586,1921.3678654645885,1.0173051620756803,128
834000,-2578376.5018963628,298.93821606867186,1919.8422244065307,1.018113583988745,128
836000,-2579043.504254259,300.1309220543495,1924.5186885030191,1.0156396295137307,128
838000,-2578925.773110321,300.5627218827625,1921.2642883226015,1.0173600059416998,128
840000,-2577471.7411277257,299.52474351562205,1918.331759703714,1.0189152308489893,128
842000,-2578498.901678646,299.670276987832,1920.949255060214,1.0175268517034242,128
844000,-2577451.117565401,300.46877643336376,1922.1752040336287,1.0168778806852516,128
846000,-2578326.101499969,301.1860316715447,1921.3519628575123,1.0173135820864758,128
848000,-2577543.5382552296,300.148144166254,1920.9642359860588,1.0175189163686456,128
850000,-2578010.8596221693,300.25441205850177,1920.300756067422,1.0178704776361764,128
852000,-2579136.0627121087,299.5201684801405,1924.029288726818,1.0158979695557961,128
854000,-2577931.3107687198,301.88485505069195,1919.371993931641,1.0183630135081942,128
856000,-2577792.822609566,301.5934274452519,1925.1699016083207,1.0152960765439643,128
858000,-2578094.917046409,301.6919486167602,1922.089242760826,1.0169233583430857,128
860000,-2578217.544283051,299.0316651411439,1920.6139854868738,1.0177044750030622,128
862000,-2579716.5802269783,299.9472718575765,1919.915130788773,1.0180749223953598,128
864000,-2581285.815010635,301.196611830342,1922.9885038917712,1.0164478070605598,128
866000,-2579801.751872191,299.33109285132775,1922.8510198653137,1.0165204831731418,128
868000,-2577378.2898215856,299.00348968258356,1925.6787420215273,1.015027795203031,128
870000,-2579360.2065068446,301.0526765615613,1920.8415628019702,1.0175838994925839,128
872000,-2577692.36167996,301.33772492627304,1922.0220258172449,1.0169589221811093,128
874000,-2578094.2903397456,299.8662406497981,1923.3821007699285,1.016239803313666,128
876000,-2577617.614988003,300.04049569875497,1921.7401354612537,1.0171080947499243,128
878000,-2578019.9109333362,301.49265011949876,1923.9663526491017,1.0159312012354855,128
880000,-2579111.0004456528,299.3763573786442,1919.4558049912598,1.018318547736689,128
882000,-2577059.4578617327,299.79245058641504,1923.4036995226431,1.0162283915064534,128
884000,-2577783.7330918834,300.6430800302966,1922.2849082807575,1.0168198477569164,128
886000,-2579113.9347051773,300.4316656086645,1924.1504062634144,1.0158340228606184,128
888000,-2577856.8513847217,301.468734618541,1924.6723489657481,1.0155585436834487,128
890000,-2578417.353206916,301.2207253029542,1918.8908837917768,1.0186183405703009,128
892000,-2578865.5541207157,300.6580350778539,1925.0550534541128,1.015356648775473,128
894000,-2576343.9570640437,300.3197907447509,1921.9243647894752,1.0170105981239086,128
896000,-2575460.8164974395,300.73379398893144,1924.497171805941,1.0156509847968505,128
898000,-2576264.8807903435,300.9608929261923,1921.6098202728517,1.0171770705802903,128
900000,-2575721.5475758817,300.1617278067968,1921.7825355810444,1.0170856543830988,128
902000,-2577293.9258264974,300.1601617737508,1924.0409039478702,1.0158918366926857,128
904000,-2576998.9945219066,300.2831112569523,1922.7449944669158,1.0165765368825617,128
906000,-2581425.2800007463,301.1927040699272,1921.718794092013,1.0171193900962958,128
908000,-2574971.6325210053,299.99680386132314,1928.1677694348707,1.01371751917435,128
910000,-2575895.2165282816,300.6826537486993,1926.091575979224,1.014810236522493,128
912000,-2578574.7374093365,300.1425145745348,1923.068429225604,1.0164055621102146,128
914000,-2578183.4400777835,301.74265027086915,1920.0992765184883,1.0179772846576753,128
916000,-2577565.4714766536,299.06856672191674,1923.0089540634988,1.0164369976817669,128
918000,-2576435.8432728536,300.3400184916893,1920.1618932116007,1.0179440883050894,128
920000,-2576464.110784853,301.4318619154023,1924.5507871124278,1.0156226901739192,128
922000,-2577535.8351052254,300.2477042071985,1924.7988400614202,1.0154918047026076,128
924000,-2579045.1955743115,300.74136403499875,1923.4720938649111,1.0161922567100854,128
926000,-2577935.048565455,300.0892041087332,1922.5063649970593,1.0167027185818691,128
928000,-2580984.276606472,300.5694782852442,1921.5762778731453,1.0171948260866768,128
930000,-2578864.6374035385,300.73795170307125,1921.0758419907722,1.0174598030226267,128
932000,-2576756.7453388777,299.93002374649745,1919.9118648168592,1.0180766542478286,128
934000,-2581205.2506658584,300.9968185633968,1919.8941914672191,1.0180860260271438,128
936000,-2575704.978319319,299.42336694002876,1923.4040041400006,1.0162282305622075,128
938000,-2576467.3470206913,301.9665599713112,1922.354818284653,1.0167828692143281,128
940000,-2578995.9859390594,299.7025196706054,1925.2753431940366,1.0152404718073949,128
942000,-2578320.897504527,299.9941250491481,1919.680523644502,1.018199342915991,128
944000,-2581511.20982847,301.24386559853696,1918.4350206022038,1.0188603871346635,128
946000,-2577521.4250634834,300.286417161206,1922.7169680792795,1.016591354959563,128
948000,-2578672.6247161236,301.9919153545571,1922.3988193458024,1.0167595964549225,128
950000,-2579073.607102204,299.79501305082556,1923.310775610806,1.016277490132976,128
952000,-2581184.9445810635,300.66094988191765,1919.631534247109,1.0182253275757267,128
954000,-2578463.75153156,299.92523443287763,1921.5119098153293,1.0172289007416613,128
956000,-2577134.4017474987,301.7937592533553,1922.8386322558351,1.0165270319591717,128
958000,-2578335.794543011,301.00199373462806,1921.013938488401,1.01749259004414,128
960000,-2578365.3320105784,299.78347626589664,1922.8778723454166,1.0165062877338782,128
962000,-2579305.7933240663,300.6731273435942,1920.6724681687936,1.0176734868527728,128
964000,-2574999.584801305,299.61373180885437,1923.0286887460943,1.0164265667081442,128
966000,-2577140.683374718,299.7349082188939,1922.6281627236513,1.0166383108705166,128
968000,-2575995.2299035415,300.41046242067415,1922.38032038504,1.0167693806769518,128
970000,-2580611.6307001617,300.48744570460144,1919.465804675285,1.018313242685831,128
972000,-2580126.345239591,299.53675081741136,1920.9758849024988,1.0175127460710764,128
974000,-2578536.47163973,301.4045527024152,1923.757600376639,1.0160414427476603,128
976000,-2575687.745937314,299.2629787190952,1923.9679804488044,1.0159303416928505,128
978000,-2579434.840140708,300.80078596949375,1921.5037981110102,1.0172331950137181,128
980000,-2578775.0664596967,300.76744370131286,1921.2657121760026,1.0173592519744086,128
982000,-2576466.7668183073,300.61487068324305,1923.8680849603713,1.0159830931566805,128
984000,-2578547.666371394,301.1290357255205,1922.4417402877614,1.0167368960116732,128
986000,-2576427.323204132,301.7041640804229,1921.5576459282897,1.017204689083994,128
988000,-2577644.584212413,301.30565508880505,1925.779593986647,1.014974638783617,128
990000,-2580046.8765212875,300.6706109717958,1921.6436685504846,1.0171591537872602,128
992000,-2580442.846611548,300.6066412720659,1921.2678048672215,1.0173581438421806,128
994000,-2580023.3392969817,301.26883357197397,1920.573552093899,1.017725900501151,128
996000,-2579710.953590162,300.56101554951954,1920.9907038231208,1.017504896766764,128
998000,-2577591.7705219034,301.25795896206995,1921.805172563045,1.017073674110603,128
1000000,-2574903.654649606,299.8372817457604,1922.9080914920146,1.0164903129961034,128
1002000,-2579249.6574981287,300.1800928064455,1922.104780039946,1.016915138072148,0
1004000,-2580273.962990742,300.00895921150027,1920.2534158834128,1.0178955712906441,77.9
1006000,-2579463.661378799,300.7208990600174,1919.7791578783247,1.0181470299654858,78.6
1008000,-2580456.55039333,299.8992913988339,1922.4354745869566,1.0167402098129796,78.4
1010000,-2580425.2028179895,300.59914567709,1919.2035190123654,1.018452409252207,78.4
1012000,-2577664.270064745,299.4018847163701,1922.3421812349743,1.016789553318623,78.6
1014000,-2579860.4139068313,299.6663066798658,1922.7137666108974,1.016593047663457,78.8
1016000,-2579356.7776810043,301.830364350762,1921.813721660432,1.0170691497064988,78.6
1018000,-2581845.369538076,299.9252005007085,1919.6594662374935,1.018210511895884,78.3
1020000,-2578811.3509364966,300.3911525386033,1920.1496326808442,1.0179505880770816,77.8
1022000,-2579042.649467187,300.87677178195906,1920.26037922224,1.0178918801496768,77.2
1024000,-2577231.0591244046,301.04192844234456,1922.701791715907,1.01659937916793,76.7
1026000,-2580011.379382169,301.19632115224704,1919.6493963533262,1.0182158531118017,76.1
1028000,-2580248.4715469517,300.27462098986217,1918.1182052054808,1.0190286722053539,75.7
1030000,-2577921.578322096,300.76604498067803,1918.8557806799029,1.0186369749428918,75.2
1032000,-2578195.5967981536,300.13074046433024,1922.7085315466381,1.016595815597256,74.8
1034000,-2578860.6241007484,300.9406193394531,1921.7311923702391,1.0171128280291153,74.3
1036000,-2578032.1974161044,300.67353822366,1923.8085236026625,1.0160145481230638,73.8
1038000,-2579316.5566396434,300.250102145591,1920.4751669133623,1.0177780381950834,73.2
1040000,-2579596.329989463,300.32705696620184,1920.5631189586466,1.017731429125472,72.7
1042000,-2580284.4562030584,300.84837087454116,1920.4530868260358,1.0177897399274072,72.2
1044000,-2580937.6507117543,301.67151588389027,1916.813134110394,1.019722482593802,71.7
1046000,-2580862.85066998,300.54963898749133,1921.5874171028554,1.0171889295207817,70.8
1048000,-2577422.3491782825,299.79442630638084,1920.5045441391176,1.017762469632495,70.3
1050000,-2580173.849993702,300.3292509373692,1921.349227937455,1.0173150301685214,69.7
1052000,-2580387.2879978586,300.5194861287692,1917.2186883464094,1.0195067780553009,69.2
1054000,-2580103.005243579,299.213530220905,1921.7978560398726,1.0170775462364259,68.6
1056000,-2581667.390984671,300.80902544702786,1917.4268174905121,1.0193961146019745,68
1058000,-2577972.404184768,300.23800439104724,1919.9634038685574,1.0180493252345724,67.3
1060000,-2579086.855637811,300.00671090410106,1919.3796911031382,1.018358929629013,66.8
1062000,-2577113.452184582,299.9410471792878,1920.0268580746256,1.0180156801262241,66.2
1064000,-2576871.996200362,301.45251787564604,1925.718434143935,1.015006873864387,65.6
1066000,-2580494.1287158504,299.6015818881269,1921.3297564960296,1.0173253400020907,65.1
1068000,-2577766.2999824937,300.3843704463616,1923.5344789357418,1.0161592990341994,64.6
1070000,-2580002.2850609254,301.3214706775026,1922.228665552412,1.0168495990157018,64.1
1072000,-2579211.7611214053,300.38487543490396,1923.8386454575752,1.0159986402178554,63.7
1074000,-2577546.9108194653,299.65630380992934,1921.1811720925073,1.017404020077155,63.3
1076000,-2578374.844153205,300.14025871293194,1921.5003734652173,1.0172350080049775,62.8
1078000,-2575092.1583483797,299.5445136073697,1924.2278312148458,1.015793148854637,62.5
1080000,-2578218.249700954,300.8421920111833,1925.1824957245021,1.0152894347025934,62.1
1082000,-2577643.527839886,300.254548227817,1922.3498999044323,1.0167854706786883,61.7
1084000,-2578275.824613396,299.16045339615505,1923.7149028766833,1.0160639941295684,61.4
1086000,-2579338.8198051117,300.8509064036813,1921.371885806078,1.0173030334330266,61
1088000,-2580540.6036986895,300.22532528173303,1921.6747016011564,1.0171427277232992,60.7
1090000,-2581493.0768991783,300.5002974217875,1921.5788715576173,1.0171934531102849,60.3
1092000,-2578651.976558795,300.0895480276628,1918.4878877376739,1.0188323107363415,60.1
1094000,-2577133.7615849804,300.27082964342463,1921.986958579848,1.0169774769063573,59.8
1096000,-2579790.378567558,300.06717286710045,1921.079700518122,1.0174577594340777,59.5
1098000,-2579589.985903371,300.4511231239909,1921.0752696386346,1.0174601061577,59.3
1100000,-2578778.0211765673,299.70341861554147,1920.9463867589182,1.0175283710449357,59
1102000,-2579546.500368282,300.36044884764027,1925.4112216076653,1.015168825156948,58.8
1104000,-2579403.2480739653,299.6006831663082,1921.6599030640612,1.0171505606516773,58.6
1106000,-2577592.808828464,300.23339527879875,1918.3758773224856,1.0188917984683767,58.4
1108000,-2581072.2810489573,301.04433415052586,1918.7739694774205,1.0186804067994517,58.2
1110000,-2580508.3709263094,300.56044609417546,1917.270192006699,1.0194793910281728,58
1112000,-2578975.051438652,300.38771948129306,1923.838751696599,1.015998584111956,57.8
1114000,-2576441.579605723,300.9526281376296,1922.6556501298228,1.0166237764164772,57.6
1116000,-2577771.3521208297,299.9281853020868,1922.7673744738702,1.0165647044631714,57.5
1118000,-2579483.6490385905,300.5653798968083,1923.4080406249734,1.0162260978946218,57.3
1120000,-2578016.5963339936,299.91282699149383,1920.843164744034,1.0175830508494035,57.2
1122000,-2579087.6961227637,299.28280813125247,1922.8709192826789,1.0165099634002586,57
1124000,-2581775.787946783,300.6347220985619,1917.4919728668683,1.0193614760540992,56.9
1126000,-2578485.9942704644,300.2841149213655,1920.8595313141443,1.0175743805931596,56.7
1128000,-2578538.286822103,300.0267044500964,1919.82790918585,1.0181211755653456,56.5
1130000,-2578165.663074959,300.95758206368004,1919.2192934491854,1.018444038393682,56.4
1132000,-2578473.3961707056,299.64110113523344,1916.928266786248,1.0196612370166545,56.3
1134000,-2580077.9451993834,299.56312003060856,1919.6678267072652,1.01820607742129,56.1
1136000,-2579249.345966853,299.44357683720017,1920.6048170526312,1.017709333241714,56
1138000,-2577567.177356772,299.76201059634434,1920.3618333878321,1.017838104153108,55.9
1140000,-2579517.0420194473,300.96630343780794,1922.125281321189,1.0169042917118984,55.7
1142000,-2576833.177811904,300.232074247449,1924.6125401651093,1.015590102938732,55.6
1144000,-2577591.5473772064,300.6977170853367,1923.5090346807012,1.016172740830365,55.5
1146000,-2579695.8911309186,301.44106449183414,1922.5148526677663,1.016698229962252,55.4
1148000,-2578845.40510007,298.7127904085579,1924.3186892048757,1.015745187503792,55.3
1150000,-2579228.005387673,300.826215462198,1919.0421137550775,1.0185380684318428,55.2
1152000,-2578849.450962074,299.3620582143388,1920.5406337106886,1.0177433444909358,55.1
1154000,-2577744.701544659,301.12134672668964,1922.6851970921282,1.016608153399019,55
1156000,-2575337.578491792,300.72515416032803,1921.2330699555823,1.0173765371572785,54.9
1158000,-2575205.6090948842,301.0987337631933,1922.1073847388288,1.0169137600233746,54.8
1160000,-2579584.0026267767,299.0610040430802,1922.8038620392076,1.016545413899112,54.8
1162000,-2579157.007744001,300.58911512241923,1918.4536243175976,1.0188505069955618,54.7
1164000,-2576864.2960213087,300.27644742708,1921.6253536631834,1.0171688482655483,54.6
1166000,-2582471.8116357774,300.6757500877221,1918.8609661251471,1.0186342222232574,54.5
1168000,-2580053.4373250417,299.8235521936945,1918.0607676912077,1.01905918764829,54.4
1170000,-2580845.9573342185,299.362211314204,1921.3602051497016,1.017309217992867,54.4
1172000,-2582720.0460402016,300.7561613202952,1919.552865949914,1.0182670571129027,54.3
1174000,-2580104.4154854175,301.57226543737954,1919.3049779672808,1.0183985714732924,54.2
1176000,-2579136.849742636,300.05875134474513,1921.5048603311686,1.0172326326807115,54.2
1178000,-2579033.9619720858,300.41687471730353,1921.7300094427856,1.017113454116381,54.1
1180000,-2578453.289796466,300.1063143738112,1923.0573491965981,1.0164114183074386,54.1
1182000,-2578816.116266161,300.3623714624856,1924.2490974346615,1.0157819226155709,54
1184000,-2581051.723898178,300.007332965741,1918.8568048697557,1.018636431245389,53.9
1186000,-2580435.3430943657,300.31964783830534,1921.1191523761902,1.017436865051204,53.9
1188000,-2579729.9035874307,300.9759629168227,1918.4936083348066,1.0188292727646904,53.8
1190000,-2578796.3962978777,299.44293555055566,1921.0026521560214,1.0174985680471127,53.8
1192000,-2579224.0684495233,299.194961736914,1924.9007170217592,1.0154380589600884,53.7
1194000,-2578041.600816125,301.2620413511024,1921.297836653787,1.0173422415275817,53.7
1196000,-2579978.7744944673,300.17827529525783,1923.6319214302487,1.0161078249991664,53.6
1198000,-2579106.6934726797,300.07763564916115,1921.6142390069033,1.0171747315910868,53.6
1200000,-2581447.104021203,299.7169403862212,1921.798278784235,1.0170773225064935,53.5
1202000,-2577493.5084958207,299.8077718102657,1922.7468776234887,1.0165755412378361,53.4
1204000,-2579702.1692486275,300.25764578709465,1919.6637699686357,1.0182082291501457,53.4
1206000,-2578399.831563674,299.92522408271543,1922.193425257125,1.016868241301988,53.3
1208000,-2578283.7998747826,300.4526941671654,1924.6593756280474,1.0155653891461363,53.3
1210000,-2577660.43439281,299.8071996468978,1919.7709379293458,1.0181513894004963,53.3
1212000,-2576339.917727517,301.26262439461567,1924.8582341267474,1.0154604703500207,53.2
1214000,-2579015.8536867294,300.063424311385,1921.5054473766374,1.0172323219026136,53.1
1216000,-2583573.4229394123,300.35572875823266,1917.9982671570015,1.0190923950524395,53.1
1218000,-2577816.125705121,298.9888699989053,1918.171390695718,1.019000417410313,53
1220000,-2578815.919360794,300.37305797029495,1920.8999194684413,1.0175529854383807,53
1222000,-2579264.146547787,300.25672480792656,1921.5205799468142,1.0172243108827694,53
1224000,-2580725.705952611,300.4169565301064,1920.2180742038033,1.0179143056935955,52.9
1226000,-2575433.3456642516,301.3387920810943,1927.7464070420426,1.013939095227077,52.9
1228000,-2579221.073473798,301.1401407264365,1924.6718405765148,1.0155588119364665,52.8
1230000,-2582406.2475622576,299.60627271033485,1920.1519790672942,1.0179493441622807,52.8
1232000,-2579367.9150076285,298.9620834979118,1925.2495502496286,1.0152540731823678,52.7
1234000,-2579316.4882848747,300.05144161430263,1917.0589056299336,1.019591751741808,52.7
1236000,-2580905.27922716,300.44265942176906,1921.7764265001115,1.0170888875680275,52.6
1238000,-2578762.5849834885,300.68713127168655,1921.3595068242723,1.0173095877377762,52.6
1240000,-2578537.631257873,301.06256321936746,1924.0539260748424,1.0158849610680953,52.6
1242000,-2580982.395154385,299.83526325211903,1922.5299669737308,1.0166902370110964,52.5
1244000,-2574429.1556496676,300.75478414961975,1924.6551658743688,1.015567610468796,52.5
1246000,-2579367.676266173,301.0869689860445,1920.6879958542925,1.0176652595332507,52.4
1248000,-2582009.9091890547,300.4091364780188,1918.1533310370262,1.0190100114294396,52.4
1250000,-2578588.9595725965,300.18789126565144,1920.9832792995758,1.017508829382495,52.3
1252000,-2581052.629265422,300.6632147707779,1921.5934519673278,1.0171857349858888,52.3
1254000,-2578800.920854658,300.29283886961144,1925.5453627377701,1.015098104468623,52.3
1256000,-2578449.5905989036,300.3852619198396,1920.00825316616,1.0180255447132718,52.2
1258000,-2580911.298927678,300.8090007830165,1922.9099109336464,1.016489351201282,52.2
1260000,-2578474.992086105,299.9289143222762,1924.7579843044696,1.0155133599769313,52.1
1262000,-2577015.1940196157,300.1871056734864,1922.3617412458373,1.0167792074954198,52.1
1264000,-2579713.3974760547,301.0139410676398,1922.549790789033,1.016679753704201,52.1
1266000,-2576138.0527326036,300.8797160415899,1921.9184395846628,1.0170137335306806,52
1268000,-2581478.8486383557,299.72308012475963,1918.0759501433758,1.019051121326739,52
1270000,-2582789.357950568,301.0528760135151,1919.8644750180829,1.018101784379883,51.9
1272000,-2580550.477507528,299.8888099878303,1919.155429773419,1.0184779291243884,51.9
1274000,-2578732.427553106,299.88132160537305,1922.5826083623954,1.0166623994629538,51.9
1276000,-2577881.674861422,300.15066894956135,1924.4227017866724,1.015690287777603,51.8
1278000,-2577226.4307457935,301.0511858263243,1921.4901967553285,1.0172403955451184,51.8
1280000,-2580290.5013575647,299.89163724740894,1922.8577763096596,1.0165169113727957,51.8
1282000,-2577139.1131278668,301.349352245287,1923.456267561709,1.0162006179954641,51.7
1284000,-2576873.8443707675,299.2587605471122,1920.8162133644062,1.0175973287729838,51.7
1286000,-2578069.5557821803,299.5559912053931,1922.5800407048534,1.016663757243032,51.7
1288000,-2578549.6363725327,300.0615354685406,1919.4832833100543,1.0183039700209404,51.6
1290000,-2579205.0813632235,299.0910652329717,1918.586382830953,1.0187800066105646,51.6
1292000,-2579908.2736571003,300.667516104513,1919.8071212370992,1.0181321999284632,51.6
1294000,-2579329.4884404987,299.6794983674532,1920.3928368813206,1.017821671818833,51.5
1296000,-2580331.861377677,300.39946648129074,1918.2157958547775,1.0189768283669352,51.5
1298000,-2580237.0313035995,299.18972443903687,1923.5085088752837,1.0161730186087732,51.5
1300000,-2579922.7839945722,300.1222275713736,1922.7661519166038,1.0165653508280788,51.5
1302000,-2578881.44927299,300.16700548311,1922.1254255168853,1.0169042154248777,51.4
1304000,-2580020.4240998793,299.8839776740688,1921.033688266845,1.0174821293982155,51.4
1306000,-2579541.7844350506,299.7510070532274,1923.2208645620078,1.0163250013557854,51.4
1308000,-2579662.526736332,299.6814397900615,1923.1216798562332,1.0163774181619016,51.3
1310000,-2580356.5227116793,300.7012694327129,1919.4037817529656,1.0183461480930978,51.3
1312000,-2581311.3987291865,299.7805442821951,1921.8294426437674,1.0170608298593788,51.3
1314000,-2578281.7098799553,300.4954956693888,1920.4501609005172,1.0177912905935131,51.3
1316000,-2578929.6949561033,300.52215584439864,1923.3336467310398,1.0162654051758457,51.2
1318000,-2575507.092485307,301.2099483637902,1922.934161616762,1.0164765319578373,51.2
1320000,-2577929.4294541907,300.710543045392,1924.6628415610462,1.0155635603159023,51.2
1322000,-2579214.270529719,300.37440188174537,1920.4134334739924,1.0178107555973457,51.2
1324000,-2579982.284440417,299.07246338930617,1923.9955527400575,1.0159157826533383,51.1
1326000,-2577883.0527581926,300.13080355336723,1921.4287066754073,1.0172729495467339,51.1
1328000,-2582371.9684858285,300.34234492375384,1918.4669494189734,1.018843430362682,51.1
1330000,-2581566.2516450305,300.0212793133574,1917.31477275287,1.0194556864426745,51.1
1332000,-2578764.956157746,300.79199888116364,1921.1233332863344,1.0174346508195427,51.1
1334000,-2577450.962674951,299.94189038038985,1920.532936117445,1.0177474236577884,51
1336000,-2577977.2163933534,301.14940305798285,1922.9064254624752,1.0164911936956869,51
1338000,-2579804.283659557,299.815834646442,1921.512221169519,1.01722873591394,51
1340000,-2578775.7406792995,299.4640441423578,1921.3320308240484,1.0173241357690441,51
1342000,-2578661.6238699853,299.24585554071086,1922.0060887721154,1.0169673546831353,50.9
1344000,-2578419.6286301557,299.7589195012706,1924.5037687339377,1.015647503288253,50.9
1346000,-2580613.8428361584,300.7519448280586,1920.4285263377674,1.0178027565081464,50.9
1348000,-2578453.031212665,299.5224651202292,1922.0441784104182,1.0169472011824296,50.9
1350000,-2580660.5177968964,301.3238548001803,1921.9130687265795,1.0170165756136658,50.9
1352000,-2580172.2362912763,299.28244572151516,1918.1484645809765,1.0190125967180794,50.8
1354000,-2577461.5790871847,299.8407485066713,1919.9848434100354,1.018037957170491,50.8
1356000,-2576647.061644897,300.36194241717385,1920.72877137505,1.0176436553215928,50.8
1358000,-2580925.2385749277,301.3172831286494,1920.4369291361952,1.017798303151063,50.8
1360000,-2579791.0577948336,300.4800340299539,1922.022645372842,1.0169585943688468,50.8
1362000,-2578726.341383651,301.00171071489376,1921.083563249824,1.017455713627004,50.7
1364000,-2578739.1735448614,301.07818221527566,1922.1595847152173,1.016886143755358,50.7
1366000,-2578199.599816004,300.11524191033465,1921.6370500575256,1.0171626570818588,50.7
1368000,-2577890.988729516,299.5284608583626,1921.2964700814853,1.0173429651388257,50.7
1370000,-2577541.7716844473,300.7818877460031,1920.0201746477276,1.0180192237522074,50.7
1372000,-2581046.688270027,300.5885658399996,1920.0541215567098,1.01800122498564,50.6
1374000,-2577755.542277364,300.8163683625347,1921.4507468790662,1.0172612808099624,50.6
1376000,-2577927.0253833774,300.78812216226544,1922.005621750425,1.016967601792617,50.6
1378000,-2579169.0749432836,300.15684420720055,1919.6629666037882,1.018208655262809,50.6
1380000,-2576622.153515402,300.2933351336372,1922.2809758481067,1.0168219278771584,50.6
1382000,-2579483.3536018506,300.95120425883823,1923.5506806203234,1.0161507401266472,50.5
1384000,-2578768.381740626,301.4842165588994,1919.7741799381595,1.0181496700025523,50.5
1386000,-2579941.0686414335,299.72068464030576,1920.4585438657434,1.0177868478477825,50.5
1388000,-2578263.2053665873,300.1104992031463,1922.751686072301,1.0165729989691235,50.5
1390000,-2575677.346949149,300.80447499038246,1927.3071797912683,1.014170168761135,50.5
1392000,-2577399.4647033084,300.1785179951611,1923.9241487311915,1.0159534870813427,50.5
1394000,-2581953.6309432853,299.9168866838648,1919.9648537646485,1.018048556436261,50.5
1396000,-2581155.3973077442,300.616157920343,1922.9341411088567,1.0164765427984603,50.4
1398000,-2579395.323990466,301.1871167903284,1923.2884906130505,1.0162892656631146,50.4
1400000,-2576361.3382333014,300.17278444726486,1921.909195162798,1.0170186253871838,50.4
1402000,-2578708.3714066837,299.0677338223749,1924.2542599510145,1.0157791974087749,50.4
1404000,-2577344.6008506753,300.35866117875725,1923.762901654546,1.016038642861017,50.4
1406000,-2579462.1037276667,301.6235234836015,1917.499446336853,1.0193575030842976,50.4
1408000,-2580118.168203866,300.5663533269399,1921.5184790993746,1.0172254230412587,50.4
1410000,-2576349.132321464,299.85463235872265,1921.572831723028,1.0171966503246193,50.4
1412000,-2574960.970284639,300.89516144534844,1922.102660481786,1.0169162594538637,50.3
1414000,-2578862.7242004815,301.3486724650737,1920.3443718364806,1.0178473592807733,50.3
1416000,-2577484.688807877,300.64134659518885,1922.3227814024783,1.0167998146270825,50.3
1418000,-2579379.6268026847,300.91402470109256,1919.590920255984,1.0182468708087047,50.3
1420000,-2581009.360696947,299.83389317141274,1921.2163318198961,1.0173854008059164,50.3
1422000,-2578998.112569591,300.1830334943343,1917.8942957441852,1.0191476413068026,50.3
1424000,-2580638.0444348454,300.4053617248773,1918.241280047215,1.0189632910701136,50.3
1426000,-2579042.0781660024,299.62718223646357,1923.0340018241247,1.0164237584615632,50.2
1428000,-2580269.547342837,300.5982721470438,1921.96403371273,1.0169896072444446,50.2
1430000,-2577965.3255163636,300.7781282169323,1919.6344809166521,1.0182237645836099,50.2
1432000,-2581173.9695671573,300.081280428906,1921.888070522175,1.0170298040574184,50.2
1434000,-2577176.5042629,300.4489792457449,1921.6548135449107,1.0171532545836055,50.2
1436000,-2580530.033068802,300.04423511219875,1920.1146336235622,1.0179691428603839,50.2
1438000,-2579326.123708239,300.1024739558439,1922.0138236290172,1.0169632620502596,50.2
1440000,-2577770.304782795,300.24208596811457,1921.085856229745,1.0174544992067769,50.2
1442000,-2580274.002916403,300.39503124152924,1920.4152151549151,1.0178098113150928,50.2
1444000,-2578510.8778955545,299.6365947610069,1922.7049935528466,1.0165976862480819,50.2
1446000,-2578594.9765912686,300.1308633391853,1919.7251974932879,1.0181756484395428,50.1
1448000,-2580052.8938728273,300.1187750615641,1920.789751360145,1.0176113478319835,50.1
1450000,-2578877.862460451,300.52147951008504,1920.2109312205503,1.0179180922280435,50.1
1452000,-2577840.9573034253,299.95696830287966,1920.2445096036524,1.0179002923887541,50.1
1454000,-2580101.191091217,299.5257553509846,1920.740831902785,1.017637265433209,50.1
1456000,-2578483.974402882,301.3283805161031,1925.1188123680147,1.0153230207018533,50.1
1458000,-2579198.254917424,300.12379717858255,1920.9624790504563,1.0175198470037983,50.1
1460000,-2575836.1529053636,299.42774667096035,1925.1499344249714,1.0153066069460652,50.1
1462000,-2577370.2359332573,299.8442065510216,1921.5333947338152,1.0172175269710706,50.1
1464000,-2578529.478402512,298.9657265207859,1920.6904556717639,1.0176639562150724,50
1466000,-2583477.2343415264,301.28334720471014,1919.1186198909909,1.0184974641611693,50
1468000,-2579342.7583873216,299.40629202326056,1920.1396835465678,1.0179558625512117,50
1470000,-2579812.58085607,300.665578075822,1918.7362869437602,1.018700412914403,50
1472000,-2581990.170647109,299.7463598370981,1920.226976781857,1.017909586427765,50
1474000,-2583250.8681602534,300.44977983709504,1920.8354119888081,1.0175871579541904,50
1476000,-2579617.0508628245,299.5237169493003,1920.7523220116254,1.0176311778378404,50
1478000,-2577376.9016794376,299.5019742847052,1922.3319803828313,1.01679494891106,50
1480000,-2580467.6961557083,299.5710887912672,1920.5244849865283,1.0177519021826833,50
1482000,-2578131.3086761087,300.281052685836,1921.3640911739212,1.0173071604503752,50
1484000,-2580321.2098656986,300.38089511491154,1923.5223426923135,1.0161657103746562,50
1486000,-2578329.6155661475,299.2669755830243,1921.6886121160767,1.0171353649388188,49.9
1488000,-2579016.1219902113,300.44145389794886,1919.257152905533,1.018423948465891,49.9
1490000,-2581140.9224940147,300.63138495246255,1918.5442288285915,1.018802391111354,49.9
1492000,-2578740.2850250956,301.223549297093,1920.5139734545342,1.0177574726350882,49.9
1494000,-2578660.922491189,299.82518073465843,1921.0413385213253,1.017478077430638,49.9
1496000,-2577598.10847928,300.11853930612284,1921.200075310637,1.0173940095580192,49.9
1498000,-2582264.8497651424,300.17871840591926,1919.65536130128,1.0182126892081702,49.9
1500000,-2580796.147480719,300.0046377532886,1916.5243211289555,1.0198761509230745,49.9
1502000,-2577799.4420273826,301.70268709345413,1921.5711808612944,1.0171975242194,49.9
1504000,-2577957.5344133284,300.61440188489354,1924.5112728268607,1.0156435430551543,49.9
1506000,-2580683.897754956,300.3984336655905,1921.1991540708277,1.0173944974115876,49.9
1508000,-2579230.2176945787,300.1004120861834,1922.6032155286105,1.016651502502582,49.8
1510000,-2581554.620181037,301.140127410872,1922.4572122815034,1.0167287132824077,49.8
1512000,-2577774.283178067,300.7035111628015,1925.021503861564,1.0153743445787617,49.8
1514000,-2580896.8719406314,300.87657153891263,1920.358687378254,1.0178397716168197,49.8
1516000,-2579218.325878013,299.4355803499946,1921.7165738572855,1.0171205652143245,49.8
1518000,-2578321.4717709795,300.1413979530005,1920.4066136586143,1.0178143700826292,49.8
1520000,-2578351.35032562,301.2371832381143,1920.1692598795446,1.0179401829951564,49.8
1522000,-2581686.8493977673,299.0306737999585,1921.1282695924729,1.017432036538658,49.8
1524000,-2580356.090553906,299.78579274131476,1920.8706987844905,1.0175684646656964,49.8
1526000,-2578657.329104446,300.00667720857365,1921.358620761057,1.0173100568852818,49.8
1528000,-2580587.337790327,300.5824187032445,1920.7772275193151,1.017617982855746,49.8
1530000,-2581498.8983410634,300.4482033697352,1919.005103314125,1.0185577122269398,49.8
1532000,-2581309.1120378096,302.4808893721301,1917.6342685962954,1.0192858355698,49.8
1534000,-2577806.7434964757,300.4230801632225,1920.4157548696674,1.0178095252692358,49.8
1536000,-2580305.669399988,299.72667880992145,1923.348519935014,1.0162575464219559,49.7
1538000,-2580169.6749931667,301.17196834289905,1919.3295617387892,1.0183855272945934,49.7
1540000,-2578754.007906828,298.9757698058914,1924.8721623146248,1.0154531225767556,49.7
1542000,-2579630.252156552,300.28804694787425,1922.0628253455252,1.0169373352466144,49.7
1544000,-2576807.6185397487,300.4880208882101,1920.8326887545431,1.0175886006244614,49.7
1546000,-2581719.0689449683,300.1419382278786,1919.4905364981737,1.0183001221508325,49.7
1548000,-2580903.123986041,300.99404368109913,1918.777343570186,1.0186786154909382,49.7
1550000,-2579027.189170612,300.92900818666914,1923.964879513722,1.0159319791104935,49.7
1552000,-2577851.5495888125,301.01359530141264,1924.0907221140742,1.0158655334275728,49.7
1554000,-2579819.966928892,300.50081248320606,1922.937808209799,1.0164746043467476,49.7
1556000,-2578126.9799657594,299.5698918921227,1921.9496509646717,1.0169972178003668,49.7
1558000,-2579347.0576162618,300.4811095854312,1920.825045041333,1.017592650007017,49.7
1560000,-2578846.9059864115,300.05233670651694,1920.6949206414756,1.0176615904886406,49.7
1562000,-2577802.731454706,300.0640656040817,1922.8388370250152,1.0165269237059977,49.7
1564000,-2580798.7459072694,301.1529031448764,1924.155656366896,1.0158312511338494,49.7
1566000,-2580058.585942669,298.8748504396441,1924.4844003134358,1.0156577249808385,49.6
1568000,-2577251.608963618,300.08553568039946,1922.1886710301296,1.0168707563633432,49.6
1570000,-2580064.5289433394,300.1313158119166,1918.4394857705818,1.0188580157368603,49.6
1572000,-2579883.9153839312,300.5003191729393,1922.1050654883788,1.0169149870518746,49.6
1574000,-2576617.1703195907,299.51854633625254,1920.5763699762556,1.0177244072869764,49.6
1576000,-2576854.77974483,301.03977661352656,1923.9341620581793,1.0159481994396595,49.6
1578000,-2577190.6236007195,300.92856404340324,1921.355425504236,1.0173117486945404,49.6
1580000,-2579088.867587719,299.9665372848802,1922.407170565006,1.0167551795018455,49.6
1582000,-2576293.580025211,300.3909245890595,1922.0174907013886,1.0169613217568443,49.6
1584000,-2577184.6955810394,301.10495913624527,1920.137362178256,1.017957093218626,49.6
1586000,-2581337.611317074,301.0178450592965,1925.0057354182572,1.0153826618904935,49.6
1588000,-2579436.7559631895,299.6611214924808,1921.160812867889,1.0174148018695137,49.6
1590000,-2577196.3523276504,300.1378714900148,1924.4310668970572,1.0156858727785312,49.6
1592000,-2579852.0639282055,300.260805481037,1919.621149448852,1.0182308359879515,49.5
1594000,-2578209.446372371,300.5220315225116,1924.5044573228276,1.0156471398889455,49.5
1596000,-2579177.4051434174,300.18703032883536,1923.2951569501201,1.0162857431009222,49.5
1598000,-2579484.670076186,299.7322633860574,1922.5246974223246,1.0166930237120813,49.5
1600000,-2579566.915359497,300.83856142895576,1924.5677525100166,1.015613737284255,49.5
1602000,-2579304.9999868777,299.9055286233949,1921.68066032685,1.017139573778614,49.5
1604000,-2577701.554870652,299.70712130776843,1919.5308234155357,1.0182787501716124,49.5
1606000,-2581484.8187555037,301.308283870897,1917.8625336937298,1.0191645195857386,49.5
1608000,-2579875.6649831273,298.98012341958736,1921.700677295909,1.017128978969746,49.5
1610000,-2578289.614262454,300.39789753097557,1920.4033701894048,1.0178160891222963,49.5
1612000,-2576554.289702866,299.92075502233234,1922.753413275095,1.0165720857850864,49.5
1614000,-2581726.4436906185,300.0930563904384,1921.284338390689,1.0173493890137517,49.5
1616000,-2578897.2756596357,300.33017421196115,1924.2165175278415,1.0157991213455924,49.5
1618000,-2578557.34325522,301.5338341483424,1920.682517716463,1.0176681621006995,49.5
1620000,-2577563.085331168,300.3268520120615,1924.267775877778,1.0157720626443663,49.4
1622000,-2573318.559796907,301.0986994890622,1924.1688195515835,1.0158243018608781,49.4
1624000,-2577534.5389855597,299.3062370320734,1922.1085402075519,1.016913148709279,49.4
1626000,-2578510.2061463296,299.93582393656953,1919.9709189558262,1.0180453404192567,49.4
1628000,-2576028.04993313,299.0312310759748,1922.3628603257273,1.0167786155899126,49.4
1630000,-2578601.533700932,300.3201885464993,1921.59432019162,1.0171852753959767,49.4
1632000,-2579288.9354104735,300.6106423958251,1922.5446212818438,1.0166824874422054,49.4
1634000,-2579181.705746321,299.4891183940017,1918.6381890871055,1.0187524979441125,49.4
1636000,-2576915.6373489704,300.79798978602133,1919.973648608985,1.01804389305008,49.4
1638000,-2578646.728296317,300.0741222414501,1923.2858167507245,1.0162906785667798,49.4
1640000,-2579181.190123843,300.240166254072,1924.6305885936674,1.0155805791342543,49.4
1642000,-2580114.150764374,300.14773613954867,1922.4573135504652,1.0167286597243597,49.4
1644000,-2578815.201720331,300.93930912276267,1921.4111413608634,1.0172822493363265,49.4
1646000,-2580693.9385264665,299.2198180194962,1919.7309632928475,1.0181725904085905,49.4
1648000,-2577933.5244518444,299.4079457282446,1922.689847758189,1.0166056943934538,49.4
1650000,-2580671.193515001,299.7399205520688,1924.630072297202,1.0155808515713687,49.3
1652000,-2580710.9994502254,300.5813368592823,1920.7148059073063,1.0176510545823259,49.3
1654000,-2577879.2301337104,299.3783683840472,1923.0373245128108,1.0164220022503452,49.3
1656000,-2577788.1576230433,300.55651212148365,1920.4234427023564,1.0178054507775558,49.3
1658000,-2578079.9236804657,300.51539877957254,1924.721114636528,1.0155328129979886,49.3
1660000,-2577411.228285143,298.88287190936603,1922.4223967856103,1.0167471264648598,49.3
1662000,-2580310.5859651025,301.00324897134345,1923.56643201957,1.0161424192307655,49.3
1664000,-2579932.285787886,299.85360443107675,1921.9764634261535,1.0169830302183396,49.3
1666000,-2578703.2870132793,300.4560323998149,1923.155151633155,1.016359728503228,49.3
1668000,-2579509.024724584,300.2787008344166,1920.0978443181652,1.0179780439665824,49.3
1670000,-2579370.812616024,300.42438690191136,1924.3871666729117,1.0157090431874014,49.3
1672000,-2579151.024177408,301.0884466061022,1922.1226521306735,1.0169056826923941,49.3
1674000,-2576261.4230975304,301.29866533723447,1919.8735424838678,1.018096975936571,49.2
1676000,-2582942.6105554365,299.9934102119127,1917.122455181145,1.0195579539016821,49.2
1678000,-2578267.612528067,300.42247456031834,1920.134853259783,1.0179584233186194,49.2
1680000,-2576944.487051189,301.04872556272835,1918.28363386003,1.018940793364491,49.2
1682000,-2581750.9787959903,301.3139148409191,1922.093360472492,1.0169211797823237,49.2
1684000,-2576424.1474375185,299.8878586416035,1922.2913912663264,1.0168164185013782,49.2
1686000,-2580963.807197988,298.85400110011744,1920.6207629572887,1.0177008837360595,49.2
1688000,-2578068.369909011,299.96230435891806,1922.297055442446,1.0168134223841758,49.2
1690000,-2577400.65986187,301.5124272394183,1921.3771878556965,1.017300226180398,49.2
1692000,-2580146.525177529,300.73879769791,1917.7507244179205,1.0192239392201126,49.2
1694000,-2577457.393139221,299.3690058396819,1920.2009540101587,1.017923381248938,49.2
1696000,-2575611.797676688,300.9947207277,1921.5418088674073,1.017213072733268,49.2
1698000,-2577479.905315032,301.478494378375,1918.5813998252797,1.018782652621077,49.2
1700000,-2580205.469674442,299.87755849858615,1919.6629363250422,1.0182086713229621,49.2
1702000,-2581127.217963008,299.8908217485329,1921.112950544786,1.0174401495909806,49.2
1704000,-2577866.216647979,300.1717031496363,1924.196964062806,1.0158094437777412,49.1
1706000,-2578119.2836848926,301.5518496711595,1923.9484199324445,1.0159406705155276,49.1
1708000,-2580693.6086825617,300.2587970714429,1919.6702810777667,1.018204775606606,49.1
1710000,-2578354.8925040867,301.1108844182734,1923.6683343148488,1.0160885912173792,49.1
1712000,-2577513.2446609084,300.5681924661311,1920.664891683372,1.0176775012898414,49.1
1714000,-2580379.418118492,300.8469692781203,1920.8698951783697,1.017568890370867,49.1
1716000,-2581919.35483595,300.11631239143105,1920.2286625960476,1.0179086927808472,49.1
1718000,-2579016.7407766003,298.93202440406753,1918.6464824730747,1.018748094367034,49.1
1720000,-2579821.950783141,299.4523422588469,1917.4599865388086,1.0193784806491433,49.1
1722000,-2580900.3182392176,300.41867166515306,1917.8265892967927,1.0191836210280905,49.1
1724000,-2577891.72052332,300.63942284998967,1920.568166551523,1.0177287543472469,49.1
1726000,-2581509.8770625144,299.5477464831581,1919.563667329078,1.0182613273271388,49.1
1728000,-2579532.661280751,299.28097332449175,1923.5909190416269,1.0161294838911428,49.1
1730000,-2581727.3758463934,300.28607737908925,1917.3762767878989,1.0194229851732324,49.1
1732000,-2578720.413000902,300.71444529552633,1923.0938413476322,1.0163921311368427,49
1734000,-2578811.744741358,300.6245011105857,1921.1545154592002,1.01741813688331,49
1736000,-2576442.407918725,300.5603298912301,1923.2469277982084,1.01631122843969,49
1738000,-2579787.040683897,301.3774085413074,1922.7523738686828,1.0165726353262332,49
1740000,-2579906.104492657,300.1516473640909,1921.9743352104842,1.016984156330786,49
1742000,-2580545.052843768,300.84721681980534,1918.8761890109815,1.0186261411638537,49
1744000,-2579073.078095941,299.3957996454971,1920.32507210653,1.0178575888921295,49
1746000,-2577970.698132325,300.2707427237763,1916.9516875103766,1.019648779110338,49
1748000,-2576946.7833746206,300.2359678595287,1924.7243373050815,1.015531112637268,49
1750000,-2578966.3636097163,300.75691715267953,1921.613020640833,1.0171753765134346,49
1752000,-2579325.6062001344,299.680699255546,1920.0727722359163,1.0179913366029945,49
1754000,-2576877.9011768457,301.716350152848,1920.82211192615,1.0175942038814922,49
1756000,-2578028.1955620907,300.43854206627867,1919.9938291804333,1.0180331926471886,49
1758000,-2578548.292843107,300.9400163029098,1919.2372001853225,1.0184345361765177,49
1760000,-2578853.9786514193,300.6511613037866,1921.4586235804488,1.017257110715827,49
1762000,-2580013.9896500055,299.82088334667725,1917.908450105688,1.019140119892452,49
1764000,-2582199.830284849,300.9043576587114,1919.8677785711666,1.0181000325127352,49
1766000,-2575969.860643765,301.5213208839373,1919.0356419999382,1.0185415033492748,49
1768000,-2579397.8710158207,299.6489864129818,1921.5327538300346,1.0172178662515523,49
1770000,-2578520.628488267,299.51621032074183,1921.9268054177924,1.0170093066361905,49
1772000,-2576942.0306703877,299.80170196083554,1923.8466648851372,1.015994405094731,49
1774000,-2579436.0332262423,300.1164205857846,1919.9752202031334,1.0180430597310828,49
1776000,-2580158.4850556236,299.8179855394356,1921.0611777772933,1.0174675696923872,48.9
1778000,-2581960.3839997444,301.83109323009796,1922.5224635451257,1.0166942050597156,48.9
1780000,-2580454.026159471,299.8448009833837,1919.7212394105482,1.018177747714884,48.9
1782000,-2581199.9134261403,299.74673095018215,1919.9546057762573,1.0180539903927497,48.9
1784000,-2578934.9010413885,299.68734311263256,1920.108891331414,1.0179721872065888,48.9
1786000,-2580384.373074621,300.4378217200426,1920.586789893385,1.0177188857432273,48.9
1788000,-2580525.034294773,300.58913493632826,1922.679449476546,1.016611192425033,48.9
1790000,-2580832.0297003724,299.5870878537841,1921.715282170361,1.0171212488750867,48.9
1792000,-2579577.085106399,299.5522108128517,1921.7211023051232,1.017118168416257,48.9
1794000,-2580727.7436414734,301.07759368540525,1920.8368199519498,1.0175864120682323,48.9
1796000,-2580055.3574597742,300.458075979842,1922.031118413609,1.0169541112303866,48.9
1798000,-2577243.09419428,300.78535978264307,1919.595267253487,1.0182445649494019,48.9
1800000,-2575750.6916713323,300.75569358700267,1925.958084620636,1.0148805747080767,48.9
1802000,-2577531.770040702,300.153728189369,1920.7211606279068,1.0176476876760547,48.9
1804000,-2576764.0857213847,300.75824231793996,1924.328654066704,1.0157399276120238,48.9
1806000,-2576327.011892708,300.3875965815252,1924.685974624504,1.0155513541188415,48.9
1808000,-2577507.6017594095,300.2614671902685,1919.6553550698593,1.0182126925134047,48.9
1810000,-2579786.440267727,299.9647154763128,1918.9411128960558,1.018591677799617,48.9
1812000,-2580451.5011157915,299.99166144440835,1919.6670489174703,1.018206489966943,48.9
1814000,-2579373.0491902884,299.9315354657692,1921.2653690183945,1.0173594336851568,48.9
1816000,-2579608.407760555,299.00730217623595,1923.089590878912,1.0163943775963844,48.9
1818000,-2577502.0884066243,300.5201108506852,1924.0565828289912,1.015883558325261,48.9
1820000,-2579677.057078395,300.4569237260357,1920.6915567162127,1.0176633728349633,48.9
1822000,-2579879.6445868816,300.7566355824273,1915.4482404910366,1.0204491076628517,48.9
1824000,-2577361.6861585677,300.8147207889851,1919.3314198637825,1.018384541384822,48.9
1826000,-2578430.2419959046,300.7089483952288,1922.1438513295961,1.0168944673060751,48.9
1828000,-2577718.4327067733,299.7574447404563,1924.2930849233649,1.0157587028180275,48.9
1830000,-2576383.9598955233,300.0006090419537,1923.7980092664918,1.0160201010545367,48.9
1832000,-2579551.717346143,298.7121515604836,1921.022092542174,1.017488271150919,48.9
1834000,-2579138.085884167,300.7664644771464,1919.7290559262678,1.0181736020244565,48.9
1836000,-2580158.6835626233,298.960285564321,1922.9603928306917,1.0164626661426788,48.9
1838000,-2579501.0845610946,300.51179735120036,1919.8789663757013,1.018094099688656,48.9
1840000,-2578613.1183139887,299.54020722590457,1920.8561220307702,1.017576186662536,48.9
1842000,-2581279.695459936,300.8548715753866,1923.4779028002506,1.0161891877925258,48.9
1844000,-2576929.157563001,298.5497253135343,1922.0484217934313,1.0169449560275057,48.9
1846000,-2581300.217782967,300.7927102137872,1923.3432422951016,1.0162603350252952,48.9
1848000,-2576696.03122689,301.1233385652183,1923.8242967139647,1.0160062179909515,48.9
1850000,-2578507.640297493,300.4194754806681,1924.0189698173524,1.0159034180255562,48.9
1852000,-2580270.046536995,300.53781065536003,1922.4393238689017,1.0167381740037431,48.9
1854000,-2577953.696365254,299.2540636320037,1924.2363129525313,1.0157886713946842,48.9
1856000,-2580672.9695794582,299.3106207624306,1922.0129084535972,1.0169637462820649,48.9
1858000,-2579610.645398332,300.12241399480774,1921.2072154119978,1.0173902284477392,48.9
1860000,-2578122.8644371834,300.8469590254255,1920.9772685486273,1.0175120131745476,48.9
1862000,-2577627.9193561543,299.99609636197414,1920.713623724367,1.0176516809379157,48.9
1864000,-2580160.45757344,300.1349851136434,1919.5928859853896,1.0182458280887452,48.9
1866000,-2579046.1985477377,300.5251820729933,1920.8975664834034,1.017554231880144,48.9
1868000,-2576989.9221949,300.78843649332936,1920.2320702245577,1.017906886408203,48.9
1870000,-2580553.8984893877,299.83607741493495,1920.783424024959,1.0176146999892366,48.9
1872000,-2577633.5269038156,300.0460219549237,1920.1966658443378,1.0179256544662232,48.9
1874000,-2583020.556100277,299.7294175172652,1919.1651161141046,1.0184727886994613,48.9
1876000,-2580249.5413674116,300.931596600225,1921.3803497175807,1.0172985520908249,48.9
1878000,-2577276.018170569,300.0681529677002,1922.327933068501,1.0167970896950005,48.9
1880000,-2578007.496055031,300.05798461619355,1921.4020431806546,1.0172870663486018,48.9
1882000,-2579458.7274293695,300.088763490457,1926.0369050209601,1.0148390421221896,48.9
1884000,-2577211.4002721496,300.6555289155709,1924.5007715448126,1.0156490850426991,48.9
1886000,-2578912.94986118,300.7627539655689,1920.2163333899573,1.01791522850593,48.9
1888000,-2577855.25467954,301.34626946024093,1920.4353761115499,1.0177991262278863,48.9
1890000,-2577628.4212730415,300.92799420326503,1922.6402389777436,1.016631925285573,48.9
1892000,-2575923.7387686986,299.9485998788508,1921.3219488384304,1.01732947409733,48.9
1894000,-2577865.8562055845,300.2242013090922,1923.2601345614892,1.016304249570024,48.9
1896000,-2575192.373370873,299.174568203458,1924.3761355738247,1.01571486553517,48.9
1898000,-2578396.599600615,300.2449706469472,1920.384572951776,1.017826051778297,48.9
1900000,-2581876.6450360417,300.8697976539949,1917.4341740232126,1.0193922035311522,48.9
1902000,-2578553.3345612437,300.6751520978753,1925.3207235447971,1.015216542304038,48.9
1904000,-2581782.573167108,299.81124905375816,1917.5675264561717,1.019321312452426,48.9
1906000,-2582649.343283726,300.7330180403705,1921.595355773911,1.0171847272165409,48.9
1908000,-2578124.0595848635,300.33076744316645,1920.9153831875292,1.0175447939513107,48.9
1910000,-2579710.8727284074,300.4556225207242,1919.8714088133197,1.018098107410024,48.9
1912000,-2577896.6117822453,299.71483322468356,1921.5048116395503,1.0172326584577496,48.9
1914000,-2578695.587457193,301.49763691314195,1920.1058000287562,1.0179738261059281,48.9
1916000,-2577099.983792253,300.1392846556512,1922.956617712413,1.016464661646246,48.9
1918000,-2578218.499257734,299.68233501359276,1922.0365749033301,1.016951224188731,48.9
1920000,-2581121.7073624358,300.62728395562624,1920.6421182280938,1.0176895681048106,48.9
1922000,-2579467.700757798,300.44308822945356,1919.5510274819278,1.0182680323677198,48.9
1924000,-2577810.086438045,299.5754574488927,1918.693180959773,1.0187232993686435,48.9
1926000,-2580949.9137996193,300.4130877835052,1917.8221819763187,1.0191859631997902,48.9
1928000,-2580444.0380299147,300.5564898876222,1920.3693337343327,1.0178341288040287,48.9
1930000,-2578737.1554480325,301.5556482719093,1917.4556217814118,1.019380801088643,48.9
1932000,-2577637.6538898256,300.4849791135977,1922.528343213795,1.0166910957037028,48.9
1934000,-2577321.4775184635,300.787704519837,1924.2274106031753,1.015793370894117,48.9
1936000,-2578351.493316034,299.98391190000035,1920.794515346405,1.0176088239355228,48.9
1938000,-2578642.2770230807,300.6380625255275,1919.8971519556592,1.0180844561347626,48.9
1940000,-2577538.6396092214,301.0823780526638,1922.1178768057996,1.0169082091009247,48.9
1942000,-2577952.8650857415,299.23651723509516,1923.8094604191513,1.016014053365552,48.9
1944000,-2578437.3016086146,301.011738838443,1921.1278157082977,1.0174322769163655,48.9
1946000,-2579436.2879277,299.84206272604825,1922.330865245949,1.0167955387499736,48.9
1948000,-2579922.3098033946,299.6428708223166,1919.497244796872,1.01829656337449,48.9
1950000,-2581961.8446789347,300.1864256332654,1922.11876783324,1.0169077376976305,48.9
1952000,-2578539.8227044214,300.16967544653676,1923.9368377513294,1.015946786521322,48.9
1954000,-2578384.8432365023,299.73690664713104,1925.173602542018,1.0152941247493532,48.9
1956000,-2578074.2911834177,299.8695052903158,1922.7911768088063,1.0165521203542611,48.9
1958000,-2578548.674179375,300.3190575693192,1922.786993865337,1.0165543318212966,48.9
1960000,-2579298.669539418,299.6528713774152,1922.7007434031739,1.0165999334476727,48.9
1962000,-2578763.260877881,301.3938045316769,1922.9527980023202,1.0164666807287377,48.9
1964000,-2580506.6641903967,300.57761731885506,1919.4988874899545,1.0182956919237531,48.9
1966000,-2579830.371845426,298.9093959347995,1921.8777025877964,1.0170352906179083,48.9
1968000,-2581864.8063940164,301.0145922236622,1919.7716880465152,1.0181509915756701,48.9
1970000,-2580271.651364511,300.87676713512315,1919.887783028304,1.0180894243206096,48.9
1972000,-2582464.673288431,299.11308753312045,1921.192613826512,1.017397960889706,48.9
1974000,-2579959.1752118263,300.73264966244375,1918.7938274252392,1.0186698642898433,48.8
1976000,-2578723.769879842,299.80859719926474,1918.843934729738,1.0186432634808091,48.8
1978000,-2580107.4459377155,301.0419702878589,1920.2039042174074,1.01792181730829,48.8
1980000,-2579289.852136776,301.23207473082374,1923.198695517489,1.016336716710134,48.8
1982000,-2577270.2645595837,301.4910693820537,1921.9111880512191,1.0170175708095033,48.8
1984000,-2577490.0361621957,301.2518977593203,1922.4572175168505,1.016728710513593,48.8
1986000,-2578178.8086043447,300.2333917440886,1920.1841660417074,1.017932280846129,48.8
1988000,-2579415.4922721796,299.213083596445,1924.0102892056395,1.015908001505779,48.8
1990000,-2578130.7419379614,300.86646501769087,1921.7524393880585,1.0171015827646688,48.8
1992000,-2580222.6436788756,299.4252199606052,1924.0674896444941,1.015877799663154,48.8
1994000,-2578138.9079244435,300.41902686108676,1926.6048422574404,1.0145398812001294,48.8
1996000,-2578766.7095062546,300.4120855623698,1924.8129096970524,1.0154843818514787,48.8
1998000,-2577562.1601161063,300.3807080170814,1922.7698396867263,1.0165634011098905,48.8
2000000,-2580563.1568443626,301.1237271153728,1918.7286306980002,1.018704477804348,48.8
2002000,-2579499.1419511195,301.20519138264194,1921.40628152852,1.0172848223586097,48.8
2004000,-2578985.1670393087,300.09095027244615,1920.7468482549364,1.0176340778896988,48.8
2006000,-2577481.9201113675,300.3586729134275,1921.5131508683867,1.0172282437411944,48.8
2008000,-2578528.921709243,300.23657070605447,1922.2417275046153,1.0168426893535765,48.8
2010000,-2582466.1510269977,299.5391032473024,1919.3447237974653,1.0183774824546392,48.8
2012000,-2579756.115989005,299.9391920763163,1919.668582758464,1.018205676406275,48.8
2014000,-2576951.895120796,299.75241855722055,1921.4508488810734,1.0172612268077001,48.7
2016000,-2580097.4693721645,300.12561607111456,1920.6089083491447,1.0177071653091232,48.7
2018000,-2582076.524978202,299.23963169948956,1922.3399516895934,1.0167907325993482,48.7
2020000,-2577839.3705283627,299.63562447485646,1924.319194764152,1.015744920646088,48.7
2022000,-2581277.8391305245,300.36010185325114,1921.113828175156,1.0174396847895923,48.7
2024000,-2579303.5081212483,300.0121948965102,1919.882853585902,1.0180920383411307,48.7
2026000,-2579716.2021143287,299.7336889060608,1918.0868836786713,1.0190453125015508,48.7
2028000,-2578410.3371904287,300.2791885776473,1922.0149200145077,1.01696268193834,48.7
2030000,-2577150.4359802455,301.1535656735128,1922.3223209323485,1.0168000581897452,48.7
2032000,-2576172.0305511914,300.7634401804938,1924.2582780924533,1.0157770763086438,48.7
2034000,-2581662.412272297,300.08781766635116,1918.9855531117444,1.0185680890686926,48.7
2036000,-2581881.8305236157,298.4659563590878,1919.6834210900165,1.0181978061120125,48.7
2038000,-2580060.0052047856,300.10672682124584,1917.3676499749752,1.0194275718634183,48.7
2040000,-2578083.837572841,300.3803706397373,1922.220690699305,1.0168538176916442,48.7
2042000,-2579350.6756817102,300.7160839273559,1921.179806334387,1.0174047433451163,48.7
2044000,-2581402.5210779235,299.96109137364823,1918.15354159951,1.0190098995691141,48.7
2046000,-2578272.8805454653,299.7325121088911,1922.747919485113,1.0165749903954537,48.7
2048000,-2578910.841588689,300.1762049256695,1924.680085300598,1.0155544616019572,48.7
2050000,-2576890.5866590235,300.73295908768324,1923.6028619219808,1.016123175149827,48.7
2052000,-2578404.485294774,299.1723529068224,1920.019177790636,1.0180197522988463,48.7
2054000,-2580667.347184494,299.8367850538225,1921.983451388489,1.0169793326635526,48.7
2056000,-2576090.20030196,300.2175813586104,1923.2271225890256,1.0163216943156326,48.7
2058000,-2578886.4361052327,300.3915511530079,1922.4955590205143,1.0167084332716527,48.7
2060000,-2581483.8871294875,300.93399901099264,1922.6845978090678,1.0166084702664064,48.7
2062000,-2577969.127783913,300.31785220182866,1918.6449612492895,1.0187489020953335,48.7
2064000,-2579875.834978156,301.37276878154944,1919.3638921969396,1.018367312071379,48.7
2066000,-2579233.8256406,301.182274469434,1921.3730748435958,1.017302403877273,48.7
2068000,-2577267.373228455,300.5720486246316,1922.1823522958794,1.0168740990930631,48.7
2070000,-2578385.8478731886,300.2605110044288,1922.673350510692,1.0166144172458003,48.7
2072000,-2583298.7530560177,300.8911233977906,1918.662650990342,1.018739509404927,48.7
2074000,-2583400.1976039913,300.14332097743727,1918.3008254659132,1.0189316617265824,48.7
2076000,-2580803.7882593237,300.0654189465612,1920.526215036889,1.017750985370389,48.7
2078000,-2579019.713003712,300.6705253561489,1919.0656763134716,1.0185255626781262,48.7
2080000,-2578628.9883327167,300.322310639698,1922.0248886879958,1.0169574074130279,48.7
2082000,-2577013.4706643727,300.7165692225288,1919.79029589851,1.0181411229962736,48.7
2084000,-2579195.529993741,300.0816105918425,1919.5872422897423,1.018248821789381,48.7
2086000,-2580871.7603777032,300.4772257848537,1920.4990564740701,1.0177653778034272,48.7
2088000,-2579884.7061759345,300.551546325004,1918.6206891331115,1.018761790099642,48.7
2090000,-2581715.3207887895,299.72976952660923,1920.8091269394145,1.0176010829862687,48.6
2092000,-2580056.735727057,300.0873461663912,1923.495539966148,1.0161798700182363,48.6
2094000,-2580126.837593915,301.37252972147854,1920.4648491205244,1.0177835062581713,48.6
2096000,-2579978.5835931674,299.92307293738344,1920.206130207266,1.0179206372872465,48.6
2098000,-2577854.6723149996,299.86698763289746,1922.216126403502,1.0168562322076546,48.6
2100000,-2574899.173802059,300.6033478561829,1922.6425254392423,1.0166307162778012,48.6
2102000,-2579753.076988077,300.6292970468324,1923.7998063229293,1.0160191519716555,48.6
2104000,-2579183.8669745047,300.3848902568127,1919.7199089126702,1.018178453382063,48.6
2106000,-2575532.3883724157,300.06897614873355,1923.0399909120563,1.016420592926112,48.6
2108000,-2578700.875918301,300.8228401618051,1923.3191990205207,1.0162730392224422,48.6
2110000,-2578791.609365193,300.37470859913816,1921.6207791265015,1.0171712696986732,48.6
2112000,-2580088.5371880606,300.9459112205186,1921.566520563831,1.0171999911873615,48.6
2114000,-2579233.183841331,299.94442277778086,1920.9406743279949,1.0175313969377235,48.6
2116000,-2576388.2050228994,300.75197368699827,1920.402343074241,1.0178166334948562,48.6
2118000,-2578963.144663552,301.8487674486877,1920.4529412270117,1.017789817091075,48.6
2120000,-2578554.9088937044,300.09813893731683,1925.497480491074,1.0151233473881032,48.6
2122000,-2579688.031178275,300.9834145473593,1921.413013659467,1.0172812580574493,48.6
2124000,-2577872.6473884303,300.44848786552996,1920.2006060436436,1.0179235657105252,48.6
2126000,-2578202.6043077596,300.060899221447,1921.4054734635467,1.0172852501872198,48.6
2128000,-2580272.487638904,300.4525227146248,1920.1440116269112,1.0179535680385439,48.6
2130000,-2577961.4619396646,299.776876589938,1922.6109147479724,1.0166474312560951,48.6
2132000,-2579844.355778454,300.36164698711764,1920.3676500597248,1.0178350211860043,48.6
2134000,-2581154.6728501413,300.5273101098492,1919.1288153075554,1.0184920533696509,48.6
2136000,-2578135.3755281046,300.70047555191906,1922.9321081388553,1.0164776174418708,48.6
2138000,-2576629.0446204226,299.53926954332246,1922.7081502022063,1.016596017225961,48.6
2140000,-2580281.2241283394,300.0484433361488,1919.8797184084308,1.0180937008927955,48.6
2142000,-2578661.079452332,299.4886161242025,1923.0320251139303,1.0164248032570626,48.6
2144000,-2577986.381097909,299.4394273367443,1918.466282457455,1.0188437845671674,48.6
2146000,-2579629.943354234,300.73001889174503,1921.399370827917,1.017288481228776,48.6
2148000,-2578775.4226028044,300.48873917066857,1919.437277300455,1.0183283772275595,48.6
2150000,-2577235.9836980235,299.8301258202067,1917.2513834703407,1.0194893922806731,48.6
2152000,-2577361.434633836,300.7599454397649,1922.1587905630668,1.0168865638883466,48.6
2154000,-2576826.232344784,300.41736511263247,1926.1871487864375,1.014759884061594,48.6
2156000,-2574682.1847130638,300.840279845625,1929.099476219669,1.0132279189737765,48.6
2158000,-2578618.470054472,301.4313067782627,1921.6570412123936,1.01715207545581,48.6
2160000,-2578692.416067159,299.80687145438094,1920.5118731422938,1.0177585856760996,48.6
2162000,-2578193.1508663297,299.9547215600199,1920.2074787966587,1.017919922386909,48.6
2164000,-2575218.9468546472,299.7316891350188,1923.5418455068173,1.0161554074579815,48.6
2166000,-2578806.185438279,300.61061257116256,1923.3891419043812,1.0162360830674944,48.6
2168000,-2579097.5914140455,300.55049496206,1921.8500033609837,1.01704994893731,48.6
2170000,-2579213.609800406,299.33146609514625,1925.453770706958,1.0151463917338257,48.6
2172000,-2580432.5067672245,299.6274913941257,1921.9547743430192,1.0169945067784456,48.6
2174000,-2578543.099758165,300.71074573871635,1922.4083954471232,1.0167545316659123,48.6
2176000,-2579693.8351936806,300.7921519529529,1921.4907666183856,1.0172400938586716,48.6
2178000,-2579228.1084559895,300.6007882064273,1923.100648041469,1.016388533680796,48.6
2180000,-2578476.447125854,300.709840270269,1920.7787143543753,1.0176171951387207,48.6
2182000,-2578238.145143898,300.6585390397624,1919.8038071251783,1.0181339575060073,48.6
2184000,-2582102.342270842,301.0926710089438,1922.471836148602,1.016720979226023,48.6
2186000,-2576619.224598212,299.26868490754316,1926.3327936764074,1.0146831607705067,48.6
2188000,-2578021.396561548,300.8459164847336,1923.2103509166054,1.0163305573162518,48.6
2190000,-2575092.535104938,300.24546124712623,1928.8063354952865,1.013381909740328,48.6
2192000,-2579091.0908957794,300.52099239069304,1921.8518610434098,1.0170489658460244,48.6
2194000,-2574978.914332183,299.97708623807677,1925.7338895742796,1.0149987276879482,48.6
2196000,-2577643.282228688,300.6240549630977,1923.9043673736876,1.0159639329951187,48.6
2198000,-2580072.220629543,299.8667265098894,1922.9253724113098,1.0164811780149356,48.6
2200000,-2579216.7333381567,299.8477873979255,1919.2506445031574,1.0184274020600657,48.6
2202000,-2578552.5571520533,300.3325422298591,1922.700014057996,1.0166003190784283,48.6
2204000,-2581141.196276188,300.54386124114427,1919.9771491537592,1.018042036929953,48.6
2206000,-2578035.783462731,300.57846183640805,1923.542634596261,1.0161549906034284,48.6
2208000,-2578541.990352208,298.4574659002648,1925.0092854962406,1.0153807893345224,48.6
2210000,-2579057.6818153095,299.60078809712127,1918.995011134629,1.01856306892,48.6
2212000,-2580884.8974782247,299.55307659981275,1920.9189373263598,1.0175429112610037,48.6
2214000,-2577376.778912859,299.204591048418,1922.1296442739358,1.0169019834881083,48.6
2216000,-2581771.238265598,300.6940059698619,1919.0562353002306,1.0185305734293209,48.6
2218000,-2581834.2181307264,300.76135443649366,1923.1240568060953,1.016376161936046,48.6
2220000,-2579113.7110595237,300.5239544085578,1921.137996203375,1.0174268853389221,48.6
2222000,-2579874.275548609,300.44816604047514,1918.648018175797,1.018747278952113,48.6
2224000,-2578599.226110881,299.76524825346036,1917.5751105005395,1.019317281018134,48.6
2226000,-2580941.3259376846,300.5158332050433,1919.9492183705054,1.0180568470672238,48.6
2228000,-2577628.697163211,301.04560181273354,1922.2271835431638,1.016850382991978,48.6
2230000,-2580242.934833126,300.99732591509735,1922.921610887934,1.0164831664047334,48.6
2232000,-2581347.6954097506,300.4062312325579,1922.3932730765735,1.0167625298934349,48.6
2234000,-2580997.5391265955,300.06081821211956,1920.0053985522745,1.0180270582870656,48.6
2236000,-2577496.5554770585,298.8354062967316,1923.09504438614,1.0163914953082205,48.6
2238000,-2579669.094006071,300.276284923194,1919.7284173668647,1.0181739406996158,48.6
2240000,-2578737.411445791,299.8011576245349,1921.4406658814924,1.0172666179555145,48.6
2242000,-2577004.7290581856,300.8433429953222,1921.1183780686272,1.0174372751295566,48.6
2244000,-2578260.672795508,300.88349179285655,1920.218363226459,1.0179141524816997,48.6
2246000,-2578854.9881878197,300.3539577687363,1920.784038404383,1.0176143744963542,48.6
2248000,-2580245.5933716223,299.8233806031948,1923.4987732013988,1.0161781619076709,48.6
2250000,-2579400.1942346413,299.6668062858642,1922.6640511349917,1.0166193343187557,48.6
2252000,-2577817.7566285823,300.3803530711518,1920.592599717588,1.017715807126859,48.6
2254000,-2580846.700963717,300.6468785481634,1921.021022446514,1.0174888379379403,48.6
2256000,-2579428.179500077,299.8656500944468,1923.3247123246306,1.0162701260262004,48.6
2258000,-2576876.8341222666,300.21378107692243,1924.2679598611096,1.0157719655242496,48.6
2260000,-2579735.7288268246,299.96177392510856,1923.2985047611232,1.016283974091803,48.6
2262000,-2578799.2336580902,300.10064705249636,1924.9305846577035,1.0154223032053038,48.6
2264000,-2580122.4227414858,300.5446611153979,1922.3471737630966,1.0167869126143276,48.6
2266000,-2579442.9421728477,298.74330437797425,1920.1754678953473,1.0179368919476204,48.6
2268000,-2575045.8849908616,300.2910657110634,1922.7410116995027,1.0165786426200891,48.6
2270000,-2580349.2574343644,301.0008586613437,1921.5019740010796,1.0172341606880697,48.5
2272000,-2580142.6451702677,300.50739638242,1922.8445290737163,1.0165239145595653,48.5
2274000,-2583076.1939117815,300.35777979548965,1921.8273276078335,1.0170619491692,48.5
2276000,-2577919.814653717,300.3993470031053,1924.163027804024,1.0158273595009202,48.5
2278000,-2581437.888369823,300.7867159920419,1921.1979111497749,1.0173951556160512,48.5
2280000,-2577703.9780520517,300.9810763625015,1924.6899375925977,1.0155492630819762,48.5
2282000,-2577271.5495703276,301.2821640329544,1923.5544422008177,1.016148753007011,48.5
2284000,-2580045.865998825,300.10674709675686,1921.3026450556545,1.0173396954475322,48.5
2286000,-2578402.6801051833,300.7506259026273,1920.9480540595425,1.0175274878738971,48.5
2288000,-2576973.302684456,300.3039146606348,1924.6342666262221,1.0155786383299692,48.5
2290000,-2577305.144504225,299.2386620163463,1922.1005249917148,1.0169173892670795,48.5
2292000,-2579902.0038396996,299.2674730199023,1920.7899577817211,1.0176112384723224,48.5
2294000,-2577707.8710140362,300.74982669571335,1922.7478838990287,1.016575009210153,48.5
2296000,-2577458.9216546677,299.65976170341577,1921.429336464599,1.0172726161139622,48.5
2298000,-2578284.4135132767,299.0596301622707,1921.0219629134247,1.0174883398100676,48.5
2300000,-2578361.525808664,299.70484871696664,1922.4846025059876,1.0167142276383303,48.5
2302000,-2576835.654745076,300.54349470300235,1919.9254421275334,1.0180694546229256,48.5
2304000,-2578501.3028314654,299.869789592916,1921.384240995486,1.0172964918098595,48.5
2306000,-2576035.9339213856,300.9264498029962,1927.2682583151368,1.0141906500822206,48.5
2308000,-2577847.2572261896,300.93828238125053,1920.0842181646717,1.0179852681940145,48.5
2310000,-2575093.9928296935,301.0815876403965,1921.211694073895,1.0173878567430152,48.5
2312000,-2580874.952294361,300.0431388789644,1916.6773464251814,1.019794725194117,48.5
2314000,-2576447.8595886733,300.9246738333472,1924.02809979613,1.015898597318079,48.5
2316000,-2580197.5756218117,300.2760336391774,1922.3218770064916,1.016800293001533,48.5
2318000,-2580240.415513046,300.64198165267993,1921.00003394853,1.0174999548364547,48.5
2320000,-2576809.0138949994,300.0160464073574,1921.7950603354427,1.0170790258157316,48.5
2322000,-2578524.314554801,300.00125762778333,1921.1691092912188,1.0174104082407296,48.5
2324000,-2577245.580411937,301.8095877166787,1922.1316113802784,1.0169009427922844,48.5
2326000,-2580169.3694967665,299.87432869056306,1922.3481412403364,1.016786400886938,48.5
2328000,-2578629.865346605,300.4083187521475,1922.5066047483615,1.016702591791251,48.5
2330000,-2574825.0188637543,299.286367582618,1923.1887891704869,1.0163419518613803,48.5
2332000,-2576481.2503771298,299.3298237207163,1923.7686778527464,1.0160355921612902,48.5
2334000,-2579042.920674553,299.2786215720012,1923.337932491876,1.0162631406385543,48.5
2336000,-2578216.8054288626,299.8528464667251,1918.5554386791275,1.0187964383917714,48.5
2338000,-2580409.2098256275,299.4800043152167,1920.5869626696049,1.0177187941891213,48.5
2340000,-2580802.664206207,300.0923364452262,1921.1542885033855,1.0174182570761354,48.5
2342000,-2580043.7724447325,300.96864758099406,1921.2569813335945,1.0173638751994054,48.5
2344000,-2579974.622528795,299.33829371092423,1918.3718551840711,1.0188939347194024,48.5
2346000,-2578157.70278644,300.74459014350856,1922.5040029033507,1.0167039677585115,48.5
2348000,-2577943.604900729,300.30272530879506,1922.5494343038997,1.0166799422201431,48.5
2350000,-2577064.957705045,300.0741586950423,1921.2259119604373,1.0173803276414,48.5
2352000,-2579424.2300186586,299.9950092697572,1920.0901166612862,1.0179821409539926,48.5
2354000,-2579779.2557389922,301.04683491304155,1918.7996706580984,1.0186667621811059,48.5
2356000,-2578970.2943823393,301.0516214400534,1918.7973696090307,1.0186679837807604,48.5
2358000,-2578015.0660351273,301.12869235333403,1923.2469409826076,1.0163112214725907,48.4
2360000,-2575926.294496035,300.6774260240744,1923.9865937706163,1.015920513226036,48.4
2362000,-2578849.991307268,300.46332714830885,1919.0439494028337,1.0185370941565426,48.4
2364000,-2579090.306127701,300.64822219823714,1921.9914643000093,1.0169750928084014,48.4
2366000,-2578893.4879896175,300.689999730442,1922.114504434009,1.01690999327796,48.4
2368000,-2579577.2392575033,300.09732329747845,1917.63658991885,1.0192846017118251,48.4
2370000,-2578446.8524909876,299.8876179398747,1922.511524716161,1.0166999899113929,48.4
2372000,-2578400.0989363734,298.80488817887516,1923.9625616985822,1.0159332030129584,48.4
2374000,-2579622.2350424044,300.31935893077616,1919.6449300317677,1.0182182221329394,48.4
2376000,-2579531.8909313623,300.360959763829,1919.937891793147,1.0180628530425644,48.4
2378000,-2578497.9330262896,299.8714203319826,1921.4753277127627,1.0172482673041374,48.4
2380000,-2581908.892645605,299.9291217903262,1917.5280991028196,1.0193422712804008,48.4
2382000,-2581184.6668130793,299.63052127628293,1917.5575060880856,1.019326639007023,48.4
2384000,-2581774.2750845123,299.80025876657925,1919.0627833506858,1.018527098092483,48.4
2386000,-2580396.295229206,300.4263416052585,1921.9643546174286,1.0169894374407003,48.4
2388000,-2578865.985672815,301.2060508180695,1920.4302635229267,1.017801835822883,48.4
2390000,-2576138.796461381,299.59567095715056,1925.2661226672114,1.0152453340193734,48.4
2392000,-2577471.882261457,300.8263727950472,1922.375868280255,1.0167717354525707,48.4
2394000,-2579333.892017301,300.7457947361196,1924.0326752441704,1.0158961814592915,48.4
2396000,-2582160.6869349647,300.7473256282497,1924.7494303824335,1.0155178730953511,48.4
2398000,-2577437.395477092,300.70985312501284,1920.0200616489442,1.0180192836656095,48.4
2400000,-2576031.4071799517,300.53052851255916,1922.9593562329349,1.0164632140808947,48.4
2402000,-2574982.099556543,302.19993469851823,1925.7294732400546,1.0150010554155349,48.4
2404000,-2580099.691462593,299.26163048849423,1923.3202209358076,1.0162724992473806,48.4
2406000,-2581033.8625215124,299.2182985083149,1920.9292745875077,1.0175374354702276,48.4
2408000,-2579446.3691014443,300.8449448094732,1922.1106105384292,1.0169120533786151,48.4
2410000,-2577349.6779565793,298.5321268546437,1924.5188563166116,1.0156395409523042,48.4
2412000,-2579345.1547107864,300.83212554233955,1922.8421888248765,1.0165251517484126,48.4
2414000,-2578813.576456627,300.3317358475512,1923.039308378406,1.0164209536786222,48.4
2416000,-2580098.1291834433,300.18307196329084,1921.282864961892,1.0173501692173925,48.4
2418000,-2578101.39920274,300.0130255591523,1921.2558256658083,1.0173644871609369,48.4
2420000,-2579321.33987475,300.4179721704065,1923.8138896861883,1.01601171415926,48.4
2422000,-2582176.029672522,300.1800849065836,1916.742635789641,1.0197599882668718,48.4
2424000,-2578574.6003793627,300.5410538701831,1920.8937934704634,1.017556230556644,48.4
2426000,-2577686.002405001,300.123693902268,1922.2887976700295,1.0168177904134972,48.4
2428000,-2576742.7703827843,300.62389917649114,1922.7302326739257,1.0165843416656462,48.4
2430000,-2579644.85923478,300.46374190359234,1919.8086550986163,1.018131386475624,48.4
2432000,-2579474.350514166,300.07522027081853,1919.1063559435224,1.0185039728152412,48.4
2434000,-2576538.957752187,301.04904954739544,1919.4919948683005,1.0182993484781722,48.4
2436000,-2581061.302681284,301.6280974597977,1921.0186289706664,1.0174901056689878,48.4
2438000,-2580595.8994583003,300.5478468193357,1924.2226449941459,1.015795886649803,48.4
2440000,-2580011.4579184726,301.9911831020404,1921.647025598195,1.0171573768470823,48.4
2442000,-2577641.6607007403,300.21410837539696,1926.6079943439263,1.0145382213308365,48.4
2444000,-2579752.6717068143,300.21751985464454,1923.3211459368647,1.016272010481821,48.4
2446000,-2576187.9007992484,300.11078026490003,1924.0031079237604,1.0159117933508608,48.4
2448000,-2580480.1155572906,301.1373133628059,1917.7459196125608,1.0192264928288028,48.4
2450000,-2578480.457199551,298.7318483904289,1924.7832224454785,1.0155000443634759,48.4
2452000,-2578837.995592557,300.54866874291906,1922.2316933700477,1.0168479973174467,48.4
2454000,-2579257.3991639353,300.4403828100066,1923.3646632419536,1.016249016704313,48.4
2456000,-2579109.552461842,299.62990437136915,1923.7934357030924,1.016022516507392,48.4
2458000,-2580251.7186186444,300.2632389663168,1919.4306050224268,1.0183319171159197,48.4
2460000,-2577621.772240853,301.35038781500117,1923.1357235027406,1.0163699960933477,48.4
2462000,-2577812.6834387407,299.943646235399,1919.6491960921107,1.0182159593338889,48.4
2464000,-2577618.7279886976,299.8546004298081,1921.7512956123778,1.0171021881167024,48.4
2466000,-2580528.498250881,301.00771777043917,1921.2505771163908,1.017367266438065,48.4
2468000,-2579698.5389260575,301.4589972102275,1921.9736146503633,1.0169845376046083,48.4
2470000,-2576557.3965704124,300.19882251080446,1922.1269036172068,1.0169034334336133,48.4
2472000,-2578666.45556172,300.22178989303796,1921.179421577599,1.0174049471019215,48.4
2474000,-2582017.3913894612,300.3102703204348,1922.031897764302,1.0169536988730827,48.4
2476000,-2577376.0722997747,301.5109211211262,1919.7787461745895,1.0181472483109257,48.4
2478000,-2580289.3480533157,301.1990627569041,1919.83549834769,1.0181171509047013,48.4
2480000,-2578941.5141454265,299.3581261524497,1923.7864889247096,1.016026185356973,48.4
2482000,-2578070.128362598,299.95108874915724,1922.4396517895439,1.0167380005733653,48.4
2484000,-2579628.0948868636,300.6083138769536,1923.0650066910746,1.0164073710366524,48.4
2486000,-2577630.8275509756,299.6621062094239,1922.4714019603932,1.0167212088514213,48.4
2488000,-2576890.1446160916,298.86192910077955,1921.7509062801148,1.0171023941739472,48.4
2490000,-2579538.0642986093,300.7497016346831,1922.8200149510233,1.0165368742707022,48.4
2492000,-2581183.671923768,300.56412532089746,1917.8180012456748,1.0191881849653512,48.4
2494000,-2580591.8247861117,301.41878641580627,1917.6499358998274,1.0192775079494807,48.4
2496000,-2581587.510667948,300.3420826649668,1919.7386741528137,1.018168500796618,48.4
2498000,-2579027.1996533833,300.404957939032,1921.9409092420758,1.0170018434928199,48.4
2500000,-2578430.046805151,300.4919729967816,1922.7959615888715,1.0165495907159543,48.4
2502000,-2578777.126349725,300.21422560721896,1923.196796133087,1.0163377204629018,48.4
2504000,-2577661.555059666,300.68697710091,1923.018514580269,1.0164319443435443,48.4
2506000,-2578067.2713734265,300.1711853445558,1921.4891886316384,1.0172409292479085,48.4
2508000,-2579247.20691086,300.49229774982217,1922.2182878048754,1.0168550888232266,48.4
2510000,-2576559.97033957,298.30328159997885,1921.2222173390787,1.0173822841225684,48.4
2512000,-2578434.4106126837,300.0144905768309,1922.6605537557018,1.0166211835809142,48.4
2514000,-2579360.3259805273,301.044106089009,1922.1058883604721,1.016914551700748,48.4
2516000,-2580148.1722259615,299.5466945249072,1916.945865600797,1.0196518758607998,48.4
2518000,-2580583.1909864284,300.9410303501676,1923.3725587313463,1.0162448449783021,48.4
2520000,-2579203.3667037766,301.1233006718674,1920.3053071961408,1.0178680652804195,48.4
2522000,-2579291.962744143,301.4339808381713,1922.4197139348184,1.0167485453958107,48.4
2524000,-2579308.6524279993,300.11328068447654,1920.2904200197909,1.0178759563687836,48.4
2526000,-2578109.0239630844,300.07268024782167,1919.860628949467,1.0181038239494546,48.4
2528000,-2577298.2227026317,299.3657808191408,1919.9234316576221,1.0180705207060685,48.4
2530000,-2580623.4645617176,299.24243884594,1920.3446486445491,1.0178472125631717,48.4
2532000,-2577272.017456662,300.77359759482914,1922.6564870576162,1.0166233338825665,48.4
2534000,-2580148.8667567857,300.7267355491058,1922.4345910441864,1.0167406771024603,48.4
2536000,-2577573.7099898774,299.3502485719862,1920.8460698355927,1.017581511854698,48.4
2538000,-2581807.244963037,300.6968892029791,1918.267371907369,1.0189494313506176,48.4
2540000,-2576530.248001175,301.09012906411186,1922.2153103243172,1.0168566639153829,48.4
2542000,-2577168.942577958,301.0374001053992,1923.5184373219972,1.0161677735227521,48.4
2544000,-2577775.193524413,300.15474080876953,1924.2878714934643,1.0157614547902616,48.4
2546000,-2580137.009982383,300.081947070336,1921.0571005456736,1.0174697291549797,48.4
2548000,-2582190.234082002,299.47386408964337,1920.0178818701777,1.018020439413605,48.4
2550000,-2577914.761353839,299.5293395219711,1921.8909185923687,1.0170282969103464,48.4
2552000,-2578114.149636505,300.43658698483995,1922.500802310578,1.0167056603743831,48.4
2554000,-2580452.508528566,301.58771146376483,1925.2123920552842,1.0152736684271917,48.4
2556000,-2578946.2633474283,299.91486092451436,1922.4230044133521,1.0167468050976274,48.4
2558000,-2582251.5049293153,299.30998823883425,1921.2780106015439,1.0173527396857445,48.4
2560000,-2579415.3525017444,300.3864963450474,1923.2862344976697,1.0162904578235965,48.4
2562000,-2580320.602578249,299.36113486354384,1920.1038046564386,1.017974883984564,48.4
2564000,-2579923.75215544,299.74940686036416,1923.1622319788344,1.0163559866565481,48.4
2566000,-2580196.284010304,301.13938966894034,1918.9671274979635,1.0185778691956942,48.4
2568000,-2576806.444915751,301.28028937077016,1918.0445580757325,1.019067799834857,48.4
2570000,-2578682.1411074772,301.3027782350996,1920.8811003162234,1.0175629545533456,48.4
2572000,-2581618.2458373196,300.66868734649535,1923.0034703165438,1.0164398962117889,48.4
2574000,-2579143.796247974,300.07345740276986,1920.367792043773,1.0178349459314946,48.4
2576000,-2579757.6481794007,300.6766079325763,1921.1774600405229,1.0174059858802575,48.4
2578000,-2580772.485587131,300.12905556338757,1920.4089602349297,1.0178131264000887,48.4
2580000,-2577500.504372541,300.5485462904152,1923.3124378241864,1.016276611820119,48.4
2582000,-2578702.778097136,299.24298136791066,1925.0404242015095,1.0153643649297475,48.4
2584000,-2578532.2675481066,300.2525767594265,1924.8486842647724,1.0154655084121875,48.4
2586000,-2577225.3271762114,300.2377916458454,1922.967359721304,1.0164589835090807,48.4
2588000,-2577717.6806618106,300.88281884254894,1920.3675493224941,1.0178350745788465,48.4
2590000,-2579878.1526192203,299.8635754032084,1920.9919175368702,1.0175042538907204,48.4
2592000,-2580087.2754167784,300.38894598113615,1921.9498671593708,1.0169971034012293,48.4
2594000,-2575982.160138538,301.71161590018,1922.1583580055897,1.0168867927258327,48.4
2596000,-2580151.785963282,299.838297437947,1923.0555568527993,1.0164123656324893,48.4
2598000,-2579323.767607197,299.88342908981673,1921.5496326940722,1.017208931024604,48.4
2600000,-2576734.6257571373,301.12660923213764,1923.251520373716,1.0163088015672785,48.4
2602000,-2578502.1469748337,300.7490305033685,1921.5181439512503,1.0172256004640916,48.4
2604000,-2580544.4126279075,300.48417241661434,1918.1297731248744,1.019022526614109,48.4
2606000,-2577838.1158575565,300.3641226288756,1921.545689236674,1.017211018573241,48.4
2608000,-2581185.896742778,300.15774976639045,1919.9728171783372,1.0180443339067868,48.4
2610000,-2578494.477923395,301.021012807207,1922.7871372331012,1.0165542560244918,48.4
2612000,-2578947.587593492,300.1931650024793,1920.6173390601698,1.0177026979980952,48.4
2614000,-2578772.031970041,300.4489660402864,1920.435088119177,1.0177992788591246,48.4
2616000,-2580490.413857065,300.3346306049263,1923.0378985477446,1.0164216988440848,48.4
2618000,-2578912.8799774703,300.23637100347474,1919.4354507601256,1.0183293462717902,48.4
2620000,-2578251.4721889216,300.1808182214152,1916.3205209411897,1.0199846144858158,48.4
2622000,-2579174.196418954,300.1888971806572,1918.4750149261863,1.0188391470183737,48.4
2624000,-2581279.8466938194,300.6312034984884,1921.8314119926054,1.0170597876516436,48.4
2626000,-2580813.270406099,300.60546374946824,1917.4119828892274,1.0194040014489572,48.4
2628000,-2576136.9138554297,299.0706982094827,1919.128994269415,1.0184919583936318,48.4
2630000,-2578884.656810105,301.02187615171187,1920.3726448556947,1.0178323738465542,48.4
2632000,-2577831.0321335774,299.4796958513978,1922.1416119231703,1.0168956520470904,48.4
2634000,-2580538.1800386347,299.61736492129916,1924.1793518430704,1.015818741590399,48.4
2636000,-2580408.443134092,299.69542415894585,1917.3776192087957,1.0194222714407342,48.4
2638000,-2578242.8351683,300.462739481474,1921.7030089701618,1.0171277448490517,48.4
2640000,-2579768.434279239,301.08331789260006,1922.2131229910026,1.0168578210214447,48.4
2642000,-2578230.922985494,299.5166385944472,1921.7172500726272,1.017120207309159,48.4
2644000,-2578870.1806282364,300.81368750607965,1918.968289731075,1.0185772522887173,48.4
2646000,-2580534.0143201314,300.75143065815126,1919.8860569895928,1.018090339615427,48.4
2648000,-2578826.51337797,300.6193739710156,1919.2549675197367,1.0184251081081843,48.4
2650000,-2580584.418711163,300.6614461391438,1919.0945544113777,1.018510236137362,48.4
2652000,-2578601.4131794907,300.33076472179823,1920.5123109042177,1.0177583536880233,48.4
2654000,-2574763.66805825,300.5949631098082,1923.9446166899677,1.0159426788211088,48.4
2656000,-2576895.9992552865,301.93767780320843,1925.1432904883534,1.015310110910044,48.4
2658000,-2577722.180345904,300.8838501835845,1923.1381135935853,1.0163687329408961,48.4
2660000,-2577229.568104727,301.07712914555486,1922.1684782943883,1.0168814387789056,48.4
2662000,-2580272.6022040993,299.72893888300615,1921.9557043655618,1.0169940146610597,48.3
2664000,-2580911.5922750235,300.87308441497163,1922.6086204803623,1.016648644431386,48.3
2666000,-2577053.337394802,300.3027731651089,1924.1143917967086,1.0158530366576937,48.3
2668000,-2579468.83078539,300.82777702213997,1922.1110903533875,1.0169117995277233,48.3
2670000,-2578802.550197825,300.4506626703938,1923.4242578748388,1.0162175296380445,48.3
2672000,-2580718.3084663283,299.8371139810204,1921.0847049544075,1.0174551089509851,48.3
2674000,-2580943.817504583,300.0778790255585,1920.4193395044917,1.0178076254365307,48.3
2676000,-2580515.6727465224,301.38096001746396,1920.1372708035478,1.0179571416607522,48.3
2678000,-2580703.7627494093,299.36009513902815,1920.6245407847493,1.0176988819401522,48.3
2680000,-2579190.4981967397,300.8150604406904,1918.342507194052,1.0189095223889213,48.3
2682000,-2579196.141009681,298.9240798100616,1918.2387851090323,1.018964616374576,48.3
2684000,-2576193.3749256004,299.53002479008205,1924.598587777658,1.0155974654644542,48.3
2686000,-2576516.7820336185,300.3431270427346,1924.6180824006888,1.0155871783898802,48.3
2688000,-2580003.911395991,299.6526259657449,1921.0939780813844,1.017450197691814,48.3
2690000,-2578646.793492453,301.00869140939056,1922.9362645008407,1.0164754203597282,48.3
2692000,-2579648.9253526926,300.36533565178877,1922.9883569105448,1.016447884751485,48.3
2694000,-2578612.297640225,300.10077356992633,1922.9077319759078,1.0164905030440363,48.3
2696000,-2576880.050922891,300.38921816811387,1923.3573279832492,1.0162528924528997,48.3
2698000,-2576540.0443892293,300.6649541868531,1922.8628125593668,1.016514248971212,48.3
2700000,-2576352.3330661636,300.8539863470894,1921.3005297007244,1.01734081554015,48.3
2702000,-2579020.7149996944,301.85398843091593,1919.4956297167607,1.0182974201779658,48.3
2704000,-2580997.138529841,301.9559162230809,1921.246777519647,1.0173692784572383,48.3
2706000,-2578776.590488378,299.08823376708847,1920.6337791570456,1.0176939867429216,48.3
2708000,-2577881.899966622,300.3706944832252,1923.1160110233768,1.0163804141713308,48.3
2710000,-2580503.174412273,300.2342924533844,1920.8579814434336,1.0175752016370598,48.3
2712000,-2581252.1376011,300.69381833923,1922.066577625287,1.016935349970232,48.3
2714000,-2580443.602886319,300.5408211895923,1921.996819781423,1.016972259093407,48.3
2716000,-2581645.641573215,298.63200174972445,1920.6162618880044,1.0177032687737577,48.3
2718000,-2579958.502474105,300.24057998745764,1920.9575175544837,1.0175224750788998,48.3
2720000,-2579522.9282954186,299.27911432813386,1918.2092201558332,1.018980321460798,48.3
2722000,-2579054.501510255,300.5109382717104,1922.131729321577,1.016900880395615,48.3
2724000,-2580678.35190627,301.0733966490142,1918.0609845868094,1.0190590724124047,48.3
2726000,-2578298.884341184,300.3138363049436,1918.8215883701027,1.018655126474661,48.3
2728000,-2575209.9855964165,300.29606784665935,1923.5074402479254,1.0161735831557388,48.3
2730000,-2578639.1320441086,299.1023531966253,1927.3525146125914,1.0141463136422382,48.3
2732000,-2576387.5288179424,300.3274499997808,1919.0601487430893,1.0185284963911407,48.3
2734000,-2577468.5956857447,301.3575736640211,1923.580102357764,1.0161351977948048,48.3
2736000,-2578249.9790966827,299.5410562828032,1922.309246151297,1.016806974058334,48.3
2738000,-2576551.949468784,300.8506440425645,1925.4097516243366,1.0151696002030115,48.3
2740000,-2577647.8566727713,301.34299829469387,1921.2071642960323,1.0173902555165972,48.3
2742000,-2578214.699246004,300.46042115490246,1920.2492828208888,1.0178977621655878,48.3
2744000,-2578483.9856787864,300.64305032415956,1922.962861538407,1.0164613612036826,48.3
2746000,-2577656.3977659084,299.5252407827728,1925.1771969555987,1.0152922291383952,48.3
2748000,-2579345.7557022423,301.59735501646685,1920.7390310107241,1.017638219573695,48.3
2750000,-2581005.429727357,299.3187998902196,1922.3440361280768,1.016788572206037,48.3
2752000,-2579906.3669710904,299.81949116176764,1924.3393557425138,1.0157342788581387,48.3
2754000,-2579465.55443074,300.39246793114063,1921.1336094593885,1.0174292085460372,48.3
2756000,-2578910.780869363,300.69920865511574,1922.9473849333583,1.016469542067682,48.3
2758000,-2577632.804338319,299.79767439820864,1923.6876853814065,1.016078370016658,48.3
2760000,-2580030.155920595,300.3773042997495,1922.8158863369526,1.0165390569489667,48.3
2762000,-2579501.555488253,301.18577752463295,1919.8576283970651,1.018105415147588,48.3
2764000,-2577625.904278904,300.8221770484517,1922.6825856420523,1.0166095341893062,48.3
2766000,-2577595.05311797,300.620354222665,1922.6320771737633,1.016636241010143,48.3
2768000,-2580797.766688198,301.062100069854,1922.7447424615796,1.0165766701205867,48.2
2770000,-2577661.560387185,299.3892703316675,1925.6378026518714,1.015049374857347,48.2
2772000,-2579246.6597967613,300.6785701960912,1920.2893031960982,1.0178765483566585,48.2
2774000,-2579377.6726405714,300.0579512894987,1920.1118335746871,1.0179706273381643,48.2
2776000,-2579499.3444603253,300.2552604809504,1920.1192410873387,1.017966700170445,48.2
2778000,-2574260.1092509553,298.6709441494388,1923.221664550888,1.0163245786022803,48.2
2780000,-2579214.8242473993,300.7427048271865,1919.1653256496675,1.0184726775020223,48.2
2782000,-2577168.4140523504,300.0725586955241,1921.2766857392137,1.0173534412256795,48.2
2784000,-2577733.763089614,300.82661823475837,1924.0213859430453,1.0159021422859162,48.2
2786000,-2578566.0995264445,298.8811231005137,1920.4707381985581,1.017780385249155,48.2
2788000,-2580487.237009952,300.7303312958912,1918.6863564259745,1.0187269228434048,48.2
2790000,-2577690.8732979167,301.49839982803144,1920.340719382451,1.0178492952084197,48.2
2792000,-2582507.2681096345,300.0131451371306,1919.2261600461654,1.018440394610107,48.2
2794000,-2578235.7010022327,300.07021802315097,1922.198125728618,1.016865754690376,48.2
2796000,-2576764.774088431,300.7780243754823,1922.4658754352595,1.0167241316264815,48.2
2798000,-2578158.277061062,300.12226403829646,1924.6015929855675,1.0155958796393425,48.2
2800000,-2578216.387504073,299.057204562418,1921.7955679612407,1.0170787571630402,48.2
2802000,-2577855.337238593,300.00788425803904,1923.9607755931045,1.015934146152695,48.2
2804000,-2579071.297146013,301.4005400288654,1920.7585127078269,1.017627897964069,48.2
2806000,-2579918.864478782,299.2366682797556,1921.3710344083192,1.0173034842202544,48.2
2808000,-2577252.6356836874,301.4570771909613,1925.425125158123,1.0151614945935314,48.2
2810000,-2578845.4383703955,300.2588578819553,1925.029101984614,1.01537033687872,48.2
2812000,-2578452.4079359677,300.2837658570962,1921.7874262157563,1.017083066066442,48.2
2814000,-2579772.289856393,299.20462814971347,1921.7843003425098,1.017084720400253,48.2
2816000,-2581559.539025964,300.07217993032,1922.454408998621,1.0167301958549904,48.2
2818000,-2578810.8544445895,299.98203113733547,1923.1158053611198,1.0163805228653,48.2
2820000,-2579281.171867719,300.87480001174424,1922.1657713436632,1.016882870834345,48.2
2822000,-2579187.398244323,299.6732663759149,1921.2707870516385,1.0173565647052765,48.2
2824000,-2578504.253595609,301.42846793480965,1921.3691887792804,1.0173044614217537,48.2
2826000,-2577306.5146314,300.5352915715476,1922.0980025663825,1.0169187237974626,48.2
2828000,-2574753.373034047,300.529644264097,1921.5736483934006,1.017196218015211,48.2
2830000,-2579836.158924721,301.446159838811,1923.7968496933452,1.0160207134630796,48.2
2832000,-2578299.3880498298,299.9364123132845,1921.7646512989518,1.0170951195622733,48.2
2834000,-2581826.1518775187,300.83831347461785,1922.6862148480993,1.016607615266998,48.2
2836000,-2582209.30627718,300.49382815535716,1917.2708117986163,1.019479061463313,48.2
2838000,-2577019.4250293206,300.55712461549746,1920.2455528284524,1.0178997393871718,48.2
2840000,-2578413.3515906725,300.2290186070483,1917.7406499399822,1.019229293515069,48.2
2842000,-2576371.8010443877,300.5584649203459,1924.0001584106938,1.0159133507546356,48.2
2844000,-2578708.0494725015,300.28211250464557,1923.5301011939512,1.0161616117003889,48.2
2846000,-2576708.089435011,301.28780025136183,1922.650595733544,1.016626448987065,48.2
2848000,-2579008.791755587,300.8178304681701,1929.5041153363431,1.013015433472002,48.2
2850000,-2579012.0789561104,301.00515815931936,1921.899928970463,1.0170235288111598,48.2
2852000,-2575882.5979483332,300.6905353982785,1923.897637751743,1.0159674867461315,48.2
2854000,-2578148.8370431997,300.44328072066367,1926.5045185149957,1.0145927139014095,48.2
2856000,-2577927.778612662,301.4877853437755,1920.4276033436565,1.0178032456835513,48.2
2858000,-2577577.0977806617,300.29371200667924,1921.9901813569313,1.016975771647018,48.2
2860000,-2578400.5270631537,300.3819713248961,1920.6700474228853,1.0176747694931372,48.2
2862000,-2581824.798429491,301.1861385882494,1919.8320683426582,1.0181189698903343,48.2
2864000,-2580128.484663021,301.17261723194133,1919.112066761871,1.0185009419911026,48.2
2866000,-2581425.277267337,299.224620871093,1919.566949225024,1.0182595863992054,48.2
2868000,-2580181.7926279437,300.00916522040325,1916.9132268245964,1.0196692372045022,48.2
2870000,-2579281.5087423865,299.9103530516014,1916.56915086671,1.0198522953891547,48.2
2872000,-2582534.3684114534,300.07340392197545,1916.1622676114578,1.0200688536780003,48.2
2874000,-2580169.7543995734,300.0218359093353,1921.589281716445,1.0171879424918058,48.2
2876000,-2578470.3487137537,300.4450719323378,1922.135357130168,1.0168989611125965,48.2
2878000,-2575961.615521759,298.0469383948258,1919.6103772035665,1.0182365499768178,48.2
2880000,-2577804.7967172787,300.61282162150724,1926.754118107698,1.0144612794200873,48.2
2882000,-2579567.1252357177,301.00661046926047,1923.2242821773789,1.0163231953220435,48.2
2884000,-2578354.4667807333,299.46204654601524,1925.6023586384463,1.0150680585816936,48.2
2886000,-2580410.9470679704,301.02356483908744,1916.7778192899057,1.0197412700171844,48.2
2888000,-2577278.8798080627,299.5288950487828,1920.0905037223952,1.0179819357442406,48.2
2890000,-2580886.4601504114,300.41140123675825,1919.5223926107287,1.0182832225911136,48.2
2892000,-2578736.400413744,300.0339358895588,1921.0029166018994,1.0174984279779333,48.2
2894000,-2579170.510671681,299.6626672062358,1921.626272306972,1.0171683620025025,48.2
2896000,-2579539.0993806347,300.42040404286814,1922.4817337974903,1.0167157447693869,48.2
2898000,-2577427.993096076,301.2023622552273,1921.6295326772154,1.017166636203953,48.2
2900000,-2576753.6069067866,299.669580390293,1920.8617024862058,1.017573230417141,48.2
2902000,-2577709.9029830005,300.50724488221226,1921.574735092767,1.0171956427648885,48.2
2904000,-2577524.5129978787,298.9314098359988,1919.9223571728892,1.018071090469334,48.2
2906000,-2579441.890718499,299.6005616720896,1921.0716358947557,1.0174620307030233,48.2
2908000,-2582491.5522179194,299.1334340433874,1920.9384204472346,1.017532590830466,48.2
2910000,-2579525.9722975995,300.8727627939032,1923.1041255087036,1.0163866957887253,48.2
2912000,-2579820.8267000224,299.79727696535633,1921.1672668539231,1.0174113839573748,48.2
2914000,-2579452.440391287,299.7498694286532,1918.598255170365,1.018773702371523,48.2
2916000,-2579529.6767469496,299.73549036582915,1921.585652990725,1.017189863351302,48.2
2918000,-2577975.917158425,300.1634015667727,1919.9380609784932,1.0180627633306512,48.2
2920000,-2579499.432083126,299.33212511264276,1919.689338209912,1.018194667688323,48.2
2922000,-2577043.4579102714,301.1274290995974,1925.011846850356,1.0153794383039987,48.2
2924000,-2578748.1921042986,299.8532418183464,1924.5422728107262,1.0156271833555557,48.2
2926000,-2577147.53148764,301.9892349711728,1923.891703398035,1.0159706205558003,48.2
2928000,-2577189.6501073632,300.5687773847343,1920.7067694688476,1.017655312541012,48.2
2930000,-2578518.666166974,300.2757208377408,1922.9728325962922,1.0164560906169644,48.2
2932000,-2579306.460516881,300.80205778830623,1924.303715181194,1.0157530915536421,48.2
2934000,-2578552.174612092,300.63271265281924,1917.9557853872172,1.0191149674437558,48.2
2936000,-2578299.4880016986,300.2032169780779,1921.5440477969707,1.0172118875049494,48.2
2938000,-2578586.883168904,300.9545845476101,1924.4459941068876,1.0156779944820287,48.2
2940000,-2578071.3331021834,300.7383082542501,1922.8673178873782,1.016511867251955,48.2
2942000,-2578179.0952949524,300.0685459714559,1920.8450994559441,1.0175820259202988,48.2
2944000,-2578242.5693717506,299.5850869415234,1920.3586622937294,1.0178397849122667,48.2
2946000,-2579339.692946311,300.4499879808084,1918.488540592925,1.0188319640311048,48.2
2948000,-2577563.5459435172,300.52576044555207,1919.7439813841213,1.0181656860172534,48.2
2950000,-2581012.006736541,300.95046264668423,1921.024116525838,1.017487199129167,48.2
2952000,-2580091.9579551164,299.9352357042802,1920.1233522720383,1.0179645205973893,48.2
2954000,-2578947.926976312,300.32437789787707,1921.2036100348391,1.0173921377068476,48.2
2956000,-2578321.5710840896,300.43317995557425,1923.760596376459,1.0160398603990117,48.2
2958000,-2579366.894832058,300.749452013375,1921.8436730879637,1.0170532989516436,48.2
2960000,-2576469.6737032644,300.86908032396127,1922.0106809473264,1.0169649248879615,48.2
2962000,-2580275.2159726527,300.6876065382918,1925.2325620256815,1.015263031769449,48.2
2964000,-2579918.8871493824,299.08333836468614,1921.5267486163968,1.0172210452916608,48.2
2966000,-2579115.309368888,299.58003932083784,1926.1611070678773,1.0147736036259698,48.2
2968000,-2580952.0131701883,300.2616564712072,1921.7338002029644,1.0171114477858587,48.2
2970000,-2577685.1205987427,300.2163076285051,1925.6762540174736,1.0150291066349313,48.2
2972000,-2579934.6182294935,299.9933331587697,1922.962307638618,1.0164616539903537,48.2
2974000,-2580748.79173626,300.326611242576,1925.3346876481796,1.0152091791225384,48.2
2976000,-2580537.783147808,300.0849096900531,1921.3229202027028,1.0173289597655153,48.2
2978000,-2580152.8337296396,301.173240838569,1920.0007119649897,1.0180295432198252,48.2
2980000,-2578617.6878292654,300.47093709598755,1923.4600551301744,1.0161986169508335,48.2
2982000,-2577009.4613567106,299.0958669676286,1922.1298188890494,1.016901891108055,48.2
2984000,-2577511.373269053,299.4582066783516,1924.4822860838135,1.0156588407789229,48.2
2986000,-2576797.9116720576,299.29398141053775,1923.567987878011,1.0161415973342842,48.2
2988000,-2579570.8984979205,299.45730736030004,1922.0444601278973,1.0169470521266677,48.2
2990000,-2578432.398471372,299.82879168635594,1923.5444510650575,1.0161540310135255,48.2
2992000,-2577907.6588718668,300.1806570783413,1924.674896431445,1.0155571995080983,48.2
2994000,-2582085.811247563,299.6830566234231,1920.28440621896,1.0178791440753816,48.2
2996000,-2581476.271898806,301.24888461837514,1925.9393025549505,1.0148904719844818,48.2
2998000,-2577541.420060411,299.4368450171342,1921.853185725046,1.0170482648215664,48.2
3000000,-2578310.9054254964,300.61308751368614,1922.5619354399792,1.0166733314295762,48.2
3002000,-2576109.180797616,300.70050139510806,1923.4801324370435,1.0161880098584448,48.2
3004000,-2579689.89145164,300.6460769105563,1923.1772793759696,1.0163480344452123,48.1
3006000,-2580940.177688509,301.0741632122071,1919.4906321236017,1.0183000714210277,48.1
3008000,-2583214.8681575414,299.9884832838272,1920.3648855832644,1.01783648641846,48.1
3010000,-2580055.846881779,300.48966440716043,1922.2966964929572,1.0168136122532314,48.1
3012000,-2581417.628761664,299.9401482140927,1920.3502525171446,1.017844242331,48.1
3014000,-2581110.082429394,300.1183835715877,1919.4181032333668,1.0183385498400768,48.1
3016000,-2576567.2774335593,299.86976092066743,1920.9244062902894,1.0175400142675248,48.1
3018000,-2580270.304342741,300.5423241588648,1923.4827297076995,1.0161866377040407,48.1
3020000,-2580226.7743291445,301.14814308802073,1919.1167059007123,1.0184984799379793,48.1
3022000,-2579341.234810563,300.57553467061393,1920.4943459023416,1.017767874169441,48.1
3024000,-2576474.640938824,300.66164803848875,1920.7588023801163,1.0176277444941995,48.1
3026000,-2580798.768939009,299.7997966881409,1918.8937347941649,1.018616827154905,48.1
3028000,-2577341.2272355575,300.2786729903158,1925.3843915028442,1.0151829714677365,48.1
3030000,-2579424.2304551043,301.12170071975055,1920.9182014845096,1.0175433010488966,48.1
3032000,-2578388.72630341,301.06103080326045,1922.717046769622,1.0165913133538977,48.1
3034000,-2576226.722675817,299.94794598805356,1925.4389519821646,1.0151542045886497,48.1
3036000,-2579048.4495628066,300.08712300744395,1924.0153016025015,1.0159053548874937,48.1
3038000,-2575405.6192448363,299.985471522119,1921.5647382127597,1.017200934693171,48.1
3040000,-2577919.409276912,300.4385668166389,1924.3260796197096,1.0157412865130084,48.1
3042000,-2580192.6808425635,300.3433354627795,1919.1367709655217,1.0184878312763948,48.1
3044000,-2578036.505300356,300.45830888768046,1924.7333702221204,1.0155263466741309,48.1
3046000,-2579032.429388605,301.18122289601774,1920.8477486030463,1.0175806225167874,48.1
3048000,-2578340.550248511,300.621939557755,1924.6917323904604,1.0155483160702463,48.1
3050000,-2577194.68411823,299.8074394487063,1924.2384740119737,1.0157875305902935,48.1
3052000,-2578399.083699627,300.3785785985944,1921.9398323466708,1.0170024133361593,48.1
3054000,-2582174.9524483923,301.2019342005664,1920.0919267340046,1.0179811813011366,48.1
3056000,-2580325.7467434183,300.12031038662695,1921.2457684651322,1.0173698127881814,48.1
3058000,-2580506.8052103277,299.93246131944056,1919.3678080562106,1.0183652344169225,48.1
3060000,-2579734.9081546273,299.3889384943593,1920.288368004581,1.017877044068412,48.1
3062000,-2581044.6138405185,299.93346166071854,1921.0371996481647,1.0174802695863687,48.1
3064000,-2579078.72232493,299.79472687268924,1923.1845812808635,1.0163441755973623,48.1
3066000,-2579229.4530061036,300.3092929835186,1918.6773163432795,1.0187317226998203,48.1
3068000,-2577897.3558745105,301.10261675648957,1921.157804188065,1.017416395218785,48.1
3070000,-2578104.7547889072,300.5276981873346,1923.4828400636318,1.0161865794023905,48.1
3072000,-2578773.0152171794,301.1696779944484,1923.80118092774,1.0160184260001632,48.1
3074000,-2579020.010231523,301.3420037791274,1920.3921982978702,1.017822010272653,48.1
3076000,-2579581.749310354,300.1080298376535,1917.6005325494655,1.0193037677063936,48.1
3078000,-2581030.8784980793,299.5034511749787,1917.0191404044194,1.0196129013981081,48.1
3080000,-2577883.4809105285,299.61643544905877,1923.7178664751698,1.016062428824298,48.1
3082000,-2580833.3425114863,299.2921174200842,1922.2798587282161,1.0168225187963194,48.1
3084000,-2578736.437852297,300.9488070604523,1924.942914880478,1.0154157989172483,48.1
3086000,-2582298.900695067,300.97672477989875,1920.3871899183946,1.0178246647575886,48.1
3088000,-2581352.0050556697,300.5393196792741,1921.066439313259,1.0174647829890735,48.1
3090000,-2581385.2939545885,300.6651645639134,1916.9351501573406,1.0196575755956188,48.1
3092000,-2578606.703925671,300.2073155611979,1919.9188787942285,1.018072934941408,48.1
3094000,-2576797.4306758363,299.4258960146267,1924.7631715611205,1.015510623157925,48.1
3096000,-2579182.842228206,300.9690007372255,1924.0200430407124,1.0159028513519999,48.1
3098000,-2578926.7104473505,301.3291764720146,1921.5722387583098,1.0171969642143148,48.1
3100000,-2579955.3686714545,300.3401209652136,1920.8702852368194,1.017568683739869,48.1
3102000,-2580108.1221041195,301.43973581727386,1923.7320398007914,1.01605494286297,48.1
3104000,-2579122.385550786,300.5681833921224,1919.647278763725,1.0182169763198652,48.1
3106000,-2578580.3209457044,300.670310913241,1923.0261933271734,1.016427885676183,48.1
3108000,-2579431.041662529,300.5317217882321,1922.9415888367425,1.0164726058922449,48.1
3110000,-2579892.738570368,300.54109606758544,1920.878760029604,1.0175641942926859,48
3112000,-2580097.1405462623,301.50098738906644,1923.5420920041986,1.0161552772400633,48
3114000,-2583753.5472028553,299.3392948425264,1923.1253973034861,1.0163754534801153,48
3116000,-2581258.0716638453,298.92668979774305,1915.9748068816987,1.0201686581488254,48
3118000,-2581073.117752621,298.54429998618724,1918.2325547052458,1.018967925963389,48
3120000,-2578871.8028433286,301.2327182700287,1920.285087938352,1.0178787827186457,48
3122000,-2577546.6680766586,299.8969991840052,1921.6883496439127,1.017135503863385,48
3124000,-2579112.9280134942,299.24150782691265,1922.4825467363714,1.0167153148420716,48
3126000,-2581118.6406143587,300.40720423558855,1918.7426126435444,1.0186970544686484,48
3128000,-2581384.8165240902,300.3444444264145,1920.4550159091966,1.0177887175649816,48
3130000,-2577940.2850299384,299.90059867067566,1923.1011213196994,1.016388283545969,48
3132000,-2579411.3366278354,300.9346850257411,1918.3947160835662,1.018881792884543,48
3134000,-2577275.6850550324,300.9109969944477,1922.7693147550165,1.0165636786399928,48
3136000,-2577911.6961319298,300.228219405454,1919.2621914996218,1.0184212748213473,48
3138000,-2574942.835435299,299.7957380352353,1922.441425590003,1.0167370624483811,48
3140000,-2578887.84965319,301.62784326388595,1923.1343473494958,1.0163707233856816,48
3142000,-2579440.3375908956,301.72723588962,1921.7094597484233,1.0171243305631341,48
3144000,-2577970.936463332,299.81625841557593,1919.829502097426,1.018120330814807,48
3146000,-2578639.412468426,300.2432470263405,1922.5098309940167,1.0167008856193154,48
3148000,-2579828.9132816195,300.51647896767025,1921.2975455587798,1.0173423956646896,48
3150000,-2580241.0609448794,300.3119384025417,1919.1427988678697,1.0184846322725516,48
3152000,-2576961.01304497,300.75676280832226,1919.7486688771364,1.0181631999394565,48
3154000,-2580154.2385444157,299.71114566094644,1921.278125892014,1.017352678637282,48
3156000,-2579369.875271758,299.5728394114529,1920.4455183743116,1.0177937510240191,48
3158000,-2579207.687846437,299.2372392667456,1919.8594725417404,1.018104437193885,48
3160000,-2581368.6684602853,298.67335617497895,1921.3388396140224,1.0173205306025668,48
3162000,-2578504.46085795,299.852347238349,1925.805393507282,1.0149610414288552,48
3164000,-2579402.2439207304,300.9694878769422,1921.9614693097765,1.0169909641765131,48
3166000,-2579796.680764664,300.5709010913168,1919.764682774877,1.0181547068353207,48
3168000,-2580064.52765627,300.204676730049,1924.341356124871,1.0157332229867755,48
3170000,-2579379.7165357675,300.347229553605,1920.8433000116934,1.0175829791902122,48
3172000,-2578778.194738975,301.0743275185019,1920.0735618708472,1.017990917951577,48
3174000,-2578157.649825081,300.83067585265917,1921.8476590969844,1.0170511895317813,48
3176000,-2577647.0752830263,300.06324137352436,1920.2050216505545,1.0179212249446796,48
3178000,-2580510.008315364,300.9178888604103,1922.4012215413713,1.0167583259316988,48
3180000,-2579225.686829921,300.1719237518131,1922.7856651148084,1.0165550343161875,48
3182000,-2577830.1720308773,300.71414760051204,1923.4951278502215,1.0161800877385219,48
3184000,-2578614.2301251423,299.79852825763794,1922.0807025498225,1.0169278767486047,48
3186000,-2577487.4619384296,299.41974791800493,1926.2123011528938,1.0147466333869648,48
3188000,-2580919.7299175486,299.24406826629325,1922.556256250854,1.0166763346603576,48
3190000,-2579825.5346806403,301.35851090485954,1923.1979643722866,1.0163371030924662,48.1
3192000,-2579766.3416345026,299.3691182414526,1918.6752542667919,1.0187328175712573,48.1
3194000,-2579984.525073871,300.6124495506938,1922.690940286405,1.016605116728899,48.1
3196000,-2581957.7000101116,299.8119421913323,1923.7683177504803,1.0160357823488069,48.1
3198000,-2578292.7159412224,300.8969061181771,1923.4216263938167,1.0162189199505514,48.1
3200000,-2577476.9672705866,300.5470288395727,1922.9959379564436,1.0164438775989397,48.1
3202000,-2576480.4278015494,300.06096759365306,1922.8787494492442,1.016505824063688,48.1
3204000,-2578756.9140392113,300.9069199915137,1921.017439474454,1.0174907357000338,48.1
3206000,-2578593.7435687855,299.99093789559817,1920.9526474824302,1.0175250547404946,48.1
3208000,-2579513.6206165254,300.27596061498093,1919.3309932895231,1.0183847677223494,48.1
3210000,-2581660.4977605343,300.0217203215992,1918.6708402071429,1.018735161249667,48.1
3212000,-2575536.1144553293,300.6904667513361,1921.8883128488503,1.0170296758223645,48.1
3214000,-2573502.41334679,300.22520776783153,1918.858874598984,1.0186353325186288,48.1
3216000,-2578008.7406897694,299.82634362465257,1921.6189299443063,1.0171722485269792,48.1
3218000,-2579898.3623848613,301.4084523820884,1919.2935005612528,1.0184046615131428,48.1
3220000,-2576847.0771159288,300.3012654358204,1921.903470022106,1.0170216549746776,48.1
3222000,-2579117.481668867,300.0858975726602,1922.181011208361,1.0168748085565082,48.1
3224000,-2578453.190120816,299.9670998035657,1923.109907269299,1.016383640058772,48.1
3226000,-2577783.343752755,301.96281933818534,1921.9916825485293,1.016974977327512,48.1
3228000,-2578850.6768718753,300.90852269429513,1920.7998522594082,1.0176059965249737,48.1
3230000,-2583710.2187415976,300.28333453825024,1920.7671438686505,1.0176233251505065,48.1
3232000,-2580771.1227438524,299.9922863708882,1917.2353926055137,1.019497895418643,48.1
3234000,-2578177.1833750084,300.17978486578386,1920.946373250757,1.0175283782002307,48.1
3236000,-2578487.924908947,300.98983694884015,1923.4254897476662,1.0162168787936168,48.1
3238000,-2579420.576871937,300.4073512362061,1922.1333352907066,1.016900030760789,48.1
3240000,-2583379.4785583336,300.8633514597146,1917.5469938184356,1.0193322271029213,48.1
3242000,-2577818.0364073496,300.6099053716728,1923.1478211855217,1.0163636025537215,48.1
3244000,-2578855.3661828563,299.43814527870114,1921.7270578814675,1.017115016290736,48.1
3246000,-2579191.8514396343,299.9446973633921,1922.3413909697858,1.0167899713158592,48.1
3248000,-2577321.7309302054,300.5032471817974,1924.0030998854616,1.0159117975952419,48.1
3250000,-2579702.3119974714,301.306118184597,1922.5084783585974,1.0167016009480874,48.1
3252000,-2580381.687690217,299.7045037612074,1922.2010371637077,1.0168642145087914,48.1
3254000,-2579337.8760593385,299.96041215025843,1922.4373315179162,1.0167392277178329,48.1
3256000,-2580347.3159991335,299.91396065905593,1918.821290181526,1.0186552847756578,48.1
3258000,-2578812.1922817323,300.4282009610696,1917.5247301445947,1.0193440621942151,48.1
3260000,-2578712.708148768,300.3623753560601,1923.2627491116812,1.0163028679707224,48.1
3262000,-2579153.291812867,301.7930224988919,1920.4069507336003,1.0178141914331171,48.1
3264000,-2579134.016011361,299.7727953304718,1922.1799483756122,1.016875370818043,48.1
3266000,-2579834.451175943,299.7820276623973,1920.5524452284653,1.0177370853056502,48.1
3268000,-2577575.9827506877,300.6320098400128,1923.3507662978325,1.0162563594917264,48.1
3270000,-2579205.783615008,300.51167106538514,1927.0988970613698,1.0142797812629392,48.1
3272000,-2577296.830175033,300.9029218976758,1921.822356376543,1.0170645800316045,48.1
3274000,-2577716.668575933,299.64915500089717,1922.6433194632145,1.0166302964239722,48.1
3276000,-2581981.394648498,300.30166193594346,1918.6625046057386,1.018739587129789,48.1
3278000,-2580010.124706425,300.4705014322153,1922.2390773270945,1.0168440912674535,48.1
3280000,-2578558.9017048795,299.2640807548568,1922.105066578173,1.0169149864753046,48.1
3282000,-2581214.008123992,299.84147904365113,1922.7457470137908,1.016576139002864,48.1
3284000,-2577826.7151858695,299.5464771481055,1921.3533831957438,1.017312830049195,48.1
3286000,-2578783.9344940595,299.80690122553744,1922.6679051114315,1.0166172965113152,48.1
3288000,-2578282.173768554,301.1487164926065,1922.0062227921508,1.0169672837707733,48.1
3290000,-2581758.1064422764,299.30447270438947,1924.7604972185204,1.0155120341507857,48.1
3292000,-2576819.702270495,300.22290170524786,1923.7133104199995,1.0160648352309372,48.1
3294000,-2574892.1436021756,301.4945134765647,1924.2443427627677,1.015784432540974,48.1
3296000,-2580415.0435333755,300.0366984722857,1917.0278438626472,1.0196082722747888,48.1
3298000,-2576934.2532613557,299.57478184504635,1920.8780130743655,1.0175645899840833,48.1
3300000,-2576825.0581516214,299.99751594619715,1923.4488865869876,1.0162045175277707,48.1
3302000,-2580390.0266221818,300.2493739485051,1923.547833215585,1.0161522443223745,48.1
3304000,-2580398.916354375,299.3146444819092,1920.3259044497495,1.0178571477134417,48.1
3306000,-2577531.8188691568,300.47862161285076,1921.587797119336,1.017188728359764,48.1
3308000,-2580356.9372028727,301.4552820605006,1922.951231159717,1.016467508957387,48.1
3310000,-2579396.0242677294,299.6524870605448,1920.468823323145,1.017781400065231,48.1
3312000,-2576564.3961789254,299.9542000785379,1923.5136127028093,1.0161703223076977,48.1
3314000,-2580235.3035882935,299.5407048343743,1920.5386958708389,1.017744371402611,48.1
3316000,-2578655.960803516,300.20088550759215,1922.8488018583105,1.0165216557300005,48.1
3318000,-2578308.2162916567,300.11543579421976,1920.989073591511,1.0175057602639428,48.1
3320000,-2575912.958046032,299.2021326576672,1924.0894946817252,1.0158661814775836,48.1
3322000,-2577143.3683840577,301.7452978021799,1923.6348707110262,1.0161062671217742,48.1
3324000,-2579040.6215313207,302.01026452049155,1924.2471071797659,1.0157829732420405,48.1
3326000,-2580570.86674474,300.30216496267553,1919.1553441908795,1.0184779745422479,48.1
3328000,-2578267.96923385,300.22671419402405,1922.3614713791933,1.0167793502338154,48.1
3330000,-2578282.953582708,300.51361227215557,1923.1942594952266,1.0163390609830951,48.1
3332000,-2577763.202294711,300.2915033225059,1918.0774055503607,1.0190503480867668,48.1
3334000,-2581053.853285702,300.5126518240201,1920.1211593705843,1.0179656831781287,48.1
3336000,-2577437.656192057,300.84310213007126,1920.3943500599146,1.017820869824198,48.1
3338000,-2580221.4862706605,300.3788722126757,1924.5578492095071,1.015618963382315,48.1
3340000,-2579524.610495487,301.24383110014463,1923.8918662204308,1.015970534572397,48.1
3342000,-2578940.4311588444,301.10193686332855,1920.7035419480244,1.0176570225934172,48.1
3344000,-2579168.267802166,300.53306903876387,1922.3487546133747,1.0167860764560241,48.1
3346000,-2580526.965436211,299.93694164916417,1924.983928063261,1.0153941647450588,48.1
3348000,-2580258.8794597536,300.6028629862198,1913.7675887341916,1.0213452559703369,48.1
3350000,-2580626.7834694684,301.144809275673,1920.549444467941,1.017738675467923,48.1
3352000,-2579865.4323546384,299.39112117814534,1920.3927527911555,1.0178217163872123,48
3354000,-2579472.2087500114,299.7730520763928,1920.7508891102343,1.0176319370019458,48
3356000,-2579777.60411085,300.70282763825975,1920.9299577397849,1.017537073597056,48
3358000,-2578426.954168208,300.6095236932742,1922.0119863469079,1.0169642341817655,48
3360000,-2580153.666758556,300.3960723402908,1918.194423849834,1.018988181531944,48
3362000,-2579000.036705572,300.42607128504704,1919.3167875340923,1.018392305261248,48
3364000,-2579401.612474479,299.6331840819945,1920.5540486576876,1.0177362356188713,48
3366000,-2581560.0698448755,298.2761185418334,1920.660599455476,1.017679775561392,48
3368000,-2579038.706758626,300.0557021329001,1919.8577910067656,1.0181053289152548,48
3370000,-2578207.2386542577,300.73493454269584,1922.330636233906,1.0167956598833618,48
3372000,-2580216.5355087556,301.09310210572136,1924.151116172101,1.0158336480722814,48
3374000,-2580793.4537844267,300.60297538614964,1919.5233566811587,1.0182827111637633,48
3376000,-2579168.4713602066,299.8455894027531,1919.1649348421479,1.01847288489784,48
3378000,-2578421.101974342,300.0308844670574,1919.874552973573,1.018096440080459,48
3380000,-2576260.7406878173,299.74329970032363,1924.6124829342725,1.0155901331386143,48
3382000,-2579508.909308521,300.1472252255143,1921.0089734918022,1.0174952198326097,48
3384000,-2577885.953002464,300.67924504084925,1925.2464398535426,1.0152557134099411,48
3386000,-2577149.0393672194,300.38100110282664,1921.1139700344884,1.0174396096595808,48
3388000,-2582470.357757015,300.82788430504365,1921.0532312691253,1.0174717784848462,48
3390000,-2577697.0297916345,300.4697530145852,1925.8234671931298,1.0149515161077016,48
3392000,-2577608.400271328,299.4849492558039,1921.4005735965027,1.0172878444211033,48
3394000,-2577585.4080818947,301.63791331321625,1918.633580373306,1.0187549450704132,48
3396000,-2580555.8543473296,300.51138916819735,1919.8768564996406,1.0180952185376915,48
3398000,-2577107.676456712,299.55900873309344,1919.3491538100538,1.018375131957306,48
3400000,-2579366.0066117235,300.53564391679464,1922.3029906675374,1.0168102829121117,48
3402000,-2580321.3970614355,300.27190583571183,1920.2989299331534,1.0178714455938893,48
3404000,-2576698.598144321,299.95492982903806,1924.9741275561853,1.015399334361395,48
3406000,-2575817.6119320225,299.1861370726683,1923.5235729492224,1.0161650604502657,48
3408000,-2578158.5379284415,299.1853332647521,1926.4798336596189,1.0146057143356582,48
3410000,-2578632.669391725,300.7269435261252,1924.2864910311587,1.0157621834865376,48
3412000,-2578080.3262907416,300.0809398151375,1924.0287085673765,1.0158982758832413,48
3414000,-2577988.964910198,302.1455268598778,1919.9089293123325,1.018078210867823,48
3416000,-2579071.366849363,299.92848670243296,1921.179249942641,1.017405037995187,48
3418000,-2579509.891623806,298.4705292313961,1923.7035221504218,1.0160700052149814,48
3420000,-2578744.461334184,300.94968691238944,1922.5276276945174,1.0166914740920638,48
3422000,-2578756.4895401057,300.0495175314491,1921.640151144624,1.0171610156142867,48
3424000,-2578989.3295290004,299.9621255579228,1921.0349977729986,1.0174814358142303,48
3426000,-2577759.417609617,300.1427863486599,1922.5814484781008,1.016663012810571,48
3428000,-2578969.0407538153,300.3609206679272,1920.40119017273,1.01781724453506,48
3430000,-2580448.383890843,301.2217209108589,1921.87083331008,1.0170389257726427,48
3432000,-2579958.179935258,300.3736723712429,1921.0434681652803,1.0174769494675946,48
3434000,-2579907.089731859,299.73579950889354,1922.2307443925445,1.0168484993205889,48
3436000,-2577481.358815413,300.73907135985047,1924.7527009133767,1.0155161475320484,48
3438000,-2578163.7998159267,301.01134501279427,1921.7893110857315,1.0170820685224746,48
3440000,-2577557.8679596186,300.5507260140234,1921.8267012676083,1.0170622806386345,48
3442000,-2578741.142766673,300.1810939386449,1924.1520327552344,1.015833164172895,48
3444000,-2580004.897055898,300.9297262070692,1922.5958467868609,1.0166553990273686,48
3446000,-2578137.584095869,300.9693940573058,1923.4951345996383,1.0161800841728132,48
3448000,-2576535.301212916,299.86345017430546,1923.2147508426558,1.0163282321576634,48
3450000,-2579248.1871938333,300.95883871607066,1925.5601361113356,1.0150903163849263,48
3452000,-2579606.567469476,300.69663951861673,1923.4961779056707,1.0161795329958347,48
3454000,-2576645.0784263723,301.38085736986244,1925.8550563472643,1.0149348681986206,48
3456000,-2578770.891580457,300.13715721710753,1919.0838787863836,1.0185159019831613,48
3458000,-2577220.3726085313,301.3587294600132,1920.5415566485847,1.0177428554028982,48
3460000,-2579347.314234594,300.10377403617343,1922.6725264114937,1.0166148529888168,48
3462000,-2580252.3442810215,301.49077636950346,1923.6486364036014,1.016098995832084,48
3464000,-2580401.156758234,299.9550628328178,1922.3113337102366,1.0168058698436049,48
3466000,-2582058.3638563845,300.1774168501638,1920.0757554412207,1.0179897549585482,48
3468000,-2579807.9977979045,300.2023343326907,1922.0424311833158,1.016948125635336,48
3470000,-2579424.9746880326,300.1453884166967,1917.9960536995393,1.019093571132892,48
3472000,-2579454.016825432,299.9836279527497,1920.1247902039388,1.0179637582700316,48
3474000,-2585622.4160682578,300.1698437738979,1921.5932020688163,1.017185867268414,48
3476000,-2581289.238584427,299.8317112046635,1917.036143796769,1.0196038578136857,48
3478000,-2580070.0495620556,300.19786765074156,1920.8689179897897,1.0175694080307083,48
3480000,-2581847.4936791696,299.6664291589324,1920.2804381149695,1.017881247440189,48
3482000,-2583475.858683888,300.6952930641875,1918.2413109124786,1.01896327467459,48
3484000,-2579412.288586987,300.05745233500903,1919.7155110312608,1.0181807859298107,48
3486000,-2582968.3700655513,300.0761956911397,1921.3885607470845,1.0172942046784397,48
3488000,-2579683.3329038415,299.31688439430246,1918.5010511475016,1.0188253202229698,48
3490000,-2578147.6160045024,300.70965607915815,1921.5518914967852,1.0172077352857312,48
3492000,-2577407.50960375,301.12430508266283,1920.9303687807123,1.0175368558643423,48
3494000,-2577942.037948597,299.82006171703455,1919.6546661366622,1.0182130579335702,48
3496000,-2578831.697997207,301.5764687858814,1919.9073490349583,1.0180790488488656,48
3498000,-2579410.2503580935,300.84916718838764,1917.6399305766781,1.0192828260494449,48
3500000,-2580857.3446378894,300.43244818965724,1919.2530143971237,1.0184261445057272,48
3502000,-2579240.338356193,299.70591980911723,1922.0995604591756,1.0169178995683832,48
3504000,-2578978.8257044405,300.2950265126567,1923.677306047762,1.0160838523376161,48
3506000,-2582837.1754551753,300.1979647027794,1918.9897657769232,1.0185658530555581,48
3508000,-2577512.526937863,300.9459016677371,1924.9290500321947,1.0154231127379818,48
3510000,-2578155.887166893,301.0646534212218,1920.485461563228,1.0177725824555042,48
3512000,-2579210.392105857,300.55521177591135,1923.3491063171696,1.0162572365898568,48
3514000,-2579816.976253992,301.5670651169413,1918.5083210869166,1.018821459516049,48
3516000,-2579392.806976171,299.80793617597,1921.1432968842018,1.0174240781276158,48
3518000,-2578628.2115862463,300.771156841514,1922.7851679218995,1.016555297176523,48
3520000,-2579726.9208625965,301.4888187293207,1922.1335953338485,1.0168998931856073,48
3522000,-2580141.2565199193,299.860914184322,1921.8898733742103,1.0170288500203126,48
3524000,-2577761.149878299,299.54700128577986,1921.4658350735099,1.0172532928271811,48
3526000,-2578752.135565484,299.0625852011954,1922.4237236651807,1.0167464246939786,48
3528000,-2579078.527697012,300.526654876891,1923.5230170298441,1.0161653541331814,48
3530000,-2579304.8529870193,300.188485717529,1919.0524696427838,1.0185325720392076,48
3532000,-2581185.110326512,298.2929696691557,1921.6828855024678,1.0171383960014704,48
3534000,-2579821.7425149493,300.55887737324406,1920.4680113162713,1.0177818304006951,48
3536000,-2581256.0090404153,301.3351398251821,1916.6095043738108,1.0198308227747543,48
3538000,-2579086.750701057,301.067252789815,1922.8893386271895,1.0165002262579081,48
3540000,-2578745.618462989,299.2251809885702,1922.3328723548102,1.0167944771131647,48
3542000,-2580066.68479616,299.67452028220583,1921.5684249170458,1.0171989831004007,48
3544000,-2577834.7313212585,298.89284034044147,1919.9987686200045,1.0180305736280941,48
3546000,-2580015.247036811,300.62331385314343,1920.5173636741763,1.0177556760247373,48
3548000,-2579497.1188344248,299.6263802306952,1921.7607491981137,1.0170971847557266,48
3550000,-2580364.071808094,300.083666680387,1921.3469849057226,1.01731621780923,48
3552000,-2580515.089584792,299.5742474648508,1924.8026191124143,1.015489810942169,48
3554000,-2580314.5474744067,300.52837174587506,1918.7363139597326,1.0187003985710137,48
3556000,-2581140.8673610333,299.86346605152033,1920.5983161863626,1.017712777997559,48
3558000,-2577848.2934164815,298.855602779494,1920.6053813886651,1.017709034205767,48
3560000,-2580828.9291689694,300.56596688107703,1918.8289918092717,1.0186511961862952,48
3562000,-2578138.248309821,298.996647697556,1918.8755746051963,1.0186264673182965,48
3564000,-2580550.0376406144,300.12100192767184,1919.6801539508374,1.0181995390017011,48
3566000,-2579919.670521278,300.7827126334254,1919.6129922397736,1.0182351628610522,48
3568000,-2579789.1105257086,299.75732085864996,1923.8279805901689,1.0160042724733858,48
3570000,-2580223.4795333818,300.14929813702423,1922.1837083299606,1.0168733817235793,48
3572000,-2578109.4409727883,301.03991480407836,1920.8291091320093,1.0175904969842509,48
3574000,-2581607.301915195,300.635803544323,1922.0760296260303,1.0169303490891348,48
3576000,-2580092.5790263712,300.89324868431635,1920.2716471267202,1.0178859072924022,48
3578000,-2577236.5175377987,300.1561614931468,1921.2180200149705,1.0173845068183498,48
3580000,-2582466.0232505836,300.52824955732433,1920.5012501873653,1.0177642152499322,48
3582000,-2576918.9965370353,299.952970572877,1924.3871168606256,1.0157090694787794,48
3584000,-2576406.286729712,299.76455227509217,1923.854062421119,1.0159904984287755,48
3586000,-2575950.564783266,300.8333254768688,1923.1663692348973,1.0163538001972616,48
3588000,-2578763.3534435015,300.90733742225535,1921.4832549731639,1.0172440705504646,48
3590000,-2577536.468079556,299.3987385132217,1922.7740904549935,1.0165611537447587,48
3592000,-2581159.1576780286,298.8223769713615,1921.3212134539506,1.017329863479543,48
3594000,-2579866.605238652,300.37630840442046,1923.0284025920935,1.0164267179563153,48
3596000,-2581173.4096354637,299.4864886416113,1918.845839740479,1.0186422521820808,48
3598000,-2578191.3433687873,299.8306655716796,1917.1079390145126,1.0195656739016097,48
3600000,-2575598.9644874204,300.9973477925659,1921.9623796294509,1.0169904824881655,48
3602000,-2579141.092688812,299.85899981412484,1921.423240290163,1.0172758436544578,48
3604000,-2581154.6137695517,300.3729621446403,1919.0647325918635,1.0185260635494964,48
3606000,-2580586.354798764,301.1819217453476,1921.1864113592806,1.0174012455150168,48
3608000,-2580506.717052525,299.4646674720001,1919.455094357881,1.0183189247453268,48
3610000,-2578564.5126574766,300.5789676703079,1921.3085452664584,1.0173365712649654,48
3612000,-2577183.5785028413,299.5982199927763,1926.1004117758196,1.0148055811801346,48
3614000,-2579167.406999951,299.4487533007874,1923.163633258829,1.016355246106297,48
3616000,-2579694.7380795926,299.3855923805659,1921.8191402927353,1.0170662820465648,48
3618000,-2580178.417200085,300.6741335068908,1921.0003705454615,1.0174997765505118,48
3620000,-2577114.302739093,301.1997069544139,1921.853799043163,1.0170479402525865,48
3622000,-2581121.773286458,300.51213204375773,1921.0544900345049,1.017471111789416,48
3624000,-2578383.4745115247,299.51145116682574,1920.8178032489143,1.0175964864951657,48
3626000,-2577942.174262274,299.4859710867772,1922.614265141146,1.0166456596221927,48
3628000,-2576671.7170250267,300.1650144600525,1919.9029867934057,1.018081362042168,48
3630000,-2579264.078053994,300.45401882069376,1924.1725800525242,1.0158223165876847,48
3632000,-2579643.4318242334,300.0637633995227,1921.3975640200856,1.0172894378474526,48
3634000,-2579000.131718943,300.2450297033914,1922.4673271965307,1.0167233638419282,48
3636000,-2577001.500853641,298.5578994214292,1922.389301506385,1.0167646304792783,48
3638000,-2580556.815763388,300.339967131772,1920.9899831735963,1.017505278478499,48
3640000,-2579634.469099935,300.5418544643248,1923.9986593838194,1.015914142273594,48
3642000,-2577019.0412724726,299.63454351266677,1921.2144192704536,1.0173864136027502,48
3644000,-2576398.880752204,300.64410059418964,1922.1079516376224,1.0169134600989176,48
3646000,-2578118.8982453533,300.0428962783064,1923.0343341280052,1.0164235828216626,48
3648000,-2578320.458022801,301.3334990893622,1925.0466351482796,1.0153610889706577,48
3650000,-2580678.549096709,299.9700645531605,1921.0313187603997,1.0174833844170383,48
3652000,-2578809.644981241,300.60259385507266,1923.07490804166,1.0164021378521955,48
3654000,-2577834.5916225016,299.35090661377126,1923.555472672349,1.0161482086440454,48
3656000,-2577231.4960441943,299.540067337224,1922.3579925030624,1.016781190291404,48
3658000,-2581377.5695028715,300.6586526466383,1920.8857393074798,1.01756049711116,48
3660000,-2578871.728238523,300.25547780854424,1921.878451787783,1.0170348941501581,48
3662000,-2577154.368575042,300.11627612286844,1920.635147147304,1.017693261880908,48
3664000,-2579944.3870865386,300.0695584571974,1923.0731392660741,1.0164030727034241,48
3666000,-2579369.6660797894,299.4882547911143,1921.5656335285773,1.0172004607483467,48
3668000,-2580598.7780699953,300.726603305108,1915.8284511908928,1.0202465917908534,48
3670000,-2577125.8873150907,300.6641528450107,1920.695086398304,1.017661502663999,48
3672000,-2578439.7808840927,300.39639514570166,1922.9497574118195,1.0164682879776645,48
3674000,-2579670.6053434126,299.823323703597,1921.5395783111342,1.0172142535317412,48
3676000,-2577303.661554305,301.4467382647149,1925.6956127208118,1.015018902713177,48
3678000,-2578592.271738222,300.98135559065486,1917.3235409733725,1.019451024312335,48
3680000,-2576562.7900420018,299.5564570305758,1918.321407169039,1.018920729591389,48
3682000,-2576048.732886059,300.08002489442157,1916.8768234899114,1.0196886017041171,48
3684000,-2579755.3858761657,300.6134942187543,1918.5299714642713,1.0188099622398097,48
3686000,-2579534.5907807257,300.7289411119982,1920.6218898890538,1.0177002865964249,48
3688000,-2579271.0254609957,300.8000815633326,1923.4758354998396,1.0161902799655007,48
3690000,-2580851.152084062,300.0047809679559,1920.2582065564052,1.017893031837978,48
3692000,-2578038.986295361,299.4626131441366,1923.2299645810283,1.0163201924785252,48
3694000,-2579026.2927793767,300.09744375356723,1920.4849660468285,1.0177728450574064,48
3696000,-2580463.35290608,301.1143163014292,1919.8525161114467,1.0181081262129579,48
3698000,-2581438.3260091525,300.6786777220675,1919.935891488481,1.0180639137216652,48
3700000,-2578906.9251495656,300.3854306004904,1925.7643928660978,1.0149826505382717,48
3702000,-2580043.338581875,299.79723016525315,1923.19184867116,1.0163403350185845,48
3704000,-2577686.751457317,300.44556777583995,1920.7532980496433,1.0176306607247272,48
3706000,-2575251.5447675604,300.2793832783629,1922.8301061721243,1.0165315393748509,48
3708000,-2580670.3264522683,302.08073530434103,1917.8566457786476,1.019167648471393,48
3710000,-2579026.09339319,300.6355961919454,1922.5253684869178,1.0166926688316196,48
3712000,-2579471.987851642,300.4692506666702,1921.8683936745474,1.017040216810213,48
3714000,-2580068.084631607,299.3417658986648,1920.7634904586173,1.017625260732521,48
3716000,-2579439.143038949,300.3116962616146,1920.5517837824918,1.0177374358185094,48
3718000,-2578956.369400507,300.1487348239192,1922.2790378916613,1.0168229529919157,48
3720000,-2579144.3357929643,300.27259015791356,1921.4091719604796,1.0172832920273271,48
3722000,-2579259.459144052,299.8181645422551,1923.7286042230267,1.0160567574306598,48
3724000,-2578403.648215838,299.7398623621367,1924.4208117475528,1.0156912853215734,48
3726000,-2581261.4190826956,301.35395329346176,1922.348026139621,1.0167864617670916,48
3728000,-2580971.0913332645,300.8691005669681,1919.1837320592012,1.0184629095861693,48
3730000,-2581557.865111986,299.8702859666073,1919.9548238212176,1.018053874774643,48
3732000,-2578914.2831270266,299.5031855425962,1919.807166031202,1.0181321761727862,48
3734000,-2575870.6769386716,299.4762031898538,1924.3043667842453,1.0157527476019135,48
3736000,-2576029.654874062,299.46759021727144,1927.712901378217,1.013956718547666,48
3738000,-2577583.305567056,299.46613285493584,1924.5461105013326,1.0156251581180828,48
3740000,-2577587.6986660548,300.0010559233367,1925.3551170898697,1.0151984070023492,48
3742000,-2579715.9850283917,300.5104735003189,1921.7428153223057,1.0171066763976107,48
3744000,-2578560.036328934,299.74242137489733,1923.5932880207188,1.0161282324886158,48
3746000,-2578899.079590613,300.3502576266206,1921.549711091312,1.017208889523532,48
3748000,-2578167.3146314602,299.2090308575523,1924.531648039761,1.015632790333347,48
3750000,-2581479.806247374,300.5957950252184,1922.8515125416832,1.0165202227184902,47.9
3752000,-2579463.8593269773,299.23341712886815,1923.462191486959,1.0161974882762905,47.9
3754000,-2576989.6869826037,300.7176679120846,1924.736932582132,1.0155244671079486,47.9
3756000,-2579410.0550292246,300.7170678875874,1919.3140131838998,1.0183937773376612,47.9
3758000,-2580461.5289631896,300.9503781231379,1921.329481896027,1.0173254854001308,47.9
3760000,-2578016.253540609,300.7303391607735,1923.9883675744663,1.0159195766072144,47.9
3762000,-2579387.884497294,300.70668275681487,1920.6315485756159,1.0176951686714957,47.9
3764000,-2578189.281312464,300.45898598042254,1921.2642292074818,1.0173600372447122,47.9
3766000,-2577424.3865869343,300.17743575489646,1922.711982385325,1.0165939910347623,47.9
3768000,-2578703.4100168813,298.90690488432256,1924.3381549408084,1.0157349126840862,47.9
3770000,-2579824.0016517285,300.623328937034,1921.9063277601635,1.0170201427357888,47.9
3772000,-2577766.332249591,300.25601190461236,1919.762446011231,1.0181558931130494,47.9
3774000,-2580310.694549013,300.60491837379055,1921.6582444063754,1.0171514385937357,47.9
3776000,-2578383.1479721684,299.22375036403105,1921.5428903668346,1.0172125002165884,47.9
3778000,-2579988.587663926,299.2241643411221,1920.6060758739122,1.0177086662053119,47.9
3780000,-2577144.5788646843,300.51682340303626,1922.565258456864,1.016671574182257,47.9
3782000,-2579306.1418802515,299.86456541773435,1920.5815699209656,1.0177216518139827,47.9
3784000,-2582370.2984686755,299.7978532709125,1923.2766328438963,1.0162955314926374,47.9
3786000,-2578344.356779052,299.6575067488968,1921.1944072599783,1.0173970111495103,47.9
3788000,-2580956.157796176,301.033018105547,1921.665601355429,1.0171475445076326,47.9
3790000,-2579571.89871604,300.93503696196683,1924.5024950240731,1.0156481754828837,47.9
3792000,-2577841.9531921335,301.23652166368544,1924.1814756021588,1.0158176204101401,47.9
3794000,-2581330.6423975825,300.69446172753936,1917.9943210166266,1.0190944917644065,47.9
3796000,-2578471.257287279,299.9558907568288,1920.6200387284991,1.0177012674914427,47.9
3798000,-2578796.9853619095,300.75160853834444,1923.5847021892826,1.0161327679300296,47.9
3800000,-2579918.0855254326,299.66787990615416,1922.5120250687025,1.0166997253052852,47.9
3802000,-2578378.4877836984,299.579395291024,1921.5618654170316,1.0172024554407213,47.9
3804000,-2578689.1533405427,299.9331342184044,1923.877622858232,1.0159780562755112,47.9
3806000,-2578964.2283857744,300.28275905385584,1921.5831514906356,1.0171911875201425,47.9
3808000,-2582435.159245992,300.25202765320597,1919.3180470942752,1.0183916369372044,47.9
3810000,-2579518.263606742,301.0064297856443,1916.76482211248,1.0197481846673604,47.9
3812000,-2580837.6408371236,300.77207552564226,1921.953100775392,1.0169953923406807,47.9
3814000,-2578724.7549754363,301.0761234573039,1922.4533509745906,1.0167307554134206,47.9
3816000,-2577840.7506625187,299.6948223396758,1924.1139183365833,1.0158532866251728,47.9
3818000,-2578847.5000066888,300.32411670242027,1922.1192044606607,1.0169075066974922,47.9
3820000,-2577783.213449711,300.8258518634051,1924.648149941007,1.0155713125245094,47.9
3822000,-2577871.827038355,300.01945731101125,1921.3414498140137,1.0173191485421111,47.9
3824000,-2580520.839116432,301.1338614221006,1920.9657049975733,1.0175181382459542,47.9
3826000,-2578081.124549262,300.0371195048058,1923.0892952370687,1.016394533849507,47.9
3828000,-2579942.598896444,300.0655980811014,1921.6511221655103,1.01715520847551,47.9
3830000,-2579495.5031585265,301.80856874115113,1919.218665763986,1.0184443714783171,47.9
3832000,-2577289.9930812605,300.5022376044836,1920.251519554722,1.0178965765050947,47.9
3834000,-2579332.053399099,300.2529509564123,1922.5284771046183,1.0166910248981933,47.9
3836000,-2578609.9482052755,299.818955904262,1921.3509217566236,1.017314133326784,47.9
3838000,-2581676.4950098284,300.31864819277735,1922.7005532226863,1.0166000340028376,47.9
3840000,-2581002.5947438907,299.9140528707035,1920.5961190125224,1.0177139422672723,47.9
3842000,-2579176.1819952335,300.3514507444284,1921.9542652728246,1.0169947761509281,47.9
3844000,-2578458.192954967,300.2922594784989,1921.0423820800243,1.0174775247108705,47.9
3846000,-2577451.5550880786,301.222616066733,1922.7350495635073,1.0165817948901426,47.9
3848000,-2577414.1775368676,300.2982137925227,1921.8007573929974,1.0170760107488859,47.9
3850000,-2581264.856462743,299.96303586537005,1919.5076296379218,1.0182910542284003,47.9
3852000,-2577159.349964503,300.3120465555578,1920.2243688757824,1.0179109688769397,47.9
3854000,-2580294.5473805107,300.4229184109793,1924.676408149714,1.015556401848624,47.9
3856000,-2578920.7198348846,300.3847741262278,1921.6149808330138,1.01717433891785,47.9
3858000,-2579985.421560494,300.4411053597092,1922.4885708477393,1.0167121289681065,47.9
3860000,-2578071.730285872,299.2177201137849,1918.9861966857081,1.0185677474696213,47.9
3862000,-2580621.9583218433,300.2876379857315,1919.0037108819329,1.018558451294061,47.9
3864000,-2580914.999577731,299.7249747188271,1918.9965795907294,1.0185622364164533,47.9
3866000,-2581014.5791643113,300.0457137488344,1918.616560922698,1.0187639821285843,47.9
3868000,-2578091.6794212926,300.3414657673695,1922.2865336456045,1.0168189879978702,47.9
3870000,-2577886.134423919,299.7583019790625,1921.6528444589526,1.01715429684376,47.9
3872000,-2577811.148634387,300.1375848999081,1922.3475721205014,1.0167867019112262,47.9
3874000,-2580242.809161028,300.2111964231672,1920.736551906639,1.0176395330443346,47.9
3876000,-2578134.843404727,300.08065325766256,1922.8921690370369,1.0164987300157908,47.9
3878000,-2580463.8274048604,301.0044182899456,1924.8395691777278,1.0154703171539905,47.9
3880000,-2577938.3339316994,300.337227821971,1922.1625156643638,1.0168845931884567,47.9
3882000,-2581448.8957268186,300.7186374562658,1920.0626395689212,1.0179967088064867,47.9
3884000,-2580532.4905194733,301.03275062062636,1920.7268215584859,1.0176446883776384,47.9
3886000,-2579796.1260424145,299.76742671769983,1919.0114346746589,1.0185543517174689,47.9
3888000,-2580231.866021931,300.0929791034848,1921.1325622033814,1.017429763171403,47.9
3890000,-2580151.9735381957,299.7171726703013,1922.8587390237533,1.0165164024351723,47.9
3892000,-2577860.91759881,299.743606770532,1919.0577671250264,1.0185297604207628,47.9
3894000,-2578505.689728733,301.2708908628476,1924.3508744238013,1.015728198927713,47.9
3896000,-2579338.1395467017,299.35652093491524,1922.392264963184,1.016763063089463,47.9
3898000,-2581471.130477052,300.6583445921593,1919.76017014735,1.0181571001306022,47.9
3900000,-2578741.607902216,300.17681899353624,1920.8248239669426,1.0175927671252838,47.9
3902000,-2577742.569500316,299.8882051081992,1921.2211001734297,1.0173828757174346,47.9
3904000,-2578710.446882,301.09481354261686,1921.4367705415373,1.0172686802660535,47.9
3906000,-2580877.970785454,300.66256480189804,1920.2670350508172,1.017888352039398,47.9
3908000,-2576876.039750859,301.2958158098397,1922.217571754987,1.0168554676143604,47.9
3910000,-2581199.0409337524,300.3852945913263,1919.32442752723,1.0183882514858091,47.9
3912000,-2579575.866562575,299.87806515252066,1922.8773705388162,1.0165065530079784,47.9
3914000,-2581944.6073675808,300.62503197346723,1922.35977316851,1.0167802484556672,47.9
3916000,-2578533.8841263168,301.28361622861127,1920.417234428064,1.0178087411122296,47.9
3918000,-2580795.3722652737,301.38569004956037,1922.9652563957004,1.0164600953046257,47.9
3920000,-2579465.928152846,299.67373493620903,1921.7215055570641,1.017117954985292,47.9
3922000,-2579257.3574776016,301.0274466438846,1919.2268234601972,1.0184400425685245,47.9
3924000,-2578964.9807508215,301.4417588115591,1926.486172142441,1.0146023761020466,47.9
3926000,-2580562.3360891882,300.7329815632896,1920.746388158736,1.0176343216540895,47.9
3928000,-2578856.550042847,300.38179782780884,1922.205923942373,1.0168616293589448,47.9
3930000,-2578461.8460005894,300.23578951491123,1919.8822635075796,1.0180923512530489,47.9
3932000,-2578982.3881547395,298.6394518304525,1923.1463085751875,1.016364401953165,47.9
3934000,-2579794.7830869704,299.3152147825028,1917.4354484145017,1.0193915260092332,47.9
3936000,-2579228.4297647774,300.225201077244,1922.5540837452586,1.0166774835149175,47.9
3938000,-2579837.1225151103,300.3000515290676,1921.825713229881,1.0170628035247096,47.9
3940000,-2578671.9342995435,300.498442381437,1920.7217231617556,1.0176473896311773,47.9
3942000,-2580476.908039946,300.61311413050174,1915.2827627330935,1.0205372730417275,47.9
3944000,-2581681.9307666477,301.6092960460552,1918.8970289184203,1.0186150785199615,47.9
3946000,-2580795.5565041304,300.453242633383,1919.2791914269358,1.0184122542016665,47.9
3948000,-2580304.5854460206,301.2400015903881,1924.2665694107668,1.015772699508044,47.9
3950000,-2578886.06575937,298.90558745980735,1920.9325158586942,1.0175357185360077,47.9
3952000,-2578697.256791344,299.11587158405854,1919.6824599081842,1.0181983159219699,47.9
3954000,-2580843.18059643,300.46100016164695,1918.8870046678592,1.0186203997570888,47.9
3956000,-2580493.2807181515,299.29434192765314,1918.858255617744,1.0186356611078609,47.9
3958000,-2578507.6620810125,300.3289348489889,1924.8528479936986,1.015463311816684,47.9
3960000,-2577899.6873121113,300.97053452686265,1923.0622393018446,1.0164088337011228,47.9
3962000,-2580119.40496492,300.52276133771636,1921.2783607888628,1.0173525542550252,47.9
3964000,-2580058.348420961,300.0024402214241,1919.9756996875813,1.0180428054904618,48
3966000,-2577989.9542058427,300.81859011778363,1926.60463484772,1.0145399904209986,48
3968000,-2579432.7561470624,300.5868360102887,1917.7063641845407,1.0192475158284269,48
3970000,-2577278.912202131,300.23788691779964,1920.7235930336537,1.0176463989262872,48
3972000,-2578243.386735419,300.76367580534463,1925.3127744715641,1.0152207338467052,48
3974000,-2580713.1810817085,301.2021421189289,1917.9238012331773,1.0191319626601885,48
3976000,-2581887.857298741,299.0939989051944,1919.556603477316,1.0182650744670034,48
3978000,-2577870.2671257816,300.27084209390307,1918.7973564143085,1.0186679907856901,48
3980000,-2577267.875264302,299.7509156676139,1919.3885488880242,1.0183542300050934,48
3982000,-2580055.4495060127,299.8883281973115,1922.624079810393,1.0166404698188423,48
3984000,-2582784.3662251756,299.9616587117279,1919.6830426617837,1.018198006829937,48
3986000,-2578174.561037373,301.263670392571,1921.2484594445098,1.0173683878183022,48
3988000,-2579066.834392201,300.1735390545529,1921.5483895831658,1.017209589089487,48
3990000,-2575695.0683389213,300.9889495997138,1923.1361385027162,1.0163697767674686,48
3992000,-2579541.9023044296,301.35288463798173,1920.4023406635274,1.0178166347725386,48
3994000,-2580098.781214962,299.9371641617633,1921.9652962061325,1.0169889392081006,48
3996000,-2579157.834696222,300.6161459587903,1922.7338151724844,1.0165824475334944,48
3998000,-2580770.3022699747,300.7571305791195,1920.546298162277,1.0177403427627765,48
4000000,-2580693.0529064145,299.79637470157485,1917.8805793022905,1.0191549301231941,48
4002000,-2581149.3817482498,301.5561952193302,1920.016814987947,1.018021005089858,48
4004000,-2580840.486324778,301.3733102958002,1921.9365278180003,1.0170041619441825,48
4006000,-2575987.4769722186,300.283996815138,1922.552549652701,1.016678294768353,48
4008000,-2578868.596414687,300.7793399972511,1916.4046586042982,1.0199398331701977,48
4010000,-2579745.2334944177,301.0661456036213,1916.6788285005987,1.0197939366359765,48
4012000,-2580312.663528515,299.6821661962033,1921.0868404786988,1.0174539779244978,48
4014000,-2577242.9602292813,299.0285742919803,1925.848362307952,1.0149383960017644,48
4016000,-2577773.1336490065,300.44495448334345,1923.3198053650824,1.0162727188328589,48
4018000,-2579781.134422682,299.55908653564444,1923.665107538516,1.0160902956152007,48
4020000,-2581468.4943489507,299.7794734748866,1923.5159106882118,1.0161691083096462,48
4022000,-2576136.222891202,299.80090605363915,1921.1762000720275,1.0174066531274832,48
4024000,-2580452.3371028397,299.57384606661014,1920.708919006614,1.0176541736445837,48
4026000,-2583660.7691291496,300.26225434479085,1921.9594212307559,1.0169920479027537,48
4028000,-2579142.0892617665,300.0366750825329,1923.7652586362465,1.0160373980186554,48
4030000,-2578358.281297734,299.71374098764596,1921.072827879321,1.017461399389614,48
4032000,-2578162.849470293,299.6795297443865,1925.8277320138293,1.014949268457944,48
4034000,-2578840.455831792,301.9778516002428,1921.0860526277452,1.0174543951895578,48
4036000,-2578826.671288615,300.7343065378465,1920.3870288981875,1.0178247500999364,48
4038000,-2576898.3265941422,301.08389286819295,1926.793368484407,1.014440614003637,48
4040000,-2578128.5621577,300.2685243445071,1924.0932674899723,1.0158641895427993,48
4042000,-2576319.8980330415,300.1086407339714,1920.936626146786,1.017533541283052,48
4044000,-2576377.111745501,300.55528901430415,1923.2480088356315,1.016310657181867,48
4046000,-2582575.984456688,299.23190564999766,1918.8572760333807,1.018636181125466,48
4048000,-2579869.1089548916,300.36451493877115,1917.1395146034404,1.0195488814948188,48
4050000,-2577654.247608086,300.4183289196499,1919.566708309416,1.0182597141960807,48
4052000,-2578459.0983883105,300.37725999740843,1924.4634779100086,1.0156687670197806,48
4054000,-2582331.811194554,302.0080686075756,1919.7322040582017,1.0181719323411413,48
4056000,-2577354.84154653,300.742221259594,1924.5079273029453,1.0156453086284287,48
4058000,-2579600.788605828,299.98552713843344,1920.4065486915115,1.0178144045151563,48
4060000,-2580979.4880411234,300.44654275441866,1925.0991820276906,1.0153333740055281,48
4062000,-2578244.324543493,300.49137815407977,1921.8768778744618,1.0170357270467845,48
4064000,-2579510.7969639376,300.7228671773605,1919.6964918123856,1.0181908734635978,48
4066000,-2581130.332579378,301.0721668273197,1923.0621274272173,1.0164088928309647,48
4068000,-2579869.414989643,299.29452881230134,1921.5554245776602,1.01720586498985,48
4070000,-2578318.192930529,300.46141566124805,1917.3260049718326,1.0194497141930605,48
4072000,-2579157.2061488237,299.96329843838777,1923.2360323018786,1.0163169860352603,48
4074000,-2579035.7623044197,301.0267165619063,1921.0428244071384,1.017477290432961,48
4076000,-2580018.889230583,300.68899941683736,1920.5023214929215,1.0177636475148941,48
4078000,-2579460.9160872977,300.3134081127392,1923.654944460194,1.0160956638364018,48
4080000,-2582359.585220171,300.492298070296,1919.6797514033021,1.0181997525132072,48
4082000,-2579992.3454308584,300.10363279370733,1921.5956227516967,1.0171845858935056,48
4084000,-2580022.14386994,300.00386941166767,1920.3313845910502,1.0178542430059323,48
4086000,-2577859.43175197,299.9680179017991,1922.7944500934823,1.0165503898185413,48
4088000,-2580255.7243208587,300.8823587632431,1920.112289269136,1.0179703857462707,48
4090000,-2577004.421521323,299.85568561039156,1918.5629914978783,1.0187924276895544,48
4092000,-2579124.6258149575,300.0354153465525,1920.5333720621175,1.0177471926378157,48
4094000,-2579182.972868396,299.8644029571541,1923.028038509035,1.0164269103943562,48
4096000,-2581214.2082785033,300.336432952843,1919.154792682284,1.0184782672228379,48
4098000,-2580152.7681239564,299.5859061105943,1921.531769961765,1.0172183870903946,48
4100000,-2581655.9860742297,300.2573267748202,1921.4850608832112,1.0172431144924003,48
4102000,-2581023.1382383443,300.1950306961996,1921.021056630498,1.0174888198320367,48
4104000,-2579693.080949554,301.46701791213457,1922.7560491828572,1.016570692165624,48
4106000,-2577549.349295359,299.7486471628934,1925.2128465169112,1.0152734287638612,48
4108000,-2578342.6310261954,301.4412068151154,1923.6567123369089,1.0160947300253673,48
4110000,-2578388.231334761,300.35485006237946,1921.7356678550884,1.017110459299051,48
4112000,-2578441.603349466,301.42229079149325,1921.7811847980622,1.0170863692730168,48
4114000,-2576100.895942522,299.86354761266773,1923.5065203403528,1.016174069135778,48
4116000,-2581138.928502273,299.7761579767517,1920.1828673296645,1.017932969322698,48
4118000,-2579217.9048778582,299.46096619144316,1922.366499831983,1.016776690581267,48
4120000,-2577259.0644588787,301.7713803873832,1920.9697410109854,1.0175160004106902,48
4122000,-2578717.8721181527,299.00967449737385,1922.9545924021218,1.0164657322156438,48
4124000,-2577687.773518931,300.69201531523004,1919.286846867577,1.0184081920706864,48
4126000,-2577897.4658027682,299.9876708666723,1922.8127225652574,1.0165407295494535,48
4128000,-2579154.9696250614,300.7522793475428,1919.4576624225297,1.0183175623246377,48
4130000,-2579262.9388120174,300.37949807931454,1922.7064212198834,1.0165969313938878,48
4132000,-2580544.1866975185,299.98334897629996,1920.4587082696537,1.0177867607185271,48
4134000,-2577978.822010234,300.3489923007483,1923.3229409256153,1.0162710620208073,48
4136000,-2577679.2211384326,299.1193435506684,1923.5339942455041,1.016159555085038,48
4138000,-2577557.2450162563,299.3533834973738,1921.7570121337174,1.0170991626112267,48
4140000,-2579848.3406886514,299.8380978287182,1920.1251400482017,1.01796357279838,48
4142000,-2577149.1286094803,300.13827079984793,1922.3933329260244,1.0167624982387893,48
4144000,-2578277.573666133,301.0059408932132,1922.2542444403691,1.0168360680886468,48
4146000,-2577606.8274229895,301.12607625541585,1919.2615347377402,1.018421623320111,48
4148000,-2579642.8978926186,300.1741445952992,1921.290397855944,1.0173461804445099,48
4150000,-2583574.500631571,300.1315409286626,1920.9074400174472,1.0175490016144162,48
4152000,-2580296.5051705316,299.5734571694764,1919.9312366459305,1.0180663820013276,48
4154000,-2579460.737334976,299.8245327818929,1919.3979002270285,1.0183492685660764,48
4156000,-2581442.0938882604,300.65951748013435,1919.1038110889815,1.0185053234167274,48
4158000,-2582728.8342071865,299.26388024123827,1920.6963276131032,1.0176608450189044,48
4160000,-2577218.242824478,299.8928909882077,1919.9916989908606,1.0180343221331614,48
4162000,-2579151.956872111,299.6185842110784,1920.4858497027174,1.017772376758737,48
4164000,-2576581.7477980275,299.99142159026064,1922.0127756261736,1.016963816562906,48
4166000,-2580267.387916969,299.7640590542508,1922.6441199015665,1.0166298731787806,48
4168000,-2578783.9058771376,300.0012212211931,1920.9413608675684,1.0175310332745813,48
4170000,-2576494.151437912,298.8192653687457,1924.0380768943405,1.0158933293765557,48
4172000,-2581808.4766479526,299.88355491376234,1920.011018034766,1.0180240787285237,48
4174000,-2580318.735859964,301.67649801966223,1920.0779852060648,1.0179885727785614,48
4176000,-2580008.1201693434,300.9089854559868,1918.6206995865523,1.0187617845490056,48
4178000,-2577712.0170150828,300.2546938715773,1922.6915712283396,1.0166047831242746,48
4180000,-2580048.692511944,300.6687933861422,1919.6990003374476,1.0181895429647418,48
4182000,-2580696.9231024683,301.1058836675016,1921.085684492962,1.0174545901628254,48
4184000,-2580542.218705561,299.39121725995864,1918.1103651043138,1.0190328373921063,48
4186000,-2576437.2806803957,300.6932287687161,1919.8045779583883,1.0181335487084267,48
4188000,-2581020.9882602934,301.2959327362881,1920.7049528101684,1.0176562750690425,48
4190000,-2577732.5675178077,300.9864431543269,1921.5651781600193,1.0172007018024167,48
4192000,-2579433.8238849044,301.07130855115156,1925.1637568346853,1.015299317184944,48
4194000,-2582392.2673697267,299.3909016877218,1920.2037345573813,1.0179219072469978,48
4196000,-2581126.7478938736,299.49356940962787,1915.737542687581,1.0202950060900995,48
4198000,-2581216.582772579,300.44904811118005,1918.6452702972676,1.0187487379991909,48
4200000,-2581159.1756640524,300.6584569008577,1918.726965140012,1.0187053620945106,48
4202000,-2580259.224352138,299.9451171929901,1924.1553699217513,1.0158314023586072,48
4204000,-2578323.2592288237,299.5599228865071,1926.0231228252433,1.0148463040860434,48
4206000,-2577082.3636194523,299.96876497632365,1924.4498618131672,1.0156759532003952,48
4208000,-2577450.1401150823,299.79213253716324,1924.4606938942395,1.0156702363342087,48
4210000,-2579343.4437273536,299.0260813023451,1921.7224026043257,1.0171174802013818,48
4212000,-2579495.1896525268,300.46750992743534,1922.16929913998,1.016881004528579,48
4214000,-2577357.3468592595,299.2928158034366,1925.2382112527864,1.0152600526828073,48
4216000,-2576392.087955551,299.84522388816964,1922.0474250541054,1.0169454833969225,48
4218000,-2579427.040676508,302.4762197047215,1921.2281397880058,1.0173791479023078,48
4220000,-2579116.5172866583,299.77842862163936,1920.3461302567962,1.017846427259485,48
4222000,-2578069.7470297236,299.94204276805095,1921.5154087619246,1.0172270484382226,48
4224000,-2578058.15929389,300.3765420609131,1925.1778210726195,1.0152918999941707,48
4226000,-2575649.2549538333,300.05972688794174,1925.8391626288226,1.0149432443337332,48
4228000,-2576693.287379686,300.57247082849864,1923.3715628862872,1.016245371149338,48
4230000,-2580645.827401854,300.54133299870523,1919.5871615491642,1.0182488646183812,48
4232000,-2579865.6767236535,300.0424506221631,1926.6886870267433,1.0144957309111593,48
4234000,-2580883.894515436,302.16986913857517,1920.7185749062437,1.0176490576600312,48
4236000,-2578570.333851617,300.56333897491913,1921.547285993042,1.0172101732970495,48
4238000,-2580042.6374237556,300.1698594126362,1920.0712964718407,1.0179921190296923,48
4240000,-2581295.6278771907,299.3255579193302,1920.6426205933324,1.0176893019168916,48
4242000,-2579601.212171452,301.1604900201056,1921.330429405114,1.0173249837034277,48
4244000,-2581843.768541945,300.5347198742596,1925.450117308327,1.0151483178987284,48
4246000,-2579777.936274959,299.8637371709274,1918.3716666903758,1.0188940348329965,48
4248000,-2579429.3920983095,301.06690057387,1919.083209103163,1.0185162574044406,48
4250000,-2577707.4658006374,300.04531743256734,1920.74508142337,1.0176350139785268,48
4252000,-2582079.8647445533,300.1372545567889,1920.2910990665796,1.0178755964309594,48
4254000,-2580048.5279807765,300.297634984064,1921.3977915808578,1.0172893173647648,48
4256000,-2579603.939704409,300.7193163049397,1923.6353115297368,1.0161060342716846,48
4258000,-2580876.7556469385,300.1815475496463,1920.477271505853,1.0177769228431612,48
4260000,-2579525.2749845963,300.2050121650989,1921.1626679405997,1.01741381945482,48
4262000,-2582038.5861669555,299.99539667185354,1919.2137868108457,1.0184469605293123,48
4264000,-2581225.491428312,300.8411507247568,1920.6147440342943,1.0177040730603473,48
4266000,-2580258.4039782193,300.1568936229798,1922.5852997785546,1.0166609762430787,48
4268000,-2579244.0745979566,300.174559056167,1920.3868825364923,1.0178248276731368,48
4270000,-2576571.089988429,300.35965563853443,1923.1227531034901,1.0163768509467956,48
4272000,-2578953.0659509934,299.10586367078855,1921.3840284487708,1.017296604344899,48
4274000,-2579828.086715916,299.69305989532046,1921.6203630663092,1.0171714899318067,48
4276000,-2576758.4290400166,299.24720331129373,1921.0942643525989,1.0174500460768154,48
4278000,-2577861.2029398642,301.18863281072566,1921.7545049077705,1.0171004895743767,48
4280000,-2578265.5150741246,301.2784387971217,1921.984649568984,1.0169786986705598,48
4282000,-2580295.021341618,300.6288397968283,1922.1568940169977,1.0168875672259108,48
4284000,-2578963.1147527024,299.9972020842956,1919.4072937448934,1.0183442847973483,48
4286000,-2580543.387936812,300.7474441152397,1921.1339782951407,1.0174290132112656,48
4288000,-2580234.466834016,298.92416975115265,1920.818078960331,1.0175963404308548,48
4290000,-2577503.583091287,300.4387301255252,1925.2391185340002,1.015259574235032,48
4292000,-2581815.8258448,300.6857869902959,1923.2234769621803,1.0163236208362356,48
4294000,-2577950.064118389,301.24781594416163,1923.70669571685,1.016068328989773,48
4296000,-2579928.5042212326,301.4924144861821,1922.1636462213112,1.0168839950885271,48
4298000,-2581235.348172132,300.40683801718683,1919.1300674766962,1.0184913888371414,48
4300000,-2582180.0802212264,300.96154520172854,1917.9363926643755,1.0191252719638555,48
4302000,-2578048.19348485,300.8451593141959,1921.32793053076,1.017326306833785,48
4304000,-2578573.5766809676,300.525177119417,1923.4707197572027,1.016192982667387,48
4306000,-2579966.819299508,300.5586233079091,1921.2365387028092,1.017374700307952,48
4308000,-2578797.576782573,301.08603224738636,1919.3169296496378,1.0183922298545365,48
4310000,-2577736.2520656064,300.0937563127277,1918.6497981424495,1.0187463338415537,48
4312000,-2579302.349430781,300.87112729393215,1920.449731594139,1.017791518115372,48
4314000,-2578184.812525045,301.14231808404986,1920.690434723495,1.0176639673143615,48
4316000,-2582157.330909919,300.68522274994285,1919.4792599068317,1.0183061044787385,48
4318000,-2577551.6760433875,301.29515392998667,1923.795136976236,1.0160216180064094,48
4320000,-2576796.9095403776,300.05110186869575,1921.3161895034268,1.0173325236428874,48
4322000,-2578156.0308481213,300.70518949624307,1924.2915248210609,1.0157595263353958,48
4324000,-2578189.76197573,299.98044517141483,1917.1934077839244,1.0195202215110843,48
4326000,-2578832.047508491,299.8733557903812,1926.1262829184302,1.0147919506201108,48
4328000,-2575356.84622146,300.6756301106317,1925.6037654819831,1.015067316974327,48
4330000,-2578173.2999558263,300.61698309920297,1919.240558779143,1.0184327539570226,48
4332000,-2580151.020764243,299.7181135219715,1919.9451492022242,1.0180590047562768,48
4334000,-2578325.756308144,300.69057157756924,1918.8069735612717,1.0186628851758457,48
4336000,-2578969.1385427862,300.130677951292,1919.9385495887009,1.018062504241183,48
4338000,-2578677.478160169,300.2537236802735,1921.8262794517964,1.0170625038705448,48
4340000,-2578970.4585578497,300.43064544300927,1920.564650699826,1.0177306174365042,48
4342000,-2578064.938919669,300.011190692309,1919.040940563966,1.0185386911073593,48
4344000,-2582196.4369384125,300.31375745537963,1921.5337164378134,1.0172173566680762,48
4346000,-2579169.0854375027,301.26395732458326,1920.6979179345778,1.0176600024044151,48
4348000,-2579248.8194033056,300.6887106692533,1919.4224417157182,1.0183362480831886,48
4350000,-2579570.709523121,301.15939285478964,1920.426233716802,1.0178039715696248,48
4352000,-2578276.7198023256,300.75978079968075,1920.4533939023688,1.017789577185035,48
4354000,-2580103.8953301217,300.91511746654066,1919.9682964770661,1.0180467309642396,48
4356000,-2580063.5277707167,300.29932621438775,1917.3795865094835,1.0194212254766746,48
4358000,-2579216.007943144,299.91015735455176,1922.0832996866475,1.0169265026662027,48
4360000,-2578543.478841262,300.8381271805079,1917.7057680017863,1.0192478326954884,48
4362000,-2576010.6711479314,299.6637370748199,1921.4406755149948,1.0172666128552579,48
4364000,-2581586.901277099,300.08734035361454,1920.456379745962,1.0177879947692505,48
4366000,-2580711.298234595,299.92077283776854,1920.494501906667,1.0177677914948016,48
4368000,-2581911.6980097517,299.8927182853571,1919.1563471958227,1.018477442257088,48
4370000,-2580573.1232109666,298.81078024068717,1922.9369128263854,1.0164750776511473,48
4372000,-2579635.013494769,300.2727252638173,1923.739647492158,1.016050924734827,48
4374000,-2580429.1517510563,298.8997244961085,1920.3068038339318,1.017867271980198,48
4376000,-2576176.6107695624,300.5472863376343,1922.8307612094177,1.0165311930801684,48
4378000,-2577984.7495802883,300.32270413870543,1921.196743802478,1.0173957738002577,48
4380000,-2581421.76962848,300.09974360566605,1921.8001196809785,1.017076348245793,48
4382000,-2578599.4332873635,300.65833068586795,1921.883200395126,1.0170323812506408,48
4384000,-2579476.4101907685,300.558210510149,1919.5187187991005,1.018285171507114,48
4386000,-2580252.696265463,299.99974450541197,1918.5805232103774,1.0187831181110811,48
4388000,-2581337.1122775655,299.20558007168484,1920.7738104779064,1.0176197931900843,48
4390000,-2580287.3090894576,300.607223929566,1917.920984176945,1.0191334595685966,48
4392000,-2580895.5509421136,299.71077939357235,1922.5956124457534,1.0166555229453418,48
4394000,-2577905.1080053374,301.51127570137913,1922.8314780734918,1.0165308141001583,48
4396000,-2581677.853639163,299.3801394316647,1919.4873529721979,1.0183018110314002,48
4398000,-2578974.1572771315,301.7215597326789,1916.3760135894956,1.0199550787125191,48
4400000,-2579755.160957627,299.3910216934929,1920.5843037196257,1.0177202031683377,48
4402000,-2577419.2350987755,299.82139369550487,1924.7539924847613,1.015515466088289,48
4404000,-2577915.853964407,299.5342574423324,1919.2510109808215,1.0184272075931131,48
4406000,-2579025.0801744293,300.32077066031763,1921.1036321317952,1.0174450847372938,48
4408000,-2576388.58324546,300.5967721732493,1921.9571000957487,1.0169932761173919,48
4410000,-2579492.3113453183,300.73544219369484,1919.1016415796041,1.0185064748184054,48
4412000,-2580124.295560714,300.2390342221183,1920.1879186701847,1.0179302914983013,48
4414000,-2581438.259614367,299.04858356941213,1919.034378776798,1.0185421738141764,48
4416000,-2580273.724121036,300.9162360245513,1922.1489384562512,1.0168917760104912,48
4418000,-2578402.9515963215,301.114832359337,1923.6070656957738,1.0161209545549612,48
4420000,-2577857.9284341484,299.6116214173051,1923.0864484110555,1.0163960384612218,48
4422000,-2580956.9192557223,299.42996599565384,1920.5673519692339,1.0177291860029332,48
4424000,-2578706.8563771565,300.40769301418203,1922.0585663822092,1.0169395886112524,48
4426000,-2579727.025934642,301.24447326538046,1921.5341414590755,1.017217131671291,48
4428000,-2579316.1842862517,299.6209945685012,1920.7172828991274,1.0176497422010808,48
4430000,-2579561.874143198,299.765819575865,1922.1673833417242,1.0168820180401346,48
4432000,-2580540.2946302965,300.47329343730416,1921.8915004859293,1.017027988983381,48
4434000,-2581365.092137737,299.68289983906425,1921.2671501732327,1.0173584905187276,48
4436000,-2580727.5497581773,299.1429769043692,1921.1556506464979,1.0174175357034185,48
4438000,-2577838.0295706205,299.86856333688434,1920.8375913077784,1.017586003433367,48
4440000,-2577105.0864536874,301.1866765585227,1921.590760348524,1.017187159782629,48
4442000,-2576705.610796094,300.1719765093085,1922.3197977464606,1.0168013928144837,48
4444000,-2578736.4846240394,300.07556638511943,1922.606874881763,1.0166495674804363,48
4446000,-2578899.950078372,301.3794360003205,1924.9211235973964,1.0154272940444244,48
4448000,-2576325.9516311456,299.97050087527026,1920.8375631733056,1.0175860183379306,48
4450000,-2578790.2874670066,300.5652011569563,1921.2496648628053,1.0173677495074722,48
4452000,-2582208.1770350765,299.8115774978546,1921.3082011252263,1.0173367534884428,48
4454000,-2580533.656851979,299.7493683603819,1921.2383678745337,1.0173737316863243,48
4456000,-2581399.3039140496,300.52464606010545,1921.9944693031503,1.0169735027864752,48
4458000,-2580488.5087970477,299.70178039150875,1922.0760523113138,1.0169303370868246,48
4460000,-2581988.5903499257,300.7669043180779,1921.4653841363177,1.0172535315602582,48
4462000,-2580689.132498812,300.8228351380948,1919.1434979365783,1.0184842612785443,48
4464000,-2576336.821634205,300.196027406805,1921.745678557609,1.0171051609963921,48
4466000,-2577082.0157208126,301.8641392367455,1923.0862433331617,1.016396146849683,48
4468000,-2580969.1222380884,299.5909397760384,1922.5649002598416,1.0166717636004299,48
4470000,-2578428.2061352115,299.61045654344053,1923.6051872241264,1.0161219468346743,48
4472000,-2580974.0815506987,299.8126458570283,1923.0955343343746,1.0163912363615328,48
4474000,-2578458.4697900712,300.3414771920688,1920.6544482037687,1.0176830348694172,48
4476000,-2584011.5213639196,300.3945054212081,1918.6196914354575,1.0187623198639577,48
4478000,-2580822.932605302,299.7581664544255,1922.4210285345239,1.01674785011766,48
4480000,-2578143.815166056,300.19150208653014,1922.3575800326612,1.0167814084569262,48
4482000,-2578469.1765411496,300.2416428543943,1925.0558925967266,1.0153562061758399,48
4484000,-2580457.7311581355,301.00890660735644,1919.8017244161172,1.0181350620350802,48
4486000,-2578998.9322797656,300.58964757938685,1917.1809573795672,1.0195268423983612,48
4488000,-2578195.300216591,300.1803573423157,1920.373111386733,1.0178321265766923,48
4490000,-2579557.9506783094,300.8334557173924,1922.3337343466278,1.016794021173333,48
4492000,-2577307.689727215,299.7031069423305,1923.1984442352536,1.016336849503171,48
4494000,-2579775.5581682324,299.57090623300905,1919.8314806590024,1.0181192815488755,48
4496000,-2578994.5889824964,301.21630851174916,1924.301106924045,1.0157544683367525,48
4498000,-2580010.5740180835,299.94123229936514,1919.4125746611815,1.0183414830073676,48
4500000,-2581052.718489168,299.8388549450575,1918.20077851895,1.0189848057994348,48
4502000,-2579265.9734378755,299.68596104556605,1924.5101487802483,1.0156441362610071,48
4504000,-2578191.167087162,300.4798685799612,1921.3111921218137,1.017335169751893,48
4506000,-2582146.8904300556,300.22709943609163,1921.1338963618741,1.0174290566029742,48
4508000,-2577707.7765062377,299.3073058192609,1924.4476623555959,1.0156771140197873,48
4510000,-2577810.814586304,299.61041403613643,1922.6306315111358,1.016637005438315,48
4512000,-2579402.242218025,300.982828464329,1922.6787204332543,1.0166115779047091,48
4514000,-2577568.033317199,300.6676279387067,1922.5867176749102,1.01666022646161,48
4516000,-2577278.7499481346,298.26171287832335,1923.8281635271142,1.0160041758614733,48
4518000,-2579240.3386134747,300.3888416759891,1922.9317817071287,1.0164777899963766,48
4520000,-2579604.4383726995,301.33577002627226,1920.5520174408557,1.0177373119984503,48
4522000,-2577621.3007923644,300.1737310630103,1922.9312962073975,1.0164780466356518,48
4524000,-2580243.4615191594,300.83632129348416,1917.00984557214,1.0196178451029778,48
4526000,-2579124.7309120614,300.2045623720241,1921.0632875766426,1.0174664522630812,48
4528000,-2578832.7096251976,300.34024324023653,1922.259699086617,1.0168331826923362,48
4530000,-2579544.5040714666,299.96785087147487,1921.2686584264932,1.0173576918619371,48
4532000,-2579893.1412367914,299.37740747904945,1919.3228438922768,1.018389091758844,48
4534000,-2578107.555221131,299.2491928708884,1923.3887472772647,1.0162362915715297,48
4536000,-2581071.7004674003,300.90705801908695,1920.6674464663852,1.0176761476222929,48
4538000,-2577500.512392191,299.7277424293221,1918.8696008298202,1.018629638479956,48
4540000,-2579363.5171582904,299.4195632750147,1921.5882346239457,1.0171884967676104,48
4542000,-2577900.0963732917,299.40757425376836,1920.2337931514833,1.0179059730927575,48
4544000,-2576960.2035132144,300.0126128141904,1919.8408255310565,1.0181143258284349,48
4546000,-2577893.9424359035,299.80371417170835,1924.5886072188462,1.0156027321641505,48
4548000,-2579404.8240550756,300.2941846330472,1921.1395209482291,1.0174260778408766,48
4550000,-2581329.6094170995,300.07600861373027,1921.973587542773,1.016984551948198,48
4552000,-2578494.646941889,301.95994418711035,1920.4591094117352,1.0177865481250394,48
4554000,-2576717.4182703067,300.5764424325118,1920.9907286375853,1.0175048836231089,48
4556000,-2580130.473881226,299.8679487331877,1921.2424217336013,1.0173715850078622,48
4558000,-2580936.336181551,300.47171351308344,1918.0804918155413,1.019048708395617,48
4560000,-2579106.2449195944,300.18639735116096,1918.4165651438802,1.0188701887261185,48
4562000,-2577358.662888922,298.5680328254608,1920.9888787281056,1.0175058634788232,48
4564000,-2577785.0954463836,300.8814201409112,1925.5517945141182,1.0150947138125013,48
4566000,-2577645.883140836,300.4640873839271,1922.5988510455763,1.016653810398601,48
4568000,-2578561.225012647,300.3859879194975,1921.106252004273,1.0174436972157175,48
4570000,-2579612.621462187,300.81070976096794,1919.6221973977918,1.01823028012132,48
4572000,-2578809.1939157527,301.41168897172724,1923.5981343828262,1.0161256724292798,48
4574000,-2578676.595582407,300.901910327687,1922.4968489794003,1.0167077510795968,48
4576000,-2582004.2476045117,300.1314572237305,1923.3491017702643,1.016257238992346,48
4578000,-2578521.017384948,300.41491428626694,1921.2441184518982,1.0173706865312102,48
4580000,-2577274.4328887295,300.0189050980582,1924.0787603268077,1.0158718489525154,48
4582000,-2580698.090332167,300.64965366833616,1921.549859391377,1.0172088110180781,48
4584000,-2579777.209568899,299.962977792317,1918.2387548851807,1.0189646324294257,48
4586000,-2579784.1060363073,300.33839405076003,1920.9311468036806,1.0175364437376264,48
4588000,-2578474.9041096997,300.4768785625292,1920.4618717874291,1.0177850841496994,48
4590000,-2577583.1246001795,299.4825816703256,1922.1174866889571,1.0169084154946662,48
4592000,-2577430.543797411,300.60323810979475,1924.0921977339601,1.0158647543425658,48
4594000,-2578746.880348116,300.68426521484037,1923.774754864015,1.016032382606883,48
4596000,-2578526.6998452283,299.8814445653032,1920.853235922582,1.0175777155846364,48
4598000,-2581346.8511908986,300.47396177512246,1920.3496948503062,1.01784453791153,48
4600000,-2579069.1826308593,300.8484147521396,1920.290578726409,1.017875872244197,48
4602000,-2579273.217647912,299.8757979947822,1922.4685152575257,1.0167227355198716,48
4604000,-2579504.0361154303,300.3892589029047,1921.700078535497,1.0171292958852591,48
4606000,-2580726.2279179394,299.63193802939134,1921.461402305942,1.017255639607293,48
4608000,-2579124.2350844983,300.3789992841026,1924.2767903224242,1.0157673041703887,48
4610000,-2576759.1837473176,301.13807194081596,1924.4391870573368,1.015681587097728,48
4612000,-2577212.245143153,300.15771559489053,1921.6129183379903,1.0171754306658245,48
4614000,-2582636.236141531,300.3016521326502,1919.7592529306612,1.0181575865825794,48
4616000,-2581224.454845067,299.7862816488763,1921.6051023551838,1.0171795679496336,48
4618000,-2579753.64398651,299.46916338085117,1923.7459421951435,1.0160476001072611,48
4620000,-2577263.538501514,300.48373327873225,1919.8989637551038,1.0180834953733442,48
4622000,-2576817.7636960205,301.2639149210676,1923.1307875818811,1.016372604715651,48
4624000,-2578041.774943758,300.8376141918948,1918.7512494250823,1.0186924690572172,48
4626000,-2577109.1409652736,300.9017340669968,1921.10774291737,1.0174429076087113,48
4628000,-2577819.996810762,299.6619781234489,1920.1890907758807,1.017929670141843,48
4630000,-2582856.2391357757,299.7494857346484,1919.7721129659126,1.0181507662197007,48
4632000,-2580495.763912143,300.5017758856796,1921.3963699792992,1.0172900700361562,48
4634000,-2579042.074350519,300.2757742923165,1921.5010074421075,1.0172346723801275,48
4636000,-2582200.6570750345,299.80833936771813,1919.2134009573683,1.018447165285751,48
4638000,-2579000.05902241,300.6168752603936,1920.7762588000992,1.0176184960785066,48
4640000,-2577301.0861286856,300.6864620427564,1921.293842121466,1.0173443566681064,48
4642000,-2575784.760568058,300.24318742454506,1924.3023400056638,1.0157538174472647,48
4644000,-2577887.011044955,300.1344777408029,1920.7779068234229,1.01761762296402,48
4646000,-2578064.302782582,300.6295998985655,1925.7517855104431,1.0149892953443962,48
4648000,-2580052.8289913833,299.9760127008463,1921.5091949984399,1.0172303379401963,48
4650000,-2574718.0851197112,300.7306572827566,1918.0455077232505,1.01906729528207,48
4652000,-2578628.8712878916,300.9798438175119,1924.3713988619677,1.015717365649571,48
4654000,-2580979.1525802407,300.08813941322825,1921.6486065547756,1.017156540023095,48
4656000,-2578937.6460662223,299.9450686514047,1923.2481358604248,1.0163105900575842,48
4658000,-2576438.217618201,300.8312968812662,1920.591999590584,1.0177161251323168,48
4660000,-2577251.420777824,301.1474880854186,1921.7048374854066,1.017126777045073,48
4662000,-2575625.6594645847,299.8256092406732,1922.0644440907333,1.016936478791232,48
4664000,-2578930.0714642964,300.21288015509697,1919.1417977612034,1.0184851635578145,48
4666000,-2577451.2403390836,300.45475350333675,1923.4286080469171,1.0162152312833748,48
4668000,-2580539.4656465054,299.968073500704,1921.8160229140267,1.0170679318302769,48
4670000,-2579893.4752068315,301.0042531597762,1920.7803795840157,1.0176163129106774,48
4672000,-2579314.883780595,299.82786257029153,1923.1710227771619,1.0163513409020095,48
4674000,-2579550.0669944678,300.2455530778592,1922.5213677141821,1.0166947845721146,48
4676000,-2577476.053387314,300.0988804570954,1923.7133782093813,1.0160647994260155,48
4678000,-2580211.3092917223,300.42760758931723,1921.4783959241001,1.0172466429649447,48
4680000,-2577439.989628263,300.81037136848306,1922.8450150982892,1.0165236576196675,48
4682000,-2578403.764447022,300.3260967428693,1924.146296493227,1.0158361925731763,48
4684000,-2579782.7145477664,300.22542961744,1921.1167276219735,1.0174381492180082,48
4686000,-2578212.2050673347,301.16850963460513,1920.923532902561,1.0175404769131982,48
4688000,-2577991.4411565587,300.03918597485153,1921.0622076632917,1.0174670242256139,48
4690000,-2582755.6929837223,300.2158780717805,1919.2372380356157,1.0184345160914314,48
4692000,-2578936.1720303707,298.2739830565026,1917.8256618632588,1.0191841138909643,48
4694000,-2576895.1733871102,300.4519902479654,1923.6666077603447,1.016089503190549,48
4696000,-2580861.580645589,300.1709224197393,1921.9331793619556,1.017005933802731,48
4698000,-2578974.8053730447,300.770426607992,1921.044290516992,1.0174765139107906,48
4700000,-2579729.529836161,301.0904006084162,1924.4385337445258,1.0156819319036448,48
4702000,-2575150.8986247834,299.520207941363,1924.381804730159,1.0157118732774228,48
4704000,-2578028.811914576,300.63606984441935,1920.5928050927428,1.0177156982992401,48
4706000,-2576916.0245506037,299.39773353129027,1926.0624780915653,1.0148255677148053,48
4708000,-2578540.3369632177,300.4356661424196,1924.532411026862,1.0156323876824414,48
4710000,-2579544.8398082685,300.53820388249443,1922.4315642029896,1.0167422779462174,48
4712000,-2580866.355133204,300.25514627425065,1924.125661062125,1.0158470869852134,48
4714000,-2578479.7246275637,299.8095703204098,1920.929156604928,1.0175374979669058,48
4716000,-2581830.61149792,300.270719081988,1920.4949783560633,1.0177675390000773,48
4718000,-2577970.177198287,299.74435859219966,1924.6566429282168,1.0155668310840409,48
4720000,-2579892.4862185344,301.41296057775475,1919.291902876193,1.018405509268458,48
4722000,-2578561.046551155,299.64797256165957,1922.7446564456552,1.0165767155981709,48
4724000,-2579578.668057019,300.53124452952864,1924.1883084794974,1.015814013197079,48
4726000,-2578693.0547346883,300.7462557255784,1921.2064508889673,1.0173906333070193,48
4728000,-2579048.445454227,300.87094067838706,1923.5711671622926,1.0161399178523587,48
4730000,-2578043.834099237,299.8368034807647,1923.7497039883688,1.0160456132786364,48
4732000,-2578759.451981131,300.8019780488531,1922.0986185387596,1.0169183979068772,48
4734000,-2576874.120049823,300.83151416015994,1922.701437435481,1.0165995664883607,48
4736000,-2579381.8742253743,300.7583041863019,1918.9182966065732,1.018603789040948,48
4738000,-2578482.100330882,300.22720465572667,1923.311211214032,1.0162772599602663,48
4740000,-2577380.140735561,300.91740789010356,1923.3522843023975,1.0162555574120422,48
4742000,-2581869.6425762884,299.7324395601206,1920.6842198186946,1.0176672602474788,48
4744000,-2580541.240850156,300.2359970207816,1916.0135231048503,1.0201480439532862,48
4746000,-2581407.6464667153,300.0487406344779,1919.5101490704571,1.0182897176813581,48
4748000,-2577700.1596213225,298.67631520292593,1918.5467672594327,1.0188010431330534,48
4750000,-2577680.450420076,300.57941002519965,1921.4356409176844,1.017269278324579,48
4752000,-2580365.412329469,300.4515140660964,1923.245069511885,1.0163122104244025,48
4754000,-2577495.357255148,301.3985513701988,1923.6220078705105,1.0161130616026064,48
4756000,-2580029.9254035186,299.91616669588205,1920.265032692298,1.01788941344362,48
4758000,-2578924.334797334,299.64230230327667,1921.5785621411515,1.0171936169008318,48
4760000,-2578391.847451538,300.31824938580803,1920.1057653700307,1.0179738444807886,48
4762000,-2576257.027523836,300.119534893388,1922.2989246258273,1.0168124336665905,48
4764000,-2577694.3639732804,298.5837432668772,1923.9142164830248,1.0159587319628829,48
4766000,-2579109.912339717,299.61234673407336,1921.4840982364638,1.0172436241223144,48
4768000,-2577466.4358337317,300.2851603788453,1919.0526418471468,1.018532480642156,48
4770000,-2579272.050165992,300.3233462650649,1923.2885494469162,1.0162892345745784,48
4772000,-2577939.122856559,300.7836981511939,1919.663105169529,1.0182085817661435,48
4774000,-2577250.469724348,299.9635945228772,1924.5475827373684,1.0156243811874577,48
4776000,-2579808.4845384713,300.14108410097253,1920.227061918189,1.0179095412971186,48
4778000,-2581031.235877333,300.87965056469744,1921.0939382491044,1.0174502187877947,48
4780000,-2577810.435305696,299.3320946300435,1922.3390357250391,1.0167912170842663,48
4782000,-2579026.4298143517,299.8582653393457,1921.3880891269998,1.0172944543814444,48
4784000,-2580619.982350776,300.42294683376645,1924.2094357629214,1.0158028598422708,48
4786000,-2579030.565303074,301.3447292351287,1922.8465746744755,1.016522833140944,48
4788000,-2581355.7500861026,299.30783771924985,1923.9104458807428,1.0159607231035421,48
4790000,-2582171.4304619525,299.84237173227245,1918.5772998042012,1.0187848297709632,48
4792000,-2580466.967423737,298.9948116625468,1921.288442113394,1.01734721603457,48
4794000,-2581578.4467839114,300.64134782767815,1918.5021424314493,1.0188247406939233,48
4796000,-2579489.412452193,299.7623391091631,1921.2253695569905,1.0173806148698559,48
4798000,-2580172.547569681,301.63323478837594,1923.126826014647,1.0163746984040931,48
4800000,-2577735.495814532,299.3762780742138,1922.6918248639633,1.0166046490168819,48
4802000,-2578305.7902441677,301.2753463345616,1920.900543788906,1.0175526547189402,48
4804000,-2578824.9496159684,300.2805562077413,1916.0618885022886,1.0201222932894438,48
4806000,-2580486.747055594,300.15143561441175,1921.1882378778548,1.0174002782478664,48
4808000,-2581811.3336279225,300.56383996472726,1920.799775521387,1.0176060371794302,48
4810000,-2577315.5745193437,299.8908729078392,1922.8297402398568,1.016531732830196,48
4812000,-2579478.840033343,299.7386252335481,1923.099885754139,1.0163889365616383,48
4814000,-2578258.8641015086,300.4257228327012,1918.9325395707813,1.0185962286202401,48
4816000,-2578773.1988137215,301.4361798970633,1918.9356810310921,1.0185945610919032,48
4818000,-2580444.195962513,300.4494348491978,1917.5286014040034,1.019342004261265,48
4820000,-2580283.668000227,299.7902404101656,1917.82154695964,1.0191863006660609,48
4822000,-2579163.7557819635,301.62231175165743,1917.825401793798,1.019184252098886,48
4824000,-2576576.357466122,300.7298321457797,1922.645185466311,1.016629309744113,48
4826000,-2578025.262702845,301.1382987370965,1921.7575886135967,1.0170988575065634,48
4828000,-2575351.1467294507,301.19946482986046,1925.6776296319658,1.0150283815453696,48
4830000,-2579972.7204264235,300.8538080788205,1922.0551875571487,1.0169413763127655,48
4832000,-2579809.179004252,301.12387392880055,1921.3796177009222,1.0172989396662315,48
4834000,-2577936.8232344706,299.91457304425506,1924.7503864077062,1.0155173686866972,48
4836000,-2577166.4044991266,299.64682805884667,1924.5610803805619,1.0156172582462035,48
4838000,-2579510.073992379,300.11116651339034,1924.312603403784,1.015748399883714,48
4840000,-2579275.6407991443,299.9629319768467,1919.612169215566,1.0182355994243337,48
4842000,-2576627.197104523,300.76308805412503,1921.1952230761224,1.017396579122147,48
4844000,-2580905.2428900395,299.9232410705312,1921.107984236581,1.0174427798030274,48
4846000,-2582989.228949927,300.0907787654846,1919.8816509898572,1.018092676064533,48
4848000,-2579950.870025493,300.3761298694856,1920.445425435113,1.017793800279746,48
4850000,-2579384.323981343,300.33099644415813,1920.2087708448655,1.0179192374605457,48
4852000,-2580255.4918431006,301.116196010584,1921.9920318015286,1.0169747925288473,48
4854000,-2575969.8240579627,300.08163838628155,1918.7243118999947,1.0187067707751718,48
4856000,-2580581.0345848054,298.9887020127129,1921.4480612857956,1.0172627026282801,48
4858000,-2578429.9150687438,300.7977509987691,1922.6488970115995,1.0166273472091276,48
4860000,-2579294.487481514,299.9632061479459,1920.578032058732,1.0177235265407245,48
4862000,-2575507.193383144,301.4748462989586,1922.3651011684246,1.0167774303619173,48
4864000,-2577516.861283185,300.20640298409495,1925.685711303809,1.0150241216984777,48
4866000,-2580071.9678763896,299.72779029131476,1920.9488423495457,1.0175270703163188,48
4868000,-2578481.810467722,301.27988612755723,1922.5330407714175,1.0166886114993197,48
4870000,-2578272.1149436217,299.9301704350701,1923.3015657621725,1.0162823566406627,48
4872000,-2578755.5196233634,300.4786333138109,1922.0097583534332,1.0169654130465804,48
4874000,-2578372.0923169795,300.1911486938328,1923.4935874221435,1.0161809015454146,48
4876000,-2576686.2505921107,300.81798197644923,1920.8787140791617,1.0175642186344231,48
4878000,-2578348.815804038,300.5834984563934,1921.5606956545168,1.017203074669302,48
4880000,-2579704.9614507575,299.4748737861074,1925.244557698368,1.0152567059429607,48
4882000,-2579655.7568140384,301.0827612074327,1923.4133325446508,1.016223301934548,48
4884000,-2583634.037542654,299.39390234047033,1921.833572077633,1.017058644506029,48
4886000,-2578188.294842096,299.0348561251525,1923.3315259656802,1.0162665257629306,48
4888000,-2576567.0230571777,300.696350957872,1923.3176147405184,1.0162738763494152,48
4890000,-2579393.0976081714,300.65524447254364,1923.066671181932,1.0164064912955588,48
4892000,-2579070.090589814,300.7253814215888,1919.1359458885208,1.0184882691457844,48
4894000,-2578234.5703994706,301.2033902961166,1923.7853593362574,1.0160267819367528,48
4896000,-2580667.87882334,300.4895346810102,1922.4119907229388,1.0167526301416834,48
4898000,-2579911.3081139345,301.24944576133095,1920.3159635321695,1.0178624168640429,48
4900000,-2578013.7974272333,301.1666589746509,1920.881385938995,1.0175628032482449,48
4902000,-2580695.2062258627,300.2270407975697,1920.6686463108522,1.0176755118785392,48
4904000,-2579095.19903042,299.28503871827473,1921.8603514106142,1.017044472741633,48
4906000,-2578415.0505612493,300.6115375627182,1922.5864717012576,1.0166603565320298,48
4908000,-2579051.378696665,299.9230975243642,1920.553365920447,1.0177365974137798,48
4910000,-2579150.684852831,299.8325342215728,1923.673775744612,1.0160857170425728,48
4912000,-2580023.235319769,300.33261335626855,1921.9375699826944,1.0170036104768259,48
4914000,-2579155.7494988516,300.25558932113586,1921.388480775026,1.0172942470202733,48
4916000,-2579687.1076286677,300.1411103488456,1921.8075152076972,1.01707243431828,48
4918000,-2580680.253208276,300.777563093604,1920.0925218885418,1.0179808657662799,48
4920000,-2578807.563287655,300.4844076989325,1922.9647210482121,1.0164603782840027,48
4922000,-2579281.763050195,300.20560488636727,1924.1153025474746,1.0158525558190818,48
4924000,-2578978.4114604164,299.27206691252803,1920.0972498095853,1.0179783591572227,48
4926000,-2578570.145908065,300.1004188577756,1918.4613829586065,1.0188463865606154,48
4928000,-2579058.7040866986,301.1098446502496,1920.2216129601456,1.0179124297899598,48
4930000,-2579135.9341004025,300.292385120846,1922.1048926320366,1.0169150785038061,48
4932000,-2580541.654632734,301.0831619129016,1920.899783440036,1.0175530574963356,48
4934000,-2576596.331548078,300.0724424875724,1924.4639602019522,1.015668512481959,48
4936000,-2579613.363115458,299.707966355984,1924.7993333957209,1.0154915444277153,48
4938000,-2576493.82949635,301.84421350002685,1920.5919162015116,1.0177161693199461,48
4940000,-2578029.422731545,299.3099569916865,1923.8060393591372,1.0160158601199651,48
4942000,-2580442.024157664,300.3258753780418,1921.1696080472886,1.017410144110163,48
4944000,-2579047.9879234135,300.43967022588197,1918.5721522744889,1.0187875631709948,48
4946000,-2580630.879962411,300.1175123674778,1923.8187845693442,1.0160091290620221,48
4948000,-2578056.1335831564,301.0618181399816,1923.2123239363257,1.0163295146647424,48
4950000,-2578290.5786314495,300.04779831515486,1920.7164226569566,1.0176501979816495,48
4952000,-2580099.684323527,300.0920310475037,1920.6056347440933,1.0177088999553496,48
4954000,-2578635.0044173244,299.25335913218197,1921.605285843311,1.0171794708223125,48
4956000,-2580693.8204210196,300.87674553889724,1920.790819755163,1.0176107818094455,48
4958000,-2580324.035160154,300.3665508511996,1924.3134601396869,1.0157479476558726,48
4960000,-2578557.9559663553,300.55493030169595,1923.7457242290097,1.0160477152284875,48
4962000,-2576549.0853847526,301.20257607950225,1920.5948729305853,1.0177146025600692,48
4964000,-2579313.39544872,301.1001145160407,1919.759677400678,1.0181573614620223,48
4966000,-2578559.3857925944,300.86914118795255,1920.6751796399133,1.017672050174516,48
4968000,-2579847.541266164,299.4445079391793,1921.4823168471482,1.0172445671999097,48
4970000,-2578193.3829291705,300.86313652091144,1920.1939175803786,1.0179271113651145,48
4972000,-2578449.4716538433,299.62288168557114,1922.199438627817,1.0168650601515015,48
4974000,-2579045.4996247217,300.104223975122,1920.3144675518554,1.0178632098082008,48
4976000,-2580627.691036606,299.4073085015693,1922.0483807237974,1.0169449777572173,48
4978000,-2578244.477341758,300.7462570181758,1918.9517600376848,1.0185860262297957,48
4980000,-2575295.549721472,300.48914897517164,1923.6004594597289,1.016124444227072,48
4982000,-2576708.314449692,300.3681213098461,1924.3054352376855,1.0157521836142545,48
4984000,-2577343.7532788236,300.96154683647916,1923.4976230364448,1.0161787695364481,48
4986000,-2578245.779825004,301.0003063109798,1920.4807121747767,1.0177750994281134,48
4988000,-2579201.65702126,301.09522612199675,1925.736790129233,1.0149971988914883,48
4990000,-2578279.1032977477,299.11787263174875,1922.8244765894112,1.0165345155426972,48
4992000,-2579326.129158661,300.27934142901825,1922.2211973358148,1.0168535496812456,48
4994000,-2578969.2092852406,300.2730591647076,1921.57360078589,1.0171962432165247,48
4996000,-2582377.910459565,299.8492016780817,1921.255006795031,1.01736492077857,48
4998000,-2579959.575951662,301.18127443106613,1920.9250457393143,1.017539675542715,48
5000000,-2583261.7209030576,300.25891794355294,1917.8221120117046,1.0191860003810034,48
