#"Step","Potential Energy (kJ/mole)","Temperature (K)","Box Volume (nm^3)","Density (g/mL)","Speed (ns/day)"
2000,-2693490.112454368,299.07355004825223,2051.9797772926804,0.9980865761712907,0
4000,-2697695.0834427364,300.6117540157727,2029.4198696589563,1.009181737554858,134
6000,-2703432.019886112,300.0209248945611,2023.436505674366,1.0121659189934447,133
8000,-2705392.29942026,300.0524546752789,2020.8516260724973,1.0134605845710445,133
10000,-2707037.5785873868,300.9314662753023,2020.2461881905342,1.0137643037085253,133
12000,-2707909.2976908125,300.39176893301595,2025.2759139143163,1.0112466435906207,133
14000,-2705254.9307896607,300.5924093622613,2020.9241430611555,1.0134242184808233,134
16000,-2707007.3636012413,299.85884878810583,2019.3590708801999,1.0142096568284271,135
18000,-2708513.4893251117,300.94827775217664,2019.1332915416906,1.0143230656788422,136
20000,-2708911.0491913464,300.81571646988056,2017.6721907895585,1.0150575894537814,136
22000,-2709609.108454589,301.11505612699466,2019.348328428139,1.014215052182198,135
24000,-2707037.3424593415,301.7167495227872,2020.744231750245,1.0135144458716978,135
26000,-2710609.5249327365,301.32545054324333,2015.3515507561335,1.016226409492863,134
28000,-2708559.682164261,300.2822490001035,2019.59584348025,1.014090753307102,133
30000,-2708823.196278328,300.37444947785156,2016.7975255651525,1.0154978099335321,132
32000,-2707760.699602347,301.1329846169427,2019.499399263366,1.0141391827290607,132
34000,-2707682.6784682013,300.8572332546707,2018.589067527765,1.0145965334089024,132
36000,-2707971.3573089372,300.3119736708324,2020.2052060725098,1.0137848690492235,132
38000,-2707862.371449977,300.0236050178878,2017.4093815751733,1.0151898216571587,132
40000,-2709447.046740249,299.82306612463225,2016.3503886562262,1.015723002218717,131
42000,-2708594.6127327103,299.8223274034925,2017.4294003586435,1.015179748013334,130
44000,-2708780.7747334503,299.4998062418809,2019.3509837768383,1.0142137185385465,130
46000,-2708575.668892443,300.9399839969601,2016.5787085176103,1.0156080006400077,129
48000,-2708290.2677530013,299.0392430148805,2018.862150434869,1.0144592932457634,128
50000,-2709166.1254016627,300.6078665828307,2015.3743918448065,1.0162148921700147,128
52000,-2710390.1048932914,300.5787147143459,2016.6412192487662,1.0155765193839064,127
54000,-2708617.598126581,299.5788712348728,2020.5206821889037,1.0136265806851568,126
56000,-2706802.72093169,300.7700361158971,2020.3952308036928,1.0136895192907796,126
58000,-2708463.4677158482,299.0702478539533,2016.681318848467,1.0155563257065454,125
60000,-2707770.5370822605,300.98568141168386,2018.6295902581305,1.014576166016117,125
62000,-2707189.713917464,300.0699213628344,2015.2466123345898,1.0162793266865655,125
64000,-2709116.739761267,300.7735185305819,2014.6609851381438,1.0165747415565034,124
66000,-2709973.4072782174,300.5947280316132,2017.2678858303636,1.0152610293737676,124
68000,-2708301.9605578,300.4822753131891,2021.2679193363917,1.0132518557773287,124
70000,-2707038.867876876,300.4379222382257,2018.7700165563922,1.0145055917683672,124
72000,-2709316.5942110997,302.04036902957677,2017.3588444308139,1.015215253322284,124
74000,-2710941.584935503,298.05467276392875,2012.465015464894,1.0176840116734471,123
76000,-2706594.307097772,299.65106698402104,2016.735162886204,1.0155292117581538,123
78000,-2710833.2466141786,300.31560104813207,2017.051578120414,1.0153699055129042,123
80000,-2712056.2775420863,299.7924566548927,2014.4000484253081,1.0167064242734598,123
82000,-2711911.856723301,299.2937597184918,2014.709318564774,1.016550353650897,123
84000,-2709504.077342499,300.5137875204572,2014.2115452505814,1.0168015743529994,123
86000,-2708945.8839939497,300.97530950720756,2014.838734783139,1.0164850590442986,123
88000,-2711121.901014421,301.0248221243401,2014.1048006680649,1.0168554633360953,122
90000,-2710757.47731076,301.0536923999053,2016.4550799969281,1.0156702673951452,122
92000,-2707413.5589161273,299.89631302473737,2016.5807420502736,1.0156069764945326,122
94000,-2709482.2290624604,301.8375841183653,2015.8858645910743,1.0159570570262568,122
96000,-2711015.347877547,299.8163033490097,2015.0440552862692,1.0163814855153726,122
98000,-2707568.0553582143,299.4918210520308,2015.990325200884,1.0159044141676128,122
100000,-2710160.482422406,300.58623544938365,2016.6235067555992,1.015585439438691,122
102000,-2709045.810207516,301.82735943865424,2012.9884760513748,1.0174193715744397,121
104000,-2706978.7922505047,300.0104411821868,2017.4496059858805,1.0151695805506593,121
106000,-2708262.449017694,300.7045756974509,2016.4452198969532,1.0156752338630064,121
108000,-2712275.289662285,300.98031156347156,2013.9862191368513,1.0169153347874087,121
110000,-2710758.244471777,300.54441903287426,2014.271871520596,1.0167711217377429,120
112000,-2709968.6891394183,300.32213351351027,2017.1258215045532,1.0153325332790382,120
114000,-2709614.8761956003,299.02953523255303,2016.530128909944,1.0156324673402601,119
116000,-2707181.1571315583,299.66860985590966,2019.402866410709,1.0141876612916736,119
118000,-2709586.126688579,300.5840260248006,2017.6301250058293,1.01507875249675,119
120000,-2709059.229492113,300.6145090524777,2015.732382891446,1.0160344139299735,119
122000,-2711216.3397531193,299.52175858149826,2013.8687958621406,1.016974628386356,119
124000,-2710753.3814082164,300.3788258444468,2014.2970212850348,1.0167584267111753,118
126000,-2709345.750268219,300.910688321327,2017.2210748388904,1.015284589198708,118
128000,-2712951.0108886193,299.5409638780525,2015.6805804030334,1.0160605257611168,118
130000,-2710923.4240690935,300.8003303749339,2015.7132453082431,1.0160440603631546,118
132000,-2707562.849520685,300.1272083335988,2015.9249164008045,1.0159373762527508,118
134000,-2710346.6991869323,300.3322650034041,2019.1481301174974,1.0143156114908713,118
136000,-2709602.220546605,300.68112776976363,2016.3136605370141,1.0157415040997695,118
138000,-2710046.6097256057,300.8041079985333,2019.1498682701313,1.0143147383336188,118
140000,-2709890.149114426,300.852104105326,2018.5648333523623,1.0146087142960096,117
142000,-2709380.2121060025,300.1463126512155,2017.8332557794656,1.0149765667825905,117
144000,-2705736.622744372,300.8084549388807,2020.0130957175636,1.01388128355834,117
146000,-2707453.454111049,301.08693738659775,2018.5864848422434,1.0145978315369721,117
148000,-2712136.7072649132,299.4198515778924,2017.2508204249552,1.015269618212045,117
150000,-2710755.558535386,299.1812675149352,2018.136002919927,1.0148243068492737,117
152000,-2710476.0199058503,299.7969508379892,2020.0222832047214,1.0138766722125396,117
154000,-2711905.1023198217,300.71565405568276,2016.858209100205,1.0154672554817283,117
156000,-2708312.31121229,301.4722723350087,2017.2594225417977,1.0152652888393403,117
158000,-2709580.1753313113,299.71987404575435,2019.858923643407,1.0139586712306197,118
160000,-2709604.7277029995,300.61968287224806,2013.824966619729,1.0169967620018652,118
162000,-2709424.510056924,299.5973463254696,2016.6960528831426,1.0155489060251828,118
164000,-2708211.0348795317,299.7287504144519,2018.0759061405658,1.0148545275522085,118
166000,-2708726.238729261,299.28547111783547,2012.6961159701816,1.0175671598111837,118
168000,-2708491.7503003683,300.2364713621838,2016.5735765616066,1.0156105852496826,118
170000,-2707995.8770270664,299.7723271478547,2020.105955735482,1.0138346775702276,118
172000,-2710670.073323665,299.93691120550204,2014.6328761968925,1.0165889252025788,118
174000,-2708840.4854612835,299.1025700317119,2017.657876418171,1.0150647908289425,118
176000,-2711069.457576614,298.61488835634015,2019.911664993693,1.0139321960384708,118
178000,-2710680.897657156,300.94719305409865,2014.3419291820787,1.0167357590190207,118
180000,-2710229.2764938604,300.46018439811223,2015.427690032127,1.0161880182653102,118
182000,-2709587.0174937584,299.70350382549196,2015.9316322165084,1.0159339917886765,117
184000,-2708074.540613765,299.11015720057287,2015.131242710708,1.0163375103726666,117
186000,-2713350.40082697,300.8777116915829,2013.9981615476052,1.0169093047815918,117
188000,-2713537.646464886,300.45842452812724,2009.0697517047329,1.0194038651734056,117
190000,-2708593.819057511,299.2345652845171,2018.3278191430036,1.0147278607894317,117
192000,-2711103.311657859,300.01790359290277,2015.2148301575037,1.0162953545407907,117
194000,-2709640.9527943134,300.30036479536005,2017.065455213276,1.0153629199277654,117
196000,-2710408.638135355,298.2893009857633,2018.3423710124846,1.014720544792106,117
198000,-2709537.8999662492,300.1868873973963,2016.306683846163,1.0157450187012513,117
200000,-2707089.256296713,300.32579758065503,2019.7876171448625,1.0139944679856354,117
202000,-2709595.885339549,299.7253078649659,2013.1583036878471,1.01733354328818,117
204000,-2711222.0579844024,301.0277963094233,2015.73695278429,1.0160321104704912,117
206000,-2710790.0563257113,300.71021439251507,2018.550619451732,1.0146158588022234,117
208000,-2710120.3903855123,299.37712851368303,2017.367471311415,1.0152109119512154,117
210000,-2709036.8842769675,300.8973768821343,2014.850022762371,1.016479364296746,116
212000,-2710158.870271761,299.0690365132869,2014.669833410946,1.0165702768395122,116
214000,-2711190.7081902996,300.85064607686024,2015.8121940812402,1.0159941865141031,116
216000,-2710006.0803170744,299.3483219771757,2015.5286734236486,1.016137104520514,116
218000,-2713511.659664616,301.22896981557795,2014.2438345920532,1.016785274512494,116
220000,-2708803.50517183,299.47486094895555,2016.2289360113714,1.0157841868604292,116
222000,-2712790.665810734,300.21045490645605,2011.906520432308,1.01796651558677,116
224000,-2712951.3154923283,300.49945796785687,2012.0573810255619,1.017890190212602,116
226000,-2710852.226248484,301.4232066782585,2017.468528298913,1.0151600590357932,116
228000,-2709261.6585058514,300.54867580308144,2017.2112061351413,1.0152895562258597,116
230000,-2708476.451337941,300.9085704546422,2014.5176439605161,1.0166470750111336,116
232000,-2708510.754500238,300.6845891726983,2016.5926487146025,1.0156009799977352,116
234000,-2708429.8664336577,300.6473866878777,2015.5999940529416,1.0161011492030123,116
236000,-2711497.4429303613,300.29386939000784,2015.2781575506058,1.0162634188324695,116
238000,-2708238.377476217,300.5223085487306,2018.3335311772282,1.0147249890340055,116
240000,-2713669.3395962827,300.5238800461517,2013.5571151907673,1.017132046982806,116
242000,-2708957.4278940633,300.2363214252561,2016.1219136799316,1.0158381080004055,116
244000,-2706344.3128145747,301.36910499857805,2016.291639869275,1.015752597388919,116
246000,-2710918.952347709,300.1241007139011,2016.1032473378752,1.0158475132635651,116
248000,-2712348.9204609916,300.5081139637442,2015.7715477062304,1.016014673201079,116
250000,-2709423.5366852414,299.3117837798328,2011.7906056031995,1.0180251685173303,116
252000,-2710948.658234164,300.08875593261286,2016.5797411450867,1.0156074805788837,116
254000,-2708782.1870241985,301.1860012800789,2012.9352206785084,1.017446289006972,116
256000,-2710276.4917353503,300.5212826577607,2015.3235063756563,1.016240550865198,116
258000,-2709183.1972241886,299.320597277461,2018.0514899648936,1.0148668061618227,116
260000,-2709711.3218519017,300.2646341056183,2015.7887058876825,1.016006024991041,116
262000,-2709028.167331362,301.63809619908994,2015.5392510737813,1.0161317717825022,116
264000,-2706816.1096678376,300.6401796707068,2017.3760590296856,1.0152065903249832,115
266000,-2707917.983388111,300.52506794871124,2015.369532079116,1.016217342621998,115
268000,-2710340.844793953,299.4438358095039,2017.1459367663062,1.0153224082408339,115
270000,-2709182.127812393,301.31575884680774,2018.1988383956188,1.014792710870299,115
272000,-2710630.9456738774,300.7533266252783,2017.1248216100287,1.0153330365822695,115
274000,-2711836.074427236,300.19507953738355,2018.3655967265174,1.0147088682111958,115
276000,-2708728.4537678063,300.02912311536596,2013.9099440500704,1.016953849570872,115
278000,-2710015.3666876666,299.9260899480731,2014.9041475585877,1.016452059405584,115
280000,-2709990.1580401678,300.58700879030806,2016.2379631245096,1.0157796389851552,115
282000,-2710733.82165996,300.6254461617684,2013.97657120388,1.0169202063093163,116
284000,-2711768.268646108,300.89167876132933,2019.9724238874458,1.013901697900059,116
286000,-2711162.019229172,300.1456230736535,2016.4644993048214,1.0156655229967342,116
288000,-2707997.068347493,299.6040797283932,2020.5320014761214,1.0136209022151352,116
290000,-2710632.784851808,301.1345041877452,2015.9895786649245,1.0159047903645855,116
292000,-2710382.7798415497,299.6115100407112,2018.5471955793314,1.0146175798000001,116
294000,-2710506.1868247036,300.49848779768206,2016.3972087858765,1.015699417439664,116
296000,-2710026.427392248,300.0096992541345,2018.4377986576756,1.0146725708628719,116
298000,-2708552.4162712432,301.29158097744244,2019.6935580127117,1.0140416907137002,116
300000,-2709840.4609683044,301.2325947609222,2017.2468163028266,1.0152716334654648,116
302000,-2711612.2161746863,300.497705441444,2016.885012404373,1.0154537604745495,116
304000,-2710815.8312493656,300.6297505862078,2020.0717664463928,1.0138518365085663,116
306000,-2710803.3254373893,300.6965184416581,2014.1115632577585,1.0168520491377948,116
308000,-2711043.5442170035,299.5404461380147,2015.1293502058013,1.0163384648641118,116
310000,-2713151.1414229926,300.39733604705026,2015.4798021500985,1.016161743772342,116
312000,-2710669.449189704,300.53884041379314,2016.0961167789567,1.0158511061282531,116
314000,-2707809.316350287,300.17347733668754,2017.3471157492404,1.015221155695922,116
316000,-2712276.9869745,299.69435908069187,2017.3088953510019,1.0152403903094016,116
318000,-2713638.3124154154,300.54598935954715,2017.7177124438037,1.0150346887772688,116
320000,-2709859.463359073,299.20420948556995,2016.8471982867732,1.0154727993427137,116
322000,-2709555.1870113853,300.34019130417977,2019.4954888738614,1.0141411464270427,116
324000,-2710569.3236051984,299.7350007115465,2017.7207838406166,1.0150331436802797,116
326000,-2712921.653601194,300.7941906620971,2015.7198050511856,1.0160407538580356,116
328000,-2710121.095433628,300.50841235835713,2014.8405963350729,1.0164841198932162,116
330000,-2708029.6872117147,299.3264178441733,2019.592822257525,1.0140922703426132,116
332000,-2707362.70890289,301.04036071522705,2021.328194109053,1.013221641225613,116
334000,-2709370.623826582,299.7417775752523,2016.9015305093535,1.0154454440686345,116
336000,-2709068.270390969,299.89297883721537,2017.6188894199095,1.0150844052018266,116
338000,-2708705.3358237967,299.8115914084665,2017.242354917209,1.0152738788665947,116
340000,-2709365.4764631838,299.68136420093373,2015.5597583231533,1.0161214331817474,116
342000,-2710404.518044645,299.37659931875925,2016.5981943016268,1.0155981871242554,116
344000,-2705531.6752259824,301.8568559792184,2021.5823431676413,1.0130942611428133,116
346000,-2708671.036585184,301.0890722052573,2018.816453548948,1.014482256022054,115
348000,-2707926.5375844277,299.97150483092855,2015.0977026533867,1.016354426683132,115
350000,-2708937.3437208664,300.55956006516135,2016.1205989917817,1.0158387704162968,115
352000,-2708399.1124486644,299.61039086004877,2017.9131191765152,1.0149363968289,115
354000,-2710268.6518665813,299.85936174498534,2019.6352450015047,1.0140709691809984,115
356000,-2710851.137445459,300.5555547605606,2012.2058245902124,1.0178150988643855,115
358000,-2710756.263964573,299.96277943257695,2016.648405164366,1.0155729005839536,115
360000,-2710585.1004822925,300.1353569112963,2018.2117012507858,1.0147862431981238,115
362000,-2710367.723845577,299.98653985575055,2018.416317224886,1.0146833697354574,115
364000,-2708894.9176060595,299.9859527562202,2015.6403700412945,1.0160807953299826,115
366000,-2708146.2783059105,301.013976468389,2014.9018368931781,1.0164532250606897,115
368000,-2709199.2578223236,300.57128917522783,2014.1889254723528,1.0168129932550813,115
370000,-2711085.9264955614,299.821050797783,2014.52232977561,1.0166447102717913,115
372000,-2708866.247821979,300.15477137906913,2016.9085565852379,1.01544190667636,115
374000,-2709524.6418057643,300.6228110779986,2018.8780131821388,1.014451322426685,115
376000,-2712157.001823606,299.973729052337,2015.9338779531154,1.01593286004513,115
378000,-2711165.765551936,300.2260231192493,2016.9417007522095,1.0154252200383216,115
380000,-2708561.6726524327,301.22640728558207,2014.4673233292351,1.0166724704702768,115
382000,-2711097.2072290275,300.49070645265715,2020.072815055708,1.0138513102233393,115
384000,-2710960.0507373065,299.39782447946664,2016.3469404739394,1.0157247392204176,114
386000,-2713601.645516673,300.3338479212057,2017.2232067827788,1.0152835161742813,114
388000,-2711610.317209879,300.39480072213524,2015.5502207854186,1.016126241445224,114
390000,-2709307.145760447,300.2033018975378,2015.7818885338336,1.016009461113086,114
392000,-2707667.6468632277,300.3838839415022,2014.1787373834513,1.016818136483425,114
394000,-2708969.9375084117,299.46498853374374,2014.4018657563136,1.016705507032397,114
396000,-2709381.4687981475,299.7725719886556,2016.2713748045296,1.0157628064770452,114
398000,-2711258.217387799,300.2703147505854,2016.0885580426557,1.015854914765826,114
400000,-2709667.696664488,300.68373910223085,2019.471541020804,1.0141531725946122,114
402000,-2712439.240185585,301.1898608463963,2015.568702671804,1.0161169240105352,114
404000,-2709600.4652177375,299.5715419360451,2015.334120158799,1.0162351988212266,114
406000,-2709062.23728895,300.11284048000846,2017.021029230002,1.0153852838473498,114
408000,-2710363.754809214,299.36906927328215,2017.568949205075,1.0151095312493361,114
410000,-2709936.1343157683,301.0114952562174,2014.8385365569484,1.0164851590493151,114
412000,-2712293.007554028,300.7125147552994,2014.3242653140103,1.0167446749054132,114
414000,-2713306.758429326,300.14999201374656,2016.2235111254836,1.0157869199469496,114
416000,-2709643.6823786125,299.3680552172593,2016.1025678642195,1.0158478556279045,114
418000,-2708494.7697134446,300.2171648876618,2018.7519836410752,1.0145146540472272,114
420000,-2709323.2162506822,299.89537827957804,2018.0605414895163,1.0148622542211372,114
422000,-2708996.117016688,300.67032208004554,2014.885012265869,1.0164617126153566,114
424000,-2708589.5001701973,300.9686891091111,2019.5401741477015,1.0141187070740552,114
426000,-2709693.6289149188,300.4512877070801,2019.7953241220525,1.0139905988647684,114
428000,-2709866.0203273334,300.84786036116384,2013.0383077867232,1.0173941858774431,114
430000,-2709566.63043873,300.77959220392637,2016.1251373563082,1.0158364837295455,114
432000,-2711006.594329143,299.5615872064987,2019.2197607061837,1.0142796292635883,114
434000,-2708398.9253265653,300.33260003292617,2017.1369011364955,1.015326956309641,114
436000,-2711400.8032249864,298.6953690582917,2017.7517155382818,1.0150175834415849,114
438000,-2710972.9572814293,300.09233299367344,2015.6766848804716,1.0160624894126944,114
440000,-2713619.039437862,300.4750362468423,2014.3499489698431,1.0167317110605196,114
442000,-2708773.1748423968,300.597131933215,2017.5524875109325,1.0151178137712173,114
444000,-2709929.3079658113,300.02053425966244,2018.8371259181956,1.0144718679865248,114
446000,-2713577.334276082,301.4868471034264,2015.6240060339883,1.016089044464498,114
448000,-2708900.0155183617,299.86147993990505,2014.4884729428888,1.016661796678765,114
450000,-2713240.602172261,299.9116264948013,2012.360804256785,1.017736712998232,114
452000,-2709091.4912517313,300.2440400654529,2016.3642484425839,1.0157160204921662,114
454000,-2709181.6280277427,300.15387874070154,2019.09256108815,1.0143435272660413,114
456000,-2710226.737417953,301.54653282078243,2015.8539921237198,1.015973120222431,114
458000,-2707764.6072909925,299.5348820530241,2021.2413231802761,1.0132651884775024,114
460000,-2710654.7618325725,300.0328963355859,2015.7119217286904,1.0160447275294935,114
462000,-2710068.5919126365,300.33924112059765,2017.0761454489134,1.0153575386391631,114
464000,-2711308.3989614993,299.961948287829,2016.6208876125352,1.015586758458828,114
466000,-2710742.664353125,300.40572997168437,2011.905850360689,1.0179668546237437,114
468000,-2712201.6007096767,299.9894070004198,2018.5554904851251,1.014613410403974,114
470000,-2711292.6111353207,299.9158837517395,2017.2411714259295,1.0152744745156421,114
472000,-2710515.0959565826,300.3927449372618,2016.4442544057426,1.0156757201772244,114
474000,-2709885.8321003914,301.2082059469936,2018.8880633082892,1.014446272437065,114
476000,-2710888.738623213,300.89613872117525,2016.4794837096379,1.015657975613546,114
478000,-2707967.70864309,300.41801237057757,2019.8488679006455,1.0139637191863016,114
480000,-2712461.591129655,301.3372622144124,2014.4402700719352,1.0166861240406218,114
482000,-2711618.634230245,300.1815026529023,2012.880468369167,1.0174739645370543,114
484000,-2712075.5256968345,299.4549316884231,2015.164392681757,1.0163207913599812,114
486000,-2709281.0500316024,301.198838424155,2018.0022416683487,1.0148915734590989,114
488000,-2708297.5036142785,301.01516116453564,2015.9239026882672,1.0159378871194824,114
490000,-2710144.114554554,301.23982705298107,2013.7865196111256,1.0170161784012093,114
492000,-2710856.7981172837,301.1989349396562,2016.46351647143,1.0156660180366803,114
494000,-2711449.351339262,300.7694985823277,2017.4039397297822,1.0151925600805072,114
496000,-2708986.4017959572,300.3504062852388,2015.6727779371956,1.016064458828839,114
498000,-2710427.8430856634,300.5067840126704,2020.5090115357364,1.0136324354891675,114
500000,-2710591.620732095,300.0980504161402,2020.1533839765805,1.0138108752214046,114
502000,-2709027.569822205,300.8637070794508,2017.4358189920624,1.0151765181377683,114
504000,-2712061.898917094,300.68465881121506,2018.5596260047282,1.0146113317169763,114
506000,-2711542.230140023,299.5576481930409,2015.3928518661849,1.016205584134305,114
508000,-2706337.056522282,298.1137798730886,2020.9765303935094,1.0133979487094773,114
510000,-2708726.975260198,300.32186189985055,2018.2775584941676,1.0147531302973152,114
512000,-2709734.743216591,298.4149087496198,2017.099615131338,1.0153457245875412,114
514000,-2710824.44429709,300.40602374204394,2016.9839780577438,1.0154039360604905,114
516000,-2711045.847860867,300.22640211781703,2014.3125713431155,1.0167505775556798,114
518000,-2712020.13387244,300.37326665581327,2016.2318041458593,1.01578274188488,114
520000,-2709925.0378523227,299.67691334262366,2017.0233038218062,1.0153841388000713,114
522000,-2711290.4665093683,300.9548263570597,2016.5996538107881,1.015597452087504,114
524000,-2708547.5765211247,299.7229026733475,2014.8932825305985,1.0164575404800265,114
526000,-2711380.791804217,299.70900381947115,2013.1106416483424,1.0173576294911568,114
528000,-2709540.1946389247,299.14404079828506,2016.2559574580578,1.015770573530163,114
530000,-2711724.742064122,300.5255242409765,2013.9809666302167,1.016917986924957,114
532000,-2708898.563852472,301.4225926652361,2015.6738305350493,1.0160639282334358,114
534000,-2710736.1186545864,299.60126967540526,2015.1549686345973,1.0163255442723955,114
536000,-2711789.09291753,300.9053803226856,2016.0159302009042,1.0158915113764413,114
538000,-2709356.6038145293,298.81337491399506,2015.7193546248461,1.0160409808993232,114
540000,-2709619.5416053627,300.1875475788568,2021.6735782081712,1.0130485417462833,114
542000,-2707949.8782206327,300.3430759237313,2016.9283480933216,1.0154319424519374,114
544000,-2712556.764885571,300.34006262264865,2014.0437775967723,1.0168862728170627,114
546000,-2710006.2270955276,300.93045738267705,2013.9257502888697,1.016945868037595,114
548000,-2709892.828489201,300.061468048132,2017.4900997779414,1.015149204705491,114
550000,-2709782.3015736006,300.45881606700846,2019.3759218545965,1.0142011936092836,114
552000,-2709167.7995516676,299.93209265131355,2017.7971365462188,1.014994735197389,114
554000,-2706769.0593236797,300.5692457103215,2015.8344963453003,1.0159829460225487,114
556000,-2710415.1381052695,300.952100041105,2018.9963950674567,1.0143918410623767,114
558000,-2711165.4375762045,299.8632581297699,2016.1852247230825,1.0158062092594065,114
560000,-2709709.271549169,299.6457747784334,2014.0642138229562,1.0168759547161146,114
562000,-2709618.9987020344,300.99049619860284,2018.2485352436975,1.0147677228679286,114
564000,-2708625.556351792,301.00761220478785,2017.599330722071,1.0150942454752943,114
566000,-2710627.3139795084,300.734055632349,2015.8260243236457,1.015987215949326,114
568000,-2708990.8319665026,299.8489208715108,2014.7700460740314,1.0165197136425586,114
570000,-2710651.595438279,299.42506981730173,2013.7432652128573,1.0170380235011216,114
572000,-2712410.4244773407,300.5413140966091,2014.510416027439,1.0166507226750834,114
574000,-2711416.092981307,300.2921726139767,2015.6052185607107,1.0160985154390694,114
576000,-2711659.6948888768,299.6806580562547,2016.6285004533302,1.0155829245844659,114
578000,-2709575.2298601232,300.54779976809795,2015.2638658424999,1.016270625898694,114
580000,-2709143.856439948,300.5392335876225,2012.6811586935391,1.0175747218800422,114
582000,-2710033.6185144614,299.7556041437362,2016.7030641989622,1.0155453753447186,114
584000,-2711893.8762577847,301.2734728934322,2018.819623130002,1.0144806632677033,114
586000,-2709515.8371819854,299.87952628688566,2016.6824639941365,1.0155557490367177,114
588000,-2709479.716412224,299.37873811893803,2017.4713792957261,1.0151586244587663,114
590000,-2708582.528807236,299.1823506263998,2012.4273062420066,1.0177030812185215,114
592000,-2710095.791034475,299.9197394068325,2016.6381411441573,1.01557806951365,114
594000,-2710883.1224691663,300.2202042650762,2015.5584886092518,1.0161220732939131,115
596000,-2711708.449726045,300.5558267661094,2015.4261400796354,1.0161887997591688,115
598000,-2712041.8548501525,300.4402212423403,2012.7453760199824,1.0175422558121163,115
600000,-2707320.452254478,300.06366345206237,2016.3763334260477,1.0157099328828703,115
602000,-2710330.57026772,300.2242681203057,2017.398082960312,1.0151955073167729,115
604000,-2709141.810493227,299.6566824735379,2016.2697480050392,1.0157636260312826,115
606000,-2709417.5146029983,300.4217793362642,2017.5877818281058,1.0151000559861978,115
608000,-2710576.845240373,300.6166604581108,2015.108136034024,1.0163491644282652,115
610000,-2712101.7862089835,300.76581983071463,2016.4725055555405,1.0156614903740222,115
612000,-2710115.2088835556,300.247900555028,2018.005133549271,1.014890119079459,115
614000,-2712283.700820137,299.4715153865511,2017.0403556030928,1.015375554882447,115
616000,-2712002.7244696543,300.7061571449774,2014.0786961034598,1.0168686428455098,115
618000,-2712581.987511875,299.9079808019513,2012.755813932757,1.017536978958741,115
620000,-2708009.303841457,301.16891146013324,2014.6865329211598,1.0165618506027532,115
622000,-2709219.2525803074,299.65482850397837,2016.497659330944,1.015648821020851,115
624000,-2710918.7386043537,300.3446615067871,2014.4284942930915,1.016692067299955,115
626000,-2710481.1967311576,299.7842067946423,2015.1428957183036,1.0163316331771817,115
628000,-2709244.09095297,300.7128126162735,2016.6343897406211,1.015579958722314,115
630000,-2711717.411513513,300.06054136535823,2014.4743887244595,1.0166689046801838,115
632000,-2709360.2374464963,300.0190584889576,2018.0435347418522,1.0148708068147627,115
634000,-2709693.6420693863,299.82143747456996,2018.1285928256045,1.014828033045841,115
636000,-2708463.3492554724,300.2141271703481,2015.4186634494133,1.0161925695306955,115
638000,-2708490.6694867853,301.0435599119972,2016.0348266761375,1.0158819893341977,115
640000,-2712334.6210471094,300.0627870846508,2013.8832374287156,1.0169673356563071,115
642000,-2710768.8237151,300.7197246273522,2014.8618036578064,1.0164734209426751,115
644000,-2708960.9731372464,300.4821757160958,2016.4702036179167,1.0156626498205608,115
646000,-2711362.282841677,301.27605844506417,2018.6814235597553,1.014550114935535,115
648000,-2710058.1163703892,300.6791846757929,2017.0930239366164,1.0153490424024865,115
650000,-2711090.2259756904,301.24581356373733,2015.9793226521242,1.0159099586380973,115
652000,-2710907.515753381,300.2219225417232,2014.2549154787132,1.0167796809392584,115
654000,-2709635.1355271023,301.474739614474,2014.3832713979043,1.0167148920321945,115
656000,-2707563.4911189415,300.5961795997737,2016.0625389855009,1.0158680252654146,115
658000,-2709940.9259685706,300.5211033254481,2019.0432894223734,1.014368280769604,115
660000,-2709902.025451593,299.2714351278061,2013.9544227643837,1.0169313898770311,115
662000,-2712410.283061238,300.14356196885007,2017.9076296519977,1.0149391578662004,115
664000,-2710708.6694382597,299.8227266349115,2014.9985319722878,1.0164044478415262,115
666000,-2709106.673981564,300.61202297853686,2017.189709120276,1.0153003760781445,115
668000,-2711204.4719002843,300.3334738047656,2016.5168371280483,1.0156391618369254,115
670000,-2710603.9381060135,300.4422408588799,2014.7200019184154,1.0165449632408592,115
672000,-2709945.061051758,299.4108273340012,2015.9722897378012,1.0159135027382495,115
674000,-2709437.028027013,299.6420688259976,2015.5438236357645,1.0161294665359206,115
676000,-2711726.8285771348,300.38131705066377,2011.8719318645958,1.017984016702619,115
678000,-2713317.6184977964,301.07908776726373,2016.2989531000746,1.0157489131965682,115
680000,-2708583.0468368996,300.88992691473334,2012.8248902121493,1.0175020590464363,115
682000,-2709490.1353298686,300.4287053135132,2016.7097531530508,1.0155420070184733,115
684000,-2709144.5717883185,300.5544955628113,2021.436300818639,1.0131674539837643,115
686000,-2709049.745178165,300.729171311419,2017.6051077867257,1.0150913389277916,115
688000,-2709648.503757192,300.2641178035513,2017.1526945032174,1.0153190067721531,115
690000,-2708834.536162719,299.14413576300115,2017.8435987141424,1.0149713642801095,115
692000,-2707904.8713592384,298.96286021387454,2017.0335372979387,1.0153789872202104,115
694000,-2708784.9276362453,300.12326806666215,2016.1328508618185,1.0158325972493905,115
696000,-2713724.6515704263,300.09000099715365,2018.3702356422957,1.0147065360578098,115
698000,-2712475.9712148067,298.8654669731341,2016.5353112154803,1.0156298572606204,115
700000,-2712049.408117581,300.8037807676814,2013.062850140293,1.0173817822667819,115
702000,-2711498.1896806043,298.94157739919734,2016.7251899711953,1.0155342336553206,115
704000,-2711643.10709106,301.36054007060113,2018.7969653055925,1.0144920492194012,115
706000,-2708723.0518806037,300.3852934583824,2016.2882350938019,1.0157543126246034,115
708000,-2712707.3523341715,300.5204104494415,2012.018467720866,1.0179098766477686,115
710000,-2711797.808555782,299.50285126853686,2013.2509829021903,1.0172867107400685,115
712000,-2710710.5492135044,299.73402605433984,2015.2279170621161,1.016288754711436,115
714000,-2709054.6767667066,299.405796149643,2019.7782438166678,1.0139991737017033,115
716000,-2708135.1220311,300.0803677958265,2013.4726583364848,1.0171747114673335,115
718000,-2711960.432368703,299.7097977764743,2013.8998020648532,1.0169589709432951,115
720000,-2712765.835576726,299.91558527354556,2013.0149696310036,1.0174059811717138,115
722000,-2707824.157211112,299.2647152787778,2018.4775501344238,1.0146525881124542,115
724000,-2711990.372608535,300.76661378560425,2016.1854526779339,1.0158060944098757,115
726000,-2711543.2721295375,299.0321997967163,2016.020779468122,1.015889067785853,115
728000,-2709931.724669073,299.8347543063188,2012.823833740535,1.0175025931031307,115
730000,-2710490.441946255,300.08853673461516,2014.1936125144289,1.0168106271244108,115
732000,-2711135.737959193,300.1973959436516,2015.0773934917001,1.0163646701142026,115
734000,-2709953.579081949,300.34192921972544,2016.6837029080014,1.0155551251480552,115
736000,-2711805.4003655147,299.8860216432929,2015.1990448087404,1.0163033153308967,115
738000,-2713001.055078864,300.81373929587534,2020.2482976254996,1.013763245190188,115
740000,-2710608.5993353073,300.2842551033326,2014.9577917498666,1.0164249984175453,115
742000,-2710210.0818513352,301.37292948704373,2015.4714478265473,1.0161659558607827,115
744000,-2710381.427164305,300.6491174167593,2015.5153694821706,1.0161438118018262,115
746000,-2712027.9481224846,301.21348531655764,2011.8388693907225,1.0180007462083802,115
748000,-2709352.2270356305,300.6661479748556,2018.7809761165597,1.0145000842194032,115
750000,-2708834.3760470804,300.1429586185966,2015.5113925831242,1.0161458168023292,115
752000,-2710373.311223358,301.09879309338993,2015.770780555968,1.0160150598700053,115
754000,-2708799.667517625,300.2335454775591,2013.6785104299768,1.0170707288590284,115
756000,-2711355.9633982517,301.0875286230416,2012.67884892528,1.0175758896578995,115
758000,-2711619.520736549,299.9416125659253,2013.7162336701522,1.017051675924589,115
760000,-2710755.690812867,300.22953706692505,2015.6565203590155,1.0160726540482172,115
762000,-2714407.338656418,300.2005396505692,2012.6265911854898,1.017602310960436,115
764000,-2713184.40850416,299.7073451856355,2012.280244331541,1.0177774572204883,115
766000,-2710388.0331294257,300.3668129674958,2018.462296633312,1.0146602558327809,115
768000,-2711042.9024799857,300.09140001882315,2015.088359117137,1.0163591393024993,115
770000,-2709579.5952623133,299.88343444525856,2016.826124060786,1.015483410224337,115
772000,-2709233.2780154515,300.035627817581,2015.1680654188112,1.016318939068307,115
774000,-2708286.0072542205,299.45707452468287,2016.8754412813596,1.0154585793308146,115
776000,-2710308.8846068475,300.3223978309632,2015.0727455670742,1.0163670144396815,115
778000,-2712798.3062814903,300.5572896017342,2015.352132350351,1.0162261162282797,115
780000,-2711625.8870882913,300.156216758495,2019.9245787643774,1.013925713772743,115
782000,-2712775.6808198635,300.27392371845696,2013.8470117768068,1.0169856291535235,115
784000,-2709519.990680281,300.55249119197714,2015.9306556383494,1.015934483938019,115
786000,-2712553.226264037,298.92299007970274,2015.790180618717,1.0160052816916487,115
788000,-2711824.2262028493,299.63581086288974,2014.0495297459026,1.0168833685779148,115
790000,-2710641.5951381773,301.25696030664216,2018.0393055120562,1.0148729336919962,115
792000,-2711870.4175549503,300.4317132389515,2016.3535669967746,1.015721401153479,115
794000,-2711576.6166132577,300.5626854611598,2016.8772364688978,1.0154576754886995,115
796000,-2710130.8028071,299.8629769392787,2014.3048426723892,1.0167544787181344,115
798000,-2710154.998126477,300.65540840492616,2018.9112644841239,1.014434614497087,115
800000,-2709664.592630103,300.6655660466342,2014.9289937059843,1.016439525505993,115
802000,-2711067.3615262657,301.6326301493159,2014.8066811678043,1.0165012303332766,115
804000,-2713576.7796688844,300.63769181142743,2012.3078949564494,1.0177634721922626,115
806000,-2712373.9028067943,299.70603005828764,2013.2878242032352,1.0172680953361959,115
808000,-2713887.7416602504,300.2144407588658,2013.672565172527,1.0170737317043927,115
810000,-2712072.3478044607,301.00264205344325,2014.2079762299625,1.0168033760466813,115
812000,-2709487.1439949647,300.87327585511946,2016.8685657552824,1.0154620410397532,115
814000,-2709701.732570661,300.69152238585076,2016.4480037047908,1.0156738316722869,115
816000,-2712956.4832445793,299.6448837656304,2014.219197412075,1.0167977114517501,115
818000,-2712603.518673733,299.32407244307495,2014.8910811534415,1.016458651014701,115
820000,-2714224.4287271705,300.79797320909205,2014.9886139481423,1.0164094507104187,115
822000,-2710508.7010105345,300.25739530600424,2017.4707471791598,1.0151589425295908,115
824000,-2708995.116015237,299.031549280783,2016.7121099551512,1.0155408202196616,115
826000,-2713405.055306634,301.4366501337188,2012.3905487186996,1.017721670177186,115
828000,-2712839.6278924923,300.83494619786285,2012.907921585842,1.0174600876314541,115
830000,-2714502.9144464694,301.25505327972036,2013.6505350394361,1.0170848588931887,115
832000,-2710400.45866324,300.1043929937609,2014.331427746938,1.0167410596286828,115
834000,-2710683.851636924,299.8741139943819,2014.0560185342842,1.0168800924322037,115
836000,-2711039.2147083506,299.1466124401342,2015.5367872250395,1.0161330139305014,115
838000,-2709932.654664295,299.0518270634538,2019.2322219025318,1.0142733698856548,115
840000,-2710768.508302737,299.98319210738254,2012.4058878262615,1.0177139128245263,115
842000,-2707621.6156882644,300.33687723591294,2021.1000529270023,1.0133360133877303,115
844000,-2710061.4363404606,299.868380808714,2015.1538783679318,1.0163260941390204,115
846000,-2708783.2556220107,299.35959574542846,2015.5517226208237,1.0161254843054552,115
848000,-2710974.8337924257,299.29948814223087,2018.6077660802896,1.0145871351063247,115
850000,-2711650.8600064795,301.4638920483033,2017.6720002053173,1.0150576853335775,115
852000,-2709861.5858004894,300.4372345712857,2018.9469262217513,1.0144166959968075,115
854000,-2711740.66418799,299.61846416866365,2017.0211570386734,1.0153852195073978,115
856000,-2712250.5732899997,300.8131411931694,2012.0217001395504,1.0179082413220142,115
858000,-2711860.193189308,300.78318180499656,2012.0516178581202,1.0178931057797531,115
860000,-2711500.762221696,301.1431846980983,2016.8038705102335,1.0154946151370878,115
862000,-2709474.40197454,299.40986393918786,2017.5051607961486,1.0151416264445021,115
864000,-2709755.066529624,300.5691433771169,2018.1516813276164,1.0148164229873406,115
866000,-2711748.2515035905,300.7159104667493,2016.4945385253473,1.0156503928785796,115
868000,-2708353.8645079825,300.46902850500373,2015.3286199049617,1.016237972339896,115
870000,-2709601.6345882528,300.7715623114896,2016.4386457066764,1.0156785452666341,115
872000,-2711601.1217040755,300.0353044343024,2018.2985093511754,1.014742596698032,115
874000,-2710741.1394376345,300.59223677546726,2020.359768495602,1.0137073120475955,115
876000,-2711746.180112591,298.89685736922877,2016.293414680049,1.0157517032885661,115
878000,-2708280.347294461,298.51446706993676,2016.6160942969277,1.0155891724174757,115
880000,-2709498.3217965383,299.9614884088617,2016.7642836440773,1.0155145481801995,115
882000,-2710045.3967477214,301.3445834933048,2015.8174050625446,1.0159915601221006,115
884000,-2710935.553283725,299.5645093321729,2012.723327056433,1.0175534027749435,115
886000,-2708495.27955997,299.80247629116025,2014.5662193936125,1.0166225615096662,115
888000,-2711515.898642285,301.2662481355597,2013.615716165676,1.0171024460370617,115
890000,-2710425.1365228966,299.9575639725237,2016.085394182471,1.015856508955699,115
892000,-2710692.906864824,300.492630737505,2016.932183033124,1.0154300117373574,115
894000,-2712582.085035624,299.34192883940466,2017.6071987382245,1.0150902869357301,115
896000,-2707600.9833725058,300.68388075075507,2019.6874588858266,1.0140447529543015,115
898000,-2707767.249413954,300.6321252651874,2019.708668554481,1.014034104114919,115
900000,-2709522.548860982,300.57949078883513,2018.0155825212275,1.0148848641356987,115
902000,-2710204.6761257146,299.48948111267725,2016.094119046779,1.015852112727312,115
904000,-2713225.000589438,300.3138550069359,2014.3733129355535,1.0167199183681317,115
906000,-2709408.653976379,300.4562825197788,2015.1391345789364,1.0163335301007492,115
908000,-2710057.302385241,299.2167797926094,2019.259735427559,1.014259549852869,115
910000,-2709844.088022353,300.47876087612707,2017.5612933994003,1.015113383167657,115
912000,-2710338.741230326,301.0178512500916,2014.9098833327116,1.0164491659067387,115
914000,-2709338.9597648103,300.2685475346815,2015.2019047259926,1.0163018730221245,115
916000,-2708307.8682393786,299.1740598924299,2018.4154405422198,1.0146838104550953,115
918000,-2711206.419750426,300.77695984919757,2014.4083014758673,1.0167022588172723,115
920000,-2708758.7604432832,300.63193196463726,2016.275757744056,1.015760598432368,115
922000,-2711855.6494416967,300.211277634596,2017.4900018113608,1.0151492539997606,115
924000,-2709661.726948602,301.11333937018753,2014.597204206252,1.0166069256994272,115
926000,-2709126.9698592983,299.9787679768244,2015.4963146660707,1.0161534185837013,115
928000,-2709048.6180687733,300.40698850939134,2012.2444649248184,1.0177955541635935,115
930000,-2712920.6001696214,301.0788108323868,2018.163880408581,1.014810288783955,115
932000,-2710556.9992143214,300.06216978889,2014.7691125477838,1.0165201846383805,115
934000,-2710805.7157353107,300.2876583618594,2015.95536422279,1.0159220321231488,115
936000,-2711242.0591086783,299.81769902635585,2015.9566158609368,1.01592140137209,115
938000,-2709054.8084876016,300.3401136564322,2018.036543027016,1.0148743229489483,115
940000,-2709556.537652718,300.62187095066923,2017.619984394132,1.0150838543095546,115
942000,-2708813.5326315127,301.2693580904047,2015.293393642266,1.0162557356421962,115
944000,-2712660.971371567,300.74716241832857,2016.583825514295,1.0156054235774,115
946000,-2708987.704549756,300.67819767304945,2019.9909512653091,1.0138923983832164,115
948000,-2708553.592927428,299.92167304393917,2019.5803212456801,1.0140985474781892,115
950000,-2709809.4454175606,301.09847795405796,2016.9987478770804,1.0153965005909817,115
952000,-2710861.045260353,300.61412004927365,2018.4275198021542,1.0146777380896634,115
954000,-2709623.891009981,299.22011104316067,2016.015147041056,1.015891906019033,115
956000,-2711819.7511434387,300.4961802625175,2018.336577983121,1.0147234572428714,115
958000,-2713015.5710383225,300.6117225515385,2019.7582072094735,1.0140092328776318,115
960000,-2713304.195625156,299.4922492814503,2013.8204756347618,1.0169990299881257,115
962000,-2711460.952334985,300.6313346191054,2013.0022362654515,1.0174124168338505,115
964000,-2710466.1896950286,300.1933028195435,2013.4715732352813,1.0171752596436863,115
966000,-2711440.1702722367,299.0580691240523,2015.8990285946604,1.015950422734483,115
968000,-2709301.94379556,300.4283385306966,2017.7125490386159,1.015037286290666,115
970000,-2713228.101142708,301.64817230923626,2014.9390261429762,1.0164344646255579,115
972000,-2710984.2446252294,300.88277546661647,2018.0612810379635,1.0148618823098323,115
974000,-2711108.302946212,300.4928200334561,2018.118909315054,1.014832902480402,115
976000,-2710044.8044064697,301.06724638924226,2017.2050187947113,1.0152926704071459,115
978000,-2708533.241258789,300.77746917266995,2015.1778550036129,1.0163140018661565,115
980000,-2711232.4715293087,299.7515942806786,2014.6525881334571,1.016578978606067,115
982000,-2711062.9510437194,300.7430376031478,2013.185500882164,1.0173197995879346,115
984000,-2711912.074020738,300.69688955253025,2016.5434844081963,1.015625740841304,115
986000,-2711230.5201944225,300.55149296355296,2014.6883895398144,1.016560913798975,115
988000,-2709145.549869813,301.5390337901793,2018.112799041936,1.0148359751065732,115
990000,-2709561.696765352,299.5356694552635,2017.7147856911465,1.015036161113941,115
992000,-2712794.8703364935,300.69162133386266,2015.4402071564273,1.0161817071121975,115
994000,-2711120.564548727,299.8278883828041,2015.63612207869,1.0160829367250361,115
996000,-2709878.589294333,300.6699755761311,2015.2220937974475,1.0162916914192146,115
998000,-2711425.1635236256,300.9634874834468,2013.8106263696864,1.0170040039876154,115
1000000,-2710570.687511869,301.0610473695259,2018.1283635025134,1.014828148362342,115
1002000,-2713169.48532827,300.196060887028,2016.4450433827508,1.0156753227724982,115
1004000,-2709766.9990787413,300.79740714910974,2016.8665331303748,1.0154630644358993,115
1006000,-2712225.683954522,300.20466807050093,2011.6064829799143,1.0181183485036664,115
1008000,-2711975.221503416,300.4851636212585,2013.928688699664,1.0169443842687143,115
1010000,-2709944.7250611484,300.646671007348,2014.9965997350214,1.0164054225005168,115
1012000,-2710557.2549236696,300.6341585403067,2015.2719702919799,1.0162665389496037,115
1014000,-2710195.848224256,298.7183810812576,2018.9447223153372,1.0144178033473148,115
1016000,-2707095.947467489,301.00014219461815,2017.288637087696,1.0152505856809353,115
1018000,-2712524.565630099,300.2223447077342,2015.1976680429382,1.016304009660625,115
1020000,-2710204.464843804,300.66504503443133,2013.31647713456,1.0172536178741545,115
1022000,-2711673.401011111,300.50711580536006,2014.9181414286395,1.0164450000130751,115
1024000,-2709221.5822477415,300.2438701409818,2017.0671645727152,1.0153620594605375,115
1026000,-2708980.235862512,300.105210757317,2021.4429022003947,1.0131641453050284,115
1028000,-2711894.6764675044,300.05673360539146,2017.9783911959985,1.014903568455436,115
1030000,-2710930.40648471,302.88841667763717,2015.1724572986038,1.0163167240962854,115
1032000,-2711224.682037385,301.01612921062303,2016.638680785474,1.0155777977505962,115
1034000,-2711399.9429328106,300.0142152826521,2016.1779862493042,1.0158098562026128,115
1036000,-2712332.120985316,300.14620611078817,2015.1382073647073,1.0163339977405899,115
1038000,-2713530.926040599,299.46070985859734,2016.2023655755509,1.0157975733284768,115
1040000,-2713971.217697384,299.0795670901041,2015.997604050844,1.0159007461990648,115
1042000,-2714367.301817231,299.96914567413984,2017.8835218405245,1.014951283423305,115
1044000,-2712167.9756109137,299.9993832772054,2014.550307147871,1.0166305914645242,115
1046000,-2710523.277379168,300.45964372059024,2015.9966914212275,1.0159012060912422,115
1048000,-2713539.0505269337,300.5306686294406,2013.6811610182883,1.017069390099031,115
1050000,-2707559.634548506,300.45361862169847,2018.626925583958,1.0145775053001973,115
1052000,-2711540.4010496996,300.50618390116455,2014.3092236526459,1.0167522673489742,115
1054000,-2711654.4262420405,300.24720265964953,2017.118231399612,1.0153363538188351,115
1056000,-2710409.9120336976,299.5433102435614,2016.5413748558333,1.0156268033117837,115
1058000,-2710845.573063912,300.32436296585814,2016.7896338843022,1.0155017835679088,115
1060000,-2708092.7644568887,301.0781315788327,2016.3463657748873,1.0157250287222883,115
1062000,-2709791.6350103337,300.904134059054,2016.635716840365,1.0155792903934275,115
1064000,-2711139.7582225334,300.93109983863906,2016.02738325383,1.0158857400960792,115
1066000,-2712778.609193554,300.73604730091427,2016.6796947616806,1.0155571435615638,115
1068000,-2709842.7165683415,300.2903453423812,2014.594316865338,1.0166083827127552,115
1070000,-2711866.578872822,299.4533866376764,2016.84566163903,1.015473573038002,115
1072000,-2708544.3661605157,299.3962408559326,2016.1879313606705,1.015804845587288,115
1074000,-2709804.7889905684,300.5130852882864,2019.0574026318916,1.0143611903361889,115
1076000,-2712114.290512029,300.568030768405,2013.8995430672067,1.0169591017293522,115
1078000,-2711366.212174274,301.17415841376385,2013.9131304956713,1.0169522405302085,115
1080000,-2714320.3668966014,299.98303080110645,2014.6229458456426,1.0165939361080314,115
1082000,-2714007.0067092814,300.3212728381514,2015.3367324740232,1.0162338815591343,115
1084000,-2711248.5204987954,299.5232041442439,2016.4982046390862,1.0156485463657234,115
1086000,-2712678.0704658683,300.73651225269776,2014.3955844325758,1.0167086773413891,115
1088000,-2709361.718825713,301.59129898090396,2014.4327049813876,1.0166899421490985,115
1090000,-2708784.367069144,300.305454515717,2018.572138239308,1.0146050425907425,115
1092000,-2708161.5015950464,301.35159967232136,2016.781893522446,1.015505681040063,115
1094000,-2707238.2735331915,300.28877763371946,2016.5341800739131,1.0156304269614267,115
1096000,-2709167.813690951,300.2327044980342,2020.9514290126574,1.0134105356957355,115
1098000,-2711980.7084252145,300.36633896591457,2018.3898028277977,1.0146966990327746,115
1100000,-2708957.5545593537,300.12114237175246,2021.8862624222022,1.0129419781690534,115
1102000,-2710708.179374585,299.4197714962951,2016.3622120534123,1.015717046296505,115
1104000,-2710579.623516038,299.52238489759617,2015.29502460709,1.0162549131932064,115
1106000,-2713243.7511424404,299.8881008218719,2016.3576592757906,1.0157193397060185,115
1108000,-2712796.741279615,299.7908041894072,2014.1220187963377,1.0168467705420943,115
1110000,-2712510.332291998,299.941298200262,2015.2783505150744,1.0162633215244572,115
1112000,-2709921.8493377976,300.8013677428178,2014.5576559390638,1.0166268829551577,115
1114000,-2708471.552590383,299.8024495049776,2018.0163574282224,1.014884474425587,115
1116000,-2709863.8208404575,300.35128746644887,2018.3597127682585,1.014711826308599,115
1118000,-2710522.955776537,299.7245173287807,2015.1330134643358,1.016336617288527,115
1120000,-2710906.271032883,300.2918401164573,2011.3008017958437,1.018273083997242,115
1122000,-2712384.3790695686,299.84019506288047,2016.925977171003,1.0154331361051911,115
1124000,-2711967.7880334686,299.77705071467597,2014.0809175143143,1.016867521300183,115
1126000,-2706710.848999886,298.5265667658957,2015.0358312321239,1.016385633717722,115
1128000,-2709738.3784147445,299.5885625602051,2015.0431202651807,1.0163819571371029,115
1130000,-2711443.0217761956,299.9349598481882,2015.038228692773,1.0163844244381528,115
1132000,-2712813.13730553,299.362077785476,2017.4706326634168,1.0151590001520803,115
1134000,-2713205.7157819495,299.88144588849633,2013.8375088270955,1.0169904281322137,115
1136000,-2711939.3907215167,300.6698813504569,2018.100528856015,1.0148421453770406,115
1138000,-2710699.5064128637,299.6607182338248,2015.6661933447458,1.0160677780145186,115
1140000,-2713860.6717887335,299.9015390211061,2015.108973341898,1.0163487421200081,115
1142000,-2710458.476670118,300.5738748613144,2016.7794321858275,1.015506920392904,115
1144000,-2708338.4304138273,300.2604465870235,2014.474634055802,1.0166687808658936,115
1146000,-2711567.5873139836,300.365502424095,2013.5005833999662,1.017160604360227,115
1148000,-2711152.5867198184,300.2502446148331,2011.6774596700893,1.0180824269048854,115
1150000,-2713030.565574974,300.8153012667986,2016.6236339745283,1.0155853753703692,115
1152000,-2711504.196733039,299.6772640948752,2015.0587846793242,1.0163740561130605,115
1154000,-2710119.689441882,301.28184520265154,2016.4218954128853,1.0156869824464074,115
1156000,-2709290.4902328867,298.72762879514136,2017.9680274623695,1.01490878072347,115
1158000,-2712448.665939437,300.27607782188784,2015.8779004067042,1.0159610707957973,115
1160000,-2708712.068624815,300.4862925723742,2013.9418787692557,1.0169377239140434,115
1162000,-2709902.122095704,300.0779431856285,2012.4782459067233,1.0176773212115031,115
1164000,-2710763.006255839,300.1693220840237,2016.3450813325696,1.0157256757544963,115
1166000,-2711231.416903531,300.9487972670071,2015.987306723785,1.0159059352507063,115
1168000,-2710631.8971061576,301.30553765517055,2021.8544683876871,1.0129579068685315,115
1170000,-2710696.9633211587,301.1242005256948,2016.847204086815,1.0154727964224208,115
1172000,-2711911.6697208695,300.4372666951726,2012.8844351365187,1.0174719594132462,115
1174000,-2709906.728885714,300.6424278577248,2017.6102930978293,1.0150887301165614,115
1176000,-2711391.311312394,300.6516628773095,2010.5135007317463,1.0186718316218069,115
1178000,-2710744.688151099,301.22685563720376,2015.03608610666,1.0163855051588249,115
1180000,-2708748.0991166662,299.96336939066924,2017.4784215909617,1.0151550809032723,115
1182000,-2709543.468025431,299.95335315702346,2021.2163575561522,1.0132777041083696,115
1184000,-2710208.348225007,299.9347520029552,2017.6087676425673,1.0150894975956037,115
1186000,-2709953.1689168047,300.3941489654543,2019.3588247981597,1.0142097804215096,115
1188000,-2709766.3333735913,301.0723476064445,2018.0841838678139,1.0148503648472815,115
1190000,-2712023.3828476947,300.6182118954318,2014.8909448544518,1.0164587197738995,115
1192000,-2711055.198604647,300.256704452649,2015.2845996692563,1.0162601702146192,115
1194000,-2711704.9639308862,298.9223285520998,2016.1016259729936,1.015848330216174,115
1196000,-2710227.1582201775,299.22614766869344,2017.9801388311387,1.0149026895165871,115
1198000,-2712947.649028249,301.23014650963887,2016.8447893222694,1.0154740122461268,115
1200000,-2708716.269582076,299.0123129524725,2016.6963884018755,1.01554873706783,115
1202000,-2708689.50998549,299.05480542281674,2016.952263757006,1.0154199021427708,115
1204000,-2710443.4463014025,299.92173217652845,2016.1786656121544,1.0158095139197136,115
1206000,-2710750.295586556,300.58316936011755,2015.5839615665907,1.0161092315395046,115
1208000,-2712485.561909266,300.04810106049587,2014.4140286198242,1.0166993682495367,115
1210000,-2711033.6220921576,300.5315046429102,2016.5486779140795,1.015623125155247,115
1212000,-2711016.4741422962,301.19604163305047,2015.901541540823,1.01594915628934,115
1214000,-2710386.625645831,301.1621683586121,2015.9007744473051,1.0159495428798022,115
1216000,-2709701.8464298956,301.05668684857505,2015.4590760233086,1.0161721935489667,115
1218000,-2708377.496937204,299.7288847725681,2013.9423864455591,1.01693746756352,116
1220000,-2711467.5610404946,301.9066522844285,2015.5971177448353,1.016102599205072,116
1222000,-2710578.966431653,301.10873926744574,2017.7599209704579,1.0150134557662098,116
1224000,-2712629.858050326,300.13395028594584,2012.2694870244015,1.0177828981143535,116
1226000,-2713344.9382065237,301.08018566102766,2013.425347099575,1.0171986129215504,116
1228000,-2711845.596553754,299.1956667822026,2017.2033511757345,1.0152935097480695,116
1230000,-2710430.058763709,300.1510144100738,2013.7193701198505,1.0170500918252998,116
1232000,-2711708.703980997,301.33115664731804,2013.1088453195055,1.0173585372954472,116
1234000,-2710611.4260916114,300.0103019313235,2015.402749066255,1.0162005937719651,116
1236000,-2709899.0153062902,299.7593445107911,2014.5993985998145,1.0166058183647904,116
1238000,-2709748.903741326,299.2754250262609,2013.4740770855167,1.017173994738147,116
1240000,-2710092.4789677225,299.8122732242857,2017.204607715436,1.0152928773101904,116
1242000,-2710216.688495841,300.55341724711184,2015.1490749985335,1.0163285166841909,116
1244000,-2710414.3531953506,300.99229574780605,2017.7806984692593,1.0150030039659343,116
1246000,-2710383.978053542,300.23381877821237,2015.2641417732834,1.0162704867505075,116
1248000,-2711803.2329734173,300.54589566041113,2012.0190959412432,1.0179095588218952,116
1250000,-2711629.405428376,300.337688561722,2014.9944083061505,1.0164065279031809,116
1252000,-2711082.9531946443,300.29233144206086,2016.9025355336823,1.015444938071266,116
1254000,-2709580.031161653,300.006046814979,2012.9053996453595,1.0174613623926947,116
1256000,-2710730.584021667,299.8998321783736,2015.9572859009281,1.0159210637121745,116
1258000,-2711180.381321242,299.8169343683193,2015.177195198195,1.0163143346257204,116
1260000,-2710566.0264832787,299.6496072507148,2011.2372778033393,1.0183052456782475,116
1262000,-2706857.0314394683,299.59308825907726,2019.1197972006892,1.0143298446829174,116
1264000,-2710254.5013511814,300.8542519816067,2013.8439994665657,1.0169871503618326,116
1266000,-2712625.315793339,300.2526967150587,2016.9352095387715,1.0154284880371163,116
1268000,-2709867.9505596384,300.466195103611,2013.0081620736705,1.017409421818244,116
1270000,-2712432.556577489,298.8999433808617,2016.618438333863,1.0155879919370805,116
1272000,-2713745.726081727,301.2531581576623,2015.3085943081278,1.0162480704320584,116
1274000,-2712027.327248998,300.4937318567823,2016.077586431092,1.015860443107396,116
1276000,-2711709.2349101063,301.7085595585202,2012.9570910708846,1.0174352346483566,116
1278000,-2711693.8640365787,298.9757729550267,2013.936143540031,1.0169406199199431,116
1280000,-2709959.793135684,300.4346738174236,2014.8770583991488,1.0164657251683582,116
1282000,-2710236.644569436,300.73352163116766,2014.2321313734965,1.0167911823024192,116
1284000,-2709255.019145364,300.9481673362916,2014.9731674113245,1.0164172423804299,116
1286000,-2712790.079599738,299.6836415372491,2017.605937876176,1.0150909212958867,116
1288000,-2712215.8844014257,301.41414466997463,2017.497984600571,1.0151452372807486,116
1290000,-2709429.549494531,300.148768037341,2016.9769972556192,1.0154074503960353,116
1292000,-2710776.151985107,300.90683272888214,2016.869136157051,1.015461753851391,116
1294000,-2710637.261121232,300.69218888576347,2016.0797830214453,1.0158593362914514,116
1296000,-2711382.405535165,300.05420315269,2019.5744626805435,1.014101489267415,116
1298000,-2712217.529117441,300.3792869560762,2015.0227919524762,1.0163922107830339,116
1300000,-2711892.3806839585,301.18675735117614,2014.4941470483855,1.0166589331081277,116
1302000,-2711954.191591516,300.02742858268687,2015.8608463692292,1.015969665753235,116
1304000,-2711185.9298062343,300.5357834935272,2015.2543579225994,1.0162754206382116,116
1306000,-2709878.208345594,301.6025940918825,2016.1708527006138,1.0158134503072789,116
1308000,-2712400.4271433614,300.697482706957,2013.6923816119488,1.0170637228370127,116
1310000,-2710749.2961990554,302.25491728720664,2018.600956277334,1.0145905578424774,116
1312000,-2711250.4939001054,299.91701416142064,2015.648110449315,1.0160768934187825,116
1314000,-2709509.304188652,300.1144530559423,2018.7413115893864,1.0145200172667566,116
1316000,-2709095.5545869693,299.8655928774041,2019.930045414499,1.0139229697286418,116
1318000,-2710355.790038543,299.9948484625187,2017.9236097952312,1.0149311204593148,116
1320000,-2709681.346995646,300.3306113562587,2014.0497246340578,1.0168832701798858,116
1322000,-2711680.9013306573,300.07512103134695,2015.0809289930455,1.016362886881278,116
1324000,-2711579.8344069794,300.3699901220287,2017.3693130631218,1.0152099851172354,116
1326000,-2711470.0583225787,300.45927237809417,2016.5602225041662,1.01561731082224,116
1328000,-2709182.075622335,300.4861790611344,2019.3205659843547,1.0142289960249167,116
1330000,-2711487.628435055,300.8451907098191,2014.4146065012496,1.0166990765858053,116
1332000,-2710934.020883484,299.0227557020651,2017.4567631069576,1.0151659791393501,116
1334000,-2711536.670820765,301.1037677939164,2011.568356173111,1.0181376456861146,116
1336000,-2707536.6170267016,300.43938940872255,2020.0082784470242,1.0138837014397366,116
1338000,-2710271.9412161596,299.5285600844512,2020.22590281105,1.0137744830620221,116
1340000,-2709579.8148497995,300.80330973955927,2020.4728650977834,1.0136505694629365,116
1342000,-2711596.464363238,301.38777652231784,2014.9721380652115,1.0164177616159655,116
1344000,-2709551.2016054336,300.5737050036418,2017.1484211396087,1.0153211577429242,116
1346000,-2710377.111086229,300.03657780797397,2017.151662655523,1.0153195261453838,116
1348000,-2709946.9192423355,300.30816775238407,2017.7659501705905,1.0150104228479164,116
1350000,-2709065.3737917356,300.2593879181136,2015.475782181957,1.016163770558212,116
1352000,-2707080.591481097,301.56177042839795,2019.3530280955977,1.0142126917858678,116
1354000,-2708975.783336019,299.18568696882295,2020.1790879893783,1.013797975866161,116
1356000,-2710940.518217871,301.2568515046908,2016.5173703980213,1.0156388932501648,116
1358000,-2710632.936032947,300.39334577538256,2018.4693931531556,1.014656688497718,116
1360000,-2710451.392372828,300.0033701555382,2013.6199482651596,1.0171003083552512,116
1362000,-2709870.518625565,299.2772260201938,2015.5404856442215,1.0161311493756304,116
1364000,-2709553.463802485,300.5191616114135,2018.2043652379507,1.0147899318656508,116
1366000,-2708320.1886363253,300.9494321008493,2017.8109799020824,1.0149877717436964,116
1368000,-2709669.5848110244,300.7561689349979,2018.3200197355034,1.014731782009065,116
1370000,-2710908.4502173495,298.98798403412184,2014.694450286743,1.0165578557082382,116
1372000,-2711513.2055705097,299.4994548402244,2014.9028032380786,1.016452737570976,116
1374000,-2709250.563846359,301.64070173089937,2020.2970181197286,1.013738797771866,116
1376000,-2710376.510294419,299.56239590133606,2020.3004414802308,1.0137370800108394,116
1378000,-2709204.790644858,300.5804890995088,2015.4465629944361,1.0161785025190135,116
1380000,-2707124.0440780465,300.07310987507003,2019.0024259722443,1.0143888110013266,116
1382000,-2713486.6323939357,299.1529195413935,2014.25812809325,1.0167780592398654,116
1384000,-2711860.430396406,300.5783921829003,2014.8842815494413,1.0164620812446017,116
1386000,-2710568.1952864695,299.8501423245137,2011.0639434178477,1.0183930138044575,116
1388000,-2711767.3315267246,300.3633740015979,2016.3797118610864,1.0157082310654963,116
1390000,-2711887.8034715205,300.7682011364515,2012.2535582268322,1.0177909547818085,116
1392000,-2713284.360287171,300.8816080729772,2015.29107875611,1.0162569029754704,116
1394000,-2707622.145177301,299.1858847766959,2019.3142425890242,1.0142321720392107,116
1396000,-2713515.4622662105,300.4761787157411,2015.8752977389152,1.0159623824886173,116
1398000,-2712745.4343047906,299.91131868353085,2016.61100145182,1.0155917372345595,116
1400000,-2709124.175806895,300.3607145641839,2015.1909831473197,1.0163073809967802,116
1402000,-2707727.747802755,299.64404384142694,2016.1543704964477,1.0158217546538744,116
1404000,-2712349.2058974877,299.9207752112279,2016.5194337239966,1.0156378540367186,116
1406000,-2708169.5894218814,299.9890761099704,2016.6205842026445,1.0155869112585514,116
1408000,-2709833.7025819216,300.2461352388535,2018.0976352875568,1.0148436004678008,116
1410000,-2708024.970875863,300.6024846749995,2016.190584531051,1.0158035088568471,116
1412000,-2711004.911745012,300.44180892197124,2013.147134529595,1.0173391875648177,116
1414000,-2712379.941850573,300.0571624207496,2013.0121681103021,1.0174073971015145,116
1416000,-2713685.614931712,300.5067079855747,2017.5494002127468,1.0151193671266814,116
1418000,-2709258.9646007363,300.15641117288783,2015.797633902227,1.016001525076756,116
1420000,-2706120.098084161,300.6899345403004,2019.3803209686273,1.014198984225219,116
1422000,-2710080.6802084018,299.5264057012233,2017.6192403016812,1.0150842286697004,116
1424000,-2711018.5158261787,300.5079808353937,2014.9586138530376,1.0164245837161177,116
1426000,-2713521.0837048218,300.2862220348427,2014.4251585102252,1.0166937508889253,116
1428000,-2710541.8501468804,298.9372606931414,2016.4280833035143,1.0156838655685911,116
1430000,-2708715.6620632503,301.59759784130955,2016.8843266899498,1.0154541057156128,116
1432000,-2710027.950272063,301.4149238163235,2017.6665531561878,1.015060425662039,116
1434000,-2714053.0643657465,300.67415925839333,2014.4890661715322,1.0166614972912387,116
1436000,-2709917.185709141,300.96619243314353,2016.5580653387324,1.0156183972549069,116
1438000,-2708926.6611447893,300.24867858759586,2016.6666703912313,1.0155637024007833,116
1440000,-2710465.489179166,301.6421762583678,2017.3357599292437,1.0152268704950793,116
1442000,-2708440.4606360737,300.2401788608199,2017.6884401241514,1.0150494147474816,116
1444000,-2714439.710479796,299.89037626749507,2014.7577322015493,1.0165259264461775,116
1446000,-2710148.05308488,299.7039655104369,2014.9099818811387,1.0164491161926237,116
1448000,-2708986.7586980164,300.16608893982857,2017.2505712159416,1.0152697436373859,116
1450000,-2709613.4596160576,299.4760938569831,2019.22858751503,1.0142751954652258,116
1452000,-2711649.1526577305,299.1729754693974,2016.552516264568,1.015621191995814,116
1454000,-2711429.8178061247,300.228579421468,2019.1429694527542,1.0143182039486092,116
1456000,-2710917.850102652,300.53372615568156,2015.255195648726,1.016274998180315,116
1458000,-2710297.7424758263,300.8880819839791,2018.968118977062,1.0144060478421293,116
1460000,-2710504.831713952,300.18877810935686,2016.6432708149662,1.0155754862202868,116
1462000,-2709201.4388421588,300.5267315139374,2018.585382730075,1.0145983854895695,116
1464000,-2711340.0704735965,301.39757114290023,2016.0430947467114,1.0158778230621548,116
1466000,-2713119.139901234,300.60116540511063,2013.2324802524674,1.017296060132084,116
1468000,-2709863.371869454,301.5471193318163,2012.8028934650886,1.0175131787320744,116
1470000,-2711004.165006766,300.30081134461784,2016.8032054628557,1.0154949499997206,116
1472000,-2713295.88889141,300.773226861507,2016.0095001652778,1.0158947515489756,116
1474000,-2709061.396275237,299.7915780877583,2017.3891397911968,1.0152000077202539,116
1476000,-2708536.4569882005,300.14098414828663,2016.776467615331,1.0155084131423007,116
1478000,-2709710.0205922816,301.4999644489385,2017.4977664329942,1.0151453470562242,116
1480000,-2710331.70162756,300.1205078416284,2016.802981431862,1.0154950628031747,116
1482000,-2710187.15974126,299.3687071218667,2018.0847521770174,1.0148500790571022,116
1484000,-2712625.877633469,299.72167044766974,2016.743493754815,1.0155250167574215,116
1486000,-2713720.1464294177,300.23291417033096,2013.52819885108,1.0171466540470597,116
1488000,-2711852.551647503,300.114169422273,2015.7052409640758,1.0160480950633592,116
1490000,-2709739.9421697445,300.7307820428779,2017.4466885363574,1.0151710485973866,116
1492000,-2709390.7516330592,300.6005310298294,2017.332658149349,1.015228431472285,116
1494000,-2712691.5925634876,299.268470880722,2017.293034362502,1.015248372648051,116
1496000,-2711145.967161866,299.24828690673667,2015.0206211273119,1.0163933057642787,116
1498000,-2709374.4531883523,300.7291637755909,2014.0689813865472,1.016873547638292,116
1500000,-2712745.8064837717,299.71831130957423,2015.1170373756188,1.0163446749267004,116
1502000,-2710737.7327551506,299.95383185056244,2016.701423751643,1.01554620142074,116
1504000,-2711573.412786804,301.08346464771654,2016.8102673828027,1.0154913942145485,116
1506000,-2711786.596532285,300.92409242933826,2016.3975760400501,1.0156992324464589,116
1508000,-2710961.6301294696,301.12247845016026,2017.637372619079,1.0150751062031613,116
1510000,-2708628.580452075,301.12307762709844,2019.4612064682692,1.0141583625032902,116
1512000,-2710507.4342827834,300.4590926830289,2017.668851618507,1.0150592693384242,116
1514000,-2710795.6482415423,301.44211660478754,2017.2139724649317,1.0152881638967448,116
1516000,-2708840.9799869657,300.156820566284,2019.595098914155,1.0140911271729292,116
1518000,-2711225.3439309355,300.04040700562723,2011.628802960824,1.0181070519950515,116
1520000,-2713065.173041489,300.1524854175775,2017.2693592050948,1.0152602878466437,116
1522000,-2709459.187045479,299.6920900682349,2014.3906102540457,1.0167111879222313,116
1524000,-2705992.1323786173,300.03927625991605,2018.0877465659012,1.0148485732475554,116
1526000,-2708409.527602302,301.14271099939725,2016.7520727281162,1.015520696860036,116
1528000,-2708086.8239635043,301.21527372037616,2013.030877838097,1.0173979410044094,116
1530000,-2710788.487049522,300.41273118279713,2015.6231943316482,1.016089453649041,116
1532000,-2713436.005197007,300.14048920616517,2011.570674305015,1.0181364723853754,116
1534000,-2713755.288810076,300.9607141346818,2012.8979842866422,1.017465110640764,116
1536000,-2708703.727654159,300.68261318662087,2018.5100009622,1.0146362759235754,116
1538000,-2708707.5539639667,299.54170996092614,2016.3186745429068,1.0157389782421502,116
1540000,-2708869.457086608,301.2042094688841,2016.7915401215473,1.0155008237328027,116
1542000,-2712876.3134378344,299.30743856655107,2016.689979261582,1.0155519645318418,116
1544000,-2709126.686508622,299.9790733938282,2017.2852327542387,1.0152522989991515,116
1546000,-2711203.2228687964,299.9800629839156,2014.739740231059,1.0165350041965717,116
1548000,-2709529.811981352,300.57766897182705,2017.4292463058662,1.0151798255334055,116
1550000,-2710432.207605589,300.98559668896905,2017.1845636998376,1.015302965899324,116
1552000,-2713800.159392439,299.68143896443485,2016.4208158650297,1.0156875262231306,116
1554000,-2710209.749818865,300.1767987913599,2017.442049780225,1.0151733828061573,116
1556000,-2712633.4547496866,299.61392778760944,2014.917838997765,1.0164451525772862,116
1558000,-2711575.2532360703,300.2177042946344,2013.107589546375,1.0173591719219928,116
1560000,-2714752.53911509,300.450347121522,2012.4270749200305,1.0177031982001954,116
1562000,-2715005.3990475778,299.33756583657345,2011.5832612478384,1.0181301016694269,116
1564000,-2711267.827909168,301.16199684246715,2014.8212061057748,1.0164939023295447,116
1566000,-2710758.1025800165,299.2952162358416,2018.0342769888912,1.0148754625450067,116
1568000,-2709012.257942155,299.6335597515018,2018.274945480959,1.0147544440743794,116
1570000,-2711848.108525781,300.5570170085654,2014.2270516471601,1.0167937465718957,116
1572000,-2710200.2133353576,300.3137020751619,2016.1835261615897,1.0158070650392939,116
1574000,-2709544.3319663983,300.10201035420044,2016.7552591196172,1.015519092378529,116
1576000,-2710829.566396551,300.4073277398042,2017.3248385985942,1.0152323666988265,116
1578000,-2708527.975760201,300.75031140556536,2018.917088176304,1.0144316882972118,116
1580000,-2714599.2139419653,301.04747973913493,2017.4983658667604,1.0151450454389297,116
1582000,-2711520.8677663207,299.89870434465894,2015.7103584462843,1.0160455155220935,116
1584000,-2713136.9562580064,299.7406403196458,2016.1404183602326,1.0158287843643856,116
1586000,-2710399.2386180144,300.4665122059387,2015.5294044593784,1.0161367359659657,116
1588000,-2710964.8429089785,299.9118938542749,2016.793917985175,1.0154996264253084,116
1590000,-2710839.49215273,300.0664108681256,2018.0897794876691,1.0148475509403336,116
1592000,-2711757.966180144,300.81647543536855,2012.8095037250537,1.0175098371209497,116
1594000,-2712526.4070310667,300.38857367148347,2013.4429042759389,1.0171897429727645,116
1596000,-2712852.2110038605,300.7853182607709,2015.2219997495054,1.0162917388483028,116
1598000,-2711491.6381573156,300.43353585949285,2013.8100268950154,1.017004306731237,116
1600000,-2712123.0795509424,299.79584600755237,2011.1507681914613,1.0183490480589392,116
1602000,-2711743.201946713,300.16594218327657,2019.515516088244,1.0141310893504856,116
1604000,-2712938.67015134,299.92663107624315,2013.1643100136034,1.0173305080482675,116
1606000,-2709056.538088737,300.42754490932174,2019.8270891007808,1.0139746522572703,116
1608000,-2709817.691222649,300.8486778135833,2016.5645402311904,1.0156151362534513,116
1610000,-2711655.301614467,300.16796920346883,2013.4938170487108,1.0171640225311067,116
1612000,-2710725.1475178804,300.2929400043612,2013.7326420461598,1.0170433887438732,116
1614000,-2712361.4897315875,300.52056525050483,2013.2068436423635,1.0173090145994983,116
1616000,-2709855.170748038,299.8366474918228,2017.925876010169,1.014929980649328,116
1618000,-2710031.7296673264,300.1572010690442,2017.5231657534616,1.015132567028501,116
1620000,-2710011.574063616,299.481914285804,2018.6552012587395,1.014563293926426,116
1622000,-2708918.050713524,300.83525246770006,2018.6104407845366,1.0145857907555451,116
1624000,-2710672.539575804,299.80479190040006,2017.5044277496777,1.015141995289287,116
1626000,-2709384.293053236,300.0885834355578,2017.9473756097482,1.0149191673900484,116
1628000,-2709948.6382839177,301.2777362243655,2020.4373031461776,1.0136684108443248,116
1630000,-2712695.892737938,301.06921653201437,2016.1638632564704,1.0158169718322405,116
1632000,-2710155.0650210176,300.6378909232216,2015.5760685702915,1.0161132106234645,116
1634000,-2711576.2184313536,299.95312673374525,2017.7799505729843,1.0150033801798841,116
1636000,-2709870.982736673,300.1248626427799,2014.6219590223743,1.0165944340667408,116
1638000,-2710323.1331358086,301.34656331224073,2013.818835637372,1.016999858203517,116
1640000,-2708173.138135718,298.9263166676008,2016.8049257706418,1.0154940837960305,116
1642000,-2709426.707469946,299.5219801707233,2018.6208389043052,1.014580564521691,116
1644000,-2709586.2557075564,301.035086079723,2017.5611873093349,1.0151134365456886,116
1646000,-2708749.056542307,301.64919867392905,2016.788725358024,1.0155022410328105,116
1648000,-2711005.179353375,300.083553750621,2015.0275874569475,1.0163897919013167,116
1650000,-2707378.478785483,299.32013859624703,2017.3446744410567,1.0152223842751267,116
1652000,-2713433.511603629,300.46950117610737,2014.118769113368,1.0168484111750518,116
1654000,-2712008.266771214,300.60928488745515,2019.0018214706715,1.0143891147155806,116
1656000,-2709731.9702033177,299.4882028048432,2014.092755376044,1.0168615446453926,116
1658000,-2714442.0147025324,300.5524575729448,2012.2108342671243,1.017812564873059,116
1660000,-2714372.9930607583,298.73503763140707,2014.389066383952,1.016711967151042,116
1662000,-2713825.63159569,299.1550429240827,2016.6980759807198,1.015547887253679,116
1664000,-2713744.224123325,301.07088862143956,2012.5708472133135,1.01763049640046,116
1666000,-2710160.9462679382,299.9421418729153,2012.315242105019,1.0177597562439447,116
1668000,-2710487.8903556485,299.888158474732,2016.533937209864,1.0156305492802795,116
1670000,-2708984.3870265894,299.85923409688365,2016.4376755276141,1.015679033945293,116
1672000,-2709037.4769011308,299.30743795882955,2016.5634149200562,1.0156157030013218,116
1674000,-2708984.0793508105,299.59838326584537,2017.1100450815475,1.0153404744994865,116
1676000,-2711491.648156708,300.96494183617955,2017.3449081841334,1.0152222666446695,116
1678000,-2709558.0217738654,299.870472172207,2016.866049122764,1.015463308126774,116
1680000,-2710732.1767484173,301.2496323707539,2017.1798709223176,1.0153053279053121,116
1682000,-2709362.435634125,299.69368554677624,2015.5057206968736,1.0161486763642884,116
1684000,-2712055.5278767888,301.262847454524,2017.7011708020996,1.0150430102970172,116
1686000,-2710386.7694637775,300.5790310854619,2015.022178372143,1.016392520277529,116
1688000,-2709735.7261781264,300.8800564192591,2018.7784133499988,1.014501372090759,116
1690000,-2711841.316375723,300.4934941116782,2014.9902613645377,1.0164086197140483,116
1692000,-2710968.9545630794,300.8323630980501,2016.0830545246308,1.0158576878538799,116
1694000,-2713949.642099783,300.06639712766946,2015.7445433563419,1.0160282844574346,116
1696000,-2712478.072350871,299.86337476124345,2014.182954078961,1.0168160077728918,116
1698000,-2712779.367881473,300.36293390190076,2014.9202176873546,1.0164439526253073,116
1700000,-2709582.783737708,301.05667948975236,2015.3221623335485,1.0162412286080014,116
1702000,-2706945.890167201,300.15702818908727,2016.9759739721417,1.0154079655482633,116
1704000,-2711506.45823496,300.7122187868972,2015.1022144835165,1.0163521510573639,116
1706000,-2708727.2349167485,299.41237720078084,2014.5348761324647,1.016638378692487,116
1708000,-2709759.0103618093,301.11487481077125,2018.9694191334074,1.0144053945947609,116
1710000,-2711006.8653432652,300.10778150857425,2016.3434828196682,1.0157264809995405,116
1712000,-2710169.0883670654,300.0020159729203,2017.6530359249407,1.0150672260416183,116
1714000,-2711842.8838605545,299.8942601144324,2018.8642619412958,1.0144582322346998,116
1716000,-2707450.3903002143,300.05157383142534,2016.7771082340867,1.0155080905713365,116
1718000,-2712032.9817098994,300.2359142907828,2015.5015162242578,1.0161507961192222,116
1720000,-2710775.507634474,299.65028542056814,2017.387939258589,1.0152006118582526,116
1722000,-2713160.694777226,301.1121987278679,2013.8734811494855,1.0169722623894843,116
1724000,-2706492.0684494935,301.24938775171137,2018.450151535497,1.014666361085391,116
1726000,-2708235.735181762,300.52746808670616,2018.3079044929834,1.0147378731122136,116
1728000,-2707435.4835485164,299.2069813968595,2018.6521613071332,1.0145648217891128,116
1730000,-2710344.158051392,298.8163851138436,2016.6826775478032,1.015555641495925,116
1732000,-2709338.787738396,301.564759991349,2017.3734665964735,1.0152078949199554,116
1734000,-2713399.036418235,301.16268951597505,2015.326227863094,1.016239178538547,116
1736000,-2712955.9897962287,300.710164058538,2013.8716789256068,1.016973172483069,116
1738000,-2712966.4778559674,300.2639782266706,2014.487066926047,1.016662506260689,116
1740000,-2711094.882760139,299.9659354373401,2016.2355574044525,1.015780850987117,116
1742000,-2713296.2343874797,300.67625571036103,2014.5288459309127,1.0166414218528474,116
1744000,-2711585.3692559097,299.3497222079137,2015.8904080181649,1.0159547672555442,116
1746000,-2713447.3027974293,298.98195242124683,2013.05419533071,1.017386156339581,116
1748000,-2715642.133301245,299.39188181145266,2013.767575372362,1.0170257458396494,116
1750000,-2711641.432385873,298.71141602183906,2015.9194157960505,1.015940148322863,116
1752000,-2712689.4042643327,299.7367328381952,2012.5654228472563,1.0176332391686012,116
1754000,-2709558.467517182,300.78522487847107,2014.2102729507224,1.016802216627799,116
1756000,-2709965.648340866,300.98614612422546,2018.7729808775678,1.0145041020910053,116
1758000,-2708689.1066603605,299.6294410289505,2016.083540033751,1.0158574432171064,116
1760000,-2711923.942579875,301.25832837392375,2015.1493461267476,1.0163283799422982,116
1762000,-2709952.1023027096,300.6346094040189,2016.3351739164043,1.0157306665998227,116
1764000,-2711284.1796430666,301.50517096801553,2020.9324189755903,1.0134200684102719,116
1766000,-2714888.5888484977,299.9298212249992,2016.323643424075,1.0157364751289732,116
1768000,-2711949.691966269,299.7106004516994,2015.3657156570482,1.0162192669944639,116
1770000,-2708273.0534729864,300.30333517459235,2019.3840174918403,1.0141971277135033,116
1772000,-2711181.658685783,301.05135189677316,2016.1815795587443,1.0158080457907022,116
1774000,-2711676.4414746016,300.41021627022405,2016.2537537799078,1.0157716837234678,116
1776000,-2712946.0620051473,300.17968069632013,2012.3530899714985,1.0177406144563756,116
1778000,-2711629.7938596997,300.9588132572136,2016.7966407168176,1.0154982554725258,116
1780000,-2712522.8003504034,301.1339325495218,2015.6370977873935,1.0160824448701453,116
1782000,-2710979.4118741285,300.11298761814817,2013.3407788697284,1.0172413392632609,116
1784000,-2711032.6867017765,301.98291738519384,2016.962429817277,1.0154147841396919,116
1786000,-2709765.3797658477,300.1282363058893,2015.5136591279502,1.0161446740960853,116
1788000,-2710746.673617972,300.2776882232205,2017.7111528051348,1.0150379886850804,116
1790000,-2708246.230860928,299.5033716390599,2014.802626149938,1.0165032761568211,116
1792000,-2708821.1714130454,300.16808559713957,2017.0170632542638,1.0153872803566872,116
1794000,-2712949.9548416287,299.8053998133742,2014.9000815672796,1.016454110566967,116
1796000,-2714441.3443965744,299.8026815962309,2013.7556365516998,1.0170317754133316,116
1798000,-2710407.985614462,300.8701156019115,2012.6006339856908,1.0176154353260232,116
1800000,-2713396.263516292,300.6872045489442,2014.802709774648,1.0165032339666893,116
1802000,-2712551.8691318,300.58614675262504,2017.172398841398,1.0153090888350038,116
1804000,-2709854.945006309,298.142218834887,2016.7511134736676,1.0155211798857997,116
1806000,-2709908.748819489,300.1678145787125,2014.0720017662595,1.0168720226956727,116
1808000,-2713795.794800898,301.2006454922947,2015.5342486746986,1.0161342937424471,116
1810000,-2708286.3316337075,300.01753881181645,2017.494551496358,1.0151469647200562,116
1812000,-2710136.907747928,299.8280659674812,2016.8594403392087,1.0154666355659985,116
1814000,-2709435.9381714333,299.3596022308094,2018.4716092270794,1.0146555745091839,116
1816000,-2708101.374109242,300.46701304789894,2020.413992546132,1.0136801060805443,116
1818000,-2708360.6543084215,299.17813779500216,2019.2795968993598,1.014249573677465,116
1820000,-2711067.4306443334,301.00470998139116,2012.7537655081012,1.017538014528949,116
1822000,-2708858.2033810485,300.4060901099291,2018.1211462394294,1.0148317776200528,116
1824000,-2713574.02815466,300.37906139975433,2015.5672285094486,1.0161176671865988,116
1826000,-2709708.4917342197,300.32778080557864,2016.7218585238973,1.0155359112286382,116
1828000,-2712760.540147176,300.1349466989132,2012.1001955447825,1.0178685310133189,116
1830000,-2712000.169418007,299.8248420584741,2018.1882766746219,1.0147980215529575,116
1832000,-2709131.2067143936,299.09618203611586,2018.1740370906045,1.0148051816399584,116
1834000,-2710535.299217837,300.5818868971874,2018.2231444294032,1.0147804894338428,116
1836000,-2709369.1650135685,300.1271867260918,2019.0648814774265,1.0143574330271845,116
1838000,-2709766.0646051615,300.9901735340152,2015.813094162128,1.0159937328624464,116
1840000,-2709314.554346239,300.920981740048,2014.2250371032985,1.0167947635265868,116
1842000,-2708573.8732235786,299.6994794164004,2017.3529092984727,1.01521824012586,116
1844000,-2710032.8627945557,301.1197401224741,2017.897961863443,1.0149440204595324,116
1846000,-2713107.685631411,299.93116187570917,2018.1950676999204,1.0147946068587352,116
1848000,-2708834.4921924863,301.64398655806934,2015.6256911534877,1.0160881949856146,116
1850000,-2710727.5954645276,300.8546810213367,2016.8562699572767,1.0154682318210821,116
1852000,-2712517.3183104936,300.2013518477049,2015.5006689628804,1.0161512232812355,116
1854000,-2710478.6516790707,300.4055175137483,2012.5460320941952,1.0176430440001591,116
1856000,-2708689.415152887,300.00446579347204,2017.0446175513316,1.0153734094276465,116
1858000,-2709836.734310016,299.7934829740951,2015.166537360438,1.0163197097215686,116
1860000,-2712529.9746054355,299.321112329927,2018.9576844498908,1.0144112905708649,116
1862000,-2713839.7192514855,299.19700237937525,2014.6741034589734,1.016568122245924,116
1864000,-2712821.785915384,299.4217924488886,2017.061104612206,1.0153651099650407,116
1866000,-2711589.284842888,301.1601737743789,2018.8795894394937,1.0144505303852147,116
1868000,-2710433.188740624,299.99839536774886,2019.0772639084169,1.0143512122593425,116
1870000,-2710929.6144372597,299.14565765228184,2016.1363912832333,1.015830813404063,116
1872000,-2711574.67647909,299.4473610119651,2014.9197697797667,1.0164441785762188,116
1874000,-2710074.411636181,300.3549052744951,2014.136404387516,1.0168395079049162,116
1876000,-2711749.0036667287,300.9617370276059,2016.1803463301553,1.0158086671257553,116
1878000,-2710222.513135543,299.7717455471397,2017.107923839343,1.0153415422574588,116
1880000,-2709967.0093735456,300.3702694425968,2013.2863170493788,1.0172688568669928,116
1882000,-2709893.7160634007,299.9326259963243,2015.6828039117813,1.0160594049401903,116
1884000,-2713849.6439705174,300.9692717501223,2017.0134923825347,1.0153890779736825,116
1886000,-2708414.221431032,300.73499919252606,2019.7319882584486,1.0140223961381882,116
1888000,-2711661.984809799,299.8002596004325,2018.3565851242718,1.0147133987053525,116
1890000,-2711425.9092986826,301.0962427848814,2016.5019185559383,1.0156466757827016,116
1892000,-2709602.196659185,301.0901998943711,2014.6939499344514,1.0165581081719202,116
1894000,-2713451.7722582873,300.96306685107857,2012.717639188339,1.0175562783444825,116
1896000,-2711248.996561123,301.2891810746588,2011.7109490679113,1.0180654786611896,116
1898000,-2710964.247232992,300.38010365926766,2009.516029122831,1.0191774738839827,116
1900000,-2707163.9485497046,300.3907115255358,2018.7230778710896,1.014529180718844,116
1902000,-2710293.654273363,300.8412457511572,2019.5228283282229,1.0141274174088808,116
1904000,-2710440.2852431145,301.06204770021986,2017.5221328278637,1.0151330867533634,116
1906000,-2710955.3722604923,298.7558089801586,2016.727884395193,1.0155328768635439,116
1908000,-2710031.095933268,300.8818025936612,2015.5788058285057,1.0161118306902046,116
1910000,-2710941.4526558835,301.5184333553004,2016.2145699618786,1.0157914245850839,116
1912000,-2711730.515920615,299.51630940174357,2015.8781420793985,1.0159609489977364,116
1914000,-2714609.0512412842,299.5823054228743,2015.1707823134777,1.0163175688462252,116
1916000,-2711343.922026124,300.77459995443724,2015.6625244260122,1.0160696274660315,116
1918000,-2714543.4397921916,299.8440010780114,2014.9481550489563,1.0164298595767187,116
1920000,-2710082.9441317543,300.1367527084749,2015.753007484073,1.0160240181643192,116
1922000,-2710460.299211366,300.26165777288134,2020.4320873662773,1.0136710276466196,116
1924000,-2710808.8153509535,299.67425207730383,2013.972021850135,1.0169225034265048,116
1926000,-2709360.749390511,300.5282185565074,2018.871252092671,1.014454719768712,116
1928000,-2710270.6762926504,299.23049140820916,2017.4591340372099,1.0151647861101136,116
1930000,-2712304.348241817,301.544757267765,2016.6797268125251,1.0155571274214383,116
1932000,-2710261.7058722395,300.8120115150381,2014.5187404758808,1.0166465216436638,116
1934000,-2710091.627730366,300.1757417807479,2012.9368154826552,1.017445482907373,116
1936000,-2711739.6772981416,300.62326278874446,2013.1882271287016,1.0173184219400109,116
1938000,-2710213.583775129,300.30565080808924,2016.6546057832388,1.0155697779964385,116
1940000,-2711767.587268796,300.1353502511039,2016.0576939139726,1.0158704666406098,116
1942000,-2708678.693299502,301.1252065897609,2015.0196421597693,1.0163937995639598,116
1944000,-2714107.891367547,299.80228777875317,2016.530646227146,1.015632206791705,116
1946000,-2711377.5855086464,300.1535828655837,2012.9762865202647,1.0174255325337938,116
1948000,-2709640.985934701,300.0808065709978,2016.8168547974635,1.015488077372525,116
1950000,-2712547.03536468,299.9610872441703,2017.6885115787707,1.0150493788004218,116
1952000,-2712062.6343826074,299.87471625788163,2016.6228186267463,1.0155857859852226,116
1954000,-2711363.6407615673,299.69780996845714,2016.656643970735,1.015568751583921,116
1956000,-2710980.455404831,299.09024779347,2014.471565212068,1.0166703296579793,116
1958000,-2710282.845137235,300.53867276649856,2017.358403748278,1.015215475091322,116
1960000,-2710661.2616707217,300.51766322167947,2016.4369832927584,1.0156793826238955,116
1962000,-2709222.4746775255,300.0655604644663,2017.3636875273096,1.0152128160892429,116
1964000,-2710587.3472271264,300.2961819009844,2016.6385083799134,1.0155778845739205,116
1966000,-2711550.490858795,300.23146048551774,2016.698690571762,1.0155475777643945,116
1968000,-2709477.8792489413,300.54417468750995,2019.2897292859543,1.014244484378671,116
1970000,-2712223.47364977,300.8254471691835,2015.1046327088604,1.0163509313844543,116
1972000,-2710258.982640231,299.89933514397023,2015.6901194330558,1.0160557173673233,116
1974000,-2713045.5906803757,300.19527664676536,2014.5819316399059,1.0166146326069878,116
1976000,-2711394.8423982915,299.82314855179965,2013.8457522355284,1.0169862652178188,116
1978000,-2710176.7093990277,299.35004908108664,2016.0841066343396,1.0158571577203737,116
1980000,-2710474.8897291645,300.50223334788024,2016.7864572352667,1.0155033830891425,116
1982000,-2711486.614228137,300.94622254782473,2014.666582028632,1.0165719174378365,116
1984000,-2710612.128702756,300.24338312486094,2016.3165046532195,1.0157400713451075,116
1986000,-2710467.3058192898,299.61033104875906,2014.8245785586923,1.0164922009021038,116
1988000,-2713633.5614403915,300.7044634611539,2017.5333707359614,1.0151274323376789,116
1990000,-2714619.6560995094,301.1764739310819,2015.3382277903384,1.0162331275461938,116
1992000,-2710012.8318844642,300.0903874924631,2017.7024710297067,1.015042356193172,116
1994000,-2714805.684419675,301.2532102713368,2012.0669292161456,1.017885359851649,116
1996000,-2709685.5780174267,300.9651522857797,2015.5752765533907,1.0161136099034345,116
1998000,-2709486.3019157927,300.8508846626808,2014.7071007678078,1.016551472673255,116
2000000,-2712563.1937148925,299.91354808709895,2017.3427182897424,1.015223368703099,116
2002000,-2711132.682674013,299.78193564658625,2016.1979176781722,1.0157998142609388,116
2004000,-2711742.733786365,300.0212434854078,2015.18570772538,1.0163100415209367,116
2006000,-2710184.5255398657,300.66872361924226,2013.8882719446472,1.016964793341361,116
2008000,-2713973.758176772,298.64773117628636,2011.8450390446908,1.0179976243415256,116
2010000,-2711385.3146939315,299.95093496869373,2018.8905817893244,1.0144450069580333,116
2012000,-2711078.3701803647,300.90569282404994,2016.751206351312,1.0155211331179015,116
2014000,-2709669.582735434,300.94662412724523,2014.7890115643404,1.0165101450005483,116
2016000,-2712397.316263905,300.8089830949127,2011.9671660624358,1.0179358315766986,116
2018000,-2710921.830509454,300.0197873555135,2016.0706691448006,1.0158639285990632,116
2020000,-2710964.722968662,299.5038537742695,2018.2108895511076,1.0147866513327104,116
2022000,-2708648.8216927145,300.49928379704727,2016.1430748950854,1.0158274458757617,116
2024000,-2710041.9206321016,302.0825137190093,2015.6290152398979,1.0160865192978095,116
2026000,-2710374.094352193,300.2684473055217,2017.0321410129986,1.0153796901135153,116
2028000,-2708948.4036633745,299.9475770617543,2016.3240360542354,1.0157362773389516,116
2030000,-2710082.6038500536,299.92551611804186,2016.141443323351,1.0158282679387938,116
2032000,-2710174.7160309814,300.28244327036623,2017.5648692479444,1.0151115840226734,116
2034000,-2712297.689426897,299.67090902163585,2018.5664375598485,1.014607907959956,116
2036000,-2713221.164905291,300.2060499392011,2015.4444382202066,1.0161795738211312,116
2038000,-2709066.3825053275,299.9328240626572,2017.7618559270295,1.0150124824070639,116
2040000,-2709720.364335431,300.72498714700356,2018.2287272695603,1.0147776823400827,116
2042000,-2711262.8160597626,300.21979568025915,2017.9486380445437,1.0149185324535355,116
2044000,-2712256.5550207924,299.9694542431149,2016.1512964608562,1.015823303482196,116
2046000,-2711136.41996805,301.1347891955897,2015.6559749928585,1.0160729289620145,116
2048000,-2712062.0844467655,298.7031819624128,2017.096713278372,1.0153471852929121,116
2050000,-2709877.1047059204,299.4630837122923,2015.3311612999844,1.016236690832333,116
2052000,-2711467.083484184,299.7727113251668,2015.9013973505405,1.0159492289565828,116
2054000,-2708699.8224628177,298.9987249583877,2015.5058530931046,1.0161486096146657,116
2056000,-2709714.817018753,299.8579387248092,2017.7877330830008,1.0149994653607766,116
2058000,-2708897.1870266963,300.3227226895011,2020.9756848961379,1.0133983726756381,116
2060000,-2712561.934948966,301.073875270722,2019.5145283493373,1.0141315853591646,116
2062000,-2710171.0800306704,300.2420643042417,2018.3129724212993,1.0147353251333469,116
2064000,-2711340.209464144,299.73123174369886,2014.2576930062437,1.0167782788676338,116
2066000,-2711542.3272727,299.6771868461137,2017.339913861048,1.015224780027748,116
2068000,-2709230.411295397,300.1442637386336,2016.1655050232077,1.0158161446508847,116
2070000,-2712912.0857638083,300.24485668004394,2015.3309221447457,1.016236811427083,116
2072000,-2712500.372503802,299.9505771412917,2014.1988437194864,1.016807986300288,116
2074000,-2710989.0026500635,299.9366172287449,2010.5868502652863,1.018634668788642,116
2076000,-2712674.838127058,299.45207465368566,2015.0537460904854,1.0163765975296284,116
2078000,-2711317.6902375408,300.23883270255703,2013.4543681479881,1.01718395146676,116
2080000,-2713263.2869356517,299.84379986411284,2016.874486080129,1.0154590602567677,116
2082000,-2711271.7464740667,300.58488484185597,2014.4875043734883,1.0166622854916787,116
2084000,-2711441.438939534,300.5468447630142,2019.439924472926,1.0141690502753238,116
2086000,-2709052.4378319047,300.88306419209556,2018.0832916097172,1.014850813544547,116
2088000,-2712318.2050188296,300.57061323049527,2016.7618309020372,1.015515783226989,116
2090000,-2709053.736134723,299.8923809498654,2015.78210592827,1.0160093515403283,116
2092000,-2713016.9640345797,300.56485991710076,2012.5243361617263,1.0176540146574393,116
2094000,-2710032.3612279017,300.2920951024873,2014.2901167111522,1.016761911950774,116
2096000,-2710796.5573854987,300.75314962541864,2013.8250269597675,1.0169967315296928,116
2098000,-2710630.8116615023,301.01203259145694,2017.9683052047278,1.0149086410368566,116
2100000,-2710445.87831698,300.40958570203327,2022.2728639116483,1.012748332254859,116
2102000,-2710146.4120227024,299.3648830959654,2016.6781866037472,1.0155579030384962,116
2104000,-2709826.137782065,301.7587497228676,2019.455259388755,1.014161349091081,116
2106000,-2711477.398511678,299.5822875906866,2013.1957406875024,1.017314625149849,116
2108000,-2714437.238673445,300.43241654467306,2015.99633835851,1.015901384006665,116
2110000,-2708387.3034811523,299.76461722216084,2018.5929564323108,1.0145945787458492,116
2112000,-2711419.708337253,300.67971361065287,2013.1227675872271,1.0173515014910974,116
2114000,-2711566.139029734,300.99057774911614,2015.2400025971322,1.0162826599568084,116
2116000,-2711811.2340758443,298.66898287427495,2014.447665667404,1.0166823915041947,116
2118000,-2712597.840358615,300.3293746780721,2012.3667678169145,1.0177336969803863,116
2120000,-2709405.5527861267,299.52568832404364,2016.1713443000797,1.0158132026232956,116
2122000,-2709944.2704535965,300.186542233691,2017.1051603357057,1.0153429333103894,116
2124000,-2710511.388343651,300.20568541126534,2013.2102406439783,1.0173072980374145,116
2126000,-2712012.429457858,301.2928088687589,2013.5443067990466,1.0171385170791658,116
2128000,-2708007.569009077,301.7853398074896,2015.1618048136247,1.0163220965178013,116
2130000,-2709575.9830170237,299.8029834086671,2016.4065713346106,1.0156947013593702,116
2132000,-2711010.6066547725,299.87961794741085,2016.3139032045306,1.0157413818531948,116
2134000,-2710734.2692589536,300.56460951686967,2011.9930545968828,1.0179227336851424,116
2136000,-2712330.178276472,300.39258149656655,2012.989085825306,1.017419063378129,116
2138000,-2712146.4452757835,299.4282646687814,2013.0360534687948,1.0173953252161796,116
2140000,-2712048.4802259374,300.5989913297107,2011.3958597288163,1.0182249607329434,116
2142000,-2710467.6243021693,300.16489232417194,2016.037404444301,1.0158806903958724,116
2144000,-2709501.332081154,299.7910144227814,2018.634068124379,1.0145739154168418,116
2146000,-2708959.3313520607,299.9584647362427,2015.523144265821,1.0161398920759144,116
2148000,-2711390.556020612,301.0715525521709,2017.3889037365584,1.015200126508788,116
2150000,-2711584.0181864873,300.37695588240456,2015.6814051304964,1.016060110034198,116
2152000,-2710788.4778075796,300.9409255124497,2018.1628779913856,1.01481079283806,116
2154000,-2707784.0944626722,300.88053063771224,2019.9092417969262,1.013933412408577,116
2156000,-2710674.9471978154,300.34855815328365,2018.7897403741538,1.014495679927124,116
2158000,-2709843.5835998636,300.3027897145074,2017.1353960593265,1.0153277138916177,116
2160000,-2709580.7682063747,299.48422016761833,2015.0647216100804,1.0163710615976345,116
2162000,-2711436.9332496244,300.5647845240347,2013.8606422968112,1.0169787458356458,116
2164000,-2710931.036229633,301.0346121876372,2016.6445517265943,1.015574841157453,116
2166000,-2711403.0436274894,299.9519693878813,2017.4157626928616,1.0151866105958358,116
2168000,-2711083.2309872434,301.98577122594156,2015.4785021520872,1.0161623992039155,116
2170000,-2706997.6342680026,300.8994781362672,2017.188912100219,1.0153007772377773,116
2172000,-2710108.735533068,300.7172198318337,2019.1509423253844,1.0143141987850144,116
2174000,-2711221.4817746244,300.02699524095476,2020.801872657987,1.0134855366087658,116
2176000,-2711067.8693533856,300.1253416432773,2018.6208735279376,1.0145805471194806,116
2178000,-2709082.2433437873,301.0519301684468,2019.0458357730533,1.0143670014834603,117
2180000,-2709072.811981367,300.70537511519,2018.0570971426923,1.0148639863513067,117
2182000,-2712964.68795502,300.4695679099708,2017.3400127023617,1.0152247302859345,117
2184000,-2711979.3667110857,299.87820007894965,2015.735290978603,1.0160329481042554,117
2186000,-2710683.532350324,301.6102424091703,2018.9635033446964,1.0144083669159403,117
2188000,-2710564.0501688924,299.94943065153825,2014.4040468991757,1.0167044061708477,117
2190000,-2711288.304372808,301.25963874349685,2013.668214052924,1.0170759293899005,117
2192000,-2711657.857818324,301.02265478639725,2015.2046480296765,1.0163004895275622,117
2194000,-2714050.0026302785,299.21419695608387,2015.214448967881,1.0162955467790125,117
2196000,-2710850.6854095235,300.788351906201,2017.240864040706,1.0152746292221906,117
2198000,-2710326.283578785,299.9635488272007,2016.8990525390946,1.0154466916489766,117
2200000,-2711333.018656442,300.30036489030505,2014.1124785829027,1.0168515870234598,117
2202000,-2710544.7566694207,299.7717186050118,2014.9407767758173,1.0164335815209153,117
2204000,-2708491.1319745835,300.63358567900974,2017.6019563289206,1.0150929244821243,117
2206000,-2709443.9069708623,301.36237799945246,2016.5296041343006,1.015632731645421,117
2208000,-2709240.315796213,301.7926866471045,2014.5809600028704,1.0166151229225662,117
2210000,-2708337.681885088,299.89279963562547,2019.4931296823213,1.0141423311566058,117
2212000,-2709500.2848180365,299.90719012941497,2018.1744891252572,1.0148049543419173,117
2214000,-2710126.1109304726,300.57719980934655,2021.2131565127606,1.0132793088603909,117
2216000,-2709852.258912137,301.82137807557365,2016.9304654222074,1.0154308764739972,117
2218000,-2709957.9832839444,300.24236435628745,2014.077351424089,1.016869321748078,117
2220000,-2710530.9039438777,299.5763817376209,2017.155116695984,1.0153177875806625,117
2222000,-2712288.4816714954,300.1473257546704,2015.322806101705,1.0162409039832112,117
2224000,-2712550.2522653397,299.57911748188525,2016.2816365870415,1.0157576367939936,117
2226000,-2711607.632475665,300.4676535930335,2018.7421847901646,1.0145195784392156,117
2228000,-2710242.5863129236,299.3679538980687,2011.934826570678,1.0179521937008589,117
2230000,-2712349.701933624,301.0318701579266,2011.6834078684956,1.0180794166119904,117
2232000,-2712129.6492234655,299.75442982438403,2012.849911462062,1.0174894107246906,117
2234000,-2711699.3184216265,299.5814577769399,2011.9605934976246,1.017939156914803,117
2236000,-2711286.2948350552,299.93258509648876,2018.5621071217504,1.01461008460675,117
2238000,-2706853.402968183,300.42677815936406,2017.7143144500299,1.0150363981776174,117
2240000,-2712342.1613643225,300.2518553120713,2015.5847737690099,1.0161088220869297,117
2242000,-2711044.3956177924,299.36497686287424,2014.123800349256,1.0168458711106236,117
2244000,-2711799.9604547583,300.6392804352618,2014.0479097783168,1.0168841864919713,117
2246000,-2709127.8227012437,300.4406592211652,2014.1626372740611,1.016826264368892,117
2248000,-2708785.009312693,300.33121931129733,2015.8581082508376,1.015971045733907,117
2250000,-2709413.9441899434,300.3034988707528,2022.9310185160277,1.0124188375900136,117
2252000,-2710256.400348043,300.43751071974907,2019.0358388634838,1.014372023947643,117
2254000,-2709195.9535901826,301.03435553581886,2018.6911746788785,1.0145452142359375,117
2256000,-2710445.26810495,300.0607985571337,2019.2304005249935,1.014274284776166,117
2258000,-2707221.0593042504,300.2430640264313,2015.777192341723,1.0160118281284654,117
2260000,-2709350.0035048854,300.6055751910041,2016.883484656009,1.0154545296601931,117
2262000,-2716349.8917883914,299.9496385035023,2015.460501179362,1.0161714750015418,117
2264000,-2709838.731537804,299.5111280742044,2014.3786046547605,1.0167172474718524,117
2266000,-2709512.2688192036,300.8570664684519,2017.6224191739666,1.0150826293500799,117
2268000,-2712451.4970105942,300.00551074261676,2014.5707402774874,1.0166202801142041,117
2270000,-2710053.8981246706,299.9264424305015,2018.3052334712027,1.0147392160146231,117
2272000,-2710823.8182929363,299.7114047018726,2018.9802995812329,1.014399927882197,117
2274000,-2709042.93264715,300.53504777915856,2018.2010597128312,1.0147915939466383,117
2276000,-2711770.095995344,300.5834880124573,2016.672154025962,1.015560940930418,117
2278000,-2712867.178558888,301.5788326501501,2013.2216755235668,1.0173015198428925,117
2280000,-2708128.644419089,300.7496466814086,2015.083624878925,1.016361527137036,117
2282000,-2711164.5395921133,300.2947703465726,2014.8741701412916,1.0164671822395543,117
2284000,-2710515.7370656356,299.4832366864804,2014.9978981590293,1.0164047675493608,117
2286000,-2711681.6631851047,300.77513413331144,2013.3774999776745,1.0172227862452468,117
2288000,-2706669.1824190374,300.5769698294936,2016.7076292060995,1.0155430765623767,117
2290000,-2706358.313470958,300.91314425642946,2019.8109085649132,1.013982775123208,117
2292000,-2710498.5216899384,300.7932354714677,2013.883496865762,1.016967204646245,117
2294000,-2712916.314715121,299.4921229489305,2013.1398946005677,1.0173428462591463,117
2296000,-2708845.5543387737,298.7921047600943,2016.9901513545226,1.0154008282665117,117
2298000,-2708173.402075723,302.257701506839,2019.9243769006316,1.013925815100716,117
2300000,-2707047.363867175,301.5284165942345,2022.244897293767,1.0127623380489423,117
2302000,-2710289.477364421,301.680179781931,2016.223930724131,1.0157867085503824,117
2304000,-2707967.966781903,301.1604854813394,2017.8163898946705,1.0149850504473734,117
2306000,-2710272.2195942085,301.879100014634,2015.4802426559008,1.0161615216788007,117
2308000,-2707715.6827849466,299.2163855128802,2018.5563816059425,1.0146129624882556,117
2310000,-2710808.5755996797,300.0851244351725,2017.4253680977488,1.0151817770696072,117
2312000,-2710594.125647776,299.8063355848142,2015.6130593603864,1.0160945627831401,117
2314000,-2710285.905629432,300.8025981283655,2016.1472622208182,1.015825336109038,117
2316000,-2707176.584263988,301.40098629269806,2015.8700851862436,1.0159650095217134,117
2318000,-2707416.871120671,301.2038180461429,2020.5607839313511,1.013606463402668,117
2320000,-2710496.5777230784,299.7675038369343,2014.101232530169,1.016857264775097,117
2322000,-2708198.497280009,300.0700856291137,2018.9681310310996,1.0144060417857241,117
2324000,-2713378.3543289527,299.83262817020426,2012.6439897796142,1.0175935141490384,117
2326000,-2709781.836104909,299.6244949575952,2016.1438574440313,1.0158270515910512,117
2328000,-2710399.1435917336,301.9399918078726,2016.4756475915942,1.0156599077885717,117
2330000,-2710890.478980597,300.770017323861,2017.7283938077956,1.0150293154301877,117
2332000,-2706692.8179273475,300.30922634763925,2017.657062292161,1.0150652004082825,117
2334000,-2709031.1190915797,300.93582069270724,2015.6086895857895,1.0160967656433635,117
2336000,-2708720.467024762,300.4487366583102,2015.9665108906743,1.015916414894178,117
2338000,-2709817.1502771415,300.5400264099004,2019.6507689948735,1.0140631745507371,117
2340000,-2707812.6457593217,300.2894934523199,2016.4384307940759,1.015678653517952,117
2342000,-2711649.90321772,300.3421495613621,2014.429602490383,1.0166915079875851,117
2344000,-2713612.109507233,299.75940784072105,2014.0810383183464,1.016867460308746,117
2346000,-2709854.9017435424,300.1765301639103,2015.321739006321,1.0162414420739574,117
2348000,-2711818.2061226815,299.7447632038057,2014.421826760755,1.016695432447783,117
2350000,-2709755.3662927113,302.0881256571724,2017.8703585692456,1.0149579043040875,117
2352000,-2709725.810774531,300.51025768699674,2015.7408540119957,1.0160301440606665,117
2354000,-2710308.6559457593,300.40730410128106,2018.5123097831233,1.0146351153592073,117
2356000,-2709945.8735336475,299.35472274002103,2016.9341448737362,1.015429024044308,117
2358000,-2709515.974424638,299.30956368490297,2018.8747795786494,1.0144529472591752,117
2360000,-2712478.622463567,300.8535075298179,2016.0054434097322,1.0158967958076757,117
2362000,-2708545.0386181846,299.9356197846109,2013.9111525650633,1.0169532393135763,117
2364000,-2708700.660855502,299.4926045336859,2014.26809011402,1.016773030532816,117
2366000,-2712417.106539225,300.9749020032759,2012.9474853480576,1.0174400898176692,117
2368000,-2712823.021817701,299.5656468666353,2014.3831877085631,1.016714934272519,117
2370000,-2713159.730542872,300.95383531389706,2011.281407839282,1.0182829027843503,117
2372000,-2708188.0633435324,300.6316434640263,2016.1883918698645,1.0158046135715333,117
2374000,-2711356.886528058,301.52235402625695,2013.5716992443224,1.0171246800197864,117
2376000,-2709655.237429958,300.5192416775155,2019.3998372333178,1.0141891826121556,117
2378000,-2713636.059197318,298.9449590797515,2012.1778873130795,1.0178292303100525,117
2380000,-2709934.876013212,300.733068763276,2016.0967038565607,1.015850810317327,117
2382000,-2710691.2549743634,300.2137318760402,2013.848808942143,1.0169847215921852,117
2384000,-2710756.7803087197,300.4701188711622,2014.5201977103616,1.0166457862366087,117
2386000,-2711751.2657213137,299.1757052827689,2014.700998155069,1.0165545518497545,117
2388000,-2713256.1905338243,300.8304303903617,2014.1050289330274,1.0168553480926146,117
2390000,-2712333.9341553543,301.6738302842148,2014.752955070999,1.016528336705483,117
2392000,-2708091.3391979635,300.1420154542092,2016.4769467002902,1.0156592534529887,117
2394000,-2711266.828992419,300.9152303034719,2017.284051542858,1.0152528934754568,117
2396000,-2712126.6050795596,299.41856920796727,2013.914421205133,1.016951588769704,117
2398000,-2710281.1569027714,299.3427415325909,2014.069487387209,1.016873292166129,117
2400000,-2709836.8359258827,299.8532246970158,2016.6871371298005,1.0155533957565772,117
2402000,-2709277.91142153,299.2846953514935,2016.3892965382345,1.015703403011961,117
2404000,-2712076.9756751303,300.24588280875724,2017.2520381427578,1.0152690053427234,117
2406000,-2711717.9012045767,301.4120843280904,2016.6495203346344,1.0155723389907303,117
2408000,-2712072.9216206856,300.3507205421303,2014.2762821503652,1.0167688953296687,117
2410000,-2709885.5141773056,301.3928667831203,2015.4650772773057,1.01616916779203,117
2412000,-2711596.699165484,299.8717866082904,2015.9723750474034,1.0159134597479893,117
2414000,-2713938.014061082,299.19278991668523,2015.1443951841068,1.016330876926398,117
2416000,-2711020.669831641,300.1398642932245,2016.9294522321004,1.0154313865684466,117
2418000,-2711816.6966539472,300.01951145377296,2015.5258194661517,1.0161385433570098,117
2420000,-2711090.887016166,300.6412116522645,2016.123236180288,1.0158374416491454,117
2422000,-2708093.900638107,300.26968317281734,2019.5635298579718,1.0141069790633477,117
2424000,-2708236.7964503095,300.34887034261374,2022.355149352297,1.0127071256236633,117
2426000,-2710762.291152874,299.9315020778758,2015.3614542643224,1.016221415745192,117
2428000,-2713691.9026515447,299.4674953264532,2016.8835255639085,1.0154545090640055,117
2430000,-2714413.992834097,300.6565411567094,2017.3803395088387,1.0152044362588606,117
2432000,-2710315.2688907906,301.6320303764612,2014.7145273176457,1.0165477255070574,117
2434000,-2709895.2067573927,300.93681083204063,2012.7206256410234,1.01755476850569,117
2436000,-2709029.1296247803,300.8856076813832,2014.1405432847612,1.016837418381297,117
2438000,-2712227.2133587264,300.6841433468687,2014.3989640564046,1.0167069715755832,117
2440000,-2710773.0083409846,299.49998802355833,2014.786503922147,1.016511410168706,117
2442000,-2713124.2185610216,300.04480501454333,2017.053031458793,1.0153691739128772,117
2444000,-2710309.4603837505,299.57658301468535,2014.9620095814164,1.0164228707797012,117
2446000,-2712058.6546035297,300.15950244689503,2014.0959099819645,1.01685995197176,117
2448000,-2712011.1309641283,299.78091957393633,2015.506016408072,1.0161485272768926,117
2450000,-2710898.2036235947,299.7750869921388,2017.2488370201834,1.0152706164481418,117
2452000,-2710089.7557418477,300.8597478307777,2016.9984831057695,1.01539663388204,117
2454000,-2710321.354398612,299.4927608920332,2012.3473772828497,1.017743503637101,117
2456000,-2711820.0901868567,300.4650187705086,2011.962334760077,1.0179382759344775,117
2458000,-2711315.4455337543,300.5490098537856,2015.4621369652416,1.0161706502582137,117
2460000,-2713778.980266992,301.4501225646793,2019.30269163418,1.0142379737201912,117
2462000,-2708052.8053239733,299.3531534145885,2017.8536745197348,1.0149662961950063,117
2464000,-2712278.9341639653,299.8787900493698,2013.5197651724384,1.0171509143916364,117
2466000,-2711895.544462843,300.8244511054029,2016.294445711058,1.015751183884515,117
2468000,-2710147.3082921747,300.670954730755,2014.3153308740268,1.0167491846483205,117
2470000,-2711749.2820639033,300.59609476919763,2011.1934956014136,1.0183274134338542,117
2472000,-2709802.5745522957,301.2340915863641,2015.5044895304939,1.0161492970764194,117
2474000,-2711350.4477175567,301.14113946386334,2018.3235181644386,1.014730023139887,117
2476000,-2706323.241413098,301.04885193796775,2018.9925344785518,1.0143937807178334,117
2478000,-2709494.6119244173,299.4166748503831,2015.204915803959,1.016300354484653,117
2480000,-2713496.431808986,301.1171773912506,2014.038722912585,1.0168888249223946,117
2482000,-2712145.968036404,300.4847146131201,2012.5207515761676,1.0176558272439093,117
2484000,-2710173.015566755,300.5564390003611,2020.1423961324913,1.0138163894840893,117
2486000,-2710371.443941936,300.4948392584052,2018.5021482101515,1.014640223250112,117
2488000,-2707392.7542423643,301.0006302901277,2018.2328763644414,1.0147755961542235,117
2490000,-2710713.045986591,300.55509345700784,2017.0610578553947,1.0153651335018765,117
2492000,-2710061.358092876,300.5664448082767,2017.8432014674545,1.014971564094452,117
2494000,-2711342.564623289,299.76908148826175,2015.4913856544879,1.0161559036511174,117
2496000,-2711330.7449985426,300.145860213307,2014.3184323069231,1.0167476191662608,117
2498000,-2712643.9157028235,299.3765595736996,2014.8118282111598,1.0164986335766812,117
2500000,-2712980.4170539044,300.5922309202689,2021.512607388921,1.0131292096842965,117
2502000,-2713525.3131842017,299.5846442385686,2015.4719125670651,1.01616572154668,117
2504000,-2710669.7083225846,301.35753500477483,2012.5850061214862,1.0176233371814913,117
2506000,-2710739.5011474583,300.14347221098285,2012.764449066226,1.0175326135360372,117
2508000,-2710428.3930690344,300.05504306355596,2016.3086342608105,1.015744036151294,117
2510000,-2711066.033042576,299.56064534613694,2016.000453010537,1.015899310554408,117
2512000,-2712967.9776541386,300.48742362594845,2013.1108931373153,1.0173575023972015,117
2514000,-2708484.0880540647,301.11363097059717,2013.7235411101651,1.0170479852272512,117
2516000,-2712865.9981397763,300.7375914940893,2016.5800303873182,1.0156073349082089,117
2518000,-2712082.7334462367,300.1077307613836,2017.1501239640975,1.0153203006358051,117
2520000,-2710431.797710208,301.00509885703417,2013.942983547989,1.0169371660575501,117
2522000,-2711132.9456375036,299.8686235233608,2016.5801442420561,1.0156072775677123,117
2524000,-2714764.9779322036,299.7574019505642,2013.925622667557,1.0169459324808716,117
2526000,-2713361.7810983527,300.41588599319294,2011.4433940691972,1.0182008980861843,117
2528000,-2711055.5037322864,299.49866401148483,2014.449434993442,1.016681498534336,117
2530000,-2713965.2696875073,300.2021679410825,2013.7714984043864,1.0170237645698907,117
2532000,-2708491.543067131,299.8931554665251,2013.675299273434,1.0170723507557298,117
2534000,-2709528.8542319573,300.40791710208083,2017.89284260398,1.014946595304773,117
2536000,-2710920.0454135966,300.29299830576144,2014.849276702728,1.016479740679357,117
2538000,-2710407.4300260153,298.65779221099416,2016.7749154436176,1.0155091947086625,117
2540000,-2706896.92630836,300.07919539135736,2020.7004625325471,1.0135363990187594,117
2542000,-2707903.645949388,299.5131389827372,2019.1708170834704,1.0143042148603492,117
2544000,-2710679.705207275,299.7691814958397,2014.3379158782739,1.0167377847315182,117
2546000,-2710021.3483002353,300.7600248401118,2012.7600621764025,1.0175348312884416,117
2548000,-2710646.441181943,300.1159308601595,2016.1751187851423,1.0158113009175735,117
2550000,-2710362.2783365045,301.7342272404779,2015.8061007610843,1.0159972576318326,117
2552000,-2712192.240170691,299.9031500476445,2016.0950771151493,1.0158516299843159,117
2554000,-2709838.864421835,299.4069035114585,2018.791351311839,1.014494870388624,117
2556000,-2710440.1896977387,300.04247841545396,2019.7758104447037,1.014000395340832,117
2558000,-2708932.423972819,300.3160243135934,2020.6969221626193,1.013538174789162,117
2560000,-2709764.4732993525,301.06154525676175,2015.4578953212458,1.0161727888462477,117
2562000,-2709923.715690434,300.3528720266415,2019.6491236367342,1.0140640006828996,117
2564000,-2711503.5070662815,299.7249009426528,2018.1224963969307,1.014831098680722,117
2566000,-2710630.1497779023,299.88089652804524,2017.0290396975236,1.015381251326906,117
2568000,-2711327.456838416,300.8241062222129,2013.6589624377766,1.0170806022740633,117
2570000,-2711941.285063684,300.53259954529585,2016.5068791407068,1.0156441773030378,117
2572000,-2711643.4007177446,300.9286943850723,2015.4925551997349,1.016155313998576,117
2574000,-2708999.5703162085,300.6883265983786,2018.176530981999,1.014803927629781,117
2576000,-2710601.2059367746,299.3233387810846,2016.5032988458386,1.0156459805758802,117
2578000,-2711913.1869644746,300.7752791026998,2015.170785214808,1.0163175673829878,117
2580000,-2710471.53347663,301.2889469625148,2015.5799928306824,1.016111232288276,117
2582000,-2712799.2727392763,300.3313784359585,2017.4238926212263,1.0151825195396869,117
2584000,-2707221.7417699043,300.33773928599055,2017.2394124347297,1.0152753598140627,117
2586000,-2708842.5893432293,299.9319937040502,2018.9191376895162,1.0144306584931404,117
2588000,-2710925.3049912155,301.05904777925105,2017.802883058928,1.0149918445879074,117
2590000,-2711286.1610208303,299.48203917739494,2014.6990919996563,1.016555513636539,117
2592000,-2712429.62563926,299.41562807170595,2014.3455870878868,1.0167339127004633,117
2594000,-2712597.279650906,300.6239463519862,2014.7817598134743,1.0165138036987118,117
2596000,-2708499.0210748147,300.15032781294775,2019.8734518033598,1.0139513782223635,117
2598000,-2710589.7626841776,300.3313380441878,2012.2850507725236,1.017775026209395,117
2600000,-2708233.381965909,299.7094158683085,2016.3306384571918,1.0157329513466404,117
2602000,-2712016.412302006,300.4943743881314,2015.0972983861568,1.016354630583355,117
2604000,-2708370.980213521,299.2273630412611,2014.7594902744513,1.0165250394287968,117
2606000,-2708819.071990581,297.9336155813383,2019.222137829646,1.0142784352058074,117
2608000,-2709941.320405025,299.03973347498226,2017.2306663492316,1.0152797617326184,117
2610000,-2711240.4533330165,300.1315726422423,2016.9395660798466,1.0154262947359427,117
2612000,-2710673.010714894,300.521616372974,2018.0671927286548,1.0148589093912077,117
2614000,-2708993.584725471,300.46053810778693,2018.0400028886693,1.0148725829810845,117
2616000,-2708632.1661894545,300.1291738691908,2015.958011329233,1.0159206981401283,117
2618000,-2708573.2113262676,300.305798763225,2015.0540210792244,1.0163764588275805,117
2620000,-2709345.182954319,300.4133164150254,2019.1778706938512,1.0143006715832348,117
2622000,-2707871.9341299515,300.66493161543207,2019.3491533812298,1.014214637850758,117
2624000,-2710718.6871095486,300.21182252418373,2013.5309302062872,1.017145274287371,117
2626000,-2708162.3874949533,301.06930901911505,2019.482263780878,1.0141477877881482,117
2628000,-2711185.0257633645,300.51247045437077,2016.8975589987283,1.0154474436012098,117
2630000,-2712466.1741881035,300.20882394859,2016.8053862283778,1.0154938519481238,117
2632000,-2708063.8684238717,300.0993223066608,2016.9899088374493,1.015400950355391,117
2634000,-2709336.6701884475,299.43988434925564,2014.001166837384,1.0169077873509216,117
2636000,-2711070.1881249417,299.74605130676906,2015.293509201701,1.016255677368829,117
2638000,-2712835.14319882,299.4974792952953,2016.1509539493297,1.01582347605419,117
2640000,-2710472.532448139,300.5423233917505,2015.982781402856,1.015908215677123,117
2642000,-2712753.543268781,300.53978198604995,2012.9101023236776,1.0174589853399476,117
2644000,-2711683.4962216523,300.6725010324915,2017.323023997478,1.0152332799099306,117
2646000,-2711917.582282765,301.492063041275,2015.1942298656404,1.016305743604342,117
2648000,-2711161.381651379,300.0205541111255,2016.9125842283074,1.0154398789050079,117
2650000,-2710821.914342655,300.3187378870025,2016.6566220093544,1.0155687626434597,117
2652000,-2712649.1894188095,301.2980429768668,2014.116075019287,1.0168497713177562,117
2654000,-2713123.827594649,301.4712891814201,2015.7012761612848,1.0160500935888208,117
2656000,-2711173.515628524,299.1514226933019,2015.6239008556258,1.016089097485591,117
2658000,-2710177.347506102,301.03090266357617,2018.575734640092,1.0146032349169911,117
2660000,-2712334.6287369654,300.5861573410021,2013.7113797678992,1.017054127452385,117
2662000,-2710243.1276137494,300.10265716395725,2016.1309434503617,1.0158335583034035,117
2664000,-2710469.455664614,300.2625673186709,2014.7255207322444,1.0165421786817004,117
2666000,-2707414.2863682657,300.79863992522684,2017.7399421871874,1.0150235059879582,117
2668000,-2709630.041314332,300.45484975591364,2017.3065572104608,1.015241567014403,117
2670000,-2709275.4778903145,301.5184846750621,2014.169503879703,1.0168227978557955,117
2672000,-2710075.752604246,299.42722440973847,2015.6324561233216,1.0160847847378949,117
2674000,-2712706.116122801,298.34845839985485,2015.0030942337785,1.0164021465533124,117
2676000,-2711735.8057232574,299.62795147990005,2014.0338233908183,1.0168912986985916,117
2678000,-2706864.5588821582,298.6224104534075,2015.5353797041194,1.0161337235327683,117
2680000,-2709165.3863588143,301.0646185790024,2016.5817425108924,1.0156064726345786,117
2682000,-2709059.3340174574,300.6162594550164,2020.010796314569,1.013882437671805,117
2684000,-2711821.4549973216,298.86262878283316,2019.333223592808,1.0142226386226993,117
2686000,-2708257.260709936,299.15901390393026,2016.9484177619877,1.0154218383845957,117
2688000,-2710157.8101063017,300.0216985819784,2014.9524491785526,1.0164276934305427,117
2690000,-2711876.6525704917,299.7023151447718,2013.8903454695485,1.0169637462625927,117
2692000,-2711098.87259371,299.39092163810284,2017.5609344469035,1.0151135637706203,117
2694000,-2711335.539248381,301.0276840283616,2017.3917698193566,1.0151986842268956,117
2696000,-2710636.848919321,300.11853695958484,2015.1627551305057,1.0163216172373846,117
2698000,-2710197.796778502,299.96855505647954,2015.215014574957,1.0162952615370169,117
2700000,-2710373.0499508847,300.09051925107656,2018.128193346498,1.0148282339263386,117
2702000,-2709839.9786035754,300.0908853780035,2015.6973019340148,1.0160520968727393,117
2704000,-2711986.1151264254,300.4448470993646,2017.892370646402,1.014946832686976,117
2706000,-2710124.4787516743,299.66512571509446,2018.2168849957854,1.0147836367423198,117
2708000,-2708448.3679721244,299.62405799331214,2018.7967943394756,1.0144921351338265,117
2710000,-2708438.535573676,300.6786965187254,2017.33463776092,1.0152274352280761,117
2712000,-2712420.6141859703,300.55130934412415,2014.0821123234266,1.0168669180662964,117
2714000,-2710537.8998847883,300.9213607218284,2017.1073214540825,1.0153418454772096,117
2716000,-2710019.8083920907,300.8811591429065,2015.4019322183115,1.0162010056408592,117
2718000,-2710735.3332712,299.6044878773867,2017.3540917606213,1.0152176450606971,117
2720000,-2710226.2056194935,299.8548334938922,2017.8810553253145,1.014952524028033,117
2722000,-2712763.0833387673,300.44187216531645,2017.9842784184889,1.0149006075983187,117
2724000,-2711945.394850826,301.48373856580554,2014.4347542386636,1.0166889078841481,117
2726000,-2710565.212394193,300.99989812981084,2014.9208467614048,1.016443635283554,117
2728000,-2711022.0950519796,300.89225103585386,2020.8914138327732,1.0134406313333237,117
2730000,-2711210.779834425,300.95659121019906,2015.6958902477347,1.0160528084616314,117
2732000,-2708798.54493458,301.27450324406556,2017.462498977443,1.0151630929094548,117
2734000,-2708977.384201817,299.95291442413406,2016.7807299408971,1.0155062669360186,117
2736000,-2714747.579557743,300.1856712247152,2014.114659307517,1.0168504860567027,117
2738000,-2710074.478846187,300.1557288926966,2015.7659087824898,1.016017515410701,117
2740000,-2712440.7067277674,299.897923071319,2017.0618648936734,1.015364727248333,117
2742000,-2710894.472196758,299.5266775791448,2019.2341456376462,1.0142724035820185,117
2744000,-2710116.785520276,299.93458929706543,2017.2192668202802,1.0152854991907263,117
2746000,-2708582.327976797,300.35307751312195,2016.1477871601182,1.015825071621164,117
2748000,-2712197.2212886177,300.5779100833753,2013.813135837954,1.0170027366707874,117
2750000,-2709660.0254926886,301.5256292424538,2017.9994191098247,1.0148929929792605,117
2752000,-2710845.259828927,301.1103043414451,2015.524522782482,1.0161391970877087,117
2754000,-2710784.908469282,299.8389007190971,2018.214486880717,1.0147848425447485,117
2756000,-2708592.180885708,300.20802583587727,2017.4621680304238,1.0151632594380793,117
2758000,-2705227.4815216083,300.62879299836925,2018.9876133846446,1.0143962532080164,117
2760000,-2707154.539308822,300.5023486288132,2014.143297159438,1.0168360280915292,117
2762000,-2707973.0724600125,301.0148760583146,2017.9352449646062,1.0149252684898227,117
2764000,-2710323.8894378245,298.92830289387143,2016.6947853344386,1.0155495443258857,117
2766000,-2706399.9939046036,301.5830950965256,2018.0335715745773,1.0148758173000951,117
2768000,-2709303.688988678,300.6252758083737,2015.2113420423586,1.016297113639275,117
2770000,-2710843.1812853217,300.13080591417605,2016.9796935531515,1.0154060929998197,117
2772000,-2711468.246128021,300.71809339204384,2018.2258915922873,1.01477910813787,117
2774000,-2713256.8595508523,299.09702993357666,2020.0043304388555,1.01388568303011,117
2776000,-2710944.13795718,299.6272664409693,2018.44862893411,1.0146671264912512,117
2778000,-2710669.2516734395,299.96334042812,2016.2812791610652,1.0157578168572459,117
2780000,-2707918.307770947,299.75776039477597,2018.7244484594792,1.0145284919166069,117
2782000,-2709316.150100788,300.4108661608357,2015.7755544171062,1.0160126536919962,117
2784000,-2712826.768000856,299.1877174714126,2012.075614301964,1.0178809661690058,117
2786000,-2713175.975756578,301.2032004263312,2014.953399627379,1.0164272139839667,117
2788000,-2711390.488254668,300.38856839843055,2015.3508881958867,1.016226743584174,117
2790000,-2707966.3902406115,299.843599390645,2020.2298298356166,1.0137725124360857,117
2792000,-2709488.573987484,299.2111474791156,2016.6926973357608,1.01555059578311,117
2794000,-2710436.416885106,301.0906471620757,2018.3984115469618,1.014692371225703,117
2796000,-2710720.261706127,299.9617785352411,2019.1900530607404,1.0142945520092508,117
2798000,-2715101.074629996,300.19851641138337,2015.619063852189,1.0160915358562856,117
2800000,-2708996.3457961194,300.99187240330605,2017.1055860985894,1.0153427189957112,117
2802000,-2710230.568531826,299.7728874906742,2016.1065356238457,1.015845856408103,117
2804000,-2709962.9344227314,299.7832277378383,2014.3348286988646,1.016739342988819,117
2806000,-2709712.3434623424,300.4383016708633,2018.015033352597,1.0148851403194346,117
2808000,-2712902.8913805466,300.26729099852923,2012.0910269975802,1.0178731691611693,117
2810000,-2712284.239336621,300.1070365831323,2015.4268022587044,1.0161884658849973,117
2812000,-2711260.2279584296,300.4590909463819,2015.372449892888,1.0162158713639398,117
2814000,-2711579.629177548,300.0212922290793,2017.6822223096437,1.0150525427866282,117
2816000,-2711961.0176275,300.4398907834604,2014.7294787349012,1.0165401816509891,117
2818000,-2710171.8566743545,300.82838860005273,2017.3676985367265,1.0152107976033868,117
2820000,-2710758.7361851335,301.1711333793542,2016.360692879844,1.0157178115616161,117
2822000,-2710641.7809011843,299.9260011076723,2016.583831737953,1.0156054204429996,117
2824000,-2709137.260533072,300.93878631452077,2017.6915658273801,1.0150478422855223,117
2826000,-2709132.896607859,301.2509833807012,2018.3377815266592,1.0147228521588905,117
2828000,-2710399.053341303,299.8055185951541,2018.321549492048,1.0147310129083316,117
2830000,-2712541.223900577,300.0461067053405,2016.6903804863161,1.015551762485672,117
2832000,-2709952.2113855034,300.8794578502374,2015.3655835959814,1.016219333584368,117
2834000,-2709691.3134636395,298.9428011670371,2014.6582316831161,1.016576130920113,117
2836000,-2708168.9221801423,300.2917097782088,2017.8749602002065,1.0149555897594262,117
2838000,-2708781.6572692227,299.293140467056,2018.2574554408359,1.0147632378464,117
2840000,-2709362.993069757,299.7878624559312,2017.7618233339895,1.0150124988026277,117
2842000,-2708106.327534456,299.76989096116785,2016.2514656669625,1.015772836456834,117
2844000,-2712053.3622081857,299.4883806595736,2014.557778269662,1.0166268212222174,117
2846000,-2709979.849442696,300.08794768605304,2011.4416132578372,1.0182017995409984,117
2848000,-2711895.3279578686,301.48736816102814,2015.8614972054406,1.0159693377397037,117
2850000,-2708544.9956645053,300.4528171604832,2018.8035663390795,1.014488732058633,117
2852000,-2711200.643184999,300.77233157360587,2013.985771152784,1.016915560986558,117
2854000,-2711767.443337187,300.5737188205048,2016.5621259601573,1.015616352169476,117
2856000,-2712853.017350802,299.4599418628713,2014.0215022788122,1.01689751970049,117
2858000,-2712765.2557226066,301.258666909167,2014.5439226592196,1.0166338133682022,117
2860000,-2708325.4421279654,300.97190734708033,2018.5627314512403,1.014609770793864,117
2862000,-2711435.797270993,299.5222246652965,2016.290283642571,1.0157532806193093,117
2864000,-2712565.4979113583,299.9863946922871,2015.7203163518875,1.0160404961326228,117
2866000,-2714954.157532314,302.18226155083386,2011.059139825509,1.0183954463260987,117
2868000,-2711906.180966083,299.53445105466733,2014.2386473137826,1.0167878930443979,117
2870000,-2710788.191595353,300.407076201263,2013.4289992224712,1.0171967678431566,117
2872000,-2713434.6345630568,300.302567194282,2013.1920616093869,1.0173164842769762,117
2874000,-2712161.151009612,300.2689401582993,2013.0536641163953,1.0173864248123492,117
2876000,-2710712.1931427866,301.04170430290543,2014.4712010096525,1.0166705134649208,117
2878000,-2710564.25191514,300.88527292898584,2014.1543659182146,1.0168304400825359,117
2880000,-2708690.7175062746,300.58251831929715,2015.380013427826,1.0162120575996887,117
2882000,-2710797.088723462,300.4578478452044,2016.5504953994769,1.0156222097900214,117
2884000,-2711021.331433382,300.81522684253684,2012.84000399708,1.0174944189422768,117
2886000,-2709099.5048887488,299.66100372456225,2020.4289969186937,1.0136725781575173,117
2888000,-2707245.902417807,299.5998061029875,2018.8232472935556,1.0144788420860567,117
2890000,-2710160.4255063627,300.5963065871348,2019.0270412990924,1.0143764438999343,117
2892000,-2712880.081668863,300.9296163494158,2013.845452395953,1.0169864166359575,117
2894000,-2709415.311396666,300.6041279855216,2011.8413975218896,1.0179994669627008,117
2896000,-2710748.3364204913,300.4565264276543,2017.1621617593523,1.015314241520614,117
2898000,-2709717.336781798,300.2652284487041,2014.7599187486915,1.016524823246814,117
2900000,-2709584.648125671,300.31483035495586,2014.1001758936584,1.0168577982383897,117
2902000,-2713076.012144843,299.40163810671675,2016.6945385794943,1.0155496685846006,117
2904000,-2710102.4147333186,300.0968326506831,2017.151074680773,1.0153198220985489,117
2906000,-2712078.6344004013,300.7760066964443,2016.380437170668,1.015707865706411,117
2908000,-2713141.3414224815,300.30077917386245,2013.1766075032,1.0173242936847127,117
2910000,-2711133.984285485,299.7405736562061,2013.9618938914552,1.0169276174006703,117
2912000,-2714190.5185931213,300.0920189902055,2013.5336939210513,1.017143878184877,117
2914000,-2711145.2038585525,300.2191738376069,2014.7442821580025,1.016532712576853,117
2916000,-2711364.846228823,300.98072128820064,2012.8218283955496,1.017503606826101,117
2918000,-2712905.4088707063,299.8618987732983,2012.7490484576474,1.017540399216775,117
2920000,-2713365.365558343,300.91914771981374,2013.4023285665771,1.0172102422017517,117
2922000,-2711923.3032082412,299.30338320538516,2017.4616809763259,1.015163504518038,117
2924000,-2709787.5833842345,301.7350793328371,2017.601471418856,1.0150931684494202,117
2926000,-2708601.1312513184,298.3051072837133,2020.283073870928,1.0137457947250144,117
2928000,-2711036.674989134,299.4571402869991,2020.067122081543,1.0138541674696422,117
2930000,-2708607.6100153103,300.29911008934795,2018.6041965504364,1.014588929216866,117
2932000,-2710381.9404561687,301.347235300917,2016.1941899499318,1.0158016923665663,117
2934000,-2708838.437427597,299.48596096877145,2014.4142475804354,1.0166992577374534,117
2936000,-2709636.5730599836,300.65620381896764,2017.5390666577216,1.015124566427161,117
2938000,-2710230.706566626,300.2598030147822,2014.2104537437795,1.0168021253608808,117
2940000,-2708880.458508622,299.63127929475246,2018.8499756757287,1.0144654109849225,117
2942000,-2710676.9127947167,300.252462121949,2013.5602488539528,1.0171304640407253,117
2944000,-2711027.351028474,299.6088292784825,2015.8636427113827,1.0159682564323151,117
2946000,-2711768.4781499393,300.4786747534534,2016.4919869446614,1.0156516780381253,117
2948000,-2707815.4604873452,298.80410411793116,2019.2582534319831,1.0142602942490664,117
2950000,-2712255.044164881,300.3088618381906,2018.9763633539396,1.0144019055718594,117
2952000,-2709617.9760576077,299.8010839514324,2019.1390690286491,1.0143201633337915,117
2954000,-2710160.1196202617,300.02579104198816,2017.8827097675016,1.014951691878441,117
2956000,-2710573.763281487,300.01484236279134,2021.1981516454791,1.0132868311914083,117
2958000,-2710434.750356583,301.3394601281219,2017.2847275465724,1.015252553258373,117
2960000,-2708186.6570261884,301.72955977478045,2017.6939567517443,1.0150466394754487,117
2962000,-2711960.039196478,300.64753847946514,2017.349627589773,1.0152198916246804,117
2964000,-2708876.0410730503,300.3817399535114,2018.508663061918,1.0146369484409565,117
2966000,-2710243.3308771886,300.2530198941012,2016.5908251112778,1.015601898405823,117
2968000,-2711134.891615264,300.5379065339614,2020.9628598852887,1.013404803691953,117
2970000,-2711902.8214455713,300.81068826552763,2017.2006179668463,1.0152948854214758,117
2972000,-2709386.5073048584,300.54834404415084,2017.3872423530777,1.0152009625588454,117
2974000,-2707662.1450118236,301.0411042479349,2019.4346796451662,1.0141716842510804,117
2976000,-2709962.6967567746,300.9136637027156,2013.4949150404823,1.0171634678548975,117
2978000,-2710388.081039211,300.29763976077135,2014.3999320255255,1.0167064830226706,117
2980000,-2714383.002265703,299.76861023169164,2013.1611715835606,1.0173320940219466,117
2982000,-2709702.9316674415,299.92358993784524,2015.056462363676,1.0163752274655358,117
2984000,-2712977.659192683,300.1731133662025,2014.1038509568677,1.01685594281436,117
2986000,-2712966.0956870466,299.617174376348,2014.5130513371712,1.0166493927310845,117
2988000,-2710245.2492188793,299.40215976786925,2016.9545085964571,1.0154187719959846,117
2990000,-2711556.281844586,299.18274491859535,2018.5896874624125,1.014596221813362,117
2992000,-2715255.013739234,300.4863688122845,2015.186204119534,1.0163097911766446,117
2994000,-2709412.602249982,300.5220051895843,2017.5420728961114,1.0151230538408893,117
2996000,-2710847.039208092,301.65524066361957,2018.0033010598054,1.014891040671337,117
2998000,-2711341.0481962617,301.2196103971998,2015.6890555900004,1.0160562536225637,117
3000000,-2711459.9005432073,299.21967522605223,2017.447081006917,1.01517085110782,117
3002000,-2711498.7126739435,300.51825960125416,2019.585620988169,1.014095886307945,117
3004000,-2708711.6928210054,299.92721263639913,2017.2744026480825,1.0152577495665898,117
3006000,-2709269.620803427,301.4475409951822,2018.4362944526742,1.014673327030188,117
3008000,-2710657.4179492127,300.55435526434724,2016.3048302173363,1.015745952495695,117
3010000,-2708395.1960019134,300.19544996373656,2017.1223805011616,1.015334265331949,117
3012000,-2710969.9209650476,301.86550429770875,2019.4010443867285,1.0141885763522283,117
3014000,-2710893.965715533,300.3692574319895,2017.6737575763605,1.0150568012298038,117
3016000,-2712604.391372323,299.1244557250855,2013.2452065791065,1.0172896294986433,117
3018000,-2711043.2596475836,299.6704434907731,2018.1499232943718,1.014817307005415,117
3020000,-2707992.8063342143,300.1112137083327,2018.2877285957668,1.014748016981564,117
3022000,-2710803.671572892,300.0236652502565,2015.4942924248853,1.0161544381387067,117
3024000,-2711502.9582380895,300.7067659649796,2015.647590873441,1.0160771553341303,117
3026000,-2711428.0689421687,300.9684639313065,2018.146973849427,1.0148187901222616,117
3028000,-2710156.1254105754,300.51892000315115,2018.7715560501197,1.0145048181171878,117
3030000,-2711448.503309006,301.3447196068202,2016.0709756473773,1.0158637741576195,117
3032000,-2713565.991484776,300.64116761521024,2012.4814804510092,1.0176756855580096,117
3034000,-2711711.9416372795,300.7889705498431,2014.5641375420519,1.0166236120879164,117
3036000,-2709704.6863028537,301.40966695399743,2014.0788574209266,1.0168685613995063,117
3038000,-2714209.182685813,300.13401839257216,2012.797049510998,1.0175161329794011,117
3040000,-2708246.0694343243,300.06809251519417,2012.9540325026371,1.0174367805828652,117
3042000,-2711374.5394309144,299.84847800844295,2017.9845718009742,1.014900460048101,117
3044000,-2708539.8748859484,300.99992752972804,2017.5732908515045,1.0151073468198077,117
3046000,-2709631.5773086213,300.021749927335,2017.8948718710642,1.0149455746382618,117
3048000,-2709266.0328135267,300.56237314294856,2017.8017929585733,1.014992392928668,117
3050000,-2707373.6360714473,300.9153542000227,2017.669355239036,1.01505901597447,117
3052000,-2711270.960871119,300.32977522459646,2015.3156908755154,1.016244491899451,117
3054000,-2710056.8941325303,300.4106010803497,2016.9292006204819,1.0154315132433613,117
3056000,-2711320.73546518,300.02103973045746,2017.57325599831,1.0151073643555943,117
3058000,-2710875.5639882423,300.2115044306779,2017.4675050102119,1.0151605739396592,117
3060000,-2710224.00952545,300.51197810972775,2013.9488081254874,1.016934224955318,117
3062000,-2710554.3015247285,299.7475894573553,2015.4777218395702,1.0161627926214318,117
3064000,-2712136.35032738,300.13395168776384,2019.4894622571462,1.0141441728553053,117
3066000,-2712716.0178624056,300.94361828952566,2015.9733682869485,1.0159129592228147,117
3068000,-2711985.7067570835,300.0544129131476,2013.0036458750867,1.0174117043888689,117
3070000,-2710199.462191075,300.20401892822105,2014.590513269172,1.016610302094248,117
3072000,-2709138.5411055405,301.57433768853883,2014.340604222476,1.01673642779063,117
3074000,-2712227.8157732543,298.3950915945989,2013.9074574391466,1.0169551052236792,117
3076000,-2711766.7062666863,300.2129756268154,2014.5464032828088,1.016632561530163,117
3078000,-2712045.405817654,300.11465228131544,2016.635222953161,1.0155795391154625,117
3080000,-2712221.5299978815,300.3025670633981,2019.0179088743484,1.0143810321289417,117
3082000,-2707531.222913727,301.39830400920675,2016.409908142701,1.0156930205610946,117
3084000,-2712470.0004257,301.00854980883776,2014.0488140311077,1.0168837299388047,117
3086000,-2712407.666751383,299.90681116965624,2013.9966261811023,1.016910080020469,117
3088000,-2709150.4838021044,299.28447590472933,2014.3585879295795,1.0167273506132946,117
3090000,-2712518.565951584,299.39494011949733,2015.6359077321388,1.016083044777226,117
3092000,-2709149.905721007,300.738827761473,2018.7116816142363,1.014534908052387,117
3094000,-2710905.1482440885,300.6145682142355,2014.4002572371323,1.016706318882129,117
3096000,-2709533.464603558,300.50150831882615,2015.92926794669,1.0159351832700008,117
3098000,-2710860.5888572726,301.0286077063765,2014.1005767871918,1.0168575958395025,117
3100000,-2710640.0431210827,300.2518606505917,2013.026797421832,1.0174000032755686,117
3102000,-2710399.844778871,301.47533408763985,2017.385362995923,1.0152019083004113,117
3104000,-2712073.3879270665,300.8480204923846,2015.8162159823523,1.0159921594304253,117
3106000,-2713457.815814635,300.5044665496842,2013.2998941891985,1.0172619966860807,117
3108000,-2713583.589471301,299.94795189523126,2018.0961133894261,1.0148443657874346,117
3110000,-2712289.652179366,299.8420994666923,2015.7549413824697,1.0160230433993915,117
3112000,-2711149.9007410184,300.7201999161904,2012.7520724801777,1.0175388704318171,117
3114000,-2711717.2090128735,300.0813110311309,2017.13593059594,1.0153274448319927,117
3116000,-2708585.2164553776,300.21875986595995,2016.5461945858062,1.0156243758707666,117
3118000,-2710428.072721878,301.01976480950947,2016.8681151284613,1.015462267923419,117
3120000,-2708648.4558556173,300.6631262344988,2018.913702357973,1.0144333895494257,117
3122000,-2712847.004242817,299.6913496048616,2013.347390967655,1.0172379985087638,117
3124000,-2712630.038532909,300.14356550173466,2013.799901213658,1.017009420378101,117
3126000,-2710635.4951800294,298.76376727932154,2017.2149789789355,1.015287657306339,117
3128000,-2711764.0160837527,300.5757869365444,2014.9075796878626,1.016450328013581,117
3130000,-2712686.575460406,299.9864415191394,2017.716163705168,1.0150354678875655,117
3132000,-2709237.4112652224,300.11141379506716,2016.4871319538595,1.015654123369651,117
3134000,-2708683.889798889,299.9176786369416,2013.3323832675944,1.0172455811627252,117
3136000,-2709013.41755748,300.73166394327785,2016.4350975444613,1.0156803324762702,117
3138000,-2709287.8324847855,300.68201773196495,2015.5805621386985,1.0161109452839852,117
3140000,-2709247.5497376528,299.8900516111735,2019.8660571248963,1.0139550902726713,117
3142000,-2708870.6153761093,301.2679916540836,2016.524316325868,1.0156353948770414,117
3144000,-2707644.1596727446,299.5125094696164,2019.0999867527248,1.0143397968045254,117
3146000,-2711425.610232314,299.49933452375944,2014.817464088491,1.016495790211608,117
3148000,-2713028.575907439,301.0866693661672,2012.6721229516115,1.0175792902061365,117
3150000,-2712392.69951394,300.8259619068469,2015.8793361258772,1.0159603472233285,117
3152000,-2711284.5200140066,300.88137890740956,2015.5489270176492,1.0161268936900607,117
3154000,-2712749.993451748,298.1834335273477,2017.6645772007375,1.0150614197391532,117
3156000,-2712302.494791422,299.5270536366318,2014.8013939610576,1.0165038978181113,117
3158000,-2712821.0314242113,298.6962056997036,2015.5259977919447,1.0161384534530782,117
3160000,-2710301.237457536,300.7806458044197,2017.2828158008645,1.0152535153965005,117
3162000,-2712798.9856982008,301.21318162846626,2016.9749544357842,1.015408478814596,117
3164000,-2711949.128952138,299.4082340401504,2014.827726181056,1.0164906129084792,117
3166000,-2710882.0823730025,300.1596643656279,2018.7592932119128,1.0145109806688535,117
3168000,-2709937.0875647496,301.1378212249708,2016.194990289623,1.0158012891384973,117
3170000,-2710732.0150867812,300.7208492341618,2019.0251353864437,1.0143774014476443,117
3172000,-2709701.3412612528,300.17285368128734,2018.2900077816903,1.0147468710613108,117
3174000,-2709384.2021430004,300.0012734466535,2020.5798316860764,1.013596908260624,117
3176000,-2708589.7089099493,300.47988854567274,2016.48402749428,1.0156556870106865,117
3178000,-2714249.2185085844,300.7937348081107,2010.3168226214489,1.0187714927541232,117
3180000,-2712709.3672606163,300.5368040717146,2014.224973877806,1.016794795443255,117
3182000,-2712483.0822956003,300.50942937140275,2015.870386011452,1.0159648579108322,117
3184000,-2711695.6862445455,300.56171891917336,2011.8382990220312,1.0180010348179334,117
3186000,-2710620.184065331,299.4202718128005,2018.5906042085485,1.0145957610328729,117
3188000,-2711609.833738545,299.80805445669995,2013.0072132979153,1.0174099013462785,117
3190000,-2711786.4330664948,299.31708830467716,2016.0887289692735,1.0158548286403286,117
3192000,-2713515.2295204885,300.44759953200366,2013.5009378520942,1.0171604253015862,117
3194000,-2712214.1180773135,300.38403306825137,2012.1605946508073,1.0178379776124185,117
3196000,-2713765.398816878,300.5613751494591,2014.1261430589057,1.0168446883770383,117
3198000,-2712982.7596839666,300.3662707994077,2017.4611680818082,1.0151637626007235,117
3200000,-2709676.8588082884,299.7340785141017,2015.699192619535,1.0160511438361979,117
3202000,-2712304.10031119,299.78506080459533,2017.278995400779,1.015255438122423,117
3204000,-2711849.3715788517,299.7397613817432,2014.6001702598237,1.0166054289703752,117
3206000,-2710428.409576107,300.9322797482992,2015.5875834568342,1.0161074056520354,117
3208000,-2710516.6114093456,300.310359394288,2016.2739079506969,1.0157615303232201,117
3210000,-2713042.6798042376,299.52216611582963,2010.7713491159986,1.0185412036983572,117
3212000,-2712022.223977335,300.80525337572635,2014.7965208193016,1.016506356412584,117
3214000,-2711295.7073356863,299.42962936079715,2016.8887549692931,1.0154518761853877,117
3216000,-2714659.977122618,300.6284749369868,2015.398533960672,1.0162027191048577,117
3218000,-2710749.5558202993,300.19358525608396,2015.0151355544597,1.016396072740778,117
3220000,-2710638.534636777,299.7937389521498,2014.8039580364812,1.0165026041971355,117
3222000,-2710337.786833089,300.6400219873525,2016.6414722128786,1.015576391991697,117
3224000,-2708188.5670765694,300.306187056129,2017.542374511598,1.0151229020835644,117
3226000,-2711503.81726571,301.39427243331704,2015.4217600520385,1.016191008197658,117
3228000,-2711020.750675831,300.15676963700014,2014.951682273719,1.0164280802900978,117
3230000,-2712228.4450824857,299.8521865382165,2016.8202656988958,1.015486359951396,117
3232000,-2710945.474994786,299.76516018185754,2018.5874747780417,1.0145973339678913,117
3234000,-2711286.349695338,300.0517452112753,2014.1993437406586,1.016807733879631,117
3236000,-2711600.795397492,300.6437122452486,2014.074728723912,1.0168706459012054,117
3238000,-2711811.327488277,300.7355568797829,2014.1580330927386,1.0168285887408717,117
3240000,-2708707.3858466186,300.1247187592064,2014.2733962146372,1.016770352097994,117
3242000,-2708237.056519475,300.2452529493604,2014.8441519493274,1.0164823260942155,117
3244000,-2711043.5186490193,300.275519091379,2017.4865534206347,1.0151509891445465,117
3246000,-2711962.5249378085,300.44884614027023,2016.7831030665961,1.0155050720013643,117
3248000,-2710448.878481595,299.7212491807379,2015.2280407794033,1.01628869232024,117
3250000,-2709553.6715833955,299.26751086758065,2017.8309372293927,1.0149777330220162,117
3252000,-2709575.1574094705,300.6520089732945,2019.2681895569258,1.014255303422657,117
3254000,-2710762.2992718816,300.07791838205924,2013.964791831077,1.0169261541204546,117
3256000,-2710668.1064970233,299.3551418806274,2014.3765245210082,1.0167182973787776,117
3258000,-2712610.34335855,299.72779340933243,2016.3396770992367,1.0157283981224665,117
3260000,-2711872.2099811044,299.4676281063153,2013.2820860225925,1.0172709947153409,117
3262000,-2712798.010437263,300.019934070288,2017.1035549764624,1.0153437413949118,117
3264000,-2709900.3534766734,300.0926348892751,2013.620518553494,1.0171000202967837,117
3266000,-2709665.0527565703,300.9784866053092,2017.4222875865548,1.0151833272055641,117
3268000,-2709838.6988082416,300.6585649406252,2018.211299477255,1.014786445215748,117
3270000,-2712850.1095915083,299.20425355932866,2015.9993505183772,1.0158998661205716,117
3272000,-2710832.494477818,300.1218700367169,2015.277145569129,1.0162639291542175,117
3274000,-2714673.2867141105,299.80021517740374,2015.1382511687525,1.016333975648041,117
3276000,-2707730.814485535,300.95573944419874,2014.3006764201389,1.016756581708857,117
3278000,-2712877.332443347,301.2075433598481,2015.3811030598406,1.0162115081764604,117
3280000,-2710321.6515126284,300.7822197433812,2015.1275798467088,1.0163393577525126,117
3282000,-2712143.1646479815,299.3317979852226,2011.7416982217283,1.0180499176912963,117
3284000,-2711406.4115389828,300.0728574534394,2015.1072576705192,1.0163496074438965,117
3286000,-2710830.521819938,299.84868457081416,2013.5586642382377,1.017131264494641,117
3288000,-2709047.275696378,300.40874646453136,2013.9561729816473,1.0169305061185374,117
3290000,-2711371.426196303,298.82941178230266,2017.717934985228,1.0150345768254139,117
3292000,-2711794.242063718,299.70441375348196,2015.8110469829583,1.0159947646661018,117
3294000,-2709932.14868539,300.6586815804413,2014.6523782741842,1.016579084499534,117
3296000,-2708557.400134474,301.5253930884967,2012.411504673954,1.0177110722802192,117
3298000,-2711138.820838377,301.0002241265828,2013.4572364592677,1.0171825024167636,117
3300000,-2710393.2128850613,301.2875055254773,2013.7575232117515,1.0170308225710951,117
3302000,-2712024.3782012872,300.43669655083016,2013.7105678980322,1.0170545374991973,117
3304000,-2713807.028265655,300.4468415712576,2015.534686132712,1.0161340731974513,117
3306000,-2710847.367255943,300.27293590112333,2014.5805583335718,1.0166153256164128,117
3308000,-2710400.520267166,300.88082972303806,2016.7935273803605,1.0154998231033707,117
3310000,-2713472.616681462,300.29534907687895,2014.1589071128503,1.0168281475002954,117
3312000,-2711297.727268167,300.2776444549355,2016.8851080593897,1.0154537123145202,117
3314000,-2710316.980872581,301.0742550614076,2018.4936463569697,1.0146444968935917,117
3316000,-2710950.543243576,299.93787997318697,2021.0607754779942,1.0133557066369767,117
3318000,-2710420.4764641263,300.06096595091117,2016.9832401084243,1.0154043075641443,117
3320000,-2711191.9709279444,300.9817201281837,2015.4146963825774,1.0161945697661054,117
3322000,-2710384.150325861,300.4935038236662,2017.568798354494,1.0151096071475472,117
3324000,-2709657.7807074524,300.306605394962,2017.8191623082016,1.0149836558931238,117
3326000,-2712513.1590686683,299.1522187642466,2016.4232546241697,1.0156862978018495,117
3328000,-2709930.0646239426,300.82142874646564,2014.4633918689467,1.0166744546251936,117
3330000,-2711327.5705449115,299.687485324276,2014.075361749544,1.0168703262978795,117
3332000,-2712374.626726212,301.0051828443648,2014.250946500069,1.016781684451704,117
3334000,-2713363.28083816,300.48387703736654,2017.146159534691,1.0153222961112631,117
3336000,-2711200.7889009397,301.0130687357822,2012.9702930757971,1.017428561830078,117
3338000,-2709468.5999520216,299.4223467884118,2016.1857811630211,1.0158059289106658,117
3340000,-2709497.2567464393,299.68520175222613,2018.0175455981473,1.0148838768811246,117
3342000,-2710456.317609269,300.1525985055459,2016.0941370856444,1.015852103638044,117
3344000,-2711345.7522041798,300.37352043567785,2013.565824558825,1.0171276475351931,117
3346000,-2712011.928773746,299.22276715433514,2015.7995272331523,1.0160005708017492,117
3348000,-2709570.5624687523,299.32809839856503,2017.1792765049308,1.0153056270929686,117
3350000,-2713449.211861154,299.5554785615471,2017.2913663002435,1.0152492121388266,117
3352000,-2710804.3874948937,300.25077111421416,2014.261223976796,1.0167764964701382,117
3354000,-2709973.3923221175,299.74816096860985,2016.8653856032663,1.0154636421994938,117
3356000,-2710711.940890847,300.70993543514106,2014.601813558359,1.0166045997314648,117
3358000,-2714030.733700758,300.2838146425192,2014.4909442436256,1.0166605494768084,117
3360000,-2712153.545940064,300.5110099398655,2018.1611177138057,1.0148116779748664,117
3362000,-2710618.5805546492,300.59451451968516,2016.3152061817575,1.0157407254638142,117
3364000,-2710468.678909423,299.9855887814768,2014.2370240582054,1.016788712464654,117
3366000,-2709936.674913816,300.91270551652434,2014.3291268134335,1.0167422210345018,117
3368000,-2714331.157553673,300.4943908700428,2013.261049705559,1.0172816240548181,117
3370000,-2714060.599062709,300.19059797246797,2015.191965429261,1.0163068856095396,117
3372000,-2711289.6074866895,299.9390233447692,2017.0698774115367,1.0153606938590563,117
3374000,-2711533.303721465,299.3120487690719,2015.0989666490332,1.0163537891622996,117
3376000,-2711706.5318295415,301.07007255504095,2017.7668040765207,1.0150099933020356,117
3378000,-2711401.296325892,301.480454101947,2016.3836010545635,1.0157062719710934,117
3380000,-2710327.406783914,300.49548455392,2017.8616158904495,1.0149623017567568,117
3382000,-2712104.797852142,299.4795099474641,2012.8802378982111,1.0174740810358867,117
3384000,-2712955.067776935,300.29051721399725,2014.0230461805727,1.0168967401712419,117
3386000,-2711740.983212352,301.36172750148097,2015.9120954774794,1.0159438374745633,117
3388000,-2710432.3346018307,300.1797026386492,2020.0208971807701,1.013877367877299,117
3390000,-2713488.7287263516,300.171326247232,2015.677884651831,1.0160618846321967,117
3392000,-2710288.1164322756,299.9678691676906,2019.0173835590035,1.0143812960543175,117
3394000,-2711124.2147581913,300.91013065114146,2014.4604502361456,1.0166759392326097,117
3396000,-2709987.592511045,300.28036788592453,2016.5744093809487,1.0156101658155494,117
3398000,-2710213.844962744,299.014802086186,2018.7081219982556,1.0145366969958367,117
3400000,-2709589.252500346,300.55709267999265,2018.0983657493587,1.0148432331395787,117
3402000,-2713035.049005065,300.20790895024896,2016.1656521188436,1.0158160705388586,117
3404000,-2712336.2181302607,300.791755116357,2017.742016933858,1.015022462288307,117
3406000,-2713806.161310477,300.03828977515957,2014.5794982745003,1.0166158605530085,117
3408000,-2713254.6813743375,301.11227718181647,2018.5979004837495,1.0145920937498103,117
3410000,-2712335.0125692356,299.7601049190088,2014.8338652302089,1.0164875157370725,117
3412000,-2711200.2689679116,300.2348429723773,2017.8502692851253,1.0149680090071076,117
3414000,-2713637.590846421,300.83629880084976,2016.5005887012933,1.0156473455878368,117
3416000,-2712731.5230875704,300.0464870510095,2015.0371337040456,1.0163849767503008,117
3418000,-2709095.2635690235,299.4424945085179,2014.5607602865432,1.0166253163788774,117
3420000,-2712168.166668957,299.8550876722079,2012.7692855432547,1.0175301685100986,117
3422000,-2710857.337113017,299.164314037257,2013.3919259925053,1.0172154978128203,117
3424000,-2711934.7269665077,299.94427737951133,2016.1344162407631,1.015831808530669,117
3426000,-2709703.7706060037,299.0885412057262,2014.8561951923434,1.0164762503535725,117
3428000,-2711131.4048347287,300.82809843446694,2016.4884139935289,1.015653477638752,117
3430000,-2713091.702521516,300.79507872050766,2017.475000406179,1.01515680237844,117
3432000,-2711802.9704525694,300.21808500773096,2016.7511049635555,1.0155211841710081,117
3434000,-2709525.141560005,299.20221867681823,2018.0776650025075,1.0148536430525503,117
3436000,-2709616.375813257,300.2693795786023,2017.1231087106923,1.0153338987821408,117
3438000,-2710686.4200693183,300.86405946596756,2017.7668702376752,1.0150099600205729,117
3440000,-2711919.0064364616,300.33257370847883,2017.375567114943,1.0152068378718937,117
3442000,-2713685.353921652,298.9694054642632,2017.3800773895032,1.0152045681649475,117
3444000,-2712424.692996027,300.4291970050955,2017.677983553793,1.0150546752180372,117
3446000,-2711514.4225716405,300.29121027295355,2018.7433734442586,1.0145189810810442,117
3448000,-2708126.6661654357,300.54945696436425,2017.582070920678,1.0151029292980365,117
3450000,-2710005.1139093656,299.682065051524,2017.5845392012814,1.0151016874373748,117
3452000,-2710496.113588799,299.49815919611007,2012.9428395701045,1.0174424380218234,117
3454000,-2710632.2083888147,300.3015048114826,2017.922504515197,1.0149316763692178,117
3456000,-2708498.8168550096,300.1741763767957,2016.7743010584302,1.0155095040708984,117
3458000,-2708892.511867525,300.4924384622305,2016.6502195187923,1.0155719868859956,117
3460000,-2710521.195873035,301.25872649705053,2018.4889836669377,1.0146468407125673,117
3462000,-2711137.2056909166,300.23892132165776,2017.397085476333,1.0151960092711285,117
3464000,-2708659.850852253,301.389158233081,2017.5437818055966,1.0151221940065547,117
3466000,-2712786.1096971687,301.37757479498856,2011.7360901559732,1.0180527556832715,117
3468000,-2709723.3971379083,300.9112768869517,2013.2678475468463,1.0172781891819904,117
3470000,-2708281.7826546747,301.3847235776488,2016.557277941028,1.0156187938196874,117
3472000,-2710243.899599226,299.373540975743,2014.9681594786814,1.0164197685489271,117
3474000,-2712865.825885253,299.957561465608,2017.70563231967,1.0150407658505762,117
3476000,-2709712.080075724,300.3937747333397,2014.6905781425708,1.0165598094864607,117
3478000,-2709276.708514031,299.7534362238664,2019.3039308634,1.014237351291188,117
3480000,-2710547.172263643,300.33247575940067,2014.110497995012,1.0168525869506941,117
3482000,-2713619.122470496,300.3246901694819,2016.822858268012,1.0154850545722132,117
3484000,-2709634.2830014545,299.6925283692992,2017.6839393875273,1.0150516789624,117
3486000,-2710981.5782471504,300.35315840185143,2016.339598570019,1.0157284376814557,117
3488000,-2709117.466460906,298.97324876527335,2015.1993905792197,1.0163031409522787,117
3490000,-2711928.9821422137,301.81631566466353,2016.886603369038,1.0154529594622126,117
3492000,-2711444.4618094545,299.5749209460938,2017.8817524234878,1.0149521734021603,117
3494000,-2709866.145858487,300.49788965008054,2017.7059833004103,1.0150405892838403,117
3496000,-2712470.1757174544,299.7870701268157,2019.8146632629657,1.0139808901982095,117
3498000,-2711989.1079186946,300.6755474573468,2013.4063220161013,1.017208224636935,117
3500000,-2709666.0258815195,299.8041187556477,2017.1304802337595,1.0153301882848134,117
3502000,-2713986.838404242,300.3363685788454,2014.8646302932884,1.016471994941248,117
3504000,-2711839.7207344286,300.4432283833818,2015.7185001714042,1.0160414115942404,117
3506000,-2710553.738532612,300.3894974948232,2015.7032458153278,1.0160491007506245,117
3508000,-2710710.037839601,299.33093778351133,2016.547524152791,1.015623706240806,117
3510000,-2709824.829122236,300.46619715641265,2018.3401910729553,1.014721640756719,117
3512000,-2712570.0211752933,300.66612890365997,2014.5998443053747,1.0166055934531946,117
3514000,-2710199.064803293,299.19111165669943,2015.9993300888011,1.0158998764154181,117
3516000,-2712179.2029633913,300.1420602941011,2016.7540789004506,1.0155196866676939,117
3518000,-2713096.9733674247,300.08427956116003,2018.7930636016538,1.014494009919433,117
3520000,-2713789.8558017313,300.85059923549085,2013.9938572124966,1.0169114781340116,117
3522000,-2710392.664145982,300.07323901665467,2015.0576467191374,1.0163746300883076,117
3524000,-2709164.5473190714,299.68592360025536,2017.9039507678406,1.0149410082236403,117
3526000,-2707909.6997841317,300.9631824843799,2018.444692097219,1.0146691055293646,117
3528000,-2710985.6877928767,300.47237955277234,2017.7768663555996,1.0150049316354108,117
3530000,-2710222.0946189966,299.4356140151036,2016.8192012580998,1.0154868959067798,117
3532000,-2710900.1185979173,300.486834155905,2013.9408103531634,1.0169382634098534,117
3534000,-2713281.9595552403,299.24489691532636,2015.4958001592754,1.0161536779828224,117
3536000,-2709825.516952075,301.38801187143315,2013.967189488276,1.0169249434550938,117
3538000,-2710939.403371256,301.07562202960696,2018.181759345024,1.0148012986478727,117
3540000,-2710579.757052958,299.18993434210705,2015.4712380002125,1.0161660616516144,117
3542000,-2708983.5406147,299.0624130282877,2016.1666362003848,1.0158155747237676,117
3544000,-2712310.2701165415,301.2171379245545,2018.2329877901514,1.014775540128932,117
3546000,-2713675.969440894,299.5302399206153,2019.0827381859342,1.0143484620798027,117
3548000,-2709023.317836659,300.2119965482746,2014.0584932799493,1.0168788429552849,117
3550000,-2709735.4698616154,300.89732475421437,2014.4346333647154,1.0166889688894547,117
3552000,-2711713.9708824735,301.6021970280093,2015.1572532683172,1.0163243920389382,117
3554000,-2714084.0865490343,301.4959109655201,2012.123165910582,1.0178569110424893,117
3556000,-2705584.3197829593,299.8638893630397,2016.9244397409077,1.0154339101339216,117
3558000,-2710670.386573158,300.6185480897092,2020.103591441874,1.0138358641444498,117
3560000,-2711005.550235709,300.28598537936284,2013.536612079079,1.0171424040688584,117
3562000,-2710878.3826675713,300.52316557339805,2015.3574697549848,1.016223424889367,117
3564000,-2710373.7947588004,299.4450239625813,2016.7781291637725,1.0155075765027135,117
3566000,-2711595.0948532727,301.8365992070297,2014.2593859642313,1.0167774242791328,117
3568000,-2711250.1234397665,299.32295260672254,2015.615187223319,1.0160934901032108,117
3570000,-2709702.2806292977,300.8109162682586,2019.2900267730251,1.0142443349575296,117
3572000,-2710838.9288761355,300.38673282469443,2014.5726436529164,1.0166193196077327,117
3574000,-2709788.5957515966,299.67384824790275,2015.6844750561654,1.0160585625553877,117
3576000,-2709826.722466277,299.9744352911371,2017.0478018673894,1.0153718064562895,117
3578000,-2712042.2897286955,301.5334456126411,2019.467302588225,1.0141553010865374,117
3580000,-2709448.1195107847,300.1923208196641,2020.7414272318865,1.0135158524939563,117
3582000,-2709901.00809386,299.88530974910543,2018.8648285326324,1.0144579475285436,117
3584000,-2707733.1277653947,299.86385799579836,2018.5345846340338,1.014623918698969,117
3586000,-2708384.824999064,301.3847212156801,2015.4699584489028,1.016166706779868,117
3588000,-2708673.8473403845,300.49340529309103,2017.7703803142153,1.015008194327765,117
3590000,-2713326.239495311,300.5814164540918,2014.2119856257877,1.0168013520456127,117
3592000,-2710819.6228027083,300.66969298515716,2014.500119269046,1.016655919104094,117
3594000,-2711669.1659206524,299.574583433381,2013.4442289361398,1.0171890737559321,117
3596000,-2713606.1211713385,300.9793703946553,2013.170882409542,1.0173271867708946,117
3598000,-2713115.5417808183,298.9804868871913,2016.0253884626466,1.0158867452817923,117
3600000,-2708434.7358049825,299.7624612728137,2014.7419396488851,1.0165338944836275,117
3602000,-2711714.3302258365,299.90375833966647,2017.0083038665991,1.01539168994231,117
3604000,-2712682.5498257354,299.54618268335287,2018.4758985830947,1.0146534183184683,117
3606000,-2708645.3023273535,300.2308085252493,2016.7272288751515,1.0155332069538723,117
3608000,-2713517.110568974,299.7927865078036,2016.3401812685531,1.0157281441479156,117
3610000,-2711527.584373625,299.529613996647,2015.7359048307512,1.0160326386916947,117
3612000,-2707609.810174944,299.3336706792972,2015.645295474721,1.0160783124336494,117
3614000,-2709129.3374169264,299.40695260862316,2016.9785163817673,1.0154066856223916,117
3616000,-2708302.299694555,300.73762590261464,2021.4348937489501,1.0131681592239965,117
3618000,-2709143.960180184,301.01549833662347,2017.0437048992715,1.0153738688538014,117
3620000,-2707961.8719339315,300.7179175102236,2017.0951611910855,1.0153479665686238,117
3622000,-2711619.568199519,300.0994051184315,2014.4612067639214,1.0166755574215405,117
3624000,-2711711.3762402255,300.17534159192166,2014.89791776527,1.0164552021386186,117
3626000,-2713248.8726748284,299.7981590208164,2015.2757623118634,1.0162646267036497,117
3628000,-2710144.693145288,300.68364309029073,2018.1879331062405,1.014798194308184,117
3630000,-2710249.084157016,300.1862844011353,2015.6229797568008,1.0160895618177022,117
3632000,-2712034.8554808088,299.6337908961819,2014.920023593506,1.0164440505376393,117
3634000,-2712374.1133781597,301.10439181075157,2016.6300637885124,1.0155821372826472,117
3636000,-2712795.3205781374,300.5289032485672,2018.2333359500376,1.0147753650727924,117
3638000,-2710840.6967112105,300.23762537988296,2017.6217970175353,1.0150829423622543,117
3640000,-2711559.8936740886,301.2445927398409,2018.2010460122099,1.014791600835583,117
3642000,-2711444.845930781,300.1563446079908,2013.9201364547462,1.0169487027902309,117
3644000,-2712162.1000957564,299.70236623646804,2016.1727707675848,1.015812483922723,117
3646000,-2711866.804612359,302.09775316141315,2016.3421671102897,1.0157271437842994,117
3648000,-2710014.9419268016,300.32661444171157,2014.8965366216955,1.0164558988843546,117
3650000,-2710573.0055894144,299.82618604985254,2018.1448607148625,1.0148198527063723,117
3652000,-2712757.153523255,299.79230923279886,2013.4231906070463,1.0171997024000163,117
3654000,-2711268.191126192,300.7448050855554,2013.3510579310605,1.017236145789388,117
3656000,-2713586.8280284964,300.58463028695536,2018.7372087921856,1.0145220791348732,117
3658000,-2712461.3382285144,299.9340555874657,2015.3344240067427,1.0162350456054767,117
3660000,-2712395.532046944,300.4039173524341,2015.9864250446221,1.0159063795508678,117
3662000,-2708768.630523963,300.0376057993681,2018.4000923625304,1.0146915262442044,117
3664000,-2708160.3811170533,301.1384963910336,2015.8121825906517,1.0159941923055014,117
3666000,-2710402.8112677746,299.8422289960007,2016.7891975742252,1.0155020032605084,117
3668000,-2705920.9083739743,300.53779682607114,2017.731728324049,1.0150276379863024,117
3670000,-2709971.392287165,300.67812328879666,2014.9243939367664,1.0164418458844924,117
3672000,-2712114.8808618635,300.09996658346955,2017.6546035930116,1.015066437359315,117
3674000,-2711040.4324228447,300.0554084759343,2015.502779871571,1.0161501590294417,117
3676000,-2708250.3334390502,300.16561605562146,2013.0675339855347,1.0173794151038629,117
3678000,-2710364.0073916204,298.82071597540056,2017.0974461440978,1.015346816389985,117
3680000,-2708555.6819816194,299.4384116174011,2015.44988549365,1.0161768273335872,117
3682000,-2711174.760523472,300.7909916583838,2015.6801885421391,1.0160607232896675,117
3684000,-2709328.3932221606,299.3429456386529,2018.1483107232307,1.0148181178799647,117
3686000,-2707220.9067166876,300.7825936044755,2017.7962786847932,1.0149951667200554,117
3688000,-2711603.2606433425,298.87889921689975,2013.6841157632787,1.0170678977196344,117
3690000,-2709334.312071901,301.3046361896758,2017.3577847913753,1.015215786575299,117
3692000,-2710841.3335709404,300.7368651083356,2017.341640263139,1.0152239112179502,117
3694000,-2707701.1449854113,300.630620680104,2013.620443359717,1.01710005827792,117
3696000,-2712186.8912984114,300.7795583717975,2014.7126869236256,1.016548654100185,117
3698000,-2712476.5682824254,299.5665991978642,2016.942747183223,1.0154246932150175,117
3700000,-2708403.228439277,299.306059746515,2013.3888414940775,1.017217056180255,117
3702000,-2711296.3705850057,300.2607898054004,2019.270092619672,1.014254347536919,117
3704000,-2710611.37656215,300.11822598707323,2013.5386731291073,1.0171413629260144,117
3706000,-2710450.5210265275,301.2876111824262,2015.5019249761372,1.0161505900397627,117
3708000,-2711472.30753378,300.61897105673523,2014.508888346381,1.016651493641179,117
3710000,-2711577.9245043937,300.77044201432244,2014.3279971429852,1.0167427912413611,117
3712000,-2712297.7182981465,300.75549894916435,2014.5210172921643,1.0166453726274287,117
3714000,-2709132.1866902765,300.91791641118243,2016.5546296339721,1.0156201276146555,117
3716000,-2709974.2945937514,300.7083049328078,2016.2762101310582,1.0157603705286269,117
3718000,-2707655.7298351806,300.2338809311147,2017.6928269440623,1.0150472078511077,117
3720000,-2709351.216801459,299.8132237687082,2017.5022632972218,1.0151430843718743,117
3722000,-2707562.228219418,299.9681245462233,2018.064990339558,1.014860016944338,117
3724000,-2710636.1895497087,300.73916500513667,2019.4723326894264,1.0141527750287571,117
3726000,-2712083.7742004655,299.5085611916188,2018.587267272479,1.0145974382658793,117
3728000,-2710228.6463147197,300.4858782390332,2020.0288108071545,1.0138733959306385,117
3730000,-2711398.869087275,301.158957449037,2013.5048216003536,1.0171584633519606,117
3732000,-2711492.999403663,300.8393940195267,2015.817088723924,1.0159917195598644,117
3734000,-2712176.441658048,300.8732209796841,2014.1501499259107,1.0168325684984885,117
3736000,-2710128.48987714,299.04323057046656,2019.8016730648815,1.013987411537801,117
3738000,-2710626.646410452,299.7779673173165,2011.3598771903467,1.0182431764283226,117
3740000,-2713478.1976436377,300.3087888229973,2015.4170598476028,1.0161933780820749,117
3742000,-2710516.9791241437,300.2856166393843,2015.742884996894,1.016029120347824,117
3744000,-2709212.6640245616,301.1923118991511,2016.7041691861343,1.0155448189098037,117
3746000,-2710209.940431524,300.4808953142551,2018.6581703891063,1.0145618016625404,117
3748000,-2710276.873726357,300.09285024369325,2018.8483017222864,1.0144662521416679,117
3750000,-2711629.79299446,299.81714237996323,2015.6617975107529,1.0160699938948232,117
3752000,-2710206.817261718,299.2332540736832,2018.417266119461,1.0146828927143967,117
3754000,-2708695.674930727,300.84363013950616,2017.9451259361124,1.0149202988563426,117
3756000,-2709440.2217012513,299.42062835708373,2015.972512871631,1.0159133902939235,117
3758000,-2710566.0300928466,300.4884984267293,2018.080827345358,1.0148520527717653,117
3760000,-2710071.0186486784,299.861461730234,2020.0199284793923,1.0138778540826028,117
3762000,-2711664.0950083453,299.4389902850632,2015.5640269211092,1.0161192812213955,117
3764000,-2710756.187012743,300.1567119318589,2016.4095740409684,1.0156931888526965,117
3766000,-2712472.2313001063,300.43845089630025,2019.2060955282996,1.0142864935017601,117
3768000,-2708935.421179777,299.83854341968697,2018.1383442033232,1.0148231295309265,117
3770000,-2708498.6336259823,300.1164219116144,2017.5489303596146,1.015119603530868,117
3772000,-2711894.826943986,299.90027250591413,2017.0987578820937,1.0153461561005508,117
3774000,-2710531.6746719982,300.47367710451175,2016.382044158041,1.0157070562220578,117
3776000,-2712590.9536921326,300.4626668616736,2017.473176893817,1.0151577199375927,117
3778000,-2711067.3703533374,300.0359064963011,2012.5763900322204,1.0176276937532744,117
3780000,-2712566.456451943,299.87906332433505,2013.0711111323076,1.0173776072613723,117
3782000,-2711445.251888197,299.63265417433956,2012.2285484517577,1.0178036047975692,117
3784000,-2711432.2264504824,300.7636585884709,2016.4326625060203,1.0156815590089978,117
3786000,-2709051.6706835907,301.41650501439034,2017.4206796306726,1.0151841363427057,117
3788000,-2709362.2035211325,299.293945745989,2017.4019017731741,1.0151935856165617,117
3790000,-2710162.570017373,300.5773243726896,2016.9408382953125,1.0154256542406879,117
3792000,-2712258.403541643,299.85069679443154,2015.8353202771352,1.015982530760109,117
3794000,-2709300.984580828,299.921078172698,2017.7281344420137,1.015029445905581,117
3796000,-2709997.571207002,299.53988380606836,2016.2334717397741,1.0157819017474934,117
3798000,-2710209.7297158334,300.3870643208534,2014.822480832064,1.016493259220034,117
3800000,-2713851.7295702007,299.57694191139063,2013.2112206934626,1.0173068028029941,117
3802000,-2709948.734610781,300.3819627514505,2016.851416839986,1.015470675326039,117
3804000,-2710001.3173298985,300.14845415173096,2018.9124823747604,1.0144340025486105,117
3806000,-2709659.82420329,299.9764722975461,2014.5254220993763,1.0166431497084125,117
3808000,-2712368.899363246,300.49776453768123,2013.7761470071634,1.0170214168712635,117
3810000,-2708685.284316616,301.03055311827853,2014.5192879174565,1.0166462453720106,117
3812000,-2709160.4901929814,301.2387985243248,2017.9749132296286,1.0149053176350007,117
3814000,-2710640.7790040225,301.382577172035,2016.5312526022315,1.015631901389016,117
3816000,-2709601.6794560645,300.97730489434025,2013.472240968986,1.0171749223148718,117
3818000,-2712441.2154899538,299.50903426876175,2016.260832014194,1.0157681177810836,117
3820000,-2712413.559500182,300.125895395643,2014.1366408735933,1.0168393885146119,117
3822000,-2711604.6098486,299.22243415308935,2015.9864744665852,1.0159063546458955,117
3824000,-2711034.92064327,299.5367740539424,2012.3932103173954,1.0177203241347446,117
3826000,-2712613.2338001523,300.01532409492876,2014.48645781582,1.0166628136638625,117
3828000,-2712190.9097373523,300.0152275125196,2015.2522027111947,1.0162765074939284,117
3830000,-2709738.2407682072,300.0052019387815,2015.5644360160088,1.0161190749817892,117
3832000,-2710695.4829448573,300.37812270706684,2017.2328421960199,1.0152786666219487,117
3834000,-2710280.242490938,300.5425681109593,2016.3000029021493,1.015748384339099,117
3836000,-2711575.8567410056,300.89829505448654,2018.0641518257419,1.014860438622779,117
3838000,-2711099.12111431,300.8507415688857,2015.1338626705485,1.0163361889897498,117
3840000,-2712818.447073415,300.54301205918284,2018.7384208312517,1.0145214700215872,117
3842000,-2711651.1205431707,299.9655086414094,2016.5593691432077,1.0156177406078317,117
3844000,-2713558.0942457877,300.5476274820414,2015.780209810808,1.0160103072363231,117
3846000,-2709440.833094673,300.07446494439824,2015.6115037713928,1.0160953469746945,117
3848000,-2712396.7250771318,300.8152592315227,2011.4816372006383,1.018181539624213,117
3850000,-2710749.4930368587,298.93654986267285,2013.9054438649582,1.016956122011511,117
3852000,-2712774.1007325538,300.180098328833,2017.414794752792,1.0151870976745472,117
3854000,-2711966.710772652,300.8174731132972,2016.2391578214458,1.0157790370978155,117
3856000,-2709747.770823188,299.39329704645206,2017.2792039974247,1.0152553331399898,117
3858000,-2708932.0671703443,301.1243268320914,2018.499576578522,1.0146415159335096,117
3860000,-2710937.543254791,301.2540001816899,2016.172801394739,1.0158124684917809,117
3862000,-2709789.3124789502,301.06791185679583,2016.8637063286942,1.0154644876915653,117
3864000,-2712383.453823192,300.471388610592,2016.0613732757508,1.0158686126519285,117
3866000,-2709250.8220328204,300.82851395600835,2018.0814336386622,1.0148517478792103,117
3868000,-2711495.0148972105,299.8419641214139,2011.2657817773797,1.018290814096628,117
3870000,-2709175.2791956365,301.0233459834593,2018.0078257460966,1.0148887651283383,117
3872000,-2712053.6118801236,300.14800630708595,2014.3448553001142,1.0167342820679244,117
3874000,-2710317.509602014,299.4331726138904,2015.3479257403483,1.0162282373840816,117
3876000,-2709895.611768108,301.4507695353502,2017.6850372697238,1.0150511266427138,117
3878000,-2711764.172477171,298.3139217423454,2015.8613796352522,1.0159693969936323,117
3880000,-2711081.539939966,300.2524887269656,2017.4287336554448,1.015180083501559,117
3882000,-2710557.485241566,300.0104527331864,2016.345457404304,1.0157254863099172,117
3884000,-2711648.603503721,300.1619752992695,2016.0576006827102,1.0158705136188737,117
3886000,-2712418.9999103714,300.40741649822144,2015.767017610393,1.016016956522416,117
3888000,-2711154.9192019682,301.1061193596405,2015.5949158623955,1.0161037092190202,117
3890000,-2711371.9965183455,299.5009014830893,2015.0229979591943,1.0163921068717519,117
3892000,-2710955.81165679,300.9576597313081,2017.711698288749,1.0150377142719462,117
3894000,-2708319.108222725,301.6510184057228,2014.225160846881,1.0167947010599723,117
3896000,-2711585.691336205,300.71727414033376,2019.4407550993615,1.0141686331322999,117
3898000,-2709955.821114963,301.28619425448926,2017.9527991749526,1.0149164396353239,117
3900000,-2709816.128943486,299.0051695543191,2017.4388772951722,1.0151749791977107,117
3902000,-2712124.6951653436,299.8457015900728,2016.594554306672,1.0156000203000264,117
3904000,-2713097.347132556,300.7116573596227,2014.0462772829853,1.016885010732559,117
3906000,-2712651.126330415,299.99287340404425,2016.9834697415324,1.0154041919605954,117
3908000,-2712665.963361224,299.9726772228454,2015.8467738261797,1.0159767581955,117
3910000,-2711108.890947601,299.5348942048288,2015.423035503957,1.016190365105489,117
3912000,-2710800.3364602607,299.82396511988713,2014.7659311357177,1.0165217897725207,117
3914000,-2710517.6047413107,300.5703874254386,2010.9214660059713,1.0184651687858095,117
3916000,-2712472.4062850084,301.42072840567664,2014.9391058095207,1.0164344244378316,117
3918000,-2713654.404415384,300.9189931877858,2016.0499677936623,1.0158743597670552,117
3920000,-2711469.176150715,300.77797255562245,2014.994077315618,1.0164066948619537,117
3922000,-2711985.7438816037,300.1525903731536,2015.8045012137463,1.0159980638289154,117
3924000,-2709827.6390171032,300.91520855050766,2017.4930924146622,1.0151476988897843,117
3926000,-2711194.8036784213,300.79007737676494,2021.044771105311,1.0133637312599943,117
3928000,-2710224.2213440184,301.115993945993,2018.5429908375627,1.0146196933070875,117
3930000,-2709192.3598150685,299.0247232881932,2018.5511023365948,1.014615616082265,117
3932000,-2710027.798242677,299.2310901677737,2016.4336308788525,1.0156810712377105,117
3934000,-2709801.6716603395,300.4873301712116,2017.3514745385382,1.0152189621589187,117
3936000,-2709791.8842370193,300.62756421475353,2016.3480597989906,1.015724175366305,117
3938000,-2713095.5085222013,300.4347035320846,2012.9320637887456,1.0174478846722366,117
3940000,-2713447.742819175,300.24711521593764,2012.9649636020556,1.017431255547506,117
3942000,-2709272.314404499,300.18862899259,2017.6561065274773,1.015065681245164,117
3944000,-2710372.2001254037,299.5925897185076,2015.545579885278,1.0161285811295577,117
3946000,-2712387.0084237084,300.67557192907856,2013.6787951941692,1.0170705850300694,117
3948000,-2712732.2389986236,300.2568140029892,2017.4054399700378,1.0151918051342206,117
3950000,-2710756.46421827,299.8324359430183,2012.310277657033,1.017762267096982,117
3952000,-2713140.9679433443,300.22602287315897,2017.287894695953,1.0152509593081473,117
3954000,-2712883.5107420813,300.2623408886694,2016.860864650794,1.0154659184412238,117
3956000,-2714970.861153519,300.4903301909881,2015.8277695086786,1.0159863363673944,117
3958000,-2709063.5293622054,300.095280108014,2013.080984696731,1.01737261732633,117
3960000,-2710603.945089802,299.70362850557404,2016.933954607432,1.0154291198342207,117
3962000,-2709310.474327896,301.0338931062195,2018.1770234311355,1.0148036800106117,117
3964000,-2710309.914045047,299.6576941703032,2017.4865705318632,1.0151509805345853,117
3966000,-2710341.283558484,301.2897019382108,2014.8646544554058,1.016471982751786,117
3968000,-2710591.4997229334,300.61535860558547,2017.8089533173786,1.0149887911458004,117
3970000,-2708414.176837541,299.74484664060236,2015.0691300707235,1.0163688380352975,117
3972000,-2709139.8199030515,300.2881797259724,2021.7405316198406,1.0130149929030983,117
3974000,-2711177.1023515705,301.3370449234767,2016.1533168206493,1.0158222855394918,117
3976000,-2711161.3225494046,301.650701381383,2014.0244037715531,1.0168960547128931,117
3978000,-2714062.801863173,300.2236579488953,2015.8977227834137,1.0159510808231715,117
3980000,-2713011.5071409605,300.28448730405125,2017.2877245610127,1.0152510449328496,117
3982000,-2710597.943358423,300.8495036716866,2014.0682462976517,1.0168739187739047,117
3984000,-2709132.72171109,300.02795204035965,2014.6161888911563,1.016597345729673,117
3986000,-2711424.796420239,299.86113502317045,2015.643219148727,1.0160793591019248,117
3988000,-2711411.505191531,300.7515499905802,2015.0634282605122,1.0163717139458708,117
3990000,-2712246.995681567,300.42310288464506,2015.436275697444,1.016183689351353,117
3992000,-2709499.7377337944,301.4659959087939,2019.155546083187,1.0143118861068674,117
3994000,-2710162.975500377,299.63362195728024,2016.4883599892764,1.0156535048393092,117
3996000,-2712692.1748130396,299.555491938347,2016.4127834414394,1.015691572236186,117
3998000,-2710711.788014332,300.8925548287172,2016.5403288127636,1.015627330149439,117
4000000,-2709917.2835106757,300.4876818952862,2015.444669168788,1.0161794573777307,117
4002000,-2707102.1499379613,299.5697338201865,2015.8955693122807,1.015952166108222,117
4004000,-2711407.162840264,299.9623120649596,2015.7085445378457,1.0160464298475,117
4006000,-2713634.8483570702,300.55291292025345,2014.701502170054,1.0165542975397603,117
4008000,-2711365.4738432374,299.86237849688183,2015.966513559797,1.0159164135491132,117
4010000,-2710375.172762204,300.2149584090934,2017.9533844172936,1.0149161452915214,117
4012000,-2709730.6249049567,300.8983164436304,2014.3078485717274,1.0167529614418072,117
4014000,-2712312.8159120344,299.9665917960815,2015.5316201599,1.0161356189134352,117
4016000,-2712377.0235245954,301.939987200373,2018.3264166503081,1.0147285659025396,117
4018000,-2711660.572797058,301.0795488035767,2015.0523589133054,1.0163772972109126,117
4020000,-2710875.212543154,300.92126463591063,2015.466997811526,1.016168199486589,117
4022000,-2710028.405939929,299.9778950452254,2018.567229285182,1.0146075100089873,117
4024000,-2710683.860910287,300.6574730759676,2018.9026583431541,1.0144389388102286,117
4026000,-2709460.8943347093,301.07646712547995,2016.0644955419239,1.015867039382714,117
4028000,-2710589.0420604274,299.54559287822735,2016.8321711163578,1.015480365506635,117
4030000,-2710849.434974719,299.1198575485979,2015.825442423354,1.0159875092303041,117
4032000,-2711354.8469208926,301.6418569934957,2014.2593684941019,1.0167774330978747,117
4034000,-2711603.8680094425,300.31682537134185,2014.9382401121768,1.0164348611383536,117
4036000,-2712720.1881348807,301.6493186218757,2015.5900835045286,1.016106145317904,117
4038000,-2709528.301255135,300.5739024898824,2018.1956064229191,1.0147943359765708,117
4040000,-2711062.879664777,300.578963838748,2016.8549222801835,1.0154689103643229,117
4042000,-2710846.832100792,300.1992151579783,2017.8504714523633,1.0149679073180664,117
4044000,-2706947.812379688,300.6197046181456,2018.810703706084,1.014485145403188,117
4046000,-2709901.9639505185,300.5130786920964,2013.7980204552705,1.0170103701997701,117
4048000,-2709508.399794994,299.2035404460717,2017.1491763717602,1.0153207776008943,117
4050000,-2710670.35500321,299.98053635714405,2013.8064448282114,1.0170061157319858,117
4052000,-2711948.8577831592,299.9034761684438,2014.2638204222849,1.0167751858152376,117
4054000,-2711276.2945416793,300.27000231191124,2012.0427289967195,1.0178976026577806,117
4056000,-2710752.976277733,299.8824953602419,2020.776771046265,1.0134981258867062,117
4058000,-2711086.272761455,300.0073722217036,2013.723073419502,1.0170482214384031,117
4060000,-2709511.3343500607,299.8743711207828,2016.3546423569053,1.015720859450013,117
4062000,-2711567.021559704,299.66759832996246,2011.513497245911,1.0181654128072704,117
4064000,-2713120.330308536,300.22794487409396,2016.067415787288,1.0158655679135613,117
4066000,-2712190.420721164,301.0462617064915,2015.7165921332023,1.0160423733593198,117
4068000,-2711550.4904738497,300.46502787238524,2017.9925182420704,1.0148964635780193,117
4070000,-2709981.6708767973,300.6136662326376,2016.2049465617295,1.0157962729847287,117
4072000,-2713174.4919952694,300.77755881108254,2015.8012078046352,1.0159997237630733,117
4074000,-2710971.994450638,301.3956785308199,2016.4084068468817,1.0156937767847247,117
4076000,-2710976.4617007095,301.2906381510566,2018.5987902759148,1.0145916465207223,117
4078000,-2709175.517907137,299.83392969332067,2013.5957431059567,1.0171125347790375,117
4080000,-2712975.3434516806,300.85562746082167,2013.7233136724897,1.017048100096572,117
4082000,-2709865.4358340427,300.1469542280613,2016.9243147940172,1.0154339730392614,117
4084000,-2709641.292673694,300.9101097080337,2017.3987191591136,1.0151951871687728,117
4086000,-2711210.5002999827,300.69674070061626,2015.0055699795303,1.0164008977461956,117
4088000,-2712608.7161368392,300.8476504531824,2015.510161453741,1.0161464374923148,117
4090000,-2709014.416927276,299.89116709987627,2017.0981388170321,1.0153464677191668,117
4092000,-2710449.9005902894,299.676746579761,2013.118024501101,1.0173538984622303,117
4094000,-2714473.818527261,300.32445737588273,2012.0025026926983,1.0179179536555412,117
4096000,-2710640.582918633,299.95005405269217,2012.0615672562456,1.0178880724229595,117
4098000,-2710163.2108738665,300.9153570693418,2015.3062931463621,1.016249230826988,117
4100000,-2710753.907024922,299.61926287239277,2016.6183101597567,1.0155880564867688,117
4102000,-2708768.0892359056,300.2165093053814,2019.4114819881074,1.014183334381398,117
4104000,-2710852.9949538633,300.49484032958526,2016.2769314678947,1.01576000713342,117
4106000,-2711995.066453142,300.91848329862245,2017.0382027362873,1.0153766386340215,117
4108000,-2708979.106316082,300.2308248328915,2014.4698463239458,1.0166711971529967,117
4110000,-2711149.2505384255,301.2528832163091,2016.3838827313325,1.015706130083002,117
4112000,-2711052.4496379513,299.28035474103007,2017.411165631021,1.0151889238950322,117
4114000,-2711544.281542821,299.9347897647109,2018.0185339967738,1.0148833798045054,117
4116000,-2710882.1232550927,299.95083344853515,2019.6748388195947,1.0140510892772079,117
4118000,-2710256.286123341,300.38120647735246,2018.617465547672,1.0145822600098828,117
4120000,-2709280.667323673,300.6076751569809,2017.7494970274968,1.01501869945101,117
4122000,-2712062.460098559,300.81365509795194,2017.413749803509,1.0151876235057158,117
4124000,-2710361.3599576447,300.1132358659793,2015.3231991501289,1.016240705785778,117
4126000,-2711080.481803106,298.98636439203915,2016.5604250118802,1.0156172088315745,117
4128000,-2710685.3901782557,299.89138910812795,2015.964225834752,1.015917566415515,117
4130000,-2711913.9976378586,299.32726404561197,2016.7149806387315,1.015539374652794,117
4132000,-2708741.5942333676,300.8137550283336,2019.0989401633851,1.014340322582236,117
4134000,-2711169.5567611847,299.2075569337933,2019.509924563846,1.0141338972291,117
4136000,-2713740.6703779083,300.98906295133906,2011.3785177289733,1.0182337398150276,117
4138000,-2713018.7190913223,300.0657533171695,2017.083283363513,1.0153539455622391,117
4140000,-2708982.7169284876,299.784857478617,2012.6427547104558,1.0175941386008256,117
4142000,-2709796.6771747787,300.18470118263116,2014.751933584558,1.0165288520889877,117
4144000,-2711888.705603773,300.8849862015959,2019.8831977820923,1.0139464858857279,117
4146000,-2709065.044712726,300.47019302719434,2015.9829965002136,1.015908107283762,117
4148000,-2711329.0658577904,301.0508502126797,2014.756851566022,1.0165263707622465,117
4150000,-2712428.1033163313,300.82638123049003,2016.554237584366,1.015620325067054,117
4152000,-2710949.812879173,299.7242414118922,2015.337997717837,1.0162332435601318,117
4154000,-2711414.345633302,300.7092601223885,2016.2282443742308,1.0157845353101012,117
4156000,-2714231.6033564564,301.3394676256558,2011.1738860342643,1.0183373424409543,117
4158000,-2712550.808527384,299.9419553764407,2015.1444647585804,1.0163308418367618,117
4160000,-2710002.842573289,300.4615961682645,2014.4150122304166,1.0166988718094974,117
4162000,-2710615.5136775803,300.0225800017138,2015.9572907286492,1.015921061279294,117
4164000,-2712567.9081689864,300.88671883128563,2016.8015625153137,1.015495777252616,117
4166000,-2707675.740439635,300.2691445126012,2018.3186188392842,1.0147324863249763,117
4168000,-2709956.729104385,299.78378834825355,2013.7297312741214,1.017044858842572,117
4170000,-2712720.560322324,301.02578956681975,2014.5576487615986,1.0166268865771952,117
4172000,-2712354.1044645924,300.48893329869117,2017.9372231419818,1.0149242735618433,117
4174000,-2709801.551104322,299.1820990945623,2016.787913986899,1.015502649578097,117
4176000,-2710782.0336229745,300.06785421689136,2013.3706027448864,1.0172262709600552,117
4178000,-2711578.828415837,300.3976407600364,2015.8544127185176,1.0159729082463045,117
4180000,-2711121.6835928652,298.86731931804024,2015.670008464641,1.01606585487215,117
4182000,-2710739.0331538767,300.2129182248579,2018.2579183209584,1.0147630051141374,117
4184000,-2712790.936937865,300.7535067716697,2019.6960804757068,1.0140404242446184,117
4186000,-2712149.604323242,299.9422136502792,2015.883138261528,1.0159584310313712,117
4188000,-2712674.5785524957,300.7293133963382,2014.526248778226,1.0166427325198102,117
4190000,-2713098.2729016338,299.8852742749862,2013.6730132504083,1.0170735053874884,117
4192000,-2712743.185289936,299.3677937566217,2014.6372506976431,1.0165867178230545,117
4194000,-2711736.2856865693,300.2763900526813,2016.5078292715798,1.0156436987554838,117
4196000,-2710441.011002306,299.5538045273612,2015.910833261724,1.0159444735842054,117
4198000,-2709424.5533259474,300.9546717177938,2016.8840797371083,1.0154542300506102,117
4200000,-2711422.662045609,300.69550444682926,2016.0258137096434,1.0158865309974392,117
4202000,-2711336.5350113995,301.0606745012923,2016.461637911211,1.0156669642435117,117
4204000,-2710724.6964873634,299.989754768866,2020.3228280287096,1.0137258471157933,117
4206000,-2708627.147393385,299.69273482000966,2015.4745636013422,1.0161643849432778,117
4208000,-2711522.8679468427,300.84984635316846,2016.2845543770295,1.0157561668787196,117
4210000,-2708677.3988187555,301.17971682483693,2015.6068333497585,1.016097701398986,117
4212000,-2711210.8811037876,301.07392851875534,2017.3653046951924,1.015212002270567,117
4214000,-2711094.2906186916,299.8880353403003,2019.3430064975073,1.0142177251219293,117
4216000,-2708841.2444517463,300.59299972969967,2016.139058303317,1.01582946962712,117
4218000,-2710732.790461624,300.24898013653143,2016.85094009171,1.0154709153655401,117
4220000,-2711656.690068569,299.54858921502887,2015.5223496972064,1.0161402926633185,117
4222000,-2710379.653256558,300.0756450951006,2017.5686487018777,1.0151096824430315,117
4224000,-2711714.264301108,300.2581001330234,2018.0893786350985,1.0148477525192399,117
4226000,-2707147.70688658,301.12027903464286,2020.2921503149903,1.0137412403307415,117
4228000,-2708961.219821604,300.4049220780735,2016.5035649603583,1.0156458465428206,117
4230000,-2711496.9086971674,299.2238790655333,2016.075734959456,1.0158613760271096,117
4232000,-2709106.719661223,300.85075828244436,2019.037489224782,1.0143711947999232,117
4234000,-2712485.4311241135,301.2794088527394,2015.120373274659,1.0163429924350387,117
4236000,-2710659.647406183,298.2321317602769,2014.805228887696,1.0165019630316514,117
4238000,-2709732.852778841,300.4257711767929,2016.6337759188893,1.0155802678439088,117
4240000,-2710879.321226081,299.6623744074417,2015.6910577407916,1.0160552443915982,117
4242000,-2710424.808993576,298.6064212422701,2013.8590393375573,1.0169795553140948,117
4244000,-2713066.2507746816,300.34077960097596,2016.8444624034405,1.015474176848594,117
4246000,-2710994.288855087,300.60079222623347,2016.8602987917618,1.0154662033447255,117
4248000,-2711242.419710871,299.77508124443267,2012.2943016475144,1.0177703473164874,117
4250000,-2713135.4169621896,300.22175593350335,2014.3519481071896,1.0167307020082847,117
4252000,-2713409.2950238287,300.15157610934466,2015.0928382830277,1.016356880130563,117
4254000,-2711416.0575901903,300.2181778832254,2014.8141700170308,1.0164974521066958,117
4256000,-2709580.1437937953,300.3464455938071,2017.6177883883386,1.015084959142213,117
4258000,-2709104.2550833356,300.2975215759864,2018.2183863799992,1.0147828818289053,117
4260000,-2708394.123775555,299.40333178051776,2017.8659227773207,1.0149601354444349,117
4262000,-2705321.702276759,299.57018125701745,2018.0430881022478,1.014871031429142,117
4264000,-2709108.112699937,300.6203704430003,2019.2100556670784,1.0142845042509319,117
4266000,-2712027.3808070496,299.5648107087673,2016.3618735700607,1.015717216803255,117
4268000,-2710226.1828878466,300.70710933456917,2019.6427703399406,1.0140671906775158,117
4270000,-2711421.944474086,300.7227213161977,2014.0254688008063,1.0168955169719047,117
4272000,-2711493.542759327,300.2810282075576,2017.2558201273055,1.0152671018996142,117
4274000,-2712126.621864341,300.74620153768706,2018.6830460263907,1.0145492995159402,117
4276000,-2710754.979960788,300.33233587114125,2019.2910577578768,1.0142438171171018,117
4278000,-2710610.8188853804,300.66719580697463,2017.6972844269199,1.0150449654158507,117
4280000,-2712111.0771320406,300.22699693303,2018.1268720230894,1.0148288983624154,117
4282000,-2711600.148356786,299.9172794399684,2016.612616106283,1.0155909240740557,117
4284000,-2709430.551335098,300.9817425805486,2016.7467993763169,1.0155233522245548,117
4286000,-2713310.0027585104,300.6717409884626,2016.6003827922243,1.015597084958897,117
4288000,-2708984.58864752,299.7259357485914,2016.2336420779195,1.0157818159308494,117
4290000,-2711706.5906903874,300.0697019620457,2015.1216564569404,1.0163423452516214,117
4292000,-2709705.745193964,299.7499548878481,2018.1778660839175,1.014803256298134,117
4294000,-2709931.602612769,300.1778542385169,2018.8918049562071,1.0144443923458317,117
4296000,-2707376.298202608,300.0137837747277,2015.6677164409718,1.01606701024462,117
4298000,-2711777.9415344,299.52187797554006,2017.8316206388274,1.014977389264216,117
4300000,-2710754.000686854,300.8160880910733,2018.694133999522,1.0145437269553506,117
4302000,-2708722.268421456,300.97926667111057,2019.5439654551067,1.0141168032602093,117
4304000,-2709238.5736101326,300.58562659893767,2021.7392111844038,1.0130156545220088,117
4306000,-2709965.4896822125,300.62203037248787,2017.8593895410968,1.014963421587343,117
4308000,-2706709.777118614,299.51354686165934,2014.9882034560544,1.0164096577726915,117
4310000,-2711396.0263568126,300.73294580894753,2016.4620653496963,1.0156667489480415,117
4312000,-2711567.711685458,300.2466418153435,2011.2524836003797,1.018297546921867,117
4314000,-2711290.1202731244,300.911284811578,2016.0129430344282,1.0158930166431,117
4316000,-2713032.755720217,300.70339483468166,2015.1677418275046,1.016319102266619,117
4318000,-2711377.501504753,300.7435610820242,2016.4915515739553,1.01565189732245,117
4320000,-2709212.7172181383,298.6930083799895,2019.0791861908426,1.0143502465371845,117
4322000,-2713321.9669675697,299.610788247534,2017.2103296702555,1.0152899973626275,117
4324000,-2713842.01015364,299.9108055154103,2013.9114724779895,1.0169530777689946,117
4326000,-2709839.260017896,300.30932244931125,2017.4451225096716,1.0151718366163196,117
4328000,-2707899.2279763184,300.5680042674916,2017.8771831230868,1.014954471669573,117
4330000,-2707060.8487250768,299.58385055293763,2019.0440525788688,1.0143678973595733,117
4332000,-2710681.213651357,301.0341345020991,2014.6099660932828,1.0166004858311852,117
4334000,-2712184.2871057894,301.3635059168246,2015.4236820534334,1.0161900391108336,117
4336000,-2710389.3462581746,300.4048424411394,2013.761309998864,1.0170289100906078,117
4338000,-2711557.5392909683,299.7542072852899,2016.9688467209667,1.0154115536391883,117
4340000,-2711128.4280044734,300.0681190316043,2018.4930683079867,1.014644787463933,117
4342000,-2707811.1852902696,301.5548291017391,2017.5655387707575,1.0151112471610695,117
4344000,-2710946.3461328615,301.614446206076,2018.0436402118858,1.0148707537740573,117
4346000,-2710997.401718816,300.158813283048,2018.2405034376263,1.0147717612456857,117
4348000,-2711562.2801761273,299.4379725460394,2015.3740205454308,1.016215079390824,117
4350000,-2709879.9756571073,299.0994903738422,2015.8141511865829,1.0159932001098508,117
4352000,-2713383.5544233266,300.571233111846,2015.0669456716435,1.016369939812665,117
4354000,-2707969.6855676007,300.30062488078687,2018.88642410124,1.0144470961027556,117
4356000,-2710864.345380651,300.32893058205605,2014.0697851461691,1.0168731418321453,117
4358000,-2708443.886096008,299.84579631340796,2020.0753388908993,1.0138500435410696,117
4360000,-2712153.1821908187,300.8287643327855,2015.2736823931903,1.01626567556753,117
4362000,-2713687.8660787456,301.252897589489,2014.7101265530864,1.016549945969021,117
4364000,-2710863.9410541356,299.4189059652981,2017.033482375459,1.0153790148683044,117
4366000,-2709307.7135417406,300.19177970406065,2016.0634703202745,1.0158675559779982,117
4368000,-2717368.438711522,300.0684372687427,2013.6941916678295,1.0170628086256193,117
4370000,-2712585.8964752406,299.9532187609299,2015.044537846603,1.0163812421136118,117
4372000,-2707057.6934228055,300.0043480766703,2014.52272720973,1.0166445097035424,117
4374000,-2711629.572882248,300.3827104065499,2014.5473848799495,1.0166320661714425,117
4376000,-2711524.5904107206,301.3754778988746,2015.1598786099978,1.016323067975862,117
4378000,-2709950.0542589594,298.4868231011436,2021.1692008972186,1.0133013452716506,117
4380000,-2713994.8790264055,299.4129809355019,2016.8469527852706,1.0154729229515467,117
4382000,-2712652.2468359023,301.49490490730204,2016.3392051403491,1.0157286358711763,117
4384000,-2712130.767023245,300.5119063937602,2015.9430476139473,1.0159282390020083,117
4386000,-2708853.6613172367,300.51792795393663,2020.2270444643154,1.0137739101665386,117
4388000,-2709579.0837985314,300.9265762928114,2018.3503964064134,1.0147165100456546,117
4390000,-2713169.454682024,301.28436942666866,2013.9016120402637,1.0169580569608443,117
4392000,-2709541.0986840054,299.78208674025257,2016.4099396855288,1.0156930046725443,117
4394000,-2710320.1332697887,300.8681577039183,2017.9199504777762,1.0149329609461806,117
4396000,-2712682.03477088,301.6109221932241,2015.4422389066533,1.0161806827080375,117
4398000,-2712342.293076284,299.2421641177163,2016.1731272660797,1.015812304307383,117
4400000,-2713182.648027992,302.85349670650317,2016.5633799864297,1.0156157205951846,117
4402000,-2710563.5161919873,300.4286065811535,2015.9658620191226,1.0159167418834756,117
4404000,-2712193.907539893,300.42184069622385,2014.8758432529635,1.016466338186005,117
4406000,-2710659.907637736,300.70519682018914,2017.5920474601303,1.015097909842079,117
4408000,-2711686.1267758776,299.4311289043528,2013.8198056384006,1.0169993683429517,117
4410000,-2712489.2225789,300.5998393039195,2016.131951973806,1.0158330501561277,117
4412000,-2709466.743398007,300.0223403271988,2017.0998862292338,1.0153455881252413,117
4414000,-2710278.2508116737,300.61023803190926,2014.7554512767167,1.0165270772653634,117
4416000,-2711260.8165583983,299.71486041250387,2014.5335941574808,1.0166390256437083,117
4418000,-2710539.942696616,300.1057197832351,2016.1848898139858,1.0158063779952906,117
4420000,-2710447.323091563,299.87990572677387,2015.581102055801,1.016110673096636,117
4422000,-2709580.354981687,300.72106298288486,2021.6627859700332,1.0130539497011533,117
4424000,-2711685.3548625223,301.2406429955323,2020.3329953120635,1.0137207455617652,117
4426000,-2707662.731152175,300.2303266486007,2017.499169623756,1.015144641012527,117
4428000,-2708826.283767149,300.4363322913741,2019.257049676096,1.0142608988881838,117
4430000,-2709990.1552969497,299.71526571321624,2016.765403325437,1.0155139843800132,117
4432000,-2709524.227321267,300.15939368421425,2017.304693291613,1.015242505062036,117
4434000,-2711453.426277222,301.19322757389955,2017.9054382984175,1.0149402600439907,117
4436000,-2710855.5408527646,300.42661220577827,2017.8382448501454,1.0149740572703227,117
4438000,-2706939.979392698,300.2269480259417,2018.7158064863315,1.0145328350380884,117
4440000,-2709351.6206611097,300.20013916760314,2018.649556756626,1.0145661308253011,117
4442000,-2709850.7121187,300.52345656158974,2014.6045357728035,1.016603226054559,117
4444000,-2710567.111533381,299.6381326420573,2017.3780155399916,1.0152056057488943,117
4446000,-2711284.612893086,300.34364363778235,2013.6774583744916,1.0170712602325285,117
4448000,-2710568.0873199943,299.35777816192643,2015.574601287321,1.0161139503259835,117
4450000,-2708871.109071791,300.7930768304876,2012.1637502660892,1.0178363813680393,117
4452000,-2711548.4114479497,300.7186833066543,2011.5091513049638,1.018167612591823,117
4454000,-2714999.328604173,300.35402870066366,2008.4198487220974,1.0197337332599552,117
4456000,-2715034.7252075803,300.79436266996635,2015.835113440599,1.015982635005891,117
4458000,-2710505.82504306,299.5255788027699,2017.9263249470032,1.0149297548534468,117
4460000,-2708804.1928596403,300.5053087231228,2017.2253768731161,1.0152824239527707,117
4462000,-2712167.556461282,300.52499648643055,2018.49134155497,1.0146456554592083,117
4464000,-2712421.5820091236,299.6937895159768,2019.2044295084895,1.0142873303766038,117
4466000,-2713450.451145483,299.36346271437213,2016.592444887641,1.0156010826495439,117
4468000,-2711489.8508526944,301.11634970864645,2015.6675801037613,1.01606707897011,117
4470000,-2711840.0033440962,299.6840985787722,2014.0450913390155,1.0168856095119267,117
4472000,-2711037.346168412,299.8395506777717,2014.2413044951638,1.0167865517007109,117
4474000,-2711030.179830773,299.1649054049847,2013.0500158805426,1.017388268614342,117
4476000,-2711063.1547073107,300.72226036645776,2017.3732011140753,1.0152080285193443,117
4478000,-2710201.0276241805,299.79793126738474,2018.9293472068316,1.0144255286220096,117
4480000,-2712683.58405496,300.2386056268766,2017.5243776897444,1.0151319572336435,117
4482000,-2711914.1505292356,300.2241153233159,2017.4656188384238,1.015161523035008,117
4484000,-2712855.711090047,299.9924629252233,2014.064051456731,1.0168760366928076,117
4486000,-2712042.069051763,300.81030588475005,2017.1394154272132,1.0153256907416182,117
4488000,-2713314.170520669,299.2677315909161,2013.2056337685262,1.017309625970508,117
4490000,-2711361.2647148054,299.99321052041864,2019.0069274742373,1.0143865493581434,117
4492000,-2709890.9998737685,300.918286669621,2018.6122455813454,1.014584883636706,117
4494000,-2713283.909176834,300.48903397908924,2014.3792153074428,1.0167169392572375,117
4496000,-2709764.3619429115,300.45228002995003,2014.5985108237974,1.0166062663539355,117
4498000,-2708760.1399678607,300.85717066711663,2015.8585871933876,1.0159708043520133,117
4500000,-2708859.8312204108,300.0118799057878,2020.8827389275086,1.0134449816606828,117
4502000,-2711849.292978188,300.1811426876169,2017.7941057249313,1.0149962597670372,117
4504000,-2710883.7885359097,300.83893602362133,2016.3703079995084,1.0157129680820902,117
4506000,-2709562.1110173874,300.96041682067033,2017.3347492065172,1.0152273791428736,117
4508000,-2710251.1253063977,300.3427908635534,2016.6625925293874,1.0155657559562403,117
4510000,-2710163.1788091306,301.35315993253147,2019.9234216229063,1.0139262946143133,117
4512000,-2709860.6953721438,301.9452170637316,2016.0069870675027,1.015896017934884,117
4514000,-2709380.1270350777,300.23396773084863,2015.3634019373148,1.0162204336558063,117
4516000,-2711851.498412369,299.4769097022654,2019.0474541812603,1.0143661883971324,117
4518000,-2710251.211979596,301.2357779036034,2015.69327640472,1.0160541260244604,117
4520000,-2708296.226494057,300.6126029833916,2015.2989849227536,1.0162529161246419,117
4522000,-2711899.3383397143,300.21077066651003,2015.243717498312,1.0162807865408936,117
4524000,-2711576.1495594922,300.19297539034665,2017.4717466067586,1.0151584396338915,117
4526000,-2709107.378760349,301.04829562431564,2019.8578281309751,1.0139592211724593,117
4528000,-2713016.2838511206,301.4471047660273,2014.5108633493471,1.0166504969279062,117
4530000,-2711843.75331706,299.9083754510655,2013.057271333635,1.0173846017475494,117
4532000,-2709937.4113848843,300.77753565666484,2018.2409674815149,1.0147715279243716,117
4534000,-2713064.857224986,300.225282279559,2013.3802249114494,1.0172214095233079,117
4536000,-2710790.6030730773,300.4761979226515,2012.4476762556933,1.017692780018675,117
4538000,-2709242.9409958813,301.4405137382653,2019.468965502343,1.0141544659891941,117
4540000,-2712886.3528081737,300.94155533397424,2015.82576157901,1.0159873483740602,117
4542000,-2712143.0289538503,301.30336214922,2013.7882555037143,1.0170153017296717,117
4544000,-2712216.744644407,299.6651967033883,2015.9427365516174,1.0159283957609275,117
4546000,-2712416.421931075,300.4442075744075,2015.7737107695068,1.0160135829477357,117
4548000,-2712285.731719449,299.2336639682981,2017.7569820781698,1.015014934148019,117
4550000,-2712409.396774901,299.7103981347357,2017.2960963732394,1.0152468316241907,117
4552000,-2710448.019844504,299.3229167432112,2015.8744082001806,1.0159628307992306,117
4554000,-2713250.5693833213,300.3630187708236,2015.387722450117,1.0162081705057477,117
4556000,-2712587.6309241652,299.7389958921666,2018.0794435973935,1.0148527486311214,117
4558000,-2711967.300367167,299.6616403027884,2015.697677087522,1.0160519077692285,117
4560000,-2710356.046112392,300.06832421395217,2018.5298878073843,1.0146262795818517,117
4562000,-2710816.4728465546,300.1656159818758,2021.3274020684694,1.0132220382482127,117
4564000,-2711466.541209528,301.2644196871673,2020.1107333134394,1.0138322798431487,117
4566000,-2710737.055749813,300.8592003520285,2018.3968857935813,1.014693138255382,117
4568000,-2710520.328846341,300.6787539743737,2013.969665326502,1.0169236933162802,117
4570000,-2709841.5997926835,299.53580180092905,2013.2658351681746,1.0172792060119067,117
4572000,-2711436.4853932615,301.2581474980419,2017.5934495373,1.01509720442464,117
4574000,-2709620.992451528,299.9632358174095,2015.652509773257,1.0160746757491284,117
4576000,-2711674.813934969,300.253797697661,2015.4407673620071,1.0161814246575247,117
4578000,-2711884.571462443,300.6187325155269,2015.575233628206,1.0161136315433432,117
4580000,-2709447.5302309263,300.6035742780479,2020.360642133196,1.0137068737036687,117
4582000,-2708520.007524399,299.850574164693,2013.1837390728601,1.017320689880983,117
4584000,-2710640.157061184,300.32653052563694,2015.9526898485192,1.0159233798510778,117
4586000,-2711204.87132789,299.8152531627968,2015.8509887749005,1.0159746338867284,117
4588000,-2713391.794353986,299.5564470578518,2014.5775252969647,1.0166168561762743,117
4590000,-2713297.7928941883,300.14182686585985,2014.0289276439091,1.0168937705808792,117
4592000,-2710124.5552697983,300.0383258382693,2015.4719281347136,1.0161657136977438,117
4594000,-2709025.7724187057,300.3192796694989,2015.1890546189718,1.0163083535991224,117
4596000,-2707958.7641248684,299.761019398918,2021.1732663713963,1.0132993070740743,117
4598000,-2710442.3339078147,300.2174288037472,2014.5452549218337,1.0166331410461393,117
4600000,-2714635.6177996974,300.40659050766163,2014.5452988485197,1.0166331188786928,117
4602000,-2711556.398717312,298.7518785966681,2014.5191170635421,1.016646331595065,117
4604000,-2713609.9847231004,300.14234015617234,2009.7608857323285,1.019053303719013,117
4606000,-2711223.4316761736,300.27674446844844,2016.0934198706668,1.015852465022262,117
4608000,-2711648.6787671316,299.39208121686227,2017.2199117139453,1.0152851746097609,117
4610000,-2714736.353800619,300.31927683537964,2017.7511489206486,1.0150178684751785,117
4612000,-2711958.4834557697,300.7090309336962,2017.4119683931808,1.0151885199342818,117
4614000,-2712649.0778984968,301.2256913593577,2016.2956046339416,1.015750600052815,117
4616000,-2711612.9671763442,299.54583736369983,2017.3932349083213,1.0151979469604253,117
4618000,-2711442.5000506733,299.9414524484971,2017.3708646755479,1.0152092042928187,117
4620000,-2710972.003227927,300.58146167758235,2013.7722214301261,1.017023399417193,117
4622000,-2711344.129190497,301.77062186928504,2017.755186220381,1.0150158375393163,117
4624000,-2710842.510727765,298.871723180405,2018.8150282676822,1.0144829722454494,117
4626000,-2710584.2525338307,300.6799572219247,2019.2777126024582,1.0142505201284246,117
4628000,-2712002.521333009,301.1986580057698,2014.7872040550374,1.0165110569338482,117
4630000,-2713485.422926778,300.7373961829571,2016.2677873322352,1.0157646137870409,117
4632000,-2709240.3577324003,300.49907400363446,2020.05406425518,1.0138607211217996,117
4634000,-2709208.810534371,300.72184924662093,2019.8497164722962,1.013963293203685,117
4636000,-2709056.640788479,300.78727190311145,2015.9433855920793,1.0159280686790066,117
4638000,-2711445.4980700016,300.5129235079063,2015.60823093572,1.0160969968553843,117
4640000,-2711690.48527438,299.60200027235754,2015.8165616710476,1.0159919851997883,117
4642000,-2709859.724319482,298.97630836105026,2018.3222853238365,1.0147306429617966,117
4644000,-2707723.1269409135,300.88757038354737,2015.6477771380555,1.0160770614391446,117
4646000,-2712603.347119443,300.4346522172211,2015.1490107835918,1.016328549070618,117
4648000,-2712410.917496098,300.89727865772846,2018.8216845680172,1.014479627371853,117
4650000,-2712296.3291326687,300.51176663882,2019.4465808511893,1.014165707432346,117
4652000,-2712347.5767871924,300.75255018289323,2020.0387312049766,1.0138684168046082,117
4654000,-2709157.2644143365,300.46451370993213,2017.9910951628651,1.0148971792789243,117
4656000,-2710677.0658714417,300.81519408943785,2017.0613025970376,1.015365010301788,117
4658000,-2711540.8983962946,301.2420948170646,2015.1283540333536,1.0163389672878775,117
4660000,-2708341.056605488,301.2047205507431,2019.0626371605747,1.0143585605501444,117
4662000,-2709194.6192853656,300.84713422386875,2014.965928960101,1.0164208937010433,117
4664000,-2711245.2691983487,301.40623311998826,2018.0421117642584,1.0148715224283815,117
4666000,-2710306.871650599,299.0955498189628,2019.4141490214263,1.0141819949529574,117
4668000,-2712661.9048920814,300.20135238201334,2017.0309467343907,1.0153802913171037,117
4670000,-2712111.8091450315,300.97908724278693,2016.400306375441,1.0156978571245288,117
4672000,-2712502.574030623,301.2003572743967,2014.9553928485561,1.016426208520394,117
4674000,-2710179.878542891,300.14319685754623,2015.743481191626,1.0160288198377567,117
4676000,-2707151.9235479683,299.5687447662725,2015.476237148437,1.0161635411729952,117
4678000,-2710439.649070345,301.31591213758486,2015.6373828986336,1.0160823011456201,117
4680000,-2709916.8881864287,301.46679838527785,2015.6400903727413,1.0160809363104322,117
4682000,-2709751.432821404,299.5154006663433,2016.6788889426455,1.0155575493551101,117
4684000,-2708087.5546401534,301.67440869744917,2020.5679925656932,1.0136028472321712,117
4686000,-2708249.6436888427,300.7692324357556,2016.5146102167403,1.0156402834446356,117
4688000,-2709628.964616943,299.91937538427555,2015.2873745527902,1.0162587709086701,117
4690000,-2711023.678569032,299.8885783621742,2014.5071087370372,1.016652391747961,117
4692000,-2712478.8501611166,301.52683524444444,2015.9922838222617,1.0159034271737044,117
4694000,-2710590.883617297,300.56702448620257,2016.2646896860072,1.0157661743358322,117
4696000,-2711954.1481522024,300.11819411532815,2014.4194961659073,1.016696608719727,117
4698000,-2710852.966607526,299.7486706144898,2018.6414379587065,1.0145702113208448,117
4700000,-2712815.7731908187,300.6696663769037,2017.1078795182223,1.0153415645671604,117
4702000,-2711502.628898533,299.8156077553949,2018.197475288313,1.0147933962697089,117
4704000,-2711716.366972206,299.41590059674496,2015.6122959783986,1.016094947613243,117
4706000,-2710402.9539556596,301.04431755172624,2013.0892027780615,1.017368464082201,117
4708000,-2711018.3224653713,301.00090538860707,2014.1966443993736,1.016809096562417,117
4710000,-2708671.7153121848,301.15428399866454,2014.2913710541343,1.0167612787910498,117
4712000,-2713372.2454214897,300.3660478034555,2018.565788326827,1.0146082342891556,117
4714000,-2711813.041710006,299.4771506650761,2014.6830182162532,1.016563624040506,117
4716000,-2711410.2701365817,299.6151718346814,2012.8883300034722,1.0174699906413818,117
4718000,-2713238.1286082957,300.79976754536636,2012.386672645444,1.0177236304186255,117
4720000,-2711803.5242694523,301.2130570640068,2014.74352173803,1.0165330962444359,117
4722000,-2710821.5229037646,300.47380337174417,2016.7386006968518,1.0155274806477679,117
4724000,-2711805.2151505835,300.2064541765406,2015.4919615370825,1.0161556133068692,117
4726000,-2712285.734668469,301.3724443707158,2017.8650921693763,1.0149605532295263,117
4728000,-2707999.644140439,298.7561452376605,2020.1635804331645,1.013805758171145,117
4730000,-2710584.6004846524,300.22583630243287,2019.3016279415835,1.0142385079828338,117
4732000,-2712352.2692871746,299.30589733484203,2015.317806320337,1.0162434251648935,117
4734000,-2715807.4695657957,300.4394731323192,2015.0685702849105,1.0163691203824419,117
4736000,-2711235.9119833615,301.13951903912056,2018.779271815808,1.0145009406841394,117
4738000,-2711567.670639841,299.707055651568,2015.6788516723211,1.016061397177233,117
4740000,-2708930.659327626,299.6483601591509,2017.005913194325,1.0153928934433731,117
4742000,-2712116.9029045124,299.2266669334176,2018.358660435698,1.0147123553594142,117
4744000,-2708437.070988562,300.41763517568364,2017.2118962287477,1.0152892088925762,117
4746000,-2711553.027675856,300.5327449422481,2015.593412278853,1.0161044672076132,117
4748000,-2711448.710427949,299.7385186635199,2015.0392458042243,1.016383911407829,117
4750000,-2707319.5561630353,298.902404252931,2014.6038946104736,1.0166035495959234,117
4752000,-2712594.550024854,299.52531717586,2015.1460615299516,1.0163300365115189,117
4754000,-2711806.6891554743,300.1964289204546,2015.5703819147664,1.0161160774475928,117
4756000,-2709976.657627238,301.6699306358623,2019.6574314476234,1.014059829355715,117
4758000,-2712915.537423132,301.2819636217083,2016.5977696022906,1.0155984010111705,117
4760000,-2712218.9114846177,300.46963095414844,2016.0682928856163,1.0158651259573068,117
4762000,-2711353.8940646295,300.8548499546309,2017.3468796709092,1.0152212745013287,117
4764000,-2712592.828139946,300.19379485913277,2010.9878898262448,1.0184315284304057,117
4766000,-2706921.1721105315,300.1842038784667,2018.8558541862426,1.014462457061505,117
4768000,-2711153.0560880825,300.25806099031206,2015.648605765603,1.0160766437326845,117
4770000,-2711819.1712512895,301.1489056535046,2015.9520136073534,1.0159237206375678,117
4772000,-2710638.501054909,300.2058232265281,2011.8418122506703,1.0179992571083898,117
4774000,-2709649.3898193203,301.1700248313625,2013.6486316020778,1.0170858203108297,117
4776000,-2711083.05473317,301.21916053320115,2015.4217351867405,1.0161910207349307,117
4778000,-2706935.5716877785,300.6477866006049,2017.3727545007941,1.0152082532697717,117
4780000,-2712163.3286466096,300.90475772615,2016.2103874770742,1.0157935317720244,117
4782000,-2710704.715029558,300.2405298297273,2019.0100531048581,1.0143849789857449,117
4784000,-2709728.9066669885,301.0704095740913,2018.2891138215857,1.0147473205227941,117
4786000,-2711626.050003972,300.48307204135716,2016.611378432691,1.0155915473820865,117
4788000,-2710275.1453632694,300.41188692342934,2016.4220651244,1.015686896961439,117
4790000,-2711191.357162269,299.1956107906527,2019.125106547105,1.0143271774739826,117
4792000,-2712194.963569224,299.89481352198055,2013.9942513969813,1.0169112791013046,117
4794000,-2711167.9407998733,300.11014962161045,2016.9907884241704,1.0154005075505959,117
4796000,-2712574.3318371847,300.59144562466736,2018.9041210004889,1.0144382038686635,117
4798000,-2709636.8793957923,300.09949593862467,2016.8707991358306,1.0154609165685324,117
4800000,-2706237.6319810804,300.09334076901814,2018.264620573326,1.0147596352895443,117
4802000,-2710589.5988912676,300.01511256072087,2017.6254102261687,1.0150811245290567,117
4804000,-2711008.9889064375,298.77742045436753,2014.5524513068212,1.016629509428869,117
4806000,-2711367.8753800634,300.6386963286645,2014.0653575609074,1.0168753772573855,117
4808000,-2711751.51393413,299.7952318398259,2013.9326437126638,1.0169423871670376,117
4810000,-2709215.8388147335,301.8443638224883,2016.4426585396116,1.0156765240098924,117
4812000,-2712938.093244029,299.37064892595237,2015.498948494189,1.0161520906874757,117
4814000,-2712379.285818292,300.39723214297544,2018.1023867374474,1.014841211105127,117
4816000,-2711673.206900459,300.00515513876405,2013.8055001281036,1.0170065928216487,117
4818000,-2711486.661297839,300.40137311114864,2012.905509844161,1.017461306690615,117
4820000,-2708779.2956119664,300.2771804464936,2013.5748408859392,1.0171230930704667,117
4822000,-2710087.4024438728,301.4932447721815,2015.6355245410118,1.0160832379440967,117
4824000,-2710199.1418800037,301.15670943745755,2017.1536751412737,1.0153185131754237,117
4826000,-2713822.7742537,299.5572557227434,2018.7174621661215,1.0145320029545786,117
4828000,-2709916.4816802274,300.4121337560346,2014.1364453443216,1.0168394872278175,117
4830000,-2709826.268445965,300.23472360887286,2015.2272467702483,1.016289092742836,117
4832000,-2710144.0417703222,299.75530241534915,2014.9820892248056,1.0164127419508213,117
4834000,-2713300.1506352294,300.5830774987495,2013.5960537963526,1.017112377842349,117
4836000,-2713274.308662055,300.3989848599118,2011.180684840118,1.0183338999467333,117
4838000,-2712792.0257817935,301.3175263250643,2009.3577632682618,1.0192577487841579,117
4840000,-2713302.329478232,300.04830415426824,2014.3791573911858,1.0167169684892912,117
4842000,-2708973.594611559,299.92013554673025,2016.596192281536,1.015599195381626,117
4844000,-2710805.8644792065,300.3802684131244,2019.3012789491906,1.0142386832719437,117
4846000,-2712106.108156059,300.2551519297003,2015.5315816850516,1.0161356383106328,117
4848000,-2711840.310913481,300.8583854561632,2014.8379646247972,1.0164854475889167,117
4850000,-2710837.155797964,300.9810895950339,2017.2017571976933,1.0152943120255582,117
4852000,-2710077.628192723,300.09968307332946,2019.0006094712742,1.0143897236500157,117
4854000,-2714318.353676513,299.31638543645687,2014.1662550451622,1.0168244379830786,117
4856000,-2712070.0178234614,300.18950356559344,2015.642962965439,1.0160794882431248,117
4858000,-2709838.5321499724,299.54348627814454,2022.1622468604353,1.012803731980726,117
4860000,-2710725.6081526503,300.00724610645005,2016.3802695861723,1.0157079501234691,117
4862000,-2709551.0072068367,299.85809848203917,2018.8191603344176,1.0144808958279943,117
4864000,-2709735.277856486,299.98492398182583,2019.536227065807,1.0141206891180186,117
4866000,-2710401.65451169,299.84452456536775,2015.211834895305,1.0162968650872282,117
4868000,-2711917.1341020335,300.498851310561,2017.5787569475153,1.0151045966549384,117
4870000,-2711984.4879836533,301.0065912972632,2020.5260478603957,1.013623888917212,117
4872000,-2710781.955260029,302.16847616568043,2020.6513290315024,1.0135610438404583,117
4874000,-2708434.4807293974,300.3172676640998,2018.5795625278276,1.0146013108970753,117
4876000,-2710455.289059028,299.9965119467305,2017.7785565508807,1.015004081414984,117
4878000,-2711845.6224484835,300.17514789313765,2016.5199492217778,1.0156375944017666,117
4880000,-2711797.944138145,300.27272372733245,2015.6446720148112,1.0160786267172637,117
4882000,-2714076.5620569754,300.80597470942143,2016.1970983247286,1.0158002270673439,117
4884000,-2709561.490065122,300.6494657540753,2015.361948596329,1.0162211664843723,117
4886000,-2709600.466401281,300.3262236125995,2015.4376158038976,1.01618301366965,117
4888000,-2713400.234676035,298.98506947577175,2015.5083735044943,1.0161473389116695,117
4890000,-2710756.567822108,300.69296570984284,2016.753538852837,1.0155199586042358,117
4892000,-2707287.9443782326,299.64045859369514,2017.1314454770659,1.0153297024262093,117
4894000,-2708476.1576798577,301.07305150497507,2018.5530456793213,1.0146146392707405,117
4896000,-2709064.648916455,301.2603127162295,2015.7364880294283,1.0160323447302102,117
4898000,-2709595.3618079554,300.57798833680243,2014.820801717268,1.01649410634692,117
4900000,-2708985.7852082234,300.9431974063944,2019.5195214243784,1.0141290780127123,117
4902000,-2707220.4641548507,300.20920306809654,2020.6240213099875,1.0135747416102718,117
4904000,-2710176.512411354,299.50628294346404,2020.7013368944533,1.0135359604593335,117
4906000,-2710900.809001643,301.0305229175145,2014.8962556178994,1.016456040642505,117
4908000,-2711951.2154324073,299.7720762029822,2013.0517339545927,1.0173874003066112,117
4910000,-2709621.4211465362,300.46835587746756,2017.2273546916056,1.015281428505061,117
4912000,-2708637.0790091287,300.28328038358705,2016.3563549054015,1.0157199967695514,117
4914000,-2709175.945129784,300.17853398822876,2017.9074863563428,1.0149392299390643,117
4916000,-2712241.0994113423,301.11426530785263,2015.347334321993,1.0162285356036602,117
4918000,-2712577.0313371643,301.7974356768487,2015.2847908777096,1.0162600737927456,117
4920000,-2710498.431998037,300.3930975717266,2020.5394416791921,1.0136171697735934,117
4922000,-2711558.2196027897,300.411621298821,2018.7837618072847,1.0144986843253043,117
4924000,-2705442.7312301137,300.0680410234925,2015.0526220526249,1.0163771644854307,117
4926000,-2710685.7122752964,300.16835250212785,2012.2696764305556,1.0177828023148956,117
4928000,-2710059.823354425,300.47926735786604,2018.2664208299818,1.0147587301425487,117
4930000,-2710112.908675801,300.5439279301058,2015.1679466718838,1.0163189989564922,117
4932000,-2709431.7834392097,299.5635376497434,2015.6698230392753,1.0160659483420131,117
4934000,-2711709.5811960846,300.13962294049145,2018.417076278094,1.0146829881499682,117
4936000,-2710872.75971948,300.0731218676782,2014.4506077765805,1.0166809066375109,117
4938000,-2711564.786657518,300.70022397443387,2016.611328662403,1.0155915724470472,117
4940000,-2711895.2531955354,300.54482891665646,2016.25297706939,1.015772075023845,117
4942000,-2709551.62553435,300.3345318832514,2012.7056245776157,1.0175623525276238,117
4944000,-2709410.7036870364,300.67465098597313,2015.078451516358,1.0163641364680402,117
4946000,-2710254.6225876193,299.297177249374,2017.7715984938707,1.0150075815416926,117
4948000,-2711844.5130136274,300.5080135085557,2017.4549781105575,1.015166877334174,117
4950000,-2710544.9391213935,300.93759146703604,2016.3970069274499,1.0156995191197822,117
4952000,-2710804.817251239,301.08213948722874,2017.4696962385804,1.0151594713463206,117
4954000,-2709469.4724467956,299.7005930977698,2017.2582113617714,1.0152658984137777,117
4956000,-2711866.5489216167,300.63623609308604,2013.3191425279265,1.017252271152223,117
4958000,-2712203.830591237,300.1521625358841,2015.9527354059776,1.0159233568927581,117
4960000,-2710931.700501578,300.1379562042441,2014.695152261519,1.0165575015117374,117
4962000,-2712769.9170942456,299.8038355438525,2014.8567909872895,1.0164759497806408,117
4964000,-2712418.295279138,300.6708830956406,2017.4192467773867,1.0151848573678115,117
4966000,-2708548.105600722,300.0048991765547,2018.7804296949762,1.014500358813279,117
4968000,-2710812.2863863315,302.0397598112151,2015.5716405246187,1.0161154429408947,117
4970000,-2711154.5009550266,300.6496752106,2020.3910715245079,1.0136916061232633,117
4972000,-2711063.1596749723,300.4878848329031,2016.0337888411225,1.0158825123005812,117
4974000,-2710486.941750638,301.10913973259716,2018.9848775383,1.0143976277761533,117
4976000,-2708365.1377591677,301.62638757009825,2018.9356678156048,1.0144223527967478,117
4978000,-2713524.8925434034,299.531222721565,2017.0654099277292,1.0153629427238853,117
4980000,-2710873.419204749,300.81529044226244,2015.202580886778,1.016301532022426,117
4982000,-2708973.760142239,299.25345455764045,2018.2805925679575,1.0147516048226672,117
4984000,-2710626.921013968,299.86348549624677,2013.9524779256672,1.0169323719099048,117
4986000,-2709788.8041952215,300.21954106839337,2017.5667708304184,1.0151106272670285,117
4988000,-2710898.829296792,300.00467952691935,2016.3442162013619,1.0157261115610285,117
4990000,-2709797.5082628485,299.2313992669836,2018.945039755797,1.0144176438495338,117
4992000,-2711177.7492559124,300.37510809401067,2017.9842935005893,1.0149006000131096,117
4994000,-2711498.9561369196,300.4190403895543,2015.6677575151882,1.0160669895397416,117
4996000,-2710054.685040731,300.31852813955186,2017.5434515724578,1.0151223601625738,117
4998000,-2708781.6639132723,299.9749827265139,2017.182582251791,1.0153039632161243,117
5000000,-2708930.888134863,299.3956911350966,2018.056800816742,1.0148641353711634,117
