mutation,time_ns,metric,metric_mean,metric_std,metric_sem,n_replicates
V106A,0.0,SER105-DOR,3.437769889831543,0.5625719563147535,0.32480107041685735,3
V106A,0.200401,SER105-DOR,3.706069443136833,0.5884264246389904,0.33972815466361017,3
V106A,0.278552,SER105-DOR,3.8106985627064707,0.5985192363407048,0.3455552422164752,3
V106A,0.400802,SER105-DOR,3.846358662495971,0.4027807200919596,0.2325455571694842,3
V106A,0.557103,SER105-DOR,3.891951376256287,0.1868515474214858,0.10787879120229296,3
V106A,0.558659,SER105-DOR,3.893315958410334,0.18624432369789537,0.1075282104220197,3
V106A,0.601202,SER105-DOR,3.8873721905248324,0.2012567295228252,0.11619562696622683,3
V106A,0.801603,SER105-DOR,3.859372721259737,0.27197512594488266,0.1570249121771604,3
V106A,0.835655,SER105-DOR,3.8546154246094386,0.2839920109520687,0.16396286397088003,3
V106A,1.002004,SER105-DOR,3.9771288025644425,0.5331559018971147,0.3078177034803369,3
V106A,1.114206,SER105-DOR,4.059763781033248,0.719404506140969,0.41534838527671825,3
V106A,1.117318,SER105-DOR,4.056555843351284,0.71603563834283,0.4134033685465984,3
V106A,1.202405,SER105-DOR,3.966518999990889,0.5937818890821742,0.3428201335015178,3
V106A,1.392758,SER105-DOR,3.7650925100166703,0.3203448326817659,0.18495117538232317,3
V106A,1.402806,SER105-DOR,3.7578494487247593,0.3111673358173428,0.17965254509716155,3
V106A,1.603206,SER105-DOR,3.6133918966846594,0.13511052372656265,0.07800609724388227,3
V106A,1.671309,SER105-DOR,3.5643001169112716,0.08720949700831422,0.05035042657364208,3
V106A,1.675978,SER105-DOR,3.5639819966172284,0.08976454886551347,0.051825586451189516,3
V106A,1.803607,SER105-DOR,3.5622004825260416,0.13357212379965763,0.07711790163196236,3
V106A,1.949861,SER105-DOR,3.56015880963495,0.18525879640888782,0.10695921597641746,3
V106A,2.004008,SER105-DOR,3.5238531515760614,0.14308550779272622,0.08261045644126479,3
V106A,2.204409,SER105-DOR,3.3894839311084564,0.013022800085775717,0.007518717135125292,3
V106A,2.228412,SER105-DOR,3.373389877691139,0.03170666793331677,0.018305853266406515,3
V106A,2.234637,SER105-DOR,3.3756087349136337,0.025494516046625105,0.01471926570237824,3
V106A,2.40481,SER105-DOR,3.538342342784039,0.06781914712975641,0.039155402851575705,3
V106A,2.506964,SER105-DOR,3.636030507642886,0.12113100040825563,0.06993501569291506,3
V106A,2.60521,SER105-DOR,3.7275274672839167,0.16890360769862817,0.09751654337190192,3
V106A,2.785515,SER105-DOR,3.895446357702621,0.2566375228730468,0.14816974291491233,3
V106A,2.793296,SER105-DOR,3.8943212845335258,0.2476336409882768,0.14297134928498878,3
V106A,2.805611,SER105-DOR,3.8938259534028057,0.2303563939117536,0.13299632603450243,3
V106A,3.006012,SER105-DOR,3.8857656218123533,0.1337674645481889,0.0772306816657106,3
V106A,3.064067,SER105-DOR,3.883430711207619,0.2064659727966084,0.11920318497261981,3
V106A,3.206413,SER105-DOR,3.9938043366022367,0.21336923984490735,0.12318878806124309,3
V106A,3.342618,SER105-DOR,4.0994162937128955,0.2233219862307816,0.12893500886630366,3
V106A,3.351955,SER105-DOR,4.105507420662419,0.2260943751519383,0.13053564835623183,3
V106A,3.406814,SER105-DOR,4.046659609818051,0.1613497232590748,0.09315530615729846,3
V106A,3.607214,SER105-DOR,3.8316865422139865,0.07564612113926086,0.0436743084029033,3
V106A,3.62117,SER105-DOR,3.816715662298043,0.09208149022084469,0.053163273166386575,3
V106A,3.807615,SER105-DOR,3.614444839828888,0.30817242343596957,0.17792343162757637,3
V106A,3.899721,SER105-DOR,3.514520699335209,0.4149803985318347,0.23958904480077298,3
V106A,3.910615,SER105-DOR,3.4964202366933903,0.41674809259961776,0.2406096234466524,3
V106A,4.008016,SER105-DOR,3.492362856687597,0.29489123479177054,0.17025553378868988,3
V106A,4.178273,SER105-DOR,3.4852705626577296,0.09889971693496889,0.05709977819518208,3
V106A,4.208417,SER105-DOR,3.49697987424678,0.09231776291115941,0.05329968526774194,3
V106A,4.408818,SER105-DOR,3.574824810279068,0.1246683727391077,0.07197731856035644,3
V106A,4.456825,SER105-DOR,3.593472880696217,0.14558636610342116,0.08405432766014961,3
V106A,4.469274,SER105-DOR,3.59704900531862,0.15228143161875282,0.08791972553766854,3
V106A,4.609218,SER105-DOR,3.632773153411233,0.25002881792793397,0.1443542053358566,3
V106A,4.735376,SER105-DOR,3.664978085920436,0.3432493279387328,0.19817509188458554,3
V106A,4.809619,SER105-DOR,3.7103797982223736,0.3676250601866053,0.21224842745958894,3
V106A,5.01002,SER105-DOR,3.8329307690736614,0.4375572375581276,0.252623788890054,3
V106A,5.013928,SER105-DOR,3.8353203690011917,0.43896803728734624,0.253438314493491,3
V106A,5.027933,SER105-DOR,3.835470356831365,0.4522676418389032,0.26111684476144803,3
V106A,5.210421,SER105-DOR,3.7115177902453276,0.47224673215721535,0.27265177793488937,3
V106A,5.292479,SER105-DOR,3.6557809762689732,0.487617049394204,0.28152583472919473,3
V106A,5.410822,SER105-DOR,3.6703173760847627,0.3845504457166752,0.222020303351513,3
V106A,5.571031,SER105-DOR,3.689996228042938,0.2585778109867897,0.14928996877968723,3
V106A,5.586592,SER105-DOR,3.68398146018275,0.25469493906881757,0.14704819163261718,3
V106A,5.611222,SER105-DOR,3.6828180120632106,0.2574416655770029,0.14863401492150824,3
V106A,5.811623,SER105-DOR,3.6733521569634977,0.28427724099402274,0.16412754161238316,3
V106A,5.849582,SER105-DOR,3.671559179913833,0.29015066671894485,0.16751856553573222,3
V106A,6.012024,SER105-DOR,3.676053579066162,0.3019118892024107,0.17430891050256028,3
V106A,6.128134,SER105-DOR,3.67926631334007,0.3109740719768663,0.17954096416683782,3
V106A,6.145251,SER105-DOR,3.692870591140809,0.2954566677386738,0.17058198665279314,3
V106A,6.212425,SER105-DOR,3.691280313970546,0.21705180757614864,0.12531491953218427,3
V106A,6.406685,SER105-DOR,3.686680464210092,0.3402514455611534,0.19644426368689122,3
V106A,6.412826,SER105-DOR,3.6807548651459387,0.34146439799457995,0.19714456210084425,3
V106A,6.613226,SER105-DOR,3.487376797270077,0.3832715884910057,0.22128195478801763,3
V106A,6.685237,SER105-DOR,3.417889045938255,0.3991983349833063,0.23047726616266231,3
V106A,6.703911,SER105-DOR,3.400949535741327,0.4050929005224746,0.23388049516345702,3
V106A,6.813627,SER105-DOR,3.4245446856423456,0.31883590432209136,0.18407999518767723,3
V106A,6.963788,SER105-DOR,3.4568377997213013,0.21357862489338014,0.12330967657534314,3
V106A,7.014028,SER105-DOR,3.4621972754891046,0.1763023567480364,0.10178821312724426,3
V106A,7.214429,SER105-DOR,3.483575415802966,0.15483804777655602,0.08939578856459075,3
V106A,7.24234,SER105-DOR,3.486553002786001,0.17157474591948316,0.09905872574275525,3
V106A,7.26257,SER105-DOR,3.504496558023636,0.18443675298200432,0.10648460898262072,3
V106A,7.41483,SER105-DOR,3.6852425545145437,0.0539750618874736,0.031162516510259596,3
V106A,7.520891,SER105-DOR,3.8111462792867896,0.15437678031648056,0.08912947567234777,3
V106A,7.61523,SER105-DOR,3.781931290925138,0.27381451500998055,0.1580868839490391,3
V106A,7.799443,SER105-DOR,3.7248831444852697,0.7192530535279191,0.41526094406980446,3
V106A,7.815631,SER105-DOR,3.746803325411106,0.7247867706214476,0.4184558371233723,3
V106A,7.821229,SER105-DOR,3.7543835807127386,0.7268430122957651,0.41964300880755845,3
V106A,8.016032,SER105-DOR,3.7645234666735834,0.33844898264622636,0.19540361123775377,3
V106A,8.077994,SER105-DOR,3.767748691939582,0.22399948553648738,0.12932616327282867,3
V106A,8.216433,SER105-DOR,3.6330078644301884,0.11159799001988327,0.06443112957900078,3
V106A,8.356546,SER105-DOR,3.4966373477312582,0.15194572490731326,0.08772590517745014,3
V106A,8.379888,SER105-DOR,3.4965349591863126,0.15054767227471028,0.08691873911367554,3
V106A,8.416834,SER105-DOR,3.5275567850193164,0.11481191106576856,0.06628668775999685,3
V106A,8.617234,SER105-DOR,3.695824506957449,0.14569037562274095,0.08411437758412718,3
V106A,8.635097,SER105-DOR,3.7108233408745193,0.16376298367834852,0.09454860270999081,3
V106A,8.817635,SER105-DOR,3.659715021718499,0.16167831580321607,0.09334501915111212,3
V106A,8.913649,SER105-DOR,3.632832032106235,0.2584054835315347,0.14919047547700698,3
V106A,8.938547,SER105-DOR,3.6563209871287174,0.2610920982450614,0.15074159320507044,3
V106A,9.018036,SER105-DOR,3.748193766875353,0.15671327131661972,0.09047844938023726,3
V106A,9.192201,SER105-DOR,3.949492404459375,0.12760194347683207,0.07367101641546842,3
V106A,9.218437,SER105-DOR,3.969934064647061,0.14395167775380327,0.08311053990145659,3
V106A,9.418838,SER105-DOR,4.126075593206006,0.3328552991955837,0.19217409659176368,3
V106A,9.470752,SER105-DOR,4.166524150416844,0.3877129519429176,0.22384617717254793,3
V106A,9.497207,SER105-DOR,4.1801018085950465,0.41037368313642675,0.23692935642715418,3
V106A,9.619238,SER105-DOR,4.140090163248741,0.3442077756766799,0.19872845194409344,3
V106A,9.749304,SER105-DOR,4.09744340727415,0.32954610483383645,0.19026353233620813,3
V106A,9.819639,SER105-DOR,3.9654238843468064,0.16240602852867225,0.09376516428904698,3
V106A,10.02004,SER105-DOR,3.589269133310161,0.3262754910876981,0.18837524260945984,3
V106A,10.027855,SER105-DOR,3.574600297429343,0.3449733480023709,0.19917045533241529,3
V106A,10.055866,SER105-DOR,3.5635946154730562,0.35192994797232846,0.20318685019771485,3
V106A,10.220441,SER105-DOR,3.4903327763388803,0.29721782586818946,0.1715987917729545,3
V106A,10.306407,SER105-DOR,3.452064401966876,0.27197861556165803,0.15702692690834502,3
V106A,10.420842,SER105-DOR,3.4222210921245395,0.22739828562768938,0.13128846142040587,3
V106A,10.584958,SER105-DOR,3.3794215584321834,0.21494171745600008,0.12409665843330213,3
V106A,10.614525,SER105-DOR,3.381910397584498,0.22584105883554623,0.13038939611277273,3
V106A,10.621242,SER105-DOR,3.3909682583564305,0.23166552568059565,0.13375215361364806,3
V106A,10.821643,SER105-DOR,3.6612138656630613,0.4055376141538559,0.2341372506982473,3
V106A,10.86351,SER105-DOR,3.717672436404196,0.44187449755906,0.25511636011375394,3
V106A,11.022044,SER105-DOR,3.8721161469407264,0.5550387594279093,0.32045177716637935,3
V106A,11.142061,SER105-DOR,3.9890366233524923,0.6491065961271018,0.37476186800674394,3
V106A,11.173184,SER105-DOR,4.014077985778198,0.6739852930280209,0.38912559035957667,3
V106A,11.222445,SER105-DOR,3.995921409028991,0.6500140678343915,0.3752857970412296,3
V106A,11.420613,SER105-DOR,3.9228790380307728,0.5591281129624005,0.3228127665303294,3
V106A,11.422846,SER105-DOR,3.920935593451509,0.557820238104703,0.32205766462917146,3
V106A,11.623246,SER105-DOR,3.74652166882802,0.44911191340024287,0.25929488409789814,3
V106A,11.699164,SER105-DOR,3.6804480344489483,0.4140201628960172,0.23903465249794822,3
V106A,11.731844,SER105-DOR,3.6633930853560677,0.39754024079909034,0.22951996503906347,3
V106A,11.823647,SER105-DOR,3.7010036999499953,0.4722210880732914,0.27263697231613276,3
V106A,11.977716,SER105-DOR,3.76412395645373,0.6087552931853136,0.3514650323911504,3
V106A,12.024048,SER105-DOR,3.7795146623877973,0.6539997293170884,0.3775869197711634,3
V106A,12.224449,SER105-DOR,3.846084481516972,0.8578158511376053,0.4952602125694244,3
V106A,12.256267,SER105-DOR,3.856653882393475,0.8910041150985777,0.5144214657012282,3
V106A,12.290503,SER105-DOR,3.888830482430162,0.907976701870884,0.5242205932430635,3
V106A,12.42485,SER105-DOR,3.7924659582126927,0.644455454039053,0.37207652987016976,3
V106A,12.534819,SER105-DOR,3.7135872712657427,0.4492261855914115,0.2593608591782302,3
V106A,12.625251,SER105-DOR,3.5958858202145643,0.31965090796908263,0.18455053776265817,3
V106A,12.81337,SER105-DOR,3.3510401984181137,0.11701063539253008,0.0675561218419264,3
V106A,12.825651,SER105-DOR,3.3424462791975897,0.1281306909365193,0.07397628890365217,3
V106A,12.849162,SER105-DOR,3.3259944483376045,0.15975134799532406,0.09223248376850593,3
V106A,13.026052,SER105-DOR,3.5704178129877135,0.1322196378823166,0.07633704352351034,3
V106A,13.091922,SER105-DOR,3.6614357821293475,0.12197936302680293,0.07042481807910377,3
V106A,13.226453,SER105-DOR,3.7671943088194753,0.03778601961485328,0.021815768596240025,3
V106A,13.370474,SER105-DOR,3.880413050171285,0.20857324402082378,0.12041981858117612,3
V106A,13.407821,SER105-DOR,3.899084919690123,0.27139233985696987,0.15668844047242397,3
V106A,13.426854,SER105-DOR,3.8847754362814277,0.28334266409428244,0.16358796338773968,3
V106A,13.627255,SER105-DOR,3.734105954622161,0.4631795405905049,0.26741683244305525,3
V106A,13.649025,SER105-DOR,3.7177383984935877,0.4860127882629747,0.28059961413322904,3
V106A,13.827655,SER105-DOR,3.8466210132464913,0.4450362795383807,0.25694181579063363,3
V106A,13.927577,SER105-DOR,3.918714956972231,0.5602160809806155,0.32344090515851553,3
V106A,13.96648,SER105-DOR,3.904292842830721,0.6006733370855044,0.3467989128613468,3
V106A,14.028056,SER105-DOR,3.918464890752627,0.5142729820578293,0.2969156446280394,3
V106A,14.206128,SER105-DOR,3.9594498969027967,0.2666683125130758,0.15396102201376757,3
V106A,14.228457,SER105-DOR,3.9507726394636458,0.2363077243184972,0.13643232824687224,3
V106A,14.428858,SER105-DOR,3.872894201208062,0.32097380160016065,0.1853143107566703,3
V106A,14.48468,SER105-DOR,3.851201493576145,0.4185721684041094,0.24166275410339794,3
V106A,14.52514,SER105-DOR,3.889764808076238,0.4058051322663442,0.23429170235250552,3
V106A,14.629259,SER105-DOR,3.9599956203929465,0.28189948416968275,0.162754743069783,3
V106A,14.763231,SER105-DOR,4.050363011432951,0.12691703634393872,0.07327558509792254,3
V106A,14.829659,SER105-DOR,4.004937953624564,0.21531552761080078,0.12431247782680213,3
V106A,15.03006,SER105-DOR,3.8678981383916855,0.5006887643667326,0.2890727928873542,3
V106A,15.041783,SER105-DOR,3.859882033902867,0.517589732952638,0.29883057164999205,3
V106A,15.083799,SER105-DOR,3.895087803054867,0.4745008277758505,0.27395318064708757,3
V106A,15.230461,SER105-DOR,3.965244914940204,0.25022022353229495,0.14446471341305883,3
V106A,15.320334,SER105-DOR,4.0082364881934724,0.14292865138787475,0.08251989535369968,3
V106A,15.430862,SER105-DOR,3.93244178504221,0.14498971745702066,0.08370985240353866,3
V106A,15.598886,SER105-DOR,3.817218849908656,0.1761367264477291,0.10169258642877588,3
V106A,15.631263,SER105-DOR,3.82321547463828,0.14057120792234168,0.08115882473427483,3
V106A,15.642458,SER105-DOR,3.8252889284433933,0.12845858878225533,0.07416560081315456,3
V106A,15.831663,SER105-DOR,3.9276487550820733,0.2875533526899865,0.1660190055819431,3
V106A,15.877437,SER105-DOR,3.9524124787798502,0.34686382587117104,0.20026192323886408,3
V106A,16.032064,SER105-DOR,3.853590669146476,0.5284778405242019,0.3051168234874001,3
V106A,16.155989,SER105-DOR,3.774390331982288,0.7109391512906933,0.4104609103751259,3
V106A,16.201117,SER105-DOR,3.806946393756089,0.7438477338716444,0.42946068938688703,3
V106A,16.232465,SER105-DOR,3.8193123012083965,0.6926612511640671,0.3999081598167971,3
V106A,16.432866,SER105-DOR,3.8983642137787418,0.4259234216318945,0.24590700213334077,3
V106A,16.43454,SER105-DOR,3.8990245543042015,0.4244632019191783,0.24506394388912808,3
V106A,16.633267,SER105-DOR,3.764194870417507,0.15067451941452537,0.08699197434399372,3
V106A,16.713092,SER105-DOR,3.710036087549747,0.04425029688140619,0.025547920816200723,3
V106A,16.759777,SER105-DOR,3.6797878413533813,0.03133024701462331,0.018088526547670236,3
V106A,16.833667,SER105-DOR,3.693935654310286,0.13174870704131253,0.07606515147568693,3
V106A,16.991643,SER105-DOR,3.7241835214057004,0.3932916283610042,0.22706702750425203,3
V106A,17.034068,SER105-DOR,3.7505744404587986,0.4417769036696264,0.2550600142554182,3
V106A,17.234469,SER105-DOR,3.8752369212800275,0.6840319146421455,0.39492601005293787,3
V106A,17.270195,SER105-DOR,3.8974608190880637,0.7284540877465678,0.4205731636527642,3
V106A,17.318436,SER105-DOR,3.919774949035625,0.7957690592927354,0.4594374805954361,3
V106A,17.43487,SER105-DOR,3.8340953102393294,0.6791300612358729,0.3920959236692983,3
V106A,17.548747,SER105-DOR,3.750297499228422,0.5658969035753733,0.32672072961281745,3
V106A,17.635271,SER105-DOR,3.7265672138580275,0.4407737071262386,0.25448081846104315,3
V106A,17.827298,SER105-DOR,3.6739014158271845,0.19350188679240424,0.11171836642829508,3
V106A,17.835671,SER105-DOR,3.6664990684789083,0.18557259841382598,0.10714038964844075,3
V106A,17.877095,SER105-DOR,3.6298770846279313,0.14642557641452827,0.08453884595917402,3
V106A,18.036072,SER105-DOR,3.647255577235896,0.2279755181148521,0.13162172675225425,3
V106A,18.10585,SER105-DOR,3.6548833369573757,0.2748776783344154,0.1587007015805941,3
V106A,18.236473,SER105-DOR,3.6728987140910925,0.364783285965615,0.21060772834812405,3
V106A,18.384401,SER105-DOR,3.693300777346695,0.47073763570863497,0.2717805006940684,3
V106A,18.435754,SER105-DOR,3.7123018020150784,0.49235892990250774,0.28426356071712894,3
V106A,18.436874,SER105-DOR,3.7118327070966917,0.49299477869938796,0.2846306681911716,3
V106A,18.637275,SER105-DOR,3.6278709899981023,0.6571973078403506,0.3794330425923238,3
V106A,18.662953,SER105-DOR,3.6171128051335835,0.6834772854859517,0.39460579476030894,3
V106A,18.837675,SER105-DOR,3.5881895048295647,0.8644593705419895,0.49909585028591213,3
V106A,18.941504,SER105-DOR,3.5710017588830554,0.9922317527457167,0.5728652695462337,3
V106A,18.994413,SER105-DOR,3.574879129809491,1.0612125451923131,0.61269134863419,3
V106A,19.038076,SER105-DOR,3.5849172983226794,1.0447124533300678,0.603165016155869,3
V106A,19.220056,SER105-DOR,3.6267546849387813,1.0027667160389142,0.5789476334394642,3
V106A,19.238477,SER105-DOR,3.61392490474161,0.9927682428874897,0.5731750122740039,3
V106A,19.438878,SER105-DOR,3.4743504635444253,0.8870560984638788,0.5121420772344196,3
V106A,19.498607,SER105-DOR,3.432750662154877,0.8568187781819085,0.4946845522300512,3
V106A,19.553073,SER105-DOR,3.4102203790495444,0.8338944913016583,0.4814492090287585,3
V106A,19.639279,SER105-DOR,3.394524701960435,0.8378164285221474,0.4837135405387527,3
V106A,19.777159,SER105-DOR,3.3694207953474504,0.8448627356543539,0.48778172785832485,3
V106A,19.839679,SER105-DOR,3.3984854491963836,0.8580727478682196,0.4954085319659985,3
V106A,20.04008,SER105-DOR,3.4916490079932516,0.9239884034491861,0.5334649534594802,3
V106A,20.05571,SER105-DOR,3.498915171455486,0.9304960322331789,0.5372221346897046,3
V106A,20.111732,SER105-DOR,3.5171035289499657,0.9495809693840257,0.548240828291213,3
V106A,20.240481,SER105-DOR,3.594114467312894,0.8983971350429956,0.518689827756262,3
V106A,20.334262,SER105-DOR,3.650209248539724,0.8670852501187027,0.500611902566387,3
V106A,20.440882,SER105-DOR,3.6328811770833394,0.7560558200382695,0.4365090312214782,3
V106A,20.612813,SER105-DOR,3.604938646098836,0.5824504563786238,0.33627792777981885,3
V106A,20.641283,SER105-DOR,3.6110823334800783,0.5624492113792435,0.32473020359529897,3
V106A,20.670391,SER105-DOR,3.617363841454044,0.5420125963425647,0.3129311184025477,3
V106A,20.841683,SER105-DOR,3.6009807743126827,0.7222157102364551,0.41697143471799414,3
V106A,20.891365,SER105-DOR,3.59622894655567,0.7754962673755507,0.4477329787248242,3
V106A,21.042084,SER105-DOR,3.5313845387508334,0.9189549877731402,0.5305589095639718,3
V106A,21.169916,SER105-DOR,3.47638689188144,1.051167621865082,0.6068919094472239,3
V106A,21.22905,SER105-DOR,3.4889200065181263,1.1205354053623016,0.6469414179224313,3
V106A,21.242485,SER105-DOR,3.498201033457139,1.1027520229669063,0.6366741773093478,3
V106A,21.442886,SER105-DOR,3.6366419628049464,0.8403234658994235,0.4851609792433915,3
V106A,21.448468,SER105-DOR,3.6404980888795344,0.8331163913668557,0.48099997282194373,3
V106A,21.643287,SER105-DOR,3.6079656200951944,0.5579403867152639,0.32212703246182156,3
V106A,21.727019,SER105-DOR,3.5939833664328185,0.4795002032338084,0.27683957141351956,3
V106A,21.787709,SER105-DOR,3.677948028518293,0.37300968817047314,0.21535724387556104,3
V106A,21.843687,SER105-DOR,3.720817602550951,0.35191070333792546,0.2031757393028618,3
V106A,22.005571,SER105-DOR,3.8447921712198863,0.45584377741747095,0.2631815276003927,3
V106A,22.044088,SER105-DOR,3.808274296310548,0.4275432602079874,0.24684221637129175,3
V106A,22.244489,SER105-DOR,3.6182743177579084,0.32727173935929477,0.1889504268172459,3
V106A,22.284123,SER105-DOR,3.58069768149927,0.3208503188219515,0.18524301794143094,3
V106A,22.346369,SER105-DOR,3.5669015701489726,0.316953317005918,0.18299308289391156,3
V106A,22.44489,SER105-DOR,3.619560830787302,0.3257125620487075,0.18805023537726398,3
V106A,22.562674,SER105-DOR,3.6825161231110184,0.34407854835329704,0.19865384251415172,3
V106A,22.645291,SER105-DOR,3.712432404921644,0.37026126950625726,0.21377044361993022,3
V106A,22.841226,SER105-DOR,3.7833819834217586,0.4617854260234674,0.26661194002249494,3
V106A,22.845691,SER105-DOR,3.7846873982470073,0.4645655303473967,0.2682170340022908,3
V106A,22.905028,SER105-DOR,3.802035441867933,0.5029914935013641,0.29040227417310444,3
V106A,23.046092,SER105-DOR,3.661972939595302,0.4465895130668847,0.2578385755864298,3
V106A,23.119777,SER105-DOR,3.5888110734922676,0.4172046418154457,0.240873212259309,3
V106A,23.246493,SER105-DOR,3.598369462320328,0.25261449102168676,0.14584704439257115,3
V106A,23.398329,SER105-DOR,3.6098223629366104,0.34645647696476073,0.200026740238094,3
V106A,23.446894,SER105-DOR,3.5297832546040997,0.30170323415556755,0.17418844345509762,3
V106A,23.463687,SER105-DOR,3.5021070115025275,0.2863667382940747,0.16533391344103915,3
V106A,23.647295,SER105-DOR,3.4264538207139865,0.18460810840504296,0.10658354108223918,3
V106A,23.67688,SER105-DOR,3.4142637520156236,0.22685643331560373,0.13097562284216221,3
V106A,23.847695,SER105-DOR,3.547318155117251,0.19097238173011438,0.11025795599966551,3
V106A,23.955432,SER105-DOR,3.631238823268781,0.1733805634131724,0.10010131495884407,3
V106A,24.022346,SER105-DOR,3.6803406006779196,0.17035096565144414,0.09835217587557397,3
V106A,24.048096,SER105-DOR,3.6647737931278983,0.1483688604515634,0.08566080152106814,3
V106A,24.233983,SER105-DOR,3.5523948072895517,0.3551771466396803,0.20506162122242264,3
V106A,24.248497,SER105-DOR,3.5348717332482984,0.37825121644325954,0.21838344163481932,3
V106A,24.448898,SER105-DOR,3.2929207742633984,0.6983229928222364,0.40317696788722335,3
V106A,24.512535,SER105-DOR,3.2160898428861686,0.8002174225425578,0.46200574431517427,3
V106A,24.581006,SER105-DOR,3.2045617172025036,0.9344842227489003,0.5395247175575358,3
V106A,24.649299,SER105-DOR,3.2781561103432963,0.8441386300572815,0.4873636652969334,3
V106A,24.791086,SER105-DOR,3.4309496355984996,0.6952189814467342,0.4013848660840095,3
V106A,24.849699,SER105-DOR,3.443824297917685,0.5956671338699506,0.34390858008722885,3
V106A,25.0501,SER105-DOR,3.4878424313863126,0.2846977421979794,0.1643703180956821,3
V106A,25.069638,SER105-DOR,3.4921339869046157,0.2609080488681051,0.1506353322477405,3
V106A,25.139665,SER105-DOR,3.5246170163758315,0.23320028114454355,0.13463824509389863,3
V106A,25.250501,SER105-DOR,3.4831885870573682,0.3216523074943579,0.18570604631733184,3
V106A,25.348189,SER105-DOR,3.446674634882424,0.41621245162531495,0.2403003709859497,3
V106A,25.450902,SER105-DOR,3.3600469613418262,0.46386412667784516,0.2678120784048646,3
V106A,25.626741,SER105-DOR,3.2117448700278524,0.5851681056217521,0.337846963301902,3
V106A,25.651303,SER105-DOR,3.213871359364616,0.6219345827780107,0.3590740987852221,3
V106A,25.698324,SER105-DOR,3.2179422678860714,0.693562039260427,0.40042823006671335,3
V106A,25.851703,SER105-DOR,3.366583179866199,0.6119370321192972,0.3533020102211769,3
V106A,25.905292,SER105-DOR,3.418516748926843,0.5945122538531838,0.34324180979866686,3
V106A,26.052104,SER105-DOR,3.4041304335467353,0.34593808093853545,0.199727444152806,3
V106A,26.183844,SER105-DOR,3.391220585977191,0.12289735828020777,0.07095482288577185,3
V106A,26.252505,SER105-DOR,3.4404341276128805,0.10372048012796298,0.05988304712235666,3
V106A,26.256983,SER105-DOR,3.4436437849160995,0.10421130023588897,0.06016642224379141,3
V106A,26.452906,SER105-DOR,3.358356190287477,0.3721895008634366,0.21488370851305758,3
V106A,26.462396,SER105-DOR,3.3542252221471194,0.3858128785040644,0.222749169261146,3
V106A,26.653307,SER105-DOR,3.3355972515304106,0.7559195177945983,0.4364303370844035,3
V106A,26.740947,SER105-DOR,3.3270458566665826,0.9258390597665188,0.5345334303824697,3
V106A,26.815642,SER105-DOR,3.2243650533996586,0.9311241869377462,0.5375847999774792,3
V106A,26.853707,SER105-DOR,3.2408289335014824,0.8295184746609252,0.478922714643253,3
V106A,27.019499,SER105-DOR,3.3125412312810862,0.3884415513906484,0.22426683425982671,3
V106A,27.054108,SER105-DOR,3.3547081726388828,0.33995671596585264,0.19627410147570618,3
V106A,27.254509,SER105-DOR,3.5988729047907455,0.26048525255954064,0.15039123068517846,3
V106A,27.29805,SER105-DOR,3.651922423518819,0.3047009760528289,0.1759191905464425,3
V106A,27.374302,SER105-DOR,3.7296935762156473,0.4043991008670492,0.2334799297456335,3
V106A,27.45491,SER105-DOR,3.684641911824066,0.3419843109626968,0.1974447339929417,3
V106A,27.576602,SER105-DOR,3.6166284455901407,0.25724020822255933,0.14851770346369003,3
V106A,27.655311,SER105-DOR,3.5656776497559917,0.20664465785753808,0.11930634884064772,3
V106A,27.855153,SER105-DOR,3.4363136768801055,0.15346094796139403,0.088600719615606,3
V106A,27.855711,SER105-DOR,3.4360664633102256,0.1537487664720018,0.08876689171018316,3
V106A,27.932961,SER105-DOR,3.401847816843502,0.20399819042190123,0.11777841015428121,3
V106A,28.056112,SER105-DOR,3.416423151345952,0.195571970501813,0.1129135298151673,3
V106A,28.133705,SER105-DOR,3.4256064589932245,0.19456844870836648,0.11233414623758328,3
V106A,28.256513,SER105-DOR,3.400912000069484,0.13397504428727805,0.07735052788395202,3
V106A,28.412256,SER105-DOR,3.3695949106603247,0.1011469849927842,0.058397239013302994,3
V106A,28.456914,SER105-DOR,3.4154634210486656,0.15613450608912297,0.09014429912034441,3
V106A,28.49162,SER105-DOR,3.4511104253942975,0.20641129050501544,0.11917161413684872,3
V106A,28.657315,SER105-DOR,3.5683901596093492,0.48347240377925554,0.27913292246770866,3
V106A,28.690808,SER105-DOR,3.592096519994284,0.5441026352955374,0.3141378029546633,3
V106A,28.857715,SER105-DOR,3.5919062766512106,0.6466635215606985,0.37335135824818066,3
V106A,28.969359,SER105-DOR,3.5917790229842343,0.7175184408421172,0.41425946496871696,3
V106A,29.050279,SER105-DOR,3.4882512855387486,0.5908166408710972,0.3411081466486384,3
V106A,29.058116,SER105-DOR,3.487126069858597,0.5704800685497164,0.32936682114449495,3
V106A,29.247911,SER105-DOR,3.4598849545770363,0.11250055075770386,0.06495222326394148,3
V106A,29.258517,SER105-DOR,3.4646321490126546,0.10579085852687858,0.06107838064829497,3
V106A,29.458918,SER105-DOR,3.554330669858601,0.3131571852783363,0.180801385219113,3
V106A,29.526462,SER105-DOR,3.5845630384197285,0.4199704424413301,0.24247004799518818,3
V106A,29.608939,SER105-DOR,3.7420475411466003,0.3894353413186357,0.22484059914226814,3
V106A,29.659319,SER105-DOR,3.7728870885167005,0.3169988584961813,0.18301937628557438,3
V106A,29.805014,SER105-DOR,3.8620725095607376,0.28606334082876267,0.1651587468327698,3
V106A,29.859719,SER105-DOR,3.800475315139639,0.2524285309784436,0.1457396803115462,3
V106A,30.06012,SER105-DOR,3.574826117457833,0.20189233691416314,0.11656259506471471,3
V106A,30.083565,SER105-DOR,3.5484273198487912,0.20622483610604367,0.11906396463941077,3
V106A,30.167598,SER105-DOR,3.5395250517735697,0.16467546999937907,0.09507542693306965,3
V106A,30.260521,SER105-DOR,3.5788123029953063,0.15899857384603328,0.0917978694107739,3
V106A,30.362117,SER105-DOR,3.621766442960306,0.16343807744732056,0.09436101801004543,3
V106A,30.460922,SER105-DOR,3.6600851997718524,0.1744381020518625,0.10071188517657023,3
V106A,30.640669,SER105-DOR,3.7297951883428575,0.20874793872023648,0.12052067861290804,3
V106A,30.661323,SER105-DOR,3.743879120703076,0.22164801746109777,0.1279685425465117,3
V106A,30.726257,SER105-DOR,3.7881575237365515,0.265966148357612,0.15355562734959524,3
V106A,30.861723,SER105-DOR,3.9088550464294793,0.3819917523018134,0.22054304101966885,3
V106A,30.91922,SER105-DOR,3.960083734530368,0.4313275629080696,0.24902708455387926,3
V106A,31.062124,SER105-DOR,4.0187257931599785,0.4607510561429997,0.26601474629356525,3
V106A,31.197772,SER105-DOR,4.074390144923348,0.4984505444050336,0.28778055598996166,3
V106A,31.262525,SER105-DOR,4.083582145392916,0.5019118850957006,0.2897789619694753,3
V106A,31.284916,SER105-DOR,4.086760655771031,0.504368729308183,0.291197421636909,3
V106A,31.462926,SER105-DOR,3.966788212688709,0.4409652576145049,0.2545914101870071,3
V106A,31.476323,SER105-DOR,3.957759096243766,0.4365872654588343,0.25206377523742063,3
V106A,31.663327,SER105-DOR,3.742261276211613,0.27937914545079473,0.16129962483198396,3
V106A,31.754875,SER105-DOR,3.636764350769718,0.20795347739925346,0.12006199615537776,3
V106A,31.843575,SER105-DOR,3.6062428008831726,0.20120296919148203,0.11616458842445414,3
V106A,31.863727,SER105-DOR,3.608266208545821,0.1959514230379543,0.11313260683905316,3
V106A,32.033426,SER105-DOR,3.625306793265768,0.19042341041773211,0.10994100726468423,3
V106A,32.064128,SER105-DOR,3.62946732659617,0.19889490351294253,0.11483202608364203,3
V106A,32.264529,SER105-DOR,3.6566243956148696,0.2915492569627074,0.1683260419894545,3
V106A,32.311978,SER105-DOR,3.6630541674766324,0.31911199699140314,0.18423939736462566,3
V106A,32.402235,SER105-DOR,3.6070326742616206,0.28317525339473576,0.1634913087752912,3
V106A,32.46493,SER105-DOR,3.5728541523954704,0.24886812012200446,0.1436840761451554,3
V106A,32.590529,SER105-DOR,3.5043831711710354,0.22596298543194718,0.13045979046602618,3
V106A,32.665331,SER105-DOR,3.528289062404415,0.23665975357795171,0.13663557243458094,3
V106A,32.865731,SER105-DOR,3.592335258561869,0.28576699025422775,0.16498764874878757,3
V106A,32.869081,SER105-DOR,3.593405854222867,0.2867839831735845,0.16557480988454212,3
V106A,32.960894,SER105-DOR,3.607369790732275,0.3029598268060879,0.17491393756013726,3
V106A,33.066132,SER105-DOR,3.6554459509767194,0.18243882143086287,0.10533110266374675,3
V106A,33.147632,SER105-DOR,3.692677816461831,0.1273638309143416,0.07353354206341711,3
V106A,33.266533,SER105-DOR,3.708052383285884,0.1564887385870772,0.09034881534839401,3
V106A,33.426184,SER105-DOR,3.7286959641679958,0.3702791170789853,0.21378074792084914,3
V106A,33.466934,SER105-DOR,3.7202460488389755,0.4348004085173368,0.25103213290124365,3
V106A,33.519553,SER105-DOR,3.7093349790304444,0.5222962535947093,0.3015478826096385,3
V106A,33.667335,SER105-DOR,3.598584715027704,0.5256216546815949,0.30346780382231536,3
V106A,33.704735,SER105-DOR,3.5705565292808767,0.5312139636997778,0.30669652493935484,3
V106A,33.867735,SER105-DOR,3.6016185954953954,0.40887388679224895,0.23606344860411352,3
V106A,33.983287,SER105-DOR,3.623638975735212,0.33651389923401925,0.19428639030881162,3
V106A,34.068136,SER105-DOR,3.6242865726065374,0.2987640934892782,0.17249152980022928,3
V106A,34.078212,SER105-DOR,3.62436347611837,0.29463589771690296,0.17010811485978097,3
V106A,34.261838,SER105-DOR,3.6025556592913417,0.1772225903026276,0.10231951021770481,3
V106A,34.268537,SER105-DOR,3.6031895607472593,0.17651399392267964,0.10191040190699506,3
V106A,34.468938,SER105-DOR,3.622155571721713,0.3019804765036164,0.1743485093993744,3
V106A,34.54039,SER105-DOR,3.6289177845817875,0.37974233872834173,0.21924434148750616,3
V106A,34.636872,SER105-DOR,3.548228998491521,0.3454038183788046,0.19941898752012743,3
V106A,34.669339,SER105-DOR,3.553408611464709,0.30653263615263,0.17697669999812654,3
V106A,34.818942,SER105-DOR,3.577275708718013,0.19244582518237702,0.11110864897346504,3
V106A,34.869739,SER105-DOR,3.6087521672982903,0.19971019755462174,0.11530273631807421,3
V106A,35.07014,SER105-DOR,3.7329310317183513,0.2769232499412358,0.1598817128984385,3
V106A,35.097493,SER105-DOR,3.74988037068613,0.2913301305651371,0.16819952930483076,3
V106A,35.195531,SER105-DOR,3.8098953025209514,0.34779665976928753,0.20080049514105086,3
V106A,35.270541,SER105-DOR,3.783182702819801,0.3363262577252808,0.19417805543323033,3
V106A,35.376045,SER105-DOR,3.7456108184167918,0.3204583682500064,0.18501672517320944,3
V106A,35.470942,SER105-DOR,3.7676942257434036,0.27125240705090387,0.1566076502291733,3
V106A,35.654596,SER105-DOR,3.8104322057550095,0.298723124062714,0.1724678760907739,3
V106A,35.671343,SER105-DOR,3.804464539932509,0.2991820124190622,0.17273281540683955,3
V106A,35.75419,SER105-DOR,3.774942359000031,0.3018819003839363,0.17429159645014142,3
V106A,35.871743,SER105-DOR,3.7506507619737826,0.26388913591027136,0.15235646365401292,3
V106A,35.933148,SER105-DOR,3.7379615024887123,0.24620554042778067,0.14214683504195647,3
V106A,36.072144,SER105-DOR,3.5966702227220395,0.10266693005198879,0.05927477970238821,3
V106A,36.211699,SER105-DOR,3.454810712032246,0.20206694777549786,0.11666340669250974,3
V106A,36.272545,SER105-DOR,3.4826075709528683,0.12670653374210367,0.07315405136408795,3
V106A,36.312849,SER105-DOR,3.5010201923433244,0.07852650254902871,0.045337297385201564,3
V106A,36.472946,SER105-DOR,3.6346694109560738,0.06759155038356726,0.03902399980889671,3
V106A,36.490251,SER105-DOR,3.649115421526657,0.0821098989183215,0.04740617224362589,3
V106A,36.673347,SER105-DOR,3.6594563191035228,0.07095171136720851,0.04096398965732247,3
V106A,36.768802,SER105-DOR,3.6648474274739935,0.10683469074349008,0.061681037459544424,3
V106A,36.871508,SER105-DOR,3.718317276292565,0.10873789605070527,0.06277985355598824,3
V106A,36.873747,SER105-DOR,3.717930014311543,0.10712452115941815,0.06184837112819983,3
V106A,37.047354,SER105-DOR,3.68788196683302,0.13040867224675617,0.07529148202632636,3
V106A,37.074148,SER105-DOR,3.661377471394664,0.11573606020835861,0.06682024551624258,3
V106A,37.274549,SER105-DOR,3.4631417697323017,0.09172158288129556,0.052955480567014566,3
V106A,37.325905,SER105-DOR,3.412340662479483,0.11572416933491413,0.0668133803172585,3
V106A,37.430168,SER105-DOR,3.5389080658068957,0.3737644255697155,0.2157929917161811,3
V106A,37.47495,SER105-DOR,3.654746903116299,0.46523977634232316,0.2686063101089616,3
V106A,37.604457,SER105-DOR,3.9897456805683817,0.7361192634286085,0.42499865489617616,3
V106A,37.675351,SER105-DOR,3.947136215178656,0.5176192629148563,0.29884762078162797,3
V106A,37.875752,SER105-DOR,3.8266890761603194,0.351785831440877,0.20310364447948667,3
V106A,37.883008,SER105-DOR,3.8223279979186096,0.36877952137939746,0.21291495594001647,3
V106A,37.988827,SER105-DOR,3.8861854544817995,0.48720675626805077,0.2812889518823635,3
V106A,38.076152,SER105-DOR,3.7754628981694567,0.4388331580543966,0.2533604419320395,3
V106A,38.16156,SER105-DOR,3.6671710503374673,0.3923022844042671,0.22649582950450875,3
V106A,38.276553,SER105-DOR,3.5979235635087594,0.22543591259688509,0.13015548482282055,3
V106A,38.440111,SER105-DOR,3.49943078176787,0.11579285074469263,0.06685303354768245,3
V106A,38.476954,SER105-DOR,3.473768327077695,0.1451244306799966,0.08378762911908723,3
V106A,38.547486,SER105-DOR,3.424640214459515,0.2245910358899824,0.12966769502865824,3
V106A,38.677355,SER105-DOR,3.6363183959700898,0.1356583167013691,0.07832236566534696,3
V106A,38.718663,SER105-DOR,3.703647795802409,0.10890831088290744,0.06287824260523406,3
V106A,38.877756,SER105-DOR,3.8668195686811884,0.18719220490463762,0.10807546989189212,3
V106A,38.997214,SER105-DOR,3.9893401927473238,0.394664755917944,0.22785980306888293,3
V106A,39.078156,SER105-DOR,4.115839292983756,0.46204253080006324,0.26676037953447246,3
V106A,39.106145,SER105-DOR,4.159581609754242,0.4853484040773875,0.28021603174483495,3
V106A,39.275766,SER105-DOR,4.112831191168431,0.3691840303670864,0.21314849931294833,3
V106A,39.278557,SER105-DOR,4.109539428855364,0.3723011141629862,0.2149481484815977,3
V106A,39.478958,SER105-DOR,3.8731813183439736,0.6178945636014211,0.35674159262608685,3
V106A,39.554318,SER105-DOR,3.7843007471829284,0.7159989547026389,0.4133821892370592,3
V106A,39.664804,SER105-DOR,3.8884064885145437,0.6083817343576486,0.35124935810143987,3
V106A,39.679359,SER105-DOR,3.9154062765168303,0.5957520796702661,0.34395762356790754,3
V106A,39.832869,SER105-DOR,4.200174618140337,0.5534719225002562,0.31954716344442263,3
V106A,39.87976,SER105-DOR,4.169312835680965,0.5440862910256405,0.31412836658603865,3
V106A,40.08016,SER105-DOR,4.037416695920952,0.7125848626373137,0.41141106226410556,3
V106A,40.111421,SER105-DOR,4.016842405906033,0.7603841972657519,0.4390080209789194,3
V106A,40.223464,SER105-DOR,4.1127778454478525,0.7300547869754335,0.42149732778344146,3
V106A,40.280561,SER105-DOR,4.09277670542339,0.6370487677033492,0.367800277520448,3
V106A,40.389972,SER105-DOR,4.054449915378089,0.46207902237973314,0.26678144795781805,3
V106A,40.480962,SER105-DOR,3.988965149932102,0.3531750865080969,0.20390573126651915,3
V106A,40.668524,SER105-DOR,3.8539781309346473,0.1302432925683019,0.07519600002445229,3
V106A,40.681363,SER105-DOR,3.8424469175597005,0.11697466959735668,0.06753535698040142,3
V106A,40.782123,SER105-DOR,3.751950501076464,0.01285787262360617,0.007423496220444942,3
V106A,40.881764,SER105-DOR,3.790626068573109,0.07313141622941666,0.04222244284627227,3
V106A,40.947075,SER105-DOR,3.815976476425032,0.11634676001006815,0.06717283321115364,3
V106A,41.082164,SER105-DOR,3.8676019295228676,0.2075882887394901,0.11985115438435837,3
V106A,41.225627,SER105-DOR,3.9224278138364124,0.30464807048543524,0.17588864550286612,3
V106A,41.282565,SER105-DOR,3.9957439478741734,0.25388654694081925,0.14658146621990656,3
V106A,41.340782,SER105-DOR,4.070706984427558,0.2019939025813576,0.11662123403000986,3
V106A,41.482966,SER105-DOR,4.1526180642660675,0.046110857267561464,0.026622115855991023,3
V106A,41.504178,SER105-DOR,4.164838116947536,0.06785345333199999,0.03917520954667591,3
V106A,41.683367,SER105-DOR,4.030517465766493,0.1464216912465752,0.08453660285641046,3
V106A,41.78273,SER105-DOR,3.956034728754368,0.2256617500656574,0.13028587214620935,3
V106A,41.883768,SER105-DOR,4.029684866586858,0.17516526823038647,0.10113171476548664,3
V106A,41.899441,SER105-DOR,4.041109465354139,0.18298774614855765,0.10564802449727267,3
V106A,42.061281,SER105-DOR,4.16136911578177,0.34291084996398213,0.19797967153474846,3
V106A,42.084168,SER105-DOR,4.1548954940367695,0.33998622695613157,0.19629113965388778,3
V106A,42.284569,SER105-DOR,4.09820874748515,0.31951834325166717,0.1844740014873733,3
V106A,42.339833,SER105-DOR,4.0825762340497125,0.3156421097136912,0.18223605701078102,3
V106A,42.458101,SER105-DOR,3.891513668118448,0.03930120049768334,0.022690558686812932,3
V106A,42.48497,SER105-DOR,3.84369409333956,0.022632385164110515,0.013066813666902499,3
V106A,42.618384,SER105-DOR,3.606253148401109,0.31452392097516463,0.18159047044158788,3
V106A,42.685371,SER105-DOR,3.5763191188849266,0.3085843732824659,0.17816127098234366,3
V106A,42.885772,SER105-DOR,3.486768873200564,0.29859118500447185,0.1723917010399812,3
V106A,42.896936,SER105-DOR,3.4817802005942284,0.2983945703612175,0.1722781855227717,3
V106A,43.01676,SER105-DOR,3.4636885245080618,0.2464480596999345,0.14228685360901816,3
V106A,43.086172,SER105-DOR,3.493197487273816,0.26581177145270724,0.1534664978019918,3
V106A,43.175487,SER105-DOR,3.531167766323883,0.2981744846031456,0.17215111895110405,3
V106A,43.286573,SER105-DOR,3.5754637806948057,0.34916538911725914,0.20159073139855,3
V106A,43.454039,SER105-DOR,3.6422415411870244,0.435018765068227,0.25115820111467946,3
V106A,43.486974,SER105-DOR,3.656859285002246,0.45188652137414353,0.26089680475852534,3
V106A,43.575419,SER105-DOR,3.6961143742207043,0.498638644870897,0.2878891558445626,3
V106A,43.687375,SER105-DOR,3.7529069155594725,0.422601727139088,0.24398922092375325,3
V106A,43.732591,SER105-DOR,3.7758437751984353,0.3919390134956371,0.22628609494762245,3
V106A,43.887776,SER105-DOR,3.8177844270442733,0.31412000658351846,0.18135727035884142,3
V106A,44.011142,SER105-DOR,3.8511256034183643,0.2711334044783589,0.15653894406188018,3
V106A,44.088176,SER105-DOR,3.8871750940922922,0.23515422310430023,0.13576635401034506,3
V106A,44.134078,SER105-DOR,3.9086557945239266,0.2168214438889854,0.12518191899538905,3
V106A,44.288577,SER105-DOR,3.8508557312112948,0.07701885235980667,0.04446685514261043,3
V106A,44.289694,SER105-DOR,3.850437895436604,0.07601104328106865,0.04388499629970929,3
V106A,44.488978,SER105-DOR,3.800181293485777,0.1418086926369286,0.08187328686735963,3
V106A,44.568245,SER105-DOR,3.7801912788993786,0.22844820507913013,0.13189463269832263,3
V106A,44.689379,SER105-DOR,3.701395733103043,0.2873952133968676,0.16592770381849145,3
V106A,44.692737,SER105-DOR,3.6992114115216963,0.2890791201659913,0.16689990784493525,3
V106A,44.846797,SER105-DOR,3.752888455461639,0.16735789103957402,0.09662412344270613,3
V106A,44.88978,SER105-DOR,3.7914068289103526,0.1761855234043806,0.10172075936483425,3
V106A,45.09018,SER105-DOR,3.9709913632407168,0.2675471779864901,0.15446843523142478,3
V106A,45.125348,SER105-DOR,4.002506477528798,0.2884096794178031,0.1665134060487623,3
V106A,45.251397,SER105-DOR,4.06862314827949,0.3028584709334694,0.174855419719797,3
V106A,45.290581,SER105-DOR,4.084313956413267,0.2869913521233343,0.16569453440350176,3
V106A,45.4039,SER105-DOR,4.129691131821077,0.24335937664210788,0.14050360161414052,3
V106A,45.490982,SER105-DOR,4.105157388107085,0.12670720906893318,0.07315444126421476,3
V106A,45.682451,SER105-DOR,4.051214536826982,0.16438420580143356,0.09490726546998052,3
V106A,45.691383,SER105-DOR,4.053388787874947,0.16819272108288133,0.09710611279293718,3
V106A,45.810056,SER105-DOR,4.082278206747201,0.22569605450459498,0.13030567782326438,3
V106A,45.891784,SER105-DOR,4.074664851517658,0.23204682145102454,0.13397229482934606,3
V106A,45.961003,SER105-DOR,4.068216674987638,0.2392855820770951,0.13815159522540715,3
V106A,46.092184,SER105-DOR,3.998105717630793,0.35717124667493855,0.20621291541457,3
V106A,46.239554,SER105-DOR,3.9193423922583874,0.4926088688904679,0.2844078630591087,3
V106A,46.292585,SER105-DOR,3.9435762800428535,0.45165708254707954,0.2607643381899574,3
V106A,46.368715,SER105-DOR,3.9783663055961433,0.3947125075748837,0.22788737250087132,3
V106A,46.492986,SER105-DOR,4.005849137009718,0.26501388351927163,0.1530058369888396,3
V106A,46.518106,SER105-DOR,4.0114043575675185,0.23881728409827335,0.13788122326127347,3
V106A,46.693387,SER105-DOR,3.9056234952063953,0.3023632041171015,0.17456947729004632,3
V106A,46.796657,SER105-DOR,3.843300769662649,0.343040269427089,0.1980543918966116,3
V106A,46.893788,SER105-DOR,3.846025007572869,0.27652909251757196,0.1596541460037831,3
V106A,46.927374,SER105-DOR,3.846967079093771,0.2539649002380419,0.14662670351714996,3
V106A,47.075209,SER105-DOR,3.8149887262762885,0.11980078016010068,0.06916701267456131,3
V106A,47.094188,SER105-DOR,3.8005924816332217,0.12056497728785534,0.0696082220919844,3
V106A,47.294589,SER105-DOR,3.648581215353919,0.13256408847058782,0.07653591216337124,3
V106A,47.35376,SER105-DOR,3.603697913189695,0.13730825395768,0.07927495738442406,3
V106A,47.486034,SER105-DOR,3.6707891416871146,0.1666635729839281,0.09622325872637573,3
V106A,47.49499,SER105-DOR,3.6848549251359013,0.17941352517913514,0.10358444705843338,3
V106A,47.632312,SER105-DOR,3.900525017555142,0.37615178932966575,0.21717133682564194,3
V106A,47.695391,SER105-DOR,3.9467959114251676,0.38836526069628685,0.22422278780690041,3
V106A,47.895792,SER105-DOR,4.093797820181593,0.4606273781832754,0.26594334079022564,3
V106A,47.910864,SER105-DOR,4.104853316283126,0.4676966011358782,0.2700247585648723,3
V106A,48.044693,SER105-DOR,4.09364686193634,0.4815803329961304,0.2780405348917455,3
V106A,48.096192,SER105-DOR,4.048703425614572,0.4431974827174233,0.2558801859510689,3
V106A,48.189415,SER105-DOR,3.9673472446358353,0.3880997996650812,0.22406952380907447,3
V106A,48.296593,SER105-DOR,3.902552879318492,0.3340269754297106,0.19285056418093993,3
V106A,48.467967,SER105-DOR,3.798949057673383,0.287464942364393,0.16596796185666257,3
V106A,48.496994,SER105-DOR,3.792359917955718,0.27096870966319087,0.1564438574660088,3
V106A,48.603352,SER105-DOR,3.7682166286439007,0.2163449904679802,0.12490683848451539,3
V106A,48.697395,SER105-DOR,3.7804496243483867,0.25794052107449095,0.1489220292772697,3
V106A,48.746518,SER105-DOR,3.786839482689693,0.2821661501547383,0.1629087027480385,3
V106A,48.897796,SER105-DOR,3.9409759782708242,0.27708747348950247,0.15997652740823756,3
V106A,49.02507,SER105-DOR,4.070654638145988,0.39641613268974163,0.22887096091953274,3
V106A,49.098196,SER105-DOR,4.075742483840931,0.43011117933843374,0.24832480517251213,3
V106A,49.162011,SER105-DOR,4.0801825034375545,0.46163351977675576,0.2665242369100644,3
V106A,49.298597,SER105-DOR,4.024302000090528,0.4223896685311588,0.24386678882938134,3
V106A,49.303621,SER105-DOR,4.022246562012525,0.42101665875825334,0.24307408126739438,3
V106A,49.498998,SER105-DOR,3.911630059172788,0.3468306828970399,0.20024278813382773,3
V106A,49.582173,SER105-DOR,3.8645389971118704,0.3153733156379015,0.18208086867876724,3
V106A,49.699399,SER105-DOR,3.8372449338314687,0.30862474907062876,0.17818458195450823,3
V106A,49.72067,SER105-DOR,3.832292346350556,0.3091185653324916,0.17846968690622494,3
V106A,49.860724,SER105-DOR,3.89903011812116,0.20459576380374858,0.11812341930715134,3
V106A,49.8998,SER105-DOR,3.9620328345349587,0.2605249012954271,0.15041412189351552,3
V106A,50.1002,SER105-DOR,4.285141587411243,0.642187621659752,0.37076719623550336,3
V106A,50.139276,SER105-DOR,4.348144028378159,0.721630214022342,0.4166333983211664,3
V106A,50.27933,SER105-DOR,4.2500090674270865,0.517982045972127,0.2990570736774007,3
V106A,50.300601,SER105-DOR,4.214218013893516,0.4825549412371042,0.2786032252220262,3
V106A,50.417827,SER105-DOR,4.0169709619671075,0.28772889646605504,0.16612035582831086,3
V106A,50.501002,SER105-DOR,3.8689214534725416,0.14260642056972642,0.08233385530410053,3
V106A,50.696379,SER105-DOR,3.521155361101434,0.22654037413837583,0.13079314599110983,3
V106A,50.701403,SER105-DOR,3.5227910479113036,0.2184030978080405,0.12609508731132035,3
V106A,50.837989,SER105-DOR,3.5672602193191367,0.24199368525880827,0.13971511932636255,3
V106A,50.901804,SER105-DOR,3.6759424553971023,0.19955066982507505,0.11521063294047722,3
V106A,50.97493,SER105-DOR,3.8004820964758106,0.2244098303836441,0.1295630759807952,3
V106A,51.102204,SER105-DOR,4.06654459328674,0.4653744383647051,0.26868405726383343,3
V106A,51.253482,SER105-DOR,4.382786563586321,0.7886519755350733,0.45532843037210474,3
V106A,51.302605,SER105-DOR,4.328371283612455,0.6811763978027248,0.3932773766370228,3
V106A,51.396648,SER105-DOR,4.224196535030688,0.6310316167212343,0.3643262737811694,3
V106A,51.503006,SER105-DOR,3.989755143847971,0.5668289450088079,0.3272588439853068,3
V106A,51.532033,SER105-DOR,3.925771882745028,0.5809453863931414,0.33540897521855134,3
V106A,51.703407,SER105-DOR,3.9947051397882416,0.3646847666874225,0.21055084821633926,3
V106A,51.810585,SER105-DOR,4.037816996809883,0.31285726224599636,0.18062822457565536,3
V106A,51.903808,SER105-DOR,4.123522655774939,0.4260071203822464,0.2459553256293873,3
V106A,51.955307,SER105-DOR,4.170868865734302,0.5268270205630549,0.3041637221384482,3
V106A,52.089136,SER105-DOR,4.390750456744549,0.7750739780428935,0.44748916986493864,3
V106A,52.104208,SER105-DOR,4.383350594673505,0.7494359517250195,0.43268704846882344,3
V106A,52.304609,SER105-DOR,4.284946307147835,0.4468150345125874,0.2579687804538143,3
V106A,52.367688,SER105-DOR,4.25397218998858,0.3826213691808329,0.22090655049425706,3
V106A,52.50501,SER105-DOR,4.177833154949536,0.363570116471023,0.20990730461384874,3
V106A,52.513966,SER105-DOR,4.172867445081729,0.3695891350843056,0.21338238663048478,3
V106A,52.64624,SER105-DOR,4.097033729695003,0.5040631665930109,0.29102100492105004,3
V106A,52.705411,SER105-DOR,4.121091674679228,0.5217748646585343,0.30124685856698535,3
V106A,52.905812,SER105-DOR,4.202571389958398,0.5822070290804335,0.3361373849636806,3
V106A,52.924791,SER105-DOR,4.210287935865272,0.5879608646711642,0.33945936349086175,3
V106A,53.072626,SER105-DOR,4.197192604471513,0.7268122378657247,0.4196252411820905,3
V106A,53.106212,SER105-DOR,4.147508955055597,0.7035041085226255,0.4061682864315455,3
V106A,53.203343,SER105-DOR,4.003823637004756,0.6420191123469358,0.37066990733838795,3
V106A,53.306613,SER105-DOR,3.9111590453679934,0.49304185942939716,0.2846578502633161,3
V106A,53.481894,SER105-DOR,3.7538786901178427,0.2566095953428692,0.14815361894784648,3
V106A,53.507014,SER105-DOR,3.7279804403682455,0.23333464095923623,0.13471581776907973,3
V106A,53.631285,SER105-DOR,3.599859312893965,0.17731672308120544,0.10237385780275629,3
V106A,53.707415,SER105-DOR,3.5637303423428324,0.11970096501331419,0.06910938437269493,3
V106A,53.760446,SER105-DOR,3.5385636017376023,0.08416574859810108,0.04859311760966003,3
V106A,53.907816,SER105-DOR,3.5385776945682053,0.1257984618145723,0.07262977579228418,3
V106A,54.038997,SER105-DOR,3.5385902392625894,0.30911460789877143,0.1784674020808013,3
V106A,54.108216,SER105-DOR,3.49189260100001,0.34229987441403686,0.1976269246365193,3
V106A,54.189944,SER105-DOR,3.4367557685175085,0.3865529687656551,0.22317646057289997,3
V106A,54.308617,SER105-DOR,3.4168888376580675,0.27333722345635186,0.15781131954206964,3
V106A,54.317549,SER105-DOR,3.415393609945706,0.26511349375700516,0.1530633469864091,3
V106A,54.509018,SER105-DOR,3.432100418213962,0.20916907951506242,0.12076382436416754,3
V106A,54.5961,SER105-DOR,3.4396988402959505,0.23013595712426446,0.13286905679590627,3
V106A,54.709419,SER105-DOR,3.5337924247434844,0.4106518234390326,0.23708994080573617,3
V106A,54.748603,SER105-DOR,3.5663286377671324,0.4734770792062388,0.27336211913483976,3
V106A,54.874652,SER105-DOR,3.7168159657893427,0.5625255918409711,0.3247743018754382,3
V106A,54.90982,SER105-DOR,3.7015739825653875,0.4957781031929925,0.2862376213367963,3
V106A,55.11022,SER105-DOR,3.6147196423106105,0.11553976549443484,0.0667069147103182,3
V106A,55.153203,SER105-DOR,3.596090599859657,0.03439603637973207,0.019858560862894472,3
V106A,55.307263,SER105-DOR,3.610728651598297,0.12793373057847027,0.07386257378791287,3
V106A,55.310621,SER105-DOR,3.611107573033866,0.1295792893913517,0.07481263761149731,3
V106A,55.431755,SER105-DOR,3.624776558132377,0.22344303771433674,0.12900489797292003,3
V106A,55.511022,SER105-DOR,3.6681429281584594,0.2421460347601816,0.13980307835199132,3
V106A,55.710306,SER105-DOR,3.7771696818425724,0.3175044892312198,0.1833113023265594,3
V106A,55.711423,SER105-DOR,3.7775446864078837,0.3183528690345267,0.18380111463437368,3
V106A,55.865922,SER105-DOR,3.8294019039200453,0.43696673074078635,0.2522828596201037,3
V106A,55.911824,SER105-DOR,3.838461222148019,0.45415861018803394,0.26220859584684775,3
V106A,55.988858,SER105-DOR,3.853664906967449,0.483358506488466,0.27906716383621133,3
V106A,56.112224,SER105-DOR,4.054325620007978,0.3114122312482849,0.17979393554013928,3
V106A,56.267409,SER105-DOR,4.306741461919005,0.3299603755127064,0.19050271162417107,3
V106A,56.312625,SER105-DOR,4.28739580919892,0.30347797707423635,0.17521309175693345,3
V106A,56.424581,SER105-DOR,4.239493071870372,0.3001403090672087,0.17328608823461042,3
V106A,56.513026,SER105-DOR,4.100810780073232,0.28915359500949905,0.16694290591588232,3
V106A,56.545961,SER105-DOR,4.049168499671668,0.28736157391363104,0.16590828205378944,3
V106A,56.713427,SER105-DOR,3.7929374484548024,0.2903910991624689,0.16765737927172275,3
V106A,56.824513,SER105-DOR,3.6229714564625524,0.3069379228786735,0.17721069239850676,3
V106A,56.913828,SER105-DOR,3.667151917686746,0.15226063794043304,0.08790772030189317,3
V106A,56.98324,SER105-DOR,3.701487182474226,0.26881808014418795,0.1552021909342853,3
V106A,57.103064,SER105-DOR,3.934018979598168,0.5210064638872314,0.3008032221748281,3
V106A,57.114228,SER105-DOR,3.927578087116107,0.5028711254936923,0.29033277967147336,3
V106A,57.314629,SER105-DOR,3.8119568919532596,0.4941445945588178,0.28529451468713196,3
V106A,57.381616,SER105-DOR,3.7733093752574427,0.6151498799759022,0.35515694879605314,3
V106A,57.51503,SER105-DOR,3.8888748413597614,0.749977969117423,0.43299998235623305,3
V106A,57.541899,SER105-DOR,3.912149224173431,0.7775054170784723,0.4488929618466483,3
V106A,57.660167,SER105-DOR,3.9244159101803113,0.6272611424851413,0.36214938946598857,3
V106A,57.715431,SER105-DOR,3.913266391511383,0.5665331868682184,0.32708808794322247,3
V106A,57.915832,SER105-DOR,3.872835320558878,0.3524191031148682,0.20346926405093563,3
V106A,57.938719,SER105-DOR,3.8682177618310547,0.32912622500757766,0.19002111460549032,3
V106A,58.100559,SER105-DOR,3.7937177372728157,0.25081655248293433,0.14480900409323605,3
V106A,58.116232,SER105-DOR,3.786692039219433,0.2581901075867728,0.14906612811732173,3
V106A,58.21727,SER105-DOR,3.741399977717632,0.3061075023937854,0.17673124890801603,3
V106A,58.316633,SER105-DOR,3.7315355809498634,0.3018924542786976,0.17429768974412285,3
V106A,58.495822,SER105-DOR,3.7137465618984997,0.30661899499223005,0.17702655929741654,3
V106A,58.517034,SER105-DOR,3.7185999355102157,0.30024215588388564,0.17334488952163496,3
V106A,58.659218,SER105-DOR,3.7511321376032605,0.2849396799068097,0.16451000089700238,3
V106A,58.717435,SER105-DOR,3.7867201228219476,0.29904428567616453,0.17265329883475294,3
V106A,58.774373,SER105-DOR,3.8215262568099835,0.3158373963018089,0.1823488057749999,3
V106A,58.917836,SER105-DOR,3.9285155202603916,0.3733309160877925,0.2155427049000966,3
V106A,59.052925,SER105-DOR,4.029259632016601,0.4470863686085075,0.25812543526713405,3
V106A,59.118236,SER105-DOR,4.02390027534823,0.4543770129581651,0.26233469074497473,3
V106A,59.217877,SER105-DOR,4.015723832516346,0.47703605712045344,0.2754168959916515,3
V106A,59.318637,SER105-DOR,3.9054209289547477,0.3757993315001148,0.2169678452028727,3
V106A,59.331476,SER105-DOR,3.891365944699094,0.3630396614331825,0.20960104625495854,3
V106A,59.519038,SER105-DOR,3.7606504046657308,0.2712896645713311,0.15662916086862128,3
V106A,59.610028,SER105-DOR,3.697237630011282,0.2993990904743404,0.17285814548048956,3
V106A,59.719439,SER105-DOR,3.493938028259753,0.16662093898067562,0.09619864397312128,3
V106A,59.776536,SER105-DOR,3.3878445151650305,0.13723467452440044,0.07923247627881327,3
V106A,59.888579,SER105-DOR,3.316066707069858,0.15780752429117795,0.09111021662966,3
V106A,59.91984,SER105-DOR,3.3547099722401943,0.12503522038987763,0.07218911815028003,3
V106A,60.12024,SER105-DOR,3.6024389625127196,0.16833335609289976,0.09718730845382881,3
V106A,60.167131,SER105-DOR,3.660404256097751,0.22208929522580276,0.1282233143827515,3
V106A,60.320641,SER105-DOR,3.7055717164349624,0.29591794258265836,0.17084830380813804,3
V106A,60.335196,SER105-DOR,3.709853995178749,0.30563167819665166,0.17645653167971392,3
V106A,60.445682,SER105-DOR,3.681358596349071,0.2932852490103717,0.16932831746548452,3
V106A,60.521042,SER105-DOR,3.6654555594553493,0.2852886157406946,0.16471145909462573,3
V106A,60.721443,SER105-DOR,3.6231654817364816,0.26435659831004277,0.15262635319635698,3
V106A,60.724234,SER105-DOR,3.6225765021288265,0.2640688714371653,0.15246023400884806,3
V106A,60.893855,SER105-DOR,3.5616910856514132,0.2539432782854253,0.14661422007698635,3
V106A,60.921844,SER105-DOR,3.5531814813775515,0.25492894558521534,0.14718329535785155,3
V106A,61.002786,SER105-DOR,3.528572551730166,0.26005618584553764,0.1501435089023485,3
V106A,61.122244,SER105-DOR,3.536786701793158,0.24138281833022943,0.1393624351407085,3
V106A,61.281337,SER105-DOR,3.5477262267807816,0.2225900772879044,0.1285124410411112,3
V106A,61.322645,SER105-DOR,3.5492422832416644,0.2191822128371625,0.12654490958311362,3
V106A,61.452514,SER105-DOR,3.5540086361449377,0.21108523492712744,0.12187011720713244,3
V106A,61.523046,SER105-DOR,3.554884447413239,0.20832073657819036,0.12027403334119934,3
V106A,61.559889,SER105-DOR,3.5553418497006013,0.20750134809519524,0.11980095917997122,3
V106A,61.723447,SER105-DOR,3.524203075918932,0.1935134134609702,0.1117250213534945,3
V106A,61.83844,SER105-DOR,3.502310285511399,0.18436157130190847,0.10644120281937924,3
V106A,61.923848,SER105-DOR,3.479466502388173,0.1779944930133234,0.10276516845551323,3
V106A,62.011173,SER105-DOR,3.4561099771067236,0.17387053423258528,0.10038419974332716,3
V106A,62.116992,SER105-DOR,3.427834179434509,0.14150037211100555,0.08169527792872128,3
V106A,62.124248,SER105-DOR,3.4319028394424227,0.13598042704241248,0.07850833615745711,3
V106A,62.324649,SER105-DOR,3.5442737785612586,0.20468538017138144,0.11817515934112796,3
V106A,62.395543,SER105-DOR,3.5840262017422364,0.28380392018541534,0.16385426971612063,3
V106A,62.52505,SER105-DOR,3.482174702906848,0.1373836402061815,0.07931848165528958,3
V106A,62.569832,SER105-DOR,3.4469555687444973,0.09336723731107498,0.053905599595040814,3
V106A,62.674095,SER105-DOR,3.469715746857259,0.12561910485571962,0.07252622400380955,3
V106A,62.725451,SER105-DOR,3.5172882968995434,0.17068672381766856,0.09854602594322626,3
V106A,62.925852,SER105-DOR,3.7029255467052917,0.35642309471689765,0.20578096968020035,3
V106A,62.952646,SER105-DOR,3.7277456048452,0.38164479050378847,0.22034272253218062,3
V106A,63.126253,SER105-DOR,4.014040643939027,0.37146290189794995,0.21446420640474095,3
V106A,63.128492,SER105-DOR,4.017732276892075,0.371607338521038,0.2145475969279617,3
V106A,63.231198,SER105-DOR,3.997645999591644,0.23850736639552045,0.13770229219216243,3
V106A,63.326653,SER105-DOR,3.846052485687055,0.21769002988601066,0.12568339735458595,3
V106A,63.509749,SER105-DOR,3.555274988207883,0.201144723940431,0.1161309605130808,3
V106A,63.527054,SER105-DOR,3.537492925705447,0.18956681751270626,0.10944645312038163,3
V106A,63.687151,SER105-DOR,3.3729841857048526,0.09120687651312366,0.0526583147067969,3
V106A,63.727455,SER105-DOR,3.387156654233854,0.12232037503781928,0.07062170145546094,3
V106A,63.788301,SER105-DOR,3.4085525083527686,0.17090376894025974,0.09867133700318056,3
V106A,63.927856,SER105-DOR,3.467828996773594,0.27482805250926473,0.1586720500970846,3
V106A,64.066852,SER105-DOR,3.5268680479329277,0.3785136976793477,0.21853498524713205,3
V106A,64.128257,SER105-DOR,3.5766763386441762,0.40305190514369527,0.232702125932104,3
V106A,64.24581,SER105-DOR,3.672029008605272,0.45605711520541575,0.263304698229691,3
V106A,64.328657,SER105-DOR,3.7126931838932307,0.39534967026586165,0.22825523855202504,3
V106A,64.345404,SER105-DOR,3.7209132079268996,0.38324258521226445,0.221265209737229,3
V106A,64.529058,SER105-DOR,3.848355707610347,0.2594210439040084,0.14977680953143296,3
V106A,64.623955,SER105-DOR,3.91420731385066,0.23473396727972684,0.1355237191968991,3
V106A,64.729459,SER105-DOR,3.837976084640564,0.14379971393587998,0.08302280355027149,3
V106A,64.804469,SER105-DOR,3.7837776620503205,0.18806360738183125,0.10857857434667237,3
V106A,64.902507,SER105-DOR,3.7117391746817527,0.3643274755841609,0.2103445661016921,3
V106A,64.92986,SER105-DOR,3.7218237554659876,0.36855175747850455,0.2127834563905243,3
V106A,65.130261,SER105-DOR,3.7957081584104952,0.4435002811750822,0.25605500672210846,3
V106A,65.181058,SER105-DOR,3.814436138891488,0.4720101710151575,0.2725151992958425,3
V106A,65.330661,SER105-DOR,3.8332047842859756,0.5926198346150495,0.3421492210421104,3
V106A,65.363128,SER105-DOR,3.837277949226438,0.6192104333694393,0.35750131039087063,3
V106A,65.45961,SER105-DOR,3.7962795064242023,0.5502057191909601,0.31766142008457243,3
V106A,65.531062,SER105-DOR,3.7918153418713163,0.4849127709472965,0.27996451883990897,3
V106A,65.731463,SER105-DOR,3.779294754382588,0.34920245514045534,0.20161213147702012,3
V106A,65.738162,SER105-DOR,3.778876065696435,0.3465586436585855,0.20008572620627596,3
V106A,65.921788,SER105-DOR,3.7044958435867077,0.27167601275179476,0.15685221909461292,3
V106A,65.931864,SER105-DOR,3.71074114353592,0.26723896554501925,0.15429048869537398,3
V106A,66.016713,SER105-DOR,3.7633321970681526,0.23115538237563388,0.1334576222392031,3
V106A,66.132265,SER105-DOR,3.958806166141768,0.32207697777929045,0.18595122982065446,3
V106A,66.295265,SER105-DOR,4.23454493579065,0.5140298154144455,0.29677525230102375,3
V106A,66.332665,SER105-DOR,4.205968478616346,0.4094869643905182,0.23641740912050838,3
V106A,66.480447,SER105-DOR,4.093051641185311,0.11077395238673357,0.06395537122967941,3
V106A,66.533066,SER105-DOR,3.9806696957234995,0.17581903356494336,0.1015091663573799,3
V106A,66.573816,SER105-DOR,3.8936371736769595,0.2377835162954081,0.13728437714200964,3
V106A,66.733467,SER105-DOR,3.8727793092720657,0.2147821595400117,0.12400453762755491,3
V106A,66.852368,SER105-DOR,3.8572451048270557,0.38630117390968427,0.22303108674502467,3
V106A,66.933868,SER105-DOR,3.736102088601949,0.37166107532551274,0.21457862188649057,3
V106A,67.039106,SER105-DOR,3.5796744966817418,0.36371365657133814,0.2099901775294052,3
V106A,67.130919,SER105-DOR,3.545748432214395,0.2825714897689696,0.1631427256834282,3
V106A,67.134269,SER105-DOR,3.548825878325383,0.2821646311012922,0.1629078257221225,3
V106A,67.334669,SER105-DOR,3.7329384188565466,0.29988735717982057,0.17314004639433486,3
V106A,67.409471,SER105-DOR,3.8016606277007745,0.3254398321001108,0.1878927746680256,3
V106A,67.53507,SER105-DOR,3.776478481929462,0.1907532861452449,0.11013146110476285,3
V106A,67.597765,SER105-DOR,3.7639083609163,0.14309862823270314,0.08261803153081734,3
V106A,67.688022,SER105-DOR,3.6984745952462426,0.1274190848634224,0.0735654429457927,3
V106A,67.735471,SER105-DOR,3.6878291215005583,0.11649441118493191,0.0672580796567074,3
V106A,67.935872,SER105-DOR,3.642868530559792,0.07053578252168512,0.040723853026395807,3
V106A,67.966574,SER105-DOR,3.635980492054354,0.06354694095921734,0.03668884346898139,3
V106A,68.136273,SER105-DOR,3.645159452297152,0.08741050576820514,0.050466479035274577,3
V106A,68.156425,SER105-DOR,3.64624954333957,0.09750674201758823,0.05629554375165796,3
V106A,68.245125,SER105-DOR,3.6672059903883927,0.14173363793097385,0.0818299540126727,3
V106A,68.336673,SER105-DOR,3.659950569225973,0.1455354443062754,0.0840249279468599,3
V106A,68.523677,SER105-DOR,3.6451297356884917,0.17339021382985498,0.10010688662951354,3
V106A,68.537074,SER105-DOR,3.6387588260804726,0.1714316766953317,0.09897612468767865,3
V106A,68.715084,SER105-DOR,3.5541066028047297,0.2164161848336741,0.12494794257071357,3
V106A,68.737475,SER105-DOR,3.5416644143833316,0.22186032724380295,0.1280911196567081,3
V106A,68.802228,SER105-DOR,3.505682590130247,0.24343425660547924,0.1405468335811499,3
V106A,68.937876,SER105-DOR,3.6336095348193322,0.2456821334699832,0.14184464589397636,3
V106A,69.08078,SER105-DOR,3.7683800333448736,0.4447537535224475,0.25677869931928154,3
V106A,69.138277,SER105-DOR,3.7326987166630077,0.402475088068109,0.23236910043824108,3
V106A,69.273743,SER105-DOR,3.648631630630247,0.31119386694234524,0.17966786284932362,3
V106A,69.338677,SER105-DOR,3.621163331138323,0.2623793059670143,0.1514847629298429,3
V106A,69.359331,SER105-DOR,3.612426302935534,0.24864125903220313,0.14355309783388995,3
V106A,69.539078,SER105-DOR,3.6428255580964417,0.23550725147097967,0.135970175032879,3
V106A,69.637883,SER105-DOR,3.6595358579860053,0.2284142874588059,0.13187505035109814,3
V106A,69.739479,SER105-DOR,3.6363823075858135,0.1866959387344314,0.10778895048493387,3
V106A,69.832402,SER105-DOR,3.615205315655707,0.16668817412403353,0.09623746220123798,3
V106A,69.916435,SER105-DOR,3.5924980031022433,0.1533888481608546,0.08855909277635604,3
V106A,69.93988,SER105-DOR,3.607016862047324,0.14123993890064485,0.0815449167446136,3
V106A,70.140281,SER105-DOR,3.731119820096103,0.16703441308142056,0.09643736335648931,3
V106A,70.194986,SER105-DOR,3.76499715763463,0.20509331247568272,0.11841067916682746,3
V106A,70.340681,SER105-DOR,3.730691776527806,0.11060122055787797,0.06385564446179202,3
V106A,70.391061,SER105-DOR,3.7188292677332613,0.07834439850107493,0.045232159564094924,3
V106A,70.473538,SER105-DOR,3.680653935881903,0.06459041950287253,0.03729129608705431,3
V106A,70.541082,SER105-DOR,3.6528458077341495,0.07729454543541497,0.0446260266140266,3
V106A,70.741483,SER105-DOR,3.5703399346893474,0.157340028111848,0.09084030758467873,3
V106A,70.752089,SER105-DOR,3.5659734031375447,0.16220278487698678,0.09364782151203528,3
V106A,70.941884,SER105-DOR,3.5094310495420764,0.23982977663215274,0.1384657860982612,3
V106A,70.949721,SER105-DOR,3.5070964678044176,0.2430349686002682,0.1403163045438571,3
V106A,71.030641,SER105-DOR,3.522264105868858,0.2177567915505894,0.12572194221960203,3
V106A,71.142285,SER105-DOR,3.648366445159867,0.12886946346833006,0.074402819423763,3
V106A,71.309192,SER105-DOR,3.8368885613868398,0.20253328563219422,0.1169326469796067,3
V106A,71.342685,SER105-DOR,3.8158462104139876,0.1353271655120956,0.07813117543707743,3
V106A,71.50838,SER105-DOR,3.7117447112362125,0.2023109770148258,0.11680429703952588,3
V106A,71.543086,SER105-DOR,3.682944178182833,0.26829873590387376,0.15490234739733783,3
V106A,71.587744,SER105-DOR,3.6458854516936454,0.3532082838778965,0.2039248977769093,3
V106A,71.743487,SER105-DOR,3.752313335462956,0.3082195099376912,0.17795061703202056,3
V106A,71.866295,SER105-DOR,3.836234895661107,0.33578886575165107,0.19386779203259485,3
V106A,71.943888,SER105-DOR,3.8522359838495515,0.38741945308931336,0.22367672553041268,3
V106A,72.067039,SER105-DOR,3.8776317600425636,0.4703938853736428,0.27158203634562667,3
V106A,72.144289,SER105-DOR,3.8690199856802647,0.3605340617612973,0.20815443760991417,3
V106A,72.144847,SER105-DOR,3.8689578131924214,0.3597406131051836,0.2076963398147188,3
V106A,72.344689,SER105-DOR,3.8793018929550342,0.09275429408676783,0.05355171665948912,3
V106A,72.423398,SER105-DOR,3.8833759723479324,0.10425386593337872,0.06019099756069536,3
V106A,72.54509,SER105-DOR,3.7661057557461177,0.20741062642358926,0.11974858099844818,3
V106A,72.625698,SER105-DOR,3.6884264956162944,0.3441544695374718,0.1986976756302722,3
V106A,72.70195,SER105-DOR,3.6202639805007344,0.34231122726394186,0.19763347920746802,3
V106A,72.745491,SER105-DOR,3.6253814156260855,0.3002229982878683,0.17333382887841733,3
V106A,72.945892,SER105-DOR,3.648934827733188,0.11658611999983234,0.06731102776567723,3
V106A,72.980501,SER105-DOR,3.6530024723038976,0.09136473313547479,0.052749453270204694,3
V106A,73.146293,SER105-DOR,3.6334308830228985,0.14500277176464443,0.08371738931155934,3
V106A,73.184358,SER105-DOR,3.628937231438373,0.17197634771398412,0.09929059064691742,3
V106A,73.259053,SER105-DOR,3.604958632772083,0.11815249615239289,0.06821537545901026,3
V106A,73.346693,SER105-DOR,3.5969855947712133,0.051671009905877675,0.029832271478458298,3
V106A,73.537604,SER105-DOR,3.5796174905062226,0.16157451025500455,0.09328508698990882,3
V106A,73.547094,SER105-DOR,3.5690928018022916,0.1558449927830617,0.08997714853515595,3
V106A,73.743017,SER105-DOR,3.3517989219191313,0.22709688729280547,0.13111444901062735,3
V106A,73.747495,SER105-DOR,3.3483795027070618,0.2264277880369111,0.13072814437512215,3
V106A,73.816156,SER105-DOR,3.2959497029937896,0.24227010833224266,0.1398747122622201,3
V106A,73.947896,SER105-DOR,3.457816580395329,0.11419295484992643,0.06592933322216381,3
V106A,74.094708,SER105-DOR,3.638201136856597,0.3969164823457806,0.22915983792813577,3
V106A,74.148297,SER105-DOR,3.586422886141095,0.31118259920977653,0.17966135742089193,3
V106A,74.301676,SER105-DOR,3.438226517740478,0.18471855666930284,0.10664730841734114,3
V106A,74.348697,SER105-DOR,3.4371748404483617,0.19733162747313948,0.11392946824124403,3
V106A,74.373259,SER105-DOR,3.4366254838279375,0.22998345508580045,0.1327810097029471,3
V106A,74.549098,SER105-DOR,3.6183070449888795,0.32141511786376464,0.18556910482025982,3
V106A,74.651811,SER105-DOR,3.7244328564817173,0.38432829871260615,0.22189204671891408,3
V106A,74.749499,SER105-DOR,3.8155114022797694,0.4633604876506431,0.26752130227693505,3
V106A,74.860335,SER105-DOR,3.9188483699940533,0.5561711359111465,0.3211055550338004,3
V106A,74.930362,SER105-DOR,3.8492207849193534,0.5081573173080683,0.29338476393849133,3
V106A,74.9499,SER105-DOR,3.8450842562409986,0.47027020077675125,0.2715106270103167,3
V106A,75.150301,SER105-DOR,3.8026568769966147,0.20401738362749214,0.11778949135669574,3
V106A,75.208914,SER105-DOR,3.790247258007971,0.24133285520322,0.13933358891588005,3
V106A,75.350701,SER105-DOR,3.5504279305229978,0.24172272153971666,0.13955867835020438,3
V106A,75.418994,SER105-DOR,3.4349167670740943,0.2482250796951141,0.14331281658159042,3
V106A,75.487465,SER105-DOR,3.43294595067842,0.2611232396687196,0.15075957271440243,3
V106A,75.551102,SER105-DOR,3.5387553268837615,0.23337222905309846,0.1347375192651894,3
V106A,75.751503,SER105-DOR,3.871963463268346,0.26647213621380766,0.1538477595745765,3
V106A,75.766017,SER105-DOR,3.8960955734656846,0.2751876717201017,0.15887967634526712,3
V106A,75.951904,SER105-DOR,3.9340002097710474,0.19751588625214514,0.11403585009690351,3
V106A,75.977654,SER105-DOR,3.9392506439704627,0.2140775022878343,0.12359770357332386,3
V106A,76.044568,SER105-DOR,3.897322260200704,0.23887506300457534,0.13791458192838038,3
V106A,76.152305,SER105-DOR,3.922618247242866,0.17291955544623352,0.09983515188503335,3
V106A,76.32312,SER105-DOR,3.962724782452709,0.1192579888623824,0.06885363197270987,3
V106A,76.352705,SER105-DOR,3.954501384403956,0.11327187236028718,0.06539754599882475,3
V106A,76.536313,SER105-DOR,3.9034660241757444,0.07875248933398599,0.04546777091632995,3
V106A,76.553106,SER105-DOR,3.900817490191091,0.08254556771071168,0.04765770573818987,3
V106A,76.601671,SER105-DOR,3.8931579860545606,0.09453053658654194,0.05457723074487976,3
V106A,76.753507,SER105-DOR,3.792829035789095,0.22627055600307044,0.130637366418059,3
V106A,76.880223,SER105-DOR,3.7090986522162073,0.36435967425068694,0.21036315601047847,3
V106A,76.953908,SER105-DOR,3.7106926742270345,0.36760896301886065,0.2122391337554584,3
V106A,77.094972,SER105-DOR,3.71374430102944,0.37578901834786677,0.2169618909016461,3
V106A,77.154309,SER105-DOR,3.701512320257532,0.3374294344754666,0.19481497482691384,3
V106A,77.158774,SER105-DOR,3.700591885076667,0.33471405937714405,0.1932472522829465,3
V106A,77.354709,SER105-DOR,3.833690558351448,0.054910573721835554,0.03170263451965855,3
V106A,77.437326,SER105-DOR,3.8898122873668406,0.21915816751820597,0.12653102701174132,3
V106A,77.55511,SER105-DOR,3.7830833533815906,0.21654527154137546,0.12502247081615372,3
V106A,77.653631,SER105-DOR,3.693809417149493,0.2856074371439662,0.164895530717628,3
V106A,77.715877,SER105-DOR,3.636404286493814,0.2546079274692061,0.14699795546215885,3
V106A,77.755511,SER105-DOR,3.619013575885175,0.2312286634450579,0.13349993108436156,3
V106A,77.955912,SER105-DOR,3.5310821678362223,0.13010855167294025,0.07511820733224439,3
V106A,77.994429,SER105-DOR,3.514181803583526,0.11790936997699031,0.06807500649619454,3
V106A,78.156313,SER105-DOR,3.552486640539924,0.08396967948995317,0.04847991705729106,3
V106A,78.212291,SER105-DOR,3.5657323975264994,0.15373429252873316,0.08875853517514078,3
V106A,78.272981,SER105-DOR,3.6162553433415154,0.1747678165937547,0.10090224595608743,3
V106A,78.356713,SER105-DOR,3.6243213861588597,0.10762503220439833,0.06213734131475152,3
V106A,78.551532,SER105-DOR,3.6430886244385157,0.06030047560320572,0.03481449582177329,3
V106A,78.557114,SER105-DOR,3.6442038784210613,0.06381990379880378,0.036846438637895385,3
V106A,78.757515,SER105-DOR,3.6842430590770854,0.194497788742258,0.11229335068712963,3
V106A,78.77095,SER105-DOR,3.6869274508649545,0.2033477752810288,0.11740289279761351,3
V106A,78.830084,SER105-DOR,3.72875036165836,0.2556207260148403,0.14758269497511564,3
V106A,78.957916,SER105-DOR,3.839771045068481,0.343303389937253,0.1982063045939841,3
V106A,79.108635,SER105-DOR,3.970668835785137,0.4490868157105099,0.25928039393997476,3
V106A,79.158317,SER105-DOR,4.009753028389749,0.49077937617163503,0.2833516049454101,3
V106A,79.329609,SER105-DOR,4.144506126923589,0.6356689883739566,0.36700366155320097,3
V106A,79.358717,SER105-DOR,4.122479077771003,0.6233035733758187,0.35986448587538455,3
V106A,79.387187,SER105-DOR,4.10093502332611,0.6112982162073646,0.35293318968246,3
V106A,79.559118,SER105-DOR,4.062545438492805,0.4030674018878918,0.23271107298153743,3
V106A,79.665738,SER105-DOR,4.038738809467632,0.3014357802492403,0.17403402887028377,3
V106A,79.759519,SER105-DOR,3.9342996217678183,0.3165702607854007,0.18277192528188113,3
V106A,79.888268,SER105-DOR,3.790918131941671,0.33742771878831024,0.19481398427447227,3
V106A,79.94429,SER105-DOR,3.786328676461853,0.3829658180458615,0.2211054181392034,3
V106A,79.95992,SER105-DOR,3.797773489428201,0.38084728243479476,0.2198822810338662,3
V106A,80.160321,SER105-DOR,3.9445138581594112,0.36347799656682284,0.20985411916236105,3
V106A,80.222841,SER105-DOR,3.990293110024803,0.36201065714078523,0.20900695034974567,3
V106A,80.360721,SER105-DOR,4.1548844356015655,0.3497737077356701,0.20194194431664264,3
V106A,80.446927,SER105-DOR,4.257791084781581,0.3802789179387953,0.2195541356391031,3
V106A,80.501393,SER105-DOR,4.315406567630855,0.31635651725879,0.18264852039925492,3
V106A,80.561122,SER105-DOR,4.270798045233367,0.1643039598319809,0.09486093543791564,3
V106A,80.761523,SER105-DOR,4.12112883099944,0.3754604231926445,0.21677217640032412,3
V106A,80.779944,SER105-DOR,4.107371132208496,0.42334514818976254,0.24441843526748142,3
V106A,80.961924,SER105-DOR,4.101846525962048,0.7481596470781434,0.43195017363738153,3
V106A,81.005587,SER105-DOR,4.1005204479763515,0.8303593191725638,0.4794081764483941,3
V106A,81.058496,SER105-DOR,4.022025307789304,0.7637188554767498,0.4409332867946944,3
V106A,81.162325,SER105-DOR,3.939635422150456,0.5721893465203431,0.3303536732409562,3
V106A,81.337047,SER105-DOR,3.800990866211438,0.3496096767994336,0.20184724101145107,3
V106A,81.362725,SER105-DOR,3.760794074194577,0.32762794424139624,0.18915608180181384,3
V106A,81.563126,SER105-DOR,3.4470806992847636,0.23519161260071111,0.13578794084616275,3
V106A,81.564246,SER105-DOR,3.445327670931821,0.23525280361776196,0.13582326949632903,3
V106A,81.615599,SER105-DOR,3.4328579794224674,0.195628143227437,0.11294596115342742,3
V106A,81.763527,SER105-DOR,3.4251223275825637,0.14274866251990556,0.08241597873232652,3
V106A,81.89415,SER105-DOR,3.4182916123002385,0.13523781310360886,0.07807958779998488,3
V106A,81.963928,SER105-DOR,3.452326934960965,0.19465038647848215,0.11238145303121637,3
V106A,82.122905,SER105-DOR,3.5298709941808197,0.33002055133348274,0.19053745415049497,3
V106A,82.164329,SER105-DOR,3.5743740867302947,0.31483903297458665,0.18177240043927909,3
V106A,82.172702,SER105-DOR,3.583369487933899,0.31213086458817757,0.18020883869237495,3
V106A,82.364729,SER105-DOR,3.879199705187615,0.44547768938675114,0.2571966638854133,3
V106A,82.451253,SER105-DOR,4.012495615229745,0.5306617831068493,0.30637772332538626,3
V106A,82.56513,SER105-DOR,3.9609173067119356,0.28439567478178845,0.16419591939163083,3
V106A,82.681564,SER105-DOR,3.9081798739799676,0.24630810840795972,0.14220605269292308,3
V106A,82.729805,SER105-DOR,3.846615985750411,0.22522531536826923,0.1300338964561886,3
V106A,82.765531,SER105-DOR,3.832102137954165,0.19816434014036768,0.11441023512382585,3
V106A,82.965932,SER105-DOR,3.750688400503234,0.23124708089149587,0.1335105644020203,3
V106A,83.008357,SER105-DOR,3.733453554608692,0.27123195137693723,0.1565958401403022,3
V106A,83.166333,SER105-DOR,3.838483235651475,0.36961081652565075,0.21339490441648185,3
V106A,83.240223,SER105-DOR,3.8876086922540742,0.4854866473251866,0.2802958465211654,3
V106A,83.286908,SER105-DOR,3.9353968190288153,0.4931950330011149,0.28474628506618005,3
V106A,83.366733,SER105-DOR,3.909188300923388,0.43728716297694575,0.2524678612579074,3
V106A,83.56546,SER105-DOR,3.8439412235005874,0.36334039190036865,0.20977467307114198,3
V106A,83.567134,SER105-DOR,3.844100207566706,0.3629401898797643,0.2095436163268158,3
V106A,83.767535,SER105-DOR,3.8631328036445756,0.325856458250058,0.18813331388784904,3
V106A,83.798883,SER105-DOR,3.866110307970722,0.3222526410717824,0.18605264906986144,3
V106A,83.844011,SER105-DOR,3.9135496451227936,0.33144575714355656,0.19136029710859173,3
V106A,83.967936,SER105-DOR,4.096925681107128,0.322861046813686,0.186403912288726,3
V106A,84.122563,SER105-DOR,4.325732358200608,0.3486754328442738,0.2013078550124508,3
V106A,84.168337,SER105-DOR,4.361425173195483,0.4182558953329274,0.24148015376061358,3
V106A,84.357542,SER105-DOR,4.508959740215154,0.729595013634272,0.42123187752115565,3
V106A,84.368737,SER105-DOR,4.489013584168723,0.7223683452825607,0.41705955860295096,3
V106A,84.401114,SER105-DOR,4.431327412278104,0.702023943857582,0.40531371296373775,3
V106A,84.569138,SER105-DOR,4.311485338386894,0.30976531459171025,0.17884308776513302,3
V106A,84.679666,SER105-DOR,4.232651586263596,0.18932217816558794,0.1093052105274685,3
V106A,84.769539,SER105-DOR,4.00110997900246,0.27696857484042064,0.15990788124118388,3
V106A,84.916201,SER105-DOR,3.623261735323767,0.433276348967368,0.25015221670980814,3
V106A,84.958217,SER105-DOR,3.577900376651561,0.4605594712493155,0.265904134703624,3
V106A,84.96994,SER105-DOR,3.5779474049225333,0.45616237483067085,0.2633654699026668,3
V106A,85.170341,SER105-DOR,3.5787563437173198,0.4021804543256709,0.2321989935677321,3
V106A,85.236769,SER105-DOR,3.579024501288598,0.3947202697287424,0.22789185398249112,3
V106A,85.370741,SER105-DOR,3.589230073476988,0.381048867729956,0.2199986663582922,3
V106A,85.47486,SER105-DOR,3.5971615365489966,0.3861997971714894,0.2229725568579383,3
V106A,85.51532,SER105-DOR,3.5766097356995243,0.3694966417794358,0.21332898559602,3
V106A,85.571142,SER105-DOR,3.5738091923727104,0.30466192844869483,0.17589664640168448,3
V106A,85.771543,SER105-DOR,3.563755790176485,0.15728550747787493,0.09080883008197799,3
V106A,85.793872,SER105-DOR,3.562635722967958,0.16049122080947437,0.0926596495369217,3
V106A,85.971944,SER105-DOR,3.6854824647337896,0.4797560233749505,0.2769872692408721,3
V106A,86.03352,SER105-DOR,3.727962197613262,0.6294335597040375,0.36340363513211044,3
V106A,86.072423,SER105-DOR,3.7743640459134977,0.7076827518983474,0.408580827309366,3
V106A,86.172345,SER105-DOR,3.695408989907189,0.6054416434024138,0.34955189579699303,3
V106A,86.350975,SER105-DOR,3.554260201948418,0.47855653298180917,0.2762947431395016,3
V106A,86.372745,SER105-DOR,3.57947106669268,0.5097634772392876,0.2943120808071424,3
V106A,86.573146,SER105-DOR,3.811546514814745,0.8524236861213506,0.49214704464577486,3
V106A,86.592179,SER105-DOR,3.83358788123425,0.8877551709400487,0.5125456869167194,3
V106A,86.629526,SER105-DOR,3.89300267942475,0.9404746454381266,0.5429832897097203,3
V106A,86.773547,SER105-DOR,3.7187160384412654,0.6117704533058923,0.3532058358984163,3
V106A,86.908078,SER105-DOR,3.5559124998807365,0.5389048078291977,0.31113683586777086,3
V106A,86.973948,SER105-DOR,3.6333521855757223,0.5374422581033284,0.31029243238983695,3
V106A,87.150838,SER105-DOR,3.841311893854422,0.5653297382774548,0.32639327657538925,3
V106A,87.174349,SER105-DOR,3.868368817646712,0.5649212249920831,0.32615742132011233,3
V106A,87.18663,SER105-DOR,3.8825013170818554,0.5650548469064018,0.3262345679683139,3
V106A,87.374749,SER105-DOR,3.8136565399581297,0.5334655963446803,0.3079965056530054,3
V106A,87.465181,SER105-DOR,3.780561685717712,0.5854478001450307,0.3380084450102077,3
V106A,87.57515,SER105-DOR,3.858011067145783,0.5561310321161603,0.3210824010969696,3
V106A,87.709497,SER105-DOR,3.952629554697005,0.5203168217999052,0.3004050571300658,3
V106A,87.743733,SER105-DOR,3.9429803056302433,0.4903728406733379,0.28311689156603315,3
V106A,87.775551,SER105-DOR,3.9186061671828636,0.4771586862128552,0.2754876959311601,3
V106A,87.975952,SER105-DOR,3.7650892359176793,0.39424443621633276,0.22761713137601197,3
V106A,88.022284,SER105-DOR,3.7295966662230327,0.3751755115602952,0.216607682592692,3
V106A,88.176353,SER105-DOR,3.727961560985555,0.24681323836635458,0.1424976896103781,3
V106A,88.268156,SER105-DOR,3.726987328231204,0.2558315825688264,0.1477044330633199,3
V106A,88.300836,SER105-DOR,3.759319808562999,0.2623843184933637,0.15148765691328003,3
V106A,88.376754,SER105-DOR,3.764761116773491,0.20937274722713803,0.12088141197255962,3
V106A,88.577154,SER105-DOR,3.779124484688643,0.18431901530112627,0.106416633100872,3
V106A,88.579387,SER105-DOR,3.7792845315975985,0.18526312415696028,0.10696171460293208,3
V106A,88.777555,SER105-DOR,3.8308134676293513,0.26491945387418675,0.15295131800783038,3
V106A,88.826816,SER105-DOR,3.843622293758854,0.2913809359859093,0.16822886182818986,3
V106A,88.857939,SER105-DOR,3.8213215024253677,0.2888098652857462,0.16674445346734512,3
V106A,88.977956,SER105-DOR,3.7764407747432966,0.22244640662042015,0.12842949274256452,3
V106A,89.13649,SER105-DOR,3.7171564959965475,0.1849867744317176,0.10680216401467274,3
V106A,89.178357,SER105-DOR,3.714694252342447,0.1883386482850491,0.10873736928618336,3
V106A,89.378758,SER105-DOR,3.7029088304646667,0.36009437291070456,0.20790058313366477,3
V106A,89.385475,SER105-DOR,3.702513935023323,0.3679031552830702,0.21240898573839329,3
V106A,89.415042,SER105-DOR,3.7274353074527062,0.3921548359116347,0.2264107000775958,3
V106A,89.579158,SER105-DOR,3.76955909077817,0.4217026439070529,0.24347013497771391,3
V106A,89.693593,SER105-DOR,3.7989312125996206,0.46277853057018725,0.2671853091998771,3
V106A,89.779559,SER105-DOR,3.795860221967511,0.4932287296492347,0.28476573983504283,3
V106A,89.944134,SER105-DOR,3.789980880949193,0.5954873033392863,0.34380475488194134,3
V106A,89.972145,SER105-DOR,3.773125973828737,0.574019435907359,0.33141027584119087,3
V106A,89.97996,SER105-DOR,3.774058756238203,0.5664896545738579,0.327062954561355,3
V106A,90.180361,SER105-DOR,3.797978209550969,0.39374826325488643,0.22733066578315633,3
V106A,90.250696,SER105-DOR,3.806373251236158,0.34874293446808435,0.20134682709312854,3
V106A,90.380762,SER105-DOR,3.6811512438375087,0.22017073153196323,0.1271156311176558,3
V106A,90.502793,SER105-DOR,3.5636646077440184,0.20070292317391614,0.11587588672160527,3
V106A,90.529248,SER105-DOR,3.544746116688071,0.22854304009829765,0.13194938572216758,3
V106A,90.581162,SER105-DOR,3.5821431625318496,0.17369421241802951,0.10028240029622938,3
V106A,90.781563,SER105-DOR,3.7265050954235064,0.11793229793214915,0.06808824395727746,3
V106A,90.807799,SER105-DOR,3.745404600273009,0.14100286333648107,0.08140804110382537,3
V106A,90.981964,SER105-DOR,3.6194058415867167,0.1197303416114449,0.06912634495953357,3
V106A,91.061453,SER105-DOR,3.561899537849623,0.22041847059936986,0.12725866333491181,3
V106A,91.086351,SER105-DOR,3.5382307362485204,0.24888837362785962,0.1436957695122129,3
V106A,91.182365,SER105-DOR,3.544485912320997,0.19192527476395824,0.11080810904926418,3
V106A,91.364903,SER105-DOR,3.556377824477575,0.0919073061035632,0.05306270791938555,3
V106A,91.382766,SER105-DOR,3.5510224813873243,0.09284155106538035,0.053602094499579735,3
V106A,91.583166,SER105-DOR,3.490942385362811,0.10370471487595308,0.0598739450498649,3
V106A,91.620112,SER105-DOR,3.479866094346205,0.1057740841794138,0.06106869597427069,3
V106A,91.643454,SER105-DOR,3.486119664325175,0.11186996895815392,0.06458815669222524,3
V106A,91.783567,SER105-DOR,3.5257056405744276,0.16303792323858501,0.09412998886991461,3
V106A,91.922006,SER105-DOR,3.564818887545537,0.2274185731912237,0.1313001744506736,3
V106A,91.983968,SER105-DOR,3.614621263807788,0.20227667769798444,0.1167844943197145,3
V106A,92.178771,SER105-DOR,3.7711954530652676,0.13600865145938903,0.07852463153219626,3
V106A,92.184369,SER105-DOR,3.7714035111683715,0.13119009415618293,0.07574263617608457,3
V106A,92.200557,SER105-DOR,3.7720051625747746,0.11794887774170812,0.06809781631478945,3
V106A,92.38477,SER105-DOR,3.712237503664346,0.10193660971109329,0.05885312905697754,3
V106A,92.479109,SER105-DOR,3.6816291391852047,0.12206986151731399,0.07047706740696157,3
V106A,92.58517,SER105-DOR,3.5936413702497223,0.13820977604423965,0.07979545140377965,3
V106A,92.73743,SER105-DOR,3.4673271011204942,0.1826171068753444,0.10543403581311075,3
V106A,92.75766,SER105-DOR,3.4713190965586205,0.20217631718183285,0.11672655114869836,3
V106A,92.785571,SER105-DOR,3.491951843313908,0.2169395100179866,0.12525008450675007,3
V106A,92.985972,SER105-DOR,3.640095630078939,0.3237888797483142,0.1869395968832966,3
V106A,93.036212,SER105-DOR,3.677234850111121,0.35071064759208675,0.20248288679495927,3
V106A,93.186373,SER105-DOR,3.770770827916462,0.450446960497895,0.2600656738991084,3
V106A,93.296089,SER105-DOR,3.839113429130427,0.5244210889171231,0.30277465685501775,3
V106A,93.314763,SER105-DOR,3.8379427473497607,0.5203952015279476,0.30045030968715014,3
V106A,93.386774,SER105-DOR,3.8120778241764257,0.5316537542768388,0.3069504381474081,3
V106A,93.587174,SER105-DOR,3.7400979274898725,0.576987944222397,0.3331241449159697,3
V106A,93.593315,SER105-DOR,3.737892256274728,0.5786682928024234,0.33409429462098034,3
V106A,93.787575,SER105-DOR,3.7173865949330125,0.5616898528103504,0.32429178772113715,3
V106A,93.854749,SER105-DOR,3.710295906507905,0.5569283592731159,0.3215427381456701,3
V106A,93.871866,SER105-DOR,3.7107464137948725,0.5587447942053947,0.3225914573427867,3
V106A,93.987976,SER105-DOR,3.766840790443434,0.4877120114196332,0.28158066108013907,3
V106A,94.150418,SER105-DOR,3.845319000940428,0.3899673059963286,0.22514772909213351,3
V106A,94.188377,SER105-DOR,3.864376499885281,0.36648857339083085,0.21159227650211812,3
V106A,94.388778,SER105-DOR,3.964988788039538,0.24854986005787852,0.14350032861145998,3
V106A,94.413408,SER105-DOR,3.9773543965475238,0.23521311573615997,0.13580035568720256,3
V106A,94.428969,SER105-DOR,3.9850163122786135,0.23223172148073912,0.13407904691127492,3
V106A,94.589178,SER105-DOR,3.9005713594325813,0.4014408358728598,0.23177197465490398,3
V106A,94.707521,SER105-DOR,3.8381934922292906,0.5331041275638865,0.3077878115551105,3
V106A,94.789579,SER105-DOR,3.8735858948542394,0.5103567016323257,0.2946545790701528,3
V106A,94.972067,SER105-DOR,3.952294719956256,0.47814881347656163,0.276059346173393,3
V106A,94.986072,SER105-DOR,3.946709494682544,0.45778985976437214,0.2643050987672413,3
V106A,94.98998,SER105-DOR,3.943604466757272,0.4538314666210534,0.2620197194203879,3
V106A,95.190381,SER105-DOR,3.7843710271264706,0.2512502711666476,0.1450594116920305,3
V106A,95.264624,SER105-DOR,3.725379516597353,0.17670913278865658,0.1020230653837962,3
V106A,95.390782,SER105-DOR,3.77425508281107,0.20700996286014295,0.11951725778223797,3
V106A,95.530726,SER105-DOR,3.82847155927877,0.5837066021428213,0.3370031638749197,3
V106A,95.543175,SER105-DOR,3.8501435956661934,0.5997719112787746,0.34627847442917686,3
V106A,95.591182,SER105-DOR,3.8218610799897452,0.4718421263916266,0.2724181786872111,3
V106A,95.791583,SER105-DOR,3.7037934639497903,0.1860221530571121,0.10739994014275743,3
V106A,95.821727,SER105-DOR,3.686033920744379,0.2448747238967461,0.14137848775952166,3
V106A,95.991984,SER105-DOR,3.966524100522776,0.4065740751081343,0.2347356517092045,3
V106A,96.089385,SER105-DOR,4.126987566038583,0.5472767465637042,0.3159703769497772,3
V106A,96.100279,SER105-DOR,4.136439529639115,0.549267228600488,0.3171195822895315,3
V106A,96.192385,SER105-DOR,4.011297077190531,0.42611536512059617,0.24601782075821188,3
V106A,96.37883,SER105-DOR,3.7579782429476527,0.3883103018720696,0.22419105731494424,3
V106A,96.392786,SER105-DOR,3.7686468518872984,0.3632800179866465,0.20973981617580245,3
V106A,96.593186,SER105-DOR,3.921844386042187,0.16218247149584364,0.09363609357596414,3
V106A,96.648045,SER105-DOR,3.963781773279061,0.2258119205562917,0.13037257311940142,3
V106A,96.657382,SER105-DOR,3.969232249977797,0.2439274918461387,0.14083160308011844,3
V106A,96.793587,SER105-DOR,3.873312378842554,0.22401267490759408,0.12933377815978758,3
V106A,96.935933,SER105-DOR,3.773067821178612,0.21436257871842443,0.1237622925272647,3
V106A,96.993988,SER105-DOR,3.7366510578345125,0.21927179799827887,0.12659663159999957,3
V106A,97.194389,SER105-DOR,3.6109434785689545,0.24454100373287865,0.14118581433307878,3
V106A,97.206704,SER105-DOR,3.6032185383945468,0.24645808981679723,0.14229264449968884,3
V106A,97.214485,SER105-DOR,3.5996854420483975,0.2400112294182758,0.13857054791317455,3
V106A,97.39479,SER105-DOR,3.515708749312138,0.09126186048799814,0.052690059719491804,3
V106A,97.493036,SER105-DOR,3.4699508715241305,0.03256965835879178,0.018804101020862583,3
V106A,97.59519,SER105-DOR,3.45189739555884,0.10355758286522636,0.05978899834386542,3
V106A,97.765363,SER105-DOR,3.4218231571214175,0.23937093308717025,0.13820087265404965,3
V106A,97.771588,SER105-DOR,3.424414825506194,0.23297145387800527,0.13450613160996483,3
V106A,97.795591,SER105-DOR,3.434469084202837,0.2083348806965815,0.1202821994517599,3
V106A,97.995992,SER105-DOR,3.5184120703739517,0.010431940729831276,0.006022883788538308,3
V106A,98.050139,SER105-DOR,3.5410928996722455,0.05442758958740636,0.031423783499631534,3
V106A,98.196393,SER105-DOR,3.621041957583202,0.19804837414117715,0.11434328212297636,3
V106A,98.324022,SER105-DOR,3.6908097780126767,0.3233902870241235,0.18670946926668805,3
V106A,98.328691,SER105-DOR,3.6922068713892457,0.32690314310509744,0.18873761767066277,3
V106A,98.396794,SER105-DOR,3.68446538465056,0.38460022927751003,0.2220490459037622,3
V106A,98.597194,SER105-DOR,3.661685273019168,0.5653360618399937,0.3263969274859233,3
V106A,98.607242,SER105-DOR,3.6605430845876703,0.5746417046188944,0.3317695428493041,3
V106A,98.797595,SER105-DOR,3.6957566889215285,0.717986513610469,0.41452970690752516,3
V106A,98.882682,SER105-DOR,3.7114968912587325,0.782498382285582,0.45177565165302747,3
V106A,98.885794,SER105-DOR,3.710802490751234,0.7782454295210728,0.44932020822958735,3
V106A,98.997996,SER105-DOR,3.666680875141122,0.6358023630516595,0.3670806654592758,3
V106A,99.164345,SER105-DOR,3.601266830515122,0.4350973674050686,0.2512035821950139,3
V106A,99.198397,SER105-DOR,3.59714645297511,0.3881307467605566,0.22408739112297782,3
V106A,99.398798,SER105-DOR,3.5728980756634567,0.13231976182795632,0.07639485011047775,3
V106A,99.441341,SER105-DOR,3.567750530941197,0.10006344960970022,0.05777165956820298,3
V106A,99.442897,SER105-DOR,3.568474789153752,0.10015907077008676,0.05782686647089237,3
V106A,99.599198,SER105-DOR,3.6788465122564733,0.11907120122034787,0.06874579007729995,3
V106A,99.721448,SER105-DOR,3.7651731713904972,0.1963274413300241,0.11334970110119988,3
V106A,99.799599,SER105-DOR,3.7457630174671834,0.27055697640093357,0.15620614315621023,3
V106A,100.0,SER105-DOR,3.6959888140360513,0.5317680811127486,0.3070164447768962,3
V106I,0.0,SER105-DOR,5.0382951100667315,0.662245269684852,0.3823474847221056,3
V106I,0.200401,SER105-DOR,5.110372489191268,0.43882744322760625,0.2533571424752537,3
V106I,0.278552,SER105-DOR,5.13848072845136,0.35229886547902783,0.20339984481951648,3
V106I,0.400802,SER105-DOR,5.182449868315804,0.2189876198372296,0.12643256126221997,3
V106I,0.557103,SER105-DOR,5.238665987170223,0.07442623139384694,0.04297000473000691,3
V106I,0.558659,SER105-DOR,5.2392256271017486,0.073668472708983,0.04253251254931993,3
V106I,0.601202,SER105-DOR,5.211844485032238,0.08599674203338156,0.04965024216240365,3
V106I,0.801603,SER105-DOR,5.082863170645471,0.1445485040092793,0.0834551177007151,3
V106I,0.835655,SER105-DOR,5.060946754472407,0.15453492579081285,0.08922078100452464,3
V106I,1.002004,SER105-DOR,4.953881856258704,0.2033859209336035,0.11742491620039593,3
V106I,1.114206,SER105-DOR,4.8816668401818175,0.2363735623431121,0.13647033984810658,3
V106I,1.117318,SER105-DOR,4.879663906811367,0.23728877969801002,0.1369987408343239,3
V106I,1.202405,SER105-DOR,4.944330777737387,0.2250244735603537,0.12991794038432405,3
V106I,1.392758,SER105-DOR,5.089002106008685,0.23128753801201818,0.1335339223314445,3
V106I,1.402806,SER105-DOR,5.0966387469151595,0.2328984929260679,0.13446400758472346,3
V106I,1.603206,SER105-DOR,5.248945956076917,0.28575824528954025,0.1649825998410712,3
V106I,1.671309,SER105-DOR,5.3007053266634605,0.3104761231191314,0.17925347325978191,3
V106I,1.675978,SER105-DOR,5.304253481363659,0.3122604277195701,0.18028364200116148,3
V106I,1.803607,SER105-DOR,5.268576636081667,0.3913549886010994,0.2259489080175477,3
V106I,1.949861,SER105-DOR,5.227693440805731,0.4865331668203164,0.28090005483339076,3
V106I,2.004008,SER105-DOR,5.2125574282891085,0.522501634341413,0.3016664592390342,3
V106I,2.204409,SER105-DOR,5.156538220496549,0.6576659855040986,0.37970363376765187,3
V106I,2.228412,SER105-DOR,5.149828528206367,0.674010930743501,0.38914039230151054,3
V106I,2.234637,SER105-DOR,5.148088472249341,0.6782539846052108,0.39159012059075476,3
V106I,2.40481,SER105-DOR,5.170668188097238,0.7012792003365175,0.4048837350913739,3
V106I,2.506964,SER105-DOR,5.184222678484821,0.7151506022593694,0.41289239272556993,3
V106I,2.60521,SER105-DOR,5.197258628742457,0.728523941202551,0.42061349356437994,3
V106I,2.785515,SER105-DOR,5.221182727547526,0.7531446672281726,0.4348282763629166,3
V106I,2.793296,SER105-DOR,5.222215163768387,0.7542093057275517,0.4354429456871228,3
V106I,2.805611,SER105-DOR,5.220779850358444,0.7410995372200139,0.42787401731028213,3
V106I,3.006012,SER105-DOR,5.197422748672498,0.5400726744808506,0.3118111039934802,3
V106I,3.064067,SER105-DOR,5.190656332644745,0.4885677395258037,0.28207471593258976,3
V106I,3.206413,SER105-DOR,5.174065646986551,0.38719398423940143,0.22354655102922213,3
V106I,3.342618,SER105-DOR,5.158190706067423,0.34592520158069745,0.19972000825209124,3
V106I,3.351955,SER105-DOR,5.15710246170516,0.3457589625007989,0.19962403007456198,3
V106I,3.406814,SER105-DOR,5.185613314048297,0.3261918039672521,0.18832692582794267,3
V106I,3.607214,SER105-DOR,5.289764209762104,0.273688876092124,0.15801434628599392,3
V106I,3.62117,SER105-DOR,5.297017352978579,0.27143917624244474,0.15671548147218575,3
V106I,3.807615,SER105-DOR,5.3939156251909575,0.2633875771205173,0.152066888551734,3
V106I,3.899721,SER105-DOR,5.441784499445528,0.2748433281673678,0.15868086950240246,3
V106I,3.910615,SER105-DOR,5.447445506613652,0.27682243208795265,0.15982350568370637,3
V106I,4.008016,SER105-DOR,5.340421014609018,0.24392307630079604,0.14082905376382623,3
V106I,4.178273,SER105-DOR,5.153342145447174,0.26720153083207004,0.15426887575377574,3
V106I,4.208417,SER105-DOR,5.120219833694855,0.28115881803301945,0.1623271192764008,3
V106I,4.408818,SER105-DOR,4.900018652780691,0.41515901331624433,0.23969216809463312,3
V106I,4.456825,SER105-DOR,4.8472684265236055,0.453496972618782,0.26182659921813417,3
V106I,4.469274,SER105-DOR,4.833589595016441,0.4636657611274262,0.26769755200093226,3
V106I,4.609218,SER105-DOR,4.7694604116532515,0.2656135951005769,0.15335208063174235,3
V106I,4.735376,SER105-DOR,4.711648647556661,0.11598484043280119,0.06696387884579356,3
V106I,4.809619,SER105-DOR,4.677626874844481,0.11068865297688754,0.0639061235924431,3
V106I,5.01002,SER105-DOR,4.58579333803571,0.3589877391825092,0.20726166785279687,3
V106I,5.013928,SER105-DOR,4.584002501354014,0.3645342137640097,0.2104639264454796,3
V106I,5.027933,SER105-DOR,4.5775847876279245,0.38446424386093053,0.22197053468689418,3
V106I,5.210421,SER105-DOR,4.783507952582823,0.4138820910605018,0.2389549366865459,3
V106I,5.292479,SER105-DOR,4.876103866121625,0.4482492138988613,0.25879680430854574,3
V106I,5.410822,SER105-DOR,5.009644510494172,0.5142859326453886,0.29692312165325285,3
V106I,5.571031,SER105-DOR,5.1904275994329465,0.6242907982433183,0.3604344604183862,3
V106I,5.586592,SER105-DOR,5.207986947827708,0.6358513288968735,0.36710893590319116,3
V106I,5.611222,SER105-DOR,5.2124663017228,0.6106181853287793,0.35254057367165154,3
V106I,5.811623,SER105-DOR,5.2489110069009435,0.4204361101415913,0.2427389013672869,3
V106I,5.849582,SER105-DOR,5.25581418884044,0.38939391801069767,0.22481668338427938,3
V106I,6.012024,SER105-DOR,5.285355712079087,0.29535456811233823,0.17052303940604416,3
V106I,6.128134,SER105-DOR,5.306471348818595,0.2900240063982427,0.1674454381654792,3
V106I,6.145251,SER105-DOR,5.309584227589331,0.29441332588307695,0.1699796129516075,3
V106I,6.212425,SER105-DOR,5.2973738106005,0.2961483058381165,0.1709813040956882,3
V106I,6.406685,SER105-DOR,5.262062177776984,0.5463379842086804,0.3154283822513992,3
V106I,6.412826,SER105-DOR,5.2609458968278995,0.5569419950280268,0.3215506107524385,3
V106I,6.613226,SER105-DOR,5.2245181648304095,0.9280831073478026,0.5358290318575982,3
V106I,6.685237,SER105-DOR,5.211428357400912,1.067548422964478,0.6163493693715019,3
V106I,6.703911,SER105-DOR,5.208034044125027,1.1039750840822122,0.637380311973505,3
V106I,6.813627,SER105-DOR,5.232242639715895,0.9293176619116919,0.5365418022673889,3
V106I,6.963788,SER105-DOR,5.265375336155068,0.6983090746956344,0.40316893225308303,3
V106I,7.014028,SER105-DOR,5.276460682344186,0.6246834577174688,0.36066116247148683,3
V106I,7.214429,SER105-DOR,5.320678724972477,0.3785953952674129,0.21858215337159365,3
V106I,7.24234,SER105-DOR,5.326837226116673,0.35625597124984604,0.2056844809015102,3
V106I,7.26257,SER105-DOR,5.3313007566121975,0.343170940591876,0.19812983492877667,3
V106I,7.41483,SER105-DOR,5.206105069650753,0.4040417342990848,0.23327360406141986,3
V106I,7.520891,SER105-DOR,5.118896480692276,0.4868596197309491,0.28108853250922233,3
V106I,7.61523,SER105-DOR,5.04132629868613,0.5759434077119473,0.33252108148048315,3
V106I,7.799443,SER105-DOR,4.889857278048875,0.7716442614133139,0.4455090220456068,3
V106I,7.815631,SER105-DOR,4.876546705472152,0.7896802748643382,0.4559221192666634,3
V106I,7.821229,SER105-DOR,4.871943753576643,0.7959399606691884,0.45953615055113606,3
V106I,8.016032,SER105-DOR,5.003204866765773,0.6769686364677415,0.3908480244975845,3
V106I,8.077994,SER105-DOR,5.0449557933750935,0.6472561313222087,0.373693501653513,3
V106I,8.216433,SER105-DOR,5.1382380716887015,0.5996790786221669,0.34622487746989483,3
V106I,8.356546,SER105-DOR,5.232648316354975,0.5829091116015402,0.3365427324962349,3
V106I,8.379888,SER105-DOR,5.248376506679929,0.5834467192956276,0.33685312044313465,3
V106I,8.416834,SER105-DOR,5.264075591322578,0.5632662027155397,0.3252018937632352,3
V106I,8.617234,SER105-DOR,5.34922914480654,0.4539574012161876,0.26209242779278885,3
V106I,8.635097,SER105-DOR,5.356819453817939,0.44423053591450007,0.25647661949248834,3
V106I,8.817635,SER105-DOR,5.434383123208435,0.3450875883046409,0.1992364120016832,3
V106I,8.913649,SER105-DOR,5.475181193488921,0.2932262391198952,0.16929424808933308,3
V106I,8.938547,SER105-DOR,5.48576080014882,0.2798290559569141,0.16155938078380322,3
V106I,9.018036,SER105-DOR,5.507963550269699,0.2589512150511662,0.1495055537167715,3
V106I,9.192201,SER105-DOR,5.556610905875302,0.24135580050778271,0.13934683639364598,3
V106I,9.218437,SER105-DOR,5.563939083302848,0.24251197923640364,0.14001435649384658,3
V106I,9.418838,SER105-DOR,5.619914616335996,0.28173249763532643,0.16265833334922133,3
V106I,9.470752,SER105-DOR,5.634415111951701,0.29899336663380605,0.1726239007119404,3
V106I,9.497207,SER105-DOR,5.641804239802852,0.3086233529565658,0.17818377590767814,3
V106I,9.619238,SER105-DOR,5.58516140150691,0.19180339517262596,0.11073774183439977,3
V106I,9.749304,SER105-DOR,5.524788976419842,0.06729499715579976,0.03885278472301609,3
V106I,9.819639,SER105-DOR,5.492141747178543,0.0009566068602742952,0.0005522972282880071,3
V106I,10.02004,SER105-DOR,5.399122092850177,0.19189103275365116,0.1107883394153958,3
V106I,10.027855,SER105-DOR,5.395494622934476,0.19937228027476053,0.11510763968558252,3
V106I,10.055866,SER105-DOR,5.382492907107313,0.22618692527324274,0.13058908219368048,3
V106I,10.220441,SER105-DOR,5.481283469706693,0.07403255178713902,0.04274271370309963,3
V106I,10.306407,SER105-DOR,5.532886869399346,0.016911722822817134,0.00976398772421381,3
V106I,10.420842,SER105-DOR,5.6015795507364885,0.11509032742808875,0.06644743152172922,3
V106I,10.584958,SER105-DOR,5.700094586261689,0.26730292627678565,0.1543274164410769,3
V106I,10.614525,SER105-DOR,5.717842971887549,0.2947881392740074,0.17019601156375705,3
V106I,10.621242,SER105-DOR,5.720503534707107,0.29323834880673294,0.16930123962028865,3
V106I,10.821643,SER105-DOR,5.799880300318871,0.2469964024001329,0.14260343941458586,3
V106I,10.86351,SER105-DOR,5.816463386460495,0.23733593500395317,0.1370259659629039,3
V106I,11.022044,SER105-DOR,5.879257065930633,0.20075652283778764,0.11590683250196995,3
V106I,11.142061,SER105-DOR,5.926794559647866,0.17306586451223904,0.09991962346367651,3
V106I,11.173184,SER105-DOR,5.939122058393554,0.1658853841700049,0.09577397120517682,3
V106I,11.222445,SER105-DOR,5.8827181473336445,0.152241010902597,0.08789638862631514,3
V106I,11.420613,SER105-DOR,5.655813304979787,0.11871892694475877,0.06854240442946,3
V106I,11.422846,SER105-DOR,5.653256492008086,0.11860986022963975,0.0684794347321264,3
V106I,11.623246,SER105-DOR,5.423795981695051,0.13668998187754505,0.0789179978325257,3
V106I,11.699164,SER105-DOR,5.336868920707302,0.15497526903265776,0.08947501329373964,3
V106I,11.731844,SER105-DOR,5.299450643233192,0.16407174634667696,0.09472686691966595,3
V106I,11.823647,SER105-DOR,5.352584976380016,0.20601749671953248,0.11894425718879494,3
V106I,11.977716,SER105-DOR,5.4417580270820425,0.2773163428489209,0.16010866519450706,3
V106I,12.024048,SER105-DOR,5.4685743612253574,0.2988788451861553,0.17255778172331127,3
V106I,12.224449,SER105-DOR,5.584563746070699,0.3924826976700261,0.2265999911520601,3
V106I,12.256267,SER105-DOR,5.602979573571605,0.4073788180176281,0.23520027024462917,3
V106I,12.290503,SER105-DOR,5.622794832478111,0.42341422413255064,0.24445831628164466,3
V106I,12.42485,SER105-DOR,5.652295420699041,0.39095791983489087,0.22571966025849038,3
V106I,12.534819,SER105-DOR,5.676442965386062,0.4075993741365913,0.235327608379284,3
V106I,12.625251,SER105-DOR,5.696300477604384,0.44790961665788576,0.25860073775005243,3
V106I,12.81337,SER105-DOR,5.737608591336236,0.5835038028579392,0.33688607765320155,3
V106I,12.825651,SER105-DOR,5.740305314924712,0.5939747156124003,0.3429314619506508,3
V106I,12.849162,SER105-DOR,5.745467978249255,0.6144129313755228,0.3547314713232452,3
V106I,13.026052,SER105-DOR,5.637821492496063,0.5055836717094133,0.29189886895930917,3
V106I,13.091922,SER105-DOR,5.597736272155447,0.486714965776522,0.2810050165096945,3
V106I,13.226453,SER105-DOR,5.5158673670750815,0.49356750430239554,0.28496133147223984,3
V106I,13.370474,SER105-DOR,5.428223317907386,0.5636470945943739,0.32542180179201224,3
V106I,13.407821,SER105-DOR,5.40549578300438,0.5900896973563301,0.340688445614702,3
V106I,13.426854,SER105-DOR,5.396938380039605,0.5708888627094563,0.3296028385626639,3
V106I,13.627255,SER105-DOR,5.306836724193087,0.40908515333298295,0.23618542339827706,3
V106I,13.649025,SER105-DOR,5.297048783774733,0.39812257560971204,0.22985617619873439,3
V106I,13.827655,SER105-DOR,5.216735517953388,0.3845583981838393,0.22202489471057094,3
V106I,13.927577,SER105-DOR,5.1718099055288205,0.436059498425962,0.25175906879892235,3
V106I,13.96648,SER105-DOR,5.154318851505152,0.4647095928710879,0.268300208539124,3
V106I,14.028056,SER105-DOR,5.189450921095289,0.5006665346158676,0.2890599585347083,3
V106I,14.206128,SER105-DOR,5.291050880266546,0.6058836113487721,0.34980706610979617,3
V106I,14.228457,SER105-DOR,5.303790814048022,0.619174125025742,0.35748034775886317,3
V106I,14.428858,SER105-DOR,5.418130707000755,0.7391107573063255,0.4267257946917552,3
V106I,14.48468,SER105-DOR,5.449980256176695,0.7726839554711502,0.4461092896897734,3
V106I,14.52514,SER105-DOR,5.473064636471016,0.7970523471209763,0.4601783871685187,3
V106I,14.629259,SER105-DOR,5.440751332617171,0.7305933286550341,0.4218082549671287,3
V106I,14.763231,SER105-DOR,5.399173158183036,0.6451024630483108,0.37245008069583285,3
V106I,14.829659,SER105-DOR,5.378557246117002,0.6027259536676329,0.3479839915975818,3
V106I,15.03006,SER105-DOR,5.316362849267101,0.4749632565233894,0.27422016400896015,3
V106I,15.041783,SER105-DOR,5.312724619346734,0.46749452628380767,0.26990809059463294,3
V106I,15.083799,SER105-DOR,5.299685069536268,0.4407325693426319,0.25445706755060393,3
V106I,15.230461,SER105-DOR,5.384896896823572,0.5172066680466332,0.2986094090233931,3
V106I,15.320334,SER105-DOR,5.437113848411523,0.5647931937408653,0.3260835024427571,3
V106I,15.430862,SER105-DOR,5.501331524744937,0.6238486924515282,0.36017921052048585,3
V106I,15.598886,SER105-DOR,5.598954849587925,0.7144390880942194,0.41248159983078836,3
V106I,15.631263,SER105-DOR,5.617766152666303,0.7319822938266592,0.42261017438286147,3
V106I,15.642458,SER105-DOR,5.624270539668262,0.7380537432733077,0.4261155273552552,3
V106I,15.831663,SER105-DOR,5.507291851806631,0.5449592380589664,0.3146323627907176,3
V106I,15.877437,SER105-DOR,5.478991394744721,0.5081115637372904,0.29335834810208633,3
V106I,16.032064,SER105-DOR,5.383390949642436,0.43356747362194226,0.25032029760749436,3
V106I,16.155989,SER105-DOR,5.306772473184242,0.44670410884518963,0.25790473748988213,3
V106I,16.201117,SER105-DOR,5.278871415241089,0.46770157000748913,0.27002762734423447,3
V106I,16.232465,SER105-DOR,5.275699704577875,0.44204191881146077,0.2552130208188956,3
V106I,16.432866,SER105-DOR,5.25542469531318,0.31569539614665154,0.18226682194719482,3
V106I,16.43454,SER105-DOR,5.255255333056958,0.3150452572014186,0.18189146405215395,3
V106I,16.633267,SER105-DOR,5.235149686048485,0.3105580676941445,0.17930078398222438,3
V106I,16.713092,SER105-DOR,5.2270736154971695,0.3477516581704893,0.20077451345587075,3
V106I,16.759777,SER105-DOR,5.222350618586116,0.37690055293952507,0.2176036356973536,3
V106I,16.833667,SER105-DOR,5.251058124204545,0.40509817430671285,0.2338835399842066,3
V106I,16.991643,SER105-DOR,5.312434452632979,0.4847820667343828,0.27988905672739905,3
V106I,17.034068,SER105-DOR,5.328917277451789,0.5094827985549313,0.2941500308931735,3
V106I,17.234469,SER105-DOR,5.406776430699034,0.6380861730046036,0.36839922375038603,3
V106I,17.270195,SER105-DOR,5.42065658154115,0.6625231462824939,0.3825079168505557,3
V106I,17.318436,SER105-DOR,5.439398923783817,0.6960471543534027,0.40186301193461005,3
V106I,17.43487,SER105-DOR,5.43905509898556,0.75618557749393,0.43658394672343315,3
V106I,17.548747,SER105-DOR,5.43871882490281,0.8152508748253229,0.4706853120374781,3
V106I,17.635271,SER105-DOR,5.4384633231005495,0.8602612383020339,0.4966720575070801,3
V106I,17.827298,SER105-DOR,5.43789627529205,0.9604765873278029,0.5545314162440401,3
V106I,17.835671,SER105-DOR,5.437871550168498,0.9648548256344396,0.5570591933089531,3
V106I,17.877095,SER105-DOR,5.4377492293305165,0.9865244992046044,0.5695701851779391,3
V106I,18.036072,SER105-DOR,5.451650388379504,0.7575179617189781,0.43735319911442866,3
V106I,18.10585,SER105-DOR,5.457751868946631,0.6638242463205586,0.38325910730777496,3
V106I,18.236473,SER105-DOR,5.469173716751382,0.5103567630395629,0.2946546145236377,3
V106I,18.384401,SER105-DOR,5.482108736633497,0.40639275721777773,0.23463096777639822,3
V106I,18.435754,SER105-DOR,5.486599110842612,0.3988491336854383,0.23027565469933683,3
V106I,18.436874,SER105-DOR,5.487380097164141,0.39843441045239525,0.23003621412910025,3
V106I,18.637275,SER105-DOR,5.627142292143027,0.341941983802491,0.19742029639560285,3
V106I,18.662953,SER105-DOR,5.64505045449086,0.3377260113969197,0.19498620359235022,3
V106I,18.837675,SER105-DOR,5.766903789709251,0.33106269600401556,0.19113913665656163,3
V106I,18.941504,SER105-DOR,5.839315449044595,0.34551167960347257,0.19948126122722462,3
V106I,18.994413,SER105-DOR,5.876214855605134,0.35766221257235375,0.2064963747076056,3
V106I,19.038076,SER105-DOR,5.8120334082651555,0.3454476369075642,0.1994442861595023,3
V106I,19.220056,SER105-DOR,5.544532305769867,0.29511192436872985,0.17038294897535466,3
V106I,19.238477,SER105-DOR,5.51745439715867,0.29008023516347126,0.1674779018582201,3
V106I,19.438878,SER105-DOR,5.222875386052186,0.2364455182168365,0.1365118835911711,3
V106I,19.498607,SER105-DOR,5.13507687329836,0.2209830835683535,0.12758464278454246,3
V106I,19.553073,SER105-DOR,5.055015208559532,0.2071759094360539,0.11961306708251127,3
V106I,19.639279,SER105-DOR,5.046375330288531,0.23349915056169965,0.13481079743234625,3
V106I,19.777159,SER105-DOR,5.032556496146991,0.28828385476772705,0.1664407611531702,3
V106I,19.839679,SER105-DOR,5.026290514782549,0.31644535588467754,0.18269981140382552,3
V106I,20.04008,SER105-DOR,5.0062055990529375,0.41452903325756907,0.23932844893817284,3
V106I,20.05571,SER105-DOR,5.004639103711828,0.42251933605091685,0.2439416524068188,3
V106I,20.111732,SER105-DOR,4.99902447635771,0.45144022860413074,0.2606391375076211,3
V106I,20.240481,SER105-DOR,5.069136708149391,0.3450995539889196,0.19924332039272255,3
V106I,20.334262,SER105-DOR,5.120206582165156,0.30355831634626235,0.17525947565726416,3
V106I,20.440882,SER105-DOR,5.178268129467497,0.3115995019089625,0.17990205630649284,3
V106I,20.612813,SER105-DOR,5.271895778025356,0.42991146827776716,0.24820950193787614,3
V106I,20.641283,SER105-DOR,5.287399550785605,0.45700341177902165,0.26385104281119554,3
V106I,20.670391,SER105-DOR,5.30325075617743,0.4860142061871466,0.28060043277213137,3
V106I,20.841683,SER105-DOR,5.190802456563349,0.2989960872035117,0.1726254714335923,3
V106I,20.891365,SER105-DOR,5.158187622897481,0.2525527916526947,0.14581142224527474,3
V106I,21.042084,SER105-DOR,5.059244844521294,0.18096952781149578,0.10448280559708656,3
V106I,21.169916,SER105-DOR,4.975326737014045,0.24790474083961128,0.143127868857134,3
V106I,21.22905,SER105-DOR,4.936506931571483,0.3030214896118718,0.17494953859765558,3
V106I,21.242485,SER105-DOR,4.93886304381113,0.2971087432341291,0.17153581288481587,3
V106I,21.442886,SER105-DOR,4.974011076171379,0.22411102224984286,0.129390559024309,3
V106I,21.448468,SER105-DOR,4.974990094822158,0.22263276330483234,0.1285370858244752,3
V106I,21.643287,SER105-DOR,5.009159108531628,0.2001944984808977,0.11558234758822843,3
V106I,21.727019,SER105-DOR,5.023844739070339,0.21000415252420815,0.12124595399079081,3
V106I,21.787709,SER105-DOR,5.034489067611332,0.22374735413061297,0.12918059513777594,3
V106I,21.843687,SER105-DOR,5.063033863016692,0.17444013879994413,0.10071306109362343,3
V106I,22.005571,SER105-DOR,5.145583660914552,0.10211939755212514,0.05895866166620186,3
V106I,22.044088,SER105-DOR,5.1652247036712895,0.11712756132305628,0.06762362905939094,3
V106I,22.244489,SER105-DOR,5.26741554432589,0.28419779421163055,0.1640816729911828,3
V106I,22.284123,SER105-DOR,5.287626180892096,0.3224125704541882,0.18614498434184476,3
V106I,22.346369,SER105-DOR,5.319367302825449,0.3833659770792062,0.22133645006482364,3
V106I,22.44489,SER105-DOR,5.337700616312329,0.25921803563383444,0.14965960265200032,3
V106I,22.562674,SER105-DOR,5.359618491645899,0.17531022973764326,0.10121540833072348,3
V106I,22.645291,SER105-DOR,5.374992303933081,0.20843297411588285,0.12033883371379928,3
V106I,22.841226,SER105-DOR,5.4114529344387785,0.44698315789213366,0.2580658465322524,3
V106I,22.845691,SER105-DOR,5.412283805468498,0.4532393923736654,0.26167788519427815,3
V106I,22.905028,SER105-DOR,5.423325510625742,0.5376111493914494,0.31038994182049745,3
V106I,23.046092,SER105-DOR,5.364387768887931,0.4242338453960758,0.24493152483877445,3
V106I,23.119777,SER105-DOR,5.333601547740436,0.3718543945999424,0.21469023482162208,3
V106I,23.246493,SER105-DOR,5.280658522715989,0.30176651592025294,0.17422497919897353,3
V106I,23.398329,SER105-DOR,5.217220147549383,0.2743908905644587,0.15841965453057139,3
V106I,23.446894,SER105-DOR,5.196929276544046,0.2821948496437337,0.16292527240573562,3
V106I,23.463687,SER105-DOR,5.1899130179876245,0.2866960681814745,0.1655240521401816,3
V106I,23.647295,SER105-DOR,5.287983238782136,0.038475165400437154,0.02221364710105777,3
V106I,23.67688,SER105-DOR,5.3037854463671374,0.04390154144353907,0.025346566770266796,3
V106I,23.847695,SER105-DOR,5.395022697968691,0.2784222119547248,0.1607471390204314,3
V106I,23.955432,SER105-DOR,5.452568158120294,0.43497615170648796,0.2511335982788083,3
V106I,24.022346,SER105-DOR,5.488308868559462,0.5324438029821192,0.3074065729800746,3
V106I,24.048096,SER105-DOR,5.476494321563517,0.5485098239769707,0.3166822945262583,3
V106I,24.233983,SER105-DOR,5.391203496153762,0.6645135342336633,0.3836570678699551,3
V106I,24.248497,SER105-DOR,5.384544014640814,0.673572630391068,0.3888873394750474,3
V106I,24.448898,SER105-DOR,5.292593707718111,0.7986713266542425,0.46111310543786244,3
V106I,24.512535,SER105-DOR,5.263395042633405,0.8384011187052738,0.4840511115733732,3
V106I,24.581006,SER105-DOR,5.231978334415076,0.8811502438519387,0.5087323304844212,3
V106I,24.649299,SER105-DOR,5.192170659424099,0.8173576671972569,0.47190166918054083,3
V106I,24.791086,SER105-DOR,5.109523670509486,0.6879529450392882,0.3971898180082289,3
V106I,24.849699,SER105-DOR,5.07535842291096,0.6361192644341457,0.3672636285577608,3
V106I,25.0501,SER105-DOR,4.958545603502432,0.4717556833342266,0.2723682707647516,3
V106I,25.069638,SER105-DOR,4.947156993337792,0.45733088147585105,0.26404010752881146,3
V106I,25.139665,SER105-DOR,4.906338854841384,0.40922892600225924,0.23626843058758584,3
V106I,25.250501,SER105-DOR,4.99880857720916,0.40263664616090705,0.2324623760466078,3
V106I,25.348189,SER105-DOR,5.080309012434751,0.39982654266218076,0.23083996203516746,3
V106I,25.450902,SER105-DOR,5.166001771047125,0.39997277302565143,0.23092438817488095,3
V106I,25.626741,SER105-DOR,5.312703055029112,0.40755204847718907,0.23530028489708854,3
V106I,25.651303,SER105-DOR,5.333194964885092,0.4093269546814591,0.23632502747191017,3
V106I,25.698324,SER105-DOR,5.3724242659736845,0.41319610309342114,0.23855888134909106,3
V106I,25.851703,SER105-DOR,5.430479179510026,0.3316976080913411,0.19150570332109076,3
V106I,25.905292,SER105-DOR,5.45076294857675,0.3112529176884342,0.17970195581347392,3
V106I,26.052104,SER105-DOR,5.506332201673916,0.28681404027413376,0.1655921633596353,3
V106I,26.183844,SER105-DOR,5.556196609236108,0.30956904781337774,0.17872977308782978,3
V106I,26.252505,SER105-DOR,5.582185223837804,0.3360240481881811,0.19400357467563414,3
V106I,26.256983,SER105-DOR,5.583880174627723,0.33802991304734403,0.1951616612920299,3
V106I,26.452906,SER105-DOR,5.563047940400479,0.33523575734164757,0.1935484547431883,3
V106I,26.462396,SER105-DOR,5.5620388755734504,0.33511379138273895,0.19347803766398045,3
V106I,26.653307,SER105-DOR,5.541739447207495,0.33292683739535556,0.1922153991906593,3
V106I,26.740947,SER105-DOR,5.532420749479274,0.33209468057625596,0.19173495322714418,3
V106I,26.815642,SER105-DOR,5.524478484225857,0.33147166835209546,0.19137525695181667,3
V106I,26.853707,SER105-DOR,5.4984969519181455,0.29323492129657186,0.1692992607463745,3
V106I,27.019499,SER105-DOR,5.385333311591303,0.168830306966875,0.09747422317469244,3
V106I,27.054108,SER105-DOR,5.361710456278189,0.16142520056423268,0.09319888299974907,3
V106I,27.254509,SER105-DOR,5.224923960638233,0.27707903773975084,0.15997165702584765,3
V106I,27.29805,SER105-DOR,5.195204444235324,0.32003556015876,0.18477261680791277,3
V106I,27.374302,SER105-DOR,5.143157988325868,0.39990633025229,0.23088602742179504,3
V106I,27.45491,SER105-DOR,5.189998756042086,0.3331757278640228,0.19235909616974306,3
V106I,27.576602,SER105-DOR,5.260713160380635,0.2464563318059236,0.14229162951163773,3
V106I,27.655311,SER105-DOR,5.306450431943951,0.20818733986286447,0.12019701671169691,3
V106I,27.855153,SER105-DOR,5.422577276698121,0.22912827231375807,0.1322872696993021,3
V106I,27.855711,SER105-DOR,5.422901526752528,0.229417680842385,0.13245435979121065,3
V106I,27.932961,SER105-DOR,5.4677909525695485,0.2770618577709597,0.1599617381662414,3
V106I,28.056112,SER105-DOR,5.50380441705747,0.26936405696545124,0.15551741079901296,3
V106I,28.133705,SER105-DOR,5.526495201135643,0.26468534288727474,0.1528161539665165,3
V106I,28.256513,SER105-DOR,5.562408360970583,0.2575715639736584,0.14870901179578458,3
V106I,28.412256,SER105-DOR,5.607952814525503,0.24910569498779198,0.1438212400578705,3
V106I,28.456914,SER105-DOR,5.621012304883695,0.24680105211282047,0.14249065387361975,3
V106I,28.49162,SER105-DOR,5.631161498138461,0.2450497168596351,0.1414795199937519,3
V106I,28.657315,SER105-DOR,5.701003494977165,0.20921440028648083,0.12078999032374584,3
V106I,28.690808,SER105-DOR,5.715121111580875,0.2054567294837699,0.11862049807427467,3
V106I,28.857715,SER105-DOR,5.785473992316413,0.2076841922871458,0.11990652432341363,3
V106I,28.969359,SER105-DOR,5.832532995335092,0.22764765796034964,0.13143243660379572,3
V106I,29.050279,SER105-DOR,5.866641541466289,0.24933649849245518,0.14395449452341771,3
V106I,29.058116,SER105-DOR,5.856890372336242,0.24113560421470473,0.13921970600456285,3
V106I,29.247911,SER105-DOR,5.620725085100003,0.05414725449588548,0.031261931959078657,3
V106I,29.258517,SER105-DOR,5.607527851050485,0.047305804046122696,0.027312018700260628,3
V106I,29.458918,SER105-DOR,5.358165329764734,0.191571209598873,0.11060368943089155,3
V106I,29.526462,SER105-DOR,5.274119131703225,0.26206296787346883,0.1513021250463795,3
V106I,29.608939,SER105-DOR,5.1714923919473526,0.3487762187984334,0.20136604381021536,3
V106I,29.659319,SER105-DOR,5.204022437245961,0.2925863003716404,0.1689247792807633,3
V106I,29.805014,SER105-DOR,5.298096771302743,0.18498819806431807,0.10680298594933785,3
V106I,29.859719,SER105-DOR,5.3334194415699185,0.1876208461029708,0.10832294600313555,3
V106I,30.06012,SER105-DOR,5.462817091587514,0.3651643559012839,0.21082773917806258,3
V106I,30.083565,SER105-DOR,5.477955378844875,0.3931066594617173,0.22696023566045703,3
V106I,30.167598,SER105-DOR,5.532214593385384,0.4971708165243656,0.28704170475356855,3
V106I,30.260521,SER105-DOR,5.450184566505648,0.4689325610741423,0.2707383403679367,3
V106I,30.362117,SER105-DOR,5.360498238999283,0.44007864869872876,0.2540795262908178,3
V106I,30.460922,SER105-DOR,5.273275734281911,0.4144478581971619,0.2392815824951953,3
V106I,30.640669,SER105-DOR,5.114599720361222,0.3755531552085865,0.21682571525469074,3
V106I,30.661323,SER105-DOR,5.096366902058174,0.3718376304935035,0.21468055606025685,3
V106I,30.726257,SER105-DOR,5.0390448575870375,0.3613099179786037,0.20860237840582846,3
V106I,30.861723,SER105-DOR,5.043586509567942,0.38846739481208503,0.22428175496614994,3
V106I,30.91922,SER105-DOR,5.045514161996937,0.40055580600181384,0.23126100242061476,3
V106I,31.062124,SER105-DOR,5.0503051814016535,0.4318132359682735,0.2493074880259261,3
V106I,31.197772,SER105-DOR,5.0548529351399045,0.4628276213264759,0.26721365176123507,3
V106I,31.262525,SER105-DOR,5.057023853235364,0.47801892883277564,0.2759843572393396,3
V106I,31.284916,SER105-DOR,5.05777453701952,0.48332379050997865,0.27904712055668646,3
V106I,31.462926,SER105-DOR,5.030357241484874,0.3642137905429182,0.21027893001252781,3
V106I,31.476323,SER105-DOR,5.028293818005296,0.355257305284648,0.20510790083767258,3
V106I,31.663327,SER105-DOR,4.999491217096515,0.23047374534442677,0.13306407891574606,3
V106I,31.754875,SER105-DOR,4.985390874280333,0.16973202167957166,0.0979948284068001,3
V106I,31.843575,SER105-DOR,4.971729184152801,0.1115725056232092,0.06441641615572087,3
V106I,31.863727,SER105-DOR,4.974413231769586,0.14070508093474846,0.08123611635402511,3
V106I,32.033426,SER105-DOR,4.9970164780241175,0.3989733466197223,0.23034736907038253,3
V106I,32.064128,SER105-DOR,5.001105864918009,0.4463131187242082,0.257678999238283,3
V106I,32.264529,SER105-DOR,5.027798498066434,0.7561635851779723,0.43657124945389486,3
V106I,32.311978,SER105-DOR,5.034118520173408,0.829630731681338,0.4789875262642067,3
V106I,32.402235,SER105-DOR,5.046140380741056,0.9694285702964781,0.5596998460207857,3
V106I,32.46493,SER105-DOR,5.050949807566453,0.8809766118758356,0.5086320840162782,3
V106I,32.590529,SER105-DOR,5.06058469391852,0.7078560323365121,0.40868087081698573,3
V106I,32.665331,SER105-DOR,5.066322866745593,0.6088773487620864,0.35153550121125626,3
V106I,32.865731,SER105-DOR,5.081695849213244,0.38048759618424816,0.21967461608028932,3
V106I,32.869081,SER105-DOR,5.081952832702599,0.3775159272681656,0.2179589222316466,3
V106I,32.960894,SER105-DOR,5.08899601756023,0.3167034498698492,0.1828488220356406,3
V106I,33.066132,SER105-DOR,5.149875896193379,0.27166271230134076,0.15684454007596296,3
V106I,33.147632,SER105-DOR,5.197023410481008,0.23681202324069292,0.13672348536535398,3
V106I,33.266533,SER105-DOR,5.265807295098354,0.18604921078738548,0.10741556193061444,3
V106I,33.426184,SER105-DOR,5.358164936859512,0.11823725944105185,0.06826431356653491,3
V106I,33.466934,SER105-DOR,5.381738694003329,0.10107856705025936,0.05835773789576888,3
V106I,33.519553,SER105-DOR,5.412178633319904,0.07913416701426354,0.04568813262778186,3
V106I,33.667335,SER105-DOR,5.362208857879796,0.2425876461516932,0.14005804280775777,3
V106I,33.704735,SER105-DOR,5.349562716325283,0.2934449422426132,0.16942051639610692,3
V106I,33.867735,SER105-DOR,5.294447179603734,0.5203168415609677,0.3004050685391206,3
V106I,33.983287,SER105-DOR,5.255375336050065,0.6829734383715242,0.3943148984931638,3
V106I,34.068136,SER105-DOR,5.226685163195545,0.8027620159274633,0.46347486599092763,3
V106I,34.078212,SER105-DOR,5.223278143882623,0.8169997341978333,0.4716950164669718,3
V106I,34.261838,SER105-DOR,5.344585703522206,0.5653377025226822,0.3263978747345152,3
V106I,34.268537,SER105-DOR,5.349011227607492,0.5561938296622724,0.32111865727712186,3
V106I,34.468938,SER105-DOR,5.481401054777944,0.28613374559116556,0.16519939504129533,3
V106I,34.54039,SER105-DOR,5.5286040025226315,0.19463362955265548,0.11237177841557955,3
V106I,34.636872,SER105-DOR,5.592341686189523,0.09716957194754405,0.05610087852095527,3
V106I,34.669339,SER105-DOR,5.5677330225549335,0.07005813480809028,0.040448082990374015,3
V106I,34.818942,SER105-DOR,5.45434004181372,0.0923582029801031,0.053323033352432624,3
V106I,34.869739,SER105-DOR,5.415837984751284,0.1375536827755145,0.07941665577846768,3
V106I,35.07014,SER105-DOR,5.2639421889883655,0.32437373102876815,0.18727726092750258,3
V106I,35.097493,SER105-DOR,5.243209729063001,0.35014794614452827,0.202158010962738,3
V106I,35.195531,SER105-DOR,5.168901141982983,0.4426940834402171,0.255589548242864,3
V106I,35.270541,SER105-DOR,5.173393081823284,0.36138197725002996,0.20864398184558403,3
V106I,35.376045,SER105-DOR,5.179711141027538,0.2630655643116131,0.15188097436983064,3
V106I,35.470942,SER105-DOR,5.185394004846029,0.21096308046564732,0.12179959129591417,3
V106I,35.654596,SER105-DOR,5.196392041366901,0.2807391961551091,0.1620848504722314,3
V106I,35.671343,SER105-DOR,5.197394927868775,0.29551589461194616,0.1706161813040202,3
V106I,35.75419,SER105-DOR,5.202356110494848,0.37775235281198727,0.21809542258301534,3
V106I,35.871743,SER105-DOR,5.0570392958715935,0.4537112423882778,0.26195030792723173,3
V106I,35.933148,SER105-DOR,4.981131586141166,0.5042442775464199,0.2911255693787539,3
V106I,36.072144,SER105-DOR,4.809307336948262,0.634760042851904,0.3664788816113652,3
V106I,36.211699,SER105-DOR,4.636792062435929,0.7789198072188309,0.4497095603749235,3
V106I,36.272545,SER105-DOR,4.561575378024929,0.8442031236380915,0.48740090068317504,3
V106I,36.312849,SER105-DOR,4.511752328876244,0.8880246549752765,0.5127012735970005,3
V106I,36.472946,SER105-DOR,4.656771323403006,0.8633656121510886,0.4984643685844971,3
V106I,36.490251,SER105-DOR,4.672446568445775,0.8614325658050865,0.49734832375627674,3
V106I,36.673347,SER105-DOR,4.838298903976015,0.8501381605431304,0.49082749583794966,3
V106I,36.768802,SER105-DOR,4.924764117241403,0.8510062437543433,0.4913286839136224,3
V106I,36.871508,SER105-DOR,5.017797443873162,0.8571143731875581,0.4948552140861341,3
V106I,36.873747,SER105-DOR,5.017468235461319,0.8521454104276299,0.4919863820990963,3
V106I,37.047354,SER105-DOR,4.991911141364807,0.4735717043067302,0.2734167509620805,3
V106I,37.074148,SER105-DOR,4.9879667337129145,0.41759714779752277,0.2410998256937197,3
V106I,37.274549,SER105-DOR,4.95846523196451,0.18741720177819315,0.10820537189740623,3
V106I,37.325905,SER105-DOR,4.950904994621427,0.2565876255884576,0.1481409347042229,3
V106I,37.430168,SER105-DOR,4.935556601007515,0.45990748195797027,0.2655277085107571,3
V106I,37.47495,SER105-DOR,4.974323882152717,0.3695780300054324,0.21337597511020798,3
V106I,37.604457,SER105-DOR,5.086436656912036,0.22275889570876423,0.1286099084018388,3
V106I,37.675351,SER105-DOR,5.14780880709533,0.2892457762536313,0.1669961267819963,3
V106I,37.875752,SER105-DOR,5.32129373203794,0.701669369661714,0.40510899945630563,3
V106I,37.883008,SER105-DOR,5.327575170830078,0.7181896001611994,0.4146469589822582,3
V106I,37.988827,SER105-DOR,5.419180966170927,0.9626217773043036,0.5557699422544358,3
V106I,38.076152,SER105-DOR,5.238843448936721,1.0006108360202055,0.5777029355303221,3
V106I,38.16156,SER105-DOR,5.0624647867902635,1.0379329949313052,0.5992508940243836,3
V106I,38.276553,SER105-DOR,4.824989240047488,1.0884141984649358,0.6283962304735415,3
V106I,38.440111,SER105-DOR,4.487220632617855,1.1606085407905113,0.6700776534491805,3
V106I,38.476954,SER105-DOR,4.411135031158256,1.1769272257703107,0.6794992506150884,3
V106I,38.547486,SER105-DOR,4.2654772497031965,1.2082195546135597,0.6975658850963085,3
V106I,38.677355,SER105-DOR,4.396966603458122,1.0777084098191576,0.6222152405170142,3
V106I,38.718663,SER105-DOR,4.4387900292659985,1.0373196389742712,0.5988967727974809,3
V106I,38.877756,SER105-DOR,4.5998681323465735,0.8886709674418709,0.5130744222735694,3
V106I,38.997214,SER105-DOR,4.720816684688913,0.7869772027048936,0.454361499827769,3
V106I,39.078156,SER105-DOR,4.802768648757401,0.7249811154194334,0.4185680421448051,3
V106I,39.106145,SER105-DOR,4.831106885053919,0.7051725404149012,0.40713155603367546,3
V106I,39.275766,SER105-DOR,4.861872768735565,0.6113876371735277,0.3529848169013455,3
V106I,39.278557,SER105-DOR,4.86237899731703,0.609894208389064,0.35212258539061986,3
V106I,39.478958,SER105-DOR,4.898727515394488,0.508519989022022,0.29359415255016996,3
V106I,39.554318,SER105-DOR,4.912396231230822,0.47426800529846314,0.2738187605270946,3
V106I,39.664804,SER105-DOR,4.932436063209235,0.42946862851817613,0.2479538282834684,3
V106I,39.679359,SER105-DOR,4.944739223838767,0.39985795776787136,0.23085809955489456,3
V106I,39.832869,SER105-DOR,5.074502605259145,0.24387620830508003,0.1408019945138832,3
V106I,39.87976,SER105-DOR,5.114139988609951,0.29422688112936884,0.16987196902286514,3
V106I,40.08016,SER105-DOR,5.283539908072157,0.7120385428258621,0.4110956443739004,3
V106I,40.111421,SER105-DOR,5.30996511207569,0.7855575440550202,0.45354185952410725,3
V106I,40.223464,SER105-DOR,5.404675751584116,1.0537628978656954,0.6083902927447994,3
V106I,40.280561,SER105-DOR,5.395548431683635,0.9841342069626171,0.5681901493085859,3
V106I,40.389972,SER105-DOR,5.37805838496259,0.8618476208169265,0.49758795587909105,3
V106I,40.480962,SER105-DOR,5.363513052672894,0.7754083622179773,0.44768222665843604,3
V106I,40.668524,SER105-DOR,5.333530069763565,0.6647771806754236,0.3838092842140763,3
V106I,40.681363,SER105-DOR,5.331477673662154,0.6614699802782373,0.3818998711744968,3
V106I,40.782123,SER105-DOR,5.315370546812283,0.6573632855179967,0.37952886984919226,3
V106I,40.881764,SER105-DOR,5.30185724710537,0.551598715718837,0.3184656670049224,3
V106I,40.947075,SER105-DOR,5.292999777618328,0.48255734783155085,0.27860461466997777,3
V106I,41.082164,SER105-DOR,5.274679024674186,0.34112716252855524,0.1969498591137546,3
V106I,41.225627,SER105-DOR,5.255222590918474,0.19670162954713294,0.11356573876907525,3
V106I,41.282565,SER105-DOR,5.247500666623131,0.14494414740791578,0.08368354252342097,3
V106I,41.340782,SER105-DOR,5.239605284510975,0.103210137600713,0.059588400726869974,3
V106I,41.482966,SER105-DOR,5.273549293967613,0.10742984718562634,0.06202465119162173,3
V106I,41.504178,SER105-DOR,5.278613304718163,0.11679357064715813,0.06743079945275432,3
V106I,41.683367,SER105-DOR,5.321391685935394,0.2274993338626126,0.13134680164603993,3
V106I,41.78273,SER105-DOR,5.345112942780894,0.29765549060363106,0.17185147762577652,3
V106I,41.883768,SER105-DOR,5.369234077903177,0.370882330129688,0.21412901313805105,3
V106I,41.899441,SER105-DOR,5.3729757449073885,0.3823423546210711,0.22074546136307074,3
V106I,42.061281,SER105-DOR,5.470802354432166,0.40164994700870954,0.2318927050254774,3
V106I,42.084168,SER105-DOR,5.484636761653596,0.4044011795941063,0.23348112989925948,3
V106I,42.284569,SER105-DOR,5.605772298927249,0.4286879156594444,0.24750308350431985,3
V106I,42.339833,SER105-DOR,5.6391774931722445,0.4354426749674744,0.2514029456091221,3
V106I,42.458101,SER105-DOR,5.710665504595474,0.4499730554808445,0.259792064709944,3
V106I,42.48497,SER105-DOR,5.6695674949445305,0.4573182366136861,0.26403280701423665,3
V106I,42.618384,SER105-DOR,5.465501476128363,0.4956195374186589,0.28614607334430053,3
V106I,42.685371,SER105-DOR,5.363040187189877,0.5158531871669639,0.29782797647317305,3
V106I,42.885772,SER105-DOR,5.0565128794352345,0.5795447427306604,0.3346003132229792,3
V106I,42.896936,SER105-DOR,5.039436762730372,0.5832111353118994,0.3367171059667124,3
V106I,43.01676,SER105-DOR,4.856158157894897,0.6232120065902971,0.35981161976711484,3
V106I,43.086172,SER105-DOR,4.924263039427591,0.5913820234848656,0.3414345704528927,3
V106I,43.175487,SER105-DOR,5.011896121518477,0.5523113208106315,0.31887708974649587,3
V106I,43.286573,SER105-DOR,5.120890227291844,0.507363814893258,0.292926635105698,3
V106I,43.454039,SER105-DOR,5.285202624150522,0.44974172947830315,0.2596585085801062,3
V106I,43.486974,SER105-DOR,5.3175174151560975,0.44020178047976477,0.2541506164577447,3
V106I,43.575419,SER105-DOR,5.404296870829326,0.4181036637517099,0.24139226281621848,3
V106I,43.687375,SER105-DOR,5.320716052953198,0.43329839751146915,0.25016494644268017,3
V106I,43.732591,SER105-DOR,5.286960021466842,0.44690549668490187,0.2580210088133515,3
V106I,43.887776,SER105-DOR,5.17110656812708,0.5199793725989925,0.30021023074308106,3
V106I,44.011142,SER105-DOR,5.079007608016808,0.5993290353807019,0.346022779910207,3
V106I,44.088176,SER105-DOR,5.021497829851556,0.6552275045370429,0.3782957761249085,3
V106I,44.134078,SER105-DOR,4.987229664660318,0.6902690927805603,0.39852704653013526,3
V106I,44.288577,SER105-DOR,5.11509569918108,0.5543272252950626,0.3200409727432427,3
V106I,44.289694,SER105-DOR,5.1160201500438065,0.5534173250765996,0.31951564160717744,3
V106I,44.488978,SER105-DOR,5.280951453291262,0.4194172811046417,0.24215068014854585,3
V106I,44.568245,SER105-DOR,5.3465543597690255,0.3891112032046678,0.22465345791491415,3
V106I,44.689379,SER105-DOR,5.446807207401437,0.37951276481289026,0.21911179692562133,3
V106I,44.692737,SER105-DOR,5.449586353325369,0.3799252785529098,0.21934996184446603,3
V106I,44.846797,SER105-DOR,5.489927860194335,0.2775304296677329,0.1602322682769781,3
V106I,44.88978,SER105-DOR,5.501183140791576,0.25692952016630166,0.14833832763077565,3
V106I,45.09018,SER105-DOR,5.553658729551951,0.24379719133501732,0.14075637404494695,3
V106I,45.125348,SER105-DOR,5.562867619300081,0.2566815803783656,0.14819517952746794,3
V106I,45.251397,SER105-DOR,5.59587377260349,0.32809356639859394,0.18942490887961258,3
V106I,45.290581,SER105-DOR,5.5714869999813645,0.3120448244009012,0.18015916336708981,3
V106I,45.4039,SER105-DOR,5.500961155586559,0.30109498998821727,0.17383727352134493,3
V106I,45.490982,SER105-DOR,5.446764316737037,0.3297294512621089,0.19036938744592616,3
V106I,45.682451,SER105-DOR,5.327600602792956,0.4684118040255893,0.2704376811457722,3
V106I,45.691383,SER105-DOR,5.32204163349271,0.47639809800144584,0.2750485701225605,3
V106I,45.810056,SER105-DOR,5.248183787211956,0.5893710569951907,0.34027353840874763,3
V106I,45.891784,SER105-DOR,5.284725094797302,0.583211902493325,0.336717548899115,3
V106I,45.961003,SER105-DOR,5.315673518467893,0.5819493873466834,0.3359886354393455,3
V106I,46.092184,SER105-DOR,5.374325697284867,0.5895473118619177,0.34037529920349846,3
V106I,46.239554,SER105-DOR,5.440216120381631,0.613039648918911,0.353938606327247,3
V106I,46.292585,SER105-DOR,5.463926746881224,0.6250673844783605,0.36088282269023675,3
V106I,46.368715,SER105-DOR,5.497965139433011,0.6453366279294639,0.3725852758530014,3
V106I,46.492986,SER105-DOR,5.516831991547452,0.4804815978887647,0.2774061798817398,3
V106I,46.518106,SER105-DOR,5.5206457107862414,0.45309221781050535,0.26159291392061984,3
V106I,46.693387,SER105-DOR,5.5472568780591045,0.3724154104093218,0.2150141374501869,3
V106I,46.796657,SER105-DOR,5.5629353329074265,0.43706823981750187,0.25234146591287065,3
V106I,46.893788,SER105-DOR,5.577681764570758,0.5497438577921623,0.31739476428164826,3
V106I,46.927374,SER105-DOR,5.582780792212238,0.5955178292212946,0.34382237900813606,3
V106I,47.075209,SER105-DOR,5.63602144460899,0.5401179446527786,0.31183724073942914,3
V106I,47.094188,SER105-DOR,5.642856466995795,0.5330262840394426,0.30774286857531813,3
V106I,47.294589,SER105-DOR,5.715028094654673,0.4585168548489346,0.264724829575013,3
V106I,47.35376,SER105-DOR,5.736337705785371,0.4366777759296378,0.2521160314821035,3
V106I,47.486034,SER105-DOR,5.783973746367565,0.38822119339078454,0.22413961050928724,3
V106I,47.49499,SER105-DOR,5.776064058403089,0.37882661464700296,0.21871564794264178,3
V106I,47.632312,SER105-DOR,5.654785120187694,0.24204742194800344,0.13974614421833473,3
V106I,47.695391,SER105-DOR,5.599075516892597,0.1888595293354979,0.10903810010087575,3
V106I,47.895792,SER105-DOR,5.422086975382104,0.17338780206382315,0.10010549419574585,3
V106I,47.910864,SER105-DOR,5.4087758077849095,0.18378124594649364,0.10610615181921293,3
V106I,48.044693,SER105-DOR,5.290581770512717,0.3034829317774558,0.17521595235617093,3
V106I,48.096192,SER105-DOR,5.2414373802772,0.3254285428695106,0.18788625682769963,3
V106I,48.189415,SER105-DOR,5.152476672478496,0.3795851174446339,0.21915356973703512,3
V106I,48.296593,SER105-DOR,5.0501990077342755,0.45715599639592397,0.2639391375808383,3
V106I,48.467967,SER105-DOR,4.886660478205126,0.5995587273586824,0.34615539263552475,3
V106I,48.496994,SER105-DOR,4.858960635191353,0.625018948162402,0.3608548579701796,3
V106I,48.603352,SER105-DOR,4.757465537035638,0.7203980362704596,0.41592200016442765,3
V106I,48.697395,SER105-DOR,4.790167285735934,0.6264508957644171,0.36168159330366845,3
V106I,48.746518,SER105-DOR,4.807248918620941,0.5777012605179016,0.33353597827119663,3
V106I,48.897796,SER105-DOR,4.859853101174489,0.4299137105963865,0.24821079654113462,3
V106I,49.02507,SER105-DOR,4.904110327805727,0.3111337992874491,0.17963318277259974,3
V106I,49.098196,SER105-DOR,4.929538568881171,0.24826130706811747,0.14333373246514597,3
V106I,49.162011,SER105-DOR,4.9517290784705,0.2003158066906836,0.11565238491580322,3
V106I,49.298597,SER105-DOR,5.032758790475527,0.17200261145382947,0.09930575402418707,3
V106I,49.303621,SER105-DOR,5.035739282522544,0.17252529337063197,0.09960752456955353,3
V106I,49.498998,SER105-DOR,5.15164684515593,0.2608016652164687,0.15057391161783087,3
V106I,49.582173,SER105-DOR,5.2009904809064595,0.32061435448162734,0.18510678386602566,3
V106I,49.699399,SER105-DOR,5.27053489983633,0.41298457102651154,0.23843675325331856,3
V106I,49.72067,SER105-DOR,5.283153937720905,0.4303524606915873,0.24846410902670577,3
V106I,49.860724,SER105-DOR,5.192695509353299,0.2924220629275502,0.1688299567482068,3
V106I,49.8998,SER105-DOR,5.16745686938381,0.25540715115367874,0.14745938747153187,3
V106I,50.1002,SER105-DOR,5.038021321991918,0.11364378094264635,0.06561226751896373,3
V106I,50.139276,SER105-DOR,5.012782682022428,0.11309208954025522,0.06529374833928361,3
V106I,50.27933,SER105-DOR,4.922324443793475,0.19838321911193688,0.11453660495698127,3
V106I,50.300601,SER105-DOR,4.9452856901157185,0.21030623297719864,0.1214203602216418,3
V106I,50.417827,SER105-DOR,5.071826758301118,0.27842697031180336,0.1607498862591716,3
V106I,50.501002,SER105-DOR,5.16161104972384,0.328258891667195,0.18952035946794327,3
V106I,50.696379,SER105-DOR,5.37251318985366,0.447606440709612,0.25842569903470475,3
V106I,50.701403,SER105-DOR,5.377936409331961,0.45070155055503075,0.26021266153712874,3
V106I,50.837989,SER105-DOR,5.52537546738452,0.5351550933359978,0.3089719371957376,3
V106I,50.901804,SER105-DOR,5.4455192383410305,0.5121354865611434,0.2956815610276361,3
V106I,50.97493,SER105-DOR,5.354011495568414,0.49184609931008566,0.28396747783654536,3
V106I,51.102204,SER105-DOR,5.194744525494271,0.4742772486887258,0.2738240972009509,3
V106I,51.253482,SER105-DOR,5.005439650194714,0.48507272036834753,0.2800568656812095,3
V106I,51.302605,SER105-DOR,4.943968561276692,0.4957733506480368,0.2862348774536868,3
V106I,51.396648,SER105-DOR,4.8262858950079925,0.5250139779215462,0.303116961481321,3
V106I,51.503006,SER105-DOR,4.963556381179633,0.5114456389115025,0.2952832773014161,3
V106I,51.532033,SER105-DOR,5.0010199824118216,0.5077556610732583,0.2931528676032021,3
V106I,51.703407,SER105-DOR,5.222203266856142,0.4860935928813724,0.28064626670141274,3
V106I,51.810585,SER105-DOR,5.360532196916562,0.4726621147616355,0.2728915991933681,3
V106I,51.903808,SER105-DOR,5.4808501525326525,0.461059447863821,0.2661927963365973,3
V106I,51.955307,SER105-DOR,5.547317165997927,0.4546839187042428,0.26251188286008853,3
V106I,52.089136,SER105-DOR,5.512236721007689,0.42581633145034964,0.2458451735881983,3
V106I,52.104208,SER105-DOR,5.508285868711547,0.42434929138027144,0.24499817760882667,3
V106I,52.304609,SER105-DOR,5.455754369839515,0.44110103922428634,0.2546698037359654,3
V106I,52.367688,SER105-DOR,5.439219350466613,0.4594523442827198,0.2652649346514329,3
V106I,52.50501,SER105-DOR,5.4032228709674825,0.5166064720470788,0.29826288570148385,3
V106I,52.513966,SER105-DOR,5.400875217493208,0.5210216030160372,0.3008119627549194,3
V106I,52.64624,SER105-DOR,5.37154819698181,0.4090920624529763,0.23618941238056507,3
V106I,52.705411,SER105-DOR,5.358429156341483,0.3591910219704162,0.20737903322511658,3
V106I,52.905812,SER105-DOR,5.313997443790359,0.19230445661939347,0.11102702979557154,3
V106I,52.924791,SER105-DOR,5.309789533288376,0.17689179389740872,0.10212852482410473,3
V106I,53.072626,SER105-DOR,5.27701269542137,0.06992996393618285,0.04037408350297599,3
V106I,53.106212,SER105-DOR,5.297976459266709,0.07412709303606843,0.042797297118618544,3
V106I,53.203343,SER105-DOR,5.358603844071734,0.11204470542812453,0.06468904084020002,3
V106I,53.306613,SER105-DOR,5.423063079833902,0.1694567475210158,0.09783589879725693,3
V106I,53.481894,SER105-DOR,5.53247025813959,0.2767102170932672,0.1597587183263176,3
V106I,53.507014,SER105-DOR,5.548149700401097,0.29245866662153813,0.16885108990078407,3
V106I,53.631285,SER105-DOR,5.625717288392129,0.3709993501021297,0.21419657465064082,3
V106I,53.707415,SER105-DOR,5.59515629449361,0.3182859861796309,0.1837624998000954,3
V106I,53.760446,SER105-DOR,5.573867971001788,0.29617810364265745,0.17099850786616116,3
V106I,53.907816,SER105-DOR,5.514708984126383,0.31706167103916827,0.18305564112417638,3
V106I,54.038997,SER105-DOR,5.462048774739785,0.41770930076720225,0.24116457724095458,3
V106I,54.108216,SER105-DOR,5.434262075190836,0.4870825759482741,0.2812172563413124,3
V106I,54.189944,SER105-DOR,5.401453866740316,0.5766106721063591,0.33290632675821746,3
V106I,54.308617,SER105-DOR,5.388463536842768,0.5213291237668652,0.3009895099431914,3
V106I,54.317549,SER105-DOR,5.3874858142185245,0.5177423933364034,0.2989187101636536,3
V106I,54.509018,SER105-DOR,5.366527062187455,0.4652900723802294,0.26863534853998594,3
V106I,54.5961,SER105-DOR,5.35699481391557,0.4592950063353674,0.26517409554517524,3
V106I,54.709419,SER105-DOR,5.344590587532142,0.4695790917030336,0.2711116150005664,3
V106I,54.748603,SER105-DOR,5.340301393252203,0.4777230932406266,0.2758135564805765,3
V106I,54.874652,SER105-DOR,5.314723567903753,0.46324968956212703,0.2674573329707046,3
V106I,54.90982,SER105-DOR,5.307587278693802,0.4595075333697896,0.265296798085709,3
V106I,55.11022,SER105-DOR,5.266922118386872,0.44085918515493777,0.2545301692239224,3
V106I,55.153203,SER105-DOR,5.258200009676927,0.43748738994347675,0.2525834623509331,3
V106I,55.307263,SER105-DOR,5.226938288926101,0.4273599658059945,0.2467363912989602,3
V106I,55.310621,SER105-DOR,5.227260261517835,0.42799626364320825,0.24710375802656034,3
V106I,55.431755,SER105-DOR,5.238874861853481,0.45162020407802833,0.2607430463959234,3
V106I,55.511022,SER105-DOR,5.246475160075331,0.467724978021617,0.2700411419674924,3
V106I,55.710306,SER105-DOR,5.26558295816083,0.5101087719993315,0.29451143682980346,3
V106I,55.711423,SER105-DOR,5.265690058632828,0.5103530926306926,0.29465249541208843,3
V106I,55.865922,SER105-DOR,5.280503772596957,0.544769088370933,0.3145225798171452,3
V106I,55.911824,SER105-DOR,5.285422737839051,0.5373040446276734,0.310212634802462,3
V106I,55.988858,SER105-DOR,5.293677880718651,0.5283626123693943,0.3050502964812037,3
V106I,56.112224,SER105-DOR,5.306898068641968,0.5238529728247294,0.30244665487614325,3
V106I,56.267409,SER105-DOR,5.3235280547230595,0.5355718828621469,0.30921257074085523,3
V106I,56.312625,SER105-DOR,5.328373506607215,0.5425020068687534,0.313213679701587,3
V106I,56.424581,SER105-DOR,5.340370972352582,0.5659425379417944,0.326747076626555,3
V106I,56.513026,SER105-DOR,5.37188575954661,0.5476630088035793,0.3161933855579469,3
V106I,56.545961,SER105-DOR,5.383621183392829,0.5415865841459525,0.3126851601461556,3
V106I,56.713427,SER105-DOR,5.443292793832523,0.5174291232814177,0.29873784361307854,3
V106I,56.824513,SER105-DOR,5.482875040481416,0.5081385248406044,0.2933739141023423,3
V106I,56.913828,SER105-DOR,5.514699828118435,0.5048254707423365,0.29146112142686753,3
V106I,56.98324,SER105-DOR,5.539432763901459,0.5048667119630059,0.2914849320567227,3
V106I,57.103064,SER105-DOR,5.4536385558831215,0.4921908121903565,0.28416649791076287,3
V106I,57.114228,SER105-DOR,5.445645088685429,0.49109409943151616,0.2835333105042227,3
V106I,57.314629,SER105-DOR,5.302157197258893,0.47401552209027203,0.27367298927887956,3
V106I,57.381616,SER105-DOR,5.254194246061094,0.4694631867342091,0.2710446972356152,3
V106I,57.51503,SER105-DOR,5.158669305832351,0.4622277326970449,0.26686730589954927,3
V106I,57.541899,SER105-DOR,5.1394309978661274,0.4610735890343013,0.26620096074518074,3
V106I,57.660167,SER105-DOR,5.266284367426795,0.5314111142875422,0.30681034988427147,3
V106I,57.715431,SER105-DOR,5.32556048810093,0.5651363726805224,0.3262816368959483,3
V106I,57.915832,SER105-DOR,5.540510434887572,0.6904940182566611,0.3986569073143097,3
V106I,57.938719,SER105-DOR,5.565059012150686,0.7050406306660062,0.40705539790464224,3
V106I,58.100559,SER105-DOR,5.73864802920794,0.8088423398700677,0.4669853426559504,3
V106I,58.116232,SER105-DOR,5.735543046913477,0.8071416547117228,0.46600345162197315,3
V106I,58.21727,SER105-DOR,5.715526381242083,0.7968180733075396,0.460043129119267,3
V106I,58.316633,SER105-DOR,5.695841550276441,0.787776135470379,0.4548227638749864,3
V106I,58.495822,SER105-DOR,5.66034236873097,0.7743749434427329,0.44708558205036314,3
V106I,58.517034,SER105-DOR,5.656140053639405,0.7730433243561632,0.44631677141227405,3
V106I,58.659218,SER105-DOR,5.627971968248737,0.7655496846101417,0.44199031648769843,3
V106I,58.717435,SER105-DOR,5.6285343979071625,0.7285546522194197,0.4206312245782362,3
V106I,58.774373,SER105-DOR,5.629084471251571,0.6923886856751512,0.39975079405839975,3
V106I,58.917836,SER105-DOR,5.630470455518825,0.6013546441516142,0.3471922656793661,3
V106I,59.052925,SER105-DOR,5.631775539259434,0.5158025695597135,0.2977987523840013,3
V106I,59.118236,SER105-DOR,5.632406503469569,0.4745264066447836,0.2739679486139517,3
V106I,59.217877,SER105-DOR,5.633369126991826,0.4117105284883363,0.23770118445094404,3
V106I,59.318637,SER105-DOR,5.591034503210094,0.3471673529471832,0.20043716467790607,3
V106I,59.331476,SER105-DOR,5.585640152685817,0.34071423745013385,0.19671145670857287,3
V106I,59.519038,SER105-DOR,5.506835325749563,0.3125427961927502,0.1804466675151627,3
V106I,59.610028,SER105-DOR,5.468605560642934,0.34651573069123015,0.2000609503930216,3
V106I,59.719439,SER105-DOR,5.422636148289032,0.4172397256705861,0.2408934679325185,3
V106I,59.776536,SER105-DOR,5.398646645065675,0.4626283224697274,0.2670985865126421,3
V106I,59.888579,SER105-DOR,5.379870330413549,0.5002823221416994,0.28883813335932124,3
V106I,59.91984,SER105-DOR,5.374631592588043,0.5108234212529146,0.2949240397687358,3
V106I,60.12024,SER105-DOR,5.341048435931778,0.5786904059934999,0.33410706167780096,3
V106I,60.167131,SER105-DOR,5.3331904129838295,0.5946319322396374,0.343310906147302,3
V106I,60.320641,SER105-DOR,5.307465111694889,0.6469495804977118,0.37351651445246936,3
V106I,60.335196,SER105-DOR,5.3050261415875255,0.6519184011363309,0.3763852643857311,3
V106I,60.445682,SER105-DOR,5.325557769218852,0.5189725845183996,0.2996289613737338,3
V106I,60.521042,SER105-DOR,5.339561927739361,0.44099917282850876,0.25461099114494185,3
V106I,60.721443,SER105-DOR,5.376802471418611,0.34500157862033404,0.1991867542872957,3
V106I,60.724234,SER105-DOR,5.377321123308615,0.34531664725880173,0.19936865925052824,3
V106I,60.893855,SER105-DOR,5.408841891972824,0.444823704421813,0.25681908548986027,3
V106I,60.921844,SER105-DOR,5.422544022435033,0.4410017155190856,0.2546124591680309,3
V106I,61.002786,SER105-DOR,5.4621695125873115,0.43033542335520764,0.24845427251596072,3
V106I,61.122244,SER105-DOR,5.520650669497335,0.4157181155525876,0.2400149659212904,3
V106I,61.281337,SER105-DOR,5.598535304233274,0.3985589310873847,0.2301081061512311,3
V106I,61.322645,SER105-DOR,5.618757806113762,0.39457314772668767,0.22780691305500111,3
V106I,61.452514,SER105-DOR,5.682335700454067,0.38340885616096565,0.22136120631422004,3
V106I,61.523046,SER105-DOR,5.694588749019569,0.439208152921221,0.25357694531934527,3
V106I,61.559889,SER105-DOR,5.700989234874199,0.4688688865081114,0.27070157784009824,3
V106I,61.723447,SER105-DOR,5.729403062885265,0.6032491058357279,0.34828603364265853,3
V106I,61.83844,SER105-DOR,5.749380021055921,0.6993899085616851,0.4037929519765967,3
V106I,61.923848,SER105-DOR,5.764217376750959,0.771334561929346,0.44533021696517,3
V106I,62.011173,SER105-DOR,5.7793877599243055,0.845232674130091,0.4879953119368753,3
V106I,62.116992,SER105-DOR,5.694707326597488,0.8146706088449528,0.4703502953175098,3
V106I,62.124248,SER105-DOR,5.6889007840381325,0.8125817930768758,0.4691443169715231,3
V106I,62.324649,SER105-DOR,5.528531856882999,0.7552796456247618,0.4360609067149014,3
V106I,62.395543,SER105-DOR,5.471799631386439,0.7352072021832746,0.42447207609066523,3
V106I,62.52505,SER105-DOR,5.368162929727869,0.6988513613376406,0.4034820215918232,3
V106I,62.569832,SER105-DOR,5.332326575139514,0.6863831439877406,0.3962834929485437,3
V106I,62.674095,SER105-DOR,5.363874946747885,0.6568638066938671,0.3792404956156265,3
V106I,62.725451,SER105-DOR,5.379414696741992,0.6439651106788735,0.3717934299991748,3
V106I,62.925852,SER105-DOR,5.440053793216966,0.6054659412766975,0.3495659241812515,3
V106I,62.952646,SER105-DOR,5.448161357305722,0.6018752626029349,0.3474928448823812,3
V106I,63.126253,SER105-DOR,5.500692889691943,0.5883407262123527,0.33967867665392176,3
V106I,63.128492,SER105-DOR,5.5013698350174,0.5882795066797062,0.33964333154026866,3
V106I,63.231198,SER105-DOR,5.383485564219961,0.6212969598633158,0.3587059670237815,3
V106I,63.326653,SER105-DOR,5.273923872897449,0.6535811114464005,0.37734523063083414,3
V106I,63.509749,SER105-DOR,5.0637692719400755,0.7190346444879535,0.41513484555178687,3
V106I,63.527054,SER105-DOR,5.043906875330824,0.7254260556596819,0.4188249285122858,3
V106I,63.687151,SER105-DOR,4.860150528383287,0.7859522611334853,0.4537697495356128,3
V106I,63.727455,SER105-DOR,4.907706974841264,0.7597356660295655,0.4386335912951293,3
V106I,63.788301,SER105-DOR,4.979501822528391,0.7202724872137665,0.41584951438274936,3
V106I,63.927856,SER105-DOR,5.144168850253756,0.6304147001371307,0.36397009682526965,3
V106I,64.066852,SER105-DOR,5.308176289512216,0.542186897140538,0.3130317510151776,3
V106I,64.128257,SER105-DOR,5.380630725666258,0.5037869741320022,0.29086154512933854,3
V106I,64.24581,SER105-DOR,5.51933663452083,0.4317157942978908,0.24925123005130037,3
V106I,64.328657,SER105-DOR,5.502024706126872,0.3997801152285876,0.23081315714388467,3
V106I,64.345404,SER105-DOR,5.498525192997175,0.3943981299386876,0.2277058664879863,3
V106I,64.529058,SER105-DOR,5.460148195067877,0.36442734085964595,0.21040222334537612,3
V106I,64.623955,SER105-DOR,5.440318177902468,0.3720037882868705,0.21477648730698523,3
V106I,64.729459,SER105-DOR,5.41827168400888,0.3980606668213538,0.22982043314311057,3
V106I,64.804469,SER105-DOR,5.4025973256247655,0.426140623261124,0.24603240355244485,3
V106I,64.902507,SER105-DOR,5.421742515852685,0.4175573894065051,0.24107687117596313,3
V106I,64.92986,SER105-DOR,5.4270841325236665,0.4164162211607756,0.24041801738210053,3
V106I,65.130261,SER105-DOR,5.466219339721456,0.425032469913233,0.2453926109187366,3
V106I,65.181058,SER105-DOR,5.476139205989718,0.4318177609667602,0.2493101005350205,3
V106I,65.330661,SER105-DOR,5.5053543516347565,0.46144529836420944,0.2664155672268635,3
V106I,65.363128,SER105-DOR,5.511694653190591,0.4695927001983498,0.2711194718690005,3
V106I,65.45961,SER105-DOR,5.442241445685606,0.47888043874045927,0.2764817502164503,3
V106I,65.531062,SER105-DOR,5.390805916476094,0.48582769938007103,0.2804927530168606,3
V106I,65.731463,SER105-DOR,5.246544993211331,0.5056039488744639,0.29191057598600956,3
V106I,65.738162,SER105-DOR,5.241722642399957,0.5062720451961893,0.29229630157720227,3
V106I,65.921788,SER105-DOR,5.109537583833802,0.5247489382859518,0.3029639407763646,3
V106I,65.931864,SER105-DOR,5.108925844895846,0.5295388380918178,0.30572939071867267,3
V106I,66.016713,SER105-DOR,5.1037744517689445,0.5734161873180542,0.3310619901057675,3
V106I,66.132265,SER105-DOR,5.096759003400667,0.6415518318035148,0.3704001227908568,3
V106I,66.295265,SER105-DOR,5.086862869330907,0.7493015730666246,0.43260946491422575,3
V106I,66.332665,SER105-DOR,5.084592222617967,0.7754359894661059,0.4476981772575801,3
V106I,66.480447,SER105-DOR,5.0756200073258135,0.8824400170826611,0.5094769814063723,3
V106I,66.533066,SER105-DOR,5.069724977858915,0.8665126054943824,0.5002812860383857,3
V106I,66.573816,SER105-DOR,5.065159660183246,0.8541842782927004,0.4931635230098368,3
V106I,66.733467,SER105-DOR,5.047273585772487,0.8059432655428023,0.46531156131270296,3
V106I,66.852368,SER105-DOR,5.033952829037399,0.7700843419163884,0.4446084021041427,3
V106I,66.933868,SER105-DOR,5.024822193686059,0.7455439485422611,0.43043999938357097,3
V106I,67.039106,SER105-DOR,5.0130321347522635,0.7139086632416137,0.4121753588993516,3
V106I,67.130919,SER105-DOR,5.0690379668808285,0.6061672797627312,0.34997084214495605,3
V106I,67.134269,SER105-DOR,5.071081467136412,0.6027063690700885,0.3479726844249175,3
V106I,67.334669,SER105-DOR,5.19332548242572,0.4917130242160964,0.28389064689520827,3
V106I,67.409471,SER105-DOR,5.238954708132655,0.511252349198315,0.2951716814334757,3
V106I,67.53507,SER105-DOR,5.315570107715103,0.6112981125874197,0.35293312985745695,3
V106I,67.597765,SER105-DOR,5.353814062498347,0.6833630667684685,0.3945398505530235,3
V106I,67.688022,SER105-DOR,5.318237614588096,0.6247668401509767,0.3607093033419183,3
V106I,67.735471,SER105-DOR,5.2995345314048725,0.595046757983463,0.34355040590216646,3
V106I,67.935872,SER105-DOR,5.220542001045936,0.48135964872687703,0.27791312276948615,3
V106I,67.966574,SER105-DOR,5.208440121978071,0.4662086640058024,0.2691656976622858,3
V106I,68.136273,SER105-DOR,5.141549470687,0.39880477693801936,0.23025004531927415,3
V106I,68.156425,SER105-DOR,5.133606562414729,0.3930517261650237,0.22692851990682353,3
V106I,68.245125,SER105-DOR,5.194467859963979,0.4686136583013652,0.2705542217662285,3
V106I,68.336673,SER105-DOR,5.2572833060523525,0.5490959484733337,0.3170206936620121,3
V106I,68.523677,SER105-DOR,5.385595663289102,0.717807172463405,0.414426164247991,3
V106I,68.537074,SER105-DOR,5.394787983506319,0.7300359940533862,0.42148647768483855,3
V106I,68.715084,SER105-DOR,5.516928975298074,0.8936323811019745,0.5159388957857912,3
V106I,68.737475,SER105-DOR,5.515216240016102,0.8965187724123578,0.5176053545858277,3
V106I,68.802228,SER105-DOR,5.5102631451246955,0.9056140202329704,0.5228564983634048,3
V106I,68.937876,SER105-DOR,5.4998871406796574,0.9281428391427575,0.5358635180254946,3
V106I,69.08078,SER105-DOR,5.488956109339618,0.9566537769188956,0.5523243156253966,3
V106I,69.138277,SER105-DOR,5.484558041343213,0.969414461587496,0.559691700353857,3
V106I,69.273743,SER105-DOR,5.474195958465828,1.0021873078416697,0.5786131119608143,3
V106I,69.338677,SER105-DOR,5.428118041686038,0.994425456878531,0.5741318052178365,3
V106I,69.359331,SER105-DOR,5.413461721232537,0.9919904726687605,0.572725966428853,3
V106I,69.539078,SER105-DOR,5.28591114349667,0.9715118236038667,0.5609026128785967,3
V106I,69.637883,SER105-DOR,5.215797957556479,0.96081846708143,0.5547288006118273,3
V106I,69.739479,SER105-DOR,5.143704245307302,0.950258115145057,0.5486317785786251,3
V106I,69.832402,SER105-DOR,5.077764995500911,0.9409980426141055,0.5432854732101647,3
V106I,69.916435,SER105-DOR,5.086333791018995,0.8940688880741406,0.5161909132036745,3
V106I,69.93988,SER105-DOR,5.088724516989644,0.881605382110648,0.5089951046806055,3
V106I,70.140281,SER105-DOR,5.109159743061053,0.7885463801122244,0.45526746482629776,3
V106I,70.194986,SER105-DOR,5.114738103659236,0.7680347403918446,0.4434250641122158,3
V106I,70.340681,SER105-DOR,5.129594867160784,0.7258162682062184,0.4190502178310698,3
V106I,70.391061,SER105-DOR,5.134732200255317,0.7158438163007236,0.4132926200389518,3
V106I,70.473538,SER105-DOR,5.137190623814313,0.6644687541938873,0.3836312141019361,3
V106I,70.541082,SER105-DOR,5.139203906974267,0.6284077931565206,0.3628114085397759,3
V106I,70.741483,SER105-DOR,5.1451772570651455,0.563254787102167,0.32519530295578153,3
V106I,70.752089,SER105-DOR,5.145493389973982,0.5618506949317025,0.32438464996319677,3
V106I,70.941884,SER105-DOR,5.151150607156023,0.5747982676982284,0.3318599345853028,3
V106I,70.949721,SER105-DOR,5.151384017513404,0.5768457135911296,0.3330420280227204,3
V106I,71.030641,SER105-DOR,5.107886137537955,0.5521118089923632,0.31876190154451217,3
V106I,71.142285,SER105-DOR,5.047872824241136,0.5281481272144803,0.304926463419277,3
V106I,71.309192,SER105-DOR,4.958153340144971,0.5172730270146211,0.29864772139142404,3
V106I,71.342685,SER105-DOR,4.940149453664276,0.5188793952748404,0.29957515853887934,3
V106I,71.50838,SER105-DOR,4.851081645663999,0.5448602453339292,0.3145752093142696,3
V106I,71.543086,SER105-DOR,4.886930429423852,0.5294572724285502,0.30568229876102854,3
V106I,71.587744,SER105-DOR,4.9330589082213905,0.5116565472573529,0.29540504529166717,3
V106I,71.743487,SER105-DOR,5.093930144581403,0.4706031109096077,0.27170283276513735,3
V106I,71.866295,SER105-DOR,5.220781911883297,0.46509182717442094,0.26852089161704684,3
V106I,71.943888,SER105-DOR,5.300929859738955,0.47451233532184856,0.27395982453186724,3
V106I,72.067039,SER105-DOR,5.428135921192571,0.5083929979324351,0.29352083421041225,3
V106I,72.144289,SER105-DOR,5.4081133187320845,0.47924687717606695,0.2766933135458898,3
V106I,72.144847,SER105-DOR,5.4079686884576,0.479036489933297,0.2765718464146425,3
V106I,72.344689,SER105-DOR,5.3561708330562725,0.40385629920652316,0.23316654306081222,3
V106I,72.423398,SER105-DOR,5.3357699293384195,0.3743637718619188,0.21613902445932248,3
V106I,72.54509,SER105-DOR,5.30422808818642,0.3289559405492861,0.1899228008276569,3
V106I,72.625698,SER105-DOR,5.283334974986043,0.2990501960252001,0.17265671117635964,3
V106I,72.70195,SER105-DOR,5.271730242831706,0.28816732109358506,0.16637348040503466,3
V106I,72.745491,SER105-DOR,5.2651037919442,0.2825958693974775,0.16315680126850995,3
V106I,72.945892,SER105-DOR,5.234605011844824,0.26385838087558544,0.15233870722645806,3
V106I,72.980501,SER105-DOR,5.229337910979761,0.2618864125966704,0.15120019080979305,3
V106I,73.146293,SER105-DOR,5.204106231745448,0.25808201033619005,0.14900371814059912,3
V106I,73.184358,SER105-DOR,5.198313395944994,0.25855412828530144,0.14927629556560784,3
V106I,73.259053,SER105-DOR,5.224354447416097,0.30907985667576743,0.17844733845284527,3
V106I,73.346693,SER105-DOR,5.254908537394381,0.3683894695413959,0.21268975940634838,3
V106I,73.537604,SER105-DOR,5.321466180843076,0.49764031308618634,0.28731276871991934,3
V106I,73.547094,SER105-DOR,5.324774696519637,0.5040664192840906,0.2910228828631205,3
V106I,73.743017,SER105-DOR,5.393079568939281,0.6367487780612355,0.3676270784198196,3
V106I,73.747495,SER105-DOR,5.392523966586335,0.6345759962686145,0.36637262226695955,3
V106I,73.816156,SER105-DOR,5.38400493729749,0.6021774300683042,0.34766730134985246,3
V106I,73.947896,SER105-DOR,5.367659458517507,0.5456664654793347,0.31504068073224556,3
V106I,74.094708,SER105-DOR,5.349443939839452,0.4940403432750131,0.28523432518036396,3
V106I,74.148297,SER105-DOR,5.3427949504486785,0.47892640894666866,0.27650829112737996,3
V106I,74.301676,SER105-DOR,5.3237646153576925,0.44914189286813694,0.25931219275175693,3
V106I,74.348697,SER105-DOR,5.267536506100222,0.4573476630886501,0.26404979639747844,3
V106I,74.373259,SER105-DOR,5.238165058883401,0.46338867649489407,0.26753757711375153,3
V106I,74.549098,SER105-DOR,5.0278952963576335,0.5367973771204984,0.3099201101808048,3
V106I,74.651811,SER105-DOR,4.9050702227487735,0.598600604014293,0.34560221986472467,3
V106I,74.749499,SER105-DOR,4.788254086615045,0.6661299612228957,0.38459031242731384,3
V106I,74.860335,SER105-DOR,4.65571546094436,0.7501132159870323,0.433078067172809,3
V106I,74.930362,SER105-DOR,4.7121241352330205,0.6678934383028619,0.38560845639414204,3
V106I,74.9499,SER105-DOR,4.727862640722833,0.6453792082112688,0.37260985959016363,3
V106I,75.150301,SER105-DOR,4.889292277260065,0.4334060892672768,0.25022712230688526,3
V106I,75.208914,SER105-DOR,4.936506988196417,0.38295353917651337,0.2210983289306799,3
V106I,75.350701,SER105-DOR,5.05072110826421,0.30839925047479394,0.17805439027950112,3
V106I,75.418994,SER105-DOR,5.105733379500564,0.3075157229324169,0.17754428541507328,3
V106I,75.487465,SER105-DOR,5.130010188680643,0.28044088948116197,0.16191262303372697,3
V106I,75.551102,SER105-DOR,5.152572900506127,0.26415207919611267,0.152508274030875,3
V106I,75.751503,SER105-DOR,5.223625747317553,0.28129885578726155,0.16240797011150918,3
V106I,75.766017,SER105-DOR,5.228771734705947,0.28636437743987153,0.16533255040122943,3
V106I,75.951904,SER105-DOR,5.294678594128979,0.3808985917672711,0.21991190449078335,3
V106I,75.977654,SER105-DOR,5.30380828614939,0.3970666839631852,0.22924655687237702,3
V106I,76.044568,SER105-DOR,5.317213970121029,0.39959584948230453,0.23070677126566572,3
V106I,76.152305,SER105-DOR,5.338798215182639,0.406081454424414,0.23445123702485018,3
V106I,76.32312,SER105-DOR,5.373019632339226,0.4221333101744853,0.2437187802631469,3
V106I,76.352705,SER105-DOR,5.37894675013671,0.42558589031110755,0.2457121283344245,3
V106I,76.536313,SER105-DOR,5.415730987054846,0.4510089492262325,0.26039013824269563,3
V106I,76.553106,SER105-DOR,5.4018026073957435,0.46583606624911006,0.26895057824716007,3
V106I,76.601671,SER105-DOR,5.3615220286936305,0.5087229661559121,0.2937113414530607,3
V106I,76.753507,SER105-DOR,5.235586850112046,0.6428550454408346,0.37115253353517497,3
V106I,76.880223,SER105-DOR,5.130486596620489,0.7548307187222973,0.4358017186469171,3
V106I,76.953908,SER105-DOR,5.069371092828349,0.819953247540172,0.47340022819022615,3
V106I,77.094972,SER105-DOR,4.95237038132757,0.9446376333870455,0.5453867919226618,3
V106I,77.154309,SER105-DOR,4.961082984847019,0.8706178131994654,0.5026514288119946,3
V106I,77.158774,SER105-DOR,4.961738597145158,0.8650654945332722,0.4994457961354415,3
V106I,77.354709,SER105-DOR,4.9905084505910375,0.6250816600715794,0.3608910647078245,3
V106I,77.437326,SER105-DOR,5.002639407194697,0.5274489767869401,0.3045228087317326,3
V106I,77.55511,SER105-DOR,5.019934063168717,0.3962658528972086,0.22878419684086004,3
V106I,77.653631,SER105-DOR,5.03440026232324,0.3018305333404652,0.1742619396737659,3
V106I,77.715877,SER105-DOR,5.056025022846666,0.2917043492916365,0.16841558458731098,3
V106I,77.755511,SER105-DOR,5.06979422927849,0.2880714549996167,0.1663181320898759,3
V106I,77.955912,SER105-DOR,5.139415330811132,0.3046840489949242,0.17590941770500462,3
V106I,77.994429,SER105-DOR,5.152796481442778,0.31407992592239786,0.18133412977835414,3
V106I,78.156313,SER105-DOR,5.209036432343772,0.3700066147931162,0.2136234186527478,3
V106I,78.212291,SER105-DOR,5.228483515306757,0.39412044453581485,0.2275455447458877,3
V106I,78.272981,SER105-DOR,5.228159084063194,0.41765738030048916,0.24113460094552133,3
V106I,78.356713,SER105-DOR,5.2277114769304545,0.4588588924565408,0.2649223050798374,3
V106I,78.551532,SER105-DOR,5.226670030721201,0.5816732935339003,0.33582923260221353,3
V106I,78.557114,SER105-DOR,5.226640190958446,0.5855830777019566,0.3380865475441142,3
V106I,78.757515,SER105-DOR,5.225568904986438,0.7348760135570226,0.4242808642481461,3
V106I,78.77095,SER105-DOR,5.225497140554031,0.7453690526557579,0.4303390231964182,3
V106I,78.830084,SER105-DOR,5.236867781456866,0.6819711361537156,0.3937362190379027,3
V106I,78.957916,SER105-DOR,5.26144808666015,0.5545427886581241,0.32016542830893374,3
V106I,79.108635,SER105-DOR,5.290429241769467,0.4342545646290743,0.2507169897854198,3
V106I,79.158317,SER105-DOR,5.2999823953077785,0.40647352052306135,0.23467759649244435,3
V106I,79.329609,SER105-DOR,5.332919404699797,0.3807265589816609,0.21981258131570186,3
V106I,79.358717,SER105-DOR,5.316824115720587,0.41374682360130444,0.23887683998256573,3
V106I,79.387187,SER105-DOR,5.301081609288055,0.44653299554238296,0.2578059451784448,3
V106I,79.559118,SER105-DOR,5.206012242465016,0.650576667203994,0.37561061393871553,3
V106I,79.665738,SER105-DOR,5.147056638817781,0.7798777048969738,0.4502626028572554,3
V106I,79.759519,SER105-DOR,5.095200369209446,0.8944786693646761,0.5164275005420741,3
V106I,79.888268,SER105-DOR,5.0240085195191675,1.0526302823859446,0.6077363768926769,3
V106I,79.94429,SER105-DOR,5.008817417858186,0.9940286519855064,0.573902709806033,3
V106I,79.95992,SER105-DOR,5.004579150213113,0.9778132083681162,0.5645407190685036,3
V106I,80.160321,SER105-DOR,4.950237942641759,0.7769734763030146,0.4485858456967448,3
V106I,80.222841,SER105-DOR,4.933284872061466,0.7180401395719851,0.41456066787084206,3
V106I,80.360721,SER105-DOR,4.895897006232762,0.5983244322151481,0.34544277200214574,3
V106I,80.446927,SER105-DOR,4.872521184056743,0.5339787219190331,0.3082927588414861,3
V106I,80.501393,SER105-DOR,4.89012755167191,0.5554088520705467,0.3206654502532312,3
V106I,80.561122,SER105-DOR,4.909435450554716,0.579859809882884,0.3347822173281283,3
V106I,80.761523,SER105-DOR,4.974216750158142,0.6677217328544458,0.3855093222072777,3
V106I,80.779944,SER105-DOR,4.980171492499721,0.6761675426302629,0.39038551275487005,3
V106I,80.961924,SER105-DOR,5.038998049761568,0.7621419270456357,0.4400228467404979,3
V106I,81.005587,SER105-DOR,5.053112239164303,0.7833540775313486,0.4522696875335151,3
V106I,81.058496,SER105-DOR,5.039002640166218,0.7260630198668919,0.4191926799687827,3
V106I,81.162325,SER105-DOR,5.011313862181903,0.6218878965803587,0.35904714449644026,3
V106I,81.337047,SER105-DOR,4.964719570924394,0.48785535941860964,0.2816634230859359,3
V106I,81.362725,SER105-DOR,4.957871845904589,0.47476409924215685,0.2741051804990295,3
V106I,81.563126,SER105-DOR,4.904429562950548,0.45668527364702544,0.26366736567504806,3
V106I,81.564246,SER105-DOR,4.904131087239155,0.45702638797350215,0.26386430812326384,3
V106I,81.615599,SER105-DOR,4.945109373496787,0.39405736446873446,0.22750912545217833,3
V106I,81.763527,SER105-DOR,5.063151862339072,0.23303522188678813,0.1345429480870013,3
V106I,81.89415,SER105-DOR,5.167385435564198,0.17622078301195712,0.10174111650876008,3
V106I,81.963928,SER105-DOR,5.223066366736372,0.20967625998211317,0.121056645143347,3
V106I,82.122905,SER105-DOR,5.349925654691876,0.3731709920487047,0.21545037271307935,3
V106I,82.164329,SER105-DOR,5.337255959822827,0.35372016192918304,0.20422043070761187,3
V106I,82.172702,SER105-DOR,5.3346950382965455,0.35030320867844683,0.20224765182849094,3
V106I,82.364729,SER105-DOR,5.2759626749946404,0.3305745337163947,0.19085729602839552,3
V106I,82.451253,SER105-DOR,5.249498901658942,0.3596765316077443,0.20765934234492214,3
V106I,82.56513,SER105-DOR,5.21466908431174,0.4249199172160557,0.24532762858872328,3
V106I,82.681564,SER105-DOR,5.17905719645902,0.5118405018689965,0.2955112515362183,3
V106I,82.729805,SER105-DOR,5.132468979064079,0.4483859137578434,0.2588757280089272,3
V106I,82.765531,SER105-DOR,5.097966865723564,0.4015605811078701,0.23184110959857135,3
V106I,82.965932,SER105-DOR,4.904431121012343,0.14833243864764747,0.08563977338277293,3
V106I,83.008357,SER105-DOR,4.8634594992670666,0.1039752907012866,0.06003016207545741,3
V106I,83.166333,SER105-DOR,4.710895376301122,0.15917098139796057,0.09189740895728946,3
V106I,83.240223,SER105-DOR,4.639536669624443,0.25008336328990444,0.1443856971152733,3
V106I,83.286908,SER105-DOR,4.64255928466034,0.20925873842264003,0.12081558895859272,3
V106I,83.366733,SER105-DOR,4.647728362263362,0.1395676915455443,0.08057944428399466,3
V106I,83.56546,SER105-DOR,4.660596953366598,0.038302740172332386,0.022114097349196397,3
V106I,83.567134,SER105-DOR,4.660705353440603,0.039660909986066056,0.022898237056760754,3
V106I,83.767535,SER105-DOR,4.673682344617844,0.21294802625148826,0.12294560027969625,3
V106I,83.798883,SER105-DOR,4.675712412053592,0.24035971653803864,0.13877174704557876,3
V106I,83.844011,SER105-DOR,4.696190033296455,0.2006450587324437,0.11584247867074465,3
V106I,83.967936,SER105-DOR,4.752423174860944,0.15082859946237043,0.08708093250109382,3
V106I,84.122563,SER105-DOR,4.822587887232881,0.25255967205501867,0.14581539464740864,3
V106I,84.168337,SER105-DOR,4.843358642302259,0.29887664370365175,0.1725565106967952,3
V106I,84.357542,SER105-DOR,4.929213659304214,0.5097146828533491,0.2942839093552858,3
V106I,84.368737,SER105-DOR,4.926596754155843,0.49615317267712195,0.28645416780442323,3
V106I,84.401114,SER105-DOR,4.919028416684753,0.4581592998981992,0.26451839512795583,3
V106I,84.569138,SER105-DOR,4.879751697555691,0.31299248378373,0.18070629476686612,3
V106I,84.679666,SER105-DOR,4.853915047958625,0.3066196349438365,0.17702692877364878,3
V106I,84.769539,SER105-DOR,4.83290664095554,0.36273017776286204,0.20942236577458923,3
V106I,84.916201,SER105-DOR,4.79862343033737,0.52094867541545,0.30076985798508904,3
V106I,84.958217,SER105-DOR,4.841467416253424,0.43093095093362793,0.24879810052367152,3
V106I,84.96994,SER105-DOR,4.853421475916792,0.4060846944247106,0.2344531076398936,3
V106I,85.170341,SER105-DOR,5.057772368231105,0.13895706355536727,0.08022689804949124,3
V106I,85.236769,SER105-DOR,5.1255096603337185,0.24202244595558256,0.13973172432238726,3
V106I,85.370741,SER105-DOR,5.262122240835478,0.5199460148859902,0.3001909716584997,3
V106I,85.47486,SER105-DOR,5.368293420404824,0.746551089854629,0.4310214726913786,3
V106I,85.51532,SER105-DOR,5.3290995902274405,0.7273964809173388,0.41996255406521205,3
V106I,85.571142,SER105-DOR,5.27502358443704,0.7020558435012291,0.40533213023158443,3
V106I,85.771543,SER105-DOR,5.080890704275031,0.6236445602504518,0.36006135473924417,3
V106I,85.793872,SER105-DOR,5.059260108214446,0.6163419668105329,0.35584520045092455,3
V106I,85.971944,SER105-DOR,4.8867578241130225,0.5707862131466602,0.3295435738099514,3
V106I,86.03352,SER105-DOR,4.827108559355417,0.5608871028291897,0.323828319803422,3
V106I,86.072423,SER105-DOR,4.856279445951258,0.5338956759271068,0.30824481221569233,3
V106I,86.172345,SER105-DOR,4.931204601605821,0.4681790255314205,0.2703032864195023,3
V106I,86.350975,SER105-DOR,5.065147882910974,0.3708085659179672,0.21408642535055744,3
V106I,86.372745,SER105-DOR,5.081471821969429,0.3615276401506827,0.20872808036048685,3
V106I,86.573146,SER105-DOR,5.231739792169475,0.3168239041635776,0.18291836635454972,3
V106I,86.592179,SER105-DOR,5.246011058799184,0.31705153517783435,0.18304978918190679,3
V106I,86.629526,SER105-DOR,5.213666127585865,0.30744431695383434,0.1775030591541169,3
V106I,86.773547,SER105-DOR,5.088934573825894,0.3267273761292862,0.1886361385598635,3
V106I,86.908078,SER105-DOR,4.972421977337294,0.4109867042390405,0.23728328432576715,3
V106I,86.973948,SER105-DOR,4.915374272862473,0.46606558153665234,0.2690830889602057,3
V106I,87.150838,SER105-DOR,4.762176049445205,0.636460729315779,0.36746077339909056,3
V106I,87.174349,SER105-DOR,4.788711469881449,0.6079518073956898,0.35100113965422103,3
V106I,87.18663,SER105-DOR,4.802572279646112,0.5932589579311144,0.3425182190606858,3
V106I,87.374749,SER105-DOR,5.014890630930325,0.39656930130013673,0.22895939285797576,3
V106I,87.465181,SER105-DOR,5.1169556703114365,0.33798154520820295,0.19513373610708165,3
V106I,87.57515,SER105-DOR,5.241070920617743,0.32577149907562325,0.188084262685619,3
V106I,87.709497,SER105-DOR,5.392700120964231,0.4026164216975797,0.23245069944726154,3
V106I,87.743733,SER105-DOR,5.395091662322216,0.39180666233516737,0.2262096819694977,3
V106I,87.775551,SER105-DOR,5.397314091909931,0.38407558947793274,0.2217461449742487,3
V106I,87.975952,SER105-DOR,5.411311738267595,0.3919666696719075,0.22630206224843694,3
V106I,88.022284,SER105-DOR,5.414547944429455,0.40723274270574183,0.23511593362398966,3
V106I,88.176353,SER105-DOR,5.425309384625256,0.4853228256420469,0.2802012640283056,3
V106I,88.268156,SER105-DOR,5.431721657660682,0.5462270214052055,0.3153643178469429,3
V106I,88.300836,SER105-DOR,5.42146600838917,0.5261214481336182,0.3037563597063802,3
V106I,88.376754,SER105-DOR,5.3976410160858075,0.4859678787565785,0.280573685617622,3
V106I,88.577154,SER105-DOR,5.334750417576977,0.4385767465759558,0.25321240269593837,3
V106I,88.579387,SER105-DOR,5.334049645588602,0.43861131649160173,0.2532323616460424,3
V106I,88.777555,SER105-DOR,5.271859505242799,0.49049208399823174,0.2831857367317596,3
V106I,88.826816,SER105-DOR,5.256400259524434,0.5162679037758392,0.2980674132189446,3
V106I,88.857939,SER105-DOR,5.255724887976725,0.49528353931657876,0.28595208474961736,3
V106I,88.977956,SER105-DOR,5.253120509637826,0.41624941810054494,0.2403217135903747,3
V106I,89.13649,SER105-DOR,5.249680309369707,0.3193584713756895,0.18438169941674173,3
V106I,89.178357,SER105-DOR,5.2487717921770205,0.2961520940189383,0.1709834912029054,3
V106I,89.378758,SER105-DOR,5.244423074716216,0.21354041289181172,0.12328761486595134,3
V106I,89.385475,SER105-DOR,5.2442772470918095,0.21199242553014994,0.12239388394599376,3
V106I,89.415042,SER105-DOR,5.229198537600525,0.20689159483346806,0.11944891797017378,3
V106I,89.579158,SER105-DOR,5.145501933722164,0.19979043439221175,0.11534906107785572,3
V106I,89.693593,SER105-DOR,5.087141866057707,0.216563398112582,0.1250329361969193,3
V106I,89.779559,SER105-DOR,5.043300544985985,0.2387644387047216,0.13785071295908094,3
V106I,89.944134,SER105-DOR,4.959369858256593,0.2966463151744448,0.17126882992007628,3
V106I,89.972145,SER105-DOR,4.962644631685575,0.2860195796805677,0.1651334813220794,3
V106I,89.97996,SER105-DOR,4.9635582990849825,0.2830947705612031,0.16344484198968595,3
V106I,90.180361,SER105-DOR,4.986987583858936,0.21643133113126042,0.12495668728970225,3
V106I,90.250696,SER105-DOR,4.995210590453595,0.19858913286062504,0.11465548931521623,3
V106I,90.380762,SER105-DOR,5.01041686863289,0.17778150888029917,0.10264220200897857,3
V106I,90.502793,SER105-DOR,5.024683758769417,0.1765709238673856,0.101943270425896,3
V106I,90.529248,SER105-DOR,5.037772579161581,0.16509887468934614,0.09531987974479829,3
V106I,90.581162,SER105-DOR,5.063457660614719,0.1501492035960462,0.0866886831147852,3
V106I,90.781563,SER105-DOR,5.162608487141075,0.20341089021191872,0.11743933221995269,3
V106I,90.807799,SER105-DOR,5.17558906650318,0.21953389009869234,0.12674795054472576,3
V106I,90.981964,SER105-DOR,5.26175931366743,0.34499242346388526,0.19918146855525554,3
V106I,91.061453,SER105-DOR,5.3010869480915295,0.40756298107544525,0.23530659683563468,3
V106I,91.086351,SER105-DOR,5.2871317970888425,0.4218829301310269,0.2435742232776565,3
V106I,91.182365,SER105-DOR,5.233316636498738,0.4778560862137425,0.27589034000940527,3
V106I,91.364903,SER105-DOR,5.131005392473959,0.5865601223582096,0.3386506445394122,3
V106I,91.382766,SER105-DOR,5.120993308677625,0.5973115250822829,0.34485796979632194,3
V106I,91.583166,SER105-DOR,5.008670541349361,0.7188516975040036,0.4150292210613559,3
V106I,91.620112,SER105-DOR,4.987962673943478,0.7414048001122518,0.4280502609232893,3
V106I,91.643454,SER105-DOR,4.983711786385521,0.7013979171748946,0.40495227628996827,3
V106I,91.783567,SER105-DOR,4.958195352129323,0.4977021802872469,0.2873484877651057,3
V106I,91.922006,SER105-DOR,4.93298377545911,0.42250506362294515,0.24393341221668735,3
V106I,91.983968,SER105-DOR,4.921699674059648,0.45051988596415343,0.2601077774366835,3
V106I,92.178771,SER105-DOR,4.886223518158885,0.7093203615062369,0.4095263016573086,3
V106I,92.184369,SER105-DOR,4.891013337899863,0.7064478873482462,0.40786787792895235,3
V106I,92.200557,SER105-DOR,4.904864285017915,0.6982692849694343,0.40314595964395045,3
V106I,92.38477,SER105-DOR,5.062482552960707,0.6206886876037532,0.35835478087098244,3
V106I,92.479109,SER105-DOR,5.1432018821038925,0.5942011560138263,0.3430621973773694,3
V106I,92.58517,SER105-DOR,5.233950912391019,0.5772819306561657,0.33329387806264416,3
V106I,92.73743,SER105-DOR,5.364229217814465,0.5788519259461646,0.3342003152659515,3
V106I,92.75766,SER105-DOR,5.358806321522903,0.5444191141987528,0.3143205221346275,3
V106I,92.785571,SER105-DOR,5.351324180402265,0.49693089379289573,0.2869031852999697,3
V106I,92.985972,SER105-DOR,5.297602401794661,0.15829687738113915,0.09139274476787787,3
V106I,93.036212,SER105-DOR,5.284134494163231,0.0780149358333428,0.04504194420419185,3
V106I,93.186373,SER105-DOR,5.243880623187057,0.1922930106753096,0.11102042147667358,3
V106I,93.296089,SER105-DOR,5.214468900382723,0.37754770703620605,0.21797727028927955,3
V106I,93.314763,SER105-DOR,5.215315516533958,0.3664227471693596,0.21155427171543195,3
V106I,93.386774,SER105-DOR,5.218580718181238,0.32857903477950123,0.18970519418001244,3
V106I,93.587174,SER105-DOR,5.227667474511729,0.2858870360180719,0.16505695720285807,3
V106I,93.593315,SER105-DOR,5.227945926460958,0.2863889554602932,0.16534674052793602,3
V106I,93.787575,SER105-DOR,5.236754276185315,0.35297886946896107,0.20379244530615445,3
V106I,93.854749,SER105-DOR,5.2398003391200225,0.39296742763784265,0.22687985012946324,3
V106I,93.871866,SER105-DOR,5.248596247326447,0.38934686741066915,0.22478951870768737,3
V106I,93.987976,SER105-DOR,5.308261661934629,0.36677074699068346,0.21175518950595124,3
V106I,94.150418,SER105-DOR,5.391735688976066,0.34191722146925724,0.19740599985584456,3
V106I,94.188377,SER105-DOR,5.411241670141442,0.3374097824487715,0.1948036287240113,3
V106I,94.388778,SER105-DOR,5.514221678348257,0.3229505824819737,0.186455605730914,3
V106I,94.413408,SER105-DOR,5.526878044948263,0.32232178652631976,0.18609257021665182,3
V106I,94.428969,SER105-DOR,5.513556813255417,0.3166577302045905,0.1828224257745962,3
V106I,94.589178,SER105-DOR,5.376407452142352,0.3939462076146459,0.22744494901254803,3
V106I,94.707521,SER105-DOR,5.275098119694101,0.5510670484174365,0.3181587087453395,3
V106I,94.789579,SER105-DOR,5.204851115629311,0.6785739612943185,0.3917748592183455,3
V106I,94.972067,SER105-DOR,5.048629476328157,0.9834517681202121,0.5677961430592179,3
V106I,94.986072,SER105-DOR,5.050768471003533,0.9752883148823789,0.563082971134838,3
V106I,94.98998,SER105-DOR,5.051365353928409,0.9730132725794065,0.5617694748487991,3
V106I,95.190381,SER105-DOR,5.08197332092631,0.8583215554764675,0.49555218110559685,3
V106I,95.264624,SER105-DOR,5.093312721896491,0.8170044614271448,0.4716977457340873,3
V106I,95.390782,SER105-DOR,5.112581287924212,0.7486855667321067,0.43225381349116937,3
V106I,95.530726,SER105-DOR,5.133955439418238,0.6764395202152576,0.39054253908678027,3
V106I,95.543175,SER105-DOR,5.136504758382324,0.659076324819572,0.38051789355108917,3
V106I,95.591182,SER105-DOR,5.146335732567459,0.5925267865735593,0.3420954997303084,3
V106I,95.791583,SER105-DOR,5.187374269815682,0.3294512788469258,0.1902087845271391,3
V106I,95.821727,SER105-DOR,5.193547221381842,0.29450567814981,0.1700329325576661,3
V106I,95.991984,SER105-DOR,5.228412807063904,0.188810022496376,0.10900951731398198,3
V106I,96.089385,SER105-DOR,5.248358788204286,0.24797643172909586,0.14316925961147636,3
V106I,96.100279,SER105-DOR,5.244267005672616,0.23718880154781055,0.13694101842239315,3
V106I,96.192385,SER105-DOR,5.209669694546563,0.27524797228774406,0.15891449089422768,3
V106I,96.37883,SER105-DOR,5.139636301793689,0.6813723577766396,0.3933905141807129,3
V106I,96.392786,SER105-DOR,5.134394080070073,0.7156432625992979,0.4131768303054467,3
V106I,96.593186,SER105-DOR,5.059118841218524,1.2199693746677192,0.7043496468675071,3
V106I,96.648045,SER105-DOR,5.038512570382928,1.3600211811672827,0.7852085950505234,3
V106I,96.657382,SER105-DOR,5.039198483057588,1.3380167189002503,0.7725043128372794,3
V106I,96.793587,SER105-DOR,5.049204345310126,1.0343513976409435,0.5971830578646644,3
V106I,96.935933,SER105-DOR,5.059661336376531,0.7799464676528108,0.45030230305284813,3
V106I,96.993988,SER105-DOR,5.063926160230802,0.7110192937322295,0.4105071806353203,3
V106I,97.194389,SER105-DOR,5.078647975151479,0.7289359383027842,0.420851360201105,3
V106I,97.206704,SER105-DOR,5.079552633392969,0.7430877689685266,0.4290219234454973,3
V106I,97.214485,SER105-DOR,5.078067675460775,0.7393585112321632,0.4268688354875304,3
V106I,97.39479,SER105-DOR,5.04365753023982,0.6539803033042499,0.3775757041574218,3
V106I,97.493036,SER105-DOR,5.0249078609162945,0.6084824261644348,0.35130749254319305,3
V106I,97.59519,SER105-DOR,5.005412372854947,0.562181467866432,0.32457562180610344,3
V106I,97.765363,SER105-DOR,4.972935860042294,0.48811185096737436,0.2818115085506601,3
V106I,97.771588,SER105-DOR,4.974215302945557,0.4867316719252318,0.2810146618091492,3
V106I,97.795591,SER105-DOR,4.979148907850344,0.48161977062193867,0.27806330421562214,3
V106I,97.995992,SER105-DOR,5.020339565539959,0.45317184254860793,0.2616388852845975,3
V106I,98.050139,SER105-DOR,5.031469003725994,0.4502174992158699,0.25993319436616263,3
V106I,98.196393,SER105-DOR,5.061530223229575,0.45286946759197616,0.26146430902198997,3
V106I,98.324022,SER105-DOR,5.087763238285727,0.46758379497203056,0.26995962989580863,3
V106I,98.328691,SER105-DOR,5.090337992114947,0.46270939856173976,0.2671453958161903,3
V106I,98.396794,SER105-DOR,5.1278956319442885,0.3964834823187931,0.22890984524599545,3
V106I,98.597194,SER105-DOR,5.238412804782501,0.30027791714712976,0.1733655362965955,3
V106I,98.607242,SER105-DOR,5.243954104945566,0.3012500510321323,0.1739267980567901,3
V106I,98.797595,SER105-DOR,5.348930529103611,0.4159455217015925,0.24014625892263378,3
V106I,98.882682,SER105-DOR,5.395853916184618,0.5034991856492629,0.2906953903713593,3
V106I,98.885794,SER105-DOR,5.393011659711786,0.5048725463546839,0.2914883005443286,3
V106I,98.997996,SER105-DOR,5.290535162036861,0.5688477620683412,0.328424408558073,3
V106I,99.164345,SER105-DOR,5.138605045713386,0.7018671974377411,0.40522321537604805,3
V106I,99.198397,SER105-DOR,5.107504622380227,0.7328801389667725,0.4231285455161965,3
V106I,99.398798,SER105-DOR,4.924474082723594,0.9311850192161079,0.5376199215097668,3
V106I,99.441341,SER105-DOR,4.885619122615247,0.9757792827042828,0.5633664315389777,3
V106I,99.442897,SER105-DOR,4.887597310716084,0.9741826717574301,0.5624446277790212,3
V106I,99.599198,SER105-DOR,5.086307322507496,0.8274159005678082,0.4777087929246007,3
V106I,99.721448,SER105-DOR,5.241727306650265,0.7379002097399406,0.4260268847284361,3
V106I,99.799599,SER105-DOR,5.341082948210535,0.696845605198923,0.4023239977452059,3
V106I,100.0,SER105-DOR,5.595858573913574,0.6662388162408263,0.3846531599012187,3
WT,0.0,SER105-DOR,5.274940808614095,0.43244393153545063,0.24967162028141254,3
WT,0.200401,SER105-DOR,5.119109337832441,0.2784570335170575,0.16076724325881778,3
WT,0.278552,SER105-DOR,5.040302989508133,0.20399309194357668,0.11777546654644808,3
WT,0.400802,SER105-DOR,4.9170282716115095,0.08823188797511494,0.05094070427354152,3
WT,0.557103,SER105-DOR,4.928794787833975,0.28464732391876924,0.16434120908860803,3
WT,0.558659,SER105-DOR,4.928911925275464,0.287059031074718,0.16573360886430158,3
WT,0.601202,SER105-DOR,4.984958560362549,0.29913392098109304,0.17270504980218232,3
WT,0.801603,SER105-DOR,5.016764618559821,0.05116971230417932,0.02954284717317364,3
WT,0.835655,SER105-DOR,5.043477408465528,0.06756665890966053,0.039009628709736135,3
WT,1.002004,SER105-DOR,5.17397392481205,0.16390554346344546,0.09463090964029215,3
WT,1.114206,SER105-DOR,5.232109177433345,0.28371102292175365,0.16380063545593856,3
WT,1.117318,SER105-DOR,5.23372159877622,0.28703949988359934,0.16572233252585164,3
WT,1.202405,SER105-DOR,5.166266310764519,0.28187323243788537,0.1627395866253631,3
WT,1.392758,SER105-DOR,4.888247468654677,0.5129001737312273,0.29612305337112993,3
WT,1.402806,SER105-DOR,4.873572769319038,0.525410203766541,0.3033457225795886,3
WT,1.603206,SER105-DOR,5.014914047234993,0.3115443675910466,0.17987022449320247,3
WT,1.671309,SER105-DOR,4.990746753595624,0.3683025132633993,0.21263955517583932,3
WT,1.675978,SER105-DOR,4.98909011633421,0.37240714529893687,0.2150093655864813,3
WT,1.803607,SER105-DOR,5.036698389431658,0.36593241261560083,0.21127117692882635,3
WT,1.949861,SER105-DOR,5.106785477804297,0.3737588864885467,0.21578979372617724,3
WT,2.004008,SER105-DOR,5.1327335326069,0.3789672845064685,0.21879686372387108,3
WT,2.204409,SER105-DOR,5.13971103391409,0.32218757760140915,0.186015084657727,3
WT,2.228412,SER105-DOR,5.143294359466979,0.31786022042228484,0.18351668382547995,3
WT,2.234637,SER105-DOR,5.144223614974421,0.3167425433392051,0.18287139266069677,3
WT,2.40481,SER105-DOR,5.0989130301474725,0.2902148717849721,0.16755563434788637,3
WT,2.506964,SER105-DOR,4.975898781729985,0.2214316261217408,0.12784360894848362,3
WT,2.60521,SER105-DOR,4.857590562276761,0.24059531059017875,0.13890776733500132,3
WT,2.785515,SER105-DOR,4.893234203328395,0.15267970980680087,0.08814967155675044,3
WT,2.793296,SER105-DOR,4.894772417807286,0.15271815019912535,0.08817186512760673,3
WT,2.805611,SER105-DOR,4.903890152319716,0.13866976481251672,0.08006102604296862,3
WT,3.006012,SER105-DOR,4.838555836283728,0.2631035535669005,0.15190290747659715,3
WT,3.064067,SER105-DOR,4.9725769621061,0.22986169670256873,0.13271071246761218,3
WT,3.206413,SER105-DOR,5.301185251812519,0.6031721264139489,0.3482415895527724,3
WT,3.342618,SER105-DOR,5.266609750372677,0.6668119839006053,0.3849840784038829,3
WT,3.351955,SER105-DOR,5.2642395623697125,0.6743672549022715,0.3893461161504954,3
WT,3.406814,SER105-DOR,5.238377288563989,0.566153070147324,0.3268686274520906,3
WT,3.607214,SER105-DOR,5.238202170579218,0.24194594316114784,0.13968755541342662,3
WT,3.62117,SER105-DOR,5.227908494316228,0.21025042912667222,0.12138814185351854,3
WT,3.807615,SER105-DOR,5.090386039562162,0.21348265256627547,0.1232542669264545,3
WT,3.899721,SER105-DOR,5.17995389257598,0.31612475757677966,0.18251471388445895,3
WT,3.910615,SER105-DOR,5.1905476942252715,0.33485008228361357,0.19332578514461266,3
WT,4.008016,SER105-DOR,5.276826381311161,0.3351807265040489,0.19351668267428698,3
WT,4.178273,SER105-DOR,5.2880375453467146,0.2893729064395608,0.16706952542906484,3
WT,4.208417,SER105-DOR,5.290022467704547,0.28246364909782357,0.16308046384291244,3
WT,4.408818,SER105-DOR,5.291823259031477,0.23252667092317036,0.13424933605125994,3
WT,4.456825,SER105-DOR,5.275086143951774,0.19819327082040827,0.11442693825973513,3
WT,4.469274,SER105-DOR,5.270745967264614,0.18929003973570138,0.10928665539632215,3
WT,4.609218,SER105-DOR,5.238782964315624,0.09237786096939836,0.05333438289784397,3
WT,4.735376,SER105-DOR,5.316001775818481,0.2776966896438946,0.1603282585189705,3
WT,4.809619,SER105-DOR,5.361444660798225,0.38711574109543095,0.22350137732898856,3
WT,5.01002,SER105-DOR,5.458422690803974,0.6598286790373654,0.3809522654612581,3
WT,5.013928,SER105-DOR,5.452605631590932,0.658764226030024,0.38033770323092986,3
WT,5.027933,SER105-DOR,5.431758899559937,0.6568185482290044,0.37921436562875493,3
WT,5.210421,SER105-DOR,5.151377650433209,0.5538961055659678,0.3197920656515969,3
WT,5.292479,SER105-DOR,5.172298063671604,0.5027929538849067,0.290287647272098,3
WT,5.410822,SER105-DOR,5.20246940121693,0.4290938942509711,0.247737475353423,3
WT,5.571031,SER105-DOR,5.326247387075413,0.2939428613042069,0.16970799010035267,3
WT,5.586592,SER105-DOR,5.338269865450184,0.28548013722693055,0.16482203407625967,3
WT,5.611222,SER105-DOR,5.34691328701636,0.30236045745217366,0.17456789150231086,3
WT,5.811623,SER105-DOR,5.204599023278999,0.4027961404510587,0.23255446011796108,3
WT,5.849582,SER105-DOR,5.183394999178304,0.42265157305817314,0.24401799947855504,3
WT,6.012024,SER105-DOR,5.092654515633405,0.5076476882936726,0.2930905294898431,3
WT,6.128134,SER105-DOR,5.180730836473033,0.6170017857725719,0.3562261471062742,3
WT,6.145251,SER105-DOR,5.193715105426457,0.6409927219031869,0.3700773205393959,3
WT,6.212425,SER105-DOR,5.2863708979380535,0.669882429269787,0.386756800864312,3
WT,6.406685,SER105-DOR,5.2296089803977885,0.46974315631629926,0.27120633774919983,3
WT,6.412826,SER105-DOR,5.2278147662144825,0.46425832781460274,0.26803967053728645,3
WT,6.613226,SER105-DOR,5.260640746715658,0.34166834098442694,0.19726230864093175,3
WT,6.685237,SER105-DOR,5.271624889945784,0.29936124766321853,0.17283629692330146,3
WT,6.703911,SER105-DOR,5.274473151469693,0.2886969294723566,0.16667924994508349,3
WT,6.813627,SER105-DOR,5.24522178430285,0.25637234807396847,0.14801664417328214,3
WT,6.963788,SER105-DOR,5.04321527307478,0.3361748969330742,0.1940906672391051,3
WT,7.014028,SER105-DOR,4.975629009554985,0.4088401132140888,0.23604394941967127,3
WT,7.214429,SER105-DOR,5.304460069539624,0.32286938550465405,0.18640872663420108,3
WT,7.24234,SER105-DOR,5.265439167773056,0.26900800206145503,0.15531184240434448,3
WT,7.26257,SER105-DOR,5.237156698191643,0.23090473527687963,0.13331291106926574,3
WT,7.41483,SER105-DOR,5.051444839009237,0.23020333611898536,0.1329079580766461,3
WT,7.520891,SER105-DOR,5.086210456661619,0.24181564962253144,0.13961233040383275,3
WT,7.61523,SER105-DOR,5.1171337329244135,0.266709790100016,0.15398496910975282,3
WT,7.799443,SER105-DOR,5.271944252175864,0.4031241185708907,0.23274381837373437,3
WT,7.815631,SER105-DOR,5.285548484832438,0.42112032175223324,0.2431339311248737,3
WT,7.821229,SER105-DOR,5.274007522631994,0.41155371495123144,0.237610648113084,3
WT,8.016032,SER105-DOR,4.88946003280813,0.5073710285940232,0.2929307999377766,3
WT,8.077994,SER105-DOR,4.982420455733267,0.35651470646197375,0.20583386174588097,3
WT,8.216433,SER105-DOR,5.190118078479685,0.17840597142564973,0.10300273562763557,3
WT,8.356546,SER105-DOR,5.084833842383922,0.44324632424950966,0.25590838462276655,3
WT,8.379888,SER105-DOR,5.067294109176102,0.4900793873985016,0.2829474662388118,3
WT,8.416834,SER105-DOR,5.040830898318062,0.5132514885175476,0.2963258850575823,3
WT,8.617234,SER105-DOR,5.062955889597664,0.47011474074760595,0.2714208721206414,3
WT,8.635097,SER105-DOR,5.085275178753389,0.4379256743445315,0.25283650596786367,3
WT,8.817635,SER105-DOR,5.313356459018539,0.14552199608336974,0.08401716361174519,3
WT,8.913649,SER105-DOR,5.316914322826517,0.1097767869628778,0.06337965750378971,3
WT,8.938547,SER105-DOR,5.3178368500217585,0.1047108412150595,0.060454832362586766,3
WT,9.018036,SER105-DOR,5.248961864428932,0.08744776535294656,0.05048799086655493,3
WT,9.192201,SER105-DOR,5.2226204724718075,0.27330897402651066,0.15779500972614638,3
WT,9.218437,SER105-DOR,5.218652292955962,0.31637744853598065,0.1826606050777754,3
WT,9.418838,SER105-DOR,4.94610073776446,0.24965169192003248,0.14413647153367629,3
WT,9.470752,SER105-DOR,4.912149505768229,0.29069537268385065,0.16783305167119977,3
WT,9.497207,SER105-DOR,4.894848540466037,0.3118611946592144,0.18005314468629574,3
WT,9.619238,SER105-DOR,4.95420933139926,0.2849900835787729,0.1645391014705785,3
WT,9.749304,SER105-DOR,4.9462914218523535,0.14129360311720449,0.08157589979449016,3
WT,9.819639,SER105-DOR,4.942009560884646,0.06810302896265868,0.039319302104219876,3
WT,10.02004,SER105-DOR,5.097594153067462,0.11899375683327834,0.06870107753957813,3
WT,10.027855,SER105-DOR,5.102453592576616,0.11957870580886043,0.06903879798809263,3
WT,10.055866,SER105-DOR,5.1198710527447835,0.1218718415877616,0.07036274054732959,3
WT,10.220441,SER105-DOR,5.232481769384879,0.17351584307336923,0.10017941870707459,3
WT,10.306407,SER105-DOR,5.318314550462126,0.25061217308992173,0.14469100559566342,3
WT,10.420842,SER105-DOR,5.4325717439718915,0.3535425207772989,0.2041178695407524,3
WT,10.584958,SER105-DOR,5.35281722746143,0.3843621291887169,0.22191157875340342,3
WT,10.614525,SER105-DOR,5.338448721102118,0.42138274352856764,0.24328544040808156,3
WT,10.621242,SER105-DOR,5.3260211912640605,0.41450202203930686,0.239312854004038,3
WT,10.821643,SER105-DOR,5.265134922675738,0.24220610972874732,0.1398377626512643,3
WT,10.86351,SER105-DOR,5.208914993488233,0.22622173311481086,0.13060917851037973,3
WT,11.022044,SER105-DOR,4.996030921122965,0.2939031228880403,0.16968504711508176,3
WT,11.142061,SER105-DOR,4.826172695994216,0.415869168922847,0.24010217662527167,3
WT,11.173184,SER105-DOR,4.782124788285117,0.4525600466659298,0.2612856647670442,3
WT,11.222445,SER105-DOR,4.804682686300771,0.4231470979568751,0.2443040909122108,3
WT,11.420613,SER105-DOR,5.18992943992496,0.5250232882218338,0.3031223367856982,3
WT,11.422846,SER105-DOR,5.194269850397599,0.5263962780511896,0.3039150328332714,3
WT,11.623246,SER105-DOR,5.172497403454314,0.49395433403096095,0.28518466772015766,3
WT,11.699164,SER105-DOR,5.257087009195729,0.5209090028752102,0.3007469530333022,3
WT,11.731844,SER105-DOR,5.2934993692458585,0.5331433600153478,0.3078104624215226,3
WT,11.823647,SER105-DOR,5.240663463233477,0.3777462284429998,0.21809188667693183,3
WT,11.977716,SER105-DOR,5.238100702891286,0.13960014130003423,0.08059817915848456,3
WT,12.024048,SER105-DOR,5.237330072954305,0.18476724146154008,0.10667541659524475,3
WT,12.224449,SER105-DOR,4.944404531330599,0.25497933054019845,0.14721238512517415,3
WT,12.256267,SER105-DOR,4.928337921561951,0.30729283766491994,0.1774156025458855,3
WT,12.290503,SER105-DOR,4.91105043550064,0.36482660030162856,0.21063273589168127,3
WT,12.42485,SER105-DOR,4.908997522891442,0.33963957149210383,0.19609099802841531,3
WT,12.534819,SER105-DOR,4.839170943000709,0.2611492793467608,0.15077460672952914,3
WT,12.625251,SER105-DOR,4.781749889381081,0.1966898984280945,0.11355896580434052,3
WT,12.81337,SER105-DOR,4.735756944698937,0.16404081238188575,0.09470900718676664,3
WT,12.825651,SER105-DOR,4.732754380611092,0.1642588469399647,0.09483488949756616,3
WT,12.849162,SER105-DOR,4.745407413706489,0.1966678239081732,0.11354622107432172,3
WT,13.026052,SER105-DOR,4.943358916602872,0.39196797695021773,0.22630281700592125,3
WT,13.091922,SER105-DOR,4.996468354889587,0.4301729140672629,0.24836044773482,3
WT,13.226453,SER105-DOR,5.104937367902317,0.5088658784727145,0.2937938519176371,3
WT,13.370474,SER105-DOR,5.045333547856637,0.3215596771753074,0.1856525661776929,3
WT,13.407821,SER105-DOR,5.029877302814275,0.28421883416601673,0.16409382041451137,3
WT,13.426854,SER105-DOR,5.009033443854588,0.26732332417906174,0.1543391931754469,3
WT,13.627255,SER105-DOR,4.643546207748966,0.3093651728995897,0.17861206585147324,3
WT,13.649025,SER105-DOR,4.675131350528794,0.24237475583637447,0.13993513052690063,3
WT,13.827655,SER105-DOR,4.934297820660194,0.41775942791603987,0.2411935181638297,3
WT,13.927577,SER105-DOR,4.816215327767119,0.299563953649971,0.17295332927931936,3
WT,13.96648,SER105-DOR,4.770241517857869,0.25356678575335384,0.146396852012247,3
WT,14.028056,SER105-DOR,4.744117265226721,0.14548503239112626,0.08399582261407817,3
WT,14.206128,SER105-DOR,4.67589385073349,0.17642555983041286,0.10185934446001929,3
WT,14.228457,SER105-DOR,4.6673392180143205,0.2141051294606484,0.12361365412898505,3
WT,14.428858,SER105-DOR,4.85125498029452,0.1131376725017741,0.065320065674387,3
WT,14.48468,SER105-DOR,4.861464710325623,0.1530184484034758,0.08834524237672563,3
WT,14.52514,SER105-DOR,4.868864536727873,0.18255262583324508,0.10539680766609709,3
WT,14.629259,SER105-DOR,4.817975153684531,0.20984889658094358,0.12115631693015372,3
WT,14.763231,SER105-DOR,4.777203351316807,0.2132663572805203,0.12312938878499931,3
WT,14.829659,SER105-DOR,4.756987266704475,0.21913219759615732,0.1265160332702557,3
WT,15.03006,SER105-DOR,4.850217497622871,0.2466578495856853,0.14240797585602963,3
WT,15.041783,SER105-DOR,4.845707989996651,0.25009779955236794,0.1443940318952927,3
WT,15.083799,SER105-DOR,4.829545337945104,0.2625514473772685,0.15158414881939183,3
WT,15.230461,SER105-DOR,4.8793536947255065,0.21196657733377886,0.12237896048286086,3
WT,15.320334,SER105-DOR,4.86958231713411,0.21437534069105854,0.12376966065560038,3
WT,15.430862,SER105-DOR,4.857565644498202,0.3013285771647715,0.17397213514060778,3
WT,15.598886,SER105-DOR,5.08538857553931,0.16600882111870338,0.09584523756073583,3
WT,15.631263,SER105-DOR,5.129287974146474,0.15470302995311447,0.08931783598788139,3
WT,15.642458,SER105-DOR,5.134579129703716,0.15360257562968024,0.08868248838801575,3
WT,15.831663,SER105-DOR,5.068489729350193,0.06615330288056104,0.038193627225874764,3
WT,15.877437,SER105-DOR,5.0679743001219455,0.13021961673280702,0.07518233077445603,3
WT,16.032064,SER105-DOR,5.06623352586324,0.346688941254524,0.2001609535583658,3
WT,16.155989,SER105-DOR,5.018715080982915,0.4720120388502534,0.2725162776909379,3
WT,16.201117,SER105-DOR,5.001410949171201,0.518989382633875,0.2996386597702254,3
WT,16.232465,SER105-DOR,5.016932620009662,0.48559974774271236,0.28036114507766935,3
WT,16.432866,SER105-DOR,5.033354157215494,0.22399784487739183,0.1293252160378582,3
WT,16.43454,SER105-DOR,5.0335965171954475,0.22232375380502242,0.12835867910657778,3
WT,16.633267,SER105-DOR,5.062368289069525,0.21171769648522165,0.12223526905795021,3
WT,16.713092,SER105-DOR,5.122370979542922,0.21706517377735618,0.1253226365120495,3
WT,16.759777,SER105-DOR,5.1574626254196225,0.2318281409392144,0.13384603957698593,3
WT,16.833667,SER105-DOR,5.143188883949095,0.16256424817101095,0.09385651244214231,3
WT,16.991643,SER105-DOR,5.032971189318054,0.19239818947648882,0.11108114648584745,3
WT,17.034068,SER105-DOR,5.0033718017024915,0.21006144616881708,0.12127903249192863,3
WT,17.234469,SER105-DOR,5.093415636432863,0.3150593241960137,0.1818995856352701,3
WT,17.270195,SER105-DOR,5.060040439232317,0.32457093949875826,0.18739111929073782,3
WT,17.318436,SER105-DOR,5.0149739009010394,0.34151663838740803,0.1971747231057061,3
WT,17.43487,SER105-DOR,4.982301568957442,0.32654344940034136,0.18852994841339604,3
WT,17.548747,SER105-DOR,4.852789117825712,0.43592719888928855,0.2516826856258103,3
WT,17.635271,SER105-DOR,4.754386669612706,0.6068438146704271,0.3503614397560305,3
WT,17.827298,SER105-DOR,5.1229000714374235,0.3933836811537377,0.22712017420891636,3
WT,17.835671,SER105-DOR,5.138968450954258,0.39743464212322605,0.22945899761512714,3
WT,17.877095,SER105-DOR,5.115005222893978,0.4003952296025622,0.2311682935932813,3
WT,18.036072,SER105-DOR,4.951414405186755,0.39047212607564047,0.22543918710081653,3
WT,18.10585,SER105-DOR,4.926923849136273,0.3674177995219403,0.2121287654590522,3
WT,18.236473,SER105-DOR,4.881078148753425,0.3268082889750801,0.1886828536131635,3
WT,18.384401,SER105-DOR,4.666257617685525,0.5313162835811877,0.30675559935043023,3
WT,18.435754,SER105-DOR,4.591682968316037,0.6193641065540904,0.35759003364539615,3
WT,18.436874,SER105-DOR,4.590238454120344,0.6214211447368124,0.35877766519392407,3
WT,18.637275,SER105-DOR,4.838876888024292,0.14442300904085703,0.08338266314691457,3
WT,18.662953,SER105-DOR,4.815026597993248,0.17704043219677412,0.10221434118625523,3
WT,18.837675,SER105-DOR,4.652740969252545,0.436202837386013,0.2518418255860932,3
WT,18.941504,SER105-DOR,4.734739273484293,0.3062061252864447,0.17678818886164113,3
WT,18.994413,SER105-DOR,4.776524132889082,0.25857008030954726,0.14928550547110028,3
WT,19.038076,SER105-DOR,4.830201475217643,0.2261099545447971,0.13054464312289266,3
WT,19.220056,SER105-DOR,4.764589005122567,0.47329199311654824,0.2732552596311336,3
WT,19.238477,SER105-DOR,4.757947438111222,0.5011436603524286,0.28933542720714905,3
WT,19.438878,SER105-DOR,5.149373931068344,0.1977541941527622,0.11417343722747479,3
WT,19.498607,SER105-DOR,5.147966758961499,0.20579297380455627,0.11881462882339418,3
WT,19.553073,SER105-DOR,5.146683498430992,0.22790947426558641,0.1315835963181024,3
WT,19.639279,SER105-DOR,5.12601999842724,0.27258633989006503,0.15737779671294388,3
WT,19.777159,SER105-DOR,5.2008237570780205,0.2404012330928944,0.13879571663970056,3
WT,19.839679,SER105-DOR,5.234742606736032,0.23154558339711126,0.13368290490399112,3
WT,20.04008,SER105-DOR,4.8717581551011415,0.8216108257452777,0.4743572314131468,3
WT,20.05571,SER105-DOR,4.903462045238322,0.775731510189322,0.44786879622667997,3
WT,20.111732,SER105-DOR,5.017099192652155,0.6142301563515509,0.3546259461139538,3
WT,20.240481,SER105-DOR,5.214766972126366,0.21064377914155163,0.12161524259049492,3
WT,20.334262,SER105-DOR,5.154152338948332,0.1937367912462109,0.1118539885779342,3
WT,20.440882,SER105-DOR,5.085239148635805,0.18905305564953612,0.10914983257038098,3
WT,20.612813,SER105-DOR,4.852306821839239,0.42599476817784443,0.24594819408085072,3
WT,20.641283,SER105-DOR,4.813736110914802,0.46854407585300006,0.270514048320934,3
WT,20.670391,SER105-DOR,4.806397064614805,0.45684308839068355,0.26375848005978114,3
WT,20.841683,SER105-DOR,4.742179698484153,0.3948705924193808,0.2279786428283965,3
WT,20.891365,SER105-DOR,4.719196177959934,0.39333215011809103,0.22709042275161415,3
WT,21.042084,SER105-DOR,4.649471567877287,0.4140049461692642,0.2390258671166612,3
WT,21.169916,SER105-DOR,4.843287258503029,0.43159836760348796,0.24918343371767684,3
WT,21.22905,SER105-DOR,4.932944908756336,0.5987620038900107,0.3456954041264174,3
WT,21.242485,SER105-DOR,4.9638825584802975,0.6179869483159858,0.35679493096590975,3
WT,21.442886,SER105-DOR,4.69465658450149,0.25558750774393246,0.14756351639746498,3
WT,21.448468,SER105-DOR,4.697146400956026,0.25145289400757104,0.14517639604378157,3
WT,21.643287,SER105-DOR,4.784043955274455,0.20983809837084522,0.12115008258064666,3
WT,21.727019,SER105-DOR,4.772065429239279,0.3336573051878556,0.19263713496729354,3
WT,21.787709,SER105-DOR,4.7633832438731725,0.4279421181387993,0.24707249710501442,3
WT,21.843687,SER105-DOR,4.711640076234651,0.4305834233459899,0.24859745537739789,3
WT,22.005571,SER105-DOR,4.62676096816407,0.35532129539936086,0.20514484554762755,3
WT,22.044088,SER105-DOR,4.606565749171765,0.3415117057902773,0.19717187526942487,3
WT,22.244489,SER105-DOR,4.45011571848013,0.3918444597160147,0.22623150429750458,3
WT,22.284123,SER105-DOR,4.45161923922569,0.35481114551162735,0.20485031037261753,3
WT,22.346369,SER105-DOR,4.453980798037315,0.30856467050981023,0.17814989558124714,3
WT,22.44489,SER105-DOR,4.543826448048385,0.24056170455535625,0.13888836488175016,3
WT,22.562674,SER105-DOR,4.746458045175526,0.05787446575098194,0.0334138383805352,3
WT,22.645291,SER105-DOR,4.888588451245262,0.166777223852016,0.0962888750856599,3
WT,22.841226,SER105-DOR,4.721610514473134,0.3545241534608484,0.20468461543484504,3
WT,22.845691,SER105-DOR,4.717805392939527,0.3663197958617249,0.21149483275025566,3
WT,22.905028,SER105-DOR,4.781444029373376,0.33555762242209713,0.1937342836340286,3
WT,23.046092,SER105-DOR,4.785518191790178,0.17941034778833104,0.10358261259099731,3
WT,23.119777,SER105-DOR,4.726565179902543,0.18827181034082263,0.10869878038109212,3
WT,23.246493,SER105-DOR,4.62518350845975,0.2082326056861724,0.12022315094696885,3
WT,23.398329,SER105-DOR,4.615408246138564,0.3060770405732926,0.1767136617677545,3
WT,23.446894,SER105-DOR,4.612281677601096,0.36294766355660235,0.2095479312561501,3
WT,23.463687,SER105-DOR,4.616383205810791,0.39069252844601665,0.22556643646868324,3
WT,23.647295,SER105-DOR,4.73036725088374,0.6462794906763312,0.37312963791371406,3
WT,23.67688,SER105-DOR,4.696715554819743,0.6066231253390542,0.35023402471115506,3
WT,23.847695,SER105-DOR,4.502420660002389,0.38078099929643466,0.21984401244609125,3
WT,23.955432,SER105-DOR,4.482821744480209,0.4014290554164584,0.23176517320522946,3
WT,24.022346,SER105-DOR,4.4706493538726875,0.41563429423477083,0.23996657166088506,3
WT,24.048096,SER105-DOR,4.475463904795838,0.41326188423110366,0.23859686010663966,3
WT,24.233983,SER105-DOR,4.485258493740118,0.35651089916208,0.20583166360026242,3
WT,24.248497,SER105-DOR,4.4860232513045775,0.3521866142249213,0.2033350365277412,3
WT,24.448898,SER105-DOR,4.532520741153142,0.35658416110355223,0.20587396140189276,3
WT,24.512535,SER105-DOR,4.507354069231487,0.29038165224190887,0.1676519250895944,3
WT,24.581006,SER105-DOR,4.480275954681214,0.21963706193360344,0.12680751683138447,3
WT,24.649299,SER105-DOR,4.497963675250474,0.11295708639469548,0.06521580423685326,3
WT,24.791086,SER105-DOR,4.812202990267588,0.37303312980317327,0.2153707779085107,3
WT,24.849699,SER105-DOR,4.942105653918687,0.48054616022643015,0.2774434549647705,3
WT,25.0501,SER105-DOR,4.967838058719319,0.19553318181687745,0.11289113515747824,3
WT,25.069638,SER105-DOR,4.986785542115753,0.19770089539212973,0.11414266517367615,3
WT,25.139665,SER105-DOR,5.054696558309786,0.20914564326804597,0.1207502934406438,3
WT,25.250501,SER105-DOR,5.110165850465223,0.2384335751562881,0.1376596888003278,3
WT,25.348189,SER105-DOR,5.176692180139688,0.27570181934925825,0.15917651961736384,3
WT,25.450902,SER105-DOR,5.246640193553277,0.31664091982975956,0.1828127203001624,3
WT,25.626741,SER105-DOR,5.023579908440347,0.4976478215865237,0.28731710375461034,3
WT,25.651303,SER105-DOR,4.992422456965919,0.5598103583209522,0.3232066610717426,3
WT,25.698324,SER105-DOR,5.008374821062845,0.5759725615639235,0.3325379134647696,3
WT,25.851703,SER105-DOR,5.0607198146733845,0.5646730749290007,0.32601415181439225,3
WT,25.905292,SER105-DOR,5.0649666459647955,0.5859061094952608,0.3382730500369352,3
WT,26.052104,SER105-DOR,5.0766009393016445,0.6570667740914532,0.3793576788972595,3
WT,26.183844,SER105-DOR,5.166472286603432,0.5973260503728246,0.34486635597672627,3
WT,26.252505,SER105-DOR,5.213312010341501,0.5683725918426403,0.3281500689003537,3
WT,26.256983,SER105-DOR,5.216297666121203,0.5666635233775799,0.3271633377619875,3
WT,26.452906,SER105-DOR,5.2965180886016805,0.45564529386663344,0.26306693306888695,3
WT,26.462396,SER105-DOR,5.307354672575357,0.4383003059177875,0.25305279960752997,3
WT,26.653307,SER105-DOR,5.525354523055927,0.09400348521704943,0.0542729374948265,3
WT,26.740947,SER105-DOR,5.51793751560595,0.12516920269153603,0.07226647286820916,3
WT,26.815642,SER105-DOR,5.5116160485649175,0.1521772274517007,0.08785956323377031,3
WT,26.853707,SER105-DOR,5.504244193195459,0.16996575757263302,0.09812977588757835,3
WT,27.019499,SER105-DOR,5.475407627279984,0.25781910420734094,0.14885192921633647,3
WT,27.054108,SER105-DOR,5.469388009768587,0.2779073990426269,0.1604499116470494,3
WT,27.254509,SER105-DOR,5.2764630328870945,0.5944597324144328,0.34321148653186573,3
WT,27.29805,SER105-DOR,5.304762574421086,0.5672067535815211,0.3274769718664649,3
WT,27.374302,SER105-DOR,5.354322614850706,0.5330779621980495,0.30777270497410103,3
WT,27.45491,SER105-DOR,5.377354491446336,0.4679524412732861,0.2701724679370743,3
WT,27.576602,SER105-DOR,5.306967236137612,0.47238323556767603,0.27273058821566415,3
WT,27.655311,SER105-DOR,5.261441174897014,0.47540812723136455,0.2744770102319642,3
WT,27.855153,SER105-DOR,4.94221737242639,0.6998119270922253,0.40403660448880707,3
WT,27.855711,SER105-DOR,4.941326033860032,0.7005673053227801,0.40447272231355785,3
WT,27.932961,SER105-DOR,4.970576699342957,0.6080294589078916,0.35104597177569374,3
WT,28.056112,SER105-DOR,5.01914051686864,0.5100507204540086,0.2944779207544844,3
WT,28.133705,SER105-DOR,4.984463151510056,0.5139567591733133,0.2967330732605401,3
WT,28.256513,SER105-DOR,4.929578289814536,0.5222144533255727,0.3015006552022327,3
WT,28.412256,SER105-DOR,4.8472819683167,0.5408368325649626,0.31225229086904577,3
WT,28.456914,SER105-DOR,4.82368416474648,0.5463664727367303,0.3154448301107376,3
WT,28.49162,SER105-DOR,4.800818119104574,0.5524230100718329,0.3189415735715161,3
WT,28.657315,SER105-DOR,4.822900435571664,0.5228878967250713,0.30188946793021715,3
WT,28.690808,SER105-DOR,4.8364109974063,0.5140544208693903,0.2967894582670597,3
WT,28.857715,SER105-DOR,4.903738717948905,0.48000630743430306,0.27713177080991314,3
WT,28.969359,SER105-DOR,4.9250581452808015,0.49979890175674174,0.2885590304699342,3
WT,29.050279,SER105-DOR,4.940510481755474,0.5246065419033465,0.30288172818653586,3
WT,29.058116,SER105-DOR,4.941944620317268,0.527864166318746,0.3047625185196854,3
WT,29.247911,SER105-DOR,5.237188300520003,0.23443460882786468,0.1353508845141323,3
WT,29.258517,SER105-DOR,5.253686932498741,0.22094362145677787,0.12756185932380149,3
WT,29.458918,SER105-DOR,5.146451360490263,0.5206740372744812,0.300611295580471,3
WT,29.526462,SER105-DOR,5.190709379107091,0.5073113566378753,0.29289634831783157,3
WT,29.608939,SER105-DOR,5.244751925272509,0.4924333633673802,0.28430653489810975,3
WT,29.659319,SER105-DOR,5.246670815561532,0.4623299359935949,0.2669263130003245,3
WT,29.805014,SER105-DOR,5.282969665064333,0.33655274288997233,0.19430881670403244,3
WT,29.859719,SER105-DOR,5.296599017904518,0.29875924087684685,0.1724887281431358,3
WT,30.06012,SER105-DOR,5.184869217386308,0.4096441163716049,0.2365081408590925,3
WT,30.083565,SER105-DOR,5.192105819065849,0.39573649943662254,0.22847857447789421,3
WT,30.167598,SER105-DOR,5.218044463018977,0.3602427369742406,0.20798624116568537,3
WT,30.260521,SER105-DOR,5.257774226734327,0.3102560366649097,0.17912640628619203,3
WT,30.362117,SER105-DOR,5.2161618068332425,0.3204376929661726,0.1850047882925224,3
WT,30.460922,SER105-DOR,5.175692386275284,0.33545392425200943,0.193674413467614,3
WT,30.640669,SER105-DOR,4.9592104813920885,0.5762376054603726,0.33269093662973154,3
WT,30.661323,SER105-DOR,4.934335900920502,0.6088146688397754,0.3514993129412372,3
WT,30.726257,SER105-DOR,4.94376595427097,0.575084516775666,0.3320252005672166,3
WT,30.861723,SER105-DOR,4.96982864644702,0.515844848062018,0.29782316188868774,3
WT,30.91922,SER105-DOR,4.988785774932797,0.4797852815290493,0.277004161444017,3
WT,31.062124,SER105-DOR,5.035902289854291,0.39568080508365916,0.22844641932821846,3
WT,31.197772,SER105-DOR,5.058884726818885,0.3516415024923861,0.2030203161222236,3
WT,31.262525,SER105-DOR,5.069855615897258,0.3327052667707377,0.19208747533089168,3
WT,31.284916,SER105-DOR,5.044724514329111,0.3589084444506646,0.20721588701802107,3
WT,31.462926,SER105-DOR,4.908028218351778,0.6586130868837748,0.38025044300415783,3
WT,31.476323,SER105-DOR,4.9110403575269865,0.6623717386994453,0.38242050164172525,3
WT,31.663327,SER105-DOR,4.953086532561983,0.7170871570334503,0.41401046314568596,3
WT,31.754875,SER105-DOR,5.181272261079344,0.405044845569149,0.23385275062321859,3
WT,31.843575,SER105-DOR,5.402359276846926,0.1682381262340011,0.09713232746915879,3
WT,31.863727,SER105-DOR,5.439827280892847,0.1337859315713144,0.07724134360648323,3
WT,32.033426,SER105-DOR,5.229204137733387,0.22698986774297292,0.13105266124472298,3
WT,32.064128,SER105-DOR,5.191097872854011,0.28774390531671606,0.1661290211922802,3
WT,32.264529,SER105-DOR,5.137986898694231,0.5224654216974325,0.301645551859284,3
WT,32.311978,SER105-DOR,5.103285702127153,0.5997092786269137,0.34624231345076495,3
WT,32.402235,SER105-DOR,5.037277643975537,0.746648960955266,0.4310779785976772,3
WT,32.46493,SER105-DOR,5.035066656543528,0.6684803285537557,0.38594729763848035,3
WT,32.590529,SER105-DOR,5.177955897506504,0.4334632011631845,0.25026009587536147,3
WT,32.665331,SER105-DOR,5.263055193129271,0.2994220421471167,0.1728713966349453,3
WT,32.865731,SER105-DOR,5.422394008564678,0.0652192150730057,0.03765433137873594,3
WT,32.869081,SER105-DOR,5.421186930104601,0.06318215921759936,0.03647823663226279,3
WT,32.960894,SER105-DOR,5.388089912740263,0.20131045537796896,0.11622664560315653,3
WT,33.066132,SER105-DOR,5.264051047765595,0.253998458563517,0.14664607842539654,3
WT,33.147632,SER105-DOR,5.195970824221217,0.26919302233242437,0.15541866390759415,3
WT,33.266533,SER105-DOR,5.0966481756133435,0.2922864024955708,0.1687516331612851,3
WT,33.426184,SER105-DOR,4.9618842239166385,0.326600975034725,0.18856316085389274,3
WT,33.466934,SER105-DOR,4.92748668891399,0.33558716060162236,0.19375133750992884,3
WT,33.519553,SER105-DOR,4.958311510784974,0.25063318243007043,0.14470313534385376,3
WT,33.667335,SER105-DOR,5.070783138214214,0.16789654067460918,0.09693511295449257,3
WT,33.704735,SER105-DOR,5.053735146020675,0.15518991431388293,0.08959893880463528,3
WT,33.867735,SER105-DOR,4.979435073091609,0.16586594424395742,0.09576274755864028,3
WT,33.983287,SER105-DOR,4.916800240160163,0.2155991332692144,0.12447621763003094,3
WT,34.068136,SER105-DOR,4.87080790437468,0.26846812838307405,0.15500014619080282,3
WT,34.078212,SER105-DOR,4.873733846382751,0.2810314755177331,0.16225359804092093,3
WT,34.261838,SER105-DOR,5.115087057308901,0.1946642893607264,0.1123894798640226,3
WT,34.268537,SER105-DOR,5.123892058521761,0.19500262922873482,0.11258482047789484,3
WT,34.468938,SER105-DOR,4.992192588173622,0.4524550782059462,0.26122506119841626,3
WT,34.54039,SER105-DOR,5.131590147975497,0.3969775668410114,0.22919510507790058,3
WT,34.636872,SER105-DOR,5.319818562298972,0.3841567894867123,0.22179302582117574,3
WT,34.669339,SER105-DOR,5.328899885410875,0.3360439066585022,0.19401503996881972,3
WT,34.818942,SER105-DOR,5.086028146850711,0.28872120036876453,0.1666932627536581,3
WT,34.869739,SER105-DOR,5.003562182240099,0.27771808631358363,0.16034061189197524,3
WT,35.07014,SER105-DOR,4.659067856962552,0.29634513037374466,0.17109494079431622,3
WT,35.097493,SER105-DOR,4.6819138215602125,0.19890106235874327,0.11483558189492298,3
WT,35.195531,SER105-DOR,4.763800714177845,0.2337653644073953,0.13496449606782063,3
WT,35.270541,SER105-DOR,4.919011783105881,0.44027263987474535,0.2541915271485114,3
WT,35.376045,SER105-DOR,4.803340421234238,0.17522345785216636,0.1011653105592853,3
WT,35.470942,SER105-DOR,4.699298225238981,0.1403057018290756,0.08100553471985616,3
WT,35.654596,SER105-DOR,4.828377682435243,0.1136329522465625,0.06560601556836475,3
WT,35.671343,SER105-DOR,4.840148298225372,0.11396102756522646,0.06579542994190986,3
WT,35.75419,SER105-DOR,4.937091883034799,0.15107487079964899,0.08722311732396527,3
WT,35.871743,SER105-DOR,4.998120538631888,0.30825569620645765,0.17797150918403384,3
WT,35.933148,SER105-DOR,4.924980805914202,0.23513822070786783,0.13575711502245713,3
WT,36.072144,SER105-DOR,4.759420248092854,0.11795002309194358,0.0680984775830562,3
WT,36.211699,SER105-DOR,4.557995278970846,0.23237940270241247,0.1341643107043623,3
WT,36.272545,SER105-DOR,4.470173931832586,0.327473502070689,0.18906691457298178,3
WT,36.312849,SER105-DOR,4.474528352896667,0.3167795849742571,0.1828927786586653,3
WT,36.472946,SER105-DOR,4.648474747436847,0.215409326265027,0.12436663250506928,3
WT,36.490251,SER105-DOR,4.6735844886879745,0.19695794017444795,0.11371371977875173,3
WT,36.673347,SER105-DOR,4.939258434924759,0.03665532096358217,0.0211629594255563,3
WT,36.768802,SER105-DOR,4.97801815966172,0.07056540007596032,0.04074095272932933,3
WT,36.871508,SER105-DOR,5.019722169811362,0.1837892625762463,0.10611078022255863,3
WT,36.873747,SER105-DOR,5.0172363928711095,0.18277160586189894,0.10552323584458755,3
WT,37.047354,SER105-DOR,4.718773406110436,0.27661374656290083,0.15970302103964173,3
WT,37.074148,SER105-DOR,4.672709449354653,0.29288047609796186,0.16909462171554404,3
WT,37.274549,SER105-DOR,4.75888118299202,0.32507813449721906,0.1876839484596308,3
WT,37.325905,SER105-DOR,4.70759664457841,0.3553688776137669,0.2051723171519235,3
WT,37.430168,SER105-DOR,4.603478897395567,0.4178274359961425,0.24123278264718404,3
WT,37.47495,SER105-DOR,4.609553815054733,0.39944282329747915,0.23061842155666373,3
WT,37.604457,SER105-DOR,4.501491937253024,0.13166336719068267,0.07601588048995318,3
WT,37.675351,SER105-DOR,4.442337993294234,0.04181332785525385,0.02414093609294489,3
WT,37.875752,SER105-DOR,4.736056956977335,0.37834175897338945,0.21843571638896292,3
WT,37.883008,SER105-DOR,4.740592070463051,0.3820513326590874,0.2205774397549794,3
WT,37.988827,SER105-DOR,4.806730623430814,0.4365032532882796,0.2520152707881356,3
WT,38.076152,SER105-DOR,4.872171987225141,0.45105304717511646,0.2604155982053545,3
WT,38.16156,SER105-DOR,4.81602503465716,0.2695098779977423,0.15560160061125972,3
WT,38.276553,SER105-DOR,4.740428418485279,0.11399651819705948,0.06581592046775236,3
WT,38.440111,SER105-DOR,4.738427776090563,0.2781344353999517,0.1605809911490667,3
WT,38.476954,SER105-DOR,4.7379772396070825,0.32233715076375324,0.18610144076326993,3
WT,38.547486,SER105-DOR,4.82270687310406,0.3455096567966785,0.19948009335917755,3
WT,38.677355,SER105-DOR,4.86811385952515,0.18709985492393805,0.10802215160567556,3
WT,38.718663,SER105-DOR,4.845787939672763,0.17178589820229312,0.09918063457007559,3
WT,38.877756,SER105-DOR,4.759802200385968,0.33504271358110027,0.19343700087607094,3
WT,38.997214,SER105-DOR,4.687245926996827,0.5252047721325077,0.30322711657037943,3
WT,39.078156,SER105-DOR,4.638083460852544,0.6622283064569147,0.38233769099788967,3
WT,39.106145,SER105-DOR,4.627672260976207,0.714711616858001,0.4126389443859196,3
WT,39.275766,SER105-DOR,4.678736762254764,0.559161338630461,0.32283194937872817,3
WT,39.278557,SER105-DOR,4.679576997221509,0.5567088726389392,0.32141601747834464,3
WT,39.478958,SER105-DOR,4.807901240968708,0.49038190439774326,0.28312212450975843,3
WT,39.554318,SER105-DOR,4.725434564135744,0.2989000000065222,0.17256999546454477,3
WT,39.664804,SER105-DOR,4.604529398841609,0.08195775076128026,0.04731832946420141,3
WT,39.679359,SER105-DOR,4.584901050144919,0.10120971492505232,0.05843345615658425,3
WT,39.832869,SER105-DOR,4.763564199082964,0.2932549648063567,0.1693108328721443,3
WT,39.87976,SER105-DOR,4.818137594359207,0.39315338946210754,0.22698721523876159,3
WT,40.08016,SER105-DOR,4.693613563446809,0.25239945295082944,0.14572289210447567,3
WT,40.111421,SER105-DOR,4.630081140318267,0.19073301697309522,0.110119758692766,3
WT,40.223464,SER105-DOR,4.402372205800325,0.34501530951050396,0.1991946818204315,3
WT,40.280561,SER105-DOR,4.315360335358429,0.5272197878062624,0.304390486412043,3
WT,40.389972,SER105-DOR,4.595553770338507,0.1717919363450405,0.0991841206934162,3
WT,40.480962,SER105-DOR,4.828572639183487,0.16182943064729466,0.09343226534701946,3
WT,40.668524,SER105-DOR,4.8896179068736325,0.08173724841201016,0.04719102237349338,3
WT,40.681363,SER105-DOR,4.8937965954270535,0.08425473898691295,0.04864449623459585,3
WT,40.782123,SER105-DOR,4.932442281174722,0.13371837063380584,0.07720233728102596,3
WT,40.881764,SER105-DOR,4.924648470168882,0.18463193937740677,0.10659729990054846,3
WT,40.947075,SER105-DOR,4.867491999241117,0.2447293133971605,0.1412945349684429,3
WT,41.082164,SER105-DOR,4.7492697931631085,0.42215635453520023,0.24373208493100895,3
WT,41.225627,SER105-DOR,4.679239128463699,0.5556275759911895,0.3207917305676925,3
WT,41.282565,SER105-DOR,4.651445211253708,0.6087895255361754,0.3514847964481354,3
WT,41.340782,SER105-DOR,4.74078747998528,0.520293048714738,0.3003913317329451,3
WT,41.482966,SER105-DOR,4.938370480052919,0.2865049527741945,0.16541371160834223,3
WT,41.504178,SER105-DOR,4.913766936292288,0.25675382612373565,0.14823689062800516,3
WT,41.683367,SER105-DOR,4.705928193000809,0.2365049090491641,0.13654617290420287,3
WT,41.78273,SER105-DOR,4.748504455688937,0.11444528881507747,0.06607501830486945,3
WT,41.883768,SER105-DOR,4.791798310499903,0.1343918563256759,0.0775911744265225,3
WT,41.899441,SER105-DOR,4.794058184972962,0.15120271630407986,0.08729692896036313,3
WT,42.061281,SER105-DOR,4.924840541856564,0.1795693324399354,0.1036744024223981,3
WT,42.084168,SER105-DOR,4.943335481180215,0.18364657249635571,0.1060283980665231,3
WT,42.284569,SER105-DOR,4.892846417210668,0.37481398887050965,0.21639895737042616,3
WT,42.339833,SER105-DOR,4.95102075094702,0.35660164080623474,0.20588405331294188,3
WT,42.458101,SER105-DOR,5.075517153197123,0.32385580322768304,0.18697823517212528,3
WT,42.48497,SER105-DOR,5.0880881393765245,0.30009714431591067,0.17326116705382902,3
WT,42.618384,SER105-DOR,5.204613984333823,0.1997982637604114,0.11535358136569338,3
WT,42.685371,SER105-DOR,5.2631209746965855,0.23709316638416408,0.13688580343491788,3
WT,42.885772,SER105-DOR,5.0595237248610445,0.19319733112357693,0.1115425311309144,3
WT,42.896936,SER105-DOR,5.062800764405517,0.18493222555623312,0.10677067020672779,3
WT,43.01676,SER105-DOR,5.0979734908724454,0.10123544999270423,0.05844831430482069,3
WT,43.086172,SER105-DOR,5.1275829610746495,0.10816945495906859,0.062451663938713355,3
WT,43.175487,SER105-DOR,5.162770448428678,0.14134813446952282,0.08160738348543042,3
WT,43.286573,SER105-DOR,5.206535056520855,0.1987771773688253,0.11476405686264528,3
WT,43.454039,SER105-DOR,5.241636980351954,0.26531096305435936,0.15317735593839324,3
WT,43.486974,SER105-DOR,5.248540279269985,0.2784146288588197,0.1607427609179693,3
WT,43.575419,SER105-DOR,5.134128076872141,0.27034086909161553,0.1560813735430016,3
WT,43.687375,SER105-DOR,5.01004460970839,0.3552967825074346,0.20513069302287532,3
WT,43.732591,SER105-DOR,5.018541740202469,0.35625367512437767,0.20568315523285294,3
WT,43.887776,SER105-DOR,5.047704535881248,0.4511087623427762,0.2604477653724008,3
WT,44.011142,SER105-DOR,5.057356481176181,0.606022653452691,0.3498873421059225,3
WT,44.088176,SER105-DOR,5.063383489864553,0.7131409526251504,0.41173212096827677,3
WT,44.134078,SER105-DOR,5.069224007374076,0.7765648227711899,0.44834990947014053,3
WT,44.288577,SER105-DOR,5.0476756581853985,0.6658351161746319,0.3844200835593295,3
WT,44.289694,SER105-DOR,5.0474578663030885,0.6652489586608809,0.3840816653609778,3
WT,44.488978,SER105-DOR,5.0086001338453245,0.6038182855644322,0.34861464971224326,3
WT,44.568245,SER105-DOR,5.08561376207398,0.4470365443777714,0.2580966692341064,3
WT,44.689379,SER105-DOR,5.203303693687975,0.24492185384022663,0.14140569824507704,3
WT,44.692737,SER105-DOR,5.199397663833644,0.2524253727366125,0.14573785689977484,3
WT,44.846797,SER105-DOR,4.9340791256398715,0.45995906688434773,0.26555749108188725,3
WT,44.88978,SER105-DOR,4.860055477908768,0.5205926677053808,0.300564316837847,3
WT,45.09018,SER105-DOR,4.850965026343977,0.22640206996929746,0.13071329604186238,3
WT,45.125348,SER105-DOR,4.838310076975197,0.19508384046107521,0.1126317078047478,3
WT,45.251397,SER105-DOR,4.792952094875055,0.0964994921253023,0.05571400775520546,3
WT,45.290581,SER105-DOR,4.80575312928383,0.07947131094923197,0.045882782769391534,3
WT,45.4039,SER105-DOR,4.771918072407247,0.1518753273250291,0.08768526111436807,3
WT,45.490982,SER105-DOR,4.7459169009506015,0.21801391133732478,0.1258703903976877,3
WT,45.682451,SER105-DOR,4.993831558677403,0.1797651894690874,0.1037874805309017,3
WT,45.691383,SER105-DOR,5.005396267827398,0.19728772554512966,0.11390412145128963,3
WT,45.810056,SER105-DOR,4.920017969030115,0.10829055650098232,0.06252158194653652,3
WT,45.891784,SER105-DOR,4.88227862210283,0.14166509055766927,0.08179037816824307,3
WT,45.961003,SER105-DOR,4.985637896076084,0.017643297768977634,0.01018636271631196,3
WT,46.092184,SER105-DOR,5.181520138221832,0.22537533478897448,0.13012051020911644,3
WT,46.239554,SER105-DOR,5.079093918271625,0.23494361692051874,0.1356447604734458,3
WT,46.292585,SER105-DOR,5.042235618343318,0.3318244294505735,0.1915789236669826,3
WT,46.368715,SER105-DOR,5.044532496305465,0.417372613958325,0.2409701910212167,3
WT,46.492986,SER105-DOR,4.970485868533241,0.3833423599254532,0.22132281469474682,3
WT,46.518106,SER105-DOR,4.944564252364518,0.3967611170927091,0.22907013775745225,3
WT,46.693387,SER105-DOR,4.763690417513923,0.5428290933288881,0.31340252315739403,3
WT,46.796657,SER105-DOR,4.948902949272081,0.15508099634484646,0.08953605498589247,3
WT,46.893788,SER105-DOR,5.123104575847226,0.25860101387968515,0.14930336497614638,3
WT,46.927374,SER105-DOR,5.124820613897886,0.29594953925725637,0.1708665461567227,3
WT,47.075209,SER105-DOR,5.238015162617214,0.3197721952614801,0.18462056301357313,3
WT,47.094188,SER105-DOR,5.252547062583602,0.3228696072808653,0.18640885467675633,3
WT,47.294589,SER105-DOR,5.157663850559451,0.1940083043839373,0.11201074676108905,3
WT,47.35376,SER105-DOR,5.177055439954633,0.21558349666343551,0.12446718983147528,3
WT,47.486034,SER105-DOR,5.220404434201603,0.27310631677511127,0.15767800550749772,3
WT,47.49499,SER105-DOR,5.217461330881798,0.2725333730461063,0.1573472162913262,3
WT,47.632312,SER105-DOR,5.060477288414295,0.43981782632694133,0.2539289404242557,3
WT,47.695391,SER105-DOR,4.988366752574019,0.5231934007830226,0.30206585078031384,3
WT,47.895792,SER105-DOR,4.982494651956277,0.4179031889109417,0.24127651861293523,3
WT,47.910864,SER105-DOR,4.985139474588723,0.4048379043948907,0.23373327308055414,3
WT,48.044693,SER105-DOR,5.008623598438912,0.28932111018533696,0.16703962084774568,3
WT,48.096192,SER105-DOR,5.001349796230876,0.23101053604501592,0.1333739951712297,3
WT,48.189415,SER105-DOR,4.936079769114425,0.21013754585824074,0.12132296866810263,3
WT,48.296593,SER105-DOR,4.861038909937128,0.18678214733713158,0.10783872304490927,3
WT,48.467967,SER105-DOR,4.79987775580509,0.052172690060566816,0.030121916650815164,3
WT,48.496994,SER105-DOR,4.7895184061178,0.0297577969078414,0.017180672055232445,3
WT,48.603352,SER105-DOR,4.739723941205891,0.03526393437099251,0.020359642001777825,3
WT,48.697395,SER105-DOR,4.792892212094157,0.024559862376079197,0.014179643154089486,3
WT,48.746518,SER105-DOR,4.8159516190963805,0.039116942257962486,0.022584177142509692,3
WT,48.897796,SER105-DOR,4.886964926154036,0.11327674043886105,0.0654003565852998,3
WT,49.02507,SER105-DOR,4.982898547230753,0.1295644274513617,0.07480405706644343,3
WT,49.098196,SER105-DOR,5.038017754412551,0.14028608215201596,0.08099420729402437,3
WT,49.162011,SER105-DOR,5.053014028155059,0.19048614347453133,0.10997722621191434,3
WT,49.298597,SER105-DOR,5.06779615385436,0.3485759758510022,0.2012504334906126,3
WT,49.303621,SER105-DOR,5.065188075058572,0.35841783795432386,0.20693263522529257,3
WT,49.498998,SER105-DOR,4.963758452549988,0.7516761912981367,0.4339804513894119,3
WT,49.582173,SER105-DOR,4.980444557509951,0.8348677516249385,0.4820111211383959,3
WT,49.699399,SER105-DOR,5.003962057460215,0.9537471366135294,0.550646166062656,3
WT,49.72067,SER105-DOR,5.036933868149419,0.9368556875570687,0.5408938834029056,3
WT,49.860724,SER105-DOR,5.096138972136322,0.49999774014772475,0.28867382986849344,3
WT,49.8998,SER105-DOR,5.112657015241938,0.3814180218029099,0.2202117975616846,3
WT,50.1002,SER105-DOR,4.9710061304591475,0.09641752853347513,0.05566668605340029,3
WT,50.139276,SER105-DOR,4.939045416721099,0.12399535978391167,0.0715887543495059,3
WT,50.27933,SER105-DOR,4.82449375986352,0.34047229956241304,0.1965717738039701,3
WT,50.300601,SER105-DOR,4.823094516988632,0.3330924552033235,0.1923110186766722,3
WT,50.417827,SER105-DOR,4.80260126335501,0.29402676759642493,0.16975643342075147,3
WT,50.501002,SER105-DOR,4.788060733040803,0.26930739159345063,0.1554846950312347,3
WT,50.696379,SER105-DOR,4.955556769894481,0.30853917241990064,0.178135174252174,3
WT,50.701403,SER105-DOR,4.959863559248938,0.31326293491343266,0.18086243979940256,3
WT,50.837989,SER105-DOR,4.888055779290082,0.19139697487542512,0.11050309496640674,3
WT,50.901804,SER105-DOR,4.870750790593837,0.1203259341488693,0.06947021047134287,3
WT,50.97493,SER105-DOR,4.946283347181272,0.14793909001798808,0.0854126734455537,3
WT,51.102204,SER105-DOR,5.077745899585466,0.27689965735265415,0.15986809171107003,3
WT,51.253482,SER105-DOR,4.977787482274742,0.10135502697476337,0.058517352107601416,3
WT,51.302605,SER105-DOR,4.945328754987838,0.1554772135176558,0.08976481107727151,3
WT,51.396648,SER105-DOR,5.009029563274498,0.19045069410919518,0.10995675951129492,3
WT,51.503006,SER105-DOR,5.031354389138575,0.10524349872678165,0.06076236232036543,3
WT,51.532033,SER105-DOR,5.045562223400789,0.11784355627273724,0.06803700893632766,3
WT,51.703407,SER105-DOR,5.129444174790952,0.360838773743564,0.20833036315490114,3
WT,51.810585,SER105-DOR,4.933031751609622,0.2208588192277458,0.12751289873404195,3
WT,51.903808,SER105-DOR,4.762193626525981,0.35087731298500263,0.20257911110442386,3
WT,51.955307,SER105-DOR,4.75118234324047,0.38993615878121796,0.22512974623910487,3
WT,52.089136,SER105-DOR,4.72764700733317,0.24603209513966506,0.14204669635817324,3
WT,52.104208,SER105-DOR,4.724996427618815,0.23088147378658813,0.13329948104158418,3
WT,52.304609,SER105-DOR,4.9291162858757,0.30339615607886583,0.1751658523832309,3
WT,52.367688,SER105-DOR,4.901906754517237,0.3081755942014714,0.1779252622698924,3
WT,52.50501,SER105-DOR,4.842671339286963,0.37514655926991686,0.2165909669800484,3
WT,52.513966,SER105-DOR,4.843721267736831,0.3869384019467588,0.22339899052376483,3
WT,52.64624,SER105-DOR,4.967905127379353,0.2882235792555507,0.16640596106998964,3
WT,52.705411,SER105-DOR,5.023457010340655,0.2564453818514635,0.1480588102443788,3
WT,52.905812,SER105-DOR,4.899438138592654,0.33298149333323745,0.19224695481110823,3
WT,52.924791,SER105-DOR,4.941532415455469,0.30285162065618226,0.17485146471036125,3
WT,53.072626,SER105-DOR,5.269421105602948,0.29226296625486703,0.168738102241406,3
WT,53.106212,SER105-DOR,5.297162305798694,0.28479008660323746,0.164423633162916,3
WT,53.203343,SER105-DOR,5.123270421259825,0.09316398947257713,0.053788254400771875,3
WT,53.306613,SER105-DOR,4.938386813522885,0.11124612654774778,0.06422798110864536,3
WT,53.481894,SER105-DOR,4.815624942771957,0.37032526799534143,0.2138073931648307,3
WT,53.507014,SER105-DOR,4.798031638345127,0.4129816788739485,0.23843508346825776,3
WT,53.631285,SER105-DOR,4.766764812594416,0.659134628938327,0.38055155544974717,3
WT,53.707415,SER105-DOR,4.8502265471035075,0.5916885375074545,0.3416115364063449,3
WT,53.760446,SER105-DOR,4.825301911019751,0.48364493999598224,0.2792325362988808,3
WT,53.907816,SER105-DOR,4.756038437807575,0.3419139067523333,0.19740408610313626,3
WT,54.038997,SER105-DOR,4.9115482898423375,0.18228532514820706,0.1052424815436358,3
WT,54.108216,SER105-DOR,4.993604658127327,0.10446216020244999,0.060311256313014316,3
WT,54.189944,SER105-DOR,5.1044188853457735,0.04697964260165192,0.027123709302496146,3
WT,54.308617,SER105-DOR,5.163390216373675,0.16351596322662074,0.09440598538569044,3
WT,54.317549,SER105-DOR,5.155673987524728,0.15658112558744858,0.09040215500792805,3
WT,54.509018,SER105-DOR,4.9902597785508425,0.056157554122765366,0.03242257898980956,3
WT,54.5961,SER105-DOR,4.950172927548885,0.06285279967694259,0.03628808081280443,3
WT,54.709419,SER105-DOR,4.898008321589331,0.07350916984944006,0.04244053900048014,3
WT,54.748603,SER105-DOR,4.885522356957245,0.07324705601299177,0.04228920750644839,3
WT,54.874652,SER105-DOR,4.83719567799893,0.08560642659102584,0.04942489343669071,3
WT,54.90982,SER105-DOR,4.823712195613826,0.09037084611324002,0.052175632330373374,3
WT,55.11022,SER105-DOR,4.632179747880907,0.2029312552183256,0.11716241482728895,3
WT,55.153203,SER105-DOR,4.636002383489116,0.1745822645888535,0.10079511745610904,3
WT,55.307263,SER105-DOR,4.649705472814979,0.15065966776662065,0.08698339974107802,3
WT,55.310621,SER105-DOR,4.65249018191341,0.15124464768911938,0.0873211380568032,3
WT,55.431755,SER105-DOR,4.631116076783628,0.209834600698467,0.12114806319855756,3
WT,55.511022,SER105-DOR,4.617129247961989,0.2978584888950047,0.17196867874394614,3
WT,55.710306,SER105-DOR,4.820617605414868,0.2178896524157336,0.12579864947585778,3
WT,55.711423,SER105-DOR,4.821758041033095,0.2176050710554695,0.12563434635090295,3
WT,55.865922,SER105-DOR,4.848976322288775,0.30689717503063957,0.17718716661747547,3
WT,55.911824,SER105-DOR,4.831626222091573,0.29119331891270445,0.16812054106047047,3
WT,55.988858,SER105-DOR,4.836467069812635,0.22486392015408926,0.12982524483199795,3
WT,56.112224,SER105-DOR,4.844219439155476,0.15253662176956184,0.08806705963993267,3
WT,56.267409,SER105-DOR,4.88138497544678,0.17869081380853913,0.10316718945407337,3
WT,56.312625,SER105-DOR,4.892213860161898,0.21900958186934288,0.1264452410473725,3
WT,56.424581,SER105-DOR,4.877535238234807,0.32557906786874347,0.18797316247652648,3
WT,56.513026,SER105-DOR,4.851210699828969,0.248748650794982,0.1436151004970391,3
WT,56.545961,SER105-DOR,4.833995921936531,0.21872816419394156,0.12628276447672482,3
WT,56.713427,SER105-DOR,4.74646324635912,0.06658425133374837,0.03844243543132932,3
WT,56.824513,SER105-DOR,4.76421003724766,0.1428740663048615,0.08248838064132823,3
WT,56.913828,SER105-DOR,4.778478437778023,0.2611935612375441,0.1508001728910931,3
WT,56.98324,SER105-DOR,4.725962361277895,0.2671702220644673,0.1542507996283723,3
WT,57.103064,SER105-DOR,4.690292778098602,0.22900614173802442,0.132216757578526,3
WT,57.114228,SER105-DOR,4.686969453207374,0.22807100729309482,0.1316768574550174,3
WT,57.314629,SER105-DOR,4.502662515805941,0.4198700009233665,0.2424120580577541,3
WT,57.381616,SER105-DOR,4.505767788174566,0.4477550169430211,0.2585114795630587,3
WT,57.51503,SER105-DOR,4.511952870753686,0.5032917254149566,0.2905756131492364,3
WT,57.541899,SER105-DOR,4.542137339256299,0.47683062843105944,0.2752982916825306,3
WT,57.660167,SER105-DOR,4.646153700577233,0.38453223593293767,0.22200978992797027,3
WT,57.715431,SER105-DOR,4.694757988318517,0.37531325583427466,0.21668720928635338,3
WT,57.915832,SER105-DOR,4.597244093758135,0.4571386688309004,0.26392913350650754,3
WT,57.938719,SER105-DOR,4.631188848254897,0.4438877895111098,0.2562787347642272,3
WT,58.100559,SER105-DOR,4.871221055039015,0.5906398782344517,0.34100609269278853,3
WT,58.116232,SER105-DOR,4.89054569860631,0.6069494746705489,0.3504224425855434,3
WT,58.21727,SER105-DOR,4.723339419431528,0.40034411394236485,0.23113878195310658,3
WT,58.316633,SER105-DOR,4.558903752366713,0.24023177953656935,0.13869788258334115,3
WT,58.495822,SER105-DOR,4.425317381019384,0.08653733247490096,0.049962352199336216,3
WT,58.517034,SER105-DOR,4.409503748667073,0.08532652215439816,0.04926329053485635,3
WT,58.659218,SER105-DOR,4.410605572841487,0.13929467894658282,0.0804218203864921,3
WT,58.717435,SER105-DOR,4.461576596706457,0.13339892099491724,0.0770179029460211,3
WT,58.774373,SER105-DOR,4.477526322534677,0.11320875616895293,0.06536110584876768,3
WT,58.917836,SER105-DOR,4.517714109968831,0.15425778784141994,0.08906077533483998,3
WT,59.052925,SER105-DOR,4.676288799940074,0.07702334299979051,0.04446944781481393,3
WT,59.118236,SER105-DOR,4.752954343224219,0.057563313745922905,0.03323419468665548,3
WT,59.217877,SER105-DOR,4.835996268948043,0.043083059852589985,0.024874016203405586,3
WT,59.318637,SER105-DOR,4.857623451297726,0.08673489240018792,0.05007641347538172,3
WT,59.331476,SER105-DOR,4.844857140922657,0.07137677230981035,0.041209398706955634,3
WT,59.519038,SER105-DOR,4.658352197842018,0.2304041719707809,0.13302391070974318,3
WT,59.610028,SER105-DOR,4.694817062256735,0.15083464935444535,0.08708442540791184,3
WT,59.719439,SER105-DOR,4.738664328230807,0.07169062285430008,0.04139060040330209,3
WT,59.776536,SER105-DOR,4.72985635554128,0.07462047952749268,0.04308215394225686,3
WT,59.888579,SER105-DOR,4.751324309806222,0.1321455581814153,0.07629427358825348,3
WT,59.91984,SER105-DOR,4.75731409276174,0.14823371335666163,0.08558277430944643,3
WT,60.12024,SER105-DOR,4.796553144584403,0.2505868833837699,0.14467640457700892,3
WT,60.167131,SER105-DOR,4.794450653105742,0.28700772440880945,0.16570398694692806,3
WT,60.320641,SER105-DOR,4.7875672163219996,0.41016794380216687,0.23681057276713635,3
WT,60.335196,SER105-DOR,4.792063933167541,0.41544063925046276,0.2398547649035649,3
WT,60.445682,SER105-DOR,4.713845837215663,0.30699070594013506,0.17724116671325024,3
WT,60.521042,SER105-DOR,4.6604950442560655,0.23309538165641303,0.1345776813461886,3
WT,60.721443,SER105-DOR,4.833783132920784,0.5319381505784383,0.3071146344286931,3
WT,60.724234,SER105-DOR,4.829364565084294,0.529685104002032,0.3058138373813081,3
WT,60.893855,SER105-DOR,4.560829603419379,0.40517289174820703,0.23392667811916645,3
WT,60.921844,SER105-DOR,4.5491085683614365,0.35463959006812046,0.2047512627911279,3
WT,61.002786,SER105-DOR,4.474731586582185,0.13999827110993804,0.08082803951140494,3
WT,61.122244,SER105-DOR,4.36496254838958,0.1802831396101254,0.10408651918425679,3
WT,61.281337,SER105-DOR,4.467306550253444,0.17906242828213942,0.10338174117044126,3
WT,61.322645,SER105-DOR,4.493880048668076,0.1814015068182842,0.10473220879294012,3
WT,61.452514,SER105-DOR,4.597468944960217,0.1682621449695392,0.0971461946925873,3
WT,61.523046,SER105-DOR,4.699424203000258,0.1871506878365629,0.10805150000146323,3
WT,61.559889,SER105-DOR,4.768310531493781,0.1775210513861068,0.10249182680459415,3
WT,61.723447,SER105-DOR,5.074119288940764,0.15819166682667876,0.09133200142593859,3
WT,61.83844,SER105-DOR,5.158029517031799,0.2684220448795219,0.1549735398676218,3
WT,61.923848,SER105-DOR,5.2203517714156495,0.3798022162481417,0.2192789117896811,3
WT,62.011173,SER105-DOR,5.329539139535803,0.429512824000033,0.24797934455681542,3
WT,62.116992,SER105-DOR,5.31280399747538,0.38365487542756876,0.22150324560401918,3
WT,62.124248,SER105-DOR,5.31165645237527,0.3808323986196216,0.21987368785916941,3
WT,62.324649,SER105-DOR,5.203135064429396,0.4131387841964612,0.2385257882685016,3
WT,62.395543,SER105-DOR,5.270402655035098,0.31683828111813106,0.1829266668931313,3
WT,62.52505,SER105-DOR,5.3932858537549135,0.38081783486664283,0.2198652794724667,3
WT,62.569832,SER105-DOR,5.353191210191372,0.3762329454032909,0.21721819230659578,3
WT,62.674095,SER105-DOR,5.222357584372701,0.29349459588314275,0.1694491839388329,3
WT,62.725451,SER105-DOR,5.157913829563354,0.25283521004544623,0.14597447658035395,3
WT,62.925852,SER105-DOR,4.904607943013783,0.09440897119981323,0.0545070449361278,3
WT,62.952646,SER105-DOR,4.853366914560006,0.05644314509070047,0.03258746501202502,3
WT,63.126253,SER105-DOR,4.521360799650227,0.2409818708406034,0.139130947999642,3
WT,63.128492,SER105-DOR,4.522039956763262,0.23645137332137134,0.13651526403735045,3
WT,63.231198,SER105-DOR,4.686213656568005,0.1549305649555297,0.08944920338277589,3
WT,63.326653,SER105-DOR,4.838796762860357,0.16845232507956992,0.09725599523030805,3
WT,63.509749,SER105-DOR,4.727380953702814,0.506248761886034,0.2922828589518165,3
WT,63.527054,SER105-DOR,4.716850618317745,0.5488353182069253,0.3168702187075423,3
WT,63.687151,SER105-DOR,4.969337081699474,0.4368587347722236,0.25222050811858265,3
WT,63.727455,SER105-DOR,5.009577151702838,0.3852778299069889,0.2224402588095949,3
WT,63.788301,SER105-DOR,4.918462157424639,0.48219828127952197,0.2783973074995069,3
WT,63.927856,SER105-DOR,4.709483477333116,0.7846310197042299,0.45300693044076773,3
WT,64.066852,SER105-DOR,4.788358492102211,0.6435740995541651,0.37156767962106824,3
WT,64.128257,SER105-DOR,4.8232040913977725,0.5813306982953226,0.3356314351489976,3
WT,64.24581,SER105-DOR,5.026481534476242,0.2601924867421819,0.15022220226171687,3
WT,64.328657,SER105-DOR,5.184495798187993,0.18968106233617027,0.1095124123999621,3
WT,64.345404,SER105-DOR,5.180261198290238,0.1881244379843282,0.10861369491139895,3
WT,64.529058,SER105-DOR,5.133815504596334,0.24316299459664248,0.14039022038732707,3
WT,64.623955,SER105-DOR,5.044179190330598,0.39542214681986493,0.22829708290998876,3
WT,64.729459,SER105-DOR,4.9445238625481815,0.5981763574692908,0.34535728100776486,3
WT,64.804469,SER105-DOR,4.936603760631027,0.6457740272386467,0.37283780846190145,3
WT,64.902507,SER105-DOR,4.910260556920968,0.6895030224588613,0.39808475562368417,3
WT,64.92986,SER105-DOR,4.9029108692262655,0.7018614513915649,0.40521989789474144,3
WT,65.130261,SER105-DOR,4.98159278640148,0.5744021073131205,0.3316312112803184,3
WT,65.181058,SER105-DOR,4.990847631845024,0.559629634637741,0.3231023202045917,3
WT,65.330661,SER105-DOR,5.018104214771003,0.5161244405783475,0.29798458470325395,3
WT,65.363128,SER105-DOR,5.015272222457149,0.5209406502598631,0.3007652246593507,3
WT,65.45961,SER105-DOR,4.992645961773125,0.5240026932505801,0.30253309600431133,3
WT,65.531062,SER105-DOR,4.975889501997446,0.5263897600537655,0.30391126966570403,3
WT,65.731463,SER105-DOR,4.989033706310427,0.43408456560253006,0.2506188408016825,3
WT,65.738162,SER105-DOR,4.989259287052914,0.43135489459678605,0.2490428645117171,3
WT,65.921788,SER105-DOR,4.995442615721466,0.3566525081514818,0.20591342158841322,3
WT,65.931864,SER105-DOR,4.993862680909093,0.351459741786863,0.20291537652996172,3
WT,66.016713,SER105-DOR,4.962939571278845,0.3364244442805487,0.19423474346734504,3
WT,66.132265,SER105-DOR,4.920827067865372,0.31641732039332043,0.18268362510534364,3
WT,66.295265,SER105-DOR,4.956719330769219,0.16552255283184272,0.09556449043441845,3
WT,66.332665,SER105-DOR,4.964954733423232,0.14786480800753335,0.08536978670682172,3
WT,66.480447,SER105-DOR,4.951147853997392,0.1582658416357869,0.09137482627194426,3
WT,66.533066,SER105-DOR,4.975757647546505,0.17073671959529518,0.09857489101889733,3
WT,66.573816,SER105-DOR,4.983388453594677,0.17320893123268905,0.1000022230732404,3
WT,66.733467,SER105-DOR,5.0132843845662185,0.19273498300966346,0.11127559432288715,3
WT,66.852368,SER105-DOR,5.004334219521968,0.22859402739742396,0.13197882325304341,3
WT,66.933868,SER105-DOR,4.998199588433823,0.2689381669555026,0.15527152308712394,3
WT,67.039106,SER105-DOR,5.072855161739934,0.2590955528023803,0.14958888715628915,3
WT,67.130919,SER105-DOR,5.119826189643661,0.29760378449432384,0.17182162508964927,3
WT,67.134269,SER105-DOR,5.121538831216406,0.2994004014821501,0.17285890239120139,3
WT,67.334669,SER105-DOR,4.7050039342971575,0.8516146798977549,0.4916799646848058,3
WT,67.409471,SER105-DOR,4.8094622333708354,0.7295539418811178,0.42120816473341594,3
WT,67.53507,SER105-DOR,4.984858689657798,0.5919568570816208,0.3417664507847186,3
WT,67.597765,SER105-DOR,5.050665071122349,0.5815353617748181,0.33574959766397766,3
WT,67.688022,SER105-DOR,5.199310393553998,0.4682193882318498,0.2703265898354604,3
WT,67.735471,SER105-DOR,5.27745471992733,0.4155340333607636,0.23990868601828783,3
WT,67.935872,SER105-DOR,5.235766359456186,0.4672972539634897,0.2697941953673937,3
WT,67.966574,SER105-DOR,5.270601685725964,0.4453781009691478,0.25713916648570184,3
WT,68.136273,SER105-DOR,5.463146351633143,0.3544190325235366,0.20462392383339062,3
WT,68.156425,SER105-DOR,5.466243528896129,0.3824057532336972,0.22078206456913668,3
WT,68.245125,SER105-DOR,5.3538077175909216,0.39720979483274316,0.22932918197144028,3
WT,68.336673,SER105-DOR,5.237761791397356,0.4150602881811744,0.2396351691113247,3
WT,68.523677,SER105-DOR,5.122073455834344,0.2621142575991883,0.1513317371833303,3
WT,68.537074,SER105-DOR,5.11378553890551,0.2532321051244203,0.14620362406103968,3
WT,68.715084,SER105-DOR,4.990742810575682,0.20487464942913688,0.1182844339980424,3
WT,68.737475,SER105-DOR,4.980778655837928,0.20562174993608276,0.1187157726768393,3
WT,68.802228,SER105-DOR,4.916437017649853,0.22644277251967268,0.1307367956702782,3
WT,68.937876,SER105-DOR,4.781650765295972,0.2729349804132661,0.15757908441286442,3
WT,69.08078,SER105-DOR,4.642658753255803,0.3219357766225309,0.18586970729478947,3
WT,69.138277,SER105-DOR,4.5867361957376795,0.3420018496817856,0.19745485997712886,3
WT,69.273743,SER105-DOR,4.596158641842866,0.32445690100140334,0.18732527913359198,3
WT,69.338677,SER105-DOR,4.679588044008092,0.3297844841955336,0.19040116072485322,3
WT,69.359331,SER105-DOR,4.693447243250566,0.3283475629220717,0.18957155384081567,3
WT,69.539078,SER105-DOR,4.814058764015677,0.33551819961733226,0.19371152286708537,3
WT,69.637883,SER105-DOR,4.9890635545182604,0.3381704791323516,0.19524281715904793,3
WT,69.739479,SER105-DOR,5.169011860527152,0.3884697977214665,0.22428314228652818,3
WT,69.832402,SER105-DOR,5.07006066283548,0.36305130392259943,0.20960776804935743,3
WT,69.916435,SER105-DOR,4.954252009437227,0.5454953730209976,0.3149419004553683,3
WT,69.93988,SER105-DOR,4.921942033582879,0.6098576807446885,0.3521014961453068,3
WT,70.140281,SER105-DOR,4.9571607555485375,0.7372436392832861,0.4256478135985446,3
WT,70.194986,SER105-DOR,4.981239175398552,0.7511240476638225,0.43366167111350923,3
WT,70.340681,SER105-DOR,5.045366867200913,0.788144773978279,0.45503559741675614,3
WT,70.391061,SER105-DOR,5.164589580895942,0.6664594148312396,0.3847805225567767,3
WT,70.473538,SER105-DOR,5.311527699203779,0.405268134784769,0.2339816667119639,3
WT,70.541082,SER105-DOR,5.43186149389917,0.2853092118659684,0.16472335027309684,3
WT,70.741483,SER105-DOR,4.871085043553136,0.8146041227284808,0.47031190954026736,3
WT,70.752089,SER105-DOR,4.876902222927268,0.7975953445202938,0.46049188686318393,3
WT,70.941884,SER105-DOR,4.9810010126389095,0.5237718877518657,0.3023998403874981,3
WT,70.949721,SER105-DOR,4.98594906224561,0.5133553188931684,0.296385831552897,3
WT,71.030641,SER105-DOR,5.037322790096718,0.38338283026128633,0.22134618025403427,3
WT,71.142285,SER105-DOR,5.10820175064033,0.2138001451310465,0.12343757134419077,3
WT,71.309192,SER105-DOR,5.0083885909643096,0.27556442243361473,0.15909719347113122,3
WT,71.342685,SER105-DOR,4.988359220374522,0.2890638196958482,0.16689107411437942,3
WT,71.50838,SER105-DOR,5.039610548049484,0.12706379747823293,0.07336031767831389,3
WT,71.543086,SER105-DOR,5.057432248313785,0.09679986076708867,0.05588742567139694,3
WT,71.587744,SER105-DOR,5.072927026279197,0.06836840035168618,0.03947251434711012,3
WT,71.743487,SER105-DOR,5.126964316002057,0.07251355223704227,0.04186571890395235,3
WT,71.866295,SER105-DOR,5.0165134882186715,0.12254454257272722,0.07075112464208362,3
WT,71.943888,SER105-DOR,4.946728355373331,0.24418592820328805,0.140980811380487,3
WT,72.067039,SER105-DOR,5.007915605697792,0.17101971226378407,0.09873827691222808,3
WT,72.144289,SER105-DOR,4.977532184172735,0.13886012141947637,0.0801709284812388,3
WT,72.144847,SER105-DOR,4.976538050142549,0.13899446616054537,0.0802484924536592,3
WT,72.344689,SER105-DOR,4.620499102362736,0.23987639800289914,0.13849270295921165,3
WT,72.423398,SER105-DOR,4.627182604964969,0.21935870069509403,0.1266468048953991,3
WT,72.54509,SER105-DOR,4.637517062652219,0.4320300417699747,0.24943266091390018,3
WT,72.625698,SER105-DOR,4.515135033403825,0.4263831700237155,0.24617243799111813,3
WT,72.70195,SER105-DOR,4.527608867679919,0.2993732884995591,0.17284324870340395,3
WT,72.745491,SER105-DOR,4.53473195280629,0.2335345866616546,0.13483125647419428,3
WT,72.945892,SER105-DOR,4.937792500056815,0.42433387789066157,0.24498927862645126,3
WT,72.980501,SER105-DOR,4.921410228951135,0.32387890158326055,0.1869915710139358,3
WT,73.146293,SER105-DOR,4.842932556881073,0.15735461893826305,0.09084873160223716,3
WT,73.184358,SER105-DOR,4.866642319501053,0.19761385319156713,0.11409241133575047,3
WT,73.259053,SER105-DOR,4.8692104326495835,0.2462535660520131,0.14217456264903505,3
WT,73.346693,SER105-DOR,4.872223612063696,0.3087046388342829,0.17823070633105945,3
WT,73.537604,SER105-DOR,4.763732658832587,0.6185241370780072,0.3571050770422685,3
WT,73.547094,SER105-DOR,4.758339667552747,0.6339597551252464,0.3660168352769502,3
WT,73.743017,SER105-DOR,4.971403477016487,0.5206892981601995,0.3006201064569485,3
WT,73.747495,SER105-DOR,4.975555960925969,0.5168249558192743,0.2983890273661745,3
WT,73.816156,SER105-DOR,4.987447218137164,0.5065721687307302,0.2924695779806596,3
WT,73.947896,SER105-DOR,5.01026330545586,0.4876460288499933,0.28154256602579564,3
WT,74.094708,SER105-DOR,5.252636946012149,0.45587594608616977,0.26320010018992546,3
WT,74.148297,SER105-DOR,5.341106442499662,0.529014790973979,0.3054268319741204,3
WT,74.301676,SER105-DOR,5.138986718434616,0.4156656456984162,0.2399846724368602,3
WT,74.348697,SER105-DOR,5.063178644775745,0.40225834960620444,0.23224396642891673,3
WT,74.373259,SER105-DOR,5.055977674820272,0.3829436127588262,0.22109259791075614,3
WT,74.549098,SER105-DOR,5.004429763925126,0.24544799872845394,0.1417094681379278,3
WT,74.651811,SER105-DOR,4.870001671205014,0.3022803531586302,0.1745216432668703,3
WT,74.749499,SER105-DOR,4.742149979882998,0.42623606196099895,0.24608750511150876,3
WT,74.860335,SER105-DOR,4.724067196877589,0.37671765417023595,0.21749803904367007,3
WT,74.930362,SER105-DOR,4.692258284518551,0.33124335025161283,0.19124343743504219,3
WT,74.9499,SER105-DOR,4.683383212578929,0.31858615061507917,0.18393579981770264,3
WT,75.150301,SER105-DOR,4.434971844354195,0.46064923009346176,0.265955956996454,3
WT,75.208914,SER105-DOR,4.485147608848371,0.29071127161201205,0.16784223092165357,3
WT,75.350701,SER105-DOR,4.606524626239339,0.13668157739761777,0.07891314550377729,3
WT,75.418994,SER105-DOR,4.578837343881461,0.18578153357644672,0.10726101842082301,3
WT,75.487465,SER105-DOR,4.605334676736404,0.2033044857509738,0.11737789957578317,3
WT,75.551102,SER105-DOR,4.629961622711125,0.22401654226174803,0.1293360109777494,3
WT,75.751503,SER105-DOR,4.582583991371859,0.23746384015974853,0.1370998120390331,3
WT,75.766017,SER105-DOR,4.5822843680131635,0.24634718280280002,0.14222861230530254,3
WT,75.951904,SER105-DOR,4.578446983693596,0.3777169691739872,0.2180749938300911,3
WT,75.977654,SER105-DOR,4.578377927163807,0.39711086728730566,0.22927206612645168,3
WT,76.044568,SER105-DOR,4.624649944475511,0.41209008106410955,0.23792031923273838,3
WT,76.152305,SER105-DOR,4.699152078181815,0.47103950625774926,0.27195478573685994,3
WT,76.32312,SER105-DOR,4.99656043780163,0.34055922988325965,0.1966219630481116,3
WT,76.352705,SER105-DOR,5.04807129059179,0.31798507331111653,0.18358876767445603,3
WT,76.536313,SER105-DOR,5.195851241280359,0.4605403106275362,0.2658930723134819,3
WT,76.553106,SER105-DOR,5.190968022294101,0.4613501766495446,0.266360648679296,3
WT,76.601671,SER105-DOR,5.17193711884709,0.47215633264716805,0.27259958575342896,3
WT,76.753507,SER105-DOR,5.112437900976988,0.5070421227984595,0.2927409060881699,3
WT,76.880223,SER105-DOR,5.06596175783969,0.5317613822056673,0.3070125771610895,3
WT,76.953908,SER105-DOR,5.038936037667267,0.5465135386832833,0.3155297386745686,3
WT,77.094972,SER105-DOR,5.00787033637486,0.539635229225375,0.3115585448574757,3
WT,77.154309,SER105-DOR,4.957933326102637,0.5084285142506314,0.29354133956628353,3
WT,77.158774,SER105-DOR,4.952797091347578,0.5086775908759505,0.29368514402296036,3
WT,77.354709,SER105-DOR,4.72740668670406,0.5470723086200121,0.31585234464795403,3
WT,77.437326,SER105-DOR,4.782510405319489,0.3814886307518302,0.22025256365735094,3
WT,77.55511,SER105-DOR,4.861070823225005,0.43001167104207194,0.24826735403082106,3
WT,77.653631,SER105-DOR,4.753550479021086,0.5153627111145506,0.2975447999922811,3
WT,77.715877,SER105-DOR,4.763978186654691,0.4449727452452695,0.2569051342494031,3
WT,77.755511,SER105-DOR,4.770618066808718,0.40234559563358735,0.232294337946312,3
WT,77.955912,SER105-DOR,4.8460147583225845,0.22108579547442367,0.12764394353116107,3
WT,77.994429,SER105-DOR,4.884002552836119,0.18289033075546632,0.10559178169384818,3
WT,78.156313,SER105-DOR,5.043662289877907,0.05386704548701948,0.031100153212380514,3
WT,78.212291,SER105-DOR,5.0909775905861085,0.05924955867119467,0.03420774864818077,3
WT,78.272981,SER105-DOR,5.136062160992456,0.07742975066641919,0.04470408739054273,3
WT,78.356713,SER105-DOR,5.198263862249067,0.10343171587972352,0.05971632900590327,3
WT,78.551532,SER105-DOR,5.210035944577434,0.06505282450707599,0.03755826574070581,3
WT,78.557114,SER105-DOR,5.210373232714132,0.06983233682691974,0.04031771846516273,3
WT,78.757515,SER105-DOR,5.107600654659773,0.44113319089476394,0.25468836651157056,3
WT,78.77095,SER105-DOR,5.127488410936592,0.41965799916378776,0.2422896587847926,3
WT,78.830084,SER105-DOR,5.145590549922081,0.266323433196961,0.15376190584777075,3
WT,78.957916,SER105-DOR,5.184722239395868,0.10172597192870751,0.0587315172766156,3
WT,79.108635,SER105-DOR,4.938558328626001,0.13665263621781917,0.0788964363058299,3
WT,79.158317,SER105-DOR,4.85741443063398,0.16813618562510524,0.0970734720311714,3
WT,79.329609,SER105-DOR,4.541247002712797,0.34270783926321646,0.19786246325201304,3
WT,79.358717,SER105-DOR,4.517181656636638,0.38168047815609174,0.22036332680784465,3
WT,79.387187,SER105-DOR,4.565177512669831,0.3167678137929519,0.18288598256397004,3
WT,79.559118,SER105-DOR,4.855032215429891,0.16849393396273102,0.09728001813020179,3
WT,79.665738,SER105-DOR,4.8225921132447676,0.040164419210300006,0.023188938242911687,3
WT,79.759519,SER105-DOR,4.794057979332405,0.07694394407932724,0.04442360682671109,3
WT,79.888268,SER105-DOR,4.776827318109692,0.19877834939879419,0.11476473353446331,3
WT,79.94429,SER105-DOR,4.803520599227544,0.2525483356930726,0.14580884959578747,3
WT,79.95992,SER105-DOR,4.810967944578176,0.27127999046126144,0.15662357551856843,3
WT,80.160321,SER105-DOR,4.855252364177921,0.6479066571553925,0.37406908291841645,3
WT,80.222841,SER105-DOR,4.946377977454603,0.6451054274585495,0.37245179219888214,3
WT,80.360721,SER105-DOR,5.1473440612451835,0.662454336095458,0.38246818927054754,3
WT,80.446927,SER105-DOR,5.26037857056332,0.7053316690052949,0.40722342896817504,3
WT,80.501393,SER105-DOR,5.263882493666402,0.6500230963980208,0.3752910096848714,3
WT,80.561122,SER105-DOR,5.267724485858507,0.5919620379263791,0.34176944194683445,3
WT,80.761523,SER105-DOR,5.253351073108556,0.45043875255772,0.2600609350426389,3
WT,80.779944,SER105-DOR,5.222180339146864,0.46411418328334486,0.2679564486533625,3
WT,80.961924,SER105-DOR,4.9142459806753935,0.6807456149130502,0.3930286640197069,3
WT,81.005587,SER105-DOR,4.917253867627051,0.6322903403673467,0.3650529982170877,3
WT,81.058496,SER105-DOR,4.941385207466943,0.5703152741297115,0.32927167704174415,3
WT,81.162325,SER105-DOR,4.988740854927934,0.44922588535493874,0.25936068583662186,3
WT,81.337047,SER105-DOR,5.134977702089233,0.1489055657364415,0.08597066846176803,3
WT,81.362725,SER105-DOR,5.1564693846558685,0.10569979846442087,0.06102580709672259,3
WT,81.563126,SER105-DOR,5.006590954008744,0.33078198627938915,0.19097706882148444,3
WT,81.564246,SER105-DOR,5.007175088776298,0.3299489619944155,0.19049612202631339,3
WT,81.615599,SER105-DOR,5.032671467981226,0.2663565713157091,0.1537810381495504,3
WT,81.763527,SER105-DOR,5.106116610096115,0.23643769690656333,0.1365073679555795,3
WT,81.89415,SER105-DOR,5.06576422420216,0.43165272281027667,0.24921481571094817,3
WT,81.963928,SER105-DOR,5.044208127580475,0.5370354736452263,0.31005757527344957,3
WT,82.122905,SER105-DOR,4.9091847300018925,0.838470271711872,0.484091037080348,3
WT,82.164329,SER105-DOR,4.868976463662139,0.8378807335047828,0.48375066703778746,3
WT,82.172702,SER105-DOR,4.870804609905259,0.8288577842527959,0.4785412648582685,3
WT,82.364729,SER105-DOR,4.912731450777998,0.6249591339461829,0.3608203242163441,3
WT,82.451253,SER105-DOR,4.944045897017852,0.5279825352494809,0.3048308588537089,3
WT,82.56513,SER105-DOR,4.985259926627108,0.4139603634039112,0.23900012724508343,3
WT,82.681564,SER105-DOR,4.943357015344615,0.33336890138499997,0.19247062495407954,3
WT,82.729805,SER105-DOR,4.909293224425291,0.32261625031946456,0.18626257896689055,3
WT,82.765531,SER105-DOR,4.8840664249202215,0.31469413055833506,0.18168874099024998,3
WT,82.965932,SER105-DOR,4.663478083833978,0.3219897049058722,0.18590084280369348,3
WT,83.008357,SER105-DOR,4.7152953260960375,0.2614304124659965,0.150936919011598,3
WT,83.166333,SER105-DOR,4.9082437422232275,0.567333790183243,0.327550316482666,3
WT,83.240223,SER105-DOR,4.768940965087702,0.4353705266101615,0.25136129073560587,3
WT,83.286908,SER105-DOR,4.67906149744233,0.35906281061509643,0.20730501036460955,3
WT,83.366733,SER105-DOR,4.52537980131136,0.24595320121532618,0.14200114692971877,3
WT,83.56546,SER105-DOR,4.4170316420242735,0.3045353732851765,0.17582357974395982,3
WT,83.567134,SER105-DOR,4.416118964129708,0.30514054924683254,0.17617297824832903,3
WT,83.767535,SER105-DOR,4.311007729989776,0.39263832547403377,0.2266898429065973,3
WT,83.798883,SER105-DOR,4.293477398114458,0.4058096163754161,0.23429429125408527,3
WT,83.844011,SER105-DOR,4.317772704250248,0.38744909708476455,0.22369384049916627,3
WT,83.967936,SER105-DOR,4.384489448614661,0.33815030666960955,0.1952311705822536,3
WT,84.122563,SER105-DOR,4.398991306085318,0.19343336072074777,0.1116788028823777,3
WT,84.168337,SER105-DOR,4.403284500197224,0.1681351487411491,0.0970728733859402,3
WT,84.357542,SER105-DOR,4.5547669763429175,0.1721790342863956,0.09940761179406031,3
WT,84.368737,SER105-DOR,4.565139151771912,0.16548294920369672,0.09554162526904747,3
WT,84.401114,SER105-DOR,4.560795921894648,0.1362261100296593,0.07865018129627938,3
WT,84.569138,SER105-DOR,4.5382536387655295,0.3340672247076853,0.1928738021124133,3
WT,84.679666,SER105-DOR,4.690114586934325,0.25974862022410566,0.14996593580802128,3
WT,84.769539,SER105-DOR,4.81359674963226,0.2148566191381679,0.12404752689659414,3
WT,84.916201,SER105-DOR,4.915564007060057,0.3214917567944767,0.18561335232753684,3
WT,84.958217,SER105-DOR,4.940739507831332,0.3212570061753841,0.1854778189944113,3
WT,84.96994,SER105-DOR,4.947763709593076,0.3219408848827953,0.18587265655022822,3
WT,85.170341,SER105-DOR,4.932885082279565,0.6125470409235458,0.3536541989685179,3
WT,85.236769,SER105-DOR,4.952916972685405,0.678319991627651,0.39162822976292905,3
WT,85.370741,SER105-DOR,4.993317292150859,0.8189441347615516,0.472817616655847,3
WT,85.47486,SER105-DOR,5.089182803470904,0.8262606335102891,0.47704179917795614,3
WT,85.51532,SER105-DOR,5.0974226455063505,0.8010321805572592,0.4624761450742865,3
WT,85.571142,SER105-DOR,5.108790689117842,0.7671661188866025,0.4429235652523404,3
WT,85.771543,SER105-DOR,5.116002289634021,0.707326679920881,0.408375249057325,3
WT,85.793872,SER105-DOR,5.122827774883752,0.6923824804590037,0.39974721147518666,3
WT,85.971944,SER105-DOR,5.177260527310047,0.5888164698976923,0.33995334739871785,3
WT,86.03352,SER105-DOR,5.121900543515147,0.6539521657850267,0.3775594589531239,3
WT,86.072423,SER105-DOR,5.0718265620316005,0.6851054213068722,0.3955457994147947,3
WT,86.172345,SER105-DOR,4.943212464971825,0.7659933101836978,0.44224644383201045,3
WT,86.350975,SER105-DOR,4.981732603530719,0.5837566267743786,0.33703204560941535,3
WT,86.372745,SER105-DOR,4.986427130857746,0.5701094643519531,0.32915285271115347,3
WT,86.573146,SER105-DOR,4.746165278842121,0.684421656357043,0.39515102753694836,3
WT,86.592179,SER105-DOR,4.753580652995386,0.6668050878502293,0.384980096967342,3
WT,86.629526,SER105-DOR,4.780397285477523,0.6084665239597888,0.35129831140106,3
WT,86.773547,SER105-DOR,4.8838100957891974,0.4284673185777259,0.2473757217198072,3
WT,86.908078,SER105-DOR,4.86026821906767,0.32492937314877446,0.1875980610550613,3
WT,86.973948,SER105-DOR,4.848741441900291,0.27566501828871864,0.15915527251515482,3
WT,87.150838,SER105-DOR,4.819062417110535,0.15764953709716964,0.09101900268067079,3
WT,87.174349,SER105-DOR,4.825363608862465,0.15429841342070086,0.08908423052397381,3
WT,87.18663,SER105-DOR,4.831009585304354,0.1544820013301579,0.08919022505291879,3
WT,87.374749,SER105-DOR,4.917494028124391,0.1643937295552496,0.09491276401180991,3
WT,87.465181,SER105-DOR,4.953526396984725,0.16594478567043713,0.09580826667744163,3
WT,87.57515,SER105-DOR,4.99734318980344,0.16941819217230936,0.09781363885630256,3
WT,87.709497,SER105-DOR,4.935600483202111,0.09189560494863892,0.05305595225444019,3
WT,87.743733,SER105-DOR,4.925656176263162,0.11523248702328018,0.06652950740228088,3
WT,87.775551,SER105-DOR,4.916414242453008,0.15189030725609878,0.0876939097816036,3
WT,87.975952,SER105-DOR,4.827376461853016,0.5026995764305815,0.2902337357737071,3
WT,88.022284,SER105-DOR,4.878924338382453,0.46320628245212664,0.26743227186406116,3
WT,88.176353,SER105-DOR,5.0503378385375335,0.3471998783042724,0.200455943201577,3
WT,88.268156,SER105-DOR,5.155839821922922,0.2930060624285291,0.16916712901730357,3
WT,88.300836,SER105-DOR,5.159892591034466,0.20633642346084138,0.1191283896287414,3
WT,88.376754,SER105-DOR,5.169305357636083,0.034333535118202765,0.01982247574272584,3
WT,88.577154,SER105-DOR,4.748015266090056,0.5885584751930615,0.3398043940865497,3
WT,88.579387,SER105-DOR,4.746048199546321,0.5913447852228775,0.34141307093230977,3
WT,88.777555,SER105-DOR,4.571513968546731,0.8880167943631961,0.5126967352704999,3
WT,88.826816,SER105-DOR,4.616339446420523,0.9200122864490587,0.5311693412391272,3
WT,88.857939,SER105-DOR,4.659583667489269,0.8726572206195288,0.5038288812349556,3
WT,88.977956,SER105-DOR,4.826342521645595,0.7703250731545083,0.4447473883492735,3
WT,89.13649,SER105-DOR,4.707976532409314,0.6015262798277354,0.34729135958317725,3
WT,89.178357,SER105-DOR,4.676717776885389,0.5608668169605499,0.323816607751702,3
WT,89.378758,SER105-DOR,4.762303533640995,0.44318736755521276,0.2558743459594437,3
WT,89.385475,SER105-DOR,4.763349743646582,0.44039673202947255,0.25426317178744745,3
WT,89.415042,SER105-DOR,4.777285353295787,0.42935859553748446,0.2478903007124463,3
WT,89.579158,SER105-DOR,4.854637012685953,0.391605030668537,0.2260932698724915,3
WT,89.693593,SER105-DOR,4.986884769911345,0.5213765722364503,0.30101690432987893,3
WT,89.779559,SER105-DOR,5.086232253854939,0.6430827478819264,0.37128399760083447,3
WT,89.944134,SER105-DOR,4.9369824770695425,0.3145338449258447,0.18159620003718444,3
WT,89.972145,SER105-DOR,4.9047139806115645,0.2660311534499925,0.15359315805717982,3
WT,89.97996,SER105-DOR,4.895711290559894,0.2525881933678721,0.1458318614350622,3
WT,90.180361,SER105-DOR,5.030653267075002,0.5315742922261635,0.3069045607110603,3
WT,90.250696,SER105-DOR,4.95777358565801,0.4240155761920986,0.24480550705510243,3
WT,90.380762,SER105-DOR,4.823002631460075,0.23359650819389824,0.13486700688750378,3
WT,90.502793,SER105-DOR,4.891461312826853,0.37531177210974453,0.2166863526575965,3
WT,90.529248,SER105-DOR,4.929363584316558,0.38267375444523594,0.22093679514076173,3
WT,90.581162,SER105-DOR,5.003741657328457,0.3989846912288667,0.2303539188835259,3
WT,90.781563,SER105-DOR,4.976455138686657,0.069134438745251,0.03991478681984437,3
WT,90.807799,SER105-DOR,4.995882393484593,0.09253069866870696,0.05342262378468211,3
WT,90.981964,SER105-DOR,5.124848960616059,0.24999557234246664,0.1443350109881377,3
WT,91.061453,SER105-DOR,5.1730832142510375,0.33810347955151066,0.1952041349330138,3
WT,91.086351,SER105-DOR,5.153950949117821,0.3248196506717262,0.18753471275340133,3
WT,91.182365,SER105-DOR,5.0801712918114355,0.28075723036716155,0.1620952625294145,3
WT,91.364903,SER105-DOR,4.923560539032882,0.27216326628946796,0.15713353505575214,3
WT,91.382766,SER105-DOR,4.908235507294547,0.2751631408518344,0.15886551344186953,3
WT,91.583166,SER105-DOR,5.057583791594414,0.38386281314992293,0.22162329850399504,3
WT,91.620112,SER105-DOR,5.00779185248308,0.37999636517276647,0.21939100372357606,3
WT,91.643454,SER105-DOR,4.987028602482117,0.34373405182026456,0.19845494734807054,3
WT,91.783567,SER105-DOR,4.862394841562534,0.1274826409766535,0.07360213708487531,3
WT,91.922006,SER105-DOR,4.6750215526154255,0.2035683549433298,0.11753024452502076,3
WT,91.983968,SER105-DOR,4.5911578835620634,0.33888975009214095,0.19565808844130259,3
WT,92.178771,SER105-DOR,4.878464952938942,0.37717668401519944,0.21776306004822582,3
WT,92.184369,SER105-DOR,4.888371991755453,0.38677904501403815,0.22330698575576133,3
WT,92.200557,SER105-DOR,4.887322813726164,0.381264952714047,0.22012342308202498,3
WT,92.38477,SER105-DOR,4.87538364955702,0.32842710024667426,0.1896174747365856,3
WT,92.479109,SER105-DOR,4.882453322859221,0.31806141161839246,0.18363284161671126,3
WT,92.58517,SER105-DOR,4.89040143148985,0.30902288223879393,0.17841444424632172,3
WT,92.73743,SER105-DOR,4.860120242789346,0.29993170696961186,0.17316565175740936,3
WT,92.75766,SER105-DOR,4.851670970784917,0.30423963525794695,0.17565283531432924,3
WT,92.785571,SER105-DOR,4.840013597856299,0.3108602987828657,0.17947527718265502,3
WT,92.985972,SER105-DOR,4.936893452358593,0.3617952029427443,0.2088825578105087,3
WT,93.036212,SER105-DOR,4.8972996503235775,0.35014776452352225,0.20215790610380127,3
WT,93.186373,SER105-DOR,4.77895927858107,0.3787040282821328,0.21864487267188504,3
WT,93.296089,SER105-DOR,4.903841670337383,0.39933817096320645,0.23055800050330005,3
WT,93.314763,SER105-DOR,4.927726733247522,0.3993421547540496,0.23056030054601576,3
WT,93.386774,SER105-DOR,5.019832356969958,0.4350503871662371,0.25117645814147793,3
WT,93.587174,SER105-DOR,5.021273500576144,0.3058611263470441,0.17658900363110805,3
WT,93.593315,SER105-DOR,5.018303251013353,0.2978491039375023,0.1719632603362058,3
WT,93.787575,SER105-DOR,4.92433908682938,0.050945627546688174,0.029413471778114833,3
WT,93.854749,SER105-DOR,4.995285913309019,0.16674286899271362,0.09626904029839371,3
WT,93.871866,SER105-DOR,5.017436399431652,0.1854499040496339,0.10706955202424641,3
WT,93.987976,SER105-DOR,5.167690090137829,0.35971913374429804,0.2076839386999295,3
WT,94.150418,SER105-DOR,5.2753199550104775,0.4873680872510305,0.2813820963688155,3
WT,94.188377,SER105-DOR,5.300470399991184,0.5228199629344852,0.3018502463379352,3
WT,94.388778,SER105-DOR,5.265800383687109,0.5841523972156658,0.33726054378022985,3
WT,94.413408,SER105-DOR,5.247353914912359,0.597656215091106,0.34505697666570295,3
WT,94.428969,SER105-DOR,5.223757009195271,0.5748310527692204,0.3318788630548654,3
WT,94.589178,SER105-DOR,4.980813967743486,0.3960587626035052,0.22866463320404382,3
WT,94.707521,SER105-DOR,4.853341336681805,0.3172291121536685,0.1831523132967065,3
WT,94.789579,SER105-DOR,4.764953039091465,0.3063117813548369,0.17684918942116887,3
WT,94.972067,SER105-DOR,4.6869134484131445,0.21980691880031503,0.1269055837391041,3
WT,94.986072,SER105-DOR,4.6900698390272275,0.2222255523237586,0.1283019824549353,3
WT,94.98998,SER105-DOR,4.690950676469466,0.22290038021304578,0.12869159451847192,3
WT,95.190381,SER105-DOR,5.0410289147694725,0.31153392348554015,0.1798641945860769,3
WT,95.264624,SER105-DOR,5.043348173862536,0.27988140651976656,0.16158960539535833,3
WT,95.390782,SER105-DOR,5.047288956685911,0.22967777451819865,0.13260452494495617,3
WT,95.530726,SER105-DOR,4.975941132832038,0.1326147214200476,0.07656514511037171,3
WT,95.543175,SER105-DOR,4.970471362993044,0.13830934605440134,0.07985293817594973,3
WT,95.591182,SER105-DOR,4.949378393966231,0.17826339846176703,0.10292042108855871,3
WT,95.791583,SER105-DOR,4.806404319714791,0.532238899312775,0.3072882717914208,3
WT,95.821727,SER105-DOR,4.843396968696989,0.4979092942657165,0.28746806507632805,3
WT,95.991984,SER105-DOR,5.052337797502081,0.3436561559750671,0.19840997416087702,3
WT,96.089385,SER105-DOR,5.1666205906449365,0.314089977576223,0.18133993310339586,3
WT,96.100279,SER105-DOR,5.176692340792659,0.29219730435556457,0.16870019232616823,3
WT,96.192385,SER105-DOR,5.261845041387332,0.14960692839580494,0.08637560038195105,3
WT,96.37883,SER105-DOR,5.121092533550711,0.26178331512796,0.15114066745848034,3
WT,96.392786,SER105-DOR,5.11055677105234,0.29226760901451226,0.16874078273993695,3
WT,96.593186,SER105-DOR,4.9636812438344755,0.7259653554105494,0.41913629336862307,3
WT,96.648045,SER105-DOR,4.988772001946043,0.7764173458820596,0.4482647636485019,3
WT,96.657382,SER105-DOR,4.9869756034304,0.7605112022319754,0.439081347330357,3
WT,96.793587,SER105-DOR,4.9607703490849895,0.5313585662627093,0.3067800112679888,3
WT,96.935933,SER105-DOR,4.797487614211085,0.4254576886228065,0.2456381110551733,3
WT,96.993988,SER105-DOR,4.730893676197352,0.39752423434287965,0.22951072370726144,3
WT,97.194389,SER105-DOR,4.9773083451319655,0.4248150297421678,0.24526707177743945,3
WT,97.206704,SER105-DOR,4.9613046088474855,0.4175035523732178,0.24104578835030233,3
WT,97.214485,SER105-DOR,4.960856272234058,0.40402245250375385,0.2332624717116951,3
WT,97.39479,SER105-DOR,4.950467625014833,0.09809442876357716,0.05663484485265384,3
WT,97.493036,SER105-DOR,5.042887799787611,0.11092585264314134,0.06404307088360642,3
WT,97.59519,SER105-DOR,5.138984236627155,0.12962843997152004,0.07484101471218835,3
WT,97.765363,SER105-DOR,5.035163577737316,0.3849161579351021,0.2222314473992677,3
WT,97.771588,SER105-DOR,5.0251588076371725,0.3954500131576944,0.22831317154763592,3
WT,97.795591,SER105-DOR,4.986580884421705,0.4364172145670305,0.25196559630926174,3
WT,97.995992,SER105-DOR,5.0086593830164565,0.2253463340380839,0.13010376661778308,3
WT,98.050139,SER105-DOR,4.988746639106811,0.21051322879284629,0.12153986931152709,3
WT,98.196393,SER105-DOR,4.934961171950419,0.17360909053584955,0.10023325515463885,3
WT,98.324022,SER105-DOR,4.852383962005456,0.1854121765074121,0.10704777001758879,3
WT,98.328691,SER105-DOR,4.850977547098619,0.18623475725042948,0.10752268723100007,3
WT,98.396794,SER105-DOR,4.83046511024919,0.20092697791446065,0.11600524478637185,3
WT,98.597194,SER105-DOR,4.80644155402818,0.20535028529865437,0.11855904249534456,3
WT,98.607242,SER105-DOR,4.807177460748844,0.20272943728790774,0.1170458951908349,3
WT,98.797595,SER105-DOR,4.821120170161772,0.15538684489240961,0.08971263672715932,3
WT,98.882682,SER105-DOR,4.8309521693559185,0.1301541286706525,0.07514452122414242,3
WT,98.885794,SER105-DOR,4.831650230066635,0.12956497086705268,0.0748043708076389,3
WT,98.997996,SER105-DOR,4.856818553535925,0.1101034512332754,0.06356825720823839,3
WT,99.164345,SER105-DOR,4.99264257670929,0.10122257107263315,0.05844087865685078,3
WT,99.198397,SER105-DOR,5.020445881130782,0.14141093843124702,0.08164364336963807,3
WT,99.398798,SER105-DOR,5.02211462893689,0.12752752287911615,0.07362804966334387,3
WT,99.441341,SER105-DOR,5.017134887323313,0.12137885612302717,0.07007811525655859,3
WT,99.442897,SER105-DOR,5.0170064654554585,0.12163037563680566,0.07022333011554505,3
WT,99.599198,SER105-DOR,5.004106422802877,0.18256199117642813,0.10540221474950487,3
WT,99.721448,SER105-DOR,5.066864935199494,0.2620325744195068,0.15128457737755288,3
WT,99.799599,SER105-DOR,5.106984845064322,0.31860080833868354,0.1839442624583713,3
WT,100.0,SER105-DOR,5.0373616218566895,0.4084501198918719,0.23581878667010717,3
