#"Step","Potential Energy (kJ/mole)","Temperature (K)","Box Volume (nm^3)","Density (g/mL)","Speed (ns/day)"
2000,-2703561.8785744496,300.42256441906153,2062.478280732166,0.9954637576362778,0
4000,-2703475.256601585,301.03491234156,2038.6800085437762,1.007084177397409,35.9
6000,-2708082.903962929,300.8669522955653,2031.026360303442,1.0108792379603129,35.6
8000,-2713045.1913810167,300.6019124559612,2028.093492401796,1.0123410913120257,35.4
10000,-2714093.5196973477,301.05589481208955,2024.9193643705835,1.0139279694325185,35.3
12000,-2711710.4996927306,299.94767188732203,2027.3005809496276,1.012737034988235,35.2
14000,-2714508.336411204,301.0071682525321,2022.5210318747977,1.0151302987824495,35.2
16000,-2713743.559226878,299.8647898863577,2026.8624429744248,1.0129559539165818,35.1
18000,-2713033.262963593,300.00353474418677,2025.2885783782297,1.0137431284113152,34.9
20000,-2713651.118452752,300.43075667413456,2023.0749154716584,1.0148523733250816,34.9
22000,-2714716.8007161748,300.3994954157088,2028.3473269872575,1.0122144033538838,34.9
24000,-2712458.2010950334,299.94623393348206,2023.8213533389219,1.014478069417337,34.9
26000,-2713869.3225095477,300.24597937877627,2025.2050701580984,1.0137849295531212,34.8
28000,-2718754.7214969248,300.00639046735495,2020.4557145330882,1.0161679687472451,34.8
30000,-2713500.3541044556,301.02969060171665,2021.3347540967873,1.0157260568639797,34.7
32000,-2713889.9424314518,300.4949093213056,2024.7393886431964,1.0140180958087033,34.6
34000,-2714113.529119173,300.19711229928726,2023.28371483827,1.0147476423221085,34.6
36000,-2713296.753730485,300.9125350556413,2026.3773307817396,1.013198454302089,34.6
38000,-2712110.837083772,299.99053767677157,2022.1848449659158,1.0152990635311863,34.5
40000,-2714901.3389637712,300.4256428260127,2022.0685684296295,1.015357447040156,34.5
42000,-2715511.5569720976,300.08315926962257,2022.957471650415,1.0149112910939382,34.5
44000,-2716817.215267319,300.6997680326824,2022.4091985004702,1.0151864325494337,34.5
46000,-2717121.341731893,299.35445988997,2023.9423330943637,1.0144174296912283,34.5
48000,-2716594.203602573,298.9284777943561,2021.0459636117466,1.0158711955822035,34.5
50000,-2715544.4732331485,300.2975695902321,2018.1850368164824,1.0173112682568888,34.4
52000,-2713856.2233718075,300.49382146305476,2021.9906072641988,1.0153965958124676,34.4
54000,-2715925.4122177754,300.2433452342589,2021.4095068536778,1.0156884947951665,34.4
56000,-2714867.4610810876,300.3752550258358,2021.5526023898076,1.0156165993176351,34.4
58000,-2712094.977961866,299.6499487227396,2022.875035315481,1.0149526508248463,34.4
60000,-2716647.379937591,301.20408983368316,2020.8446286378485,1.0159724059364028,34.4
62000,-2713218.842098728,299.9461905420288,2021.8899463088603,1.0154471479167344,34.4
64000,-2716716.216304682,301.4949845403232,2020.2225529264897,1.016285248576551,34.4
66000,-2717461.56993841,300.22763349031305,2023.0021594108964,1.0148888718827302,34.4
68000,-2717260.3321748357,300.69512510106966,2017.6742487749023,1.017568807565182,34.4
70000,-2713734.0384461842,299.5234566356918,2024.164953706703,1.0143058625835415,34.4
72000,-2717502.6849659644,300.72801141914476,2022.2487892800061,1.015266959369444,34.4
74000,-2712914.213038929,300.32100173896833,2025.0971442129623,1.013838958416378,34.4
76000,-2715314.269241182,300.24053365082483,2022.4619373058404,1.0151599600019443,34.4
78000,-2718693.94942756,300.9462204399006,2020.6190672651226,1.0160858187682658,34.4
80000,-2717179.6260979436,300.0473729808072,2021.8189947474877,1.0154827829368935,34.3
82000,-2714892.5076733455,300.28349618342907,2022.7520239248443,1.0150143740294366,34.3
84000,-2714412.907878848,300.3844562061812,2021.9862829073354,1.0153987674084253,34.3
86000,-2718028.2753380947,299.9486971893764,2018.746596529095,1.0170282802759196,34.3
88000,-2716332.019935429,301.9183875230597,2018.1135994665576,1.0173472791242018,34.3
90000,-2717436.3456372786,300.8551065296301,2022.6045547790402,1.0150883792532275,34.3
92000,-2716711.2957421243,300.99511658077904,2023.4116628629781,1.0146834759644685,34.3
94000,-2715571.838077601,298.79876470143427,2022.2624247355432,1.0152601137556834,34.3
96000,-2721454.2195365056,299.80966902844006,2020.5885329907524,1.0161011734249252,34.3
98000,-2714150.0984924994,300.41429981693653,2022.2321287892137,1.0152753238126688,34.3
100000,-2715972.7042119186,300.7934075410571,2018.3225408836786,1.0172419609810912,34.3
102000,-2716141.841761358,300.461747451308,2021.581610937838,1.0156020257962188,34.3
104000,-2718162.590723606,300.47521181320315,2021.923630753182,1.0154302309707157,34.3
106000,-2713556.499666488,299.26368016603317,2025.5101532738959,1.0136322328783816,34.3
108000,-2717189.3203060664,299.80195169217126,2022.235247499936,1.0152737580452627,34.3
110000,-2714073.85323829,299.6635282558983,2020.2708584033858,1.0162609487934842,34.3
112000,-2715304.960935075,300.8216902208125,2022.0391400969465,1.0153722243390477,34.2
114000,-2717183.1088381745,299.9784137150939,2023.214039475748,1.0147825881600019,34.2
116000,-2714621.499389954,300.42300737713333,2027.6119642249585,1.012581507510311,34.2
118000,-2715463.4949227273,300.2293944089606,2022.9095340203316,1.0149353418195004,34.2
120000,-2715716.1298914775,300.2324485938085,2021.600875610261,1.0155923477036857,34.2
122000,-2717713.798225295,300.5734666918985,2022.493384808114,1.0151441754038883,34.2
124000,-2713765.7170012165,298.6059045261202,2024.5414235620708,1.0141172492131547,34.2
126000,-2715899.6162085086,299.8881109543403,2020.6950692779717,1.0160476019345495,34.2
128000,-2717289.416998584,299.56138651717663,2021.043198758751,1.0158725853271233,34.2
130000,-2717051.7494503465,300.2968348449317,2019.6125640716673,1.0165921998631393,34.2
132000,-2719064.3187223393,300.3487257493479,2018.372983516401,1.0172165383446177,34.2
134000,-2715463.4374643266,300.57829323739895,2019.9524877064678,1.0164211246929111,34.2
136000,-2716744.5559886266,300.2731665925485,2019.4333790287267,1.0166824024510916,34.2
138000,-2718176.9698594715,299.60913940370835,2018.6811721762854,1.017061241606289,34.2
140000,-2717867.3253597934,300.04981141330563,2021.7191774473383,1.0155329198455563,34.2
142000,-2715373.155028809,300.1025211216722,2022.2055366570446,1.0152886747481247,34.2
144000,-2714835.620440766,300.103613553354,2024.2039006862594,1.0142863466890801,34.2
146000,-2717645.223309435,300.26778172370723,2024.3139424512701,1.0142312100536623,34.2
148000,-2717832.1285295486,298.9452404301482,2021.3190704630053,1.015733937992561,34.2
150000,-2714559.3098028377,300.88283234691016,2022.0527048302479,1.0153654128185605,34.2
152000,-2716594.874060251,301.401695251206,2022.789238733706,1.0149957000295962,34.2
154000,-2711902.1299699694,300.12825268483215,2025.450552058997,1.0136620601740804,34.1
156000,-2718375.199423153,299.4680577372836,2023.9186333643854,1.0144293083402867,34.1
158000,-2717902.244340269,300.9184561012423,2019.1744929023882,1.0168127552114956,34.1
160000,-2717994.3411666863,300.4365357053478,2022.2260748817605,1.0152783632269688,34.1
162000,-2716715.844952708,300.3796198954712,2021.7329138121804,1.0155260199575438,34.1
164000,-2713852.7453799564,300.2306313519928,2024.7660306065766,1.0140047533125496,34.1
166000,-2713668.27145952,300.41805410801544,2026.1212708180244,1.013326501701414,34.1
168000,-2719467.172405649,300.70151744244737,2022.1155834600688,1.0153338395561575,34.1
170000,-2717457.6173689608,300.5984656103143,2025.119026153081,1.0138280036215777,34.1
172000,-2717137.199140109,301.27541120038956,2022.9883510877191,1.014895799215517,34.1
174000,-2719425.288402319,300.26471229399516,2020.2950869124875,1.016248761223556,34.1
176000,-2717328.8780198228,299.90131528857654,2022.7766669291075,1.01500200835212,34.1
178000,-2717013.4403958768,300.94561148390085,2020.2468009522668,1.0162730506060393,34.1
180000,-2716272.713932138,299.71678566756697,2021.5414105888187,1.0156222220463118,34.1
182000,-2715593.2122324277,299.5898217205952,2022.5376534476723,1.0151219562617506,34.1
184000,-2716035.5503928065,300.2359482440336,2022.4583639026514,1.015161753648678,34.1
186000,-2715335.271129109,299.7236571329223,2020.5806484021416,1.0161051383939776,34.1
188000,-2716710.577912569,301.01658703246056,2019.9489351366158,1.0164229123158464,34.1
190000,-2716017.894488247,300.7090625291932,2021.1374252837722,1.015825224795186,34.1
192000,-2718612.519565124,300.47158135036193,2021.4970493944495,1.0156445095954385,34.1
194000,-2718117.107807055,299.87194729251144,2022.103947253414,1.0153396822995027,34.1
196000,-2716246.7955099586,299.5652267969693,2018.630308273901,1.017086868737468,34.1
198000,-2717210.452254558,300.6101182685864,2022.7832454143804,1.014998707367806,34.1
200000,-2714431.73662241,299.7779950946826,2020.741145860683,1.0160244341965812,34.1
202000,-2716238.73280851,299.9332657439297,2021.2852010281092,1.0157509580224249,34.1
204000,-2717518.7508880943,300.609329935755,2022.8428047016835,1.0149688223962778,34.1
206000,-2716891.1653896812,300.99115448273136,2019.2974303699,1.0167508503216167,34.1
208000,-2715566.991322959,299.66599082734484,2021.1441211757144,1.0158218594458939,34.1
210000,-2714544.9070772287,300.0790459070338,2021.6313762826665,1.0155770253012644,34.1
212000,-2718238.950395189,299.6037694796882,2023.9879637912325,1.0143945597062969,34.1
214000,-2717554.992688054,300.71082176420015,2019.3726816082153,1.0167129614459074,34.1
216000,-2717374.6933456454,299.9651756118368,2022.5154244459807,1.0151331132336134,34.1
218000,-2716509.4363040365,300.74110845818177,2023.8703350563778,1.014453517015288,34.1
220000,-2719434.8669596035,299.97708345613887,2023.4199051726973,1.0146793426970955,34.1
222000,-2714553.0817891397,300.39519813348016,2021.7301466324457,1.0155274099269358,34.1
224000,-2716037.6813205406,300.815164244118,2021.9671529325474,1.0154083741682542,34.1
226000,-2717918.575293204,301.3493146648134,2022.916370210835,1.0149319119736364,34.1
228000,-2718212.966509212,299.78094941003263,2018.5041370445497,1.0171504440842956,34.1
230000,-2714810.688926,300.93663806178427,2023.5082550720379,1.0146350400274298,34.1
232000,-2719012.33421281,299.82673081700295,2018.602956030312,1.017100650351976,34.1
234000,-2719149.9819322545,300.2841389486954,2020.2332941785899,1.0162798451530493,34.1
236000,-2717537.4246959537,300.3616777836578,2015.6431076217116,1.0185942003410329,34.1
238000,-2718591.519879926,301.48058327516117,2018.5222102318673,1.0171413368520774,34.1
240000,-2715784.527020341,299.910814051896,2020.1834404538022,1.0163049247248805,34.1
242000,-2717236.769210549,300.6421896051722,2020.8305044754388,1.0159795068581445,34.1
244000,-2715637.8019080926,299.5515297441572,2020.6631051206894,1.0160636744333604,34.1
246000,-2717045.748939397,299.9724831519266,2021.0736722754166,1.0158572681169773,34
248000,-2716548.812196428,300.135082297317,2019.2678692802858,1.0167657350545731,34
250000,-2714583.1701798458,299.8893901406549,2022.542896288257,1.0151193248601615,34
252000,-2715347.410991296,301.1792228906315,2025.3018359177859,1.013736492491974,34
254000,-2716437.702520633,300.0736002961983,2023.8882118660958,1.0144445564450424,34
256000,-2717788.6821366306,300.4801506897486,2017.4685570494091,1.0176725541554845,34
258000,-2716779.3614518363,300.4643772876274,2022.8737349020498,1.0149533032916986,34
260000,-2718030.5771661177,300.2242302473835,2021.387863169451,1.015699370115759,34
262000,-2713139.886864649,300.9038911706234,2023.4827075947874,1.0146478503002851,34
264000,-2717041.641447844,301.27753579815334,2019.544367844839,1.016626528275705,34
266000,-2718551.4477278236,299.60582394366395,2021.4016858388552,1.0156924246003252,34
268000,-2716928.2052864544,299.1790681954171,2021.969463214537,1.0154072139728498,34
270000,-2718889.6770404074,300.3523498504617,2021.0333021213503,1.0158775598728729,34
272000,-2715703.1046464983,299.5830911502778,2021.8844398025674,1.0154499134388384,34
274000,-2714394.2149297576,302.17238952253945,2023.206163269285,1.01478653864084,34
276000,-2717692.630111385,300.60872738505884,2018.089657260123,1.017359348726008,34
278000,-2718160.179031752,299.38730834583,2022.3728835039794,1.0152046618740236,34
280000,-2716903.2768675853,299.40763230386733,2020.2920748141948,1.0162502763713885,34
282000,-2719512.772151565,300.091338221149,2016.8194541575465,1.018000086794318,34
284000,-2715701.32166603,299.7862553837115,2019.0923514663095,1.0168541215511162,34
286000,-2718491.621280318,300.52457225802385,2020.114144038942,1.016339787253761,34
288000,-2716959.7033963334,301.08605976397945,2023.6162033691924,1.014580915077935,34
290000,-2718850.9309363775,301.1583631613544,2021.1175171899636,1.0158352307170073,33.9
292000,-2718567.2180867214,300.7775990987434,2018.4002430284163,1.0172028003228626,33.9
294000,-2719388.154186396,299.1741353532623,2017.7311355018767,1.0175401188276614,33.9
296000,-2716405.172576165,301.2214618434969,2021.020845597529,1.0158838212150312,33.9
298000,-2715677.087256836,300.0086392185833,2021.6599856028188,1.01556265346403,33.9
300000,-2716838.5997830834,300.1510167777335,2019.7415812965273,1.0165272618999586,33.9
302000,-2719325.0569984913,300.44536412406086,2017.541186445989,1.0176359189958055,33.9
304000,-2718471.24208696,300.38136245827314,2018.270307604797,1.0172682874264825,33.9
306000,-2719407.734688692,300.18866488509894,2017.2677487828453,1.0177738580412243,33.9
308000,-2718913.6445671134,300.15891276924447,2020.4113628211087,1.016190275486309,33.9
310000,-2719538.2431873847,299.5621830234601,2021.6636201075937,1.0155608277066308,33.9
312000,-2717328.8158372287,299.1576724470166,2018.4818399467479,1.017161680005512,33.9
314000,-2717850.2703306116,300.13099579986095,2018.6436819648015,1.01708013044803,33.9
316000,-2717786.4544904474,299.9943373041686,2013.2746576749319,1.0197924915778451,33.9
318000,-2718077.50914447,301.7714056709458,2019.3451274426388,1.0167268345956242,33.9
320000,-2718357.6211805865,301.32639892745505,2021.8161609698786,1.0154842062376013,33.9
322000,-2716430.402277857,301.1998972989646,2016.4321630811357,1.0181956115219133,33.9
324000,-2717129.518789174,301.0422821516129,2018.375832509581,1.0172151025154061,33.9
326000,-2720508.465220187,300.21251699299575,2018.783178573714,1.0170098508703638,33.9
328000,-2718936.0958165973,300.71663960898746,2021.717242925356,1.0155338915792465,33.9
330000,-2719042.4269333314,300.04499352155415,2019.1943182965151,1.0168027716683354,33.9
332000,-2714225.3319621813,299.65226339698734,2022.519320643252,1.0151311576731272,33.9
334000,-2716879.124682108,300.7667399437682,2018.7993740551724,1.0170016920783638,33.9
336000,-2717328.5471260324,299.8771014208069,2021.441449456138,1.015672444993763,33.8
338000,-2714653.22786933,300.9982979118459,2020.4201216547515,1.0161858701443325,33.9
340000,-2716998.853085885,301.19009009262606,2021.4173561244463,1.0156845508228898,33.9
342000,-2718043.9394792933,299.2357407018225,2020.8832974299305,1.015952965711539,33.9
344000,-2717819.3373579197,299.9600946022524,2024.2485168659437,1.014263990944952,33.8
346000,-2720574.1696657464,300.7950856883334,2021.5649131980995,1.0156104144748082,33.9
348000,-2716992.3591652103,301.0753486619571,2020.9994849417549,1.015894558449144,33.9
350000,-2716601.372999018,301.33726120921796,2017.935924406499,1.017436854435654,33.8
352000,-2718334.1509180255,300.93848260049646,2018.8692674631088,1.0169664834022587,33.9
354000,-2717108.03188939,299.69472165949253,2019.1055744515766,1.01684746224254,33.9
356000,-2715903.107567005,299.84255977974817,2020.7501246179504,1.0160199197162103,33.9
358000,-2717870.427966289,299.53237116351636,2023.4800003442876,1.0146492078160005,33.9
360000,-2715998.4280523583,300.4607706316141,2019.0415452975005,1.016879709168307,33.9
362000,-2718048.6784646325,300.2998948181283,2020.4587087103223,1.0161664628580205,33.9
364000,-2718921.5138680786,299.95783724087,2017.4608660776187,1.0176764337305668,33.9
366000,-2720497.4440909885,300.58050019082003,2016.6113047018423,1.0181051621568726,33.9
368000,-2716124.2363117747,299.81906764157486,2020.5429884228804,1.0161240771142417,33.9
370000,-2720442.781896049,300.02789118127714,2022.1622010265755,1.0153104327331206,33.9
372000,-2719236.36137178,300.7871224180341,2023.0604409157488,1.0148596343723153,33.9
374000,-2718900.559487434,300.47035473600016,2020.2309941882218,1.0162810021662134,33.9
376000,-2718325.2160862125,300.3221999692917,2021.5924703216765,1.0155965702890444,33.9
378000,-2719891.383169461,300.23090682037434,2015.7373470404175,1.0185465791936257,33.9
380000,-2715668.1041091327,300.42098106691776,2023.5715472410868,1.014603304825102,33.9
382000,-2716141.034451047,299.7977128856992,2021.591573140226,1.0155970210103553,33.9
384000,-2716523.821314428,299.8822940543661,2021.7891249599015,1.0154977856167722,33.9
386000,-2713202.0826274846,300.13428452518673,2022.7656711449656,1.015007525918068,33.8
388000,-2714175.3047291934,300.65343417922674,2022.2005599447004,1.0152911734120955,33.8
390000,-2717403.7471386194,301.2573292596445,2018.2433312258283,1.017281884505888,33.8
392000,-2715656.047542056,299.9035558906045,2023.1049296208134,1.014837317294098,33.8
394000,-2714584.362482723,299.24511287339016,2025.203730944592,1.0137855999422032,33.8
396000,-2718332.7457380276,299.9176272412539,2020.949939708126,1.0159194639315865,33.8
398000,-2713824.327039622,301.0581169720821,2021.2385326672497,1.0157744106884443,33.8
400000,-2717870.876966832,300.2403631682678,2018.7739974254687,1.0170144761123274,33.8
402000,-2719601.07800461,300.29494714874573,2020.263971440168,1.0162644131683742,33.8
404000,-2714913.4549958725,300.33493696162503,2020.4176479862945,1.0161871142964691,33.8
406000,-2717917.8603510577,299.97688052111783,2020.4810549383049,1.0161552242040417,33.8
408000,-2714133.4047237355,300.0196412570163,2023.33988884408,1.0147194698730453,33.8
410000,-2719474.121441368,300.72895643388074,2020.6811348304682,1.0160546085135325,33.8
412000,-2718299.1584991384,300.01796633447697,2020.237351493334,1.0162778041219807,33.8
414000,-2714802.130431136,299.56709172273577,2023.6932543849518,1.0145422854635366,33.8
416000,-2717400.140170941,299.723700459789,2021.2611358766137,1.0157630515615785,33.8
418000,-2718414.321765894,299.80099168136,2022.592658030607,1.0150943499320182,33.8
420000,-2713574.37677251,299.58869955277953,2023.6135782219592,1.0145822312503063,33.8
422000,-2715686.1316017658,299.70441229039363,2023.0956420080524,1.0148419762018743,33.8
424000,-2718865.0804421697,301.13282183774584,2020.29463203244,1.0162489900373526,33.8
426000,-2716426.160555687,300.4463811368394,2022.111418435065,1.0153359308804983,33.8
428000,-2717619.3241085466,301.38678804275287,2021.6930730865297,1.015546032537144,33.8
430000,-2717236.764895955,301.0183144666033,2019.4169929822287,1.0166906520623298,33.8
432000,-2719754.6973040774,300.04425320604537,2018.8157074712285,1.0169934639316809,33.8
434000,-2717416.322481869,299.218160659329,2022.6750972718282,1.0150529771934655,33.8
436000,-2715986.364069145,300.79255818406887,2023.0001862139031,1.0148898617865787,33.8
438000,-2716389.387485452,300.99972659201893,2023.5915785168536,1.0145932613959787,33.8
440000,-2719855.813560225,300.24010970876435,2018.765793170318,1.0170186092546076,33.8
442000,-2719310.001897348,300.93383363456303,2019.0743860193143,1.0168631693796404,33.8
444000,-2716192.7527773343,300.67957369040107,2019.366371569512,1.0167161384316326,33.8
446000,-2718279.7695670687,299.8414942659123,2017.501657361879,1.0176558576242019,33.8
448000,-2714946.0124057997,301.1294894762899,2022.614907393087,1.015083183593799,33.8
450000,-2714945.711791355,299.8235681825192,2020.4273533540381,1.0161822329184653,33.8
452000,-2716546.0025468115,301.2733294323656,2020.0093680425125,1.0163925038478547,33.8
454000,-2718778.4268299285,301.2170247833905,2022.0778388295964,1.0153527920414895,33.8
456000,-2715305.6338317767,301.21096980956014,2021.5046662988434,1.0156406827098237,33.8
458000,-2715483.316052038,299.92501967800456,2021.8461137348856,1.0154691622836667,33.8
460000,-2714427.223607309,299.99954506660515,2019.2599273404965,1.0167697340901298,33.8
462000,-2717292.7476821,300.430059720225,2019.1394076319468,1.016830423704503,33.8
464000,-2716488.8143735994,300.3174909800215,2020.4749487286742,1.0161582951932762,33.8
466000,-2715447.7188359965,299.76350399442464,2021.336324530767,1.015725267717367,33.8
468000,-2717640.1858771164,302.0683052614748,2020.081602965622,1.0163561592594692,33.8
470000,-2718576.1279631183,299.6844290544466,2022.0004259503344,1.0153916651208865,33.8
472000,-2716415.9280650206,300.67335579616525,2021.6699973815016,1.0155576241622457,33.8
474000,-2715425.1923655476,300.56533235958085,2021.0560431138144,1.0158661291834505,33.8
476000,-2715360.823975548,300.0093835935081,2017.1565727709135,1.0178299528630703,33.8
478000,-2718812.1048351433,300.51161170276526,2016.0708474816545,1.0183780902072361,33.8
480000,-2716726.419593094,300.33275525517325,2018.1741572486324,1.0173167523757534,33.8
482000,-2714634.1272125226,300.0918612863126,2018.741781891397,1.0170307058574093,33.8
484000,-2719629.256304778,299.56737982759694,2020.689179765821,1.0160505633126562,33.8
486000,-2716107.0666915383,299.8476492364888,2020.2824097904854,1.016255138109019,33.8
488000,-2717891.1454447806,300.5803320961312,2022.1519958138797,1.015315556709429,33.8
490000,-2714915.688683588,300.1582511762131,2027.5575881075688,1.012608663459539,33.8
492000,-2715873.004985653,302.23619681286743,2024.8856509151942,1.0139448508872069,33.8
494000,-2717275.200089032,300.9679666290348,2020.9473635419783,1.0159207589565729,33.8
496000,-2718104.5011468027,300.2699585701102,2023.333493260766,1.0147226773140983,33.8
498000,-2718280.702861648,299.46106322716764,2021.0520493271595,1.015868136629321,33.8
500000,-2718788.1285123676,300.27984202260234,2021.5664281422514,1.0156096533852708,33.8
502000,-2717748.2756339964,300.0534144739779,2021.7231994514666,1.0155308995503955,33.8
504000,-2713849.8518592753,299.99839786878545,2023.598236784705,1.0145899230684532,33.8
506000,-2717091.5138938166,300.7554331067365,2020.375224615801,1.0162084519578671,33.8
508000,-2716626.4417734463,299.469588308919,2025.9030450875955,1.013435654958542,33.8
510000,-2713265.362439299,299.98119074771,2023.8708796907717,1.014453244020463,33.8
512000,-2715448.082745537,299.08032303897,2022.918818772525,1.014930683489639,33.8
514000,-2718959.721336603,300.7218825660563,2023.479340118934,1.0146495388780075,33.8
516000,-2717246.6628866643,301.11952046379014,2019.6341301100492,1.016581344497767,33.8
518000,-2716264.0475549754,299.9737516207716,2021.1462742060583,1.0158207773395096,33.8
520000,-2716677.4884153213,300.5484647024815,2020.251400276488,1.0162707369488098,33.8
522000,-2716406.3919423185,298.8293430047439,2020.0990541552874,1.0163473791830338,33.8
524000,-2718142.640217047,300.07149858329825,2022.5139895333384,1.0151338334399238,33.8
526000,-2718932.1394024678,299.63917742372854,2020.591227909118,1.0160998182227072,33.8
528000,-2718743.024209341,299.3045317135118,2021.7795973176678,1.015502571153041,33.8
530000,-2718683.9678494725,299.73071945334107,2020.3595798470212,1.016216321025543,33.8
532000,-2716855.323432911,300.04902249279826,2018.244801527299,1.0172811434109277,33.8
534000,-2718567.1654267106,300.50869194403924,2019.7136640060992,1.0165413127465237,33.8
536000,-2718298.7832837757,299.9243754946578,2022.3007112155801,1.0152408927091487,33.7
538000,-2715737.327923352,299.68303825922624,2020.3535047250525,1.016219376747268,33.7
540000,-2718227.407327613,299.73041090324676,2021.5930931045436,1.0155962574188897,33.7
542000,-2716600.217188021,301.26920592580905,2017.8358344585101,1.0174873219712695,33.7
544000,-2717383.6740674675,300.2218270597396,2024.5300313830014,1.0141229557253435,33.8
546000,-2717642.6225366835,300.22787942936134,2016.6590647315288,1.0180810506282463,33.7
548000,-2718731.9123126213,299.9586999094391,2022.6745010579282,1.015053276395682,33.7
550000,-2718053.284394311,300.1127298316691,2017.0614650724162,1.0178779451855429,33.7
552000,-2720686.4464263953,299.9262796261748,2019.639744601945,1.0165785184552831,33.7
554000,-2718292.424430283,301.2540425380731,2022.9131516501716,1.0149335267834099,33.7
556000,-2716573.436633624,299.6173270673286,2020.0421078562176,1.0163760306757865,33.7
558000,-2718273.417345822,299.73616439510823,2026.8530252236453,1.0129606606055255,33.8
560000,-2717063.3686534166,300.5215802974583,2024.3671457116438,1.014204554608645,33.8
562000,-2717470.2197620105,299.2040809731181,2020.9694378928677,1.0159096624051416,33.8
564000,-2716582.845838558,300.9323450777394,2020.59191583732,1.0160994722826313,33.8
566000,-2715554.18719887,299.48254116900006,2019.680517395193,1.0165579960283961,33.8
568000,-2717377.106938254,299.7578834143648,2017.1241854092734,1.0178462953505634,33.8
570000,-2718067.863765737,299.59370891174615,2021.87587156162,1.015454216680027,33.8
572000,-2717324.737074513,301.2156757895623,2020.2372826889878,1.0162778387339197,33.8
574000,-2719744.2926595137,300.84173376895666,2020.366054718722,1.0162130642541856,33.8
576000,-2718749.3665832058,299.9836765562908,2024.090667893864,1.014343088453244,33.8
578000,-2717035.487706052,300.48516718006607,2022.965688588842,1.0149071686989637,33.8
580000,-2717318.8666073196,299.84091232369553,2021.6901568737853,1.0155474974244674,33.8
582000,-2715550.590047257,299.88408382933795,2024.5081625806497,1.0141339103141611,33.8
584000,-2718267.1491699964,299.2933684809988,2021.2705123623584,1.0157583395313408,33.8
586000,-2719217.0722393487,300.71585117561204,2019.6718271626855,1.0165623700683881,33.8
588000,-2719117.248108113,301.4613173703111,2017.798973979921,1.0175059090902692,33.8
590000,-2719118.0560126062,300.8293113517819,2020.821296225607,1.0159841363586057,33.8
592000,-2716126.879507117,299.8859945255149,2024.6771153357115,1.0140492841202602,33.8
594000,-2715573.6241841614,301.0471116749957,2025.0016544296623,1.0138867664081537,33.8
596000,-2717652.191725014,299.7543766917481,2021.581855520941,1.0156019029225918,33.8
598000,-2717553.031559853,300.1233115715738,2019.2045813931175,1.0167976035218447,33.8
600000,-2720521.134598689,300.9815661182915,2019.1960099669122,1.0168019197970262,33.8
602000,-2715847.80450638,302.00611859733647,2020.4155740495642,1.0161881574025549,33.8
604000,-2718041.2093427796,300.49779863435975,2020.52084446081,1.016135213358188,33.8
606000,-2721137.064050559,300.76959652977496,2019.1936613357607,1.016803102493223,33.8
608000,-2715774.790915733,300.10243143816575,2019.9474264667858,1.0164236714675758,33.8
610000,-2718473.1490726136,299.9419010818516,2019.1139204711,1.0168432590974443,33.8
612000,-2716990.7472118456,299.9797768417833,2022.3684257661569,1.0152068996048749,33.8
614000,-2716294.8561504353,299.9088731829037,2017.8896703989428,1.0174601760932465,33.8
616000,-2718336.0628151633,299.2643411169859,2023.6856553655537,1.0145460951098062,33.8
618000,-2716923.4058582094,299.7698868262041,2020.6663223033956,1.0160620567182308,33.8
620000,-2716835.985127546,300.3343993623379,2020.3187432623317,1.016236861746652,33.8
622000,-2720203.8538773246,299.7340867082046,2019.35332476939,1.0167227073129057,33.8
624000,-2717507.4652778674,300.4616309084077,2018.9559969686445,1.0169227969621457,33.8
626000,-2714441.140521817,301.51485257623546,2024.1924333503637,1.014292092764424,33.8
628000,-2716249.2601097617,300.4753401638303,2024.2627617344947,1.014256853503361,33.8
630000,-2716704.9640408345,300.7099439599448,2020.2264793096092,1.0162832733894689,33.8
632000,-2716383.9357824437,300.19099087290624,2020.2498928415296,1.0162714952520482,33.8
634000,-2718309.388164155,300.2872511267816,2020.0077463825214,1.0163933198066355,33.8
636000,-2716299.0402811337,300.52530936582735,2024.0987749636452,1.014339025731453,33.8
638000,-2716913.315743886,299.5669720095449,2024.2470389146324,1.014264731483417,33.8
640000,-2719800.820203088,299.4681048111356,2023.4677797724953,1.0146553357087258,33.8
642000,-2717399.635244917,299.84846839593695,2022.1140966371988,1.0153345861122376,33.8
644000,-2717126.415072955,299.82459052713057,2015.980861364478,1.0184235469334937,33.8
646000,-2718230.7065047286,300.6225773301213,2021.2916132170344,1.0157477357327755,33.8
648000,-2718506.400110798,300.4171194525205,2022.9240570270306,1.014928055380488,33.8
650000,-2715825.7488491423,299.9988718046335,2020.9637966107675,1.015912498197155,33.8
652000,-2717215.870312134,300.56285571190364,2019.3698960589545,1.016714363915085,33.8
654000,-2713512.2723008264,300.3866407975878,2024.2141597811408,1.0142812060967088,33.8
656000,-2715743.033124389,300.57314604886534,2022.0615705961748,1.0153609609303433,33.8
658000,-2718504.923646191,299.0983232604121,2019.903292126836,1.016445880049553,33.8
660000,-2718344.3593837414,299.9367894128487,2017.8165441898998,1.017497049121047,33.8
662000,-2718305.934286788,300.00194775375167,2016.117002462927,1.0183547764701741,33.8
664000,-2715311.7568056546,299.3091001339317,2023.6152017697511,1.0145814172503227,33.8
666000,-2721776.7044840585,300.2059349505014,2018.2379230604533,1.017284610462328,33.8
668000,-2717765.236147877,300.7813625480152,2023.2519917950885,1.0147635527887267,33.8
670000,-2719315.807504354,299.76058881069815,2018.1983930889407,1.0173045357738384,33.8
672000,-2719090.604338199,300.3603941822103,2023.9607647603373,1.0144081916647072,33.8
674000,-2716349.0735128764,299.4683706666886,2023.6121618363616,1.0145829413862144,33.8
676000,-2718350.903213052,300.22002492713364,2021.3129058957063,1.0157370357614424,33.8
678000,-2716714.092908893,300.2557307005174,2019.3788489483072,1.0167098563254329,33.8
680000,-2715835.6817300003,300.5708041627552,2024.3263120849379,1.014225012599997,33.8
682000,-2717435.3916032165,300.0367950150197,2018.825396897097,1.016988582834587,33.8
684000,-2717756.2046637237,299.37771918569075,2020.2804279239363,1.0162561350409478,33.8
686000,-2717692.6011681613,300.1905186655219,2023.0284923744778,1.0148756614747683,33.8
688000,-2719316.1211781558,300.0087141386475,2016.2514230290224,1.0182868842301611,33.8
690000,-2718060.732050065,301.0022361791433,2020.787222442196,1.0160012675157246,33.8
692000,-2717818.2443242334,300.68071727318915,2021.8642618938343,1.0154600474800115,33.8
694000,-2718226.817785939,299.73521774187583,2020.6308281723852,1.0160799047284923,33.8
696000,-2716655.708265934,300.5118682185536,2017.7871863954815,1.0175118531942369,33.8
698000,-2716999.3682107665,300.24081756930286,2021.3158693496077,1.0157355465880145,33.8
700000,-2717017.966592822,299.0025690827486,2017.715672498728,1.0175479168669368,33.8
702000,-2716251.3776360806,300.2094644037202,2021.9442838245811,1.0154198588980385,33.8
704000,-2717789.8486672826,301.99440382352714,2021.2985467408146,1.0157442514819746,33.8
706000,-2717461.4031818006,299.90779057605766,2021.4622715161422,1.0156619830658347,33.8
708000,-2720823.654497698,299.85066585032973,2017.313285307634,1.0177508839772287,33.8
710000,-2718123.810016347,301.41088822500285,2018.5125144799963,1.0171462226033172,33.8
712000,-2714165.0096057225,299.99865155075827,2020.55136761387,1.0161198632655628,33.8
714000,-2719819.7778900713,300.39831621983524,2020.0866416813344,1.0163536241554576,33.8
716000,-2718237.331403993,300.9049898832704,2022.6856950833997,1.0150476588485473,33.8
718000,-2717457.376041215,300.1618583328822,2020.758048082392,1.0160159358658358,33.8
720000,-2719678.1650150754,300.5313888482598,2019.128178529095,1.0168360786666455,33.8
722000,-2718842.0979318023,300.18442043631586,2020.4435574977992,1.0161740830431922,33.8
724000,-2718498.457054347,300.94507447445847,2020.49851103028,1.0161464451334519,33.8
726000,-2718898.2325732373,300.09225581926677,2021.2075802194743,1.0157899660943839,33.8
728000,-2717063.2134192046,299.70560678299495,2019.7242296057004,1.0165359950064425,33.8
730000,-2721673.45513721,299.88120170945905,2022.6715321173103,1.015054766322669,33.8
732000,-2716868.935537601,298.9603289703104,2022.9581222190457,1.0149109647058427,33.8
734000,-2717653.5498035457,300.86705636080274,2023.3344174151412,1.0147222138413308,33.8
736000,-2717201.0733728074,300.186722132762,2025.6620136979152,1.0135562425998237,33.8
738000,-2720323.4683337007,300.029989167809,2020.9947388138132,1.0158969441879375,33.8
740000,-2719195.6515490916,299.30897692889033,2020.4353646657376,1.01617820361233,33.8
742000,-2718516.522745613,299.80134833036897,2020.7654778703113,1.016012200260191,33.8
744000,-2713585.1339250095,300.8876770782013,2024.8358874834114,1.0139697701291714,33.8
746000,-2717495.0140543766,300.289585738648,2022.6840449209678,1.0150484869529255,33.8
748000,-2718892.321258256,301.5404444171892,2021.3875718634492,1.0156995164901241,33.8
750000,-2716332.48180121,300.4743205644427,2018.0479540285553,1.0173803725933661,33.8
752000,-2718175.0981321186,299.8024521428677,2019.56887163992,1.016614193361817,33.8
754000,-2715089.352471022,299.71870503948855,2021.609850926163,1.0155878387910762,33.8
756000,-2716750.402671151,301.2525335281641,2024.5824581884851,1.014096694889821,33.8
758000,-2718246.9953385945,299.87560785412427,2020.3434431969274,1.0162244376293053,33.8
760000,-2716090.731867779,300.338080889506,2021.916378208538,1.0154338732840982,33.8
762000,-2711952.770494707,300.07860371595297,2021.50049225799,1.0156427798281367,33.8
764000,-2718868.541756155,300.67284837576307,2020.8569141770345,1.0159662294630873,33.8
766000,-2721424.125829991,298.86615553473575,2018.788472540503,1.017007183916174,33.8
768000,-2716837.557214681,300.5247193202523,2014.7168562351394,1.0190624915986852,33.8
770000,-2722016.9051554725,300.1696245089188,2015.6757824427561,1.0185776885669156,33.8
772000,-2715611.618500123,300.89037204770744,2020.5633801131978,1.0161138223072366,33.8
774000,-2715652.1643624753,301.259184257554,2020.2269075786091,1.0162830579470254,33.8
776000,-2717470.5132396054,299.4298465399009,2024.5115562178084,1.0141322103473165,33.8
778000,-2715534.294805186,299.9651092835458,2021.1443054724596,1.0158217668188303,33.8
780000,-2715852.8128726613,300.6245898295079,2021.2215838945751,1.0157829283738444,33.8
782000,-2716491.22540313,300.5259540951086,2023.9517847380946,1.0144126924676378,33.8
784000,-2717292.6205698736,298.99430330239625,2020.8603916802433,1.0159644811850579,33.8
786000,-2717840.3187192846,299.32640498648175,2021.8803736246846,1.015451955597234,33.8
788000,-2717001.470234895,300.42874849684125,2018.709715855643,1.0170468608016892,33.8
790000,-2718011.997612277,301.5032220621426,2020.2464146048158,1.0162732449558471,33.8
792000,-2720343.418978555,300.7229225255814,2016.6841063407774,1.0180684088923528,33.8
794000,-2719860.3113441523,299.83491537823517,2019.5327429061642,1.016632380233831,33.8
796000,-2715881.51351643,299.59698484732996,2019.450595750129,1.0166737347779558,33.8
798000,-2722908.9922843594,299.0970669827453,2022.4230037045277,1.0151795028142436,33.8
800000,-2718276.480071675,300.0651618285464,2017.7136184537892,1.0175489527370076,33.8
802000,-2716426.8798244223,301.29686043465153,2019.2348928447768,1.0167823400121283,33.8
804000,-2716979.234883597,300.17560854101225,2021.7593168450492,1.0155127577622565,33.8
806000,-2717984.709139183,299.57340344617984,2022.6792941215676,1.015050871063821,33.8
808000,-2718015.7490097806,299.2252521617452,2024.538909947589,1.0141185083145687,33.8
810000,-2717083.7441720534,300.83859274543875,2019.7243055176289,1.0165359567996402,33.8
812000,-2715189.6358110644,300.1395152238709,2025.311699692691,1.0137315553415212,33.8
814000,-2713537.433379829,300.9437344181059,2024.900237823911,1.0139375466651483,33.8
816000,-2720417.357614493,300.98997763098123,2016.9016047200482,1.0179586225604846,33.8
818000,-2714797.3555210736,299.84769026708284,2022.4212163578197,1.015180399995171,33.8
820000,-2717751.2603794765,300.0108651531622,2020.2528189093834,1.0162700233177808,33.8
822000,-2717656.1750228647,301.3361459196202,2021.3203236424529,1.0157333082571944,33.8
824000,-2719014.0767977145,300.3473748483462,2019.146409865062,1.0168268974205097,33.8
826000,-2718328.4923792053,299.2556807719171,2020.2555688834957,1.0162686399699024,33.8
828000,-2718756.1524813157,300.71678113547404,2018.8571099203891,1.0169726075669683,33.8
830000,-2718936.7256470453,301.61049019298895,2019.5207793289612,1.0166384027318875,33.8
832000,-2718025.585341919,300.18785005136016,2019.1820659889147,1.0168089415826473,33.8
834000,-2719154.31917168,301.3821789032527,2021.0927969715028,1.0158476555145528,33.8
836000,-2716214.4802317433,299.89688509360354,2020.924840113945,1.0159320815043726,33.8
838000,-2717999.056774782,300.6950047043829,2017.2984196378368,1.0177583838832562,33.8
840000,-2717460.8454056717,300.1355794811561,2016.866587071985,1.0179762967671064,33.8
842000,-2717839.052766381,299.6250654976863,2018.2384231867868,1.0172843583757478,33.8
844000,-2715779.434899481,301.4199655152545,2021.2949173343336,1.0157460753369387,33.8
846000,-2716713.6406660248,299.6096746419084,2021.2204399187503,1.0157835032894205,33.8
848000,-2717518.3100315053,299.868022802104,2018.26709504904,1.0172699066527489,33.8
850000,-2715538.382792538,299.28527017642426,2019.1831704239528,1.0168083854174421,33.8
852000,-2718668.4132951815,300.9782858191386,2018.5277422068496,1.0171385492756122,33.8
854000,-2716814.2615748458,300.0233988879954,2017.6802451050864,1.0175657834593703,33.8
856000,-2717522.725352397,300.7698868717237,2022.3323034232897,1.0152250329510348,33.8
858000,-2716991.9961130265,300.8605865615319,2022.3351052330447,1.0152236264247902,33.8
860000,-2715864.3497150484,301.77697778938034,2017.9632899946607,1.017423056980528,33.8
862000,-2718634.7074775826,301.1137076642793,2020.71813602245,1.0160360036270004,33.8
864000,-2716539.548372863,299.51935181760683,2016.2779567939244,1.0182734838035492,33.8
866000,-2716315.833705539,300.08681458275277,2021.1455248660066,1.015821153955238,33.8
868000,-2719226.0048689283,300.8472473818226,2023.7640022759656,1.0145068185183002,33.8
870000,-2718105.8932319116,301.20680530009855,2020.287426221511,1.0162526147186646,33.8
872000,-2718002.122632524,300.21608469110555,2020.2786375507055,1.0162570356482927,33.8
874000,-2716647.585716691,299.4205574924624,2021.3985043238906,1.01569402321665,33.8
876000,-2715602.816957183,299.4247718105949,2022.4522393306465,1.0151648278529217,33.8
878000,-2717796.100763051,300.02148014280954,2022.604966197152,1.0150881727740824,33.8
880000,-2714076.1860481612,301.0781382268723,2023.5925173204603,1.0145927906965644,33.8
882000,-2717531.1693786215,299.96441243122297,2023.3148966992392,1.014732003767797,33.8
884000,-2719035.6557954084,300.03131407597334,2020.444265951511,1.0161737267293296,33.9
886000,-2717264.9650308117,300.20522028133905,2021.3225686672604,1.0157321801114396,33.9
888000,-2719610.4090876076,299.9484880008995,2019.8852324355955,1.016454968040525,33.9
890000,-2718375.2214727867,300.3789555681158,2019.017038320752,1.0168920521287257,33.9
892000,-2716811.245428333,300.476545713772,2020.123821281755,1.0163349185586847,33.9
894000,-2716670.3448315,300.9430480418417,2020.577742485792,1.016106599716882,33.9
896000,-2720340.2091654018,299.6690527410817,2021.4405639514898,1.0156728899154128,33.9
898000,-2718535.172473293,300.3997722275422,2018.1558519401815,1.017325979758726,33.9
900000,-2719799.280362107,300.75587369226156,2017.3226742745803,1.0177461471894398,33.9
902000,-2719032.007213302,300.094647948674,2013.7373347161347,1.01955818367457,33.9
904000,-2718035.4217144996,299.26075019572903,2019.0878138160153,1.0168564068050672,33.9
906000,-2718086.778173145,301.22883812707937,2020.2095208825954,1.0162918044678242,33.9
908000,-2715377.1712829676,299.33215474443494,2021.7224308027683,1.015531285650135,33.9
910000,-2714900.0615173765,300.2826790653984,2021.5671157529916,1.0156093079383646,33.9
912000,-2719120.884931635,299.8291059949085,2020.0094333646089,1.016392470980241,33.9
914000,-2717443.338703515,301.2586745824398,2024.3693431068805,1.0142034537185012,33.9
916000,-2715632.834684221,300.63138310475904,2021.4130011368175,1.0156867390415523,33.9
918000,-2716650.420176724,299.8812193567194,2019.6294386290065,1.0165837059567626,33.9
920000,-2721033.423285013,300.34880571390323,2020.827254350916,1.0159811408720874,33.9
922000,-2719135.5146878324,299.11386626782047,2018.9925632770155,1.0169043793051127,33.9
924000,-2717455.544095395,300.3790479756688,2020.5974356148197,1.0160966965476401,33.9
926000,-2716243.0322850086,299.982157349089,2023.2185868344393,1.0147803073484019,33.9
928000,-2715952.8781683184,300.35450324375745,2017.1982951295236,1.0178089007600621,33.9
930000,-2719242.052814381,299.09131767222044,2019.138147526425,1.0168310582889337,33.9
932000,-2717993.680395281,299.61127014804106,2018.5990102363207,1.017102638498019,33.9
934000,-2719048.7874994483,300.53055060005613,2020.2928376647278,1.0162498926413417,33.9
936000,-2717501.6512234807,300.1701835804132,2020.62165834744,1.016084515821726,33.9
938000,-2716888.9826030377,300.2886773734875,2022.037019602,1.0153732891522285,33.9
940000,-2717870.84461445,300.7671074725513,2017.0177914478984,1.017899984861827,33.9
942000,-2717105.373326231,300.6457926120336,2022.0585265865325,1.015362489456108,33.9
944000,-2720304.9901147224,299.317468556471,2020.2177219861878,1.016287678816278,33.9
946000,-2717826.6315377373,299.33478282371794,2021.5994286311734,1.0155930746236028,33.9
948000,-2714198.7102652695,302.5182994233161,2022.9902371901385,1.0148948529937374,33.9
950000,-2715274.2295782734,300.2840093951967,2020.965548383499,1.015911617604305,33.9
952000,-2720588.917282572,299.0464132498696,2019.3066808371264,1.0167461925742287,33.9
954000,-2716381.2306543235,300.2904570103327,2024.0995324369048,1.01433864613812,33.9
956000,-2716361.613246521,300.6684624418967,2021.289148463398,1.0157489743323727,33.9
958000,-2718844.147344593,298.73777182871953,2019.252488903456,1.0167734796235357,33.9
960000,-2718936.675603755,300.74726509662764,2019.9912888093472,1.0164016007173147,33.9
962000,-2718507.6735873353,299.58240886106125,2021.3109847712237,1.0157380011533597,33.9
964000,-2717848.4902628697,299.2358033597645,2020.5722322591996,1.0161093707030002,33.9
966000,-2719105.887158405,300.7145661762695,2021.74677654539,1.0155190566887282,33.9
968000,-2717359.3896986637,299.14796817363725,2021.983087163997,1.0154003722457097,33.9
970000,-2716027.1746916845,300.78147638224027,2022.3986653628838,1.015191719884,33.9
972000,-2717492.2863098346,300.23941425175667,2019.9564822482255,1.0164191146809818,33.9
974000,-2717527.648347819,300.88367895485135,2019.5838673130445,1.016606644869088,33.9
976000,-2717492.1659269836,300.57034823292264,2019.1685755563128,1.0168157350681748,33.9
978000,-2716818.3699258566,299.8502192116092,2019.62995405511,1.016583446516276,33.9
980000,-2721410.1402944215,299.0115878836391,2015.934714805012,1.018446859564813,33.9
982000,-2717412.083739482,300.18923082753673,2019.9945805091506,1.0163999444312126,33.9
984000,-2716983.317122359,299.89578364139356,2019.2075001646103,1.016796133737358,33.9
986000,-2716012.1177058965,299.475204912206,2020.485900145439,1.0161527874226015,33.9
988000,-2717404.691981567,299.94957718524046,2022.202272037181,1.0152903138183706,33.9
990000,-2715787.601359904,301.28935361038396,2021.8717925826265,1.0154562652849057,33.9
992000,-2719994.6950640827,300.27122677552,2021.9901569882472,1.015396821930615,33.9
994000,-2718650.4616169706,299.86447307473554,2023.0618395918948,1.014858932732882,33.9
996000,-2718720.8471630793,301.0712340851867,2019.84815878264,1.01647362473933,33.9
998000,-2717549.562504234,299.4178491511138,2019.2713994536127,1.0167639575028886,33.9
1000000,-2720834.111956464,299.9537628203525,2017.3673700360441,1.017723598525423,33.9
1002000,-2717635.145717835,301.21175670197795,2020.145019678932,1.0163242536454937,33.9
1004000,-2719573.479289159,299.69205833834593,2021.2534810667314,1.0157668984185502,33.9
1006000,-2718544.529942535,300.4346212111882,2022.5715474025185,1.0151049449981475,33.9
1008000,-2718686.947646415,299.82087540386306,2021.0564301886661,1.0158659346237018,33.9
1010000,-2717612.6894861367,300.6770231931304,2021.3121376943143,1.0157374217931638,33.9
1012000,-2719176.4322539326,300.83027033657254,2019.4594229203904,1.0166692908401103,33.9
1014000,-2717734.609925719,299.7990350651911,2022.8608056528608,1.0149597904331455,33.9
1016000,-2720149.990827428,300.340029431053,2021.5540274881791,1.015615883356774,33.9
1018000,-2717629.1411385704,301.6146067916567,2019.7114080775918,1.0165424481783074,33.9
1020000,-2715389.931232704,300.4881361181732,2023.3657568103317,1.0147064970682456,33.9
1022000,-2717523.662173925,299.3705983813917,2020.9866029806103,1.0159010338578427,33.9
1024000,-2716713.644436622,300.5273500380332,2023.7953049957791,1.0144911268015484,33.9
1026000,-2717351.120564759,300.04985093896136,2021.1136080556887,1.015837195493407,33.9
1028000,-2715780.3036901057,300.54568009481574,2021.8001891828162,1.0154922283446297,33.9
1030000,-2721520.3847858272,300.61997615768786,2017.3388997542975,1.0177379614456017,33.9
1032000,-2718902.868532043,299.94350010938854,2020.5287523657228,1.016131236428567,33.9
1034000,-2717743.321366783,299.50291518637994,2018.043828146303,1.0173824526233262,33.9
1036000,-2719692.874399647,300.0663437465615,2018.687391451777,1.0170581081919325,33.9
1038000,-2718051.068536138,300.1907780067625,2020.8050514035065,1.0159923036390373,33.9
1040000,-2718392.902164869,300.5379402974975,2025.1520628207625,1.0138114648640904,33.9
1042000,-2718541.7369019873,300.2506924155693,2024.5108025670513,1.0141325878713618,33.9
1044000,-2718894.778022548,301.48649361682146,2020.0711080256565,1.0163614395670943,33.9
1046000,-2717540.003127631,300.15006507909743,2016.174283860525,1.0183258440582723,33.9
1048000,-2718610.5733475983,299.045785481519,2022.6306985218523,1.0150752586130938,33.9
1050000,-2716851.5911093,300.06322659428355,2026.0481454241929,1.0133630753137852,33.9
1052000,-2718592.9326830544,301.08835492297817,2021.6202880531168,1.0155825955615396,33.9
1054000,-2717816.9084076732,300.13839836380276,2024.5911674097645,1.0140923325313078,33.9
1056000,-2717091.370389186,299.2550388379793,2021.3979808631086,1.0156942862405536,33.9
1058000,-2715882.7711352706,300.6377290554094,2021.411966656844,1.015687258830496,33.9
1060000,-2719378.9700057134,300.4027073265458,2018.648974773613,1.0170774637086692,33.9
1062000,-2718542.687252214,299.6463724937113,2019.413341851385,1.0166924902548988,33.9
1064000,-2716139.46069075,302.1146708922602,2021.8992952756867,1.0154424526375374,33.9
1066000,-2716445.0908629578,300.65066008740285,2022.0754519370014,1.015353990581365,33.9
1068000,-2716644.638870811,300.5172326913867,2022.9389425994175,1.0149205871446862,33.9
1070000,-2716084.6319023203,300.005763238233,2022.7916272963685,1.0149945014974293,33.9
1072000,-2715817.733460702,299.4782113766141,2021.311386472471,1.0157377992927137,33.9
1074000,-2715369.153634498,300.19546607022113,2017.8848145598374,1.0174626245099627,33.9
1076000,-2715872.2234210037,299.7311400348673,2017.1195333475303,1.017848642798859,33.9
1078000,-2717319.931746777,300.2169945356906,2018.0722578303066,1.0173681202021125,33.9
1080000,-2719248.385070769,299.7036958202306,2019.0326064356764,1.0168842111992216,33.9
1082000,-2719769.195353426,300.22880585246867,2017.2594602179004,1.017778039895313,33.9
1084000,-2718859.1943581104,300.64667622023876,2019.748612991617,1.0165237228903463,33.9
1086000,-2716493.4914639033,300.6653633622497,2022.7305766542415,1.0150251363564595,33.9
1088000,-2715834.619662378,299.9313304154132,2020.2599942782995,1.016266413825757,33.9
1090000,-2716850.8489758912,300.99421831378777,2021.551824947702,1.0156169899003042,33.9
1092000,-2716870.0725386553,300.58609061520957,2023.0029578762285,1.0148884713130832,34
1094000,-2715931.3359280936,299.37003147643327,2021.9817512511402,1.0154010431154694,34
1096000,-2717842.7841776423,300.4333352276275,2023.2015382502666,1.014788858432987,34
1098000,-2716148.5967433415,301.6433605229703,2021.6860244310387,1.0155495732620796,34
1100000,-2715022.362928549,299.37635983709407,2020.8496171989011,1.0159698979613752,34
1102000,-2717314.2710778248,300.8639832379327,2022.2786606583586,1.0152519627104466,34
1104000,-2720963.2336311415,299.7886992804198,2021.844380215017,1.0154700329421538,34
1106000,-2718084.6986906175,300.16637809537514,2019.7741966488622,1.0165108469983029,34
1108000,-2715957.1287138145,299.8005556279909,2022.8651076913854,1.0149576319124893,34
1110000,-2718819.712653851,299.83154877556984,2022.793618118629,1.0149935025454702,34
1112000,-2718853.0105119813,298.79621674726,2020.7183886894804,1.0160358765836672,34
1114000,-2720062.7566214744,299.7063047101276,2019.5017386864554,1.0166479879914656,34
1116000,-2718250.7369647752,300.7392065874975,2021.1220904406018,1.0158329321576383,34
1118000,-2717414.1826356985,301.5571979538801,2021.3167697631502,1.0157350941195762,34
1120000,-2717906.1414212473,301.2715838182587,2018.5334612995002,1.017135667426134,34
1122000,-2715371.475856673,299.24540792972795,2020.0778828644757,1.0163580309435984,34
1124000,-2717189.729701817,299.93955285342616,2017.7934446333884,1.017508697355235,34
1126000,-2715273.0388566535,301.1405759449528,2019.9179117585402,1.0164385232830593,34
1128000,-2720920.6239290275,300.9585649032331,2019.247716111566,1.0167758829186728,34
1130000,-2719270.392378362,299.746033676501,2020.7615216644485,1.0160141893882404,34
1132000,-2714016.6310143694,299.4572963556608,2020.716687933529,1.0160367317401937,34
1134000,-2719707.1782457344,299.83260161072934,2022.4005134095387,1.0151907922133185,34
1136000,-2715740.266328344,299.5336618326936,2019.9595340063122,1.0164175790733616,34
1138000,-2717902.89151123,300.38890580666094,2020.624336651782,1.0160831690184036,34
1140000,-2720455.4231513217,299.97999758851046,2021.094816466944,1.0158466404707793,34
1142000,-2716169.186893882,300.02074473547947,2023.943314500135,1.0144169378023924,34
1144000,-2718394.733229628,300.31686318552136,2024.2393242741455,1.0142685969788001,34
1146000,-2715720.039311055,301.7657040995561,2020.6399560276084,1.0160753147815114,34
1148000,-2719958.1493858024,299.91484263756547,2019.2593315750719,1.0167700340794592,34
1150000,-2716602.5749844145,300.07772335550425,2020.164178849977,1.0163146148594897,34
1152000,-2718222.6886669584,300.09786423437527,2016.0664134172603,1.0183803299916003,34
1154000,-2718700.3794444483,300.4099566230946,2020.5987194984048,1.0160960509222339,34
1156000,-2717661.5909164753,301.249144446443,2022.8170496834357,1.0149817452360108,34
1158000,-2715973.3285274524,300.70654496565254,2021.4999805606153,1.015643036915324,34
1160000,-2719101.345103007,300.041138467369,2022.9013689692315,1.0149394384101973,34
1162000,-2718713.0571622513,300.5271629161783,2020.194350960229,1.016299435945344,34
1164000,-2718170.601624213,299.42701134643596,2021.049610649443,1.0158693624156523,34
1166000,-2713412.2637079842,300.19364998449237,2025.4480105492953,1.0136633321059922,34
1168000,-2716254.32129124,300.0485856849313,2020.705516724195,1.016042348767973,34
1170000,-2716984.8570618182,300.64361169532623,2023.3771231912433,1.0147007969244481,34
1172000,-2715389.3328856863,300.7764417174132,2023.5951575570143,1.0145914669313028,34
1174000,-2717988.635091247,300.19778281917814,2020.6384517466463,1.0160760712071604,34
1176000,-2718827.7377431374,300.3468426144446,2019.689500139708,1.016553474798394,34
1178000,-2717217.591639988,299.3865740392905,2019.4458255903783,1.01667613627646,34
1180000,-2713226.943363661,299.5553378850104,2022.2415242961936,1.0152706067567303,34
1182000,-2715986.808707606,301.2117720551292,2024.1043358270654,1.0143362390170116,34
1184000,-2718467.7066550907,300.42338985647126,2018.9275126713492,1.0169371443476232,34
1186000,-2716557.0823529363,299.17388259444857,2024.3103982587468,1.0142329857846346,34
1188000,-2717544.88674956,300.17949289999746,2023.136745922217,1.014821357735246,34
1190000,-2717485.9927900396,300.1920926463272,2022.1024193193944,1.0153404495069531,34
1192000,-2717243.40858588,300.2621557197478,2018.9253109184751,1.0169382533754154,34
1194000,-2717758.4943616465,300.80671381942165,2019.9461842702829,1.0164242965327088,34
1196000,-2719084.3733904287,300.25205392224876,2016.0418754550594,1.0183927250605458,34
1198000,-2720812.814864574,300.26217845057505,2022.6427648420731,1.0150692030587807,34
1200000,-2715825.5767746996,300.1090462404594,2024.0883861311333,1.014344231926163,34
1202000,-2719780.4786705226,300.54597513804754,2020.8796948857964,1.0159547768116288,34
1204000,-2717049.762055276,300.8808753101737,2021.1146702781668,1.0158366616072703,34
1206000,-2715053.438571317,299.8962256949786,2021.1916102385035,1.0157979921253386,34
1208000,-2719535.226400759,300.04067581730305,2020.3905029049106,1.0162007673412041,34
1210000,-2715968.1045717523,300.3425589793506,2018.2817455484176,1.01726252239524,34
1212000,-2719000.9937188607,299.5373884255296,2019.5025157449625,1.0166475968085076,34
1214000,-2716361.8320840243,300.4822543200999,2024.447060028305,1.0141645192500839,34
1216000,-2719932.9176149126,300.9849642434427,2020.0975193806105,1.0163481513557657,34
1218000,-2716014.655279927,298.93950094060483,2019.214315234408,1.0167927019388763,34
1220000,-2720570.528114356,299.64396369807713,2019.4149752290916,1.0166916679163163,34
1222000,-2719310.1336432565,298.5166400479467,2019.6409806539657,1.0165778962932535,34
1224000,-2718046.3178400584,299.3966926556836,2019.1644683634893,1.016817803378288,34
1226000,-2719073.7108427733,300.0213548276346,2021.2861707174013,1.0157504707273344,34
1228000,-2717306.07791142,300.39255393280587,2022.9028056086036,1.0149387176133537,34
1230000,-2716332.641170813,301.46415444404477,2022.3619351437674,1.0152101578370032,34
1232000,-2715919.960146388,299.7657275092044,2023.4511215254468,1.0146636889518914,34
1234000,-2716183.912026288,300.65973520311843,2018.313487018878,1.0172465241826172,34
1236000,-2720192.8338580206,299.9174659935198,2019.9289363144894,1.0164329756703847,34
1238000,-2719990.889813632,299.65919838848254,2019.278678278619,1.0167602924085166,34
1240000,-2719863.495040156,300.28945393840337,2019.6192013738892,1.016588858921608,34
1242000,-2718001.980852982,300.1437693364165,2023.2695625593942,1.0147547402352528,34
1244000,-2719646.525750844,300.06605471954634,2021.1711113850317,1.0158082944169557,34
1246000,-2718715.935910022,300.34271672247723,2021.235025706846,1.0157761731161639,34
1248000,-2718594.7379077077,299.6729404737886,2019.702596777028,1.0165468830198832,34
1250000,-2717886.5365939923,299.8959777373646,2022.314556168413,1.015233942275928,34
1252000,-2719860.628977891,301.55999327207303,2019.3268366451623,1.0167360439738602,34
1254000,-2719719.0933533814,300.7251978619638,2020.074255623624,1.0163598559138238,34
1256000,-2718234.458436534,300.320182758039,2018.2385115956151,1.0172843138136618,34
1258000,-2716788.1574715283,300.28456104310624,2020.1014555178629,1.0163461710167045,34
1260000,-2718855.624951536,299.2051821553021,2020.925408460296,1.01593179579304,34
1262000,-2713423.307683263,301.50350863798417,2021.8055550851454,1.0154895332129936,34
1264000,-2716773.188466275,300.88062534923074,2022.5257413730376,1.0151279350279334,34
1266000,-2717214.203946186,299.9438578705538,2026.8485984171446,1.0129628729961504,34
1268000,-2717807.03722845,300.61629500354184,2019.9694671820164,1.0164125808520688,34
1270000,-2717614.4821728766,299.9875835448277,2017.333585304097,1.0177406425677287,34
1272000,-2717674.8706732243,301.1919212828635,2024.1056158797116,1.0143355975466373,34
1274000,-2717067.5368369203,300.69592724846024,2019.4076810021543,1.016695340270255,34
1276000,-2716661.082252737,300.51713645046584,2022.5336309565516,1.0151239751745602,34
1278000,-2714596.9499001484,301.09501172870716,2019.1395460378703,1.0168303540038457,34
1280000,-2717431.7690408174,301.1560390520644,2022.194064252882,1.0152944347304254,34
1282000,-2717452.19218396,301.8629489661831,2021.4037286650735,1.0156913981437667,34
1284000,-2717845.491071243,299.94224505079524,2020.4013921824223,1.0161952903641016,34
1286000,-2716345.55878699,300.64582888047914,2021.1803953496208,1.0158036284661793,34
1288000,-2717005.2915190402,300.0680642495652,2019.6967966368409,1.016549802326602,34
1290000,-2715955.0251838434,299.2470397281513,2024.0196229167175,1.0143786928420169,34
1292000,-2717921.05732416,300.3133199482418,2019.8506634894836,1.0164723642657263,34.1
1294000,-2719953.697943788,299.85603404002273,2019.714663442324,1.0165408097209083,34.1
1296000,-2716243.1357913613,300.7230060828518,2018.679695338397,1.0170619856740972,34.1
1298000,-2714784.2593563907,300.74745566249567,2022.055642776925,1.0153639375429167,34.1
1300000,-2717084.460457647,300.5280720333406,2020.5839507626956,1.0161034777129025,34.1
1302000,-2716685.0451513864,300.69322660898564,2022.0967967014576,1.0153432727503473,34.1
1304000,-2718344.7288307417,299.3737603201394,2018.9467770611957,1.0169274409350217,34.1
1306000,-2717710.4099067803,301.5718525283445,2020.2574266085533,1.0162677054614122,34.1
1308000,-2715000.8518267144,300.71313419562523,2021.820317714912,1.0154821184611091,34.1
1310000,-2717712.0752405617,300.72616344235433,2018.7711620955101,1.0170159044919607,34.1
1312000,-2716616.541562563,299.50143755751276,2024.6990015624735,1.0140383226328673,34.1
1314000,-2717386.0786404405,299.82035963611816,2024.3660931001957,1.0142050819654944,34.1
1316000,-2716243.1560212057,300.77681797639616,2024.7353850963877,1.0140201008454803,34.1
1318000,-2714300.1017846484,300.71919638847135,2021.715134566562,1.0155349506353786,34.1
1320000,-2716054.9465716556,299.6517670807174,2018.998188454929,1.0169015460841182,34.1
1322000,-2717099.5050413106,299.75045251227175,2021.1241047355509,1.0158319197570935,34.1
1324000,-2716901.069325296,299.27250867395446,2023.8247867717857,1.0144763483482178,34.1
1326000,-2716040.18844622,300.0966883193015,2022.1334562259894,1.0153248654580387,34.1
1328000,-2714794.9487732407,300.6868929209426,2020.7911147904697,1.0159993105441452,34.1
1330000,-2717577.5054816175,301.1655131966535,2023.1424940740555,1.0148184744251132,34.1
1332000,-2718882.3610651083,299.0323364634074,2021.7710894026886,1.0155068445396682,34.1
1334000,-2716703.5595322847,299.60420227389227,2019.4745791422527,1.0166616607042862,34.1
1336000,-2719985.9667899515,299.66921655655204,2022.4568102991063,1.0151625334719558,34.1
1338000,-2720747.209642818,300.8657959184557,2020.4050006148511,1.0161934754447965,34.1
1340000,-2715380.1389471926,300.044668933603,2017.9989900217092,1.0174050579474099,34.1
1342000,-2716146.9065774307,300.07834427676164,2020.2973232184243,1.0162476363182698,34.1
1344000,-2720197.6010356024,300.30716053535497,2020.4215955911284,1.016185128817214,34.1
1346000,-2719477.9792082943,300.3719392723127,2021.3944811942863,1.0156960447264205,34.1
1348000,-2718450.4061776996,301.45663591262144,2022.4445598336529,1.0151686825718091,34.1
1350000,-2718473.1951434426,299.8421142385793,2018.9757574194014,1.0169128439685156,34.1
1352000,-2716682.058796756,300.97112180688174,2021.2425171386435,1.015772408294349,34.1
1354000,-2719253.4637543373,300.59406189223483,2020.6741901781654,1.0160581004896316,34.1
1356000,-2717502.0415413305,300.1323997159811,2021.55224516646,1.015616778784657,34.1
1358000,-2718507.8064605575,300.87025382176097,2020.0309650963861,1.016381637141333,34.1
1360000,-2718205.1945822984,299.51630583050576,2023.3780778453254,1.0147003181764234,34.1
1362000,-2719414.800579177,299.81047488471694,2019.9280530066892,1.0164334201531346,34.1
1364000,-2717569.205746293,300.2331482261574,2019.081428494225,1.0168596226017557,34.1
1366000,-2717854.706893746,301.2528215321426,2019.2422080469332,1.0167786564677093,34.1
1368000,-2716558.1656419653,300.1092273874342,2022.5471798982928,1.0151171749101529,34.1
1370000,-2719032.1339413635,300.7974551992903,2024.909024598479,1.0139331468424695,34.1
1372000,-2714369.6910002064,299.74173849465205,2021.1303132745602,1.0158287993090653,34.1
1374000,-2716801.47752003,299.04572236798606,2022.211182447008,1.0152858401744367,34.1
1376000,-2716480.141426202,300.4232675930902,2017.2712445930538,1.0177720943001052,34.1
1378000,-2718103.3925832734,300.1663445764588,2019.0290759052214,1.0168859893512652,34.1
1380000,-2716651.151187064,299.7270598564067,2022.0494798882225,1.0153670322124593,34.1
1382000,-2716749.3682997413,300.0436067213528,2024.924614965629,1.0139253403345594,34.1
1384000,-2716594.727693783,300.0918767654415,2022.3415130571323,1.0152204096711583,34.1
1386000,-2718375.947299406,301.24476817417496,2021.4770330865365,1.0156545663276701,34.1
1388000,-2717006.899305232,300.210732835042,2021.8596742824843,1.0154623515647603,34.1
1390000,-2716095.517834218,301.2855229736065,2021.4411499447228,1.0156725954831756,34.1
1392000,-2719720.085313376,301.7099990547888,2022.2209914836176,1.0152809154031,34.1
1394000,-2719182.1594762225,300.093023523599,2021.4899885222655,1.0156480571450714,34.1
1396000,-2721316.1424691807,299.6242448600796,2019.8412399922702,1.0164771065812623,34.1
1398000,-2719669.177167749,299.9148473564712,2019.4268068417605,1.0166857112250522,34.1
1400000,-2716905.7938902713,300.67102451689107,2022.3840045863137,1.015199079267256,34.1
1402000,-2718683.108977245,299.91697750827507,2019.6125408803252,1.0165922115367336,34.1
1404000,-2716636.2881980166,300.72173265686945,2022.5343953606243,1.0151235915148793,34.1
1406000,-2719454.982883865,300.7706850974635,2018.744730393013,1.0170292204211209,34.1
1408000,-2716209.022498522,299.9009779761598,2018.3764581998828,1.01721478718195,34.1
1410000,-2717052.614078462,299.6297258828117,2019.616533206029,1.0165902019635549,34.1
1412000,-2718427.9251347166,301.162391945477,2021.5855885433432,1.01560002753098,34.1
1414000,-2716817.698917888,300.6848643395815,2023.3367080770379,1.0147210650530438,34.1
1416000,-2717606.5152615253,299.5299775947372,2025.4801641797867,1.0136472406345478,34.1
1418000,-2716265.9546815306,300.37195023557587,2022.6046054266526,1.015088353834615,34.1
1420000,-2719551.383758506,300.5098108181556,2021.2848167921363,1.0157511511115205,34.1
1422000,-2717367.511048179,300.45219562422176,2019.3138330472186,1.0167425913596673,34.1
1424000,-2717498.761807302,300.07317788527837,2020.3791244972906,1.0162064903990276,34.1
1426000,-2712226.955381766,301.0888177380925,2023.0173148559575,1.014881268837305,34.1
1428000,-2719108.793441111,300.6181779570086,2020.5629115663166,1.0161140579331407,34.1
1430000,-2715915.4418623094,300.49442982452877,2019.4329117395694,1.016682637707564,34.1
1432000,-2718385.5338108707,300.5083925047924,2022.7300736420857,1.0150253887727303,34.1
1434000,-2721366.3614390846,301.0411140015267,2020.3734510393354,1.0162093440322477,34.1
1436000,-2719907.100224713,298.6859476940202,2021.4536420497332,1.015666318866955,34.1
1438000,-2718719.212861918,298.6337567727857,2016.7618713847455,1.0180291528276169,34.1
1440000,-2718552.6124911606,299.7093436201193,2022.5565147053373,1.015112489788681,34.1
1442000,-2718692.038718069,300.1689752385231,2022.4123063231618,1.0151848725216286,34.1
1444000,-2719860.4988261834,300.23482308220287,2021.1107202492276,1.0158386469434373,34.1
1446000,-2715606.368491141,300.6304109993562,2023.3705827461145,1.0147040768944846,34.1
1448000,-2718933.371744627,299.5451333524869,2013.5041506048315,1.0196762588068762,34.1
1450000,-2718004.568987198,300.0212484501128,2021.2744113095648,1.0157563801793013,34.1
1452000,-2716901.891710859,301.27393706806777,2024.0029523291137,1.0143870477156316,34.1
1454000,-2717874.5857155286,301.07092458724594,2018.3525225575459,1.0172268503319963,34.1
1456000,-2720774.742849732,300.16585841273445,2021.2645493839839,1.015761336143048,34.1
1458000,-2717152.783668205,300.09644129541897,2017.6709259128543,1.0175704833789772,34.1
1460000,-2717217.5756347068,299.9433233797415,2020.2810434693338,1.0162558254049254,34.1
1462000,-2717072.6733465455,300.0673731441432,2018.3391600937673,1.0172335849072405,34.1
1464000,-2717307.904353747,300.5687644567315,2024.7548227254447,1.0140103662611468,34.1
1466000,-2716320.2581243757,301.63015162078784,2022.9852993199922,1.0148973302331905,34.1
1468000,-2716884.8648283593,299.42272169201965,2023.0491396477505,1.0148653036368347,34.1
1470000,-2716008.9517698474,301.0647648559951,2023.0154745469538,1.0148821920606612,34.1
1472000,-2718034.9208254293,299.63125008435566,2022.2043145339628,1.0152892883397957,34.1
1474000,-2717281.2527459543,300.54595897546415,2020.7124111256678,1.0160388821668738,34.1
1476000,-2716466.2708042916,300.72893819717086,2021.0846634241777,1.0158517436386831,34.1
1478000,-2719447.2174958587,300.4549053447182,2021.04025598187,1.0158740645091187,34.1
1480000,-2718070.9221628364,299.3223783684404,2023.1983516298355,1.0147904567670838,34.1
1482000,-2719106.5582639202,300.751244139815,2020.6537755526729,1.0160683657047078,34.1
1484000,-2715950.8734609056,300.20681444577446,2022.7857409009619,1.0149974551760372,34.1
1486000,-2716332.740739407,301.4698510971335,2020.2116590520816,1.0162907288359142,34.1
1488000,-2716472.923983041,301.2861471316122,2026.4544338459775,1.0131599038643377,34.1
1490000,-2716416.1531803887,300.63672576954815,2020.3969157732306,1.016197541855332,34.1
1492000,-2716811.916465096,300.14012606676283,2017.4768959793807,1.0176683477627468,34.1
1494000,-2717607.430288151,299.5205615024133,2022.5413485021081,1.0151201016984852,34.1
1496000,-2717224.2017802224,300.5311224315919,2024.1063566716514,1.014335226315337,34.1
1498000,-2719602.4828331526,300.9780359665931,2022.4722963528945,1.0151547603807618,34.2
1500000,-2717303.3067322522,299.9918162931323,2021.2583642719583,1.0157644444036085,34.2
1502000,-2716443.853235716,300.19756640015595,2022.368938804215,1.0152066420654289,34.2
1504000,-2720347.220595628,299.9157880111448,2020.9179528850339,1.0159355437710094,34.2
1506000,-2718277.9526458587,300.3988594162337,2018.6957148728065,1.0170539146907607,34.2
1508000,-2720081.4538532384,300.5755074200306,2019.2379026945353,1.0167808244095953,34.2
1510000,-2718300.126127621,300.1588725581612,2021.5034547018552,1.0156412914385347,34.2
1512000,-2718310.423980275,300.3686883948157,2019.5417866464963,1.0166278276371379,34.2
1514000,-2716951.203779284,299.9253444527526,2019.054309295229,1.0168732806882816,34.2
1516000,-2717206.089470908,300.0794774451033,2017.5362388313195,1.0176384145496915,34.2
1518000,-2717769.1389454324,300.05648624252285,2018.2562540131314,1.0172753709041613,34.2
1520000,-2716823.7030751538,301.6090386326026,2018.490696712479,1.0171572168872403,34.2
1522000,-2719050.4030747525,300.85876139252565,2018.744987297454,1.0170290909945092,34.2
1524000,-2720181.167292511,300.8093536872083,2019.5296879544237,1.0166339180982549,34.2
1526000,-2718773.6812643073,301.2200827028658,2020.7316954241862,1.0160291858785666,34.2
1528000,-2717610.5862590913,300.55522718576924,2020.5862161591137,1.0161023385003511,34.2
1530000,-2715813.090504434,300.8475675015767,2018.9941075581044,1.016903601498879,34.2
1532000,-2716579.597628778,301.1381444919622,2017.1232235489967,1.0178467807080802,34.2
1534000,-2715007.4503342863,300.2433921883837,2020.3885171833995,1.0162017661054052,34.2
1536000,-2716857.7213925943,300.1084092260669,2020.8975276191813,1.0159458118589686,34.2
1538000,-2715681.213655632,300.4966930801793,2024.5659095130625,1.0141049840529308,34.2
1540000,-2715301.209386954,301.47572980575234,2024.087218758413,1.0143448169393852,34.2
1542000,-2716419.6218063924,300.06678280707496,2023.1055210959403,1.0148370205962618,34.2
1544000,-2718590.839466268,300.36577950541675,2017.5493333391307,1.0176318097673704,34.2
1546000,-2719662.3270105887,300.57773045558986,2024.2201475380107,1.0142782057959425,34.2
1548000,-2718046.003291901,300.21636491588475,2023.1775420787326,1.0148008944738245,34.2
1550000,-2717630.280453859,299.7803148759455,2021.781032577818,1.015501850248873,34.2
1552000,-2716329.5344449747,299.89812894568075,2022.7933916550119,1.0149936161799624,34.2
1554000,-2716360.2729514614,301.14180307187263,2025.874971128659,1.0134496988414903,34.2
1556000,-2716853.582004985,300.92533773439624,2021.4898885220298,1.0156481073877393,34.2
1558000,-2717194.2021411713,300.12431334635943,2020.6879056339367,1.0160512039768652,34.2
1560000,-2720892.003949819,299.83870410328143,2017.2017459207248,1.0178071596124516,34.2
1562000,-2719651.882559173,300.7322942735498,2019.6960175174,1.016550194471611,34.2
1564000,-2717668.3414065354,300.0823238528032,2017.5883201215843,1.017612145602194,34.2
1566000,-2719263.2508916594,300.2808031051406,2021.178496590385,1.0158045827443514,34.2
1568000,-2715949.860983895,301.6175628248774,2020.6075105632683,1.016091630189239,34.2
1570000,-2716073.8809026815,299.45743585829973,2022.637437561899,1.015071876577,34.2
1572000,-2716781.5859142244,299.88364756716106,2021.4737555898791,1.015656213049245,34.2
1574000,-2719592.1023119856,299.4776855136827,2018.3178272839261,1.0172443366581974,34.2
1576000,-2718080.0045012664,300.4141071018984,2021.8316234463493,1.0154764400613958,34.2
1578000,-2717809.2279371936,299.96356795162944,2019.5645598436668,1.0166163638461663,34.2
1580000,-2717330.1139104124,300.45896782271063,2021.38463307264,1.0157009931652483,34.2
1582000,-2717567.7840225454,299.1739370330305,2021.376538544209,1.0157050605027333,34.2
1584000,-2718354.5502924584,300.3338592448591,2021.6273945059002,1.01557902557145,34.2
1586000,-2715845.5736521278,301.61908074494903,2021.3788415623064,1.0157039032792143,34.2
1588000,-2718079.0627082866,299.98724436791656,2021.5454220271654,1.0156202067040478,34.2
1590000,-2717791.345282512,300.8477369438708,2015.518560235964,1.0186571435692882,34.2
1592000,-2719078.2423990127,299.78750379049603,2019.2153272240726,1.0167921923430487,34.2
1594000,-2719142.8535257094,299.97208668437224,2019.9796261708418,1.0164074690559313,34.2
1596000,-2720645.038624039,298.85210395111255,2021.3375995668473,1.015724627009766,34.2
1598000,-2717385.2807198092,298.6895654328209,2022.6408153931184,1.0150701813963983,34.2
1600000,-2717370.653498212,300.55551433117427,2017.6443326600167,1.0175838953112522,34.2
1602000,-2718444.8860950246,299.70577510930303,2019.7181427383773,1.0165390585624903,34.2
1604000,-2717428.319427617,300.47844293076395,2019.3156544143324,1.0167416742858484,34.2
1606000,-2720127.5877403393,300.25336428325994,2018.4773081450853,1.0171639636947933,34.2
1608000,-2718591.048884861,299.95583512359303,2018.647668091944,1.0170781220684706,34.2
1610000,-2715615.297588641,299.91615358315346,2020.9479846726615,1.0159204467171883,34.2
1612000,-2718897.542867901,301.3820052095425,2020.3672165590485,1.0162124798666996,34.2
1614000,-2720704.6381359026,300.58406083574414,2019.1978547345284,1.0168009908324627,34.2
1616000,-2719290.2563918345,300.0409512821728,2023.169885123733,1.0148047351225213,34.2
1618000,-2719249.5151374955,300.6400015689651,2019.464659562474,1.0166666545309437,34.2
1620000,-2717800.7302165236,300.8054362002602,2017.9826959143845,1.0174132729371819,34.2
1622000,-2716672.126638461,299.6651074401679,2022.7708958613096,1.015004904204249,34.2
1624000,-2719176.1311765276,301.0765701465962,2023.1998434247384,1.0147897085171094,34.2
1626000,-2716292.945282651,300.52129836040876,2019.533763701242,1.0166318663660525,34.2
1628000,-2716902.9474191293,299.21820260130636,2017.6900215209278,1.017560852996247,34.2
1630000,-2720107.020794036,299.32898733347133,2023.0743174084016,1.014852673336757,34.2
1632000,-2718912.6101096217,300.55187520459685,2020.183875557442,1.0163047058349184,34.2
1634000,-2720014.891983347,298.8407143574905,2017.268779679527,1.0177733379222875,34.2
1636000,-2718843.5684292987,299.39767079937764,2017.247853258047,1.0177838960467172,34.2
1638000,-2718760.53214146,300.71465617870786,2019.222377396987,1.0167886421839112,34.2
1640000,-2716614.33080543,301.2674273071211,2022.8987722908023,1.014940741229391,34.2
1642000,-2720115.479728896,299.59322580710796,2022.255092131776,1.0152637950420669,34.2
1644000,-2719064.9564396236,300.9622044652608,2021.3334411035175,1.015726716646997,34.2
1646000,-2718900.9324493464,300.02760095023706,2020.5655464688937,1.0161127328776114,34.2
1648000,-2716250.2927066423,300.2413623309516,2021.0466739460703,1.0158708385354374,34.2
1650000,-2718236.115447469,299.7640690687303,2022.5931470332673,1.015094104512499,34.2
1652000,-2716440.492866503,300.1799076977934,2022.28537116109,1.0152485938233617,34.2
1654000,-2714832.1573295537,300.13102199755315,2022.9636399789042,1.0149081964727067,34.2
1656000,-2717096.9222433306,300.2013527868373,2019.5360883078038,1.0166306961621023,34.2
1658000,-2716451.520063609,300.6021541681444,2018.694964727153,1.0170542926272925,34.2
1660000,-2720296.2424628567,299.8926830626527,2019.0150275970707,1.016893064844779,34.2
1662000,-2717168.318268055,301.22665017331065,2022.1279351438336,1.0153276376327858,34.2
1664000,-2715523.7671678495,300.56872344440075,2019.4202238630128,1.0166890254537357,34.2
1666000,-2718906.544527456,299.63370870793517,2021.1754079957827,1.0158061350136591,34.2
1668000,-2715167.0935425702,300.4555868250974,2020.2985985334929,1.0162469948111557,34.2
1670000,-2717129.408051867,299.7147961554607,2020.6552407858499,1.0160676289253456,34.2
1672000,-2719743.6126094647,299.2349440061601,2020.898631446985,1.015945256942845,34.2
1674000,-2719810.0666735563,301.3934912529853,2020.7838407692004,1.016002967739163,34.2
1676000,-2718976.5206992663,299.6527657242808,2020.918653640771,1.0159351914942565,34.2
1678000,-2718580.2963316813,300.02171946078744,2020.1303663141862,1.016331625729116,34.2
1680000,-2717632.2774664387,300.59598791620186,2021.5950318818936,1.0155952834280608,34.2
1682000,-2718547.125204835,299.95181880391016,2021.7545820271955,1.0155151360271453,34.2
1684000,-2718619.1696929894,299.8416023927522,2022.1913335814133,1.0152958057359773,34.2
1686000,-2717599.603807889,299.78666094632416,2020.581146411003,1.0161048879564423,34.2
1688000,-2719969.2256568745,300.5956281796779,2022.9567635958867,1.014911646322754,34.2
1690000,-2716579.2898090817,301.6273734222706,2024.455942429896,1.0141600695525872,34.2
1692000,-2715940.866098726,299.7876871253855,2023.295526525435,1.01474171838191,34.2
1694000,-2717730.934871625,301.07242998166225,2019.3767367357277,1.0167109197760063,34.2
1696000,-2718245.948486859,300.4556068488206,2017.1554573119495,1.017830515708904,34.2
1698000,-2716720.734764641,300.2218257025504,2018.589526066792,1.0171074172674157,34.2
1700000,-2719939.232242711,301.376257707248,2018.8902339255717,1.0169559220605662,34.2
1702000,-2718421.969836859,300.3994723811324,2019.9690210689005,1.0164128053282755,34.2
1704000,-2717099.504242765,299.8757934646894,2019.7191890310053,1.016538531955956,34.2
1706000,-2718317.1948325355,299.90636562879894,2023.4726259644233,1.0146529056217386,34.2
1708000,-2716724.554417476,300.43314552456627,2020.9290253590577,1.015929977558749,34.2
1710000,-2714196.809786752,300.1493596805294,2023.4490214550333,1.0146647420375734,34.2
1712000,-2716163.6886443924,301.7023502744162,2022.7314870492523,1.0150246795119273,34.2
1714000,-2718026.8051250037,300.2922708918281,2017.2653498840098,1.017775068361187,34.2
1716000,-2718952.1232700124,300.455557413149,2021.9700587358384,1.0154069149097538,34.2
1718000,-2716836.614249138,300.2133720668542,2023.0193075251475,1.014880269181677,34.2
1720000,-2717450.4561370593,301.05476244222547,2020.8950825265217,1.0159470410576878,34.2
1722000,-2717134.965698583,301.44911509184584,2019.714338238576,1.0165409733989468,34.2
1724000,-2715581.544394009,300.0534861389662,2023.000088576409,1.014889910768931,34.2
1726000,-2718055.708512692,300.0593276570446,2020.319228710591,1.0162366175622632,34.2
1728000,-2720491.3976485357,299.7585383877549,2018.0953207294788,1.0173564936658748,34.2
1730000,-2717291.1192113645,299.7456072632183,2018.112757035437,1.017347703800675,34.2
1732000,-2716702.0930473823,299.55239109962713,2021.9842485185586,1.0153997890364908,34.2
1734000,-2716828.3128041737,300.69557479655964,2016.2864604522754,1.018269189250179,34.2
1736000,-2717531.1946462058,299.054034946834,2022.4829278782572,1.0151494240471723,34.2
1738000,-2717702.3879387826,300.3646646963068,2020.4469944970874,1.016172354420957,34.2
1740000,-2720169.7551392205,300.3329185555593,2023.4118989328342,1.0146833575821546,34.2
1742000,-2721396.853627624,301.70049149588453,2014.6397735232713,1.0191014822418005,34.2
1744000,-2717807.115515817,300.36719316882755,2018.7352238654737,1.017034009764556,34.2
1746000,-2719343.1116378903,301.2261880802936,2017.5554780001412,1.0176287104709336,34.2
1748000,-2717663.6340963375,300.8936958846912,2018.906399969094,1.0169477789620565,34.2
1750000,-2717583.022919098,300.3899845238511,2017.8261499240932,1.0174922053904822,34.2
1752000,-2716546.4118593857,300.1364073415075,2020.061404961817,1.016366321507766,34.2
1754000,-2719172.727538837,300.442021332467,2021.8046686943287,1.0154899784195017,34.2
1756000,-2715532.2211208344,300.34409596025654,2020.6945572883933,1.0160478593736473,34.2
1758000,-2716760.384384416,300.8155997957953,2021.8954305100149,1.0154443936118693,34.2
1760000,-2716333.1382467113,300.93026251359834,2020.2392519612258,1.016276848094949,34.2
1762000,-2716599.131955046,300.08905405272196,2023.4810653251207,1.0146486737947154,34.2
1764000,-2717419.7996488344,300.5374103893742,2018.9824606353711,1.0169094677200596,34.2
1766000,-2716697.1921751425,299.2241463732845,2017.145709672727,1.0178354342651637,34.2
1768000,-2717944.5855425,301.1906277178129,2018.1607676627611,1.0173235018132771,34.2
1770000,-2717643.9744904917,299.88808410810685,2023.5782425414272,1.0145999478637997,34.2
1772000,-2719264.6857616175,301.10562507714815,2021.2386325268212,1.0157743605039704,34.2
1774000,-2716158.8582657427,300.81269620293585,2019.0283518764159,1.0168863540092195,34.2
1776000,-2720819.8556509893,299.89374626478536,2017.6218622147783,1.0175952282392022,34.2
1778000,-2715315.666189639,300.8893941218485,2023.0352870870802,1.0148722528399854,34.2
1780000,-2717780.033487357,300.57220973247723,2015.9212513201012,1.018453661340387,34.2
1782000,-2718976.0918617565,299.6226854732611,2022.0717119777732,1.0153558685476627,34.2
1784000,-2718666.574121112,300.60136744841134,2019.2183552100837,1.0167906675785148,34.2
1786000,-2717183.9316356964,300.44856425183553,2020.0369047800286,1.0163786485893067,34.2
1788000,-2717430.300955739,299.819205232388,2019.9470862650624,1.0164238426547754,34.2
1790000,-2718549.705383297,300.62830643992663,2020.0786234411964,1.0163576583387457,34.2
1792000,-2718867.882676862,300.7315183829522,2019.9596621434969,1.0164175145963874,34.2
1794000,-2717935.628065992,300.4168311304653,2021.3179465521564,1.0157345027698117,34.2
1796000,-2717119.7540739644,299.37426169242343,2022.7286454401972,1.015026105458669,34.2
1798000,-2718115.2644506283,301.7445145113947,2022.920903121114,1.0149296377397359,34.2
1800000,-2719643.112280922,299.8928025103472,2017.953038766081,1.0174282255033427,34.2
1802000,-2718301.9998662863,299.52152446484234,2019.3668159114186,1.016715914713196,34.2
1804000,-2719067.966010729,300.7097063967596,2017.8729260024124,1.0174686190216504,34.2
1806000,-2720722.3667939585,300.497836497627,2018.712385842774,1.0170455156363012,34.2
1808000,-2719172.598698763,300.8114659263718,2020.7610332449844,1.0160144349596354,34.2
1810000,-2719387.9443958607,299.97339998879494,2018.1727580108945,1.0173174577008974,34.2
1812000,-2719027.4682141263,300.17762399083256,2016.753920016665,1.0180331665669384,34.2
1814000,-2716859.923168659,300.9810372492932,2019.6027403749886,1.0165971447432474,34.2
1816000,-2716463.3000951763,299.884164886363,2022.135499717166,1.0153238394103756,34.2
1818000,-2718453.7103098277,299.0108510827166,2023.7073570214002,1.0145352154091816,34.2
1820000,-2716634.816258803,300.2060419651876,2022.8902304299802,1.01494502692044,34.2
1822000,-2717144.2666505184,300.43383987451136,2023.2604859902845,1.014759292536646,34.2
1824000,-2719743.8593300357,300.02739557107094,2020.1290967876378,1.0163322644308619,34.2
1826000,-2718701.275255503,302.26287654622683,2021.2524252953433,1.0157674289894056,34.2
1828000,-2719559.67302908,300.545570065509,2024.6800274000518,1.0140478256296743,34.2
1830000,-2717176.762576347,301.10603163527486,2020.6715045185556,1.0160594509249676,34.2
1832000,-2719992.9578245785,300.3732979048389,2022.1567973859396,1.0153131458623492,34.2
1834000,-2717374.894730076,299.4949893181693,2022.8722275921584,1.0149540595674202,34.2
1836000,-2716784.4501712173,300.122948025589,2018.5721624478624,1.0171161663554755,34.2
1838000,-2714707.023459375,299.88143863059236,2022.2579653142852,1.015262352576156,34.2
1840000,-2717542.49331679,299.3372234645706,2021.779542626229,1.015502598623542,34.2
1842000,-2718630.889001146,300.2391728619195,2017.0336369434892,1.017891988401368,34.2
1844000,-2719867.268080851,299.97965232683936,2016.213614976262,1.0183059791534164,34.2
1846000,-2717172.990125628,299.8950572712494,2019.2037510476387,1.0167980216536419,34.2
1848000,-2717730.045815399,300.3009677985406,2023.3541837843004,1.0147123009086205,34.2
1850000,-2716854.4181124326,299.09549133819155,2023.3426259329308,1.0147180972052074,34.2
1852000,-2717051.962604912,300.5718808184614,2023.7249698083128,1.0145263857545441,34.2
1854000,-2718610.680387581,300.1566166286702,2022.6920721528834,1.0150444586434648,34.2
1856000,-2715106.804967383,300.784290147214,2024.3565419936895,1.0142098670814343,34.2
1858000,-2718602.0597811677,300.46304878774714,2020.9771746568579,1.0159057732700278,34.2
1860000,-2715374.4763087314,301.88841827689015,2021.4809608031715,1.0156525929213345,34.2
1862000,-2718974.151508685,298.920853937833,2018.0387569553095,1.0173850092346464,34.3
1864000,-2717302.1608623546,300.1803140512452,2021.2233249416222,1.0157820533958812,34.3
1866000,-2718166.263817344,299.6503199064637,2020.236777728826,1.0162780927535613,34.2
1868000,-2716912.896969069,301.226727807392,2018.1216266034608,1.0173432325960936,34.2
1870000,-2719189.6905832253,300.7347865428875,2016.523838206468,1.0181493223541234,34.2
1872000,-2718510.014088491,301.8967396600162,2020.362064364984,1.0162150713447318,34.3
1874000,-2717504.6569240484,300.4734664850832,2023.9407223921332,1.014418236989781,34.3
1876000,-2716441.873841308,300.686746853758,2020.7309194238217,1.016029576053731,34.3
1878000,-2713374.729368966,299.3264466922758,2026.298223548247,1.0132380098451812,34.3
1880000,-2717835.9738424122,299.86437444929544,2023.0862980348625,1.0148466634246718,34.3
1882000,-2719682.9851859976,300.69045680804425,2020.5097321333271,1.0161408018624543,34.3
1884000,-2720057.5941787213,300.0282899344335,2018.8540857629177,1.0169741309486386,34.3
1886000,-2714737.0786292516,299.2362135316573,2022.6514243584463,1.0150648572736998,34.3
1888000,-2715990.000259485,299.96596547679985,2020.1612725765274,1.0163160769646302,34.3
1890000,-2719601.456513902,300.3521156271264,2023.035093791311,1.0148723498084034,34.3
1892000,-2718716.8811640535,299.84510713619835,2019.9980762977386,1.016398185459574,34.3
1894000,-2718967.7823740784,301.4620891715095,2019.482302917592,1.0166577723482197,34.3
1896000,-2717311.716599444,300.0320979376445,2019.5639053105895,1.0166166933277119,34.3
1898000,-2717580.9071168005,299.3876439141349,2022.3905913431208,1.0151957728488645,34.3
1900000,-2716561.0483036265,301.0228374062688,2020.664850044367,1.0160627970223621,34.3
1902000,-2717813.3867188767,299.9379632571238,2021.0215500062452,1.0158834671379466,34.3
1904000,-2716900.764043618,301.0488424976219,2022.3407323240215,1.01522080160125,34.3
1906000,-2717474.1531128995,300.5449627649991,2020.2596580939526,1.016266582939098,34.3
1908000,-2719193.701000102,299.65943024076,2019.6199613373753,1.0165884763890387,34.3
1910000,-2718700.071549764,300.4094679649228,2021.204726153205,1.0157914004527353,34.3
1912000,-2718413.4295867514,300.3435573906415,2021.8383046938454,1.015473084377904,34.3
1914000,-2719630.146854941,300.2009637509469,2017.197828807128,1.0178091360503634,34.3
1916000,-2719144.874047952,300.20223027403694,2021.3615749507449,1.0157125794928008,34.3
1918000,-2716565.5487898495,300.13225569125274,2019.7958939663627,1.016499927301587,34.3
1920000,-2719360.901284581,300.41374265580004,2023.7235913149436,1.014527076816259,34.3
1922000,-2715166.519818479,300.8455336674795,2021.8567745009643,1.0154638079582092,34.3
1924000,-2715858.1707487423,300.2431951422958,2027.0591562997192,1.0128576529205537,34.3
1926000,-2716961.9538194947,299.591864334285,2023.5227360332724,1.0146277789819174,34.3
1928000,-2715946.0215052534,300.20300401083523,2020.4361353717447,1.016177815985801,34.3
1930000,-2719036.0054491106,300.26107809484625,2020.0530762416843,1.0163705120068889,34.3
1932000,-2718684.7871966325,300.6057825747649,2022.5548850287155,1.0151133077170869,34.3
1934000,-2718165.598048851,301.361342121497,2021.599771130698,1.015592902561778,34.3
1936000,-2717280.305238476,300.61589206405114,2018.1248918329136,1.017341586583451,34.3
1938000,-2717702.567521019,300.0969903045489,2023.4574147553365,1.0146605332087517,34.3
1940000,-2718169.1145686246,300.63852668889075,2020.7848790211478,1.0160024457305756,34.3
1942000,-2718974.047141347,301.1282451137109,2018.1725776532812,1.0173175486152972,34.3
1944000,-2718522.232597485,300.1951040129618,2020.9722531505738,1.0159082472211867,34.3
1946000,-2716150.5478646215,300.39291313731485,2022.6860456824863,1.0150474829068667,34.3
1948000,-2719748.9878307283,299.63810452212186,2020.1655580767842,1.0163139209914274,34.3
1950000,-2718597.817855362,299.3941841533252,2018.0264995229372,1.0173911888006482,34.3
1952000,-2716768.7091458626,299.63460616457013,2021.8290001087348,1.015477757649353,34.3
1954000,-2719389.6833452173,300.01736264312296,2019.1754555032967,1.016812270466656,34.3
1956000,-2718073.9751811773,300.33006222134946,2021.4620134970241,1.0156621127047827,34.3
1958000,-2717211.348133007,300.55171601136794,2024.7730412374526,1.0140012423940972,34.3
1960000,-2716762.3944650386,300.18977774571516,2024.2685165597825,1.014253970056357,34.3
1962000,-2717074.3912073933,300.7863571412333,2019.5933067917458,1.0166018933001757,34.3
1964000,-2715042.291585248,300.40088922626103,2025.0982788145589,1.0138383903929329,34.3
1966000,-2715405.3063718714,300.8332165315597,2021.7890205418662,1.0154978380635322,34.3
1968000,-2716004.407955466,299.31557142525605,2019.8305236990175,1.0164824995420234,34.3
1970000,-2717606.014064392,300.4571838530983,2018.5719499612476,1.0171162734230341,34.3
1972000,-2718789.7474119794,299.48296620257173,2021.4538332796785,1.0156662227847137,34.3
1974000,-2717615.071855612,300.058623494629,2019.7983367467325,1.016498697928326,34.3
1976000,-2718570.713039439,299.23194053765735,2017.1794187031498,1.0178184252448945,34.3
1978000,-2719156.116036162,300.28787325097494,2019.0438557057116,1.0168785455446328,34.3
1980000,-2716997.9401799254,300.9181334029043,2020.0009949405853,1.0163967168943107,34.3
1982000,-2717147.291515719,299.2628271283694,2021.0803021345732,1.015853935745372,34.3
1984000,-2714677.1755407304,300.3070450825488,2019.2946886083603,1.016752230847398,34.3
1986000,-2717861.9963257387,300.6991240635127,2022.4546804576587,1.0151636025368207,34.3
1988000,-2717094.507442059,299.6706880038389,2017.1357692920374,1.017840450125697,34.3
1990000,-2715548.745450001,300.3513743467957,2019.5761990238946,1.016610504903539,34.3
1992000,-2717292.260262111,299.3315309289133,2020.6432016489985,1.016073682729018,34.3
1994000,-2720651.0200010464,300.4128832335802,2018.3625431824837,1.0172218000754016,34.3
1996000,-2716000.07630956,299.414252432201,2023.730294348125,1.014523716482781,34.3
1998000,-2714710.792463476,300.07443297687473,2022.1342762737997,1.0153244537074728,34.3
2000000,-2718782.038996758,299.40862036237354,2022.3213642592702,1.015230524517978,34.3
2002000,-2715985.5584984086,300.2162492085246,2018.0874735340733,1.0173604495871653,34.3
2004000,-2716672.2283352055,300.72226072825725,2021.8535586000635,1.0154654231251243,34.3
2006000,-2718296.151463419,300.8604291851314,2023.0028353604355,1.0148885327761044,34.3
2008000,-2717097.0841809474,299.6095417138299,2020.5781762054219,1.0161063816083309,34.3
2010000,-2717456.7493518647,300.7353587206057,2022.841843392089,1.0149693047371344,34.3
2012000,-2718715.801312607,299.1078589430344,2022.4343003010472,1.0151738323836956,34.3
2014000,-2714986.1148852967,299.9912778132562,2024.6194216601452,1.0140781805290273,34.3
2016000,-2717075.876728244,299.6447974266076,2019.743431573656,1.0165263306642809,34.3
2018000,-2718802.716516666,300.4396735229917,2019.662919530407,1.016566853570904,34.3
2020000,-2717643.5379565638,300.181473995722,2019.4814507106894,1.0166582013706158,34.3
2022000,-2719691.660737667,299.5042124351563,2017.805145623455,1.0175027969544028,34.3
2024000,-2716439.8514514286,300.61686918075065,2019.7305901320922,1.016532793735909,34.3
2026000,-2717841.982790673,300.68696541324823,2019.5769389969576,1.0166101324174135,34.3
2028000,-2715873.3748862594,299.76770500411044,2024.0103241886313,1.0143833531105582,34.3
2030000,-2715593.5329552274,301.5536085782659,2024.0711445529935,1.0143528723810122,34.3
2032000,-2717531.486673394,300.73543559233644,2022.6906309538654,1.0150451818786719,34.3
2034000,-2717120.022726884,301.5270405927195,2024.9920450183595,1.0138915777134507,34.3
2036000,-2718278.140230166,299.8988128102246,2019.1450753289957,1.0168275694832476,34.3
2038000,-2716129.799276406,299.9160055312991,2021.5176002434362,1.0156341845025785,34.3
2040000,-2717790.1761010215,301.4768102039446,2019.3530330484928,1.016722854191265,34.3
2042000,-2716225.669808926,299.65498444109085,2024.7056962687845,1.0140349697066762,34.3
2044000,-2716413.404273052,300.45941626212596,2024.8075868046762,1.0139839423561516,34.3
2046000,-2717153.7757165115,299.7389624830472,2020.6814366649128,1.0160544567428114,34.3
2048000,-2718020.3245482594,300.1558025750606,2017.6361251414,1.01758803472899,34.3
2050000,-2719475.560322061,299.65467163716175,2017.8109241246718,1.0174998830831972,34.3
2052000,-2715646.27259833,300.17431037845415,2022.887344727698,1.014946474766356,34.3
2054000,-2716542.760891579,299.7931172465756,2022.0542121460796,1.0153646559267064,34.3
2056000,-2717780.5287602544,300.3676296995845,2020.6547026722037,1.016067899510842,34.3
2058000,-2716829.535682941,299.6917340610349,2023.269540730391,1.0147547511834156,34.3
2060000,-2718273.011640139,301.2872005740325,2021.9225819041087,1.0154307577134636,34.3
2062000,-2716111.9553773683,299.7284091754747,2025.4041823340872,1.0136852670141236,34.3
2064000,-2716626.985809164,300.62208769921364,2025.6706631174184,1.0135519148118513,34.3
2066000,-2717085.9886857793,301.26293852866837,2019.9709150989258,1.0164118522866465,34.3
2068000,-2717263.643502569,299.2378546781136,2018.9037729063336,1.016949102247334,34.3
2070000,-2721157.8405932523,299.4802518810252,2018.4256420954289,1.017190000246629,34.3
2072000,-2716601.2961830683,301.1377989504114,2021.0282253341604,1.0158801117393523,34.3
2074000,-2717705.564173799,300.38286915445326,2019.3379204532787,1.0167304632797614,34.3
2076000,-2716328.1966649927,300.4249737961215,2022.639330720159,1.0150709264858602,34.3
2078000,-2717837.1410338767,300.90582611056755,2022.9110870490326,1.0149345626336401,34.3
2080000,-2716173.7995793205,300.2586805751545,2025.8180733103977,1.0134781629358434,34.3
2082000,-2715764.578502035,299.7665374021155,2019.8736771634094,1.0164607829654648,34.3
2084000,-2718267.2702581976,300.4758885183303,2017.6301123198368,1.0175910672844817,34.3
2086000,-2716877.252448652,300.79079555318305,2020.7029039018478,1.0160436625376268,34.3
2088000,-2717760.591729097,300.79647441819543,2020.7788167651759,1.01600549369745,34.3
2090000,-2721038.7460213024,298.8080087267757,2017.4040742212737,1.0177050822965972,34.3
2092000,-2714775.8014813922,299.7476854020811,2024.8053775714643,1.0139850486980386,34.3
2094000,-2717887.5232619178,299.8820738649812,2021.2766249929168,1.0157552677323651,34.3
2096000,-2720222.749647297,299.9151529884515,2021.4511014490452,1.0156675953769563,34.3
2098000,-2715967.031153431,300.636704014268,2024.5759305912818,1.014099964520092,34.3
2100000,-2721105.3306456488,300.24198001227916,2021.3467056688307,1.0157200512029463,34.3
2102000,-2721943.835924765,300.42690504690034,2020.028851294159,1.0163827007052353,34.3
2104000,-2716467.6368574128,299.0965359752758,2022.9643824842383,1.0149078239625646,34.3
2106000,-2718262.6956523005,301.7229285427771,2022.8464785114877,1.0149669790520348,34.3
2108000,-2718658.4604564533,300.30159604851644,2022.2245572056247,1.0152791251916762,34.3
2110000,-2721805.856063295,300.2149244361484,2020.9462113306345,1.0159213381681405,34.3
2112000,-2715968.0499264393,299.334148197184,2024.6102092919507,1.014082794780963,34.3
2114000,-2717377.4129420724,299.0892131597918,2018.7434820797305,1.0170298493128527,34.3
2116000,-2719567.2363608126,300.56209924216404,2015.9819014885816,1.0184230214888566,34.3
2118000,-2717663.1849458106,300.31864320910785,2021.7430510200802,1.0155209280155255,34.3
2120000,-2718758.00096225,299.4867360537012,2021.7425130074985,1.0155211982591559,34.3
2122000,-2718796.338752508,301.39736226037337,2020.5750897102546,1.01610793374438,34.3
2124000,-2717423.4135066736,300.64516949969374,2022.0260726474062,1.015378786235299,34.3
2126000,-2717474.5124336313,300.46505195717396,2022.120936140368,1.015331151904127,34.3
2128000,-2720511.428789897,299.80180805316274,2018.8709747590538,1.0169656233855586,34.3
2130000,-2719701.4601260144,300.11142939586097,2017.4190641936734,1.0176975204710124,34.3
2132000,-2719787.7026402615,301.0875772641569,2018.4431055847758,1.0171811995592654,34.3
2134000,-2717025.449454345,300.79889910588605,2023.4958649476637,1.0146412527677462,34.3
2136000,-2719093.554751357,300.7313705105297,2020.5898373721402,1.0161005174860334,34.3
2138000,-2719163.9567024726,300.2658757004565,2018.857181067061,1.0169725717277733,34.3
2140000,-2720897.340208035,300.17638016478105,2017.6408816763933,1.0175856357921227,34.3
2142000,-2720712.419600919,300.80162619152975,2017.5156978072885,1.0176487754778127,34.3
2144000,-2717777.9069393743,300.4881939288627,2021.9015430131547,1.0154413237754247,34.3
2146000,-2716597.4956266657,299.5806299728043,2021.0156491851853,1.0158864332439042,34.3
2148000,-2719472.1864902675,300.1318714734434,2019.661539857469,1.0165675480089322,34.3
2150000,-2720761.5954912193,300.12551812305134,2017.9675063574662,1.017420931165954,34.3
2152000,-2720562.738051243,301.05724362211845,2020.6525662775318,1.0160689737786721,34.3
2154000,-2717140.252280876,300.9519833503603,2018.1270101730565,1.0173405187242375,34.3
2156000,-2718228.562451182,301.20803699561714,2019.6399221265385,1.016578429098915,34.3
2158000,-2720984.802890433,302.5489089109415,2019.5900917794393,1.01660351164224,34.3
2160000,-2716834.4120502397,300.2302057506781,2015.6462188592716,1.0185926280966058,34.3
2162000,-2719213.696987517,300.2549704794499,2018.3284075555898,1.0172390041655315,34.3
2164000,-2716130.792265618,299.76229709665506,2018.8226737552106,1.016989954626297,34.3
2166000,-2718600.415224118,299.66488316584594,2021.4233860842276,1.0156815210088321,34.3
2168000,-2719813.6222513374,299.81800336422884,2021.0380955336857,1.0158751504576136,34.3
2170000,-2720173.951537093,299.6681459865197,2020.7930806862648,1.0159983221456832,34.3
2172000,-2717832.3018128704,300.7093583933401,2022.031210102047,1.0153762064222716,34.3
2174000,-2719461.9468435664,300.40246718984673,2018.279588503137,1.0172636095990824,34.3
2176000,-2720081.4916367866,299.2089109458788,2018.1191046416966,1.0173445039287559,34.3
2178000,-2718482.3033313956,300.5076006465709,2019.7880424470286,1.016503878740384,34.3
2180000,-2717223.7195699643,300.2056169897079,2020.7807708651603,1.0160045112176344,34.3
2182000,-2714756.1031175237,300.9976454109274,2024.0172562562714,1.0143798789435297,34.3
2184000,-2717466.7343276236,301.22378288635616,2024.0582347243187,1.0143593421167012,34.3
2186000,-2716452.397356512,299.3246098568101,2022.727041969371,1.0150269100975122,34.3
2188000,-2717915.976651294,301.326226994627,2020.3427174257406,1.0162248026893566,34.3
2190000,-2718378.2778643407,299.5335694934982,2021.4587351550306,1.0156637598755596,34.3
2192000,-2718459.227807928,298.82994264629974,2020.0966784116297,1.0163485744628764,34.3
2194000,-2718559.9384108465,300.7630427909138,2020.435700942653,1.0161780344818439,34.3
2196000,-2716567.462557964,299.64913738896956,2019.925984919744,1.0164344608213092,34.3
2198000,-2717201.8738761563,299.61858947893387,2022.290430949396,1.01524605366252,34.3
2200000,-2716587.178623112,301.18027222624374,2019.7748750261383,1.0165105055850752,34.3
2202000,-2718279.4674541187,299.34842929029816,2021.2971073706888,1.015744974795695,34.3
2204000,-2716299.1065876614,299.75759841964174,2022.2536116865751,1.0152645382932617,34.3
2206000,-2719481.4683823176,301.23597615465326,2022.0487613003895,1.0153673930496505,34.3
2208000,-2719292.415158963,300.9682145715867,2026.711611252608,1.0130313400197675,34.3
2210000,-2716668.847410023,300.1820341065482,2019.6143069307293,1.0165913225783418,34.3
2212000,-2715652.867034169,301.2029359535613,2021.9004764727756,1.015441859414635,34.3
2214000,-2718199.5625301655,301.19054850981166,2019.5170569324089,1.016640276611225,34.3
2216000,-2719623.6207976714,299.8376641673139,2019.8027931402546,1.0164964551756037,34.3
2218000,-2716330.067347415,300.98423954624104,2020.4028683985919,1.0161945478765795,34.3
2220000,-2719699.8807655443,300.4593434959869,2019.9742725537478,1.0164101628805382,34.3
2222000,-2713635.3821528517,299.43155981736624,2020.494436943976,1.0161484940716914,34.3
2224000,-2718237.9698456656,300.14443736636895,2022.2769357743873,1.0152528286610025,34.3
2226000,-2718762.3453228064,298.8835731920871,2018.059231399383,1.0173746872420364,34.3
2228000,-2719684.3756718542,300.0490553043558,2020.6733239689418,1.016058536046873,34.3
2230000,-2716503.2092594933,300.084953293927,2022.0501575091625,1.0153666919469324,34.3
2232000,-2714933.0921693854,301.1244291958228,2021.0211944590908,1.0158836458567435,34.3
2234000,-2717860.329234002,300.3433609391138,2023.695114560505,1.0145413528987726,34.3
2236000,-2718382.9867751263,301.1367043135769,2019.0445059015915,1.0168782180777352,34.3
2238000,-2721291.586451553,299.98214386188005,2017.7736040212596,1.017518702439731,34.3
2240000,-2717254.9634210635,299.3417178024055,2020.071429019688,1.0163612780649063,34.3
2242000,-2717710.369735822,300.3515627873943,2022.5637792946886,1.0151088437353604,34.3
2244000,-2717064.2367147934,300.1359955704386,2023.8470345662506,1.0144651963881623,34.3
2246000,-2718297.8055318594,300.51680982894743,2022.2171790910338,1.015282829465285,34.3
2248000,-2719823.0447029173,299.50497905569955,2019.5138151094861,1.0166419085722092,34.3
2250000,-2717911.1044588685,299.0711628475031,2020.5798529932972,1.01610553838758,34.3
2252000,-2718411.3843943197,300.41939789454455,2019.9701386837648,1.0164122429644873,34.3
2254000,-2718425.562050285,299.0006739514771,2021.6291812850063,1.0155781279709404,34.3
2256000,-2719608.3747953884,300.0856480070873,2018.21552956722,1.017295897936687,34.3
2258000,-2719893.971893823,299.75007352207166,2016.4881553092353,1.0181673390816413,34.3
2260000,-2718383.322382413,300.2712342154492,2020.1956062824231,1.0162988044306365,34.3
2262000,-2718231.087256154,300.39745669764005,2020.1563370402566,1.016318559972885,34.3
2264000,-2714432.9037070666,301.9586497299797,2020.0996438110542,1.0163470825169287,34.3
2266000,-2715704.396741679,299.81740207083794,2020.0517809662335,1.016371163712843,34.3
2268000,-2717102.9309408255,300.30154770719884,2020.4535551935403,1.0161690547666076,34.3
2270000,-2717472.323910704,300.26675854311,2018.3745749964726,1.0172157362735506,34.3
2272000,-2718006.594101211,299.16050636681217,2019.845047171049,1.0164751906372276,34.3
2274000,-2718171.3852423485,299.2676375995768,2017.850705167601,1.017479823518619,34.3
2276000,-2717440.012688322,300.1787533759664,2018.7878553393016,1.017007494844365,34.3
2278000,-2717259.2868850324,299.2174990372242,2019.3838229971864,1.01670735201473,34.3
2280000,-2716309.5159743223,299.9134157433879,2018.2118716991845,1.017297741714439,34.3
2282000,-2720051.4092655275,300.6664092318342,2020.5678955340613,1.0161115515686177,34.3
2284000,-2718057.153387828,300.7636521060212,2021.848290635829,1.0154680689396274,34.3
2286000,-2720153.938533839,301.75003927516394,2019.2795890462894,1.0167598338130808,34.3
2288000,-2718918.4448979963,300.3613943600153,2016.8942622599222,1.0179623284169272,34.3
2290000,-2717893.0802500322,299.503661363565,2020.799678268556,1.0159950050764015,34.3
2292000,-2717787.5500780344,300.07171734907627,2020.6156247201561,1.0160875498848019,34.3
2294000,-2719453.9500189535,299.80464383722966,2022.026462938805,1.0153785902469603,34.3
2296000,-2718942.6004623957,301.35446213392214,2018.7399036972834,1.017031652081874,34.3
2298000,-2714887.096854456,300.6293084439327,2024.3800769784264,1.0141980761069955,34.3
2300000,-2718479.9973324947,300.2444655473244,2019.735752213747,1.0165301956607498,34.3
2302000,-2719493.63665835,300.42760462507675,2019.9674064767903,1.0164136177632142,34.3
2304000,-2714942.3899119645,300.6057014423734,2024.8949187467001,1.0139402101179762,34.3
2306000,-2717428.965486571,300.40404653026854,2022.5096418865085,1.0151360156017792,34.3
2308000,-2718471.364175167,298.94777078032484,2020.3312547865517,1.0162305683865511,34.3
2310000,-2719547.2997092437,299.5554666046131,2020.354234538711,1.01621900965779,34.3
2312000,-2716521.5944881085,299.83066915317613,2019.1139047540498,1.0168432670126872,34.3
2314000,-2717713.2429224662,299.65447895642103,2020.2817442995963,1.0162554728685333,34.3
2316000,-2718624.889478434,300.61197504747713,2023.392508648317,1.0146930813499924,34.3
2318000,-2718765.736891564,299.2276492302688,2017.9757241339848,1.0174167879358162,34.3
2320000,-2718275.4933865443,299.15288146465565,2021.324206115147,1.0157313572802942,34.3
2322000,-2716823.924384946,300.3942825963074,2024.8033014390862,1.013986088387765,34.3
2324000,-2716541.705962261,300.5792973072958,2019.8458605850847,1.0164747812915427,34.3
2326000,-2719093.4051420204,300.67646196942286,2020.5088315285411,1.016141254788596,34.3
2328000,-2718113.829434335,298.86118744431695,2019.355863214015,1.0167214292349116,34.3
2330000,-2716574.6556154024,299.42846063043874,2022.6288677637556,1.0150761773962074,34.3
2332000,-2719547.883712331,299.57940021249027,2020.16714196116,1.0163131241644188,34.3
2334000,-2721696.574770838,300.83162146723583,2016.000541590162,1.0184136050684833,34.3
2336000,-2715718.3850965723,299.90429039158596,2022.2612067764499,1.0152607252223342,34.3
2338000,-2711880.9743724745,300.28951923372114,2024.4312243794184,1.0141724523194056,34.3
2340000,-2718007.154498754,300.0771876400297,2019.9778070450377,1.0164083843991831,34.3
2342000,-2719306.146681996,300.49021085834806,2018.1776502715843,1.0173149916235396,34.3
2344000,-2718133.697215095,300.53364304985837,2020.3639262540344,1.016214134840328,34.3
2346000,-2717045.0289659947,301.01338396291493,2017.305035812135,1.017755045931513,34.3
2348000,-2717748.639609175,299.89109205767653,2019.9705354250277,1.0164120433315371,34.3
2350000,-2716058.944825655,300.1035169898022,2021.1894591981866,1.015799073183042,34.3
2352000,-2717226.320229104,300.9973602769578,2022.043935128968,1.0153698165069303,34.3
2354000,-2720283.6037613787,300.16349127933313,2020.8223568788494,1.0159836031069498,34.3
2356000,-2716910.224523194,300.53892084558873,2020.78837296041,1.016000689064275,34.3
2358000,-2718117.5982814394,301.3870143028295,2023.965287276776,1.0144059249866415,34.3
2360000,-2716743.463298669,300.21254460655354,2023.0316607347888,1.0148740720326312,34.3
2362000,-2718257.4416032135,302.0137003033486,2018.5555959655965,1.0171245139268605,34.3
2364000,-2718831.5036844183,301.7471245489308,2020.3421680598146,1.0162250790184302,34.3
2366000,-2719035.9293438382,300.07415815914015,2022.218556811235,1.0152821377617796,34.3
2368000,-2717986.7226922363,300.90830613069033,2024.9217824746215,1.0139267586285563,34.3
2370000,-2718151.4096486736,300.3411550434625,2021.47084220042,1.0156576768359311,34.3
2372000,-2719727.848344734,299.8282401991754,2022.6639582275077,1.0150585672075925,34.3
2374000,-2716690.9233031143,300.9277403842418,2023.6495572468784,1.0145641927123341,34.3
2376000,-2715092.2787075974,300.59883820967934,2025.4960954039482,1.0136392679500048,34.3
2378000,-2718032.157050714,299.58440770788775,2022.96368269287,1.014908175043378,34.4
2380000,-2720969.1598007586,298.60386360139023,2020.1345145339762,1.0163295387557325,34.4
2382000,-2718858.422047967,301.5183578367319,2024.2235448065162,1.0142765035257495,34.4
2384000,-2717935.6274820287,300.88342047584877,2025.999343364523,1.0133874850972489,34.4
2386000,-2715705.3744794745,301.6091301396793,2023.9804372712283,1.0143983319072556,34.4
2388000,-2717561.315123992,299.1071030489674,2021.1674799969499,1.015810119497841,34.4
2390000,-2715690.2519012187,301.01938127518815,2021.6240409577726,1.0155807102532062,34.4
2392000,-2718240.8986761514,299.4907841450131,2021.6087582532998,1.0155883877129521,34.4
2394000,-2715935.816130575,301.1985303624461,2022.9117902505643,1.0149342098236254,34.4
2396000,-2717479.1537900995,300.6210535657948,2019.330204178735,1.016734348415226,34.4
2398000,-2717646.7335842308,300.06949377540946,2022.5020860308143,1.0151398080434766,34.4
2400000,-2719467.7291181926,300.1382206538734,2020.782893893626,1.016003443806333,34.4
2402000,-2717429.124098588,300.19259850196676,2022.7641057419587,1.0150083114252997,34.4
2404000,-2718545.883911021,299.51609221964753,2021.7592265856877,1.0155128030987792,34.4
2406000,-2715782.8239082955,300.3086563726761,2021.3405670632987,1.0157231358413426,34.4
2408000,-2716288.196906749,300.30517028248966,2020.0560516706114,1.0163690149502997,34.4
2410000,-2715689.667753577,300.19776506890304,2021.4289738617197,1.0156787133898577,34.4
2412000,-2718584.7106612213,299.69334755116876,2022.1587547985998,1.0153121630578088,34.4
2414000,-2717712.1367662903,299.9723665422841,2020.8567215462056,1.015966326306379,34.4
2416000,-2718497.782724628,300.482323006606,2019.2354040900252,1.0167820825755074,34.4
2418000,-2719382.057623826,299.94216302648823,2018.2281532952607,1.0172895348965463,34.4
2420000,-2714882.2181680705,300.53963378975277,2022.4003817696878,1.0151908582929956,34.4
2422000,-2716531.4259249195,299.2534404897564,2019.5510314514609,1.0166231738671456,34.4
2424000,-2717385.7415237688,300.5647908767294,2022.9064646032894,1.0149368818115314,34.4
2426000,-2720548.1755984724,298.9516022537358,2021.3274044797993,1.0157297500793718,34.4
2428000,-2715358.7879594974,300.64766722898287,2024.2836543868518,1.0142463853479737,34.4
2430000,-2718306.5617225245,300.8894297253703,2021.8981809975562,1.0154430122529168,34.4
2432000,-2719099.4075017963,300.5636506671164,2018.6990259630068,1.0170522465088243,34.4
2434000,-2717052.6230157167,299.47993501368956,2020.3322913539387,1.016230046991398,34.4
2436000,-2717775.972148724,300.70309509942007,2022.299306298746,1.0152415980098015,34.4
2438000,-2718325.403310882,301.694817785487,2020.799258165285,1.0159952162912576,34.4
2440000,-2714980.7228549346,299.13036241501555,2022.494159232034,1.0151437866997093,34.4
2442000,-2718840.796825299,299.31801927521957,2021.3709958362808,1.0157078456206081,34.4
2444000,-2723033.9984187353,302.17275525249215,2018.588635093496,1.0171078662026432,34.4
2446000,-2716678.257955361,300.3936089941885,2019.635121586171,1.0165808454392398,34.4
2448000,-2717928.347203737,299.2703401871542,2024.588571202682,1.0140936329405532,34.4
2450000,-2720116.6531963293,301.25290723211623,2022.9630763725224,1.0149084792305796,34.4
2452000,-2719408.855129037,301.2833304315798,2020.5725870103,1.0161091923050949,34.4
2454000,-2717281.374043962,300.6118254588517,2020.0122895771829,1.016391033843957,34.4
2456000,-2715931.3446798753,299.7013090151259,2023.8328772768662,1.0144722928621437,34.4
2458000,-2715847.618618302,300.5131257203954,2023.7729132834029,1.0145023514766938,34.4
2460000,-2717602.2331357133,301.03602369029716,2019.2537036087103,1.0167728679717725,34.4
2462000,-2718564.229290778,300.3248266694055,2020.534510283728,1.0161283407589745,34.4
2464000,-2721267.734442668,299.6411557030426,2021.8908787552036,1.0154466796174857,34.4
2466000,-2718092.629432261,299.7329827936654,2020.728870759777,1.0160306061292106,34.4
2468000,-2716175.8300727885,300.2007301383126,2017.5460031710966,1.0176334894737653,34.4
2470000,-2717244.3788661137,300.36357709959896,2018.8738237270177,1.0169641882773082,34.4
2472000,-2718375.4411531426,299.11709222230246,2021.267676221933,1.0157597647919943,34.4
2474000,-2718080.2109054197,301.156620678195,2022.4577112646048,1.0151620812368298,34.4
2476000,-2715137.0272307377,300.15291579842693,2021.7074165929478,1.015538827493073,34.4
2478000,-2718255.527219247,298.96198497806887,2022.863900652838,1.01495823753553,34.4
2480000,-2715263.6086858157,300.3777564902934,2021.2074100861519,1.0157900515975942,34.4
2482000,-2715265.5304879546,299.45302611126453,2022.277220153197,1.0152526858930437,34.4
2484000,-2716865.7716827486,299.53618708880055,2019.1238228187956,1.016838272213832,34.4
2486000,-2718252.5804918706,300.2769416161978,2020.606200760039,1.0160922888431114,34.4
2488000,-2715508.271245327,301.1494033432494,2021.8350384567445,1.0154747248558857,34.4
2490000,-2718980.4741308354,300.3234587048634,2019.6474428989193,1.0165746435595135,34.4
2492000,-2719775.5564188287,300.2714991332326,2017.7591311980789,1.0175260008174392,34.4
2494000,-2718693.5653021745,299.7077520415881,2019.2447402726218,1.0167773813805532,34.4
2496000,-2719547.803253133,300.96064865305533,2018.7459134983574,1.017028624381422,34.4
2498000,-2720019.167089453,299.20488849176013,2018.13166058262,1.0173381744519732,34.4
2500000,-2718309.536302125,299.80999373651906,2018.6650789472026,1.0170693498356942,34.4
2502000,-2719091.4315901827,299.577834400026,2018.6119355823737,1.0170961259022386,34.4
2504000,-2718533.5827866904,300.3449046948022,2020.0257507654444,1.0163842607466096,34.4
2506000,-2717737.250961775,301.2595142248149,2018.9565124668566,1.0169225373122324,34.4
2508000,-2720230.5354625676,300.00811520109687,2018.4543033883288,1.0171755565307208,34.4
2510000,-2717171.3182572983,301.0005707871654,2021.6581114465084,1.015563594930416,34.4
2512000,-2721749.7494960185,300.535936046706,2016.3079832066817,1.0182583198999298,34.4
2514000,-2719130.6384050846,301.3528914881481,2021.641403891326,1.0155719879049419,34.4
2516000,-2721850.563926298,300.40614973493734,2019.162681121385,1.0168187034046243,34.4
2518000,-2719196.3106278256,300.2367012826312,2020.930464635329,1.015929254028704,34.4
2520000,-2716042.489600057,300.46563380216753,2024.0095055236213,1.0143837634051518,34.4
2522000,-2715395.0234002024,299.3712600735,2018.7087563292898,1.0170473442212327,34.4
2524000,-2718130.7420035955,300.58724394730046,2019.5731469579803,1.016612041249115,34.4
2526000,-2717414.6483058333,298.55186278085347,2018.1500078991926,1.0173289256719147,34.4
2528000,-2715877.767850926,300.7682280240504,2020.0201564323204,1.0163870755661146,34.4
2530000,-2717591.8205511477,301.6574800354097,2020.7187648138345,1.016035687464902,34.4
2532000,-2716737.0948912036,300.3482494623346,2025.409151530041,1.013682780010091,34.4
2534000,-2718822.837360874,300.7478311024855,2020.1408065530388,1.0163263732512238,34.4
2536000,-2718217.9297602978,299.48133493699476,2019.8045263330287,1.0164955829207454,34.4
2538000,-2718623.0828203354,300.5780506730042,2024.680682797635,1.0140474973781628,34.4
2540000,-2719231.3456254024,299.7993324180688,2020.23740858959,1.0162777753997831,34.4
2542000,-2716821.7348071598,299.89546194445853,2022.7531329278816,1.0150138175334382,34.4
2544000,-2718711.702625107,299.5963961784692,2019.1558215519772,1.0168221577880834,34.4
2546000,-2721639.809487039,301.425522667228,2016.7792751720954,1.01802036774979,34.4
2548000,-2715351.3944946267,300.36716693214555,2019.4317943711444,1.0166832002465318,34.4
2550000,-2716007.546707051,299.9949707120531,2023.0775288073667,1.0148510623768319,34.4
2552000,-2720730.8168125004,300.8728829960576,2022.040871038716,1.0153713551428707,34.4
2554000,-2717217.790742418,298.51134914731665,2022.7756756140288,1.01500250578088,34.4
2556000,-2722425.0876251236,300.55428298701554,2017.9818047895594,1.0174137222188466,34.4
2558000,-2722425.692497123,299.52068400378835,2019.9982545294217,1.0163980957791205,34.4
2560000,-2718049.6668889187,301.5713326148742,2020.7123988271542,1.0160388883507165,34.4
2562000,-2715355.705222225,299.5695709237895,2025.1774995624419,1.01379873113564,34.4
2564000,-2716582.10719282,301.96438318344906,2019.4255627430305,1.0166863375702,34.4
2566000,-2718392.1847778056,300.37788181675523,2023.5663674896718,1.0146059019195133,34.4
2568000,-2716119.170254141,300.43688404619684,2021.84810069609,1.0154681643363785,34.4
2570000,-2717315.1202689894,300.019242094544,2026.185321832281,1.0132944688021979,34.4
2572000,-2717583.2514362726,299.5574323547875,2024.5481266324941,1.0141138915753443,34.4
2574000,-2716122.756770497,299.8664251768206,2025.6866429932304,1.0135439192841202,34.4
2576000,-2715829.7840612624,300.1974912379844,2020.1000193185876,1.0163468935926268,34.4
2578000,-2717878.5582745466,300.5800405781966,2019.2255429917138,1.0167870481367405,34.4
2580000,-2717740.8650424667,301.3772903052424,2022.3707194040371,1.0152057482249726,34.4
2582000,-2717153.4961496573,301.37964533908536,2019.1730244995558,1.016813494668051,34.4
2584000,-2715497.727596415,300.29097473172334,2024.1479263454507,1.014314395039158,34.4
2586000,-2716677.2016887087,300.6537079956346,2020.2295598611208,1.016281723707672,34.4
2588000,-2718644.6198261064,300.3551795849582,2025.7196774929723,1.0135273908785805,34.4
2590000,-2718815.942868499,299.2710338744048,2019.9230261890248,1.016435949668074,34.4
2592000,-2719282.7696149256,299.78896337808453,2020.5999829165978,1.016095415589042,34.4
2594000,-2716709.109861985,300.4373202574278,2022.5533284888627,1.0151140889396613,34.4
2596000,-2719852.4263868835,301.04126625445923,2017.5706101300527,1.0176210780789017,34.4
2598000,-2719988.8807433285,300.1190835788054,2023.587821976033,1.0145951448630373,34.4
2600000,-2718027.282869164,300.1810154500789,2019.5764499149727,1.0166103786104712,34.4
2602000,-2715866.4698597062,300.7539878555473,2021.944517405404,1.0154197415938275,34.4
2604000,-2719101.446994966,301.39660509279076,2019.157873008078,1.0168211247009498,34.4
2606000,-2719683.6132375393,300.15062197076196,2017.3171903078842,1.0177489138768023,34.4
2608000,-2719771.8150193673,300.2157397587268,2019.1923211891371,1.016803777349813,34.4
2610000,-2719362.7266827226,301.29399220228663,2023.045169268822,1.0148672953866373,34.4
2612000,-2718470.878286576,299.88873666465173,2019.3305195249632,1.0167341896381767,34.4
2614000,-2719026.2174271867,299.6416436894623,2020.8240894247149,1.0159827320572625,34.4
2616000,-2717837.11045094,299.9799075946529,2022.9875758304522,1.0148961881478826,34.4
2618000,-2720305.8824909236,301.08909783398985,2019.3596896185365,1.016719502689832,34.4
2620000,-2718099.6590878926,300.9146889905397,2016.9068524930226,1.017955973942507,34.4
2622000,-2718055.899741268,299.75496023593286,2019.5371381980976,1.0166301676495637,34.4
2624000,-2720421.430318851,301.45723211626716,2018.245181035251,1.0172809521228292,34.4
2626000,-2717294.928146668,299.7455014558195,2020.9447462381693,1.0159220746646234,34.4
2628000,-2718288.084275132,301.21772589593724,2020.758461325792,1.0160157280914346,34.4
2630000,-2717150.1938453186,300.5581092611949,2021.7620097986223,1.0155114051160516,34.4
2632000,-2720162.828775365,300.0283805052069,2022.4025852781026,1.0151897521919575,34.4
2634000,-2719722.2942081504,300.18750652819654,2015.5607782058119,1.018635806759683,34.4
2636000,-2716946.8054951914,300.40355236126976,2020.0382722735114,1.0163779605374035,34.4
2638000,-2721480.3194512576,300.1318325086701,2018.7291414904157,1.0170370740598929,34.4
2640000,-2719758.805102136,298.8925688385891,2020.6650050186113,1.0160627190957567,34.4
2642000,-2720579.9021903314,299.7130162313213,2020.1010688589909,1.0163463655511613,34.4
2644000,-2718619.876733832,300.498508097249,2020.4785515168544,1.0161564832447691,34.4
2646000,-2716169.524469193,301.9910156257191,2019.7518885764537,1.016522074316721,34.4
2648000,-2719772.574130984,301.12374470441154,2017.7338108217616,1.0175387696678766,34.4
2650000,-2717296.590459369,299.9876398242772,2017.8051404109374,1.0175027995828783,34.4
2652000,-2716076.8067793287,299.4028564961645,2021.964691581788,1.015409610231467,34.4
2654000,-2715389.9839706346,300.04231497065007,2020.8896332908555,1.0159497805120152,34.4
2656000,-2717296.1716493834,299.8481944769737,2022.7161427922658,1.0150323794551872,34.4
2658000,-2718580.1377791204,300.3441676308685,2020.223807630632,1.016284617390389,34.4
2660000,-2717732.488062406,299.52524401449244,2019.316148974615,1.016741425270829,34.4
2662000,-2719923.768113045,300.9770454103116,2018.857347273261,1.0169724880036077,34.4
2664000,-2718640.086757621,300.73991943781704,2019.9750278770912,1.0164097828172642,34.4
2666000,-2715955.890473971,300.10418202280255,2023.0619668236336,1.0148588689077156,34.4
2668000,-2720198.7642842587,300.76506938193216,2022.7617800003052,1.0150094784668822,34.4
2670000,-2715876.244293131,299.39908908485734,2020.5190851331527,1.0161360981381427,34.4
2672000,-2716245.6214037705,299.2725623196742,2026.415682220732,1.0131792787602452,34.4
2674000,-2718332.071356619,300.7612882292151,2022.1681191277373,1.0153074613135857,34.4
2676000,-2716591.8679746166,301.36561446929323,2018.3916823855911,1.0172071146043424,34.4
2678000,-2719256.4171395022,301.25870220814744,2016.9032473047516,1.017957793525545,34.4
2680000,-2716218.1591546033,301.2394663506453,2023.6960369209012,1.0145408904910063,34.4
2682000,-2716056.4217556324,300.8726625481051,2018.8470180453146,1.0169776912411734,34.4
2684000,-2718555.474974934,301.35840470939314,2018.1895356858931,1.0173090005062813,34.4
2686000,-2718063.5087662935,301.30124322687743,2016.344617588371,1.018239819459269,34.4
2688000,-2717693.9032749124,299.7214759528031,2025.7133397033344,1.0135305618718646,34.4
2690000,-2717820.3916655313,300.8897797281148,2024.1658977757606,1.0143053895122478,34.4
2692000,-2717097.5688062385,301.2289823646527,2022.4914297966734,1.0151451566779977,34.4
2694000,-2715095.75922421,299.92886908128963,2020.3186425526142,1.0162369124044666,34.4
2696000,-2715560.738319505,300.1560501370491,2021.0776850749173,1.015855251157625,34.4
2698000,-2715822.264188906,300.37454117818805,2024.0117249522589,1.0143826510833476,34.4
2700000,-2717758.0398079604,301.28115300479567,2018.4858095765169,1.017159679617268,34.4
2702000,-2716970.934703799,300.2239298423349,2022.8194371242896,1.014980547299685,34.4
2704000,-2717720.7294461336,299.3592270416381,2022.190558197914,1.015296195038366,34.4
2706000,-2719368.5093121026,300.7298298000346,2023.886691432855,1.0144453185406828,34.4
2708000,-2717245.830231579,300.2137943520444,2022.4920728176535,1.015144833927841,34.4
2710000,-2717769.2199930474,300.79713691548477,2016.9582492435486,1.0179300340752546,34.4
2712000,-2714274.5810519047,298.33575003053875,2021.9693460747988,1.015407272798932,34.4
2714000,-2716510.8968952615,301.06641905195914,2022.6924155482354,1.0150442863179316,34.4
2716000,-2715267.66835507,300.1400439125944,2025.8178293285664,1.0134782849953172,34.4
2718000,-2715457.9056570977,301.3382197193041,2019.920357173473,1.0164372927325904,34.4
2720000,-2718584.894628864,300.2120641284302,2022.2920378988551,1.0152452469298296,34.4
2722000,-2718871.5266706552,300.0998337397266,2018.251931406997,1.017277549661278,34.4
2724000,-2719297.945205072,300.30095091721694,2020.2532274885964,1.0162698177857217,34.4
2726000,-2718239.9424401037,301.4616969894756,2017.9658279114726,1.0174217774072838,34.4
2728000,-2716403.7926984597,300.2835723761852,2020.9726199200245,1.015908062852479,34.4
2730000,-2715952.126298694,300.5240724778521,2019.0470582103396,1.0168769326261846,34.4
2732000,-2718235.297514664,300.7189219881415,2021.9242652693436,1.0154299123104653,34.4
2734000,-2716411.35817598,299.94828049482425,2020.5661517731698,1.0161124284790735,34.4
2736000,-2715334.9532760754,299.6466130010984,2019.6136498761948,1.0165916533128554,34.4
2738000,-2720010.7712968383,300.0738468314256,2017.7871054850193,1.0175118939950498,34.4
2740000,-2715058.8895271067,300.48984359068737,2021.1357946993298,1.0158260443288423,34.4
2742000,-2719463.3740426432,300.07074031789625,2021.0366271838282,1.0158758885244612,34.4
2744000,-2719029.3077186197,299.94612967830886,2024.326160440211,1.0142250885768225,34.4
2746000,-2718966.217436567,301.3400198120231,2020.8539439474284,1.0159677227194321,34.4
2748000,-2718078.8305193894,301.36898322281024,2020.0976962691916,1.0163480623598808,34.4
2750000,-2718747.1276843417,299.4141772079212,2019.8315672621684,1.0164819743676983,34.4
2752000,-2718311.5036341324,299.48015268590575,2019.1444604834512,1.0168278791153285,34.4
2754000,-2715031.4089101944,300.26013014953594,2021.5187556989172,1.0156336039885059,34.4
2756000,-2717186.495135382,301.09053249208813,2018.2448278328757,1.0172811301517994,34.4
2758000,-2716207.4535956457,300.0025617063985,2019.68874967422,1.0165538525240707,34.4
2760000,-2717792.4047821946,300.2788498247785,2021.1071815289918,1.015840425557065,34.4
2762000,-2715370.5277923737,301.23746121859284,2020.4877015401512,1.0161518814570483,34.4
2764000,-2716113.4325560015,300.7235967290934,2021.8055745573315,1.015489523432725,34.4
2766000,-2716011.3148923144,300.2388224786324,2022.0555129286968,1.0153640027454827,34.4
2768000,-2717118.408236012,299.68350357293014,2021.9611210740723,1.0154114033064228,34.4
2770000,-2717724.2587620355,300.5510823890265,2023.4484601056388,1.0146650235280337,34.4
2772000,-2719742.1426398344,300.4876699574392,2021.0098947314368,1.015889325793569,34.4
2774000,-2716880.4149722774,301.19915766754724,2021.2525641858572,1.0157673591908745,34.4
2776000,-2719982.52217165,300.98232801931255,2020.580489077469,1.016105218514824,34.4
2778000,-2718141.8190457504,300.62173127251424,2024.7223571299571,1.0140266255029413,34.4
2780000,-2718983.8359504603,301.33137092297244,2018.2845848500006,1.0172610913209943,34.4
2782000,-2718194.438117536,300.2217857171834,2023.655669329215,1.014561128406496,34.4
2784000,-2715925.8972031754,301.18110333021104,2022.944846591285,1.0149176250852396,34.4
2786000,-2716825.9629823025,301.6499875844879,2022.3377851690948,1.0152222810835643,34.4
2788000,-2716354.7879379895,300.15136413787445,2019.9299836303774,1.0164324486588483,34.4
2790000,-2716928.653347349,301.17011210375546,2022.0180623505623,1.0153828086946617,34.4
2792000,-2718761.4057128485,301.25991592366455,2023.5001742236527,1.0146390919726824,34.4
2794000,-2716084.6913988013,300.45161593172963,2025.4135266812489,1.0136805903261668,34.4
2796000,-2715072.631928688,301.458863172987,2023.8139910494922,1.0144817599151794,34.4
2798000,-2715250.1492871065,299.8637444364613,2021.9517305054496,1.0154161191907434,34.4
2800000,-2718593.704624161,301.58181425607023,2019.392801979355,1.0167028313503128,34.4
2802000,-2720152.678226685,300.74912157601057,2020.2164349943007,1.0162883262488873,34.4
2804000,-2718356.3156708404,300.77020620841466,2021.663287978996,1.0155609945478627,34.4
2806000,-2717674.5455625597,300.45612131552105,2020.124516814149,1.0163345686328,34.4
2808000,-2718747.867375547,299.98278800477976,2022.05585028423,1.015363833344294,34.4
2810000,-2717393.434056131,301.40912438495246,2020.9486202686082,1.0159201272063842,34.4
2812000,-2716890.1992881577,300.8412557370086,2021.4922639060778,1.0156469139355775,34.4
2814000,-2715732.6867185757,298.9857357106167,2022.6922990349733,1.0150443447875865,34.4
2816000,-2720698.4385109786,299.6743539927387,2020.7186467674903,1.0160357468196757,34.4
2818000,-2717523.96250201,298.70381004866323,2020.5860262109065,1.0161024340205689,34.4
2820000,-2717000.928234469,300.8706867271201,2021.738101327644,1.0155234142506382,34.4
2822000,-2717074.638503656,300.8192506205186,2022.118380861681,1.0153324349417956,34.4
2824000,-2716703.877178749,300.179447081643,2022.4753152064238,1.0151532451071226,34.4
2826000,-2716132.495985171,301.3287357706046,2022.963223606728,1.0149084053640645,34.4
2828000,-2715713.264690876,300.42134134479676,2023.5026298400023,1.0146378606600532,34.4
2830000,-2715884.9495317526,299.4379996942423,2021.961974881383,1.0154109745319502,34.4
2832000,-2715825.9195954483,300.9847410348822,2023.2621895262537,1.0147584381347974,34.4
2834000,-2715682.699977802,299.5814245893011,2018.569808829011,1.0171173522960222,34.4
2836000,-2718236.594849253,302.3610188400772,2017.596128376189,1.017608207363708,34.4
2838000,-2714708.178067226,301.1964104257674,2024.2765438746999,1.014249948009049,34.4
2840000,-2719283.312630035,299.88693889684464,2020.7187814146298,1.0160356791178717,34.4
2842000,-2717174.2089819964,300.04779922134634,2021.6102890623401,1.0155876186864519,34.4
2844000,-2718066.5094563086,300.8548862664729,2019.6301211703212,1.0165833623986171,34.4
2846000,-2719816.925187301,300.5290379982556,2023.2876692993732,1.0147456590252486,34.4
2848000,-2720071.7926500887,300.7509536587432,2020.0450074429182,1.0163745717625392,34.4
2850000,-2718092.665216334,298.8511787400813,2024.4690637254935,1.0141534964247019,34.4
2852000,-2718574.0575143322,300.8000004698639,2019.9329596581208,1.016430951118471,34.4
2854000,-2717575.1230052207,300.022933945532,2019.0642506101724,1.0168682738849875,34.4
2856000,-2717852.554190658,300.6190172554936,2014.6686493059715,1.0190868756944855,34.4
2858000,-2720095.6479526255,299.63920263440855,2021.0186380272744,1.0158849308707583,34.4
2860000,-2718484.0348123666,300.2765532422416,2017.5100473266427,1.0176516256270436,34.4
2862000,-2717877.0522811655,300.5484385512078,2019.228842361848,1.0167853867317778,34.4
2864000,-2722564.786962623,300.169601723414,2022.9126680199595,1.01493376942983,34.4
2866000,-2719014.567453975,300.1232084410149,2020.3049715880645,1.0162437890587335,34.4
2868000,-2718312.8289693445,299.9527439655711,2021.5345691280345,1.0156256592072241,34.4
2870000,-2718284.9134116024,300.2448676661846,2024.4969072250901,1.014139548474291,34.4
2872000,-2715788.578676816,299.5180325913119,2027.0228508144917,1.0128757939536166,34.4
2874000,-2715868.149386391,301.1014127526797,2020.5562722487998,1.0161173967680728,34.4
2876000,-2717165.3381239325,299.5301087921944,2020.3519461891174,1.0162201606772263,34.4
2878000,-2719689.8723364007,300.27568288399596,2020.8231001574268,1.0159832294182052,34.4
2880000,-2719403.4669758286,299.96834868925384,2018.5600670011459,1.017122261033853,34.4
2882000,-2715525.8292852044,300.4483189334375,2021.906252953943,1.0154389583499743,34.4
2884000,-2717712.7116592526,300.0012461008475,2026.0848419355616,1.0133447212503996,34.4
2886000,-2716743.567556817,300.03236748434915,2022.0431484462326,1.0153702115399965,34.4
2888000,-2716395.2761147786,300.2681507444697,2019.8590088139788,1.016468164570756,34.4
2890000,-2719228.7224667724,300.1882988286336,2020.714650922273,1.0160377559710312,34.4
2892000,-2720140.123952288,299.8768315837311,2019.1177538809438,1.0168413285627087,34.4
2894000,-2719754.0339082107,300.0148218237873,2018.6511441534406,1.0170763706880452,34.4
2896000,-2715434.0648216344,299.6160230431663,2022.1774901075376,1.0153027562737178,34.4
2898000,-2718812.9229823444,301.0257465716825,2021.675555868905,1.0155548319415828,34.4
2900000,-2719560.895197751,300.11704327836605,2020.5342284180435,1.0161284825094612,34.4
2902000,-2720968.6867812257,301.20802836403294,2018.7255445268004,1.0170388862157655,34.4
2904000,-2720518.519259041,299.84587477399305,2018.6152463335363,1.0170944577526555,34.4
2906000,-2717355.5758340005,299.9217080803943,2022.6781731579085,1.015051433602713,34.4
2908000,-2718529.061118951,300.84447822229174,2018.3098133605097,1.0172483757398865,34.4
2910000,-2718367.3679414503,299.79576850799174,2024.086865354,1.014344994043412,34.4
2912000,-2713713.2391354423,300.7801997813032,2024.0562994015554,1.0143603120070772,34.4
2914000,-2717407.1497472655,300.0448579424375,2023.2149535850112,1.0147821296708224,34.4
2916000,-2715087.012270458,300.5723582482316,2021.1922870225762,1.0157976519914944,34.4
2918000,-2716156.632346414,300.0800243539588,2023.0069607003918,1.014886463203287,34.4
2920000,-2714515.1532360036,300.74217506257077,2025.0955309170813,1.0138397660929497,34.4
2922000,-2715023.190483991,299.58027362599205,2021.9585772244739,1.015412680807317,34.4
2924000,-2717984.2864368036,300.488687659204,2021.4645937851626,1.0156608162680754,34.4
2926000,-2717597.125975404,299.40432403414724,2018.542966138859,1.0171308779758785,34.4
2928000,-2718565.6509301756,300.5931725310458,2019.2328640316946,1.016783361618576,34.4
2930000,-2718507.256018957,301.0450602241358,2024.0393339367265,1.0143688143587402,34.4
2932000,-2715713.4236217383,299.78352094056936,2022.8737854631072,1.0149532779232784,34.4
2934000,-2719700.59472372,301.79454947255283,2020.5729832501513,1.0161089930433216,34.4
2936000,-2721608.8079077583,300.4248818837968,2016.0066725915783,1.0184105079084689,34.4
2938000,-2717293.130163951,300.5837850479264,2021.4466727728293,1.015669820547169,34.4
2940000,-2718602.916093515,300.6165478267375,2020.5179026759079,1.0161366928062172,34.4
2942000,-2720004.046729408,301.6159992815444,2018.1869336253576,1.017310312128886,34.4
2944000,-2719949.343860833,299.860402544638,2019.7532221445385,1.016521403144926,34.4
2946000,-2716933.7102690022,301.0274208230519,2020.8681765307101,1.015960567455475,34.4
2948000,-2718357.5534540825,300.02441022751543,2022.1672719265764,1.0153078866837675,34.4
2950000,-2718777.451077424,300.3960330854661,2019.901489069143,1.0164467873762586,34.4
2952000,-2719575.086473927,301.30701780808994,2019.8128066793079,1.0164914157348603,34.4
2954000,-2720532.9196748603,301.39092270276836,2020.586601540966,1.0161021447014806,34.4
2956000,-2717703.9395723324,300.04224153191916,2020.54893716682,1.0161210855203069,34.4
2958000,-2716589.536003532,300.53252935232814,2022.418702433149,1.0151816618936342,34.4
2960000,-2717757.457734069,300.0418933295213,2024.1485761998529,1.0143140693927688,34.4
2962000,-2716983.147767989,302.1287712557535,2021.47624441738,1.0156549625803752,34.4
2964000,-2717241.95670525,299.504861560135,2021.2473769084413,1.0157699660301671,34.4
2966000,-2718969.846627606,301.1179819484719,2019.192266516955,1.0168038048810601,34.4
2968000,-2718105.0926918574,300.6297866511182,2015.0711932545112,1.0188832961603131,34.4
2970000,-2718140.29848982,300.2857453225869,2019.6134263957758,1.016591765803853,34.4
2972000,-2715292.240176417,298.42253258247786,2025.0486063468074,1.0138632588600869,34.4
2974000,-2718723.2914829385,300.05166620334484,2017.1365340989585,1.017840064206644,34.4
2976000,-2717631.6623071935,299.1116373683631,2022.5584569072287,1.0151115150067698,34.4
2978000,-2717537.9378426857,299.51285926374635,2020.4895084648367,1.0161509727119589,34.4
2980000,-2718143.0229999125,299.8957436481039,2019.551716549142,1.0166228289954728,34.4
2982000,-2716493.9508835655,300.19548713110333,2022.3862829232946,1.0151979355858411,34.4
2984000,-2717996.828080086,299.62493768200494,2021.3769694573666,1.0157048439767307,34.4
2986000,-2717930.0624815337,300.0714975429489,2019.3799158927038,1.016709319144254,34.4
2988000,-2718236.5044538137,301.0346080122605,2020.4184470564899,1.016186712397131,34.4
2990000,-2717083.122810073,300.2020471962369,2020.3394846355102,1.0162264287733087,34.4
2992000,-2715866.0820641983,299.52789223351186,2024.9109913805055,1.013932162016224,34.4
2994000,-2718858.485547755,300.9974409735987,2023.6328306547957,1.0145725787204756,34.4
2996000,-2718570.54346426,300.6324610919355,2022.022922649426,1.0153803680379037,34.4
2998000,-2716571.093585957,299.84361211953006,2024.9056258774115,1.0139348486876831,34.4
3000000,-2715750.1732506007,299.21370487938515,2022.0975180837147,1.0153429105271532,34.4
3002000,-2717881.481724618,299.44908100842486,2024.9659617506413,1.0139046374912242,34.4
3004000,-2716962.491541598,300.5257038899363,2016.3900414801508,1.0182168812308443,34.4
3006000,-2718781.810009146,300.83639412166684,2019.3254390920526,1.0167367476457856,34.4
3008000,-2718306.302575359,300.5139136166012,2023.9854731552348,1.0143958079798836,34.4
3010000,-2716636.3022661936,300.90029711968657,2018.774666837406,1.01701413887725,34.4
3012000,-2714931.779573528,300.31059527947883,2022.6816682935762,1.0150496796230704,34.4
3014000,-2716918.332400078,299.3666980019917,2016.8328814612519,1.017993309338207,34.4
3016000,-2717763.349236319,300.02072370548115,2020.3025030443555,1.0162450307748667,34.4
3018000,-2718061.594639603,299.96165605254106,2019.9905292089572,1.016401982926558,34.4
3020000,-2717470.824419424,300.5600881622501,2020.8793893165428,1.0159549304301694,34.4
3022000,-2717427.6913273856,301.2254595191847,2024.031283873018,1.0143728487497323,34.4
3024000,-2718084.0358797014,300.36388195570544,2021.3822288879062,1.015702201216248,34.4
3026000,-2716229.6676537655,300.76325141833433,2022.7275228929113,1.0150266687647924,34.4
3028000,-2714974.3533355035,300.05580787799215,2023.6602824982283,1.0145588155963865,34.4
3030000,-2715710.4452525433,300.14066331200576,2022.433792771333,1.0151740871415456,34.4
3032000,-2713502.0691524725,300.9927653684398,2025.740661421968,1.0135168921078292,34.4
3034000,-2717043.615866158,299.8538388121362,2024.9501693099724,1.0139125448605382,34.4
3036000,-2719715.060367981,299.7872024530424,2023.4680897582557,1.014655180268318,34.4
3038000,-2715992.7472092435,300.5781114859028,2023.7304438645465,1.0145236415281562,34.4
3040000,-2717471.497596856,299.75802061119487,2021.617528467978,1.0155839818705712,34.4
3042000,-2717310.668325182,299.20650072255006,2020.7730796456797,1.0160083782098106,34.4
3044000,-2716909.4603539817,299.9473614970523,2023.4618657150786,1.01465830128471,34.4
3046000,-2716048.447874643,298.9060260208082,2021.5498422623389,1.0156179859919652,34.4
3048000,-2715302.789301999,300.0823940911338,2020.6626437234543,1.0160639064409012,34.4
3050000,-2718029.325947972,299.9599798735322,2017.7192471788715,1.0175461141343027,34.4
3052000,-2716322.535408994,299.8378675715736,2020.4328171018099,1.0161794849115218,34.4
3054000,-2717411.754112063,299.7869545547732,2020.23587336525,1.0162785476929586,34.4
3056000,-2717843.6944567077,301.1554745977155,2020.8168527377566,1.0159863703627214,34.4
3058000,-2717554.7018229384,299.8169923847849,2022.8000631820594,1.0149902685642063,34.4
3060000,-2714890.7147022393,300.57032988195397,2023.7569853911775,1.0145103360737742,34.4
3062000,-2717919.5033160523,300.5279517303672,2022.4763372472066,1.0151527321082812,34.4
3064000,-2717914.5623612963,299.40965472810007,2022.9745974126392,1.0149026992265604,34.4
3066000,-2717556.093387142,299.8077379676152,2019.4193222036893,1.0166894793996446,34.4
3068000,-2715271.5697195996,300.41381038464175,2023.930135547919,1.0144235432440112,34.4
3070000,-2719462.1523338743,299.29659354240374,2021.2389655535853,1.0157741931412518,34.4
3072000,-2717514.9837689362,300.151875231466,2021.494159744601,1.0156459614210542,34.4
3074000,-2718880.556666566,301.06514313373816,2021.846354423272,1.015469041398302,34.4
3076000,-2715630.087998377,299.2057735277105,2016.9652626677246,1.0179264945125055,34.4
3078000,-2719925.5834872425,300.54383235103705,2017.5490539816797,1.017631950672509,34.4
3080000,-2718420.412783088,300.14259382796797,2017.7441123264389,1.0175335746680096,34.4
3082000,-2716279.41794621,300.6922041364244,2021.1660927450935,1.0158108167114341,34.4
3084000,-2718199.1606449317,301.282725478955,2020.007892509261,1.0163932462810608,34.4
3086000,-2718449.3588413894,300.8770441326484,2026.1318533346414,1.013321209082118,34.4
3088000,-2716733.3927159216,300.03741492875685,2023.0939392752744,1.0148428303414987,34.4
3090000,-2719602.335344147,299.9506472348811,2020.3416279982853,1.0162253506675725,34.4
3092000,-2717740.363918029,300.0958566615839,2019.499670668088,1.016649029064531,34.4
3094000,-2718573.7048442755,301.76935760381053,2018.9933500054497,1.0169039830543818,34.4
3096000,-2720801.38946905,300.7001688261591,2019.4027475509165,1.0166978240823081,34.4
3098000,-2714720.3653626256,301.23019726889055,2022.571626630772,1.0151049052344177,34.4
3100000,-2716671.7004659567,299.9294139493046,2020.1104018852175,1.0163416699725059,34.4
3102000,-2718450.9118080903,300.5049975258125,2021.8159215079093,1.0154843265105922,34.4
3104000,-2718481.206132252,300.3391162478492,2021.8521742580997,1.015466118404144,34.4
3106000,-2718064.168033775,300.57232197641304,2019.992445005457,1.0164010189529717,34.4
3108000,-2718224.1915966403,300.8807692097185,2018.236314498544,1.0172854212520577,34.4
3110000,-2716437.9965071436,300.03289644828806,2022.479772115781,1.0151510080286312,34.4
3112000,-2717862.832258472,301.0518509636486,2018.7915440389168,1.0170056365865543,34.4
3114000,-2717120.4728317894,300.7970559904111,2022.2980057686839,1.0152422509067605,34.4
3116000,-2716653.6373202037,300.18218621617683,2020.9235175950105,1.0159327463436911,34.4
3118000,-2720533.566042345,301.0297912143192,2018.8548026348585,1.016973769832912,34.4
3120000,-2718315.506074507,301.64045251270016,2015.207860404949,1.018814197642264,34.4
3122000,-2716400.999992192,300.6781503899535,2022.182629959808,1.015300175643215,34.4
3124000,-2720409.5337601136,301.6744016871962,2019.9282353699339,1.0164333283874505,34.4
3126000,-2718493.2805204764,299.8635870612554,2021.1261817060242,1.0158308758574488,34.4
3128000,-2718066.3767004497,299.6544718145024,2019.8042777807134,1.0164957080082764,34.4
3130000,-2718120.406804068,299.89733972693847,2018.3011795749587,1.0172527272729566,34.4
3132000,-2716155.2011587545,300.828053071551,2021.0750052627006,1.0158565981147174,34.4
3134000,-2715929.4700941574,300.98498981551273,2020.900114731061,1.0159445112674845,34.4
3136000,-2719429.7518701907,299.588453901162,2018.0425128335507,1.0173831157293336,34.4
3138000,-2718199.9734092914,300.8549598959446,2020.9748522651632,1.015906940692338,34.4
3140000,-2719175.750613993,300.8615078779842,2020.71512516266,1.0160375175177565,34.4
3142000,-2716418.461922828,300.3630135128724,2019.3308707745962,1.0167340127837956,34.4
3144000,-2719784.6907268427,298.6216716392715,2018.842931896245,1.0169797496095492,34.4
3146000,-2716787.126226578,300.28931677653514,2021.9217844163404,1.015431158220355,34.4
3148000,-2718727.3357031345,300.4168663749737,2020.6615221176792,1.0160644704260775,34.4
3150000,-2719730.3666299526,300.1672847785663,2019.4229296116443,1.0166876632304498,34.4
3152000,-2714880.784035595,299.50020398726514,2021.4362819971811,1.0156750413880793,34.4
3154000,-2716833.8610126805,299.8401546709489,2022.095086522021,1.0153441314731628,34.4
3156000,-2717157.6384196933,302.17525966404105,2020.1401674459823,1.0163266947840395,34.4
3158000,-2718864.2549451273,299.2125805983056,2020.8709012152613,1.0159591976638367,34.4
3160000,-2715769.959269915,300.54138242353076,2024.7667764150065,1.0140043798111162,34.4
3162000,-2717517.991363978,299.724803786452,2022.5164456041505,1.0151326006981163,34.4
3164000,-2717104.400167957,301.67624307941264,2018.7716498897062,1.0170156587512125,34.4
3166000,-2718606.6705035344,299.8324368691624,2022.0417409381778,1.0153709183215243,34.4
3168000,-2718596.8746143803,300.8949247254716,2022.6838634474896,1.0150485780222138,34.4
3170000,-2718975.315244209,300.10833313831097,2022.392696064525,1.0151947163259267,34.4
3172000,-2717153.055350473,300.1256989912501,2023.246176420044,1.0147664695028218,34.4
3174000,-2715219.0442360938,300.01061523737786,2021.6988385894126,1.0155431363918495,34.4
3176000,-2718828.8306778744,300.55493999591624,2019.7576210798275,1.0165191892100331,34.4
3178000,-2717564.0630575866,301.51758422643144,2019.5491791866393,1.016624106280855,34.4
3180000,-2715004.5614319667,300.88408557562457,2022.139743387207,1.0153217086479625,34.4
3182000,-2718815.622506952,300.33866597173534,2021.8936615677198,1.015445282017907,34.4
3184000,-2719289.9954856895,300.23976868568724,2019.7181403467075,1.0165390597662356,34.4
3186000,-2716445.5751301106,301.10430466390727,2020.7515001677148,1.0160192280992741,34.4
3188000,-2712563.4489693474,300.7724776641546,2024.789937308736,1.0139927809547364,34.5
3190000,-2718288.9825243335,300.55528005100876,2023.0694084362617,1.01485513587387,34.5
3192000,-2720810.767853344,299.68369711690104,2019.948562362197,1.016423099893128,34.5
3194000,-2718428.9161876366,300.64712935953935,2022.572218073412,1.0151046083964013,34.5
3196000,-2713022.9977304526,300.52819259801066,2022.6674022129164,1.0150568388725778,34.5
3198000,-2721465.562438434,299.4716663089698,2021.9578477305643,1.015413047153909,34.5
3200000,-2720525.841361057,301.5932066679202,2021.1001550668059,1.0158439571803344,34.5
3202000,-2718279.079299107,301.04119868929394,2022.538868194984,1.0151213465742501,34.5
3204000,-2716110.769701069,301.2214096597031,2024.5345368272747,1.014120698873519,34.5
3206000,-2719255.760037912,299.8105446715211,2020.5978646714038,1.016096480788243,34.5
3208000,-2718465.8920594007,300.9327170875316,2021.1234616772695,1.0158322429630435,34.5
3210000,-2721666.5242321715,300.8689270557912,2018.3595153647998,1.0172233260484165,34.5
3212000,-2718622.440052638,300.2533850694105,2017.4185516846794,1.0176977790089008,34.5
3214000,-2718439.121618271,299.2251348950013,2023.3353844037424,1.014721728887219,34.5
3216000,-2718388.1786078084,301.1053252722761,2022.7413995226334,1.0150197053688563,34.5
3218000,-2715673.915108137,300.3550759526352,2024.3408454613793,1.0142177311612326,34.5
3220000,-2721434.3084375914,300.07628911088705,2019.3853032391548,1.0167066067518575,34.5
3222000,-2717323.1516214497,299.65681327576175,2021.8461700579662,1.015469133995485,34.5
3224000,-2717324.734783193,300.81058087958644,2019.1354149322524,1.016832434415866,34.5
3226000,-2715198.94467533,299.8245993406198,2019.517158809675,1.0166402253254356,34.5
3228000,-2720455.941376077,299.1947563274927,2022.1545318428134,1.0153142833796271,34.5
3230000,-2719900.1059619226,299.4111531836812,2022.9559509526086,1.0149120540237357,34.5
3232000,-2717663.9964753482,300.6749268616364,2019.7036743701592,1.0165463406512414,34.5
3234000,-2716699.6398163475,300.2668796552403,2024.0835107513474,1.0143466751619972,34.5
3236000,-2719218.2126125675,299.8587386115311,2023.188562898662,1.0147953665966274,34.5
3238000,-2718207.3792662825,299.55376713526215,2021.764718558169,1.0155100445342846,34.5
3240000,-2718799.257441124,301.2843817729041,2023.957653529919,1.014409751014339,34.5
3242000,-2719823.6112458035,301.0568378952084,2018.908694328459,1.0169466232665725,34.5
3244000,-2718195.787060702,300.61330495012396,2019.831089835301,1.016482214633237,34.5
3246000,-2717485.124622982,300.1642969353571,2020.6042321767638,1.0160932787758523,34.5
3248000,-2718751.756685579,299.59292536050464,2020.8276421484602,1.0159809459049447,34.5
3250000,-2717036.520336706,299.95440117538976,2019.0715722573489,1.0168645864720056,34.5
3252000,-2719649.2382066473,300.2007349091458,2024.1295251575132,1.0143236160843423,34.5
3254000,-2717671.170597775,300.1800204717671,2021.4165895559554,1.015684935994248,34.5
3256000,-2718078.150047874,301.2339537786327,2018.9719098087962,1.0169147819274464,34.5
3258000,-2715841.7780715395,299.97602868212334,2019.9326836518492,1.0164310900049394,34.5
3260000,-2716726.9318825416,300.62189364344266,2021.1042323623751,1.0158419078569996,34.5
3262000,-2716731.794342056,299.70337790753155,2023.9603808309746,1.0144083840899614,34.5
3264000,-2715897.10317141,301.06888973577,2017.4115542877228,1.01770130889616,34.5
3266000,-2717114.217389928,300.34363530299856,2022.6026593949875,1.0150893304941038,34.5
3268000,-2719236.235681031,300.17136557256816,2019.9117151296125,1.0164416414848647,34.5
3270000,-2718592.4960167985,300.194475473891,2020.0354241689172,1.0163793935571932,34.5
3272000,-2720998.8445779067,299.3635383716023,2020.6995693930853,1.0160453391879052,34.5
3274000,-2722214.4232377596,300.2302712990477,2022.1656787389877,1.0153086866063161,34.5
3276000,-2719975.2933250573,300.84896846081114,2017.94211457114,1.017433733383967,34.5
3278000,-2716133.481864454,299.87545432726336,2019.965990877608,1.016414330069408,34.5
3280000,-2720342.338135397,299.45956542974153,2022.3353697139771,1.0152234936538882,34.5
3282000,-2718187.12619265,300.32196065141943,2020.1563562888155,1.0163185502891456,34.5
3284000,-2718461.022740243,301.19380913397555,2021.2420574524763,1.0157726393089983,34.5
3286000,-2715915.7364323214,301.1713179865686,2023.2950444355433,1.0147419601641092,34.5
3288000,-2718411.0041324534,299.82947836357914,2020.547428447667,1.0161218442460473,34.5
3290000,-2717467.968365887,300.0895909211219,2020.5648333232543,1.0161130915082044,34.5
3292000,-2718282.51638443,301.33918373496374,2020.8237711325291,1.015982892080798,34.5
3294000,-2716810.866535887,298.9879167612447,2022.2461093198683,1.0152683048411788,34.5
3296000,-2719879.6144218147,300.9048207121267,2025.323380576888,1.0137257087290652,34.5
3298000,-2714859.3308909666,300.07289365558756,2024.4664193429255,1.0141548211242877,34.5
3300000,-2717310.6141693387,300.7127246456055,2017.9051188718497,1.0174523867250462,34.5
3302000,-2717575.2018752806,298.8735032925339,2020.4575190252249,1.0161670611968054,34.5
3304000,-2717479.537154861,300.92569478712426,2018.5136181225985,1.0171456664683998,34.5
3306000,-2719589.3471261803,300.3859283360634,2020.1655702285734,1.0163139148780511,34.5
3308000,-2719199.3551466055,300.8653966143119,2020.72541807836,1.0160323421542845,34.5
3310000,-2715817.8434096444,301.1344934969322,2019.246412245963,1.0167765394700934,34.5
3312000,-2718441.836713776,300.226433639958,2018.527506788685,1.0171386679031211,34.5
3314000,-2717387.567055205,300.22330359481674,2018.2850834865371,1.0172608399969612,34.5
3316000,-2718018.7184755653,300.02151646973437,2021.3077042323728,1.0157396496742497,34.5
3318000,-2717909.7440653797,300.6296249581414,2020.3710921165507,1.01621053052684,34.5
3320000,-2715254.1851758584,299.531918865068,2023.293321541614,1.0147428242468126,34.5
3322000,-2716661.192634329,300.8986380778495,2022.4054870520558,1.0151882955843685,34.5
3324000,-2719555.609222116,300.25579539223554,2020.3200752215357,1.0162361917607134,34.5
3326000,-2719191.256959928,300.5333291568543,2021.5216831183168,1.0156321332224294,34.5
3328000,-2720197.581173422,299.748039750476,2019.0408306295928,1.0168800691071864,34.5
3330000,-2718680.5021082778,300.5204023837629,2018.5344527119516,1.0171351678552873,34.5
3332000,-2717236.75775072,301.0025550888735,2015.9275432477727,1.018450482636472,34.5
3334000,-2718070.0455330163,300.6773952630498,2019.3777328905405,1.0167104182346356,34.5
3336000,-2722205.8484743424,301.3881516314379,2020.827941944833,1.0159807951808797,34.5
3338000,-2721456.8919325583,300.3702306261264,2019.5478719770852,1.016624764319599,34.5
3340000,-2718629.1722436175,299.89067450558144,2018.1832819173858,1.0173121528537645,34.5
3342000,-2716922.6053252835,300.49375771378703,2021.1422190207763,1.0158228154649946,34.5
3344000,-2717608.3847348467,299.03680461906566,2023.7800242019787,1.0144987868384774,34.5
3346000,-2717803.9327820092,300.5412699391935,2020.3852305482067,1.0162034191983091,34.5
3348000,-2717760.926124694,300.2444322275844,2018.027858985402,1.0173905034260005,34.5
3350000,-2717891.2003054842,300.13373903012234,2022.5394796978246,1.0151210396583192,34.5
3352000,-2718229.7932681367,301.2894672936838,2020.2800204786113,1.0162563399970959,34.5
3354000,-2718108.6148471218,301.20642549862265,2017.7454645959451,1.017532892728861,34.5
3356000,-2717236.008518234,300.1627636715088,2017.8593029403366,1.0174754882013481,34.5
3358000,-2718256.6255438384,300.75949671377015,2021.115235861312,1.0158363773384251,34.5
3360000,-2718069.2685411256,299.93095879884993,2023.2673789295595,1.0147558354185926,34.5
3362000,-2716633.9612316806,300.43518114617666,2021.2299587640173,1.0157787195259744,34.5
3364000,-2717631.9687757753,301.0665828104951,2023.3216932323353,1.014728595184935,34.5
3366000,-2716453.9862478655,300.1119436536767,2021.485415512079,1.0156503547470603,34.5
3368000,-2719078.6781906225,300.1724399470523,2020.6545509277255,1.0160679758141833,34.5
3370000,-2719464.0233637,301.0450412196838,2018.4430429164493,1.01718123114056,34.5
3372000,-2717342.945790941,300.87821239799524,2022.3822783243659,1.0151999458193213,34.5
3374000,-2719540.445451511,300.21020945862074,2018.4644560355302,1.017170440253079,34.5
3376000,-2717884.4546368606,300.24733197323303,2019.0768291531797,1.0168619389495699,34.5
3378000,-2719967.366123922,300.03876565055083,2015.9348263101317,1.0184468032326157,34.5
3380000,-2716678.71284738,300.98704206212795,2018.3319455676128,1.0172372210079916,34.5
3382000,-2720934.3021226767,300.95737963219017,2017.234867192748,1.0177904480889952,34.5
3384000,-2718885.6299760863,298.7986292103416,2017.5455417654548,1.0176337222030019,34.5
3386000,-2719770.584862128,301.5203487580812,2018.6517136432785,1.0170760837565982,34.5
3388000,-2719247.424090514,301.55550965928006,2020.6957750959239,1.0160472470346944,34.5
3390000,-2720435.3913374823,299.6317874746481,2020.3294920512553,1.016231455046623,34.5
3392000,-2719669.7224975694,300.74932076533065,2019.9578758657508,1.0164184134289864,34.5
3394000,-2719391.481039226,301.0863525632655,2018.543623659954,1.017130546655316,34.5
3396000,-2714813.2157726623,301.4089402805442,2021.1958133156627,1.0157958797731799,34.5
3398000,-2718229.6487631947,300.4406571061699,2018.0903868237222,1.0173589809385428,34.5
3400000,-2720395.0327913016,301.4233028004744,2022.5184759563608,1.0151315816336461,34.5
3402000,-2717571.991873009,301.0440357580357,2023.3684362557965,1.014705153343261,34.5
3404000,-2716688.6728354283,301.15729264562555,2020.8249346286195,1.0159823071255638,34.5
3406000,-2718914.4541894346,301.2806026273204,2020.2315648624426,1.0162807150875541,34.5
3408000,-2718251.070938781,300.4491646736155,2024.0126066932576,1.0143822091776158,34.5
3410000,-2719442.082437938,300.5122860106311,2024.324765459096,1.0142257874888096,34.5
3412000,-2720178.6232701596,300.7168788899295,2026.0263984486626,1.0133739525570529,34.5
3414000,-2721483.029245222,300.0006819116995,2021.9258654622786,1.0154291086787401,34.5
3416000,-2717662.581914125,299.9387319633473,2021.185221387568,1.0158012030047194,34.5
3418000,-2718666.515292976,300.3462631970468,2020.4191783275455,1.0161863445982418,34.5
3420000,-2716372.7860685475,300.92289932968373,2017.6336554289699,1.0175892803217224,34.5
3422000,-2718628.436943112,300.3256837119963,2021.9316215285264,1.0154262179394304,34.5
3424000,-2716059.77104022,300.8020087752498,2019.5520157310566,1.0166226783902086,34.5
3426000,-2717869.542958647,301.35195275596027,2021.4827160292814,1.0156517110439207,34.5
3428000,-2716567.173598023,301.0455178033465,2020.803322300216,1.0159931729743237,34.5
3430000,-2713656.4118943885,300.1109876718193,2022.7714788568478,1.015004611663378,34.5
3432000,-2718439.5374327805,299.83441001670246,2020.6509891760923,1.01606976681213,34.5
3434000,-2719967.7519013975,300.1529607435229,2022.0137402470461,1.0153849791000948,34.5
3436000,-2719235.987226948,301.2941668548816,2021.1602774061487,1.0158137394307598,34.5
3438000,-2716821.8180084657,300.4487500981957,2022.621945305958,1.015079651511583,34.5
3440000,-2719686.996897336,300.91969102841915,2020.8458576989158,1.015971788030725,34.5
3442000,-2717705.7543775868,300.35703478144274,2021.9093471218007,1.0154374044036558,34.5
3444000,-2718460.1152184587,300.2445850921605,2018.068108050954,1.0173702122292358,34.5
3446000,-2719104.5397460293,302.10845668731497,2019.8461894863217,1.0164746157740814,34.5
3448000,-2716664.0391935296,299.0335665163345,2021.4319082528198,1.0156772389901685,34.5
3450000,-2719310.920195801,300.656589759022,2019.9646706998021,1.016414994362036,34.5
3452000,-2715517.8082830776,300.7650519802755,2021.1529960151686,1.0158173989938974,34.5
3454000,-2718980.9262901936,299.99749382577534,2020.8924794222419,1.01594834969539,34.5
3456000,-2720038.5068503246,298.88353508206313,2018.9293900537218,1.0169361987078804,34.5
3458000,-2719573.125053793,301.3923708252978,2021.5466407340941,1.0156195944285962,34.5
3460000,-2718147.1369418297,300.41240107450704,2017.8313949903643,1.017489560563932,34.5
3462000,-2718311.924728837,299.3539747221633,2021.6884362560043,1.0155483617362229,34.5
3464000,-2716963.9316329993,300.49986623574085,2021.9252609636112,1.0154294122634249,34.5
3466000,-2716481.053615719,300.01045716833437,2024.0464114240604,1.0143652674131785,34.5
3468000,-2718392.451744912,299.17943978080024,2025.415536935986,1.013679584233258,34.5
3470000,-2715953.3583921157,299.10689770684274,2021.4189343814,1.0156837578100324,34.5
3472000,-2713781.865328528,300.4474612481456,2020.0172005465208,1.0163885628426204,34.5
3474000,-2717518.666371545,299.98978260018924,2020.096515943827,1.0163486562034858,34.5
3476000,-2722170.7995851357,300.34822643126915,2018.2115117571848,1.0172979231464554,34.5
3478000,-2719203.42136625,300.46531244977706,2022.169552626315,1.0153067415708719,34.5
3480000,-2719133.2019813545,300.06508983851654,2021.0187387465585,1.0158848802432203,34.5
3482000,-2718487.381239256,300.6796725663466,2020.679637335993,1.0160553614959125,34.5
3484000,-2715220.031100316,300.5082373112451,2020.9552828856247,1.0159167779552731,34.5
3486000,-2717857.636427475,300.20730768987886,2018.7963904268254,1.0170031951299303,34.5
3488000,-2716665.146359451,299.26638647173655,2021.4238815944545,1.0156812720355288,34.5
3490000,-2721680.8340695426,300.82273194500306,2020.7131163315714,1.0160385275808554,34.5
3492000,-2718432.439802708,299.30533949572487,2023.43867417373,1.0146699307401759,34.5
3494000,-2717878.802378971,300.6768625143532,2021.5171256591502,1.0156344229393535,34.5
3496000,-2719514.8087321855,301.1233496188182,2019.968569317554,1.0164130326416407,34.5
3498000,-2718007.471353451,300.0243086050946,2019.0850077087389,1.0168578200235057,34.5
3500000,-2718345.221457973,300.307090329982,2023.530809348382,1.0146237309042991,34.5
3502000,-2719455.7210926916,301.52090288171576,2023.1477628558823,1.0148158315844698,34.5
3504000,-2720251.954038605,300.8875932982784,2017.2569472707983,1.0177793077667059,34.5
3506000,-2717371.80034589,299.7271318905181,2021.3740419922271,1.015706314976388,34.5
3508000,-2720196.8747198265,300.71922905772493,2021.1906222481618,1.015798488663663,34.5
3510000,-2718496.2947103884,299.5039257616287,2021.8242755548229,1.0154801305951477,34.5
3512000,-2719235.4810314868,300.5574146855021,2019.629689823037,1.0165835795178617,34.5
3514000,-2717528.405804822,299.54910856987675,2019.9441979487033,1.0164252960382973,34.5
3516000,-2717942.0887048542,298.9824079597774,2021.0145574514459,1.0158869820165446,34.5
3518000,-2721082.7811245825,300.2707018699765,2016.9929582465174,1.017912517238406,34.5
3520000,-2719216.93349332,299.57967626869976,2022.909370031397,1.0149354240961304,34.5
3522000,-2718460.7732390836,300.1100092856606,2018.690905237167,1.0170563378743906,34.5
3524000,-2717739.5972442944,300.51895577815793,2019.9352440577252,1.0164298016091142,34.5
3526000,-2723459.8159997053,301.0425959876075,2019.9006418848026,1.016447213693169,34.5
3528000,-2718912.420041764,299.1974503884769,2021.4178695196008,1.015684292861617,34.5
3530000,-2718301.9820541255,300.36130779087125,2020.899480700653,1.0159448300066003,34.5
3532000,-2719352.588553814,300.0752835634673,2021.2248248709582,1.015781299594878,34.5
3534000,-2718545.2653682213,300.1876606702127,2021.54668824218,1.0156195705606623,34.5
3536000,-2715490.855004104,300.6418616401298,2021.4146728924882,1.015685899045638,34.5
3538000,-2716043.381798351,299.7554395674956,2022.236597644696,1.0152730801984933,34.5
3540000,-2718074.6244829036,299.3416652269096,2021.0162540554106,1.0158861291991177,34.5
3542000,-2717794.4897476267,299.09420364274274,2018.2027679142404,1.01730233057935,34.5
3544000,-2716875.982201036,300.54495374322386,2020.9006525524408,1.01594424089463,34.5
3546000,-2719340.4629119933,299.57617182641513,2021.0636521397976,1.0158623045875432,34.5
3548000,-2717932.4440100193,301.09976118009337,2018.8495823157907,1.016976399512512,34.5
3550000,-2716506.201648904,300.6907378752442,2020.3083412054227,1.0162420940933454,34.5
3552000,-2718078.042279115,299.96688895043843,2021.9621283176907,1.0154108974776332,34.5
3554000,-2719193.1942424458,300.086167522241,2019.996794713172,1.0163988303121954,34.5
3556000,-2719885.0944278687,300.1888937593711,2018.666937840985,1.0170684132652004,34.5
3558000,-2718541.81776936,300.47791090145324,2019.6808597215152,1.0165578237266395,34.5
3560000,-2719658.969219012,301.06836739184325,2018.939899587543,1.016930905075625,34.5
3562000,-2715472.0746449623,300.6551306962013,2020.5832153263573,1.0161038475464317,34.5
3564000,-2716594.172265781,299.5867853016605,2022.5437731425432,1.015118884764999,34.5
3566000,-2717626.682051312,300.1802061226434,2022.5482560569062,1.0151166347860354,34.5
3568000,-2718677.363753561,300.20501050273805,2022.216638107229,1.0152831010739531,34.5
3570000,-2716728.3685712684,301.19969644594073,2024.5061836407692,1.0141349016225876,34.5
3572000,-2716692.912344383,300.6961129167702,2020.6617488879187,1.016064356397501,34.5
3574000,-2718158.750156248,299.3341733162616,2021.0257067344317,1.0158813777278872,34.5
3576000,-2715808.4552748892,301.4270531913962,2019.843579428389,1.0164759292706618,34.5
3578000,-2717736.5626065154,299.9004043473802,2019.8391192375857,1.0164781738437807,34.5
3580000,-2718880.54850203,300.146810762367,2023.7453362823971,1.0145161758111423,34.5
3582000,-2716534.949088581,299.0293625562097,2024.6292774821761,1.0140732440331541,34.5
3584000,-2717718.3087179083,300.69139770932856,2021.0263088703207,1.0158810750605576,34.5
3586000,-2717100.389341755,300.0795138618118,2020.7046683710814,1.0160427753333703,34.5
3588000,-2717692.6436795723,300.8513012917146,2021.8653168992485,1.015459517614922,34.5
3590000,-2714803.439496316,300.70353705173704,2024.1501750556763,1.0143132681963078,34.5
3592000,-2719293.0726213064,300.2063450701376,2017.6304665046157,1.0175908886515392,34.5
3594000,-2715573.654133793,299.7186592536954,2021.7836252617383,1.015500547995118,34.5
3596000,-2717596.70174144,300.9265238916686,2023.4715670979153,1.0146534365814992,34.5
3598000,-2715216.897268411,300.07221360638334,2022.131388456469,1.0153259036980968,34.5
3600000,-2718802.5019520875,300.8903590489404,2015.9296137804158,1.018449436600462,34.5
3602000,-2717235.7549258024,299.8056749298951,2018.2361880772182,1.0172854849743178,34.5
3604000,-2715701.812735053,299.7513376502561,2022.611985766927,1.015084649862962,34.5
3606000,-2717856.3796934634,301.6377485665419,2022.5718247987545,1.0151048057762482,34.5
3608000,-2720794.762833938,299.7383388743112,2018.3886539931123,1.017208640822977,34.5
3610000,-2716702.6869646087,300.70770326433274,2021.5288048972227,1.0156285551841222,34.5
3612000,-2719103.6309147608,299.8329429820859,2023.1388368312528,1.0148203089198569,34.5
3614000,-2716139.7110674605,299.8497251066459,2022.2579487687663,1.0152623608827336,34.5
3616000,-2715487.979408093,301.0857506262993,2022.2850394966042,1.0152487603290203,34.5
3618000,-2720192.7125616465,300.3773648793909,2019.3105017152043,1.016744268717925,34.5
3620000,-2714600.57261391,300.6182372427922,2024.871674666292,1.0139518494273054,34.5
3622000,-2716565.0907705817,301.5547231000381,2025.0979241608165,1.0138385679456208,34.5
3624000,-2718745.728437677,300.3483063639364,2019.850779777839,1.0164723057446214,34.5
3626000,-2716348.256319592,300.3355858917586,2015.2090107415877,1.0188136160751444,34.5
3628000,-2720520.10199913,301.3378284469793,2018.141583858654,1.0173331721629337,34.5
3630000,-2719898.054738771,300.70732822352903,2015.3192282131802,1.0187578973288458,34.5
3632000,-2718841.0855843257,299.03485022685294,2017.840413002207,1.0174850132603654,34.5
3634000,-2719939.3599608857,300.4695729994125,2017.0868403492882,1.017865140117281,34.5
3636000,-2719086.334817443,300.7814110385416,2023.6032439761925,1.0145874125733545,34.5
3638000,-2716127.6119248085,300.02595978148827,2019.0707100029122,1.0168650207292098,34.5
3640000,-2716963.587441761,299.88688467893223,2023.928616095824,1.0144243048163142,34.5
3642000,-2717320.404020805,300.0727978263202,2023.5435403669755,1.0146173474520406,34.5
3644000,-2718688.477171054,300.5797876226217,2020.531252582636,1.016129979061971,34.5
3646000,-2716695.790646177,300.97949476567845,2018.544064894741,1.017130324320125,34.5
3648000,-2718524.2385989893,300.8823028023124,2020.1558932237642,1.0163187832521574,34.5
3650000,-2717435.536795784,300.3933166688422,2023.9375795894234,1.0144198121946768,34.5
3652000,-2716466.795368217,301.2585707836076,2019.672351430183,1.0165621061886507,34.5
3654000,-2718729.135568548,300.1197763857693,2023.251841145909,1.014763628346941,34.5
3656000,-2716511.3075316623,300.6784828587213,2024.3537518510689,1.014211264954792,34.5
3658000,-2717883.144078154,299.68971846157444,2020.3063944943751,1.0162430733159609,34.5
3660000,-2719517.613488538,300.71073466314044,2021.9595999301391,1.0154121672123366,34.5
3662000,-2719499.1042840853,300.74161899347405,2021.1125137487074,1.015837745506198,34.5
3664000,-2717852.03759443,300.3435412874537,2023.0286568635001,1.0148755789569528,34.5
3666000,-2719857.819528211,300.8016415216214,2022.5104585061806,1.015135605725016,34.5
3668000,-2716539.728111636,299.51042453959224,2021.9145619721487,1.0154347854235064,34.5
3670000,-2721185.807438908,300.5526937722607,2017.8780428340845,1.0174660389768984,34.5
3672000,-2716222.2099728584,300.170698289048,2026.0442866934725,1.0133650053284722,34.5
3674000,-2720230.6344706826,299.28519336752044,2024.111886676994,1.0143324550855164,34.5
3676000,-2716143.2800718807,299.67340039784864,2024.65880740231,1.0140584536389423,34.5
3678000,-2715573.9097356815,299.21199055039057,2027.0416246937625,1.012866412987957,34.5
3680000,-2716256.1890163794,300.16125276518034,2021.6348563854588,1.0155752770565554,34.5
3682000,-2721895.3197451923,300.3271892705882,2019.8392221380839,1.0164781220594064,34.5
3684000,-2717813.3055159133,300.4721027139526,2020.3843830920835,1.0162038454477975,34.5
3686000,-2715371.4432966337,300.49322906744806,2022.967704408359,1.0149061573779854,34.5
3688000,-2718721.6855652593,300.41331627811104,2018.837759963016,1.0169823549458792,34.5
3690000,-2718559.808921978,299.5620809071809,2015.6987351268979,1.0185660900618654,34.5
3692000,-2718698.637708096,301.52259734435006,2017.8169900744701,1.0174968242809168,34.5
3694000,-2721398.45562095,301.6702177990896,2016.6273883979259,1.0180970422165687,34.5
3696000,-2718541.402574053,300.31644478917156,2017.8587800422613,1.0174757518649802,34.5
3698000,-2719170.9163035043,300.5889765964785,2019.137519689694,1.0168313744654602,34.5
3700000,-2717013.4374528565,299.9181963706975,2019.37515022397,1.0167117185497399,34.5
3702000,-2719831.9753817134,301.45872264028145,2016.4329272819216,1.0181952256395586,34.5
3704000,-2718825.658143921,300.46131744384127,2019.7219335171485,1.0165371506391176,34.5
3706000,-2718912.89915237,300.24824903723584,2020.3796256480516,1.0162062383312234,34.5
3708000,-2717846.384397771,299.9575782683097,2019.7339099002363,1.0165311228954237,34.5
3710000,-2717029.562019989,300.8295006865636,2021.5156509207,1.0156351638661598,34.5
3712000,-2716791.1752991024,299.71442217745494,2018.9418327050437,1.0169299313740068,34.5
3714000,-2720758.8639493585,299.43177812201185,2021.023836789044,1.015882317668655,34.5
3716000,-2718683.8551983014,300.0716679208858,2018.9775609471615,1.0169119355728113,34.5
3718000,-2718035.4691242687,299.06034156663736,2022.161046823997,1.0153110122487436,34.5
3720000,-2718609.9223634377,300.01791283085777,2019.1699778204718,1.016815028914519,34.5
3722000,-2718071.3215835597,301.57425683919934,2020.416545897132,1.016187668602366,34.5
3724000,-2716746.5058554932,300.0415461605112,2022.4962835915203,1.0151427204281167,34.5
3726000,-2715696.3793727327,300.7035980810862,2022.044448804278,1.0153695585648235,34.5
3728000,-2715906.17453314,299.36532944328576,2021.5809000972038,1.0156023829084115,34.5
3730000,-2714771.0697392896,301.05874065641484,2021.476229687523,1.0156549699811313,34.5
3732000,-2720501.571138313,301.14589976372406,2018.1665369316397,1.0173205936227432,34.5
3734000,-2717782.0780643597,300.8636595496345,2021.183420780402,1.0158021079492714,34.5
3736000,-2718066.392967224,300.8959664950252,2020.2540467920467,1.0162694056428183,34.5
3738000,-2715966.1931786314,300.67577055840457,2019.9754790451673,1.0164095557988422,34.5
3740000,-2719940.0087671783,300.0759420830736,2022.0772553649851,1.0153530850186347,34.5
3742000,-2718389.8124882225,300.17411473997754,2020.554031252078,1.0161185237440011,34.5
3744000,-2718345.829286376,300.0275048894631,2019.7041517536688,1.0165461003772094,34.5
3746000,-2716659.0646480117,300.41924460232144,2020.9812082114793,1.0159037456849074,34.5
3748000,-2718353.382247651,299.7062036207574,2018.6647440554023,1.017069518565141,34.5
3750000,-2720166.62509143,300.1654910606677,2021.1857868203685,1.0158009188312787,34.5
3752000,-2717584.501867015,300.2698246130439,2019.4332926459151,1.0166824459404629,34.5
3754000,-2719826.889986338,300.4253134743354,2017.7297277845325,1.0175408287388321,34.5
3756000,-2717745.2532195225,300.20616539108516,2021.380054808949,1.0157032936465296,34.5
3758000,-2718758.0331083834,300.1951674278468,2022.4657949181812,1.0151580237053703,34.5
3760000,-2718407.9947542287,300.3328601510073,2018.2937252706026,1.0172564843630871,34.5
3762000,-2717230.9303423483,299.5184624553193,2022.9409670272082,1.0149195714781514,34.5
3764000,-2719428.650285039,300.15740174405005,2022.0567919820583,1.015363360476311,34.5
3766000,-2717908.3077230677,299.70657754365357,2018.6272538018375,1.0170884077355276,34.5
3768000,-2717838.4689359665,299.6594839694844,2020.1923136555172,1.0163004608535253,34.5
3770000,-2721962.69781892,300.8033282598433,2017.0341977000087,1.0178917054167915,34.5
3772000,-2718784.257482663,300.4930665954964,2019.7938507312658,1.01650095559877,34.5
3774000,-2716802.27248762,299.74146674383076,2023.1422824892381,1.0148185805571353,34.5
3776000,-2715302.8629541527,299.79168787513663,2026.4794265991577,1.0131474084720447,34.5
3778000,-2721099.6766784173,300.58376337323944,2016.617523064656,1.0181020227676685,34.5
3780000,-2718146.149042545,299.11862762521866,2014.986636420988,1.018926052545738,34.5
3782000,-2718476.9495920464,300.1231572622049,2019.203975557257,1.0167979085987258,34.5
3784000,-2719198.282692749,300.4704171016846,2018.5381287691014,1.017133315501372,34.5
3786000,-2719376.827731667,300.63524755975584,2021.5801717805116,1.0156027488004886,34.5
3788000,-2717721.558294665,299.88028726579955,2020.0271051115033,1.0163835793022795,34.5
3790000,-2717579.3126115743,300.23703920142697,2019.7174340068195,1.0165394152724432,34.5
3792000,-2716097.404109901,300.54372833662586,2019.0118199183273,1.016894680420397,34.5
3794000,-2720417.3858423103,299.60934741894124,2023.0279678158172,1.014875924625761,34.5
3796000,-2715747.3040775545,299.11076739823636,2023.0596433978044,1.0148600344439453,34.5
3798000,-2716797.7986466344,300.35661875707507,2023.5584939429486,1.0146098496912226,34.5
3800000,-2719817.205322411,300.26948865155316,2021.8367576254939,1.0154738613972478,34.5
3802000,-2718060.0557812657,299.1629353016626,2021.661215321575,1.0155620357262836,34.5
3804000,-2715359.2716240343,300.05543305174496,2023.5195281934393,1.0146293874484331,34.5
3806000,-2719581.24522735,300.82891235050596,2021.4386329994882,1.0156738601232478,34.5
3808000,-2714880.256416615,299.38059634479265,2024.6912077802774,1.0140422260398632,34.5
3810000,-2716838.2724568825,301.65193077644585,2020.7989587957304,1.0159953668050106,34.5
3812000,-2719191.750332199,301.4355080401764,2018.1880518871021,1.0173097484454354,34.5
3814000,-2717721.1799874287,299.7437149410752,2022.2244376598169,1.015279185210911,34.5
3816000,-2716875.9707468655,299.7581199529213,2021.0349810350556,1.0158767159633046,34.5
3818000,-2719823.3333644327,300.4046535165677,2021.1563284870008,1.015815724119559,34.5
3820000,-2718355.2990316413,301.44624430705437,2023.0508415483457,1.0148644498768458,34.5
3822000,-2720203.4379778896,299.67340479681604,2021.3362645954526,1.015725297834975,34.5
3824000,-2718690.7644796185,299.2471260371816,2020.6998709930556,1.0160451875378516,34.5
3826000,-2720259.071719764,300.84921806535834,2017.5794158633187,1.017616636667719,34.5
3828000,-2719434.342480123,298.95726417273136,2020.236695571393,1.0162781340827773,34.5
3830000,-2718618.4972309414,301.1020310938976,2020.7001191581962,1.0160450627558542,34.5
3832000,-2717848.4892097022,300.655551848091,2022.5418964346843,1.0151198266894121,34.5
3834000,-2714725.0153820235,299.6548046691942,2025.4021662258917,1.0136862760478889,34.5
3836000,-2718979.7867075093,300.02440445705963,2020.3693514951112,1.0162114060290524,34.5
3838000,-2717895.432010498,300.00104843792536,2020.836668630225,1.015976407817516,34.5
3840000,-2716520.9298334215,300.272088772543,2023.59346991232,1.014592313084412,34.5
3842000,-2714755.6154934634,299.6319835145272,2021.0116562161686,1.015888440359024,34.5
3844000,-2718155.3489686344,300.38429152128174,2021.6653651201805,1.0155599511192106,34.5
3846000,-2719536.5380448364,300.23454711530525,2020.7189568337722,1.016035590915548,34.5
3848000,-2717011.676232146,301.57220903898445,2026.523741799302,1.0131252533749906,34.5
3850000,-2716013.67806896,300.4025524646652,2020.008810988121,1.016392784136685,34.5
3852000,-2717059.4981197994,299.5842179936188,2021.756096361624,1.0155143753866624,34.5
3854000,-2718417.1117972415,300.16069973125724,2016.8236475466388,1.0179979701638109,34.5
3856000,-2718269.958289709,299.2528361832611,2021.59246787465,1.0155965715183681,34.5
3858000,-2718458.2709877305,299.668741102283,2021.2052899663274,1.0157911170987763,34.5
3860000,-2714844.395862354,300.6552373769168,2022.718895534319,1.0150309980856245,34.5
3862000,-2717869.781587802,299.91799226958614,2019.307120760051,1.0167459710675772,34.5
3864000,-2717364.3875218313,300.2684125609805,2019.1526420883356,1.0168237589295788,34.5
3866000,-2719469.65458061,299.59065750717036,2020.137698759152,1.0163279367747853,34.5
3868000,-2718704.9368538707,300.3502632107311,2016.9264167128495,1.0179460997526095,34.5
3870000,-2717632.2608300596,298.47926212244647,2020.129822371131,1.0163318993880281,34.5
3872000,-2719410.295655975,300.57756177421743,2022.2916414749743,1.0152454459453686,34.5
3874000,-2716208.164784735,300.4248103408962,2022.1299032087702,1.0153266494516016,34.5
3876000,-2714658.7014008053,300.7292701956966,2021.432192013511,1.0156770964133972,34.5
3878000,-2718540.514652567,300.08403432428105,2021.946031581123,1.0154189811759462,34.5
3880000,-2718979.823472295,298.8133048451998,2022.3435945439023,1.0152193647607597,34.5
3882000,-2720839.7102471422,301.6289240392746,2019.1594273738824,1.0168203419435489,34.5
3884000,-2718931.3565557227,300.55689986338524,2017.7312506611108,1.0175400607529594,34.5
3886000,-2719047.6407836806,300.4579693626927,2020.09445769276,1.0163496917494712,34.5
3888000,-2718253.309814129,299.4595880757241,2021.2268303820777,1.0157802917116159,34.5
3890000,-2718976.708185548,301.4195918527171,2018.9356230573878,1.0169330591491041,34.5
3892000,-2715957.109805055,300.29863159672436,2022.9194606595174,1.0149303614447842,34.5
3894000,-2715021.1278060153,299.847519350741,2023.960760111657,1.0144081939946237,34.5
3896000,-2716699.8300057165,300.30734989150096,2021.1090586419823,1.015839482091273,34.5
3898000,-2718979.0717255976,299.98972506147334,2023.2173318512416,1.014780936807341,34.5
3900000,-2719390.697567029,300.3998517540702,2020.3292564490741,1.016231573555201,34.5
3902000,-2717980.3653788976,300.03510198246664,2021.0678140817363,1.0158602126439185,34.5
3904000,-2717202.374090649,300.40089880232625,2019.592341776271,1.0166023790598702,34.5
3906000,-2717586.008245688,300.2392855990802,2016.9976319796012,1.0179101585586867,34.5
3908000,-2720146.521605693,299.68180676722073,2016.7029737632588,1.0180588842736877,34.5
3910000,-2716361.3751508407,300.22466837466794,2023.8341944954313,1.0144716325898042,34.5
3912000,-2719235.526547957,301.6007995646571,2019.4009037644141,1.0166987523644149,34.5
3914000,-2715593.053605195,300.1761178489369,2023.1877883616407,1.0147957550907578,34.5
3916000,-2716210.729112277,300.04773747636,2020.3125005765678,1.0162400018783828,34.5
3918000,-2719555.189060347,299.72726711453174,2017.998496419693,1.0174053068044773,34.5
3920000,-2720474.979024334,298.88471826521175,2019.9234701064452,1.0164357262865296,34.5
3922000,-2719733.211127082,300.50600074885654,2020.4680432347059,1.0161617681880617,34.5
3924000,-2717859.296953004,299.2541616714325,2020.5086502955448,1.0161413459331325,34.5
3926000,-2718731.856026871,300.08740897987434,2019.355381635139,1.0167216717041507,34.5
3928000,-2720638.947939636,299.1443410086839,2020.9512752457294,1.015918792565254,34.5
3930000,-2718102.0022111107,299.9156939827154,2018.8895712628184,1.0169562558573326,34.5
3932000,-2720652.155159902,299.9757442584657,2017.114461546866,1.0178512020613704,34.5
3934000,-2719617.0508528613,300.84105603983596,2021.26404233517,1.015761590954181,34.5
3936000,-2716662.876015855,299.7066559439245,2019.6182890164962,1.0165893181630232,34.5
3938000,-2720451.6154135875,299.8111022146968,2020.929255267619,1.0159298619827093,34.5
3940000,-2714874.44011526,299.8485852815456,2022.86048943004,1.0149599490963108,34.5
3942000,-2719211.563020412,299.1295962310584,2019.0769804443432,1.0168618627552357,34.5
3944000,-2720348.765775634,299.17731481652197,2018.2583573360596,1.0172743107531634,34.5
3946000,-2719573.862693889,301.7511559805374,2021.2593641578671,1.0157639419205657,34.5
3948000,-2718443.887578722,301.4337422290387,2023.652638246888,1.014562648043932,34.5
3950000,-2716942.468530627,300.98499985553485,2021.7713815599534,1.015506697793253,34.5
3952000,-2720400.059425518,301.23229846795186,2018.7568896419216,1.0170230947149983,34.5
3954000,-2715232.5575403124,299.9118321395176,2021.1566934263408,1.0158155407042297,34.5
3956000,-2715365.655639326,299.3193082960657,2022.4960774501867,1.015142823895746,34.5
3958000,-2717971.7645262647,300.6793655504533,2019.5673229302324,1.0166149729546692,34.5
3960000,-2715001.03395891,301.29349397301075,2020.669430510791,1.0160604938046978,34.5
3962000,-2715704.4734187927,301.0906642914274,2022.1316906877453,1.0153257519457428,34.5
3964000,-2719677.9648752995,301.84652081731497,2018.1434321950987,1.0173322404283758,34.5
3966000,-2721469.557251882,299.88460303909886,2019.7683560239468,1.0165137864732987,34.5
3968000,-2719002.10189504,300.9537692602094,2021.9864812893093,1.0153986677852016,34.5
3970000,-2716121.6753143743,301.29721585845425,2020.221653926892,1.01628570082397,34.5
3972000,-2717381.1099186316,300.142627090907,2022.6980782768421,1.015041444608445,34.5
3974000,-2720711.62877471,300.8931251328785,2019.5796990690721,1.016608743060371,34.5
3976000,-2718575.858944008,300.51881961588225,2022.4649492801962,1.015158448165723,34.5
3978000,-2717223.435664706,300.0180040082258,2023.7806002775062,1.0144984980581997,34.5
3980000,-2719365.9036003016,298.962668393956,2017.4181540379645,1.017697979603992,34.5
3982000,-2718379.3064684216,300.2807837683963,2023.0305527946175,1.0148746278422067,34.5
3984000,-2716955.2915236037,301.1308873176633,2024.5443735269992,1.0141157715422486,34.5
3986000,-2717606.7475837264,300.58849425704904,2020.8756093715558,1.015956830722166,34.5
3988000,-2716137.4522832986,300.4468029316566,2022.476973842335,1.0151524125786688,34.5
3990000,-2718714.3463728074,299.99891221492703,2022.2946412303102,1.0152439399887776,34.5
3992000,-2719428.6840432286,300.4653040087328,2022.3422154421428,1.0152200570722791,34.5
3994000,-2717027.6798752267,299.08644321959326,2021.1762149550825,1.0158057294506997,34.5
3996000,-2718587.2350540794,300.9322843620764,2016.4124308080734,1.0182055754129957,34.5
3998000,-2717255.629679978,300.49529032114845,2020.0484204945128,1.016372854507241,34.5
4000000,-2718556.8189301863,300.1001698772098,2021.5133988677035,1.0156362953274773,34.5
4002000,-2717270.128417788,300.0621349862943,2019.206491690815,1.0167966415666763,34.5
4004000,-2717598.0302692857,301.25249636782263,2019.4790463287545,1.016659411798928,34.5
4006000,-2717283.017946832,300.5694581092636,2024.8357018915724,1.0139698630673364,34.5
4008000,-2720373.76496768,299.9530064522232,2025.1359452881313,1.0138195335270386,34.5
4010000,-2719981.534758441,300.11323215829515,2017.5790957073782,1.0176167981464002,34.5
4012000,-2717911.2845835723,300.9182768285481,2020.8245718692638,1.0159824895051193,34.5
4014000,-2718150.4268846214,300.76603377527385,2024.070637818057,1.01435312632869,34.5
4016000,-2719380.963758666,300.6924602977747,2019.8052996567212,1.01649519373466,34.5
4018000,-2717990.2275868114,300.32223093500284,2021.4855453073505,1.0156502895343191,34.5
4020000,-2720246.4797108136,300.6065705348457,2018.8357926206672,1.0169833459885693,34.5
4022000,-2720169.00989924,299.831667146158,2019.7803587631477,1.0165077457422755,34.5
4024000,-2718992.68052122,299.95840024718916,2021.7927367879363,1.0154959714825613,34.5
4026000,-2719394.5847449563,301.41899587937473,2021.0044129158334,1.0158920813135086,34.5
4028000,-2718571.8807914834,300.10879064070565,2022.6446328045652,1.0150682656171917,34.5
4030000,-2718687.3674412705,301.9415401613889,2018.3667457281379,1.01721968206535,34.5
4032000,-2716570.4611212257,300.2696706665345,2022.2077133174876,1.0152875819134564,34.5
4034000,-2719450.99964807,300.8219879331041,2022.6802690353848,1.0150503818183705,34.5
4036000,-2717139.244468935,299.97091638768484,2024.1189797791378,1.0143289005693126,34.5
4038000,-2718349.0758173224,300.74228196064723,2021.4729100203615,1.015656637891908,34.5
4040000,-2717081.7857917827,301.1819013624887,2023.4538962034596,1.0146622975858546,34.5
4042000,-2716601.3988881353,301.04886821263125,2022.492326363619,1.0151447066661088,34.5
4044000,-2717920.402902158,299.8170801899738,2017.9158861373378,1.0174469577673553,34.5
4046000,-2718732.7802437823,299.44362633209977,2017.4619419560254,1.0176758910208992,34.5
4048000,-2718745.663806377,301.02756116789294,2021.5550537001616,1.0156153677946642,34.5
4050000,-2715312.509995306,299.76704891078396,2024.803351642999,1.0139860632465238,34.5
4052000,-2718194.7997203227,299.1281522109702,2020.7912088602748,1.0159992632483847,34.5
4054000,-2717830.6308573466,299.9672037625919,2021.2816761754555,1.015752729360137,34.5
4056000,-2717980.4690619763,300.21921906723367,2018.8648306715718,1.0169687183553957,34.5
4058000,-2719074.7151324823,301.4231347740355,2018.6306518411307,1.0170866956311508,34.5
4060000,-2717681.751117546,298.729302199319,2017.8437609469756,1.0174833250802926,34.5
4062000,-2718747.177970536,300.0460482823866,2017.9525525854704,1.0174284706299563,34.5
4064000,-2717753.0274623334,300.65792403001495,2023.4803170539967,1.0146490490058293,34.5
4066000,-2716374.5891074,300.1842571177657,2022.5397588483934,1.0151208995514984,34.5
4068000,-2716534.1211720016,300.0775936152516,2022.4714502158188,1.015155185088898,34.5
4070000,-2720325.4096577726,300.29195143925284,2021.2987775932652,1.0157441354738652,34.5
4072000,-2721645.6909265425,300.78871971704064,2021.5234186521632,1.015631261274112,34.5
4074000,-2717860.457299916,299.71601403925047,2020.1415796494728,1.0163259843090313,34.5
4076000,-2719849.5246973075,299.1151164683145,2021.5165798283306,1.0156346971713708,34.5
4078000,-2719580.138833722,300.2303292308906,2017.1371755555274,1.0178397405299984,34.5
4080000,-2715097.1354107168,301.43058111898085,2022.1798394168052,1.0153015767247338,34.5
4082000,-2716172.7848978713,299.8421468786209,2022.2203375625477,1.0152812437123204,34.5
4084000,-2720138.767976379,301.82140775476904,2020.8318873612095,1.0159788116080288,34.5
4086000,-2716353.162164202,300.57275456484825,2025.0389953290687,1.0138680707465684,34.5
4088000,-2717115.5263557453,299.6921633493009,2022.7695033343095,1.015005602959956,34.5
4090000,-2716509.1089423597,300.1283441733308,2023.5887686206654,1.014594670230512,34.5
4092000,-2715405.5510633904,300.02183906261325,2021.886661758641,1.0154487975082847,34.5
4094000,-2716001.4740790688,301.0154733110258,2021.415579124611,1.0156854436978127,34.5
4096000,-2715143.838528268,300.30538626986015,2021.377761220332,1.015704446130522,34.5
4098000,-2713662.097862132,300.74997605126674,2023.6227997994881,1.0145776078349613,34.5
4100000,-2717550.5476173516,301.2391468405846,2020.7521230683526,1.0160189149094385,34.5
4102000,-2720513.3307664674,301.0510130794787,2019.1815719768656,1.0168091903546626,34.5
4104000,-2716730.714188885,298.98013372976294,2023.5211467306883,1.0146285758851536,34.5
4106000,-2717155.9777406063,300.28594356458717,2021.9684181254518,1.0154077388034983,34.5
4108000,-2719386.679928815,299.21769506974107,2022.5725065332026,1.015104463621931,34.5
4110000,-2716666.7329133805,299.9680765674377,2016.6160982500091,1.0181027420948006,34.5
4112000,-2718013.9581824522,301.3917524944346,2019.8240466051732,1.0164857591588956,34.5
4114000,-2716549.131982196,299.7819123574666,2018.7923012776516,1.0170052551129074,34.5
4116000,-2719418.223621398,301.728057940894,2020.601042160565,1.016094882929246,34.5
4118000,-2718886.174427774,300.8748095970891,2018.622560950035,1.0170907722415325,34.5
4120000,-2716135.3167791627,300.58821761611597,2017.3230772575942,1.01774594388318,34.5
4122000,-2715729.557322221,300.09516286690604,2021.9705863641414,1.015406649941791,34.5
4124000,-2717542.4772807155,301.29235333039645,2021.162992917304,1.01581237464546,34.5
4126000,-2715069.1214689855,300.5881193587811,2026.672684238194,1.013050797668692,34.5
4128000,-2717127.807756204,300.4739387981223,2020.6741516834459,1.0160581198459795,34.5
4130000,-2717133.026166331,301.024639775745,2021.437485624391,1.0156744366233388,34.5
4132000,-2717118.691448273,300.6171616061648,2023.3965169098067,1.014691071286632,34.5
4134000,-2718734.786978502,300.6679642296189,2021.6366023624728,1.0155743999597084,34.5
4136000,-2715590.2428247817,300.2533889526274,2025.5795929728793,1.013597484148993,34.5
4138000,-2716284.5419945493,300.7751018044967,2023.6493267117396,1.0145643082919922,34.5
4140000,-2716875.214788638,301.3162186039405,2016.8543573820943,1.0179824695154656,34.5
4142000,-2716537.676252112,299.89530789381797,2021.7109130644626,1.015537071157605,34.5
4144000,-2719646.728844939,299.90432113716827,2020.1824456444197,1.0163054251894186,34.5
4146000,-2716806.986078093,299.9730260793896,2020.1443440695925,1.0163245935410854,34.5
4148000,-2720011.497940095,300.2712007323244,2018.0133389751109,1.017397823754511,34.5
4150000,-2717137.4469511285,300.5704661569137,2017.8543978917,1.0174779615050522,34.5
4152000,-2717468.9972572755,301.3362608538951,2018.9463496133662,1.0169276562371408,34.5
4154000,-2720033.7464239486,300.5781602751467,2018.8749591438584,1.016963616335861,34.5
4156000,-2717510.317489516,300.35789371108336,2019.5926339383911,1.0166022319942187,34.5
4158000,-2717216.380751064,302.1353488885671,2019.5376519491535,1.016629909028576,34.5
4160000,-2717556.1099060047,299.95360383396957,2020.562305648716,1.0161143626410876,34.5
4162000,-2718072.6290640067,299.9087030116743,2020.1284691216442,1.016332580211373,34.5
4164000,-2720142.9723547623,300.17949183098045,2021.9477222282364,1.0154181321356122,34.5
4166000,-2717910.073687991,301.09957373200166,2021.321483638217,1.0157327253482684,34.5
4168000,-2717318.7501692437,299.80143766271266,2020.361803742586,1.0162152024343258,34.5
4170000,-2718145.645711269,299.8602299409589,2019.2801629334176,1.016759544846056,34.5
4172000,-2715705.6053840853,300.7485132710257,2023.0410117000442,1.014869381049042,34.5
4174000,-2720789.187243676,299.6581313152414,2019.242822357387,1.0167783471350471,34.5
4176000,-2721686.6661400907,301.4959388635943,2018.578544447255,1.0171129506100323,34.5
4178000,-2717592.6755867843,300.33585934316784,2019.8230590621722,1.0164862561447046,34.5
4180000,-2717141.1075195614,299.96933393402503,2021.942580072091,1.0154207145227878,34.5
4182000,-2715895.9158283174,300.10575195170765,2022.8283110751304,1.0149760946788509,34.5
4184000,-2717963.8273115773,300.32288365149043,2022.5654903362265,1.0151079849778044,34.5
4186000,-2717813.359916888,300.37409789871367,2019.809226774527,1.0164932173616827,34.5
4188000,-2718092.766281938,299.90332275773136,2024.3265246171368,1.0142249061174362,34.5
4190000,-2717605.8422544487,299.63272668338607,2023.047810497333,1.0148659704073555,34.5
4192000,-2715348.6234192364,300.1142536917871,2023.6033145938209,1.0145873771673257,34.5
4194000,-2718354.9684802312,299.91535567999375,2024.012744096326,1.0143821403147943,34.5
4196000,-2716885.2754885703,299.77566915064546,2021.3778437636831,1.0157044046540364,34.5
4198000,-2719918.8526443057,300.8211479410517,2021.87159604505,1.0154563639931096,34.5
4200000,-2714324.5617170483,299.4520291216924,2022.0763256072569,1.015353551881515,34.5
4202000,-2717336.171193203,301.76004294505304,2019.637633129977,1.0165795812583374,34.5
4204000,-2718128.8207950983,300.32632307626153,2017.24392291524,1.0177858790689833,34.5
4206000,-2717320.2051853854,300.45452568313044,2021.982630089444,1.0154006017796653,34.5
4208000,-2718176.7034803964,301.47771494299167,2021.680451829427,1.0155523725438274,34.5
4210000,-2717973.1843841355,299.99167918816516,2020.5807718028489,1.0161050763385064,34.5
4212000,-2716770.0294832643,300.16072204320045,2018.7757587827234,1.017013588779587,34.5
4214000,-2716759.5315649714,299.67731184543413,2022.6215442515359,1.0150798527861042,34.5
4216000,-2717767.886750564,300.64395302901164,2019.4902218199368,1.0166537857908546,34.5
4218000,-2715879.3225993793,300.7740839272571,2021.4136545888182,1.0156864107057215,34.5
4220000,-2717425.6816283,301.37047363325416,2020.0404857873145,1.0163768468138614,34.5
4222000,-2717607.435925003,300.67428130151785,2024.0680534019853,1.0143544214978508,34.5
4224000,-2714685.1556689646,301.5581316259277,2025.801776301565,1.0134863160842742,34.5
4226000,-2719300.279152883,299.7472335177967,2022.233175752721,1.0152747981778278,34.5
4228000,-2715200.221998319,299.83856200321486,2024.620967438207,1.0140774062903775,34.5
4230000,-2717778.905953506,301.1544638774684,2022.4194756004958,1.0151812737915014,34.5
4232000,-2721157.329419339,301.3494466938226,2018.5131297860305,1.017145912545285,34.5
4234000,-2716705.922211243,299.41530538845717,2025.0302579155125,1.0138724452908947,34.5
4236000,-2715812.39504114,300.06165268349105,2021.8878223857082,1.0154482146088049,34.5
4238000,-2717520.95791265,300.75982206942297,2018.4518328473414,1.0171768015314004,34.5
4240000,-2716712.709442638,300.8453033903645,2020.3847380740642,1.0162036669005896,34.5
4242000,-2718649.328121539,300.11782400936056,2019.1474000798157,1.0168263987560753,34.5
4244000,-2718725.787769245,300.9437074618943,2020.0600726670334,1.0163669918341423,34.5
4246000,-2716415.4721598923,300.058419918781,2019.720509120955,1.0165378675460568,34.5
4248000,-2718870.5678340774,299.2570255873266,2018.579239333926,1.017112600473551,34.5
4250000,-2716184.519480951,299.6793675168207,2022.7873076926767,1.0149966689887813,34.5
4252000,-2716839.242634235,301.46739184114614,2022.0689632240546,1.0153572487989155,34.5
4254000,-2719311.046164945,299.88160161711994,2020.5075768736192,1.0161418857719395,34.5
4256000,-2714345.7429609466,300.7288145010487,2022.8033349755322,1.0149886268630688,34.5
4258000,-2718709.4596849885,300.84266668822943,2022.3741709178173,1.0152040156095743,34.5
4260000,-2714953.0946402717,300.0019803444607,2025.5471587464458,1.0136137144550468,34.5
4262000,-2719292.5393408854,299.9696432326529,2016.5825348725512,1.018119687082686,34.5
4264000,-2717480.138693705,299.6226208296803,2021.171760444537,1.0158079682101273,34.5
4266000,-2719951.9964919686,299.82188142576206,2019.7812130983025,1.016507315775754,34.5
4268000,-2718799.6170726176,300.1222106425947,2019.4550618099206,1.01667148638641,34.5
4270000,-2720321.7602386344,300.33478604324523,2019.4880673418688,1.0166548704015141,34.5
4272000,-2718198.7359832153,301.34287769440425,2023.7261765353594,1.014525780802924,34.5
4274000,-2718564.1975651067,301.9639911969579,2020.0929444885328,1.0163504530731784,34.5
4276000,-2715714.575550154,300.0190057607948,2017.993172357201,1.017407991020414,34.5
4278000,-2719308.243377384,300.71321996211896,2021.5500521768422,1.0156178805318286,34.5
4280000,-2717124.2453558967,300.7659795777601,2023.4301603475806,1.0146742000861402,34.5
4282000,-2717391.5853160843,300.3426208535172,2021.8945706519855,1.0154448254533848,34.5
4284000,-2717043.5463981964,300.04841566731636,2022.162372893706,1.015310346440104,34.5
4286000,-2718689.741131995,300.66021014052797,2021.9006145263577,1.0154417900811648,34.5
4288000,-2717388.554963069,298.4887124722467,2022.5366132849435,1.015122478324994,34.5
4290000,-2718283.9213129096,299.4539738168821,2019.8428005181304,1.0164763212534087,34.5
4292000,-2717972.449427262,299.9155598941567,2022.874619396561,1.0149528595070878,34.5
4294000,-2718264.9811162762,300.1388279827323,2018.7867126536805,1.0170080704969753,34.5
4296000,-2717987.8220669646,300.94682262155317,2018.7764134228069,1.0170132589868195,34.5
4298000,-2721440.7262410372,299.72941423745976,2018.9328682507016,1.0169344467405563,34.5
4300000,-2718221.459436219,299.35362082571163,2022.8838561693024,1.0149482250893096,34.5
4302000,-2716862.8173867706,298.9902734389895,2023.574780969167,1.0146016834611533,34.5
4304000,-2715441.3024710566,300.16621498306523,2023.386686331637,1.014696001140111,34.5
4306000,-2716535.6776748057,300.95039100062365,2023.3100339269088,1.0147344425491145,34.5
4308000,-2719995.533171309,299.9606922016001,2021.1843123573115,1.0158016598626234,34.5
4310000,-2717169.3628189173,298.9313737712097,2023.375043696786,1.0147018397685268,34.5
4312000,-2718395.067075718,299.9776823773556,2022.276403047659,1.01525309610828,34.5
4314000,-2716675.55478815,299.6802913454926,2025.77406940907,1.0135001777270056,34.5
4316000,-2716550.400477845,299.51812576473066,2020.8331291368197,1.0159781873022955,34.5
4318000,-2719200.3251355253,300.68443778436483,2020.2154750229995,1.0162888091714464,34.5
4320000,-2720996.256329326,300.12893749388144,2021.952087493037,1.015415939913028,34.5
4322000,-2717475.778097596,300.0464572072626,2019.0060140004466,1.0168976046350684,34.5
4324000,-2716328.017112529,299.748313176829,2023.477113845966,1.0146506552172165,34.5
4326000,-2714860.8267234713,299.71605104208146,2023.2812088303297,1.0147488991744125,34.5
4328000,-2717009.4076793883,300.53810861598834,2017.3627849966708,1.0177259115961337,34.5
4330000,-2717850.4950918313,300.30583057261214,2019.3186533783828,1.0167401642855693,34.5
4332000,-2717646.383748712,299.70843830601126,2024.1347617394038,1.0143209919563547,34.5
4334000,-2716403.0394283347,299.97160982592203,2020.9982025094334,1.0158952030890134,34.5
4336000,-2718874.1255923305,300.50512014513157,2017.480742591879,1.0176664074340471,34.5
4338000,-2716614.1761634834,300.2426927166329,2021.5686996168633,1.0156085122261582,34.5
4340000,-2716126.5229695924,300.5695117114455,2022.9076312917857,1.0149362964584654,34.5
4342000,-2714650.466920145,298.96377383346316,2024.1831125732315,1.014296763285823,34.5
4344000,-2716370.8851057813,300.25087792753567,2019.6073588779284,1.016594819956263,34.5
4346000,-2718200.924659105,301.05681741252187,2020.3005286857592,1.0162460239103357,34.5
4348000,-2718411.036440324,300.23859822266036,2021.2100950266704,1.0157887022396652,34.6
4350000,-2718538.596688481,300.3279943263175,2019.3699244735478,1.0167143496088777,34.6
4352000,-2719585.450395411,299.43589751284105,2017.8717337921835,1.0174692201681332,34.6
4354000,-2718485.3160671294,300.06459657872466,2020.1428659078554,1.0163253371974637,34.6
4356000,-2716373.6593769137,299.41201123952675,2021.0634759389839,1.015862393152681,34.6
4358000,-2717143.8102870528,301.7741328434136,2018.305175215709,1.0172507134167268,34.6
4360000,-2715822.464864062,300.2094985412031,2019.6452792823204,1.0165757326011364,34.6
4362000,-2716374.5393609833,299.9926436517568,2024.0450032654767,1.0143659731223678,34.6
4364000,-2718718.925690448,301.45359772835224,2017.2529352420252,1.017781331984788,34.6
4366000,-2719167.7225717753,300.73526995448464,2017.4754894945404,1.0176690572311449,34.6
4368000,-2718860.32914399,299.8801805384881,2016.7096759162698,1.0180555009476204,34.6
4370000,-2719235.6191761307,301.16699463935845,2018.3021520755049,1.0172522371189765,34.6
4372000,-2721067.881697176,300.27906792469884,2019.368158243971,1.0167152388726546,34.6
4374000,-2720128.588991992,300.7928858202576,2019.3043212565706,1.0167473806539655,34.6
4376000,-2720121.3529261947,299.90165238473986,2017.7008494659196,1.0175553922794394,34.6
4378000,-2715819.1730391253,299.30812451555727,2022.6094508309395,1.0150859220683344,34.6
4380000,-2722222.576138811,300.05697089106883,2016.7291634113758,1.0180456635574782,34.6
4382000,-2716112.79235998,300.1007242398696,2022.6797101606044,1.0150506622809947,34.6
4384000,-2718339.826141985,299.19027781768256,2020.646267118404,1.016072141270308,34.6
4386000,-2718450.889348028,301.01898295083146,2022.1194473767657,1.0153318994307212,34.6
4388000,-2720021.810846906,299.6510841499853,2024.6612778001538,1.014057216331821,34.6
4390000,-2716713.818672348,300.10864977785576,2025.0605416679987,1.0138572833431136,34.6
4392000,-2717493.7481114753,300.41385213054485,2020.0422639811175,1.0163759521221796,34.6
4394000,-2714287.596840257,301.2186389043483,2023.2673522475484,1.0147558488007722,34.6
4396000,-2716686.654531317,299.29396359313506,2020.2761512807094,1.016258286313641,34.6
4398000,-2718272.6430667713,300.1341310677626,2019.1124525732362,1.0168439983440605,34.6
4400000,-2720127.238902515,299.8834942135061,2015.8757435189477,1.018476652631816,34.6
4402000,-2717241.5351673476,299.8748039025392,2021.3094527549054,1.0157387710142984,34.6
4404000,-2720051.91067715,300.2996326024188,2016.5117422847463,1.0181554296602433,34.6
4406000,-2715090.648241032,299.72310143130164,2022.6491389042314,1.0150660042270747,34.6
4408000,-2714965.3097119965,300.19095897813946,2021.6677852539615,1.0155587353947664,34.6
4410000,-2719960.110148307,300.06670518916496,2020.1969978377754,1.0162981043820558,34.6
4412000,-2719855.741341673,300.21326548837914,2019.6448151123059,1.0165759662382436,34.6
4414000,-2720468.32940867,300.9180937919441,2022.4180375687497,1.0151819956318293,34.6
4416000,-2719306.9155186024,300.10557041878553,2020.8630746716244,1.015963132343575,34.6
4418000,-2715543.367605986,300.09973521297167,2022.3284661006635,1.015226959317624,34.6
4420000,-2718312.2758340016,299.2001114236399,2023.2985838964448,1.0147401850234938,34.6
4422000,-2716571.472230479,299.5252643347043,2022.2311260858849,1.0152758272269096,34.6
4424000,-2718408.6434754394,300.7402279748386,2021.303641965986,1.015741691032584,34.6
4426000,-2720074.3680564426,301.34776489664426,2019.447756033665,1.01667516440897,34.6
4428000,-2716965.625819808,299.72203009326904,2022.7554665646858,1.015012646520115,34.6
4430000,-2718330.277568113,301.1266129861434,2021.7420282506155,1.0155214417525806,34.6
4432000,-2718945.982766181,301.39456602322974,2022.8288279465778,1.0149758353330496,34.6
4434000,-2717906.590932684,300.7732004965153,2018.7318233719768,1.017035722927987,34.6
4436000,-2719139.315630242,300.3932212119328,2018.9824062541322,1.0169094951104898,34.6
4438000,-2720424.1344102435,300.9806019151572,2018.799081817233,1.0170018392978077,34.6
4440000,-2716444.132079605,300.8068604888015,2021.4165063007354,1.0156849778268304,34.6
4442000,-2716337.3357599135,301.07735386709874,2019.214194287735,1.0167927628426154,34.6
4444000,-2717056.1413322054,301.2842626263039,2019.6827491763315,1.0165568727158547,34.6
4446000,-2717241.863830464,301.02278960506834,2020.276401583781,1.0162581604038543,34.6
4448000,-2718277.384648364,300.05020250471995,2024.5456680761768,1.014115123089236,34.6
4450000,-2716720.300208725,299.81388533180365,2020.7827749682583,1.0160035035992927,34.6
4452000,-2716140.784081174,301.05494432110794,2022.3269007493805,1.0152277451385627,34.6
4454000,-2715065.6062543765,300.3444803572673,2023.2335883116584,1.0147727831535924,34.6
4456000,-2713519.127883021,301.4371174844921,2021.8653431495295,1.0154595044310082,34.6
4458000,-2718461.589906797,301.00551511561054,2024.1342965809897,1.0143212250535087,34.6
4460000,-2718433.7674581744,300.48627668572004,2019.6467917338357,1.016574971318761,34.6
4462000,-2720228.438318236,300.5220857125032,2015.5210447671325,1.018655887871448,34.6
4464000,-2716401.1323056035,300.04211502867855,2023.540881516788,1.0146186806178534,34.6
4466000,-2718011.222708743,299.4044412784903,2020.5438733190124,1.016123632103234,34.6
4468000,-2719812.9328101818,300.51613831350494,2022.4584243993445,1.0151617232826993,34.6
4470000,-2721219.696637148,301.19144604973053,2020.0226806365497,1.0163858054969321,34.6
4472000,-2717662.077011727,300.56973119434736,2019.7200068614995,1.0165381203364208,34.6
4474000,-2717154.930858003,300.2407820291323,2018.5608094319343,1.0171218869342082,34.6
4476000,-2719337.587877054,299.897491907812,2019.2353331332545,1.0167821183056531,34.6
4478000,-2718013.906675119,301.74094390468525,2016.9595634512152,1.0179293708138395,34.6
4480000,-2720374.04004875,300.6138571077778,2022.1705196077078,1.0153062560615058,34.6
4482000,-2715981.951261401,299.4080827246815,2023.3626875171276,1.0147080363037841,34.6
4484000,-2717256.347199034,300.85267971166996,2018.8524330849543,1.0169749634665126,34.6
4486000,-2715158.3392157424,300.365290422677,2020.763676880758,1.0160131057729829,34.6
4488000,-2716898.2835725863,298.7585347702514,2023.2339513463198,1.0147726010700064,34.6
4490000,-2720571.551385822,301.0362660428796,2016.4927036611273,1.0181650425281576,34.6
4492000,-2718193.396399742,299.54366091426755,2018.0169083080607,1.0173960242494817,34.6
4494000,-2717577.6402612682,299.63193168292185,2018.424024781024,1.0171908152964004,34.6
4496000,-2717910.3282231074,298.88156077347367,2018.0499286082832,1.0173793771280752,34.6
4498000,-2716347.1925512366,299.6787352050195,2023.0420201653747,1.014868875147249,34.6
4500000,-2716483.820141565,301.07312608407824,2020.3129162549158,1.0162397927875229,34.6
4502000,-2718232.4052037075,299.4816509345942,2019.8309439201257,1.0164822880652145,34.6
4504000,-2716987.1505792122,299.49748467939116,2020.9931533084919,1.0158977411772832,34.6
4506000,-2719664.9232184906,299.12723200000494,2018.7800515288586,1.0170114261957288,34.6
4508000,-2718696.778245596,300.23569449100813,2020.2309929412227,1.0162810027935187,34.6
4510000,-2720592.976799445,300.8556966681131,2024.3996918759856,1.0141882492968814,34.6
4512000,-2719167.636338435,301.77659587099964,2020.2658014899648,1.0162634925892695,34.6
4514000,-2715794.7955007292,300.2326098319918,2019.668752624423,1.0165639175795325,34.6
4516000,-2715964.3490910362,300.6487262258633,2027.141075398848,1.0128167221794822,34.6
4518000,-2716022.4412940983,300.55062048364243,2021.610604642972,1.0155874601495993,34.6
4520000,-2717277.1834455803,300.95478326220746,2020.918854852073,1.015935090343415,34.6
4522000,-2716902.9814734217,301.0164433453412,2024.5631757897454,1.0141063533766814,34.6
4524000,-2718719.053555971,300.5921504976985,2021.944860381052,1.015419569351621,34.6
4526000,-2718151.6570326798,300.203738206788,2018.1522506285016,1.0173277951361002,34.6
4528000,-2715994.936462378,300.2408244571161,2019.566120864925,1.0166155780537431,34.6
4530000,-2718236.401190674,300.0498016353595,2020.7792811985205,1.016005260190093,34.6
4532000,-2717321.590852743,299.1070197494091,2019.946958813212,1.0164239067876966,34.6
4534000,-2719294.0480176155,301.45902082804093,2019.6015706586445,1.0165977335377467,34.6
4536000,-2721438.381794302,300.4406044502264,2020.3440802128841,1.0162241172130013,34.6
4538000,-2718820.29291871,300.65647164212453,2022.356644203408,1.015212813855373,34.6
4540000,-2715767.958512962,300.2446752193625,2025.4432897276731,1.01366569471165,34.6
4542000,-2719072.615558775,300.1983802479353,2019.598415450504,1.0165993217631186,34.6
4544000,-2720785.5572888404,300.0475889977208,2017.255500185883,1.0177800378740638,34.6
4546000,-2718915.1616991665,299.74415194794585,2018.9903967745654,1.01690547050685,34.6
4548000,-2720067.9112374987,299.9472219654626,2020.905529334202,1.0159417892519023,34.6
4550000,-2719250.8069733437,299.99741996798696,2020.3280580295302,1.0162321763641229,34.6
4552000,-2716953.058845481,299.7872310190443,2022.9476107804755,1.0149162382849521,34.6
4554000,-2718682.1710263155,300.6168595676979,2021.2384964715504,1.015774428878611,34.6
4556000,-2718314.929374624,300.59002652131943,2019.7687953829757,1.0165135653516975,34.6
4558000,-2716175.903849341,301.9087569720441,2022.679386364864,1.0150508247729264,34.6
4560000,-2716878.1978493575,300.71655595648343,2020.9059039699375,1.015941600916513,34.6
4562000,-2717161.071925344,300.068671977261,2020.728107588109,1.0160309898551405,34.6
4564000,-2717898.082166834,301.37504519689975,2019.904138484992,1.0164454541495096,34.6
4566000,-2718055.4478028324,301.09576992807285,2021.6048283566063,1.015590361964987,34.6
4568000,-2721312.9659261536,299.76864395604105,2020.0376336677978,1.0163782818506115,34.6
4570000,-2717167.5339263156,300.3479268103301,2018.9836675608174,1.0169088598231593,34.6
4572000,-2720684.600096982,300.03563686725477,2018.2300155906726,1.0172885962059022,34.6
4574000,-2716250.879388882,299.79006696995816,2021.5782451104028,1.0156037167231813,34.6
4576000,-2719562.2781777326,299.9793515791069,2021.3750427258722,1.0157058121248828,34.6
4578000,-2719012.5075926147,300.4494134174054,2018.278664265718,1.0172640754381708,34.6
4580000,-2717192.4763623606,301.4151730780282,2021.1941939775097,1.0157966936074116,34.6
4582000,-2718278.9532920737,301.3089748860564,2023.2007641929968,1.0147892466815025,34.6
4584000,-2716960.5152763203,300.6164730707409,2023.877392116728,1.0144499797161808,34.6
4586000,-2718497.604645755,300.08537367811647,2021.8079324627547,1.0154883391321712,34.6
4588000,-2721212.013075361,300.8833536403671,2020.9329568993203,1.0159280011598795,34.6
4590000,-2716688.483021956,299.19501571033777,2020.9208305477014,1.015934097143441,34.6
4592000,-2719247.040620394,299.7709372350408,2018.5595588015688,1.0171225171080922,34.6
4594000,-2717369.8789423797,301.4889601854527,2017.7504600721386,1.017530373556425,34.6
4596000,-2721005.7315236237,301.7094655368039,2018.6198103746933,1.0170921581314285,34.6
4598000,-2721776.5007033367,300.8198357844372,2014.3373605832946,1.019254480186142,34.6
4600000,-2717627.8700259533,300.0047958385676,2020.3482655866164,1.0162220119929268,34.6
4602000,-2717086.7273949105,299.74115292235535,2022.3224227553155,1.0152299931400517,34.6
4604000,-2714876.7889452316,300.09819173458436,2024.3925555355534,1.014191824489148,34.6
4606000,-2717219.7987609003,300.43893197315145,2021.8403915506497,1.0154720362502059,34.6
4608000,-2717661.3467617985,300.31073208501425,2020.4688057821938,1.0161613846772637,34.6
4610000,-2722942.121242402,299.6813030645818,2018.7581856291445,1.017022441814148,34.6
4612000,-2718161.772304982,300.7225539257398,2019.3550434486717,1.016721841977086,34.6
4614000,-2717602.1204021256,299.18178900167726,2017.6410425749602,1.0175855546438572,34.6
4616000,-2718759.368132334,301.8662086632483,2021.8632488254816,1.015460556283185,34.6
4618000,-2716146.262106398,300.30495623030197,2021.3046160020108,1.0157412015620755,34.6
4620000,-2718110.529833259,300.0451652875392,2023.2309330975438,1.0147741149041967,34.6
4622000,-2718273.3917503357,299.83568963757403,2025.400756480082,1.0136869816070113,34.6
4624000,-2717968.158022182,300.0868500147306,2018.312906312623,1.017246816863409,34.6
4626000,-2719570.8357874155,301.36324101408377,2022.5546223044398,1.0151134395775099,34.6
4628000,-2720056.1666608397,301.410260925478,2019.5643730301003,1.0166164578851238,34.6
4630000,-2721521.394171005,300.73783205628285,2017.9815215157205,1.0174138650381381,34.6
4632000,-2717991.8405578285,298.98523125227376,2019.1228499621916,1.0168387621482746,34.6
4634000,-2719865.3283950333,299.9460152810959,2015.4961812500017,1.0186684541905282,34.6
4636000,-2716366.7645514216,300.2849387823596,2020.4562983233407,1.0161676751358684,34.6
4638000,-2720324.169351248,300.4415372599319,2022.2009526336399,1.0152909762538391,34.6
4640000,-2718604.4702052195,299.6654236608829,2020.465462240721,1.016163066258957,34.6
4642000,-2719268.412547916,299.56736357087794,2020.1698976816058,1.0163117378083213,34.6
4644000,-2718070.1944202017,300.62144705539555,2020.6174445805445,1.0160866347499313,34.6
4646000,-2716749.9351611864,300.6350587016442,2021.297266868413,1.0157448946446879,34.6
4648000,-2718707.117221279,301.1043140498182,2022.1945819334346,1.015294174815683,34.6
4650000,-2715647.3079566862,300.4556289256427,2025.567190361261,1.01360369043827,34.6
4652000,-2716013.3652310576,300.6220948048652,2023.4872205926827,1.0146455873239906,34.6
4654000,-2718815.7961806543,301.7077920685018,2023.1949110399553,1.0147921824919541,34.6
4656000,-2717438.9666330162,299.73219286038676,2024.7788343012564,1.0139983412506268,34.6
4658000,-2718624.6142754965,300.5822727285478,2022.7907373450764,1.0149949480565577,34.6
4660000,-2716568.2811458483,299.6729198135162,2021.3244054205836,1.0157312571277504,34.6
4662000,-2717349.573067831,300.1220159536259,2017.6446839528262,1.0175837181393703,34.6
4664000,-2717833.2174931187,299.93252513080415,2017.942955869462,1.0174333092068166,34.6
4666000,-2720208.0149035156,300.7605030060252,2018.0417169725488,1.0173835169576824,34.6
4668000,-2719960.075919701,300.653022817045,2021.5362306869984,1.0156248244351866,34.6
4670000,-2716952.050945945,300.27371576252636,2021.4504248296557,1.0156679353409646,34.6
4672000,-2722171.0279213116,300.1044018033206,2016.1574354102877,1.0183343539156908,34.6
4674000,-2715567.1902033146,299.91732237090815,2022.5805035876556,1.0151004500137428,34.6
4676000,-2718422.1972844824,300.9474774896557,2021.3240879051768,1.0157314166817402,34.6
4678000,-2717894.891679205,301.4785142514014,2020.9144908846476,1.0159372841559986,34.6
4680000,-2718214.107543828,301.4995882620357,2018.0133041081488,1.0173978413329732,34.6
4682000,-2717637.90571717,300.3131521151287,2021.3017698056778,1.01574263182792,34.6
4684000,-2719518.7787076905,300.1037753464315,2020.4565227524713,1.0161675622615622,34.6
4686000,-2719612.6464200784,300.4178315969067,2018.680457451748,1.0170616017022234,34.6
4688000,-2720253.1012784783,300.5026276976402,2020.2998038356286,1.0162463885225885,34.6
4690000,-2716113.761504419,299.9796949577051,2023.8671899966455,1.0144550934610757,34.6
4692000,-2717932.791221142,300.23746302227306,2021.6407340427909,1.0155723244036072,34.6
4694000,-2721550.4403198436,298.7788050316616,2021.8079727670506,1.015488318888635,34.6
4696000,-2718526.7595872246,301.6352492582426,2021.4555559053929,1.0156653572634573,34.6
4698000,-2716714.9689604267,300.57514415724387,2020.0479098828926,1.0163731114178756,34.6
4700000,-2718735.9270893764,299.52598727809186,2021.8028248596704,1.0154909045214906,34.6
4702000,-2719973.268639071,300.2606656914799,2018.4223182906217,1.017191675288062,34.6
4704000,-2719993.850176243,302.95006714720637,2024.076410897456,1.0143502331863632,34.6
4706000,-2715354.039099822,299.82430386575606,2019.8880463164633,1.0164535520297748,34.6
4708000,-2716524.3593240343,300.42212667684527,2018.6312994697716,1.0170863693236796,34.6
4710000,-2719204.39926601,300.5548542477109,2022.54011736187,1.0151207196121637,34.6
4712000,-2719463.6499575097,300.51578620701775,2018.6823012442085,1.017060672754408,34.6
4714000,-2717756.623409882,299.18501601876125,2020.5841204377678,1.0161033923873628,34.6
4716000,-2718339.9325897675,300.0945699217036,2018.9669445735929,1.0169172828208302,34.6
4718000,-2718090.094360698,300.8764831800141,2021.079389331045,1.0158543945472682,34.6
4720000,-2717812.522772761,299.7973069567042,2019.748568762486,1.0165237451505234,34.6
4722000,-2717701.442821501,298.5828521146277,2019.6021254222726,1.0165974542889582,34.6
4724000,-2719200.538445564,301.6626892529236,2021.0461309552963,1.015871111467601,34.6
4726000,-2718207.8025959097,299.20873150120144,2020.2809825564207,1.0162558560457635,34.6
4728000,-2717735.5197062176,300.47400666582985,2020.807738627413,1.0159909525957118,34.6
4730000,-2715979.1371115223,298.50168423373134,2020.5199438126162,1.016135666301178,34.6
4732000,-2719356.5322393756,300.9515223070316,2017.6830486835172,1.0175643695477627,34.6
4734000,-2714343.019548595,300.7351668663168,2021.332153147166,1.015727363849721,34.6
4736000,-2716525.7731578406,300.66374412670933,2020.6639171000822,1.0160632661404434,34.6
4738000,-2719572.0551815797,301.0125111003811,2020.6924559998017,1.016048915946986,34.6
4740000,-2720330.745583568,300.40600184870357,2018.2090249099901,1.017299176666014,34.6
4742000,-2717538.783810895,299.6581249638592,2024.2591264395994,1.014258674971133,34.6
4744000,-2716538.8966961373,299.78367057236886,2021.6879440379573,1.0155486089906187,34.6
4746000,-2716722.7120716255,299.6541429571277,2022.8224248912525,1.0149790481441932,34.6
4748000,-2718133.64610151,299.70639434952204,2020.9986155820618,1.0158949954498302,34.6
4750000,-2715729.287394438,300.20880701390456,2024.2441974966434,1.0142661552000107,34.6
4752000,-2721185.757389715,299.8703831022445,2020.156603061438,1.0163184261405553,34.6
4754000,-2720260.8607250713,299.03205894857524,2022.6417238280014,1.015069725495014,34.6
4756000,-2718653.0313428137,301.63138023493445,2018.5180790071108,1.0171434185968562,34.6
4758000,-2720355.0335024875,299.464892630275,2021.7865428968882,1.015499082528794,34.6
4760000,-2715540.835729139,299.96953672748907,2021.632729885541,1.015576345312283,34.6
4762000,-2719698.6244894117,300.3114785973944,2018.2763261654375,1.0172652539018872,34.6
4764000,-2718420.352856947,301.653299593642,2019.9582505290452,1.0164182249029752,34.6
4766000,-2715322.2187820207,299.3268326531829,2021.5932530555149,1.0155961770636515,34.6
4768000,-2715639.01974277,299.82696693944246,2021.333318272556,1.0157267783699635,34.6
4770000,-2717603.0308457203,299.38555700996307,2019.9418053433321,1.0164264999861616,34.6
4772000,-2717707.704609886,299.60984397939103,2024.3479683933695,1.0142141625040477,34.6
4774000,-2715996.152767906,299.8206872110904,2020.6417201961226,1.0160744276731932,34.6
4776000,-2717168.9738915674,300.23377610965576,2021.4992556539119,1.0156434011234452,34.6
4778000,-2718494.4615794774,300.22440646987576,2022.0438241143293,1.0153698722529592,34.6
4780000,-2717721.9676080886,299.96733240638025,2019.5554022353224,1.0166209736600322,34.6
4782000,-2718400.9572673626,301.2504883192216,2024.111505707988,1.0143326459985298,34.6
4784000,-2718226.1758466344,300.8728205739376,2019.677479264112,1.016559525201482,34.6
4786000,-2717564.6294310745,301.1186495829216,2022.5299957903226,1.0151257996935539,34.6
4788000,-2718162.4301879797,300.8982773957205,2020.7664897672555,1.016011691493025,34.6
4790000,-2714324.0023652837,300.20346491777,2021.798479293094,1.0154930871739054,34.6
4792000,-2715577.0237261485,300.55862954723733,2021.6171166769818,1.0155841887387935,34.6
4794000,-2715495.819268219,299.9228120099302,2021.2110484145383,1.0157882231008706,34.6
4796000,-2719668.738735985,301.09441151204817,2019.552176678889,1.0166225973706546,34.6
4798000,-2716410.778312361,301.2034469425296,2021.5064665883726,1.0156397782124515,34.6
4800000,-2715788.2865753453,300.045583892229,2022.55976524216,1.015110858360733,34.6
4802000,-2716303.2152549326,300.1973762310378,2023.8994357466418,1.0144389306692154,34.6
4804000,-2718224.7250858545,300.0897634469442,2026.051567780173,1.0133613635660512,34.6
4806000,-2714746.2439691313,300.5530672466575,2019.5144042000884,1.0166416120186454,34.6
4808000,-2717183.015670387,299.6427354602208,2020.0550949374078,1.016369496320331,34.6
4810000,-2719008.9235887695,300.62544321044044,2019.44881966409,1.0166746289328408,34.6
4812000,-2720419.321254894,300.79481906342073,2019.676748923723,1.0165598928021289,34.6
4814000,-2717456.8736060075,300.5482087700589,2021.5301312891186,1.01562788879708,34.6
4816000,-2719652.488501232,300.563500800861,2021.8603711218148,1.0154620015830724,34.6
4818000,-2718343.527196536,299.2266231083929,2022.0301948669492,1.0153767162294767,34.6
4820000,-2717377.4706343766,300.79643560590733,2021.5236545512355,1.0156311427563436,34.6
4822000,-2721008.79505012,300.79928684716964,2022.088442157802,1.0153474677843135,34.6
4824000,-2718623.965543637,299.7860395501612,2018.605565218747,1.0170993356784708,34.6
4826000,-2717391.320763929,300.6856586645201,2026.2721704421967,1.0132510377087176,34.6
4828000,-2718721.3784045763,299.89728275550044,2020.4973973856966,1.0161470052064252,34.6
4830000,-2717191.7145305257,300.49660798685846,2016.9745467127727,1.017921809041662,34.6
4832000,-2716735.2616773136,299.8753514287596,2025.4747159552658,1.0136499671942567,34.6
4834000,-2716403.847905064,300.5245340079194,2022.989497706333,1.0148952239785147,34.6
4836000,-2716794.26554434,298.4711302476602,2021.9040518382342,1.0154400637924608,34.6
4838000,-2716947.894621901,300.3596391591248,2022.2597486615616,1.015261457258256,34.6
4840000,-2719556.575259125,300.20856134776596,2018.2433319110878,1.0172818841604876,34.6
4842000,-2716433.1350142285,299.71140179222914,2024.7254213920298,1.0140250908537012,34.6
4844000,-2715071.2789989524,299.25368470010767,2024.0022660348795,1.0143873916717592,34.6
4846000,-2716380.0210738853,300.2226108072811,2021.844628061411,1.0154699084614778,34.6
4848000,-2718781.2261748444,299.7144125714324,2018.2119840627713,1.0172976850765716,34.6
4850000,-2718926.125944337,301.02997942470074,2019.8234816760905,1.016486043462139,34.6
4852000,-2716313.7069956493,300.0939047890862,2022.8890166348224,1.0149456359184372,34.6
4854000,-2718448.0590624325,299.5432148715422,2018.3458651072233,1.0172302056227518,34.6
4856000,-2716781.468089305,300.25252602406925,2021.8838173442427,1.0154502260558378,34.6
4858000,-2719005.869169738,301.31512541174163,2022.876142683102,1.0149520952170763,34.6
4860000,-2719401.2724340037,300.30936112919676,2024.1290685482577,1.0143238448985807,34.6
4862000,-2717089.6442545056,300.76199535442845,2019.4950395141734,1.016651360468193,34.6
4864000,-2717182.6664857417,299.7673463709932,2015.8950778590065,1.01846688447763,34.6
4866000,-2718958.5442438293,300.28772962893896,2017.9312572349293,1.01743920761411,34.6
4868000,-2719179.4757982604,299.3464925219168,2020.4729641962024,1.016159293275987,34.6
4870000,-2718758.83507134,299.94904317906384,2019.7390559654423,1.0165285328898352,34.6
4872000,-2718401.202347787,299.66587356666037,2017.7035567824823,1.017554026942813,34.6
4874000,-2719436.046794474,301.0602130112387,2022.3405025583834,1.015220916944267,34.6
4876000,-2719828.331134159,300.263126296821,2017.4149115452178,1.0176996153003965,34.6
4878000,-2714063.038424855,301.2469244904604,2020.5457696204044,1.016122678461556,34.6
4880000,-2716051.16502581,300.73099289910664,2022.0808411567687,1.0153512844750188,34.6
4882000,-2717036.969637044,300.80756484430106,2022.9876047668604,1.0148961736310114,34.6
4884000,-2720341.6704745684,300.34915287597556,2016.8908436481372,1.017964053853891,34.6
4886000,-2719361.966425825,300.7307941748478,2020.9293393896876,1.0159298196941842,34.6
4888000,-2718060.594998488,300.89565147331314,2017.788970244164,1.017510953651616,34.6
4890000,-2715827.5970287863,300.4693731470592,2019.512982968695,1.0166423274797423,34.6
4892000,-2718804.9486631732,299.55295148217857,2024.2709882128684,1.0142527316431358,34.6
4894000,-2717584.449378554,299.2396505117445,2018.245848519591,1.0172806156825953,34.6
4896000,-2719625.8288905267,300.1418614387399,2024.6824845890426,1.0140465949640403,34.6
4898000,-2718852.4988332335,301.1304958369064,2020.5673407607026,1.0161118305554186,34.6
4900000,-2714706.594433125,300.8616552160882,2023.3144094808679,1.0147322481174004,34.6
4902000,-2716894.135055272,301.6330513705925,2020.5942801648685,1.0160982833294614,34.6
4904000,-2718881.877814114,300.44895695509666,2021.6083642618985,1.015588585641047,34.6
4906000,-2719992.8796556685,299.4376960012987,2022.4151291043945,1.0151834555796937,34.6
4908000,-2719331.2420059238,299.0998922002071,2021.9136313053032,1.0154352528180943,34.6
4910000,-2718044.847651355,300.5741344934319,2020.1082063944878,1.0163427745513138,34.6
4912000,-2716630.069407806,301.1140712358239,2025.8546322862744,1.013459873507214,34.6
4914000,-2717982.6096565444,300.19191591064293,2024.5530983125223,1.014111401223382,34.6
4916000,-2716527.0894533843,300.5288106568913,2021.5963055001816,1.0155946435966947,34.6
4918000,-2718064.6437659487,301.44324752066336,2020.9452248577022,1.0159218340642633,34.6
4920000,-2716112.893809149,299.77722798112694,2022.659388668169,1.015060860411471,34.6
4922000,-2717226.2510079574,300.9537595567242,2023.3047824239216,1.0147370763000958,34.6
4924000,-2715710.0957396775,301.9943859957753,2021.3778531534024,1.015704399935879,34.6
4926000,-2714119.1334313303,300.98232515528395,2024.0868860753826,1.0143449836591587,34.6
4928000,-2717936.29545385,300.8193847387917,2019.2430001344944,1.0167782576163944,34.6
4930000,-2719470.755356187,301.97005550203284,2019.0392863736508,1.0168808468647565,34.6
4932000,-2716997.58999086,302.01349285009985,2020.4077646308383,1.0161920852427484,34.6
4934000,-2717767.205388544,299.84017726883553,2017.3971723718762,1.017708564034009,34.6
4936000,-2719260.1531757247,301.00938645477993,2019.9398267690394,1.0164274955976729,34.6
4938000,-2719235.414787436,301.22855775965553,2020.5276531803986,1.016131789213153,34.6
4940000,-2717822.526850568,300.9845027101153,2019.4378269605822,1.0166801631476654,34.6
4942000,-2719320.3612728827,299.83998162370204,2017.8865081479935,1.0174617705656785,34.6
4944000,-2717583.4153042436,301.01804777794456,2017.9116142412968,1.0174491116910456,34.6
4946000,-2716390.748883281,300.3725654603366,2023.9853205183902,1.014395884479537,34.6
4948000,-2716523.812019497,300.7356864337066,2024.5172569023123,1.0141293547293875,34.6
4950000,-2718075.0281626396,299.30233028895316,2021.6283896252926,1.0155785256663301,34.6
4952000,-2718801.088222999,299.41959228431864,2019.9700312102862,1.0164122970431904,34.6
4954000,-2718033.7091817763,300.02773692499494,2023.6272918498607,1.0145753556743289,34.6
4956000,-2719783.687606303,300.00634359291143,2022.2244672984941,1.0152791703304997,34.6
4958000,-2717068.2466036063,300.4137218152052,2023.020574509617,1.0148796335788781,34.6
4960000,-2720891.927051721,299.9882749096732,2017.8526679346148,1.0174788338151255,34.6
4962000,-2720616.1504652146,299.20612261310305,2020.1120727281482,1.0163408293521672,34.6
4964000,-2721672.4021157958,299.522002074287,2020.418565554834,1.0161866527973804,34.6
4966000,-2718478.595880231,300.4129247223497,2020.1597933649423,1.0163168211367102,34.6
4968000,-2715264.150726743,300.6707945266984,2020.8796671828325,1.0159547907387114,34.6
4970000,-2716936.6808280293,300.24758626292424,2020.2208116111444,1.0162861245565864,34.6
4972000,-2719625.6510815565,300.09974299169033,2019.5011532221838,1.0166482827231982,34.6
4974000,-2720582.517771572,300.7106691347293,2018.1258396137841,1.0173411088050708,34.6
4976000,-2718673.4317885228,299.57747966232444,2020.387769753903,1.0162021420427307,34.6
4978000,-2718091.499877479,301.0282957157334,2022.169493508641,1.0153067712531378,34.6
4980000,-2717554.982029978,301.30346025299247,2021.5792752254686,1.0156031992125887,34.6
4982000,-2720079.428378964,300.0979238665473,2022.7510065180843,1.015014884563102,34.6
4984000,-2717117.068104014,301.29816604604105,2021.221978604779,1.015782730008751,34.6
4986000,-2716522.9701859616,300.47706093311297,2023.7824942052985,1.0144975486543453,34.6
4988000,-2716752.772026401,300.24689035357096,2023.5206639325154,1.0146288179685836,34.6
4990000,-2717363.202052241,301.23509526653976,2018.7875709940963,1.017007638089355,34.6
4992000,-2718223.103523787,300.50449899619645,2021.5128874155596,1.0156365522881745,34.6
4994000,-2718964.811936585,300.0592127880252,2021.3925822437322,1.0156969988986007,34.6
4996000,-2720320.314524116,299.7875730332063,2018.2211454754843,1.0172930672060445,34.6
4998000,-2717398.5707323644,300.3101429371796,2019.3047233810328,1.016747178178832,34.6
5000000,-2719054.4170308094,300.76065290508296,2021.8270763712692,1.0154787238608707,34.6
