#"Step","Potential Energy (kJ/mole)","Temperature (K)","Box Volume (nm^3)","Density (g/mL)","Speed (ns/day)"
2000,-2552727.4125880823,298.8177346156579,1956.0513824593572,0.9967677170829853,0
4000,-2558511.4911279064,301.0164773327779,1942.3769433312013,1.003785015923439,34.9
6000,-2561474.61932287,300.06755351108745,1929.847963919379,1.0103017996460588,35
8000,-2567460.3324928507,300.879889718488,1922.5961079139609,1.0141125652784708,35.1
10000,-2566849.897897618,301.80768106255465,1923.0620898201853,1.0138668331677938,35.1
12000,-2567398.200521866,300.713247019371,1920.100099616099,1.0154308472672104,35.2
14000,-2568139.736314157,300.6538613910407,1920.2308589073245,1.0153617008844924,35.2
16000,-2568471.915706802,299.78964168443497,1920.93307305998,1.0149905263930825,35.1
18000,-2570838.3002596702,299.61430794011943,1922.4394419111366,1.0141952086942023,35
20000,-2570129.6504723243,300.72363026653863,1920.5336662254006,1.0152016105101715,34.9
22000,-2572230.564453304,300.44037917948333,1917.5139030523485,1.0168003829789196,34.8
24000,-2567527.0461486373,299.56674056187416,1922.1336659449596,1.014356548420635,34.7
26000,-2569544.859088475,300.8329311219009,1919.9784235357763,1.015495198847322,34.6
28000,-2568057.3869733196,301.4418825835434,1920.5779705576447,1.0151781916070413,34.6
30000,-2569522.6771885045,299.9763945494987,1922.3801245275376,1.0142265029244488,34.6
32000,-2571390.945471037,300.5075546427323,1918.1288855253201,1.016474380686393,34.6
34000,-2569489.5892272443,300.215604386079,1919.0060622023339,1.016009750773501,34.6
36000,-2569034.150399495,301.3543371930952,1914.1081108862481,1.0186095863144793,34.5
38000,-2567024.476417303,300.1616871518731,1917.4205071274432,1.0168499104622541,34.5
40000,-2570569.0430687126,300.29275710934775,1917.381919098707,1.0168703749472765,34.5
42000,-2571157.3666967712,299.94159968125933,1917.857181545093,1.0166183852231692,34.4
44000,-2569608.0153144524,299.8898971496718,1919.4992309052934,1.015748711746803,34.4
46000,-2570321.5171369296,300.121640399601,1915.5153298597718,1.0178612724199727,34.3
48000,-2572817.8969969004,300.0647367507992,1917.0666876626613,1.0170375832716556,34.3
50000,-2570465.3559215367,300.90185094398623,1914.4807757009753,1.018411308035804,34.2
52000,-2569011.8381142933,300.3879005906487,1922.1934229178505,1.014325014197261,34.1
54000,-2569160.1652935836,299.1628871202368,1917.0846616828326,1.0170280478273415,34
56000,-2572458.7053799685,300.61038330620676,1917.0874707486796,1.0170265575986492,34
58000,-2573129.582845362,299.1985661081448,1917.7110251012512,1.016695865785143,33.9
60000,-2570141.928575037,301.52378538763463,1914.0672031877061,1.018631356173876,33.9
62000,-2571246.7770634703,300.13292460452396,1917.540341581468,1.0167863636094432,33.8
64000,-2571784.1716250107,300.2140247416336,1916.229722582814,1.0174818019016345,33.8
66000,-2570244.5913857203,300.7369255099055,1916.555306799986,1.0173089521984282,33.7
68000,-2569014.47649619,300.5721309883405,1918.1948048484046,1.0164394492482833,33.7
70000,-2570209.587993702,299.7477476969744,1917.4462696820933,1.0168362482012545,33.6
72000,-2568839.8548003733,300.3394348433623,1917.632940348578,1.016737264972419,33.6
74000,-2571616.6997662783,300.2328895127026,1916.8067386738662,1.0171755094829966,33.5
76000,-2572677.3171157744,300.6823324299944,1913.8228639101892,1.0187614056441363,33.5
78000,-2570504.246851355,301.10608256895694,1919.4206123824727,1.0157903163137016,33.4
80000,-2571078.905397292,300.0803506088694,1916.237514756638,1.0174776644212844,33.4
82000,-2572326.6324460525,300.07111945745885,1915.235083895796,1.0180102105403535,33.4
84000,-2568589.1525461525,300.0204182045413,1917.7366294324306,1.016682291544939,33.4
86000,-2570892.55749679,300.3696391730841,1919.6247746365555,1.0156822816376576,33.3
88000,-2571681.1761478204,300.40313865346013,1915.2692949653967,1.0179920265605555,33.3
90000,-2571837.5098463204,300.59361334073634,1917.9499618623627,1.0165692065802436,33.3
92000,-2570714.193679204,299.80422257981184,1917.5702062759633,1.0167705279367691,33.2
94000,-2569208.6262797564,300.4793622499302,1919.8628232036128,1.0155563446650744,33.2
96000,-2571656.445586076,299.912349997179,1918.644198802392,1.0162013739744145,33.2
98000,-2571377.427821193,299.53917932881177,1920.7651595352268,1.0150792569888203,33.2
100000,-2569502.5775245335,301.05795327301377,1921.4276217466238,1.0147292819797606,33.2
102000,-2570908.6390429866,299.9801327360036,1920.5407625113385,1.015197859399519,33.2
104000,-2571146.011786578,299.804964223639,1918.6026608836135,1.0162233748248228,33.2
106000,-2571751.7480359245,299.7369450000653,1917.1183492749262,1.0170101766166069,33.1
108000,-2572367.2226007245,300.02211702869766,1920.5167289580468,1.0152105636949242,33.1
110000,-2569401.907232169,300.2547147993811,1918.0361726853132,1.0165235143930298,33.1
112000,-2572446.5189448223,301.2538730097506,1918.377130386823,1.0163428452662413,33.1
114000,-2570828.66000285,300.02763444458776,1918.81115248902,1.016112955390063,33.1
116000,-2570021.5003941376,299.18346937981204,1918.7706806788992,1.016134387826469,33
118000,-2568646.068488091,299.7717090929586,1921.0455201824193,1.0149311145973718,33
120000,-2571096.9612362944,300.21710446931434,1920.4375408217013,1.0152524253180328,33
122000,-2571013.765857842,301.1875194084898,1918.4055035639683,1.016327813576885,32.9
124000,-2571247.187061662,300.7639712260479,1919.6650989202203,1.0156609463222106,32.9
126000,-2570940.406973297,299.4138368258481,1915.0905427144605,1.0180870447135484,32.9
128000,-2572561.917834092,299.9443102846798,1917.70227002512,1.016700507407488,32.9
130000,-2570420.1856641006,299.5494857240464,1918.6997499531315,1.016171952406132,32.9
132000,-2572772.223686861,301.4192923875119,1914.4203791733896,1.01844343708506,32.9
134000,-2573358.4410503823,300.9007940062647,1914.2875677366385,1.0185140957146248,32.9
136000,-2573624.2817908507,299.92024478497524,1911.5006070117608,1.0199990854510017,32.9
138000,-2573223.5404039025,299.53059978541074,1916.0233605248807,1.0175913880595466,32.9
140000,-2572509.6525018997,299.3905677497397,1915.2314539323065,1.0180121399885613,32.9
142000,-2572134.345566267,300.8634770976788,1915.257239998262,1.0179984339820587,32.9
144000,-2570716.433939807,301.2675664602481,1916.2136384799262,1.0174903423282653,32.8
146000,-2570640.47580046,300.0623049771902,1913.520604875672,1.0189223288336167,32.8
148000,-2569673.0987005606,299.963770880306,1915.3834109270344,1.017931375967892,32.8
150000,-2569339.6930689067,301.1142964942193,1915.505244378129,1.0178666316437117,32.8
152000,-2572350.1953631025,299.81504364706683,1918.6543283491967,1.0161960089332873,32.8
154000,-2573943.656676898,299.72650969653637,1914.77528435256,1.0182546677535007,32.8
156000,-2571840.2238329593,300.7076755878147,1917.33964805597,1.0168927935996634,32.8
158000,-2574663.7711901423,299.8811821533398,1919.6891541626385,1.015648219277196,32.8
160000,-2572028.235231882,299.63577813540945,1916.298863908968,1.0174450904875403,32.7
162000,-2570091.4986564424,299.8045675351603,1919.6676146510913,1.0156596152951214,32.7
164000,-2572056.2794698235,300.2063855735534,1914.7436798981716,1.0182714749029593,32.7
166000,-2571187.9073515683,301.0784651496985,1917.3094143274386,1.0169088288104842,32.7
168000,-2572510.7843666933,301.47167875469563,1917.8607871734719,1.0166164739540486,32.7
170000,-2569857.8619856127,300.3146528147801,1918.9259676852694,1.0160521582512732,32.7
172000,-2569662.833895711,301.22162551639053,1917.2043375077642,1.0169645628517334,32.6
174000,-2570869.3515981734,299.7664957085968,1916.940187995081,1.0171046979980338,32.6
176000,-2569959.9693689626,300.7742654396095,1916.414426434917,1.0173837370959935,32.6
178000,-2572270.522440767,299.5011865647245,1917.2456874880636,1.0169426295831316,32.6
180000,-2568826.7259702627,300.83471998411454,1921.8195939419452,1.0145223189195607,32.5
182000,-2571995.723652061,300.7258533370122,1915.2236343478824,1.0180162963866604,32.5
184000,-2567479.961273443,300.1507005207449,1920.595810013821,1.0151687621233538,32.5
186000,-2569301.4208167344,300.09847023512293,1913.5897630234235,1.018885504440883,32.5
188000,-2572438.4104232546,300.64351535164366,1915.8251444506145,1.0176966706166386,32.5
190000,-2573673.600900423,298.8803814353441,1916.0201108600593,1.017593113944843,32.5
192000,-2571577.212408509,299.57196943119345,1917.910881855639,1.0165899205413584,32.5
194000,-2574083.2576434165,299.9026939178999,1915.8139604390258,1.0177026116587193,32.5
196000,-2572706.1371480934,301.46235866580827,1916.7178524863207,1.0172226801466313,32.5
198000,-2572111.7160096075,301.8240477869244,1916.5891407217491,1.0172909934451584,32.4
200000,-2571858.946206469,300.27967155759507,1914.3122078218025,1.0185009859021517,32.4
202000,-2572429.268766392,299.8308716639486,1918.8433199450699,1.0160959212901475,32.4
204000,-2572286.947199313,298.9270755006832,1914.4161108620422,1.0184457077688756,32.4
206000,-2571407.324091617,299.9925113125478,1914.5926226936817,1.0183518143133317,32.4
208000,-2569945.384338893,300.623075295413,1917.0443009517508,1.0170494599540831,32.4
210000,-2572029.7091514096,300.463052722885,1918.8114007466297,1.0161128239244206,32.4
212000,-2571105.842025619,299.443161996395,1915.6217804368212,1.0178047101481755,32.4
214000,-2571237.2870654594,299.68478086765504,1914.8862619356287,1.0181956546182445,32.4
216000,-2570054.420076944,300.11788411754486,1914.1145903790923,1.0186061382066394,32.4
218000,-2571569.7353708874,300.0216221538012,1912.77163605126,1.0193213001715486,32.4
220000,-2571819.766198106,300.61415223767557,1915.971953748189,1.0176186906999363,32.4
222000,-2571742.8799812216,300.0576311438043,1918.15189459634,1.016462187631567,32.4
224000,-2568648.3270455487,299.33594972994183,1917.264676013092,1.0169325578174462,32.4
226000,-2568255.7489444856,299.4421031516676,1918.2412555585188,1.0164148359030805,32.4
228000,-2571552.604939837,300.112804329735,1918.5279315765395,1.016262958125844,32.4
230000,-2571035.525365522,301.89460528191313,1917.6681406473215,1.0167186019646168,32.4
232000,-2569177.860966528,301.18448893356515,1913.015931949277,1.0191911308361898,32.4
234000,-2571159.0253773015,300.6582778945187,1915.099233406393,1.0180824246496314,32.4
236000,-2568396.8646010086,301.1872085282777,1913.6762451707305,1.018839459344955,32.4
238000,-2570759.5244978853,301.1844121988837,1917.0906165453312,1.01702488873714,32.4
240000,-2572002.9413863868,300.51444293428676,1915.3723272334512,1.0179372664359225,32.4
242000,-2574985.2680816315,299.3597964385893,1912.1076385738202,1.0196752691418935,32.4
244000,-2571935.5280344393,300.31404597280147,1918.5883143153098,1.0162309738068191,32.4
246000,-2572739.9695798475,301.4976011821273,1917.51763260922,1.0167984053100882,32.4
248000,-2573309.281883795,300.66766641720693,1914.1567795077472,1.018583687534953,32.4
250000,-2570871.2716434468,300.6665394995937,1917.2143804023174,1.0169592357125394,32.4
252000,-2571487.50305211,300.46724441987647,1918.9651075201152,1.0160314345218457,32.4
254000,-2572768.1788969785,300.0692624464062,1915.3718521611909,1.0179375189162738,32.4
256000,-2572513.0825161617,299.67596994821736,1913.4300448696508,1.0189705530226756,32.4
258000,-2573273.4229278024,300.64061059153676,1914.9999729997583,1.0181351950292048,32.5
260000,-2572666.4410754573,300.4461529449789,1914.7127057343541,1.0182879474042277,32.5
262000,-2571110.388705265,301.6379587550689,1915.997204636242,1.0176052795239818,32.5
264000,-2571979.735326791,299.56428462370314,1916.9050741652509,1.0171233293020905,32.5
266000,-2573097.9510151297,300.2403295300011,1915.4176244090595,1.0179131935222518,32.5
268000,-2572975.210461676,300.56337428752477,1913.2087275553308,1.0190884261135296,32.5
270000,-2570176.1115483604,300.3527562423883,1917.7042925912656,1.0166994351128518,32.5
272000,-2573024.828682076,300.6730848141217,1915.9405698030155,1.0176353597395191,32.5
274000,-2574433.238408372,299.7039210138087,1915.7304319831253,1.017746984878614,32.5
276000,-2572697.1600114238,300.1883298182965,1915.4966395510728,1.0178712041217577,32.5
278000,-2569569.0198807307,300.14766687906894,1918.1187663929577,1.0164797431482913,32.5
280000,-2573015.520366993,301.4970062867623,1913.311872091672,1.0190334881785619,32.5
282000,-2573884.951601265,300.5267052350142,1914.5863292568656,1.01835516173763,32.5
284000,-2571402.743221706,301.09322459094494,1915.297007468909,1.0179772971961274,32.5
286000,-2571107.1284480374,299.59003550333216,1915.135097262152,1.0180633594874502,32.5
288000,-2570542.563275866,299.9254579511808,1918.6702525697112,1.016187574899711,32.5
290000,-2571882.5360735133,299.7564978346491,1916.7859375406053,1.0171865479630418,32.5
292000,-2574264.593074633,300.0657258069291,1917.3927122691073,1.016864650895463,32.5
294000,-2571794.5226246174,300.95633914769445,1916.0876509210168,1.0175572448649954,32.6
296000,-2570918.2346445583,300.8471474384958,1919.0391966408502,1.0159922081862116,32.6
298000,-2570872.7759108543,300.87717589536663,1917.5310258482937,1.0167913033524416,32.6
300000,-2570570.193773903,299.23749652491,1917.488334636129,1.0168139413275856,32.6
302000,-2574446.496724492,300.24911062246827,1912.251251082542,1.019598690228218,32.6
304000,-2573475.2301792745,299.22890457918584,1911.0151532766204,1.0202581950478162,32.6
306000,-2573130.106479738,299.83514883728645,1911.505841084921,1.019996292495981,32.6
308000,-2572534.860041,299.9033427556679,1915.0479527684608,1.0181096865864032,32.6
310000,-2571993.475314727,301.0019745666342,1915.0612586746013,1.018102612728129,32.6
312000,-2572333.3446804937,299.23896030567437,1916.3610575581777,1.017412070288764,32.6
314000,-2571693.1113086566,300.4302245914358,1918.381496926507,1.0163405319091883,32.6
316000,-2572917.14525909,299.57180259827743,1914.2146932507062,1.018552870723197,32.6
318000,-2571418.327947391,300.1501356726838,1917.1275647881073,1.017005287911828,32.6
320000,-2570528.1550284717,300.28658772770797,1919.040611627786,1.0159914590537062,32.7
322000,-2573189.488410631,300.3334713774381,1912.9364550001758,1.0192334752650483,32.7
324000,-2571416.0632764082,300.2184923239274,1916.35100939801,1.0174174049687827,32.7
326000,-2571259.2718193177,300.3935711296481,1918.681900230711,1.016181405972812,32.7
328000,-2570638.539093893,300.31008136121505,1916.8186714970368,1.017169177232759,32.7
330000,-2572219.9802679345,299.6216666647369,1916.0117496705107,1.0175975545694427,32.7
332000,-2573183.6110703107,300.86293776221453,1914.947815893263,1.0181629258035647,32.7
334000,-2570663.202020902,301.2474603877911,1915.4565357552967,1.0178925152286058,32.7
336000,-2570239.909694303,300.3325097464954,1917.4478382686214,1.0168354163686444,32.7
338000,-2573183.0350911207,300.7570325271176,1914.8705896121207,1.0182039880752312,32.7
340000,-2572335.509247696,300.4171182799961,1913.9326636902354,1.018702960652637,32.7
342000,-2571956.705811359,299.0413203824597,1915.536461364454,1.017850043742953,32.7
344000,-2570625.381757522,300.2177663472368,1917.516732496268,1.0167988826114849,32.7
346000,-2573547.301029768,300.762203516482,1916.0211572738588,1.0175925581975993,32.7
348000,-2570827.8239121735,300.45575316548405,1918.0844417590781,1.0164979333250477,32.7
350000,-2572353.692562379,299.4866991084229,1917.435137185174,1.0168421518827828,32.7
352000,-2572261.648394551,299.89042624723675,1919.743514718652,1.0156194596009733,32.7
354000,-2568012.5721845347,299.8904266653697,1919.3217875917837,1.015842618781189,32.7
356000,-2571195.0521668904,300.03743759183965,1919.2036075326023,1.0159051719883296,32.7
358000,-2571134.377864575,299.8596730071758,1916.6991105235988,1.0172326268041147,32.7
360000,-2573998.22216776,300.8423392421383,1912.9820049065968,1.019209206354363,32.7
362000,-2572852.234001957,301.6791798213808,1915.2451446982573,1.0180048629222378,32.7
364000,-2570333.9525485,299.7024970099144,1917.8833032731832,1.0166045387972762,32.7
366000,-2568992.9906429984,299.26006012068643,1916.5054081864475,1.017335439108425,32.7
368000,-2569891.2308845297,300.30355741955674,1918.4606924495235,1.0162985765955848,32.7
370000,-2572128.9884814993,300.5207742709923,1918.34732662557,1.016358635336731,32.7
372000,-2571528.555092465,299.23418167262275,1916.8553647120793,1.0171497061719568,32.7
374000,-2569289.918887643,299.92694245104013,1917.4944860745736,1.0168106793268785,32.7
376000,-2572257.087519534,300.6166043107409,1916.6198926069505,1.017274671160303,32.7
378000,-2569928.1508360803,300.33851085975544,1916.2992225084936,1.0174449000917387,32.7
380000,-2570996.9142817054,299.95966189015303,1920.4078049446032,1.0152681456360115,32.7
382000,-2569561.474067688,302.4941154426199,1918.2830278280724,1.0163927025922563,32.7
384000,-2569888.7393544577,302.25964424940406,1917.2145381222183,1.0169591520522572,32.7
386000,-2571680.888697017,300.343622934785,1917.6444031315136,1.016731187391741,32.7
388000,-2571201.2884163912,300.79924678084024,1918.1022988757372,1.0164884699496115,32.7
390000,-2571898.9694989957,301.06185609121945,1914.8095412191146,1.0182364506862045,32.7
392000,-2570877.3957806993,301.0888588273838,1918.2070701765545,1.0164329499690432,32.7
394000,-2571794.4065574687,300.48288872621094,1915.379971522923,1.0179332038440376,32.8
396000,-2570065.408031961,300.02359641739923,1917.9695834771799,1.0165588066606734,32.8
398000,-2570442.290523544,301.0187445627882,1921.993873530887,1.0144303256332403,32.8
400000,-2570113.924031114,299.902168466822,1916.5321038379582,1.017321268496674,32.8
402000,-2571880.462349696,300.85229454635976,1916.7218520401977,1.0172205575450084,32.8
404000,-2569466.3186016083,301.25126279964985,1917.7131884438834,1.016694718866238,32.8
406000,-2572202.2819086406,300.4656597904271,1916.156726701336,1.017520562812985,32.8
408000,-2572443.6266484726,301.32033462202537,1914.2056871817858,1.0185576628714046,32.8
410000,-2572265.6758078784,301.2868931023686,1914.4152099290359,1.0184461870543244,32.8
412000,-2571254.589932954,300.7325593140315,1914.9930197055533,1.0181388918539338,32.8
414000,-2574050.4055891633,299.58185784753204,1919.3661505327475,1.0158191392767115,32.8
416000,-2573127.089117514,300.6091905291103,1917.54871379332,1.0167819242172218,32.8
418000,-2571083.996020278,300.2869292421166,1913.7904846251165,1.018778641995889,32.8
420000,-2573153.3037463296,300.2108122311054,1917.3067592893992,1.0169102370001804,32.8
422000,-2569966.8889191058,299.9608257755051,1917.06435640173,1.0170388200480713,32.8
424000,-2571204.795065189,299.17253236726793,1916.7987982992247,1.0171797231514463,32.8
426000,-2571067.545120584,300.1520838187826,1918.7009253513208,1.0161713298981334,32.8
428000,-2570895.7587885577,299.07821066869354,1913.6680261679126,1.0188438351532316,32.8
430000,-2570755.036959367,300.8939254639519,1915.8343854843931,1.017691761753231,32.8
432000,-2571786.3608808704,301.23105933668893,1915.5561743508208,1.0178395690493343,32.8
434000,-2573156.0974305402,300.56620022800575,1916.1195453799596,1.017540307279944,32.8
436000,-2572651.889141785,299.98757764382714,1915.0263880552668,1.0181211513074788,32.8
438000,-2572828.763033457,301.164850495709,1916.486013543251,1.017345734439418,32.7
440000,-2571544.548657408,301.06188001256083,1919.9685936569947,1.0155003979921104,32.7
442000,-2571458.962597063,301.08181215122005,1918.2473726844298,1.0164115946435757,32.7
444000,-2569321.3089780807,299.9918394930942,1915.8126923381055,1.0177032852890922,32.7
446000,-2573383.3104517777,299.98670353167876,1917.4302857414812,1.0168447246764225,32.7
448000,-2569924.959790949,299.1998873924297,1916.0900706237203,1.0175559598596324,32.7
450000,-2572813.1252279207,299.4098088742429,1915.3515756971806,1.0179482950963386,32.7
452000,-2574232.2162740156,300.5719218098675,1915.8172706628463,1.017700853232444,32.7
454000,-2571296.0304108784,299.8504019314607,1918.6045802597082,1.0162223581928014,32.7
456000,-2569693.265029555,299.83535449047486,1917.6210646924915,1.0167435615355467,32.7
458000,-2574297.122153675,299.95637905697026,1914.0763309987462,1.018626498543912,32.7
460000,-2573189.3360106405,298.84912574160563,1913.123616568383,1.0191337632893307,32.7
462000,-2573972.190679578,299.6565879817494,1916.7156572159452,1.0172238452014513,32.7
464000,-2566495.0009852704,300.83667460977637,1920.134049939012,1.0154128932055335,32.7
466000,-2570528.367888421,300.5959470641921,1919.4693580643338,1.01576451991774,32.7
468000,-2568861.9264748134,299.9652429548574,1921.0463271141675,1.0149306882775444,32.7
470000,-2570843.642804457,300.4132773199622,1918.3499942016053,1.0163572220315746,32.7
472000,-2574725.974880697,297.56710552369213,1913.9053611878298,1.0187174927923124,32.7
474000,-2571900.0176828746,298.78900381608764,1913.4439823786713,1.018963130850192,32.7
476000,-2569561.3200691734,300.36364075634447,1921.6968084412704,1.0145871411278962,32.7
478000,-2570101.7543578856,300.82263522631825,1920.1436477387965,1.0154078176844084,32.7
480000,-2569383.0526163727,299.9039065908839,1919.0668817776655,1.0159775511236808,32.7
482000,-2570170.2493713517,299.4072616789721,1916.3524073761866,1.0174166627632661,32.7
484000,-2570958.4581017233,300.60518647030744,1917.726411594533,1.0166877085297525,32.7
486000,-2570604.67912524,300.9678447128709,1917.803197129773,1.0166470021058671,32.7
488000,-2568654.8943267576,299.5866806718035,1918.1704893591207,1.0164523340375515,32.7
490000,-2571006.5215842407,299.80658417937354,1918.9189241145075,1.0160558877654202,32.7
492000,-2570779.6383088995,299.2961638837831,1918.3310863059658,1.0163672396851609,32.7
494000,-2571525.6014309563,301.992944752708,1918.8509454375335,1.016091883336179,32.7
496000,-2571668.3642120063,299.8719042380871,1917.4844008264872,1.0168160273693205,32.7
498000,-2572082.4371025506,302.17069081089517,1917.1299698404994,1.0170040120718804,32.7
500000,-2572280.5216086395,300.8088712736968,1915.374376820875,1.0179361771703228,32.7
502000,-2571744.2919163443,299.6594305632619,1914.9417247362453,1.0181661644348874,32.7
504000,-2572500.5029061176,299.92465153863554,1918.383130214886,1.016339666609054,32.7
506000,-2573817.06943175,299.7340868224401,1914.7340806215486,1.0182765798779339,32.7
508000,-2570088.6894758847,300.4044021610417,1914.9856347913867,1.018142818185385,32.7
510000,-2571816.4849427454,301.30062123454053,1917.838626424494,1.0166282210229498,32.7
512000,-2571096.5249878187,299.7067134020958,1915.9149555697402,1.0176489647011682,32.7
514000,-2572217.309606351,300.43593848029525,1914.9207073321236,1.0181773394196578,32.7
516000,-2572548.5849259887,299.7059524317444,1915.4671757492838,1.0178868610621556,32.7
518000,-2568167.134198522,299.0314026238001,1919.8639962546674,1.0155557241526612,32.7
520000,-2569285.210908385,302.2436582095064,1918.4940103683257,1.0162809268383945,32.7
522000,-2571691.2894421592,300.1561181916603,1916.9608841613433,1.0170937169873568,32.7
524000,-2570009.6938525047,299.79128507071937,1913.725702196989,1.018813129150489,32.7
526000,-2570240.9651061315,300.375750871893,1917.5283957430902,1.016792697995725,32.7
528000,-2571055.247178508,300.6150180609901,1916.0695950558131,1.0175668337006503,32.7
530000,-2571475.636518238,299.8663032073051,1917.3226588118291,1.0169018042061235,32.7
532000,-2571070.398386296,301.0638787487926,1918.859249068251,1.0160874863217662,32.7
534000,-2570865.0957893264,300.4482450541208,1917.0631950811805,1.0170394361509125,32.7
536000,-2571216.43055138,300.15873490041304,1919.096141835314,1.0159620607263697,32.7
538000,-2572053.009728851,300.9210625010315,1916.976064312232,1.01708566282519,32.7
540000,-2574975.750739213,299.8151087691731,1915.307112614016,1.0179719263559963,32.7
542000,-2574811.0734235607,300.66403344210164,1913.7770041598808,1.0187858181768321,32.7
544000,-2571029.1212239712,299.5090836041016,1914.4672250911447,1.0184185163567934,32.7
546000,-2569874.8848575484,300.3150898412117,1914.881509100775,1.0181981818324726,32.7
548000,-2570835.413223872,300.6191823255102,1918.4222904654596,1.0163189203342582,32.7
550000,-2570385.5262258463,299.42519151829725,1917.427772060078,1.0168460577246403,32.7
552000,-2571410.9175725244,300.28009949148475,1917.1898566002624,1.0169722441826756,32.7
554000,-2573550.4873551913,300.54194215208315,1914.33435718055,1.01848920157428,32.7
556000,-2568499.031560868,301.4034945106321,1917.7781446360884,1.016660282861345,32.7
558000,-2572603.1071765553,301.43244513124745,1918.4314030083497,1.0163140928227106,32.7
560000,-2571273.9238907956,300.1920213552317,1921.0794655687446,1.014913180810979,32.7
562000,-2574250.901796164,299.9842091769189,1913.8496439371766,1.0187471503665477,32.7
564000,-2571131.047375649,300.3384525476522,1917.1256830787725,1.0170062861292954,32.7
566000,-2569935.01757795,299.81964589962354,1916.4231113274946,1.0173791264917826,32.7
568000,-2570873.8599726185,300.15985563201167,1920.2304683549291,1.0153619073971747,32.7
570000,-2571982.2918775845,300.42926983913105,1916.2926428797143,1.0174483935089738,32.7
572000,-2572294.3803840987,300.3942092860164,1916.5487983217452,1.017312406915149,32.7
574000,-2572162.3824543618,300.00830637097295,1918.0998810315784,1.0164897512753308,32.7
576000,-2570937.540857956,300.40272436981326,1913.1410697720958,1.0191244659356424,32.7
578000,-2569814.7110692784,300.49976245579444,1916.796725543294,1.0171808230934882,32.7
580000,-2573041.9235631637,300.3553035929197,1916.4427036743396,1.017368725531357,32.7
582000,-2571758.905028127,301.065366266772,1915.8591212774436,1.0176786222626868,32.7
584000,-2571413.153871827,301.314593480656,1917.9987010981442,1.0165433740256027,32.7
586000,-2572035.371795859,299.77609845012813,1917.5526491651315,1.016779837487074,32.7
588000,-2571697.815433886,298.9838744928657,1917.8869237401882,1.0166026197147982,32.7
590000,-2572303.2055619378,299.7300158790286,1914.4000641408925,1.0184542444977365,32.7
592000,-2574627.8182904515,299.5543572931243,1914.3108755991298,1.0185016947055772,32.7
594000,-2572051.2448810637,299.4596057318665,1917.205397586008,1.0169640005426512,32.7
596000,-2569984.6977025773,299.4712781529875,1917.8781055419474,1.0166072939448272,32.7
598000,-2570518.4329601526,300.1623792206729,1917.8352487547993,1.0166300114970455,32.7
600000,-2568837.1595159676,299.7995869424604,1919.3685246306584,1.0158178827936206,32.7
602000,-2574055.772001285,301.0430928691357,1914.0885294385823,1.0186200068619096,32.7
604000,-2572451.9921432007,300.1382577399579,1918.6365269980902,1.0162054373277194,32.7
606000,-2568461.757269403,300.4271979877474,1917.7551350426504,1.0166724809461503,32.7
608000,-2573056.591828145,298.89359897179554,1915.638386200058,1.017795887280478,32.7
610000,-2569478.772857111,300.5412989576818,1917.4241318190293,1.016847988212892,32.7
612000,-2573479.0036815237,301.0181388477186,1916.1467912665491,1.0175258387705697,32.7
614000,-2573946.7029987667,301.06483652483126,1916.9745958239707,1.0170864419582886,32.7
616000,-2573238.6731172316,298.9532076005871,1915.6651390173831,1.0177816734667522,32.7
618000,-2572446.5955221,300.1913236350506,1917.7791093342098,1.0166597714519443,32.7
620000,-2570674.7905912027,300.1495002166912,1916.057090244424,1.017573474672569,32.7
622000,-2571343.874888843,299.9050012986874,1915.6215359541713,1.0178048400462727,32.7
624000,-2571664.754592439,300.97148929603935,1918.0825103849259,1.0164989568669567,32.7
626000,-2571244.643907085,301.03240249261023,1918.4204767068857,1.0163198812065894,32.7
628000,-2573018.3227741234,299.9472346222697,1915.3861554002165,1.017929917418474,32.7
630000,-2570987.443788223,300.8536255278268,1914.8814580796754,1.018198208961876,32.7
632000,-2569036.79450709,300.0318556745357,1920.3189604750974,1.0153151174993646,32.7
634000,-2571853.1786863375,301.37975868225385,1916.8638766454867,1.0171451894659613,32.7
636000,-2569649.0784834567,301.05049862533843,1917.3124923115108,1.0169071963018605,32.7
638000,-2572000.3270002864,300.94984367296297,1916.9184305864103,1.0171162423403604,32.7
640000,-2570468.5365796313,300.418438296503,1915.856943887329,1.0176797788643734,32.7
642000,-2570852.5029471274,300.1809573829267,1919.280619729248,1.0158644082312873,32.7
644000,-2571648.237943949,299.6199004667019,1916.0017025049106,1.0176028906665513,32.7
646000,-2571899.903751407,300.39032276061715,1914.9514088981923,1.0181610154342497,32.7
648000,-2573973.870403534,300.13046425561436,1914.358560729304,1.0184763246485298,32.7
650000,-2573593.3714533914,298.2226009521634,1915.2840904084696,1.0179841626394,32.7
652000,-2572992.1612525545,300.016398862517,1914.6734562684028,1.0183088215945444,32.7
654000,-2569816.5582709126,299.2767992565191,1918.63241237548,1.0162076166414025,32.7
656000,-2571411.9776247405,300.59619523838705,1918.1940397778626,1.016439854654548,32.7
658000,-2573389.2284791674,300.23284382124274,1915.0424386505763,1.0181126181020281,32.7
660000,-2573984.1642433815,299.84164516390774,1913.265908348857,1.01905796914222,32.7
662000,-2570573.279475093,300.74171280674597,1918.9474259960336,1.0160407964168274,32.7
664000,-2574328.5162446145,299.91468745274653,1918.0249516724746,1.016529461356022,32.7
666000,-2572423.5723248348,299.69505589131336,1917.8811298501291,1.0166056908560284,32.6
668000,-2569682.435118906,302.05648792799644,1918.278855110337,1.016394913490763,32.7
670000,-2572173.0818124525,299.98806070912843,1915.799165394041,1.0177104710190283,32.7
672000,-2574304.776262641,299.43884816894484,1917.071969056013,1.017034781407345,32.7
674000,-2573212.608041385,299.86590526873294,1917.3056328075636,1.016910834469301,32.7
676000,-2572924.414547669,300.3741757919737,1919.2774287535053,1.0158660971995603,32.7
678000,-2571490.252169298,300.7743272873934,1917.5405627813514,1.0167862463169963,32.7
680000,-2570971.508917626,300.13250384311215,1919.3848998155877,1.0158092163684098,32.7
682000,-2569267.117217429,301.2597510238098,1917.3902328512434,1.0168659658246502,32.7
684000,-2573600.965122916,302.0334305512453,1919.3428298860545,1.015831481813377,32.7
686000,-2568374.916816544,299.9167725480203,1920.0784675788382,1.015442287340257,32.7
688000,-2570600.6165820584,300.68797718373946,1917.4247287263458,1.0168476716612198,32.7
690000,-2573098.0253072064,301.1932660157892,1916.2382866512457,1.0174772545633206,32.6
692000,-2572841.384750858,300.75904340732546,1912.933820301199,1.0192348790634265,32.6
694000,-2573745.625837628,300.2487508614175,1913.2953362080402,1.0190422952972844,32.7
696000,-2571153.5857964624,300.55386088094366,1914.9658413401237,1.018153341903258,32.6
698000,-2572257.5190107394,300.43324774578497,1913.912867611777,1.0187134973516039,32.6
700000,-2569420.012586193,300.5716412480167,1914.8041999147163,1.0182392910344933,32.6
702000,-2569862.683065232,301.20669049266695,1916.063324757309,1.0175701636781687,32.7
704000,-2572050.9627201296,301.057235259456,1912.9509635254196,1.01922574502267,32.7
706000,-2570764.276010655,299.5403452059707,1915.596265950149,1.017818266639788,32.7
708000,-2572295.815690119,300.34874856524874,1916.0669067814472,1.0175682613641757,32.7
710000,-2573020.1585109606,299.85548173912315,1913.679647551003,1.018837647924072,32.7
712000,-2572360.234034162,299.7170401526434,1918.0417150475887,1.0165205770525465,32.7
714000,-2569396.363244999,301.23030295822394,1912.6980162461427,1.0193605338795535,32.7
716000,-2570323.97998696,300.38892761980924,1917.0226698500758,1.0170609360313474,32.7
718000,-2574764.038776234,298.94716876371075,1915.1587390386246,1.0180507919514599,32.7
720000,-2572119.622756833,299.33575714730193,1919.3051797388218,1.0158514089230712,32.7
722000,-2572431.9059816804,298.90940421950387,1915.6558957419784,1.0177865843885574,32.7
724000,-2570761.1979285795,299.72190425999594,1916.7430057048614,1.0172093312394996,32.7
726000,-2572798.0254545007,299.84349552281446,1915.6105576972418,1.0178106730288659,32.7
728000,-2574157.8958970886,300.1047369260704,1916.4563800812996,1.0173614652832952,32.7
730000,-2573568.216891084,299.43570266975576,1915.2696321118535,1.0179918473625988,32.7
732000,-2571203.205132764,300.20319202620556,1917.9054596895464,1.0165927945721767,32.7
734000,-2571077.0499575865,299.39055187327057,1915.5411368236662,1.0178475593711624,32.7
736000,-2570166.754370628,301.83313124899627,1919.335670241895,1.015835271141137,32.7
738000,-2571192.0623469446,299.5235621795166,1917.5391359119317,1.0167870029227801,32.7
740000,-2570455.377418874,301.04105542709465,1918.041889243721,1.0165204847323768,32.7
742000,-2572589.1307552382,301.8010568825667,1913.9958343431733,1.0186693387763406,32.7
744000,-2570269.8740329985,300.62773661930214,1918.5268105976747,1.0162635519196295,32.7
746000,-2571983.8018699177,301.20612161775006,1916.7811698745943,1.0171890780409703,32.7
748000,-2570534.706408765,300.4606221188599,1916.3423350026949,1.0174220103467522,32.7
750000,-2574563.5660242178,300.5094593217686,1916.008815999221,1.0175991126503374,32.7
752000,-2572769.927777732,301.32307631280344,1918.8137954034319,1.0161115558276979,32.7
754000,-2570415.232639177,300.2174781004121,1918.2627291097901,1.0164034578807895,32.7
756000,-2572042.680241348,300.34549019460695,1916.5453831221128,1.0173142197211427,32.7
758000,-2572154.422837293,300.5429429604095,1919.3058806198094,1.0158510379603467,32.7
760000,-2573105.2104423847,299.8897840387914,1917.5540173366467,1.0167791120163974,32.7
762000,-2575098.962542519,299.4443740824356,1915.682252645869,1.0177725811773524,32.7
764000,-2573698.061302265,300.11458896115755,1913.8054262395833,1.0187706881059655,32.7
766000,-2572868.133580588,301.12028486172954,1916.217128617571,1.0174884891033389,32.7
768000,-2571293.4198904634,301.5157947068141,1916.713477403346,1.0172250020552955,32.7
770000,-2569031.1669099405,300.3096821545424,1918.2513474673688,1.0164094885507164,32.7
772000,-2571292.717740098,300.0128268659599,1917.971787945068,1.016557638253891,32.7
774000,-2571701.504458962,300.98156998005663,1918.1080519732302,1.0164854211342638,32.7
776000,-2573263.7389708366,300.2682093015712,1919.9092939903537,1.0155317634505014,32.7
778000,-2568609.667933574,301.2424535314414,1914.8563885860483,1.0182115393158713,32.7
780000,-2573225.1617320552,300.5362240635253,1914.2322986825911,1.0185435029661076,32.7
782000,-2572277.3796461225,300.81096266340995,1919.2589684152847,1.0158758682789457,32.7
784000,-2573741.4716505073,299.2396170127234,1915.2481993317322,1.018003239304091,32.7
786000,-2572342.7656523194,299.8981019654665,1916.9040288917333,1.0171238839318812,32.7
788000,-2572368.2188746333,300.8826306372337,1915.3723053408642,1.0179372780708826,32.7
790000,-2573316.9333630707,300.5831750613177,1916.447142208422,1.0173663692828265,32.7
792000,-2573013.2248201612,299.6014891696073,1917.173458236809,1.0169809427594323,32.7
794000,-2570701.8851521686,300.5723787519431,1918.6717964468303,1.0161867572149206,32.7
796000,-2570310.815754041,300.5588424404253,1913.9802562996988,1.0186776298102704,32.7
798000,-2573186.818482166,301.14432500941575,1915.583909946145,1.017824831826785,32.7
800000,-2570745.227449462,301.1628955395323,1918.0391545658704,1.0165219340542258,32.7
802000,-2570489.75883786,299.61938589046343,1917.1445770248463,1.0169962632743907,32.7
804000,-2572022.2848690525,300.4241951820501,1917.1062365379169,1.017016602330827,32.7
806000,-2570667.571236696,300.9163367643107,1919.3480803864513,1.015828702940877,32.7
808000,-2573027.2533528693,300.0809779016881,1914.631717324318,1.0183310207123075,32.7
810000,-2571568.4877578802,299.94533881469,1918.216837028628,1.016427774667652,32.7
812000,-2570774.4415524937,300.7519872340692,1919.7833208782833,1.015598401021136,32.7
814000,-2572589.7853240613,300.72684155308747,1915.897400205745,1.0176582894165693,32.7
816000,-2571288.4302597065,300.425654022786,1916.1662169697079,1.0175155233006872,32.7
818000,-2571279.770636091,298.97815146307477,1916.8902314936004,1.0171312049891574,32.7
820000,-2570936.2681235466,299.9810428650765,1916.3294206209243,1.0174288668799356,32.7
822000,-2572433.705440866,300.0940237855307,1914.89743957521,1.0181897112064382,32.7
824000,-2574634.195265036,299.766561440352,1918.8978587346073,1.0160670418782762,32.7
826000,-2573018.311673781,299.85481885569044,1914.3071475529773,1.018503678201971,32.7
828000,-2571765.4328715,299.9697390145136,1920.5578876593838,1.01518880712687,32.7
830000,-2571349.8621120285,302.22244927812613,1917.2344468694962,1.0169485918504084,32.7
832000,-2572854.893355949,299.50162244579815,1917.8632192672756,1.0166151847554223,32.7
834000,-2573617.3273934852,299.98003449964864,1916.407521544679,1.0173874027688503,32.7
836000,-2573361.8155196235,301.14743851060945,1914.5371520869103,1.0183813194044107,32.7
838000,-2571894.964072151,299.11374391535423,1912.7453431836961,1.0193353119060673,32.7
840000,-2574316.407279715,300.333254289272,1914.5179399859906,1.0183915388148819,32.7
842000,-2572082.604118068,300.7885679577274,1915.6643479578088,1.0177820937522466,32.7
844000,-2570354.904175384,299.07607118735535,1916.488305228521,1.0173445179246978,32.7
846000,-2573050.347476758,300.06349420686894,1917.9307151449882,1.016579408002045,32.7
848000,-2572687.9651437234,299.7369749555204,1916.6876465915732,1.0172387109909196,32.7
850000,-2573124.4099157266,299.7808876407495,1917.5486400357067,1.0167819633272641,32.7
852000,-2571357.4218652397,300.0617531543971,1918.4536322178817,1.0163023167450718,32.7
854000,-2568344.370245589,300.0926823821712,1917.9153880076346,1.0165875320581503,32.7
856000,-2572453.3633431643,298.9802572452782,1914.1013057652185,1.0186132077327898,32.7
858000,-2571185.7689401843,300.010494815491,1917.165575182412,1.016985124409779,32.7
860000,-2569167.5618719608,301.19711791987487,1920.7364030316232,1.0150944543528446,32.7
862000,-2573242.1746680196,301.2196221500016,1921.0037384829707,1.0149531892794463,32.7
864000,-2573269.2344714645,300.15332593612334,1916.8666738740435,1.0171437051751606,32.7
866000,-2569241.140550358,301.2731162612051,1917.4009242732618,1.0168602957829604,32.7
868000,-2571024.270334795,299.6135708941659,1921.2904334223037,1.0148017379746543,32.7
870000,-2570324.2170158997,301.0269342244052,1919.5053914169655,1.0157454517758633,32.7
872000,-2573132.6597638335,300.3043486591072,1915.2972235990696,1.0179771823233055,32.7
874000,-2570430.617225526,299.5040838413947,1920.799389981978,1.015061167324363,32.7
876000,-2571335.986916419,301.16233641750046,1916.0729277975768,1.0175650637849887,32.7
878000,-2571269.2352898233,299.21560152069395,1916.1395107392143,1.0175297049424437,32.7
880000,-2571080.3414034434,301.16968930145254,1917.1818512687382,1.0169764906238572,32.7
882000,-2571655.2403236777,299.866564910659,1914.3025751820217,1.018506110929533,32.7
884000,-2572129.8171683736,300.5646977802977,1914.6439371669449,1.018324521412582,32.7
886000,-2570739.14536041,300.3893174180088,1917.6285603026322,1.0167395872969962,32.7
888000,-2571951.7214450743,298.438334840127,1916.6860979172175,1.0172395329155461,32.7
890000,-2569889.0457200464,299.98252654688804,1915.5038955824937,1.017867348371082,32.7
892000,-2567440.409731146,300.70403651428813,1916.767174726318,1.0171965049794947,32.7
894000,-2570098.504460767,301.6574183921433,1915.120743451549,1.018070989862033,32.7
896000,-2572636.18914455,301.006058395994,1917.3870222974037,1.0168676685079858,32.7
898000,-2572100.205186628,300.88739787667083,1916.5878196581964,1.01729169464238,32.7
900000,-2572004.607614059,299.9085244826154,1916.3922734593903,1.0173954977763828,32.7
902000,-2573041.3769894056,299.733269209694,1917.8490910105006,1.0166226738745814,32.7
904000,-2571615.108275436,300.1232764595637,1921.714215927141,1.0145779506815866,32.7
906000,-2573597.2448725943,300.3394661327678,1914.722894858081,1.0182825286243546,32.7
908000,-2573637.281939961,301.10239388235686,1914.1337190149761,1.0185959589042568,32.7
910000,-2570472.3857880756,301.2267092118358,1919.1279046437505,1.0159452458969696,32.7
912000,-2572888.222476179,299.86357585635096,1915.4676416591146,1.0178866134758822,32.7
914000,-2571922.395853352,298.9290194002665,1917.6468757453092,1.0167298764185937,32.7
916000,-2568780.616252046,300.55416732783675,1921.551562045109,1.0146638318234522,32.7
918000,-2569813.275071049,299.9341474547127,1918.2420341365346,1.0164144233595993,32.7
920000,-2572886.5391250122,299.9539846788299,1918.7689492927234,1.016135304727398,32.7
922000,-2571486.923778314,300.76771030865325,1918.3630971409543,1.0163502800365702,32.7
924000,-2573508.025035618,299.34976966911245,1916.9731484810313,1.017087209873521,32.7
926000,-2574834.9707371145,300.3255097876688,1916.751398722972,1.0172048771113613,32.7
928000,-2570539.656055281,300.62380256910876,1916.2113510681156,1.0174915569225869,32.7
930000,-2568771.789289769,299.66814888595906,1920.1389236168004,1.0154103158944847,32.7
932000,-2566863.146559233,300.930779094631,1920.3075829542136,1.0153211330820011,32.7
934000,-2572036.03976696,300.77447477393304,1921.8217794608975,1.0145211651925194,32.7
936000,-2572246.3811892923,300.84271273377715,1918.5215662884048,1.016266329892241,32.7
938000,-2572055.976858549,298.9233687706963,1918.910280904783,1.0160604643129625,32.8
940000,-2571453.7511691134,300.54698229827204,1916.9121546015513,1.017119572386613,32.8
942000,-2573498.690203065,300.24027157791363,1915.5334991560799,1.0178516177608046,32.8
944000,-2572124.2627918273,300.1617919583583,1915.6823332664437,1.01777253834488,32.8
946000,-2567075.4380258117,299.8314406706246,1918.289692424972,1.01638917140107,32.8
948000,-2570788.364097072,300.78540391667127,1918.306864039322,1.0163800732514423,32.8
950000,-2570820.6982979197,300.544082081699,1918.416365766274,1.0163220590605466,32.8
952000,-2571024.3519027326,300.44433036209307,1914.8066456830502,1.018237990444995,32.8
954000,-2571957.0875227936,300.415576818571,1918.982558409336,1.0160221949110266,32.8
956000,-2569512.3901646975,300.53494155385783,1917.4484311371962,1.01683510196657,32.8
958000,-2570164.45588566,301.0757098738775,1916.8905729964688,1.0171310237825573,32.8
960000,-2570810.0227554124,300.499169333846,1920.2044905792745,1.0153756438736634,32.8
962000,-2569882.8424914163,301.23800670279445,1918.988931611553,1.0160188205742609,32.8
964000,-2571675.2237572875,301.2383119627591,1917.267903029322,1.0169308461850426,32.8
966000,-2572462.0558931176,301.5912287712863,1920.4397825809388,1.0152512401980809,32.8
968000,-2569587.0484612864,300.41278331099886,1915.4644145486761,1.0178883283772349,32.8
970000,-2571124.236389026,299.99984509735526,1916.344897316641,1.0174206499681426,32.8
972000,-2574072.4546174835,300.4135950560812,1914.8957896410025,1.018190588510594,32.8
974000,-2573334.376645973,299.3825632535196,1917.1575273818507,1.0169893934869614,32.8
976000,-2571998.102859877,300.3424519154773,1917.2441532429636,1.0169434433758058,32.7
978000,-2570601.081132775,300.98821092250876,1918.8653178416257,1.0160842727535047,32.7
980000,-2572550.841233477,300.18755973395815,1916.3485466233974,1.017418712491759,32.7
982000,-2571060.021585699,300.1052654713978,1918.1677718494575,1.0164537740675013,32.7
984000,-2571235.3145949338,300.0035020481447,1917.4344015307197,1.016842542010579,32.7
986000,-2571454.3069614954,300.52482762612,1916.5575660212849,1.0173077530035315,32.7
988000,-2571503.299564751,299.60106966566696,1917.784903200391,1.0166566999966116,32.7
990000,-2572413.416642476,299.76697294641826,1915.276652702506,1.017988115836901,32.7
992000,-2574169.5672150347,299.18616677064966,1917.0764253058285,1.0170324173069905,32.7
994000,-2575093.6189125516,300.4161760675877,1912.5519860075926,1.0194383657309332,32.7
996000,-2572800.2904470526,300.76282901480454,1913.1736075581798,1.0191071334501145,32.7
998000,-2571609.8617208023,299.9017927495641,1918.9806605478077,1.0160231997515001,32.7
1000000,-2571237.510855822,300.4317779331318,1923.1385065511683,1.0138265467356002,32.7
1002000,-2572299.3329974283,298.92680533110683,1919.8123301469855,1.015583054850864,0
1004000,-2569655.3617138676,300.24130946689854,1921.3482621411322,1.014771194483124,52.6
1006000,-2571631.868517302,300.03322451236085,1917.793119711171,1.0166523442761488,52.5
1008000,-2572793.8799147643,301.2208742032718,1916.201987173945,1.0174965290932256,53.3
1010000,-2575387.5209436826,300.17171497316696,1912.280333904906,1.019583183711174,53.5
1012000,-2571739.832099991,299.89017735010356,1916.8912778824326,1.0171306497595802,53.9
1014000,-2574757.286318727,301.7022342289664,1915.187513461238,1.018035496413282,54.1
1016000,-2572878.881040316,300.6249237023593,1914.3891722124026,1.0184600389991694,54
1018000,-2573915.807033634,301.7900387372591,1914.1435166472174,1.0185907451736662,54.2
1020000,-2569715.2535058856,300.3533533439646,1913.6082718228868,1.0188756495778186,54.3
1022000,-2571872.2378613986,300.3916599012897,1915.9013383354097,1.0176561976228962,54.6
1024000,-2572948.2360689435,300.46103163879644,1916.111258337409,1.0175447080681481,54.7
1026000,-2572017.6666336823,300.6294553392185,1917.5138092281886,1.0168004327310731,54.7
1028000,-2571266.296041889,300.54110219459477,1916.4253113616708,1.0173779585522678,54.8
1030000,-2571923.4001912884,300.7202207570001,1915.3942525656296,1.0179256142067936,54.9
1032000,-2572262.245449204,300.04849582632266,1920.6444585936495,1.0151430486091515,54.9
1034000,-2576106.9515509736,301.57381224582787,1915.2482854213374,1.0180031935452736,55.1
1036000,-2571760.2819574773,300.84273453310726,1913.894954012996,1.0187230322661642,55.1
1038000,-2572219.5781744216,300.12154411015456,1915.2273281777798,1.0180143329753326,55.2
1040000,-2572950.6272255313,300.85051045726993,1917.8365945289906,1.01662929811279,55.2
1042000,-2573046.686594423,301.01890449536836,1915.3357683654012,1.017956696258527,55.2
1044000,-2570864.9819084518,299.70877103885033,1918.3643549721696,1.0163496136370382,55.2
1046000,-2571073.6926024053,300.2327423114363,1915.8981325556103,1.0176579004178545,55.2
1048000,-2576531.628065208,301.2572195730153,1911.7534259808199,1.019864196132264,55.2
1050000,-2571289.167634951,299.85091385350415,1916.2741636841827,1.0174582050631675,55.3
1052000,-2569190.928217722,301.20903967897857,1919.3778626360804,1.0158129407167729,55.3
1054000,-2575034.364513926,300.42256020802887,1918.5433992670016,1.0162547648053957,55.4
1056000,-2573706.747767899,300.4535472759445,1918.0408154206827,1.0165210538355502,55.4
1058000,-2572123.467794057,300.6113346406765,1916.2159091638857,1.0174891366191443,55.4
1060000,-2574110.589527076,299.465054341672,1919.2701226319073,1.0158699643160993,55.5
1062000,-2575865.242829768,299.5220233094939,1916.624776037204,1.0172720792132681,55.5
1064000,-2571857.717755845,300.18535957297223,1918.6610197190853,1.0161924649287422,55.5
1066000,-2574998.3391869534,299.6451559951571,1916.5713434827996,1.0173004399867407,55.5
1068000,-2574119.158666188,299.8162841185916,1916.4710334991225,1.017353686494904,55.6
1070000,-2571188.436945094,299.8713531082201,1917.5902113146242,1.016759920595534,55.6
1072000,-2573794.3810907956,299.92324507058095,1918.1754684392085,1.0164496955940618,55.6
1074000,-2573064.9373693056,300.4418039158933,1919.5776659526082,1.0157072076703182,55.7
1076000,-2571085.2930204608,300.90176685250935,1920.4973747246465,1.0152207947019847,55.7
1078000,-2570640.066015959,301.4820043824643,1916.7508704111337,1.017205157482372,55.7
1080000,-2568477.5057440978,299.5442535715383,1919.3384327230392,1.0158338090614252,55.7
1082000,-2571365.7983541973,301.4048729524905,1918.7939764855432,1.0161220510823927,55.7
1084000,-2571663.5389036164,300.2676669708787,1921.3736556881365,1.0147577829116943,55.7
1086000,-2570530.9628532585,301.2963912061823,1918.4405742101526,1.016309234281995,55.8
1088000,-2571291.2055051085,300.424625339856,1916.360837700652,1.0174121870129718,55.8
1090000,-2571952.6982939877,298.90614664612167,1916.781475377889,1.017188915917839,55.8
1092000,-2572705.2110173907,300.7751959541259,1917.6684213290173,1.016718453151455,55.8
1094000,-2571656.133959798,299.5197878712857,1920.432651843244,1.0152550099164728,55.9
1096000,-2570763.96257258,300.55157395838626,1914.37239790133,1.01846896305466,55.9
1098000,-2571710.256031666,300.79468912707006,1912.9296597392424,1.0192370958672912,56
1100000,-2572598.819363417,300.9196102667849,1913.3490527884937,1.0190136860545742,56
1102000,-2569488.0041510947,300.5093749496351,1916.0507700822723,1.0175768311751532,56
1104000,-2571523.710725328,300.533033548953,1915.6475991272184,1.0177909923930373,56
1106000,-2572132.811125692,299.66185672322445,1913.4004993693939,1.0189862873107904,56.1
1108000,-2573017.7639825065,301.8472154167158,1916.8263346335148,1.0171651107682673,56.1
1110000,-2573174.361846626,301.36138653321393,1917.3694010095667,1.0168770138735008,56.1
1112000,-2576136.686910793,300.8671881833908,1912.329896265018,1.0195567589039198,56.2
1114000,-2573603.0651626866,300.61156186062357,1914.0548115039903,1.018637950842698,56.2
1116000,-2569938.102934137,300.42925242181,1916.3319612386367,1.017427518002052,56.3
1118000,-2570446.61214887,300.5283200102909,1917.5060674148226,1.0168045380005764,56.3
1120000,-2573043.513122434,300.84908703058954,1916.9263459932047,1.017112042445653,56.3
1122000,-2569984.290085418,299.35998848595153,1919.5017027495041,1.015747403713281,56.4
1124000,-2574197.9571318217,300.3627266364823,1917.2458174070912,1.0169425606716775,56.4
1126000,-2574432.357379865,300.6077605018648,1915.4282606150466,1.0179075411391134,56.4
1128000,-2573319.3376313113,299.96061048294,1914.8043705279883,1.0182392003071377,56.4
1130000,-2571568.8586258776,301.58023447838053,1916.4886966941808,1.0173443101199537,56.5
1132000,-2574043.4208148625,298.5723921436544,1916.6490352808573,1.0172592034854864,56.5
1134000,-2570911.7077595443,301.0270873990789,1918.1893418952354,1.0164423440412995,56.5
1136000,-2571172.1078397706,300.6270133073816,1919.7829822487713,1.0155985801620047,56.5
1138000,-2569315.105786808,300.0104684303782,1918.5156302835073,1.016269474282527,56.5
1140000,-2570783.047579067,300.50573074877786,1918.8965564205405,1.0160677314612538,56.5
1142000,-2571355.9955477696,302.68538149866424,1916.1853411351253,1.0175053681581943,56.6
1144000,-2570383.3094911333,301.0654953874356,1912.1588947308219,1.0196479363528508,56.6
1146000,-2572379.6222824734,301.6941389075162,1916.7055876833044,1.017229189250521,56.6
1148000,-2569730.0584635567,298.7528759462709,1916.6509683835568,1.0172581774945548,56.6
1150000,-2573353.571898656,301.259107829946,1913.3970986750933,1.0189880983623811,56.6
1152000,-2574007.810581995,301.2304261679922,1915.7055798908855,1.017760187920987,56.6
1154000,-2573131.0582917593,300.70023934840697,1913.0357008587237,1.0191805987289397,56.6
1156000,-2571962.8406131174,300.1964678055939,1915.5849958936326,1.0178242548206375,56.6
1158000,-2573154.9227199163,299.4899294527604,1918.3481191610954,1.0163582154440554,56.6
1160000,-2571084.524395004,299.92014106311694,1920.1703365038627,1.0153937043632215,56.7
1162000,-2571706.3567233756,300.2008202620869,1915.3573383822174,1.0179452324221885,56.7
1164000,-2571732.8358969484,301.247338645911,1912.464627876793,1.0194849319412553,56.7
1166000,-2571234.5768774003,300.900570931923,1917.0927455488672,1.0170237592927827,56.7
1168000,-2572409.4236974437,299.1018228022675,1920.0286519863675,1.015468633227914,56.7
1170000,-2571621.9044881146,300.56822527840006,1914.6002621170583,1.0183477510000596,56.7
1172000,-2571835.625130156,300.0898836576352,1910.937620533997,1.0202995901280094,56.7
1174000,-2570983.9920117073,299.62925756583934,1915.519729076868,1.017858934781449,56.7
1176000,-2572732.617940901,300.78640140716396,1915.7546116683143,1.0177341393912294,56.7
1178000,-2571860.3946328443,299.84134687519565,1914.5163065604302,1.0183924076853972,56.7
1180000,-2575150.5109770633,299.12071185044493,1915.3345599116462,1.0179573385241747,56.7
1182000,-2571017.5747073274,301.8322088578863,1916.9306344446832,1.017109767018695,56.7
1184000,-2569449.302239187,300.5775024928659,1915.8187467442756,1.0177000691241704,56.7
1186000,-2571887.408246884,300.14143352756594,1917.1485800791904,1.0169941397606725,56.7
1188000,-2572972.5017784405,299.6990493978478,1916.0114495938033,1.0175977139407886,56.7
1190000,-2572068.8437508363,299.7574301156453,1914.6301549781444,1.0183318516746578,56.7
1192000,-2572224.764968898,301.0803384327974,1915.09459744828,1.0180848891688683,56.7
1194000,-2572115.029483337,299.6682578097351,1917.061104785306,1.0170405450948747,56.7
1196000,-2572664.7166306097,300.203789602266,1916.1444131507706,1.0175271016160188,56.7
1198000,-2571647.208368987,300.9004713044555,1917.2468155843276,1.0169420312203274,56.7
1200000,-2572349.979981959,300.283185863298,1920.7854830029455,1.0150685166272888,56.7
1202000,-2570408.6953261327,299.51653917176856,1918.6038567890175,1.0162227413918077,56.8
1204000,-2572929.0414713174,300.00091879450986,1917.7339211296598,1.0166837273455143,56.8
1206000,-2572400.0806930494,300.1958852212073,1918.6016869647042,1.0162238906792431,56.8
1208000,-2571723.5446991697,299.2932827747359,1920.7059888824272,1.0151105282519013,56.8
1210000,-2571764.4897869453,300.2371773384873,1916.857865068323,1.017148379398248,56.8
1212000,-2571420.867096672,299.6875206984523,1915.0465883113177,1.0181104119823507,56.8
1214000,-2570731.0307041053,301.44541074600954,1918.1889419386675,1.0164425559770387,56.9
1216000,-2571865.3645007536,299.2513881543243,1915.0629557303118,1.0181017105244454,56.9
1218000,-2574254.9333676156,300.88603953374906,1911.9172561540397,1.0197768050449274,56.9
1220000,-2569943.804846812,300.9047261213407,1916.937798018495,1.017105966091561,56.9
1222000,-2571569.625942841,300.27103927788744,1916.7020690408779,1.0172310566590455,56.9
1224000,-2570144.9185459446,300.8563556154955,1915.8484862468028,1.017684271479422,56.9
1226000,-2573321.978148682,301.0049355053506,1916.020066114186,1.0175931377092562,56.9
1228000,-2571951.8138877116,300.1147364274273,1915.0389689852132,1.0181144627172782,56.9
1230000,-2570873.785288077,300.96023026796746,1915.3663859211,1.017940423995384,56.9
1232000,-2572776.5485421214,298.9388901018396,1917.7702254738651,1.0166644810168899,56.9
1234000,-2574098.640704505,300.6551602959733,1915.2051334312612,1.0180261304427045,56.9
1236000,-2572063.2862231713,300.99194880882976,1917.5614915527758,1.0167751488439658,56.9
1238000,-2570341.280257255,299.8480777863492,1918.7290199090378,1.0161564508382026,56.9
1240000,-2574706.084517557,300.85096301963546,1915.2879106975743,1.0179821321385112,56.9
1242000,-2570825.212510247,298.943469812749,1917.3209069980437,1.0169027333268528,56.9
1244000,-2572308.051271502,300.84666213083483,1915.9142280160702,1.0176493511455236,56.9
1246000,-2572484.0615462586,300.67605052131364,1910.9042060256609,1.0203174313201804,56.9
1248000,-2574625.3212946802,300.1860678096295,1914.0266971757308,1.0186529131845345,56.9
1250000,-2572185.8682238106,300.3706188798088,1919.187914370392,1.0159134790251416,56.9
1252000,-2571041.183309326,300.6554235848315,1915.9643851125334,1.0176227105998708,56.9
1254000,-2571060.1063632853,299.79971035815583,1912.7666344339332,1.0193239655542383,56.9
1256000,-2573848.263200598,301.05517899693905,1913.8127022182116,1.0187668149193443,57
1258000,-2569690.3685875125,301.063406029207,1915.9857453129148,1.0176113657216197,57
1260000,-2573302.0625466127,299.3649669075291,1917.5744001322485,1.0167683041954279,57
1262000,-2571216.157069059,300.4865473225178,1918.7934829093697,1.0161223124620764,57
1264000,-2568150.387665905,300.4026427336264,1919.9270942043493,1.0155223481540752,57
1266000,-2573982.369955972,300.44615814074285,1919.74011412462,1.0156212586515052,57
1268000,-2575396.241524663,298.8463201970695,1918.9413164339487,1.016044031306958,57
1270000,-2573837.0662062652,300.2459869356449,1915.4327235820851,1.0179051694098697,57
1272000,-2570167.1154663675,301.63841894769666,1914.35812554934,1.018476556172864,57
1274000,-2572811.5645846464,300.06881614037087,1915.1782021460042,1.0180404459523984,57.1
1276000,-2572636.054511383,300.41273276938534,1915.9335747475297,1.0176390751166593,57
1278000,-2569099.5228299983,300.49454120268825,1915.2274276928717,1.0180142800793743,57
1280000,-2572797.9503311906,302.8497899139769,1917.1220327103622,1.0170082225984176,57
1282000,-2571005.436813498,300.0351625814268,1918.835586297948,1.016100016548414,57
1284000,-2572096.281736575,299.2114981094345,1916.9303383494378,1.0171099241247517,57
1286000,-2570714.8981124572,300.5424951274778,1914.273375224974,1.01852164702541,57
1288000,-2571149.7214447465,300.96602697298204,1917.8391933727942,1.0166279204890762,57
1290000,-2570892.020370949,300.76141124641555,1913.1435760715594,1.0191231308392417,57
1292000,-2571613.97757582,300.1519224495166,1917.1703716793859,1.0169825800526664,57
1294000,-2570674.1742342506,300.21466425070406,1922.8203541330347,1.0139942958270425,57
1296000,-2571360.392950574,300.4977382830433,1916.6428917194294,1.0172624641838834,57
1298000,-2572207.9602456186,299.6553690113892,1917.6507410640747,1.0167278270438111,57
1300000,-2572224.022941554,300.31864573639166,1914.3254242232392,1.018493954225237,57
1302000,-2572146.4377578944,299.9280546926842,1916.43729191468,1.0173715984430098,57
1304000,-2571002.818901019,300.1828909881556,1917.7692097871811,1.016665019461542,57.1
1306000,-2571207.937479796,300.5258026216426,1918.9504264072136,1.0160392077670515,57
1308000,-2572275.2282834724,300.6727025001654,1919.12631300156,1.0159460884789848,57.1
1310000,-2571078.0964877754,300.8015706992076,1915.6539601312822,1.017787612778152,57.1
1312000,-2572137.3008381594,300.1964010258575,1917.0095453674571,1.0170678991675557,57.1
1314000,-2573201.031126827,299.81569799070945,1915.8938913671761,1.0176601531934057,57.1
1316000,-2573894.8034218345,300.70855267925015,1915.223976930484,1.0180161142906365,57.1
1318000,-2573003.896364428,300.7568255017827,1918.0808523371027,1.0164998355597819,57.1
1320000,-2570448.1805405077,300.1012337177607,1919.2788584224343,1.0158653404819062,57.1
1322000,-2571729.6485751513,300.9158156710558,1916.5362616209177,1.0173190614938017,57.1
1324000,-2571288.6979812123,300.21627761318155,1918.814881115172,1.0161109808872715,57.1
1326000,-2573032.1016442105,299.7434546128851,1913.3636616831645,1.0190059056916947,57.1
1328000,-2575714.935403511,299.4245680024251,1917.01698637973,1.0170639513596993,57.1
1330000,-2572620.074368123,301.1673988251208,1915.971129680255,1.017619128382383,57.1
1332000,-2572428.833067894,299.5982261302923,1913.5687707635598,1.0188966818334113,57.1
1334000,-2570389.7970672436,299.7917055656733,1915.399815811981,1.0179226576590732,57.1
1336000,-2571070.0194221884,299.3812879412097,1915.5173512638892,1.0178601982929407,57.1
1338000,-2571934.962838793,301.58808194902485,1913.118321459113,1.019136584037309,57.1
1340000,-2570681.1782190707,301.0691333554598,1914.6980924083332,1.0182957191640776,57.1
1342000,-2570693.5402191337,300.4707312112645,1920.561469237901,1.015186913941736,57.1
1344000,-2572553.435006948,300.1936465347667,1917.0013361250244,1.0170722545932915,57.1
1346000,-2572899.9935436435,302.1706125540527,1918.42344117993,1.0163183107228122,57.1
1348000,-2571395.7611569967,300.16827305435237,1920.3752021508944,1.0152853821520187,57.1
1350000,-2572815.1168897245,300.7729964992903,1921.231053372186,1.0148331027487947,57.1
1352000,-2570483.9693753067,301.29200185997126,1918.2976914657727,1.0163849331962869,57.1
1354000,-2573623.536202412,299.45311273679357,1918.7976060435249,1.0161201290068758,57.2
1356000,-2572661.346038185,300.53119781338336,1918.224423333578,1.016423754840272,57.2
1358000,-2574126.0196369607,300.5828639211766,1915.7067532743927,1.0177595645359012,57.2
1360000,-2572336.8527908474,299.9703315260805,1913.4243214433548,1.018973600962849,57.2
1362000,-2573991.5926360264,300.3138742656074,1914.4919516787422,1.0184053629901084,57.2
1364000,-2573178.947494233,300.0434611773459,1911.9216102764708,1.0197744826520856,57.2
1366000,-2571945.9207693078,300.2776266880858,1912.8761346794902,1.0192656156054325,57.2
1368000,-2571110.8458432592,299.5549516472382,1914.4876228175324,1.0184076657135208,57.2
1370000,-2566809.9386916757,299.0601303368642,1918.4261379302288,1.0163168820742685,57.2
1372000,-2571986.556382872,300.8160084921069,1917.7031786344185,1.016700025693975,57.2
1374000,-2571815.801797405,299.08598230923525,1918.6390381260328,1.0162041073110677,57.2
1376000,-2571496.625225909,300.2471815157001,1920.2513446171004,1.0153508687581774,57.2
1378000,-2573891.840260893,300.2498986972641,1919.6251386810975,1.0156820890200555,57.2
1380000,-2572595.0014415104,299.7869413157764,1918.8991173491013,1.0160663754353694,57.2
1382000,-2573695.6092581544,300.79218285965976,1916.4518649479335,1.0173638621724534,57.2
1384000,-2573508.3830899913,300.2036778473448,1917.103482750241,1.017018063205428,57.2
1386000,-2573445.1669429764,300.323582357091,1914.1593949687353,1.018582295766898,57.2
1388000,-2570257.879556641,298.7898015983201,1917.71431301816,1.0166941226623507,57.2
1390000,-2569446.4752890766,300.33397523428135,1918.8665628490733,1.0160836134932352,57.2
1392000,-2571788.3787306063,298.7265426931696,1920.5048469632525,1.0152168447135075,57.2
1394000,-2574415.529640561,300.18164226758233,1917.4726272262885,1.0168222707885026,57.2
1396000,-2571747.9884688985,301.77184582239755,1918.3369392884315,1.016364138676412,57.2
1398000,-2572734.8570713587,301.6286847530029,1917.2820591548007,1.0169233377432916,57.2
1400000,-2573979.346246343,301.29480189743083,1915.7872079914391,1.0177168230678275,57.2
1402000,-2571977.354767099,300.35419111051294,1916.9032503423052,1.0171242970363077,57.2
1404000,-2571109.9195566718,300.1572962462602,1917.0549633062406,1.0170438032869122,57.2
1406000,-2572282.5792610105,300.00514975592506,1917.9308120091182,1.016579356660214,57.2
1408000,-2570910.552617725,300.6909897961594,1916.8930843388246,1.0171296912282055,57.2
1410000,-2570905.2809147295,300.1399094240525,1914.0812703849097,1.0186238699253103,57.2
1412000,-2573719.956071688,299.29752017826513,1916.0402921728821,1.017582395816919,57.2
1414000,-2570740.5009599812,300.2228470116148,1916.8182342299895,1.017169409270703,57.2
1416000,-2570820.5036313273,299.3499528685182,1917.6655089467574,1.016719997254309,57.2
1418000,-2571051.668774644,301.0668863158482,1916.1946135818682,1.0175004444598028,57.2
1420000,-2572067.0999158137,301.75180823772513,1916.0267747497087,1.01758957478333,57.2
1422000,-2573714.2873289846,299.21282329393597,1915.5696882049003,1.017832388451574,57.2
1424000,-2572407.2847181037,299.91330281391726,1914.3263022581289,1.0184934870774858,57.2
1426000,-2571291.855071228,300.78602459384564,1914.3623592930878,1.0184743037420578,57.2
1428000,-2572102.0702830777,300.1874455417863,1913.5650923008482,1.0188986404673068,57.2
1430000,-2573880.3824575394,300.0829222972383,1912.3888583209446,1.0195253243123734,57.2
1432000,-2571903.270494623,299.96670320514073,1915.4358026128145,1.0179035331444872,57.2
1434000,-2573619.799893761,300.0406647141897,1913.628135661015,1.0188650734472742,57.2
1436000,-2573418.0210800227,301.06916046985015,1917.082538338777,1.01702917427882,57.2
1438000,-2572565.514499165,300.6067161394639,1915.8223950092702,1.0176981311368356,57.2
1440000,-2571424.7542770375,300.20612576504845,1921.0478646754468,1.0149298759510241,57.2
1442000,-2572058.558817001,299.35797784548583,1916.911408959547,1.0171199680267418,57.2
1444000,-2571920.9353062455,299.58017752742035,1913.6628931547752,1.018846567995473,57.2
1446000,-2574232.993750902,300.19881076417937,1915.4425182717612,1.0178999643122704,57.2
1448000,-2574714.780192638,299.76313658942826,1915.7563663053395,1.0177332072507788,57.2
1450000,-2571668.338109132,301.2192302138218,1916.3321361240949,1.0174274251510924,57.2
1452000,-2571036.440374244,299.8660021766972,1919.926503515108,1.0155226605921421,57.2
1454000,-2571453.6180685386,300.52916398454187,1915.9236435374219,1.0176443500593757,57.2
1456000,-2569553.0716116503,300.0366004493599,1918.1512669788858,1.0164625202171258,57.2
1458000,-2572498.0980617255,300.0032536302376,1917.1766899059307,1.0169792284959907,57.2
1460000,-2572013.136971725,299.62132959266023,1918.1929755916874,1.0164404185609195,57.2
1462000,-2572345.5878654122,299.232748709949,1919.535743041287,1.0157293908483862,57.2
1464000,-2572504.7015245706,300.07440859346644,1920.1626961805932,1.015397744612604,57.2
1466000,-2569603.334803745,302.02625105306777,1919.3879148824449,1.0158076206864333,57.2
1468000,-2568995.885228742,299.67469351801094,1922.5156095482128,1.0141550275626698,57.2
1470000,-2569767.46542261,299.3745676722607,1916.3297117627626,1.0174287123052252,57.2
1472000,-2573155.2052560635,301.0819696547962,1919.1021875692106,1.0159588601483553,57.2
1474000,-2573519.6384499446,300.15307767808406,1915.9483863507228,1.0176312080643515,57.2
1476000,-2574892.5252251606,299.39249451554286,1914.540295177829,1.018379647533056,57.2
1478000,-2571249.5741390362,299.5524081435387,1917.2001853855384,1.0169667653140515,57.2
1480000,-2572885.1617987696,301.17098592033767,1919.5455942938652,1.0157241780486432,57.2
1482000,-2573065.584679339,300.1091520853991,1917.9934865522764,1.016546137753471,57.2
1484000,-2570426.8379733674,299.3236341077921,1918.4975559654422,1.0162790486380744,57.2
1486000,-2570985.604491912,300.9331696900085,1916.8603164193296,1.0171470786317385,57.2
1488000,-2571265.790573897,300.3635027891257,1917.1477643725011,1.0169945724706275,57.2
1490000,-2572364.456202926,299.70946946342804,1914.999370490885,1.0181355153611584,57.2
1492000,-2573360.847869439,300.73713187741794,1919.5520531929924,1.0157207603450202,57.2
1494000,-2572341.5386948306,300.22091975466327,1915.4472499676408,1.0178974498117708,57.2
1496000,-2573581.048884196,299.92835017361284,1912.0611115621496,1.0197000813421213,57.2
1498000,-2571869.4599843435,300.54310744940494,1914.9387518665205,1.0181677450992102,57.2
1500000,-2572816.483907357,300.65744346746436,1915.0735650900679,1.0180960703195405,57.1
1502000,-2573472.4730855078,299.80893245501136,1917.2742316048732,1.016927489480204,57.1
1504000,-2573213.8122593407,300.52192248683616,1918.030720405964,1.0165264040079387,57.1
1506000,-2572817.5001988597,300.75958686219064,1917.3507680266102,1.016886895973523,57.1
1508000,-2572612.588288415,299.6951327877981,1917.8703975249246,1.0166113797403729,57.1
1510000,-2574399.6340575404,300.4355866266619,1915.2872110712651,1.017982503992444,57.1
1512000,-2573041.350491572,300.4404396738811,1916.6863729627619,1.0172393869411158,57.1
1514000,-2572978.420526618,299.4998833258305,1916.4819735802894,1.0173478790142916,57.1
1516000,-2574904.819184499,299.5285734965836,1913.691089774088,1.0188315561531915,57.1
1518000,-2571062.8250885606,299.67503085028846,1913.9741163047463,1.018680897710004,57.1
1520000,-2574143.089325782,301.4303733461904,1914.1374482164545,1.0185939744336228,57.1
1522000,-2569269.221611019,300.2926482046179,1915.3047198836896,1.0179731980765085,57.1
1524000,-2574511.2660888825,300.8555162885145,1917.2994296372997,1.0169141245506268,57.1
1526000,-2572331.852041792,299.87373896266234,1914.6697055712616,1.0183108163866357,57.1
1528000,-2571476.982737303,300.04796823838,1918.5910435736046,1.0162295281851355,57.1
1530000,-2573719.8689153492,300.16303819789,1916.650686496107,1.017258327105705,57.1
1532000,-2570750.3766467404,298.7709441927074,1918.0096621243733,1.0165375646916845,57.2
1534000,-2570832.82941922,299.86872992253257,1920.6563628035958,1.0151367567621505,57.2
1536000,-2571140.5742222983,299.16526816613725,1917.0030321704637,1.0170713547508134,57.1
1538000,-2573371.05311469,300.1970391323728,1916.6354828011417,1.0172663964988915,57.2
1540000,-2572015.8890039157,301.52479324551683,1915.7585240042322,1.0177320609884564,57.2
1542000,-2569268.5591109693,299.30624154796413,1916.873723156418,1.0171399646401913,57.2
1544000,-2571568.64178274,301.6227844769802,1916.1596126239308,1.0175190303281318,57.2
1546000,-2571166.1152525805,299.68072981359336,1915.6481562178014,1.017790696408738,57.2
1548000,-2572765.1574554816,300.3528852466932,1914.392564514494,1.0184582342887956,57.2
1550000,-2571637.6509304475,301.36545914254975,1917.062236911997,1.0170399444786173,57.2
1552000,-2572659.9392474014,299.143615628185,1919.2490102499744,1.0158811392259552,57.2
1554000,-2568385.907482706,300.36666677931163,1915.2380962732786,1.0180086093655223,57.2
1556000,-2572178.5358479433,300.422596350015,1916.0637320120586,1.0175699473960715,57.2
1558000,-2571803.7414898574,300.4353141289577,1917.476937288005,1.0168199851981747,57.2
1560000,-2570910.49193033,301.3533024873816,1922.1309122661705,1.014358001605792,57.2
1562000,-2572119.2981662527,300.2793538059336,1918.1331649701801,1.0164721128844783,57.2
1564000,-2570184.7758072,300.3498663323146,1915.9201609014112,1.017646199867594,57.2
1566000,-2573750.190489091,300.33502716454916,1913.9430656892816,1.0186974241518838,57.2
1568000,-2572113.124182513,299.19724480322503,1921.545587478453,1.0146669866675198,57.2
1570000,-2572829.3533234186,300.3291831248826,1914.2015323761068,1.0185598736674417,57.1
1572000,-2571404.1177651156,300.36634243988414,1915.4388204375975,1.0179019294104101,57.1
1574000,-2573788.3904996533,300.68568535838875,1911.7680580806086,1.0198563903973448,57.2
1576000,-2569833.094319256,299.6896169357618,1915.412483587306,1.017915925524018,57.2
1578000,-2568483.2193717305,299.0050483593631,1919.5350501860714,1.0157297574754014,57.2
1580000,-2571190.0261711217,300.4754361887267,1916.0586843322885,1.0175726280901858,57.2
1582000,-2572858.278431572,299.5949983214815,1915.3721594085596,1.017937355627577,57.2
1584000,-2573126.1313617453,300.5861398145267,1916.2965480457026,1.0174463200799602,57.2
1586000,-2571068.898400439,300.6243626226497,1916.0759839584716,1.0175634407582494,57.2
1588000,-2571403.701404089,301.1291568555214,1916.3371696976587,1.0174247527112572,57.2
1590000,-2570582.4446562175,300.17666157284134,1917.6892972736266,1.0167073851655504,57.2
1592000,-2571573.6963899527,299.16394328357444,1917.7676451121974,1.0166658489417593,57.2
1594000,-2571355.082498854,299.4324695942676,1915.8200810817282,1.0176993603126638,57.2
1596000,-2572276.424458308,299.8965991132141,1915.8851909243351,1.0176647746049792,57.2
1598000,-2569655.2874441277,301.4842380034902,1917.5592299857196,1.016776348027357,57.2
1600000,-2572256.2446723934,299.3037544031593,1914.0725691965715,1.0186285004906714,57.1
1602000,-2576111.701385526,299.1898246629796,1913.191203783161,1.0190977603992846,57.2
1604000,-2571911.539673211,299.5623307697579,1918.2896795227532,1.016389178237199,57.2
1606000,-2571879.360589549,300.6740197856137,1915.0904683067736,1.0180870842696443,57.2
1608000,-2571366.2968562823,300.52229781333074,1915.205148310349,1.0180261225337346,57.2
1610000,-2572025.014493201,299.98445543064537,1915.372199785189,1.0179373341691473,57.2
1612000,-2571102.1681613456,300.8501762026216,1916.3090356349005,1.0174396899115272,57.2
1614000,-2572898.0996751096,300.1807545793113,1918.2425691929498,1.0164141398505864,57.2
1616000,-2575334.9071873594,300.3843092992383,1911.8982102476784,1.0197869638355128,57.2
1618000,-2574447.1135180537,300.270543472167,1913.6518916016548,1.0188524253275661,57.2
1620000,-2570771.1954546887,298.45334073175803,1916.9709981415278,1.0170883507790474,57.2
1622000,-2572256.697707992,300.8361784893872,1917.8724675841404,1.0166102824589889,57.2
1624000,-2572058.286789259,300.5078023569771,1918.749407789332,1.0161456535574345,57.2
1626000,-2572111.934885677,300.7816325493741,1916.0831858550964,1.0175596160878158,57.2
1628000,-2571228.536467485,301.6278217095665,1915.1005119462598,1.0180817449678292,57.2
1630000,-2573901.65543982,300.2288443622682,1915.3789571804593,1.017933742919018,57.2
1632000,-2573289.597239932,299.9961214189636,1915.1930781198153,1.0180325384765487,57.2
1634000,-2570357.8825182486,300.4990738940616,1917.8853372562871,1.0166034606533354,57.2
1636000,-2572422.7097077332,299.2690411735341,1917.1911690478607,1.016971547996087,57.2
1638000,-2571392.318939412,301.1463347232089,1920.864483282435,1.0150267694362651,57.2
1640000,-2571992.8802108616,299.895545906351,1917.9723264848774,1.016557352818721,57.2
1642000,-2571820.652805237,301.5880452375333,1918.0300202499204,1.0165267750798705,57.2
1644000,-2573821.1782136075,299.20568091451685,1916.4277784993938,1.0173766488177876,57.2
1646000,-2571898.556026997,300.5977922042496,1912.2995176936827,1.0195729554659354,57.2
1648000,-2573179.4430219084,300.9997657543332,1915.8853376111142,1.0176646966890595,57.2
1650000,-2575315.6997818165,300.97811745143395,1912.8989042121034,1.0192534831285802,57.2
1652000,-2569913.203812152,300.57546532144033,1913.9239127135588,1.0187076184375103,57.2
1654000,-2572268.8311685175,301.0459234446567,1917.5057298926226,1.016804716980018,57.2
1656000,-2572425.2238885164,300.21568726470593,1914.8112425046284,1.0182355459960268,57.2
1658000,-2571934.923120767,300.2668920793007,1917.8432703239043,1.0166257593415031,57.2
1660000,-2573711.01230886,299.98404825522164,1917.0331786175773,1.0170553607199595,57.2
1662000,-2571408.4773221537,299.6155320498075,1918.1629233178598,1.01645634335303,57.2
1664000,-2571686.2017206643,300.78815720613676,1918.6319829401596,1.0162078440927569,57.2
1666000,-2570531.963877758,299.3497484555678,1920.911148234092,1.0150021112550838,57.2
1668000,-2574952.3615554534,300.90930525556837,1915.6966701887184,1.0177649214157478,57.2
1670000,-2573228.143261116,300.43887603097187,1916.2192147738585,1.017487381380385,57.2
1672000,-2573726.7347864043,299.59185784405304,1914.613830112878,1.0183405344335585,57.2
1674000,-2572460.9855737295,301.27146004798465,1917.2993180766953,1.0169141837211242,57.2
1676000,-2571622.3864445016,299.3057948915041,1920.659577283876,1.0151350577952307,57.2
1678000,-2570585.967080353,299.8177292920906,1918.4722906557597,1.0162924325190994,57.2
1680000,-2571905.8257947583,299.42575103216467,1916.759166067097,1.0172007550596889,57.2
1682000,-2571498.9046014287,300.31036246195254,1916.2103868273239,1.0174920689263163,57.2
1684000,-2570949.342050215,300.84743829703837,1916.3493114112298,1.0174183064543803,57.2
1686000,-2574232.426704103,300.26132431726825,1913.6195913098338,1.018869622700968,57.2
1688000,-2572982.4275093395,300.67030997473677,1912.3015237898464,1.0195718858849256,57.2
1690000,-2571471.059621483,299.6085480508476,1916.267440912786,1.0174617745747983,57.2
1692000,-2569865.4289790075,299.51754774038176,1920.9111089945513,1.0150021319891076,57.2
1694000,-2571870.3742573783,301.70962838699256,1915.526622143152,1.017855271992833,57.3
1696000,-2571940.022119146,300.2851679327717,1918.26207204575,1.0164038060303837,57.2
1698000,-2569763.162234161,299.9573658164283,1917.886757074542,1.0166027080582483,57.3
1700000,-2571230.572324235,300.60338375876114,1917.4498351438517,1.0168343574134533,57.3
1702000,-2576731.572337784,300.3665084891302,1916.869937740793,1.0171419732780438,57.3
1704000,-2572693.8020590823,300.1195431570089,1913.5031665307722,1.018931614587258,57.3
1706000,-2574174.197749663,299.7767581383092,1911.0333002890743,1.0202485067612914,57.3
1708000,-2572932.454049779,299.72440746893875,1916.8923335267614,1.0171300896195123,57.3
1710000,-2573210.8484427184,300.79695505480043,1915.3076972496144,1.0179716156264842,57.3
1712000,-2572166.367105374,300.98051821320905,1916.9612506509372,1.017093522536758,57.3
1714000,-2573289.5935462657,300.42814506687813,1915.8696254414638,1.0176730426224931,57.3
1716000,-2572431.9101856537,299.60698496974607,1917.5551240538791,1.0167785251821775,57.3
1718000,-2571390.4818048216,299.97569980907906,1918.0476918885722,1.0165174094661142,57.3
1720000,-2575524.8149373382,300.7378056246156,1916.2491594805645,1.0174714813806058,57.3
1722000,-2572571.748857146,300.6595258457662,1916.767579979411,1.0171962899184541,57.3
1724000,-2572158.985135721,300.21901364945285,1918.002378440156,1.0165414250302842,57.3
1726000,-2574648.6358007398,299.1943326543821,1915.225699496358,1.0180151986806285,57.3
1728000,-2573661.5508780144,299.72618298775126,1913.9417303962518,1.018698134862951,57.3
1730000,-2573746.2832838874,300.5537574557323,1914.0478144165252,1.018641674625763,57.3
1732000,-2576096.786277825,299.6100857454888,1913.0977740416538,1.0191475299623547,57.3
1734000,-2572420.939185409,299.7973359813442,1915.2161331257842,1.0180202835953136,57.3
1736000,-2573120.5550930295,299.5948569867693,1916.6751850506128,1.0172453247155413,57.3
1738000,-2570388.717986321,299.1997060676408,1918.9160852960395,1.0160573909047397,57.3
1740000,-2572452.6478681453,300.7990404617844,1916.5363688695,1.0173190045650475,57.3
1742000,-2573391.2667177934,300.0571686542924,1915.7684739978315,1.0177267751579244,57.3
1744000,-2571500.066337565,299.886844685865,1917.9870745771032,1.0165495361437336,57.3
1746000,-2570858.6130997017,300.08902246723545,1915.814850490728,1.0177021388531444,57.3
1748000,-2571502.2844296154,299.8930732775156,1918.0388062386403,1.016522118660642,57.3
1750000,-2571883.0737863276,300.16398549297895,1918.565326191168,1.016243150219821,57.3
1752000,-2572936.6800554097,301.56103846811686,1914.5511539326167,1.0183738715918647,57.3
1754000,-2571433.1729138996,299.1061760098872,1916.9939824350433,1.0170761561360804,57.3
1756000,-2572200.753556039,300.50760934812433,1915.3839181338617,1.017931106412667,57.3
1758000,-2574576.596617643,300.005783110739,1914.0024765734127,1.0186658036522387,57.3
1760000,-2573726.698603168,300.8460447468113,1914.2796263512273,1.0185183210184254,57.3
1762000,-2570274.738018336,301.6994561249265,1917.1536665738026,1.0169914415235393,57.3
1764000,-2573059.441924682,300.3157478662197,1916.4363636575993,1.0173720912234683,57.3
1766000,-2575349.7311472483,300.54605183803517,1915.6862412479986,1.0177704620986654,57.3
1768000,-2572088.402166987,299.9693294458924,1914.9285777048374,1.0181731547021475,57.2
1770000,-2571467.4704260584,299.7824260539955,1916.4237458099212,1.0173787896616955,57.2
1772000,-2574448.550768381,300.1867722887894,1913.0161744331933,1.019191001648857,57.2
1774000,-2573355.06319711,301.38869590837595,1914.0929349962796,1.018617662362784,57.2
1776000,-2572177.6446711216,299.997835881171,1917.2381025605473,1.0169466527851136,57.2
1778000,-2570184.9122168384,300.4617897585161,1915.2944848242794,1.0179786379794806,57.2
1780000,-2571477.767227173,299.8272085414578,1914.8463806828356,1.0182168609764697,57.2
1782000,-2574697.997211527,300.7240317151352,1916.4259041869473,1.0173776438375857,57.2
1784000,-2573285.1899629664,299.2447267875563,1917.4530287913874,1.016832663807148,57.2
1786000,-2574243.4939355515,299.68157972145787,1916.1293151962961,1.0175351191217972,57.2
1788000,-2573410.9607824776,300.78513915433797,1916.9120591502829,1.0171196230333563,57.2
1790000,-2572108.4155878387,301.0392542802076,1918.8792052604233,1.016076919092164,57.2
1792000,-2571546.5378603134,300.50076746511627,1915.987620360588,1.0176103698541084,57.2
1794000,-2573435.024683822,300.64842776862525,1915.161169554441,1.0180494999512921,57.2
1796000,-2572728.1254915707,300.3787073693561,1915.2464931099726,1.0180041462052574,57.2
1798000,-2573592.1468877997,299.2157148337966,1915.8911468355475,1.017661611000903,57.2
1800000,-2573502.644574199,300.4755900560841,1916.0659032942474,1.0175687942877683,57.2
1802000,-2573455.6564719956,300.39038174268336,1917.0714748296193,1.0170350436017592,57.2
1804000,-2569018.5640298985,299.31844308140984,1915.5481794385885,1.01784381720039,57.2
1806000,-2573433.501743,300.41486179381667,1914.368538664555,1.0184710162188222,57.2
1808000,-2574120.9432017338,299.5390027108732,1911.3577827700988,1.020075303832086,57.2
1810000,-2573926.600187646,300.55619796522996,1915.7214828034462,1.0177517392235007,57.2
1812000,-2572946.392226249,300.14251829275304,1919.4873495083832,1.0157549991097325,57.2
1814000,-2573698.4831333887,301.65698361986085,1916.4941041376803,1.0173414396535827,57.2
1816000,-2570790.316947788,300.94338729108426,1914.9488779831279,1.018162361098921,57.2
1818000,-2571400.941889953,299.63849850102997,1920.8948553646305,1.0150107204180765,57.2
1820000,-2571072.9787561577,299.5321585386765,1917.6820418851357,1.0167112317923113,57.2
1822000,-2571619.2379558347,299.54396908044356,1917.490226424018,1.0168129381431765,57.2
1824000,-2573629.6036604214,299.6517711612157,1918.3051850702782,1.0163809628234943,57.2
1826000,-2572333.5074090455,299.77647527385545,1916.8726773405058,1.0171405195759324,57.2
1828000,-2573102.9400412533,299.7786298642445,1915.7191131098589,1.0177529981553313,57.2
1830000,-2571289.4004289843,299.9542679455625,1916.7149484786546,1.017224221336918,57.2
1832000,-2572884.274692118,301.1922232398797,1914.3224989437717,1.018495510587581,57.2
1834000,-2571353.120077407,300.720064318653,1916.475998025876,1.0173510510955566,57.2
1836000,-2571855.5041986573,300.31193579155956,1914.910760000425,1.0181826285161184,57.2
1838000,-2570235.4021834657,300.93237764302836,1916.7982516491643,1.0171800132400652,57.2
1840000,-2572057.4251291063,301.0622940025879,1912.8840351326853,1.019261405909423,57.2
1842000,-2573554.9547314513,299.1309969523772,1919.17653800317,1.015919501089592,57.2
1844000,-2575040.2099942677,300.6757590671247,1916.7328775210224,1.0172147062623997,57.2
1846000,-2574265.58115815,300.2098069176269,1917.852492668332,1.0166208707106295,57.2
1848000,-2571834.6734929997,300.09633092681963,1916.4714508281318,1.017353464956928,57.2
1850000,-2573780.361684799,301.1096510320749,1912.9272705725964,1.019238368852057,57.2
1852000,-2568819.6342584193,300.33925278577374,1917.727837798087,1.0166869524247442,57.2
1854000,-2568863.230868835,300.9254091349856,1916.230216366949,1.0174815397116495,57.2
1856000,-2571800.207568126,299.69012990962824,1913.1329936546647,1.0191287680771512,57.2
1858000,-2570741.301628597,300.07909467474457,1917.076419452911,1.0170324204120347,57.2
1860000,-2572541.599679766,300.1253390648065,1917.95411743877,1.0165670040087782,57.2
1862000,-2571046.939042464,299.4313004508549,1917.3348481286068,1.0168953393269005,57.2
1864000,-2569809.3821915314,298.7640682116633,1918.1325652128392,1.0164724307126736,57.2
1866000,-2574009.2627061643,300.4769888574876,1915.863523474811,1.0176762838799698,57.2
1868000,-2572431.8635027967,300.415400717131,1915.99421500952,1.0176068673471141,57.2
1870000,-2574219.07764573,300.2851672231325,1918.3293229876922,1.0163681739246082,57.2
1872000,-2571452.3261294607,300.6698501558857,1917.6390742481924,1.016734012762761,57.2
1874000,-2572681.047049802,302.37444928521836,1915.0267285614234,1.01812097027788,57.2
1876000,-2569875.4253844805,300.18902351548394,1919.9082700811493,1.0155323050452931,57.2
1878000,-2572681.2225393075,301.4335635847436,1914.3232977072935,1.018495085613878,57.2
1880000,-2572897.3363025133,301.44853644204056,1914.6599648106835,1.0183159970046247,57.2
1882000,-2570850.8597427476,301.4925208673364,1915.660239428813,1.0177842765961336,57.2
1884000,-2571459.2684112974,300.39067600534776,1915.5027064473086,1.0178679802584052,57.2
1886000,-2573864.880139401,300.3720491223059,1916.103036158988,1.0175490744482347,57.2
1888000,-2570211.2620271966,299.95980974750404,1915.8162564893573,1.017701391971596,57.2
1890000,-2572329.3959994856,301.5303626135089,1916.1740775272276,1.017511349233523,57.2
1892000,-2571286.2247291487,300.7404364830337,1916.5392271091646,1.0173174873816322,57.2
1894000,-2571395.7369430587,300.87300107514017,1917.210456880602,1.016961316893367,57.2
1896000,-2570899.850643538,299.77539234795006,1918.4217089545705,1.0163192284002671,57.2
1898000,-2573853.5545994584,299.3297492350415,1915.9264552412753,1.0176428566228544,57.2
1900000,-2571948.5166525617,299.5024278828757,1915.640603209963,1.017794709364558,57.2
1902000,-2572362.3553410806,300.8345765747132,1914.2677293907525,1.0185246509962138,57.2
1904000,-2572161.823352659,301.1857800004517,1918.8350196289603,1.0161003166223452,57.2
1906000,-2574515.3800265677,298.8670823195892,1915.8664640249322,1.0176747219088325,57.2
1908000,-2569648.8055013344,300.73943347242925,1911.428950986732,1.0200373233776372,57.2
1910000,-2572219.994880747,300.612673740523,1916.3000664323963,1.0174444520167811,57.2
1912000,-2568280.33149042,300.4896409947861,1918.0138520129033,1.0165353440721212,57.2
1914000,-2571541.3094657343,300.45590471965266,1917.7041936041448,1.0166994875923479,57.2
1916000,-2571578.9316765554,300.79363866851054,1918.3788168786614,1.0163419517753947,57.2
1918000,-2573111.271424448,301.207020478693,1912.8435110767048,1.0192829992107217,57.2
1920000,-2571568.574230965,300.01196801339887,1914.8232570844107,1.0182291570657904,57.2
1922000,-2572802.9593124427,300.5415191044266,1916.8737518596904,1.017139949409535,57.2
1924000,-2569814.696436571,301.49442299948055,1916.5420375480708,1.01731599557577,57.2
1926000,-2569572.864319958,299.99943156777596,1915.8694371017057,1.0176731426649548,57.2
1928000,-2570891.6968436725,299.8274867055919,1919.5262928903537,1.0157343914550911,57.2
1930000,-2571549.656322105,300.4535728024525,1912.9895948744804,1.0192051625450482,57.2
1932000,-2572663.7134645134,300.89289976762603,1913.3101399946868,1.019034410697497,57.2
1934000,-2573121.977587059,300.4743466607794,1915.360036457959,1.0179437984916033,57.2
1936000,-2571840.3491154406,300.10573595414354,1915.967673984823,1.0176209637900577,57.2
1938000,-2573570.4667068105,298.90142443024075,1916.5368887184084,1.0173187286234902,57.2
1940000,-2573346.3485967834,299.0526527123071,1916.940643479705,1.0171044563235967,57.2
1942000,-2572550.8813748937,299.29130704607223,1918.1145864403406,1.0164819582595221,57.2
1944000,-2569906.4116599206,299.9076236147027,1919.2249811920099,1.0158938582490082,57.2
1946000,-2573058.2384833023,299.7598663826045,1912.605621016368,1.019409777722464,57.2
1948000,-2571008.92478355,300.7690536046324,1918.7067492566912,1.0161682454842866,57.2
1950000,-2569621.1456980705,301.24544597245733,1921.5908536432707,1.0146430845538275,57.2
1952000,-2573260.620552821,299.63908458449447,1916.3882374024931,1.017397640487362,57.2
1954000,-2568370.200263949,299.09208227172036,1915.9600381413775,1.0176250194040641,57.2
1956000,-2571310.474975085,301.30817334550767,1918.90343906817,1.0160640870693471,57.2
1958000,-2577055.9699923266,301.6427944545554,1912.2010178938626,1.0196254749087532,57.2
1960000,-2573374.6980757713,300.14061079200104,1914.1505464622753,1.0185870043474434,57.2
1962000,-2571972.415106315,300.44610460294314,1916.884609424898,1.0171341881533427,57.2
1964000,-2571005.6513401624,301.52430320953346,1913.982968850342,1.0186761861116036,57.2
1966000,-2570248.5234682914,299.2897744522284,1915.4773760044027,1.0178814406349581,57.2
1968000,-2569448.67800072,300.29288953229457,1919.1526775276564,1.0159321318316186,57.2
1970000,-2571886.1366875563,300.28318695338453,1917.9473084342162,1.0165706129762035,57.2
1972000,-2574439.404572606,300.1812421209276,1914.169542077946,1.0185768962108146,57.2
1974000,-2578231.1691045742,300.5230986088662,1914.104985102956,1.0186112497304627,57.2
1976000,-2571942.6443039924,300.4571172467785,1917.5735519274326,1.0167687539449413,57.2
1978000,-2571777.14978165,300.75826066917887,1917.073083168028,1.0170341903549331,57.2
1980000,-2573312.2645676415,299.9419133747851,1915.142584148458,1.0180593795620452,57.2
1982000,-2571638.433677964,300.5325627362371,1916.1600715682384,1.0175187866195952,57.2
1984000,-2572167.164982615,299.5644115586706,1916.587992828065,1.0172916027268146,57.2
1986000,-2571927.102487281,299.88906803027993,1918.3653237599974,1.0163491003734164,57.2
1988000,-2574607.5265618805,299.4075052990022,1914.3774934606065,1.0184662521635268,57.2
1990000,-2572891.797415672,300.1957324016533,1916.6950182012586,1.0172347986904944,57.2
1992000,-2572872.0591811705,300.08737140805044,1915.3183797729519,1.017965937977454,57.2
1994000,-2572934.2377621923,301.1563442084124,1920.1521225989027,1.0154033360399053,57.2
1996000,-2574584.9642134197,299.2662261165219,1916.1720264273333,1.01751243839326,57.2
1998000,-2572410.4100463893,302.0694007414389,1916.2222968014282,1.0174857448666224,57.2
2000000,-2571165.7694942076,299.8929625966726,1913.7724581248535,1.0187882382325681,57.2
2002000,-2572007.8082385547,300.4641089761444,1915.6227569164432,1.017804191327048,57.2
2004000,-2571614.041404128,300.1423883920388,1917.5793903962901,1.016765658181222,57.2
2006000,-2573124.067951942,297.8525832966125,1917.9713996959372,1.016557844032569,57.2
2008000,-2571750.657555055,300.12171783290813,1915.855777556058,1.0176803984056582,57.2
2010000,-2571595.2050907556,298.6751507439338,1915.1758532988888,1.0180416945173074,57.2
2012000,-2571342.126370799,300.4124209181105,1919.2095518573863,1.0159020254479811,57.2
2014000,-2574558.2460237388,300.69591666218224,1915.7298698059983,1.017747283539759,57.2
2016000,-2574805.3858759888,298.6398261115901,1916.1104583865956,1.0175451328796268,57.2
2018000,-2573692.4368758313,300.60065093927415,1915.013538181263,1.0181279829712004,57.2
2020000,-2573381.108111078,300.4111338001043,1914.7527691945625,1.0182666411868833,57.2
2022000,-2570203.139638284,300.86997064649546,1916.79541347053,1.01718151936772,57.2
2024000,-2570299.1358863246,300.0176860507461,1919.3465647558924,1.015829505099827,57.2
2026000,-2572468.866205169,300.09261692849304,1915.1126927600908,1.018075269597347,57.2
2028000,-2571811.2404473573,300.6551968440217,1910.8563160560657,1.0203430025629538,57.2
2030000,-2571166.050787803,300.6826518959029,1917.7375491247171,1.01668180397308,57.2
2032000,-2573103.015078457,300.4425200966299,1915.4531959008516,1.0178942900633283,57.2
2034000,-2572590.847277507,300.2137184420619,1914.7600283459053,1.018262780780594,57.2
2036000,-2569675.4435444083,300.812895802904,1914.3643403632127,1.018473249779145,57.2
2038000,-2572239.3416641653,299.57713390142544,1914.7602868216084,1.0182626433241249,57.2
2040000,-2573316.0514185913,301.77679553156815,1916.4763397048093,1.0173508697171514,57.2
2042000,-2574669.571300555,300.8016747029272,1914.3538726715647,1.0184788187933607,57.2
2044000,-2572749.998735847,300.06098887475906,1915.2449838139844,1.0180049484366098,57.2
2046000,-2574016.294346273,299.0285554161848,1917.9242477553842,1.0165828359868063,57.2
2048000,-2571693.0069353525,299.84108041359275,1913.8975574210951,1.0187216465327522,57.2
2050000,-2574059.4789850414,300.2401271268211,1917.9187483019853,1.0165857509434164,57.2
2052000,-2572256.619679248,300.8570669182773,1916.8627538547983,1.0171457852525638,57.2
2054000,-2572164.870089717,300.5637638417009,1914.086690923109,1.018620985265162,57.2
2056000,-2573910.7686281446,299.96784490594376,1914.7923426662776,1.0182455964264538,57.2
2058000,-2572226.33501669,300.35447658819993,1915.478999947977,1.0178805776748185,57.2
2060000,-2571037.353883639,299.8921904948951,1918.0033282949257,1.016540921607424,57.2
2062000,-2573399.971134633,301.3198775448597,1915.4858978696984,1.017876912150288,57.2
2064000,-2573774.8188169785,300.30353814195803,1918.276049188421,1.0163964002031496,57.2
2066000,-2570666.6428336967,300.32617749089405,1916.490618134946,1.017343290147922,57.2
2068000,-2572653.878337465,300.2902592574268,1913.3484047063944,1.0190140312110165,57.2
2070000,-2573769.3506550454,300.2829923303361,1916.723389324719,1.0172197416957176,57.2
2072000,-2571411.824401211,299.5268272647609,1918.7475496060633,1.016146637628972,57.2
2074000,-2569859.871496184,299.85762281751323,1918.0751346407815,1.0165028657003978,57.2
2076000,-2573318.797623243,299.1856086040625,1915.7158325773198,1.017754740987838,57.2
2078000,-2572633.01730131,301.12325907401186,1914.901085681439,1.0181877725016788,57.2
2080000,-2572243.273551084,300.25599976813146,1917.012204581542,1.0170664883255818,57.2
2082000,-2571191.4220894985,300.89926451937725,1915.5679131107017,1.0178333316435932,57.2
2084000,-2572842.9088611603,300.0782211451348,1915.3568369446484,1.0179454989187353,57.2
2086000,-2571756.2216235753,300.5177875839208,1914.9795828976507,1.018146035813499,57.2
2088000,-2571788.908502277,299.78818469074395,1918.7044734487258,1.0161694507787022,57.2
2090000,-2571871.4202120807,299.85912441387813,1918.5102905213864,1.01627230285075,57.2
2092000,-2573296.399904635,300.59455665856933,1920.0388163047617,1.015463257531121,57.2
2094000,-2571597.1631575245,300.5541125086681,1917.622001538025,1.01674306481009,57.2
2096000,-2571137.068347525,299.9667938968545,1916.035410515982,1.0175849884037245,57.2
2098000,-2571067.818999611,300.164370961415,1916.629220923992,1.0172697200406253,57.2
2100000,-2570478.8498379644,298.816243538386,1917.5921685563083,1.0167588828123537,57.2
2102000,-2571788.3573368955,300.590173843809,1917.1717242888935,1.0169818625476617,57.2
2104000,-2574680.7639620323,300.5964027737641,1914.6709170081438,1.0183101720883025,57.2
2106000,-2573444.1439142525,300.2573404305211,1917.402785888735,1.0168593085084687,57.2
2108000,-2575143.317058323,300.08649582048184,1914.6327175826418,1.0183304887073594,57.2
2110000,-2570787.7416631747,299.5423130468208,1914.1158752952874,1.0186054544321927,57.2
2112000,-2574596.4604058824,300.6664865589997,1915.1333333176688,1.0180642971805156,57.2
2114000,-2572559.8453451525,300.73510478841473,1911.8494627780017,1.0198129659005624,57.2
2116000,-2570718.7562435083,300.4366348500729,1914.599641557778,1.0183480810665306,57.2
2118000,-2571765.5056566447,300.18206186298266,1912.845008339739,1.0192822013756908,57.2
2120000,-2571537.8145858757,300.95630510978367,1921.8001192156237,1.0145325996684846,57.2
2122000,-2571992.3393504675,299.41110395928416,1921.7120383009133,1.0145791003707758,57.2
2124000,-2573203.7682693917,299.51304019966665,1917.5781580204748,1.0167663116291152,57.2
2126000,-2572304.564634936,300.43944254855506,1916.1218527781457,1.0175390819556485,57.2
2128000,-2571597.405977914,300.56538851446055,1918.725643834349,1.0161582388062138,57.2
2130000,-2569211.45286455,300.852731594899,1919.2784335597037,1.015865565359816,57.2
2132000,-2570594.2657755576,299.69695764895545,1919.584459196744,1.015703613169957,57.2
2134000,-2570839.8161212727,298.85463019902613,1918.0152968138332,1.0165345783372424,57.2
2136000,-2569564.159047354,299.80260645659854,1916.9163534207314,1.0171173444849306,57.2
2138000,-2574483.6617396977,301.2014359770597,1912.5225031933776,1.019454081055532,57.2
2140000,-2571791.7674036846,300.8618333553486,1915.4270969423835,1.0179081595448887,57.2
2142000,-2570323.531354375,300.45603136097657,1920.0110722422799,1.0154779309236197,57.2
2144000,-2571625.5712084975,301.1283265252836,1916.1164138194706,1.0175419702733821,57.2
2146000,-2573110.9269833397,300.243760090649,1917.5077889726388,1.0168036251032158,57.2
2148000,-2570806.130722411,300.195825888337,1917.02736036844,1.0170584475206998,57.3
2150000,-2574022.9977834933,301.19979538817114,1917.071844942411,1.0170348472514346,57.3
2152000,-2571647.421734398,299.6090312238461,1918.3363955071854,1.0163644267800829,57.3
2154000,-2574079.946939228,299.74975798812375,1915.3623125364904,1.0179425888405569,57.3
2156000,-2571780.688905446,300.3890589645791,1917.8862658376045,1.0166029684453264,57.3
2158000,-2569864.760629857,298.6807146099742,1916.150180032675,1.0175240392471656,57.3
2160000,-2572909.751614852,300.77251701218364,1916.1053474322243,1.0175478470449788,57.3
2162000,-2571041.6457476337,300.41784639961935,1915.437539900264,1.0179026099136346,57.3
2164000,-2571096.7891882993,300.10606661455535,1918.7249894309452,1.0161585853787625,57.3
2166000,-2572193.0719711035,301.7132470440096,1917.1845045495452,1.0169750831827906,57.3
2168000,-2570988.9073515143,301.59995435700483,1920.0843692969622,1.0154391661992035,57.3
2170000,-2573205.0896638613,300.6221782241344,1917.8411134333198,1.016626902684668,57.3
2172000,-2572335.159555629,300.7302046278527,1920.8102008347328,1.0150554542784762,57.3
2174000,-2574634.2647940908,300.1426127923434,1916.1554717691283,1.0175212292094988,57.3
2176000,-2570903.175308002,300.1942360021972,1914.568134250454,1.0183648396270535,57.3
2178000,-2570840.1009354442,300.14406901125955,1916.5194899698838,1.0173279641532207,57.3
2180000,-2571165.323169397,299.7595462942154,1916.832764723199,1.0171616986485421,57.3
2182000,-2571814.1583284475,300.19738257861957,1917.9882320072538,1.0165489226962352,57.3
2184000,-2570721.2197583113,299.4884526080367,1919.1424637759503,1.0159375386623988,57.3
2186000,-2574599.8146193847,300.42725159571677,1915.8982886804022,1.017657817489847,57.3
2188000,-2569983.433945751,300.83183468229174,1915.4986359602074,1.0178701432557609,57.3
2190000,-2574595.3325400874,299.99632074667545,1914.638948755201,1.0183271745613676,57.3
2192000,-2573268.9497625995,299.94749967182685,1915.0621706003617,1.0181021279219367,57.3
2194000,-2570201.488957396,300.843776384223,1915.9065016594523,1.0176534550628038,57.3
2196000,-2572188.5294322744,300.36974582367395,1916.233810702859,1.0174796311917103,57.3
2198000,-2572048.9958389197,300.1903902404106,1916.303179370067,1.0174427992296873,57.3
2200000,-2572857.001716435,299.9730334359989,1915.9877700921527,1.017610290329387,57.3
2202000,-2571591.570345605,299.4222227979817,1922.709776613527,1.0140526119470263,57.3
2204000,-2574424.0911339354,299.1468737601259,1914.9579340330172,1.01815754609543,57.3
2206000,-2571815.8859556504,300.11081139230106,1918.0251617479096,1.0165293500186563,57.3
2208000,-2572331.2995459717,301.3244953293567,1913.8077953891511,1.0187694269447658,57.3
2210000,-2572659.380966315,300.4632596783885,1916.897792620683,1.017127192955584,57.3
2212000,-2570907.072200382,299.5953057300971,1920.4843024901181,1.0152277050445007,57.3
2214000,-2571703.065088896,301.0053341481483,1917.974505147828,1.016556198092297,57.3
2216000,-2571191.726049369,300.4387097770482,1917.264293538049,1.0169327606853162,57.3
2218000,-2574800.2143411282,298.76250018709504,1918.236422678089,1.016417396698669,57.3
2220000,-2572191.9984576013,301.2731506690187,1920.4982125484746,1.015220351808486,57.3
2222000,-2571967.9958737455,300.1677421372593,1920.0001196475378,1.0154837236931789,57.3
2224000,-2572376.425215997,301.33378353984335,1914.1040603884096,1.0186117418273446,57.3
2226000,-2572206.8463932797,300.58905709788337,1916.840799130407,1.0171574352317332,57.3
2228000,-2572092.09217632,302.2210843842022,1918.0531786514402,1.0165145016270412,57.3
2230000,-2570699.4841495957,300.6175344973395,1918.8444258801544,1.0160953356584446,57.3
2232000,-2571752.4301889073,300.67164297818107,1919.6560385831983,1.015665740009355,57.3
2234000,-2573015.7497232985,299.4367278203709,1915.456114442319,1.0178927391185313,57.3
2236000,-2571721.841119107,301.55409449787663,1922.1300824133302,1.0143584395407044,57.3
2238000,-2569829.392819194,300.48165738014916,1920.8210838495224,1.0150497031631776,57.3
2240000,-2570853.1238358486,301.74933917476096,1917.5653894936738,1.016773081989058,57.3
2242000,-2574056.0817173235,300.3800169971243,1917.8135428806006,1.0166415177475974,57.3
2244000,-2574666.00822239,300.7666715086433,1914.7063836255793,1.0182913096571677,57.3
2246000,-2571344.7189742588,299.6127840699086,1920.8764422457434,1.015020450098058,57.3
2248000,-2573801.859783288,299.0239742010596,1915.271063960419,1.0179910863161894,57.3
2250000,-2573226.283736704,301.46334020267585,1919.5505183880573,1.0157215724795383,57.3
2252000,-2573413.9432247095,300.47523522598345,1916.3049383784464,1.0174418653019113,57.3
2254000,-2569444.1383597124,298.856999737106,1916.8658467439943,1.0171441440739621,57.3
2256000,-2572225.735377984,299.5947706876916,1917.502184247976,1.0168065971490374,57.3
2258000,-2572240.3257071804,299.8418578982019,1917.5987991442853,1.0167553671086378,57.3
2260000,-2573017.5426240526,300.96762428161287,1914.0153734258797,1.0186589397666268,57.3
2262000,-2571847.3217237927,301.20585330831784,1914.7204262725172,1.0182838414622581,57.3
2264000,-2574286.189986853,300.881506344273,1913.112623761016,1.0191396192650857,57.3
2266000,-2574352.701435756,298.6416037285147,1914.282744639772,1.0185166618936061,57.3
2268000,-2572595.4552347455,299.5326135089508,1916.3682843081356,1.0174082335614,57.3
2270000,-2573625.664437078,300.6879956972093,1913.673729582385,1.0188407986436192,57.3
2272000,-2572957.657412626,299.68939859994276,1916.3465075345146,1.0174197950763428,57.3
2274000,-2573861.553447744,300.81336987187893,1916.8728042471269,1.017140452236114,57.3
2276000,-2573324.551811762,300.2526386951853,1920.074864148328,1.0154441930345544,57.3
2278000,-2572126.0653791092,300.59276107754397,1917.638630560843,1.016734248006259,57.3
2280000,-2572839.6625849158,299.5482759212236,1916.4858445714608,1.017345824136261,57.3
2282000,-2571854.067243295,299.5395662067701,1919.9250296832531,1.0155234401588558,57.3
2284000,-2575093.0203351416,299.13272173205905,1915.2869820123697,1.0179826257381404,57.3
2286000,-2574317.7907953057,300.7928894616901,1915.9794766327002,1.0176146951311005,57.3
2288000,-2572186.93746843,300.8810521383927,1917.0255658000196,1.0170593996107522,57.3
2290000,-2573115.925156269,300.20422265184806,1914.7225088761618,1.0182827338962113,57.3
2292000,-2573840.8018375784,299.4485673292318,1913.2950078684244,1.0190424701746317,57.3
2294000,-2573910.9215192255,301.1032438917771,1912.6139670931743,1.0194053293222909,57.3
2296000,-2571912.6192506496,299.79026529687104,1915.7931945844095,1.0177136428412792,57.3
2298000,-2573257.299401354,300.51847333160794,1913.8887696582558,1.0187263240690705,57.3
2300000,-2572562.5861546174,300.8262239552636,1917.7748956075754,1.0166620052523587,57.3
2302000,-2572225.165710723,300.1835715938887,1913.7098709519425,1.0188215573247639,57.3
2304000,-2570394.864478957,300.34374452824727,1915.738262508809,1.017742824866748,57.3
2306000,-2571142.758214118,300.2148320595143,1918.2908985778479,1.016388532331822,57.3
2308000,-2571062.435361229,301.23724868065847,1919.439477770902,1.0157803325246308,57.3
2310000,-2573263.8781594597,300.91051625964394,1916.7035107068407,1.0172302915394624,57.3
2312000,-2570548.4023592174,299.32896115204045,1915.1208251011958,1.0180709464573894,57.3
2314000,-2570300.664660761,300.02287243528843,1917.5209301683608,1.0167966567227207,57.3
2316000,-2574651.8009409495,299.84201504723484,1916.1757567767556,1.0175104575327243,57.3
2318000,-2572266.5397974662,301.3944203137748,1914.7613383583043,1.018262084120994,57.3
2320000,-2575715.134334849,300.2485577398391,1914.426808479502,1.0184400168004162,57.3
2322000,-2571441.976189764,300.6230828403979,1917.2755393784905,1.0169267958339783,57.3
2324000,-2570638.322036691,300.0165014902206,1916.6364641539417,1.017265875639957,57.3
2326000,-2570985.0944852177,299.9319408075151,1917.9896229818094,1.0165481854692613,57.3
2328000,-2572484.591652693,299.62826356439234,1918.3458947866075,1.0163593939391804,57.3
2330000,-2571613.3369439915,301.12890945683256,1918.8189946400983,1.0161088025693275,57.3
2332000,-2571254.0052695815,300.093717601627,1921.207577464981,1.0148455033493482,57.3
2334000,-2572029.95017094,299.70354884255823,1917.2198932724145,1.016956311497023,57.3
2336000,-2572970.3116468545,299.9789905357955,1917.5152189474657,1.0167996851994985,57.3
2338000,-2573649.9122711048,300.11742447908654,1914.512749628321,1.0183942997347741,57.3
2340000,-2574503.6686721817,300.75513396156776,1917.5932828618863,1.0167582919779445,57.3
2342000,-2574327.3773430176,300.176022742213,1915.9950778160048,1.0176064091007364,57.3
2344000,-2574025.900452545,299.4510502233916,1914.1326319074262,1.0185965374030184,57.3
2346000,-2574818.1861699354,299.73073432066343,1913.560858609629,1.0189008947474403,57.3
2348000,-2570635.350965688,299.876521255202,1918.5163631294815,1.0162690860820367,57.3
2350000,-2572511.679853324,299.6985231191584,1916.9641771120166,1.0170919698292826,57.3
2352000,-2571790.5392965153,300.25467996008297,1915.9797038581123,1.0176145744471925,57.3
2354000,-2572342.126773374,300.50186537603986,1913.9857990991122,1.018674679774919,57.3
2356000,-2572310.196943624,300.9678816043496,1914.8865998140775,1.0181954749593716,57.3
2358000,-2574978.3554532602,300.24503150960436,1914.1302793476796,1.0185977893079894,57.3
2360000,-2574612.128910048,301.2516525180507,1914.1364826583385,1.0185944882484357,57.3
2362000,-2575811.858581137,300.19437831429985,1912.2951203930309,1.0195752999622287,57.3
2364000,-2575063.237650683,301.0256339749996,1915.1972526520588,1.018030319483361,57.3
2366000,-2570625.8722149227,300.2686930705187,1915.7749825951466,1.017723317563052,57.3
2368000,-2570504.255750397,300.9102246264298,1917.5667122365594,1.0167723806161397,57.3
2370000,-2571783.3391452357,300.1080496197343,1917.0938480052846,1.0170231744365057,57.3
2372000,-2572807.3249462694,301.12910786112326,1919.6176606520744,1.0156860456934576,57.3
2374000,-2567452.7738012373,300.30384560647263,1917.9935368737874,1.0165461110828193,57.3
2376000,-2568193.278627638,300.8553136175229,1916.7168338331353,1.0172232207570673,57.3
2378000,-2571102.6964592095,299.33690622069724,1913.510865233305,1.0189275150801456,57.3
2380000,-2573004.7458234485,300.858873622135,1916.5375086143963,1.0173183995760307,57.3
2382000,-2574835.5233730823,300.08545828241785,1913.0276946970018,1.0191848640747683,57.3
2384000,-2573368.5256296173,300.2052114183342,1914.6514087051203,1.0183205476080022,57.3
2386000,-2574293.5753179397,300.3706359212425,1913.5439513537635,1.018909897319927,57.3
2388000,-2576580.891731128,299.8271742012355,1912.769258481873,1.0193225671864319,57.3
2390000,-2570353.7877798732,300.4917468877742,1917.4355074767789,1.0168419555121035,57.3
2392000,-2571138.165835399,299.7245980626428,1918.212036144234,1.016430318574243,57.3
2394000,-2573751.862587342,299.17038633529023,1919.7192379939208,1.0156323031009835,57.3
2396000,-2573316.7506487984,299.58331273344083,1915.8469950710466,1.0176850635813575,57.3
2398000,-2571732.4219897278,299.6148882870739,1915.0938890312862,1.0180852657711024,57.3
2400000,-2573176.9805528335,300.7772503563954,1912.6015079629556,1.0194119699652533,57.3
2402000,-2572939.547880061,300.61644819969746,1916.358084023295,1.0174136489656858,57.3
2404000,-2573362.4731473587,301.2365862699879,1913.9514214803537,1.018692976796143,57.3
2406000,-2574006.920591183,300.3537644273591,1912.288115196458,1.0195790349252505,57.3
2408000,-2573622.5358903445,301.6668605369365,1915.067170765906,1.0180994696970669,57.3
2410000,-2574996.927906351,300.5872296242621,1915.1864800619142,1.0180360457264714,57.3
2412000,-2574446.736601159,300.0113043369446,1912.8363775122295,1.019286800435478,57.3
2414000,-2573292.6565561313,300.5669872098705,1914.989733055074,1.018140639261045,57.3
2416000,-2574124.219775444,299.636142959261,1916.7625094165055,1.0171989807879542,57.3
2418000,-2571622.816886656,300.44491449025486,1912.9774307971927,1.0192116433796727,57.4
2420000,-2571527.082174083,300.0558899109582,1914.9220221607322,1.0181766403161543,57.4
2422000,-2571682.5691639557,299.56846760771657,1918.9191139618954,1.016055787242394,57.4
2424000,-2572997.898949988,301.0037115013458,1914.616180277451,1.0183392844348007,57.4
2426000,-2569882.033445183,300.0375042556899,1918.1754668226408,1.0164496964506882,57.4
2428000,-2573275.8556577414,300.2437236316458,1914.3699562954237,1.0184702620197987,57.4
2430000,-2571264.687334094,300.14768340622413,1917.6126943418324,1.016747999605948,57.4
2432000,-2574544.3064424153,300.6985827651966,1916.8409339326338,1.0171573636999307,57.4
2434000,-2571644.083880646,300.78475422652394,1916.309672988947,1.0174393515166882,57.4
2436000,-2572991.0911716,300.20327084156486,1918.4302733062639,1.0163146912974983,57.4
2438000,-2572828.616465643,299.9844888299017,1917.7139281530094,1.0166943267022395,57.4
2440000,-2572292.3892708085,300.58115125372206,1917.8718504201136,1.0166106096003957,57.4
2442000,-2572238.7999249566,300.12176640784514,1913.8629858479633,1.0187400484821942,57.4
2444000,-2573286.90833883,301.08111159975493,1915.5143545561618,1.0178617906743888,57.4
2446000,-2572999.3598398417,300.2491409181277,1915.4042134083302,1.0179203205999123,57.4
2448000,-2571957.20456345,300.5391065424645,1916.7772642216196,1.0171911506800935,57.4
2450000,-2573104.520097878,301.3203719446066,1920.5148491358368,1.0152115573947993,57.4
2452000,-2571747.7859597094,300.5850566778643,1919.8896536726186,1.0155421522592885,57.4
2454000,-2573220.749754362,301.077187399028,1917.2856013334058,1.0169214589808957,57.4
2456000,-2573717.6048385985,299.0230130118634,1916.291091956628,1.0174492169664378,57.4
2458000,-2573183.6940876003,301.36529202358196,1915.206514490619,1.0180253963419676,57.4
2460000,-2569954.1975033525,300.22421254491644,1914.4565659161644,1.018424186634909,57.4
2462000,-2570610.674140405,299.3686132803771,1916.0936992480167,1.017554032851428,57.4
2464000,-2571684.286500955,299.53104514380317,1919.566444422405,1.015713145359603,57.4
2466000,-2571550.221643286,299.8307168093068,1917.5173192774535,1.0167985714599517,57.4
2468000,-2574508.709011866,299.560935012399,1919.0757714931894,1.0159728448210208,57.4
2470000,-2573531.282325512,300.55735714190075,1915.4991182397885,1.0178698869789597,57.4
2472000,-2571775.181329651,300.3205373797784,1913.9899558091067,1.0186724674669552,57.4
2474000,-2572716.5939623117,301.24860678369186,1913.34238078386,1.01901723945103,57.4
2476000,-2572154.233174868,300.84308795680454,1918.1391821980997,1.0164689241980505,57.4
2478000,-2573647.8965231944,300.69515000789966,1916.3114286146467,1.0174384193912271,57.4
2480000,-2570274.875052586,302.19231577243846,1919.757471951956,1.0156120757319416,57.4
2482000,-2569492.3114083633,300.6247287199237,1915.4358180501713,1.0179035249407462,57.4
2484000,-2572904.135054702,301.08566938327704,1913.0190807007878,1.0191894532890888,57.4
2486000,-2572886.4777549,299.39631665331956,1915.3481745574568,1.0179501026968725,57.4
2488000,-2571911.4454864133,298.6027778728471,1916.6666269448722,1.0172498668163588,57.4
2490000,-2572588.6697476953,300.0720660622073,1919.7604792107807,1.0156104847999423,57.4
2492000,-2572178.45544916,299.8319780111599,1917.07767752493,1.0170317529899233,57.4
2494000,-2572290.611966066,301.01380756039913,1918.8137049939912,1.0161116037041942,57.4
2496000,-2574733.8268379886,301.1327547459525,1916.3403622686103,1.017423057709276,57.4
2498000,-2574330.779183969,300.82398397088696,1915.9688006258812,1.0176203654016296,57.4
2500000,-2572573.151886821,300.063444566016,1913.5474355572542,1.018908042080096,57.4
2502000,-2571158.1492088046,299.8413888477067,1916.9323699351485,1.0171088461806257,57.4
2504000,-2574365.721381264,300.76181115461156,1913.218001134984,1.0190834864790042,57.4
2506000,-2571541.1168890204,299.567889802154,1918.251825539044,1.0164092352385181,57.4
2508000,-2571076.285546057,302.1860215793288,1917.9039252720534,1.0165936078964244,57.4
2510000,-2571618.900356181,300.0173259153017,1917.8980557344194,1.0165967190807867,57.4
2512000,-2571612.5767023694,300.93508215294946,1919.019254708985,1.01600276610393,57.4
2514000,-2573165.2847598605,301.4731059020835,1913.586709265613,1.0188871304082625,57.4
2516000,-2573121.0312140584,300.1903918049662,1915.404289284465,1.017920280276384,57.4
2518000,-2570923.8277568854,300.0341507407366,1919.0128563993344,1.01600615362699,57.4
2520000,-2568947.55203755,300.5764593289254,1916.293471681849,1.0174479534597782,57.4
2522000,-2573195.6074729357,300.8321592838675,1915.341541570875,1.0179536279424886,57.4
2524000,-2570869.9885377437,300.3548506112945,1916.0572831342852,1.0175733722332485,57.4
2526000,-2569571.1484745517,299.9816836829764,1915.9998690795733,1.0176038644134464,57.4
2528000,-2571912.9397417977,300.3974894787755,1913.7464119641068,1.0188021039788624,57.4
2530000,-2573442.814719619,300.59083594577277,1914.6413509742747,1.0183258969095708,57.4
2532000,-2577286.18296507,299.86266438047574,1912.5429001234809,1.019443208758951,57.4
2534000,-2576068.1659104805,300.37899687671586,1915.16314938472,1.018048447526476,57.4
2536000,-2569445.829415843,300.0111945219343,1914.8449490530643,1.0182176222441495,57.4
2538000,-2571495.2892220058,300.2281776716653,1913.8982869859472,1.0187212582030734,57.4
2540000,-2572446.3092421237,299.69449571528236,1914.483702519745,1.0184097511119565,57.4
2542000,-2571434.186167702,300.12943628144643,1917.9602648669397,1.0165637457177952,57.4
2544000,-2570816.3291870374,300.6801260935104,1917.0826122158776,1.017029135086369,57.4
2546000,-2572985.909978656,301.2394635083097,1915.127362840156,1.0180674710320887,57.4
2548000,-2571950.5458381064,301.026300133198,1916.4813338116314,1.0173482186300633,57.4
2550000,-2571705.2386537716,300.50884349830136,1916.1236007570642,1.0175381537081893,57.4
2552000,-2572531.4755673017,300.37786697686823,1918.7204086105219,1.0161610113914223,57.4
2554000,-2568722.5836835057,300.6215010391999,1919.381844991473,1.0158108330964715,57.4
2556000,-2571274.067509778,300.0641075239427,1920.6697818065056,1.0151296643805128,57.4
2558000,-2570967.6971552167,299.6071756698799,1916.0638536259619,1.0175698828102004,57.4
2560000,-2571758.8176326584,300.6208256025936,1917.2228165356905,1.0169547609046699,57.4
2562000,-2570262.5235482324,299.921229110939,1917.4023788516506,1.0168595243731473,57.4
2564000,-2573819.907169057,301.4674478703963,1916.5844374771325,1.0172934898488102,57.4
2566000,-2573237.2332201675,300.0440401506256,1918.1854730160992,1.0164443941520076,57.4
2568000,-2571347.9606209304,300.31913499799595,1918.4786162813216,1.0162890815902252,57.4
2570000,-2573388.1652778573,300.38677533393434,1916.7444035969595,1.0172085893832128,57.4
2572000,-2572820.9394899737,299.92374751819335,1913.3970376186637,1.018988130878254,57.4
2574000,-2573840.1927464884,300.23584270492955,1917.509844040881,1.0168025353560912,57.4
2576000,-2572762.2618479524,301.27463706610433,1916.2974932482516,1.0174458182305037,57.4
2578000,-2571705.4262589067,300.31547725451,1913.647719779669,1.0188546464630994,57.4
2580000,-2572488.1639636457,299.82067098284045,1913.6944789057875,1.018829751813804,57.4
2582000,-2570116.2194318883,300.83483530429925,1917.8712444385121,1.0166109308145164,57.4
2584000,-2573367.392356498,301.7672483143735,1918.2072937191506,1.0164328315167461,57.4
2586000,-2571425.1943698656,299.8008775089289,1920.8876320861089,1.0150145372499482,57.4
2588000,-2571787.2213115115,300.90905378910855,1919.0964777650809,1.015961882886484,57.4
2590000,-2570506.1116343495,300.93642324191893,1918.2318477280255,1.0164198208367308,57.4
2592000,-2571513.978695564,299.86265171222004,1916.6900353978715,1.0172374431874693,57.4
2594000,-2574112.703668261,299.9114552923274,1916.2097582765107,1.0174924026817753,57.4
2596000,-2571573.940144928,300.0117997940892,1918.2682964300568,1.016400508010023,57.4
2598000,-2572288.3245077953,299.78989848369105,1914.9107605096021,1.0181826282453825,57.4
2600000,-2572901.370322913,301.08625744876485,1916.4412991648169,1.0173694711341905,57.4
2602000,-2573013.2999616526,299.96359304058507,1912.9487002672975,1.019226950894498,57.4
2604000,-2570917.875191195,300.83459793467176,1913.583076022378,1.0188890649282842,57.4
2606000,-2572065.5409123152,300.5660132535574,1920.1398661292578,1.0154098174740886,57.4
2608000,-2570948.728116723,300.8752668007345,1915.2188158246731,1.0180188576267188,57.4
2610000,-2572821.7287136894,299.7251015273029,1916.5481036167844,1.0173127756676859,57.4
2612000,-2573763.074549811,300.5133678901134,1916.7477975315733,1.017206788238876,57.4
2614000,-2570907.2382243685,300.29788219404577,1918.5747701052699,1.0162381479060374,57.4
2616000,-2572972.9381666705,300.3645453284008,1916.5981052974341,1.0172862352321146,57.4
2618000,-2573289.712101834,300.2691371637989,1917.4327635011084,1.0168434106815571,57.4
2620000,-2569929.891465796,300.83416509658895,1917.0544838271028,1.0170440576622,57.4
2622000,-2570289.611569505,300.5196944494657,1915.8583073324846,1.0176790546194958,57.4
2624000,-2573795.9772515744,301.7871300166775,1916.1442834539616,1.0175271704887123,57.4
2626000,-2568504.1748365667,298.44255375370415,1919.3492561586909,1.0158280806553885,57.4
2628000,-2572404.9340279493,300.5470019606257,1919.077492013223,1.0159719339658622,57.4
2630000,-2572493.4960996658,300.0349430810657,1918.5498206299155,1.0162513634130586,57.4
2632000,-2572574.2403188143,301.18697776180437,1919.7119852677429,1.015636140188551,57.4
2634000,-2570041.9493310116,301.4105557209957,1919.4596405869136,1.0157696623383348,57.4
2636000,-2568541.166095849,300.29811572675953,1919.6792878814729,1.0156534392485528,57.4
2638000,-2571136.5734968465,300.8820440219895,1917.8785782718267,1.0166070433655419,57.4
2640000,-2571415.528811589,299.8449773373124,1918.0488588480316,1.0165167910070998,57.4
2642000,-2572329.490459159,301.1884493707381,1918.2576821954676,1.0164061320268214,57.4
2644000,-2571957.636651559,299.936682803531,1918.7291761422546,1.016156368097296,57.4
2646000,-2571821.7816889584,299.4172625553318,1919.6301883347435,1.015679417233169,57.4
2648000,-2570666.72093706,299.39354409141936,1913.4280155968345,1.0189716336848311,57.4
2650000,-2572558.995387975,299.55345855095504,1918.586151310785,1.016232119500586,57.4
2652000,-2570685.4258444495,300.70137602889355,1912.6611154751943,1.0193802002957681,57.4
2654000,-2571472.7950025816,300.97994496822423,1913.1059022088868,1.0191431999346503,57.4
2656000,-2573208.874038432,299.90608670068514,1918.093147242552,1.0164933198337933,57.4
2658000,-2572994.332978688,300.3249837581546,1915.8943212280421,1.0176599248654286,57.4
2660000,-2572993.86891664,300.6065325120541,1915.8379494272817,1.017689868589293,57.4
2662000,-2573761.731316531,299.6879380964118,1912.329089282776,1.0195571891458712,57.4
2664000,-2572736.5478157233,301.65581346770216,1918.503957015031,1.016275657843616,57.4
2666000,-2572140.59973209,300.6441905614842,1919.6557989731882,1.0156658667839977,57.4
2668000,-2571495.3658466954,300.61756455719706,1917.6063473663203,1.0167513648819677,57.4
2670000,-2570323.3937689234,299.37708634763845,1918.042966057332,1.0165199140449035,57.4
2672000,-2575937.2810488883,299.8719868609745,1916.1408645686506,1.0175289860173935,57.4
2674000,-2572840.3181412816,299.94393559210135,1918.5727162597216,1.0162392357961019,57.4
2676000,-2571348.587696951,300.68188067115295,1919.4855422962253,1.0157559554518063,57.4
2678000,-2571320.5833504647,301.13063406875926,1918.8174621732383,1.0161096140863668,57.4
2680000,-2571164.5916105714,300.3459831452923,1918.610122456422,1.0162194226801884,57.4
2682000,-2573489.222615227,299.9122536837353,1916.033342084747,1.0175860869256175,57.4
2684000,-2572591.5724579245,300.0638737492937,1916.725889484554,1.0172184148435288,57.4
2686000,-2572250.9494342096,299.3590930748845,1918.5877927352722,1.0162312500755368,57.4
2688000,-2573803.5685361605,301.1481604922726,1914.893918493166,1.0181915834404427,57.4
2690000,-2569806.7872593086,299.98686529336135,1921.1306551962798,1.0148861378675096,57.4
2692000,-2572403.1651794,299.56818464940693,1920.5379712615106,1.0151993348563404,57.4
2694000,-2572880.563482357,299.81468285683485,1917.708923066952,1.016696980203268,57.4
2696000,-2572868.81493162,300.4006494637989,1915.4110176910233,1.0179167045522046,57.4
2698000,-2571639.5829763133,299.5677351758637,1915.8528714619838,1.0176819420915115,57.4
2700000,-2570838.150371954,301.09719860252244,1916.708734170528,1.0172275193574427,57.4
2702000,-2569363.418185182,299.81642467243785,1915.3258335260114,1.0179619764234502,57.4
2704000,-2571100.7136167157,299.5270973264539,1919.0091254722427,1.016008128940621,57.4
2706000,-2571703.3217549883,300.4436546774552,1917.1041952805845,1.017017685210204,57.4
2708000,-2570573.9698207956,300.43610487320535,1918.0026280623938,1.016541292730494,57.4
2710000,-2575715.250902174,300.71369277316785,1915.677622968322,1.0177750408599266,57.4
2712000,-2571613.827894399,300.386007941103,1917.5296569398595,1.0167920292312753,57.4
2714000,-2569902.5740925744,300.7771293417118,1915.9830156272467,1.0176128155043882,57.4
2716000,-2571390.9475872777,300.3328720705797,1916.1638856631598,1.0175167612640057,57.4
2718000,-2572322.183367638,299.60130321603043,1916.3162081283929,1.0174358817824074,57.4
2720000,-2570771.4103641324,300.87968080768326,1915.4726139840916,1.0178839711707952,57.4
2722000,-2571587.691748468,300.72447102231297,1918.9174021891263,1.016056693616283,57.4
2724000,-2570570.5476376526,299.529922746942,1914.7864714321486,1.0182487186327087,57.4
2726000,-2573152.265948223,300.1935147685374,1916.0584575338567,1.017572748537386,57.4
2728000,-2572107.862211149,301.77278816628524,1911.8837711581357,1.019794665556458,57.4
2730000,-2571633.5883128773,299.68203315497186,1917.855559433219,1.0166192450735088,57.4
2732000,-2573170.111614164,299.6409447885873,1914.4917397582442,1.0184054757202745,57.4
2734000,-2573955.0071978197,299.54306363342744,1916.3624768018706,1.0174113168010073,57.4
2736000,-2570557.1604114994,300.4510389503728,1918.4449827377562,1.0163068988346124,57.4
2738000,-2570516.47611974,299.7120296652089,1916.1355704358782,1.0175317973704288,57.4
2740000,-2571058.2261768896,299.8460113960027,1917.9111638977217,1.0165897710447895,57.4
2742000,-2572980.450722726,300.90420390946275,1914.8129758282487,1.0182346242706442,57.4
2744000,-2571175.8810095415,300.47176486673675,1917.4753257152852,1.016820839800749,57.4
2746000,-2570039.2220858503,300.3402917257188,1916.8187628124801,1.0171691287757758,57.4
2748000,-2571746.602665674,300.0663087291001,1916.953067771416,1.0170978641943063,57.4
2750000,-2569132.2092691455,300.25367667822246,1920.3483017243313,1.0152996043688105,57.4
2752000,-2569593.7215177193,299.54610317756914,1917.9584551260473,1.0165647049236506,57.4
2754000,-2571627.3829633873,300.29116945703794,1914.5074295504637,1.0183971296725849,57.4
2756000,-2574412.606899062,300.1501061792865,1913.7223109572844,1.0188149345532451,57.4
2758000,-2570826.327682633,298.98294332107065,1916.748211224449,1.0172065686945462,57.4
2760000,-2570553.9318384994,301.2594852642208,1914.3637472080304,1.0184735653475354,57.4
2762000,-2572378.1634240076,300.40370265724397,1918.1005171507743,1.0164894141664893,57.4
2764000,-2569395.4649335667,299.7016289149903,1918.6175034762925,1.0162155132319852,57.4
2766000,-2572651.728765391,299.5262004963065,1916.3836740173247,1.017400063163659,57.4
2768000,-2570282.4528543036,300.2763541683979,1920.9976568978493,1.0149564024661948,57.4
2770000,-2573151.3327575065,301.043833740895,1918.0145497098329,1.0165349742972472,57.4
2772000,-2572085.1232678425,301.55866944325635,1918.4212388335172,1.0163194774556135,57.4
2774000,-2573657.8755979463,299.91953937749236,1916.99790280815,1.0170740761557089,57.4
2776000,-2572606.332784744,299.1747247254411,1916.7717374851402,1.0171940836049322,57.4
2778000,-2574665.628209628,299.73795086764915,1913.3106273557364,1.0190341511276846,57.4
2780000,-2573916.654080108,300.22891132639757,1914.9398234813405,1.018167175324833,57.4
2782000,-2571831.416094251,300.1542584526225,1915.2196310964018,1.0180184242759007,57.4
2784000,-2571647.4359145723,299.42180011986017,1919.8263940206018,1.015575615099137,57.4
2786000,-2573288.0459772144,301.6290417309385,1915.9852053538973,1.0176116525027659,57.4
2788000,-2571996.399736317,300.36345337015143,1919.3917050176171,1.0158056148175003,57.4
2790000,-2570358.906981025,300.5424780215452,1916.3157667608614,1.0174361161191339,57.4
2792000,-2573151.7559117842,300.1279968178394,1913.9636025464827,1.018686493513755,57.4
2794000,-2572867.7388411593,300.2616820281589,1915.5314561842376,1.0178527033301321,57.4
2796000,-2573678.131039558,299.83005054421636,1915.0202199344299,1.0181244305910198,57.4
2798000,-2569637.6271208376,300.6479125273994,1913.7827670248378,1.0187827503651705,57.4
2800000,-2572637.8135788236,299.2247028880682,1914.4845242920162,1.018409313970322,57.4
2802000,-2573106.3553064745,298.9513889059876,1915.7526782105483,1.0177351665311094,57.4
2804000,-2571517.5478852633,300.76411945132156,1913.6863354142224,1.0188340873369965,57.4
2806000,-2575462.6823822595,299.38721427491765,1913.102554921959,1.019144983092956,57.4
2808000,-2573143.793676313,300.0116361044905,1912.0813611764345,1.0196892823595296,57.4
2810000,-2573340.2885437123,300.5271862682917,1914.9993236114287,1.0181355402852608,57.4
2812000,-2573051.889637323,300.0103540915481,1915.906161720368,1.0176536356249786,57.4
2814000,-2572364.115258768,300.71134350259933,1920.4408549527413,1.0152506732830415,57.4
2816000,-2569533.4167598374,299.94795011469756,1918.5986981537274,1.0162254737623142,57.4
2818000,-2571151.0659037456,299.66133320889384,1916.2149518690012,1.0174896449322357,57.4
2820000,-2569618.9661954157,301.17431617292954,1918.112382037802,1.01648312645771,57.4
2822000,-2574623.529388843,300.7206587045407,1917.2541206538422,1.0169381564954538,57.4
2824000,-2572466.3142236024,300.26195021019794,1913.8029163214755,1.0187720242054017,57.4
2826000,-2574174.517896574,299.8076343420704,1911.2663650521874,1.0201240950200017,57.4
2828000,-2573688.0275605544,300.8480000993196,1914.863744407901,1.018207627923892,57.4
2830000,-2572762.341390388,300.4294716851137,1917.511592170519,1.0168016083720484,57.4
2832000,-2575305.775739232,300.1208221900987,1916.808250662812,1.017174707129331,57.4
2834000,-2572083.729909282,301.35077342147775,1916.760971813371,1.017199796773027,57.4
2836000,-2574251.5633761026,299.6824304732135,1913.3440521708444,1.0190163492963562,57.4
2838000,-2574559.970475236,299.7136329927944,1915.1670140717288,1.0180463931685113,57.4
2840000,-2572689.2484538555,300.4901637177791,1916.0300168281667,1.0175878529390943,57.4
2842000,-2572831.5354547445,301.2709259731705,1916.2959865586463,1.0174466181982798,57.4
2844000,-2573380.7520647254,299.57646868749157,1913.3196589104184,1.0190293409211855,57.4
2846000,-2571516.0052509718,300.07224139729607,1915.6372991457727,1.017796464842515,57.4
2848000,-2568997.9893877674,300.32679048333307,1918.745924303914,1.0161474983710295,57.4
2850000,-2573160.963021755,299.20456252843707,1913.9186783825253,1.018710404476939,57.4
2852000,-2570503.1343329493,300.37709581672226,1919.485281473299,1.015756093474454,57.4
2854000,-2571622.658033792,299.78334170589477,1919.7230225692745,1.0156303008657976,57.4
2856000,-2571023.5234427415,300.0306747558448,1914.3362854120217,1.0184881756923871,57.5
2858000,-2573240.1295414455,299.9910406544411,1918.2804744400173,1.0163940554939932,57.5
2860000,-2573221.9938513897,299.8584302257184,1915.3572763759455,1.0179452653763479,57.5
2862000,-2569567.6802823674,299.5649062760891,1915.6172850440985,1.017807098637736,57.5
2864000,-2570940.824355822,300.3315016976669,1918.2755042689512,1.0163966889281977,57.5
2866000,-2571989.0196599904,300.35712901186383,1917.0486631690876,1.017047145672306,57.5
2868000,-2573905.7055903934,300.4494831953242,1915.9346547534458,1.0176385014769378,57.5
2870000,-2574984.702853281,299.87675035019066,1917.403623100617,1.0168588645087362,57.5
2872000,-2570672.4594324194,300.7932210317101,1916.5871755630374,1.0172920365170748,57.5
2874000,-2574232.728871407,300.4932156953462,1912.7563869442677,1.019329426527666,57.5
2876000,-2572823.1991724297,299.335468434349,1915.935331617608,1.017638141964265,57.5
2878000,-2573290.645465458,300.4212650322464,1914.1369329455404,1.0185942486312722,57.5
2880000,-2573193.9722402487,298.49502895655917,1914.489480866069,1.0184066773294678,57.5
2882000,-2573102.1440087203,299.47476472332403,1915.448457195268,1.0178968082732742,57.5
2884000,-2571901.5760734864,300.26271660934106,1915.988045232455,1.0176101441982026,57.5
2886000,-2569912.4133525714,299.7680656600645,1918.9404325321182,1.0160444993168891,57.5
2888000,-2571609.903643394,300.4490934102338,1914.1516545538561,1.01858641469318,57.5
2890000,-2570743.4579956457,300.77865565861276,1916.877211883108,1.017138113440062,57.5
2892000,-2570256.3884919044,300.24339707680906,1920.124116134587,1.0154181464665115,57.5
2894000,-2569781.797391627,300.43665880673313,1912.2580522779165,1.0195950638923854,57.5
2896000,-2570419.628344048,300.0183057736219,1915.77316545865,1.0177242828872444,57.5
2898000,-2572784.0934549514,300.21900290558324,1918.8215684167435,1.016107439630142,57.5
2900000,-2572049.7601224743,300.1297534238435,1916.3561087824066,1.0174146976418845,57.5
2902000,-2574782.5370671153,300.7515766647683,1911.4084513654636,1.0200482631528558,57.5
2904000,-2572248.651850147,300.0382070300457,1916.7422921621771,1.017209709914442,57.5
2906000,-2571473.1691649873,299.43588385189554,1916.9109649125696,1.0171202036396918,57.5
2908000,-2575261.005963385,301.11567905008144,1917.770166234948,1.0166645124211238,57.5
2910000,-2572286.496315472,300.2760405918813,1916.4106355802105,1.0173857495842653,57.5
2912000,-2572748.6281921286,299.3982030124606,1916.6119444983453,1.017278889755304,57.5
2914000,-2574508.541201029,299.5102144949899,1916.7990882708282,1.0171795692734336,57.5
2916000,-2572302.555142099,300.2720119490557,1914.9941475683245,1.0181382922066957,57.5
2918000,-2571262.982945908,300.2622105195724,1915.4938746008997,1.0178726733841756,57.5
2920000,-2574358.6163110863,300.07236995259524,1914.9703895978485,1.0181509236811133,57.5
2922000,-2570844.137411896,301.9253696950081,1916.1256251903765,1.0175370786543894,57.5
2924000,-2573584.1924197674,300.8834628095019,1914.8012203817607,1.0182408754692076,57.5
2926000,-2572880.9047963023,300.41938731599083,1913.652442655176,1.0188521319397994,57.5
2928000,-2573636.8358544726,299.38142504326527,1916.5256291770534,1.017324705346223,57.5
2930000,-2575304.629867632,299.55583708125596,1916.554802307429,1.0173092199835152,57.5
2932000,-2573750.311619213,299.3337805628235,1917.315052590642,1.0169058383788265,57.5
2934000,-2573269.832416814,300.9179988705743,1913.7076986959084,1.0188227137925343,57.5
2936000,-2574861.155233877,299.33991664598426,1913.974401625113,1.0186807458530058,57.5
2938000,-2571103.7444176096,300.79472679298135,1916.4900223608147,1.0173436064067116,57.5
2940000,-2573530.80392899,300.9901636743114,1918.1248700985057,1.0164765085866918,57.5
2942000,-2572862.4132169746,301.48624692201713,1920.026976673227,1.0154695192716863,57.5
2944000,-2571243.169043239,301.1000702800888,1915.9227259478778,1.0176448374380171,57.5
2946000,-2573096.9029712975,301.3430524784319,1915.3032828744895,1.017973961839023,57.5
2948000,-2573453.235893177,301.2647437540355,1914.500718298285,1.0184006996477173,57.5
2950000,-2574688.792252695,300.54663256885686,1913.3053152557256,1.0190369803736405,57.5
2952000,-2576505.7792861685,300.6948059144287,1914.0924510498767,1.0186179199032979,57.5
2954000,-2571631.589193953,298.95891910842835,1918.0933966307527,1.016493187670552,57.5
2956000,-2574329.546528116,300.35928413696064,1915.603220198975,1.0178145716358271,57.5
2958000,-2574464.360113213,300.22832811388463,1916.3530887325694,1.017416301022342,57.5
2960000,-2574880.081480257,299.19068119901567,1917.017937523416,1.017063446735336,57.5
2962000,-2572424.866160281,299.5031650411795,1911.7033393490942,1.0198909165764618,57.5
2964000,-2571972.910658825,300.36028284612553,1913.8031010159855,1.0187719258872416,57.5
2966000,-2573739.047482999,302.1242728006645,1915.6101792456152,1.0178108741094976,57.5
2968000,-2570600.9909932185,299.6678925622474,1916.2988787771653,1.017445082593378,57.5
2970000,-2571406.2720047776,299.4983249101376,1919.4286720867094,1.0157860509978631,57.5
2972000,-2570827.1673631202,299.3992678953933,1917.1380059141327,1.0169997490928453,57.5
2974000,-2571803.6443088166,298.92824784185547,1915.7713377128475,1.0177252538493051,57.5
2976000,-2572888.117888255,300.5092807935429,1917.5840885859848,1.0167631670477353,57.5
2978000,-2573436.7532711886,300.69306295183804,1916.164919221205,1.0175162124267818,57.5
2980000,-2569750.2063584346,299.7344154306954,1920.131923283299,1.015414017833276,57.5
2982000,-2568664.880344376,299.42050121998705,1920.479313525257,1.0152303423732707,57.5
2984000,-2571671.5265305284,301.1044000699091,1915.2129612061033,1.0180219696107276,57.5
2986000,-2572651.2605928406,300.51759298118003,1916.6001550182418,1.0172851472885713,57.5
2988000,-2569022.2073637955,300.5506087731453,1915.3704983374937,1.0179382384156797,57.5
2990000,-2573143.9895238616,300.68579908616607,1916.9293344194323,1.017110456803319,57.5
2992000,-2573095.695400158,301.14960796836556,1914.9078332631175,1.0181841847022874,57.5
2994000,-2571981.6736170147,300.9791633216285,1917.134388478158,1.017001668067071,57.5
2996000,-2571407.976160247,299.9952828903904,1914.2674753686213,1.0185247861538163,57.5
2998000,-2572273.552534787,301.0274000281335,1917.420515386066,1.0168499060825267,57.5
3000000,-2572550.362718979,301.05462757787365,1916.0562227578348,1.0175739353747826,57.5
3002000,-2571488.7837063596,300.29399002574985,1916.8562389282101,1.017149242282875,57.5
3004000,-2573191.604485767,300.640929759478,1913.24836844398,1.019067311462923,57.5
3006000,-2571047.8636520673,300.35566405492517,1916.5356336968794,1.0173193948030717,57.5
3008000,-2571704.6765395384,299.7344146614315,1916.5903877257958,1.0172903315583028,57.5
3010000,-2572714.154943051,299.15760524820007,1915.94381332435,1.0176336369739676,57.5
3012000,-2572802.8832546864,300.3672099587295,1915.1254939128773,1.018068464540908,57.5
3014000,-2569508.2863077726,300.1585735793582,1917.3064415855638,1.0169104055054727,57.5
3016000,-2573154.8988726772,299.7097559629543,1915.8923263337206,1.0176609844886535,57.5
3018000,-2570824.4755089246,300.61520625094226,1912.8439563635181,1.0192827619340337,57.5
3020000,-2572877.7883384507,299.6782447952844,1917.0149995317267,1.0170650054732462,57.5
3022000,-2575219.795167109,300.7334115857682,1915.6096422400378,1.0178111594338684,57.5
3024000,-2570723.6421497837,301.45229226442035,1913.7273186143348,1.0188122686165986,57.5
3026000,-2571029.732583957,299.85482250375105,1921.7628771021175,1.0145522604386468,57.5
3028000,-2573932.1577833723,300.27744768356155,1915.078882703091,1.0180932433650107,57.5
3030000,-2573033.997999452,300.5370864246359,1915.547530547061,1.0178441619948777,57.5
3032000,-2574032.876433259,300.31898205407407,1915.5224448858012,1.0178574916710355,57.5
3034000,-2571076.611150099,300.147690272991,1914.8990003207225,1.0181888813271482,57.5
3036000,-2572988.735735059,300.31237552364286,1915.8436305555174,1.0176868507925607,57.5
3038000,-2572094.2496351767,301.242524429085,1914.853185171023,1.0182132427123352,57.5
3040000,-2572651.6571193263,300.603039787995,1916.852034119485,1.017151473502569,57.5
3042000,-2573231.109942572,299.0576852467674,1914.932014353029,1.0181713274294797,57.5
3044000,-2572659.259360276,300.87151550973806,1915.705054608878,1.0177604669885363,57.5
3046000,-2573068.2893910203,300.1550320049696,1914.5552991964598,1.018371666678593,57.5
3048000,-2572770.8117410615,300.17051774093244,1913.7799529281006,1.0187842484230896,57.5
3050000,-2574120.5908674095,300.5507329936954,1918.7120839727274,1.0161654201677213,57.5
3052000,-2572785.6538019814,300.11700351372923,1915.69737168506,1.0177645487272537,57.5
3054000,-2572383.913406335,299.86091702525727,1915.092526639,1.0180859900345482,57.5
3056000,-2571482.38715188,301.3819551659491,1916.1914122259532,1.0175021443844792,57.5
3058000,-2573413.1061316635,300.7220237315142,1916.005992551447,1.0176006121957253,57.5
3060000,-2569596.0231425464,301.49109183359576,1920.699453421022,1.015113982314257,57.5
3062000,-2574970.9549234062,300.8937732178584,1914.5107279692095,1.0183953751249952,57.5
3064000,-2573102.033391325,300.8258799083789,1917.501418242882,1.0168070033438,57.5
3066000,-2573305.4024866223,300.16208383695795,1915.9092472470898,1.0176519967177649,57.5
3068000,-2571785.683759436,300.85382740047737,1916.0649962900527,1.0175692759724535,57.5
3070000,-2570714.8951603286,300.5729890456634,1918.041864428617,1.0165204978838425,57.5
3072000,-2572682.9901680667,300.3898213213425,1916.2673106314674,1.0174618437490002,57.5
3074000,-2572084.870010117,300.4084490419173,1915.0372725881507,1.0181153645933976,57.5
3076000,-2572979.4497488737,300.00860496791245,1913.1477560837002,1.0191209041701066,57.5
3078000,-2571754.6017479915,299.76272032404785,1915.2521611868895,1.0180011334814398,57.5
3080000,-2574734.251070548,300.8540993455999,1915.9893485525045,1.0176094519857408,57.5
3082000,-2570308.6582881995,300.63386729213875,1918.3556556127473,1.0163542225793696,57.5
3084000,-2572386.404052729,299.5595302251467,1918.0520864116077,1.016515080483912,57.5
3086000,-2574150.66021117,300.14735684576084,1915.0595822631296,1.0181035039583106,57.5
3088000,-2573028.8961772583,299.8973324530542,1918.2530140836266,1.0164086054739974,57.5
3090000,-2572173.2043066956,301.3508619440144,1916.1536857950218,1.017522177602408,57.5
3092000,-2570015.1436429117,301.52660612377315,1917.2246200089673,1.0169538042871114,57.5
3094000,-2569971.637349874,301.6660256820996,1919.0299330972728,1.0159971125850082,57.5
3096000,-2570940.0491851475,300.5830582520398,1918.2564748616724,1.0164067717439234,57.5
3098000,-2571838.9091530517,300.906766425534,1915.0961291810415,1.0180840748839064,57.5
3100000,-2572616.5014633816,299.4860132583689,1917.1314661544218,1.0170032183040614,57.5
3102000,-2571417.499077797,299.77830861034755,1919.1323595503975,1.0159428875701941,57.5
3104000,-2570670.858223453,300.929220734433,1919.8697340684707,1.0155526890146263,57.5
3106000,-2573723.417081615,300.64429134903133,1915.6077419140247,1.0178121691254562,57.5
3108000,-2572491.9834337607,301.18458376668127,1916.5787938622914,1.0172964854014352,57.5
3110000,-2569062.4538071007,298.93937514003653,1918.7278743976917,1.0161570574999181,57.5
3112000,-2571790.0062562823,300.0211286656524,1918.1831597130351,1.0164456199702614,57.5
3114000,-2572695.6063205376,299.60224288491,1920.0784598336402,1.0154422914363403,57.5
3116000,-2570509.3576292545,299.2334070830056,1915.0838167832717,1.0180906203186195,57.5
3118000,-2571070.4919670243,301.2342662540885,1918.5073992744337,1.0162738344029347,57.5
3120000,-2571259.9408705495,300.96794016431926,1917.4861063529079,1.0168151229525462,57.5
3122000,-2574064.2806503493,299.8963157734955,1912.7494486995868,1.0193331240098304,57.5
3124000,-2575020.350628393,299.9844297426349,1917.838557876205,1.0166282573597545,57.5
3126000,-2573053.418877853,301.0431036817142,1915.00650243766,1.0181317235785736,57.5
3128000,-2569873.9487792794,299.98136253095805,1915.5126659474195,1.017862687964367,57.5
3130000,-2573160.535564037,299.189498467409,1915.6901304724117,1.0177683958262211,57.5
3132000,-2575149.023407189,300.66665616066064,1915.686052660488,1.0177705622919082,57.5
3134000,-2572627.784420479,300.51528817699875,1915.0354450204384,1.0181163362071461,57.5
3136000,-2577440.792214321,300.15254167480765,1916.2262448960114,1.017483648491015,57.5
3138000,-2573675.244103277,299.57447090958243,1915.645500617026,1.0177921073408556,57.5
3140000,-2569502.3624522816,300.14286883022424,1917.5730501062828,1.016769020029232,57.5
3142000,-2569963.2292954884,300.9094883430698,1918.6022557229035,1.0162235894257297,57.5
3144000,-2571573.892838994,299.4173741471076,1915.3938869144229,1.0179258085301293,57.5
3146000,-2569451.7155621387,299.73029485656815,1916.8805094284962,1.0171363636914061,57.5
3148000,-2571147.389724789,300.5781398793776,1916.8561555172103,1.017149286543596,57.5
3150000,-2571161.683756558,300.19375916357706,1917.1681289985906,1.0169837697069626,57.5
3152000,-2573877.2198621854,298.76737374634547,1917.716319373484,1.0166930589754826,57.5
3154000,-2571106.396130439,298.68877730722886,1915.5748067672341,1.0178296687256168,57.5
3156000,-2571287.431340415,300.199611389198,1915.3309421640001,1.0179592612794983,57.5
3158000,-2571964.6822453327,300.7850812650584,1915.8324947230283,1.0176927661271884,57.5
3160000,-2572184.7274753302,300.76285216165746,1917.9136369742878,1.01658846019101,57.5
3162000,-2572491.2703258544,300.47707257833326,1916.7829926128907,1.0171881107590743,57.5
3164000,-2570975.62360847,300.5122373556496,1915.3390969624415,1.0179549271892003,57.5
3166000,-2571581.1494727544,300.473300038949,1917.7468856852192,1.0166768542525277,57.5
3168000,-2569164.5186330117,299.6668307641832,1916.8940921081996,1.0171291564922709,57.5
3170000,-2574546.8798881546,301.3462530350664,1916.7675539373172,1.0171963037385552,57.5
3172000,-2573381.0202479996,300.02864104384565,1916.3963411636096,1.0173933382732208,57.5
3174000,-2572945.291120637,300.27118436901264,1914.285724495653,1.018515076428685,57.5
3176000,-2570310.5587135777,300.3941055173536,1916.1739858301517,1.0175113979257693,57.5
3178000,-2570409.632013006,299.6270540353044,1920.3508465145783,1.0152982589248072,57.5
3180000,-2573260.4717348646,300.0791207076552,1916.5515325280542,1.0173109555886628,57.5
3182000,-2574245.7399447914,300.4156730922704,1916.6098059916958,1.01728002481037,57.5
3184000,-2571351.283399759,301.1228921988025,1919.3155054410836,1.0158459437563694,57.5
3186000,-2575627.82581931,300.18301348634526,1917.033618120804,1.017055127547673,57.5
3188000,-2571252.0674934387,300.337027642351,1913.7861730700588,1.0187809371949392,57.5
3190000,-2570320.292893924,300.4189588998871,1914.4317802465823,1.0184373719182107,57.5
3192000,-2571684.3539339676,300.6875686878753,1917.223532181615,1.0169543813038993,57.5
3194000,-2571071.04812696,300.844186846838,1922.0266823546062,1.0144130093982295,57.5
3196000,-2574204.444089975,300.7957569563882,1917.9427420111344,1.0165730333255756,57.5
3198000,-2572706.6057418566,300.83602973318216,1916.7534368504248,1.017203795494318,57.5
3200000,-2571748.4765209593,299.1821631538469,1914.5204673780652,1.0183901944183358,57.5
3202000,-2573335.874905819,300.0401526533907,1914.816471020109,1.0182327656458494,57.5
3204000,-2571534.2443653177,300.4977167898445,1916.439074431866,1.0173706521659363,57.5
3206000,-2570987.2145945616,299.7767886957791,1920.0765458512435,1.0154433036557098,57.5
3208000,-2572381.677442327,299.98012128637873,1916.1826371148302,1.017506804010452,57.5
3210000,-2573158.2357523795,301.42220767324784,1916.8401021070365,1.0171578051021795,57.5
3212000,-2573482.3168701325,300.32728935707195,1914.7808976952292,1.018251682653544,57.5
3214000,-2572837.1093598213,299.2404250062679,1917.2612529260032,1.0169343734535279,57.5
3216000,-2572860.4945118707,299.9084814695135,1915.548059046229,1.0178438811719612,57.5
3218000,-2570962.9854095466,300.35278441448736,1920.2387296281092,1.0153575390954817,57.5
3220000,-2571746.8944852203,300.86834477803586,1914.5769396871353,1.018360156009003,57.5
3222000,-2574917.8101884946,301.1799482005676,1915.551129334239,1.0178422497491206,57.5
3224000,-2572924.4603164345,302.5611534985395,1918.497069179779,1.0162793065014193,57.5
3226000,-2571522.873837253,300.57176332759883,1915.1369790459314,1.0180623591542428,57.5
3228000,-2571423.517990157,300.3499450898508,1915.9838223503311,1.0176123870395233,57.5
3230000,-2571080.9705420937,298.64621238234355,1917.6853658254024,1.0167094695181327,57.5
3232000,-2575013.5805066954,300.78940711494005,1911.836076796054,1.0198201062606158,57.5
3234000,-2575090.3576707263,299.4471267316923,1914.5526502754724,1.018373075668876,57.5
3236000,-2572221.5786823593,301.3616524664966,1916.1075807857553,1.0175466610238493,57.5
3238000,-2573105.0479260553,300.58863861001157,1913.4671700019694,1.0189507829334872,57.5
3240000,-2575144.8419033643,300.9125064160202,1912.8862816859641,1.019260208857055,57.5
3242000,-2572889.564153863,300.42517988252513,1914.7892938560788,1.018247217721063,57.5
3244000,-2571937.0723970216,300.7154755213919,1917.0486627660957,1.0170471458861046,57.5
3246000,-2572172.607274255,300.9627982638331,1917.4294040556615,1.0168451922490866,57.5
3248000,-2569715.1408495847,299.24464420634916,1919.2034870456332,1.0159052357665248,57.5
3250000,-2573679.3534377497,299.861393518224,1915.2516093239367,1.0180014268095376,57.5
3252000,-2572927.0266792066,301.08146515288945,1917.022697586937,1.0170609213157793,57.5
3254000,-2572405.868998917,300.9511269756358,1917.3775077206988,1.0168727144967868,57.5
3256000,-2572828.194454897,300.3099378003644,1916.959589888124,1.0170944036983167,57.5
3258000,-2573576.3498659655,299.55391773607397,1914.0324215061705,1.018649866681344,57.5
3260000,-2574193.4497139845,299.6991106488739,1914.9746187750409,1.0181486751183269,57.5
3262000,-2576153.211729273,300.20279246653865,1918.3133978632532,1.016376611435217,57.5
3264000,-2571078.8449200653,300.75977075401585,1919.1641265127523,1.0159260711765266,57.5
3266000,-2573496.698894741,300.7403810233078,1914.1146628686029,1.0186060996309672,57.5
3268000,-2569997.1970250737,300.01015887604177,1915.522402560393,1.017857514161628,57.5
3270000,-2572232.8611209504,300.3513403745458,1916.528018203295,1.017323437211662,57.5
3272000,-2572013.7703861985,300.0001205093564,1915.5080304010535,1.0178651512010692,57.5
3274000,-2570409.7296134327,300.678275686636,1915.3147516466229,1.0179678662814147,57.5
3276000,-2572038.8561383653,300.4259352178513,1918.5039982250842,1.0162756360137037,57.5
3278000,-2574633.854298264,299.40688535741725,1914.2108426878651,1.0185549196102621,57.5
3280000,-2575719.75616681,300.0901378526485,1914.394178513194,1.0184573756410393,57.5
3282000,-2572269.8139678035,300.0034023132813,1916.1571963249123,1.017520313432795,57.5
3284000,-2572026.040611349,301.1837870515885,1917.9265953832303,1.0165815916439942,57.5
3286000,-2571978.3328271974,299.98525603139575,1917.1087402178907,1.0170152741411176,57.5
3288000,-2574820.400767423,300.41524622866245,1915.1766857056055,1.0180412520386835,57.5
3290000,-2575273.7495871857,300.39300482547696,1913.6437190734569,1.0188567765033325,57.5
3292000,-2573906.2866673414,298.2338848875944,1915.6301699755147,1.0178002526531267,57.5
3294000,-2569953.086594809,299.83819356389597,1918.5161724938641,1.0162691870648104,57.5
3296000,-2571325.461927049,300.5175011663646,1917.8958232942173,1.016597902404384,57.5
3298000,-2570450.013500279,299.62911186359304,1915.498419344134,1.0178702583626342,57.5
3300000,-2571875.0950256363,299.8632931252724,1912.8155668321635,1.0192978898744536,57.5
3302000,-2572487.525622485,299.4616391508334,1915.654931922808,1.0177870964652396,57.5
3304000,-2571376.903732706,300.0236828703329,1915.038377168052,1.018114777352023,57.5
3306000,-2570474.6887390018,299.1679068983485,1920.3008619129848,1.015324686699734,57.5
3308000,-2573334.3884971794,299.1983007931848,1915.1389002983483,1.0180613378420196,57.5
3310000,-2572503.8798546884,300.3122349769794,1914.8364240596918,1.0182221554243067,57.5
3312000,-2573996.8438416347,299.88541879503157,1914.3055307034622,1.018504538444577,57.5
3314000,-2573013.7739187535,300.76401296718336,1914.7519135028622,1.0182670962444327,57.5
3316000,-2573482.1171656065,301.41824455346574,1912.6590627713279,1.019381294314937,57.5
3318000,-2574384.7336761355,300.8476630307316,1916.2052078262493,1.0174948189410313,57.5
3320000,-2570645.2182574198,299.64253152070137,1917.1519226283133,1.016992366634177,57.5
3322000,-2572243.8976513445,301.23252573278205,1917.0677740979788,1.017037006898945,57.5
3324000,-2572167.5011130683,300.99878852439383,1916.4344959884106,1.0173730827076604,57.5
3326000,-2570852.0536368787,298.6417188742672,1915.6062867401267,1.0178129422977473,57.5
3328000,-2573138.1363506764,299.33820100662956,1917.6112419946528,1.0167487696635373,57.5
3330000,-2569255.588852428,301.12503208320766,1918.0898874229272,1.0164950473778955,57.5
3332000,-2570452.2544052526,300.5677455281074,1916.5581315666484,1.017307452812437,57.5
3334000,-2571153.2963588703,301.4355162016586,1915.8705610108361,1.0176725456663058,57.5
3336000,-2570270.523087019,300.41794418737936,1915.8865238884125,1.0176640665721335,57.5
3338000,-2569964.5558276456,300.6716462028872,1913.852934006921,1.018745399056864,57.5
3340000,-2571616.282389069,300.45520738430656,1917.002563413711,1.017071603451089,57.5
3342000,-2571472.0391501375,301.13845091009097,1916.497753948508,1.01733950221129,57.5
3344000,-2570923.0847262405,300.61107381728203,1917.6410314704917,1.0167329750427447,57.5
3346000,-2573767.669205405,300.2461633163624,1916.9773531188541,1.0170849790264298,57.5
3348000,-2575224.19142635,299.7263871165731,1917.9695544201695,1.0165588220614181,57.5
3350000,-2573102.826039823,300.36967203001603,1914.5796137586337,1.0183587336769941,57.5
3352000,-2573175.71107365,300.1828358972206,1916.4423465859102,1.0173689150964649,57.5
3354000,-2572835.120427178,300.08642789835324,1918.123372287537,1.0164773023258673,57.5
3356000,-2573971.928612802,299.9107643710919,1917.5066518101821,1.016804228110724,57.5
3358000,-2571010.4993941355,300.01108590615854,1914.8884174061086,1.0181945084988906,57.5
3360000,-2574546.1678547002,301.1880826974769,1915.7701371227727,1.0177258916454663,57.5
3362000,-2572512.77001993,300.4195101987337,1913.8125570121758,1.018766892215885,57.5
3364000,-2572106.2963999566,300.2200434648891,1918.7363651131898,1.0161525608423088,57.5
3366000,-2570444.0468010176,300.51643016652105,1914.5373247302823,1.018381227571892,57.5
3368000,-2573969.7215949353,301.69962631300086,1913.8952215888032,1.018722889841629,57.5
3370000,-2572080.5935929418,300.17577149022793,1914.177587339958,1.0185726151461614,57.5
3372000,-2571031.8112536,298.91670892688677,1917.7338830021,1.0166837475587827,57.5
3374000,-2574196.2249984257,299.8774086653712,1913.1598819329752,1.019114444852935,57.5
3376000,-2572703.1006258577,301.1425944491767,1914.6820437360186,1.0183042544163767,57.5
3378000,-2571527.898508692,300.6099237474297,1917.1162616089564,1.0170112841016246,57.5
3380000,-2571265.9300019424,298.9515879771456,1917.4791561574823,1.016818808553922,57.5
3382000,-2572680.2582313046,300.7053236967784,1917.439994032555,1.0168395762365263,57.5
3384000,-2572395.269342307,300.34124460756766,1915.2048782309728,1.0180262660942818,57.5
3386000,-2572135.575012807,299.46091749920674,1913.310697270219,1.0190341138910535,57.5
3388000,-2573898.219066942,300.86966084855567,1915.1364590691871,1.0180626355673146,57.5
3390000,-2571903.183880061,300.7279496848528,1917.2739568002223,1.0169276352373624,57.5
3392000,-2576608.617685223,299.9802106172768,1912.2719181614298,1.0195876708086653,57.5
3394000,-2573894.6863399968,299.3812381249761,1916.2363766181502,1.0174782687467763,57.5
3396000,-2572662.303753916,300.1450865439504,1918.484350767877,1.0162860438296764,57.5
3398000,-2573121.151903691,300.0985314254745,1918.739032418123,1.0161511482537842,57.5
3400000,-2570967.9347986523,300.78489943035726,1917.0096675613752,1.0170678343376731,57.5
3402000,-2571352.514026668,300.1312888608279,1917.903930591015,1.0165936050770847,57.5
3404000,-2570031.3976216298,299.87944703585623,1922.374502103554,1.0142294692618656,57.5
3406000,-2569490.7216607705,300.3876991063125,1917.6991377547886,1.0167021680333768,57.5
3408000,-2573978.7598842923,301.41522463737283,1919.070410509023,1.015975682973443,57.5
3410000,-2572006.6533459686,302.3027014503881,1918.1652607051428,1.0164551047464414,57.5
3412000,-2573126.2812438104,300.30038771976297,1913.696828087423,1.0188285011370473,57.5
3414000,-2573642.5476622246,300.3171674749467,1912.20698540309,1.0196222929182697,57.5
3416000,-2572775.273622064,300.80669461028674,1915.3438886107788,1.0179523805540696,57.5
3418000,-2576973.622470392,300.4439853249235,1916.7565292053507,1.017202154412042,57.5
3420000,-2572554.8069997914,299.4592069570646,1917.7974204761583,1.0166500643779908,57.6
3422000,-2570030.9063579775,300.17835650693297,1921.6952654899642,1.0145879557516206,57.6
3424000,-2572117.488800401,298.984947195886,1915.725932154089,1.0177493754540914,57.6
3426000,-2572224.112247251,300.5490103005271,1914.3955640078461,1.0184566385586546,57.6
3428000,-2572666.755170934,300.5353139765608,1917.9106164963432,1.0165900611952468,57.6
3430000,-2572431.345339723,299.90581006350874,1914.6588923019665,1.0183165674209989,57.6
3432000,-2572819.1998048425,299.7947080526558,1918.0483993249175,1.0165170345426444,57.6
3434000,-2575053.75321874,300.6688594940136,1913.514391369501,1.018925637447446,57.6
3436000,-2572955.8279655445,300.432638492518,1918.5566744943717,1.0162477329500181,57.6
3438000,-2571873.9356824625,299.53703408613967,1915.748488583469,1.0177373922568966,57.6
3440000,-2573078.8759796117,299.24864530555107,1918.1563607503565,1.0164598209440672,57.6
3442000,-2570974.2348302715,299.55089300945576,1916.7646703610912,1.0171978340062628,57.6
3444000,-2571318.295913251,300.1978591412337,1914.737345813647,1.0182748434159332,57.6
3446000,-2571703.8104562014,301.1860736511832,1915.5200121413561,1.0178587843681322,57.6
3448000,-2574439.8844959624,300.29527445870303,1918.3497727452539,1.0163573393609402,57.6
3450000,-2573544.7047413047,300.44451921174436,1915.1699891167277,1.0180448117246457,57.6
3452000,-2573482.7316828407,299.97549259316065,1915.3990691361187,1.0179230544736535,57.6
3454000,-2572126.4769344404,299.8590792017767,1914.3959424432262,1.0184564372314284,57.6
3456000,-2570111.7450032253,300.73847870079146,1916.6683003674402,1.0172489786663934,57.6
3458000,-2569674.195642967,301.23924421555876,1917.2813627582018,1.016923707111068,57.6
3460000,-2571630.8996320628,300.084800359714,1917.033086878274,1.0170554093909767,57.6
3462000,-2573905.960749518,300.78264641488266,1912.7151546402563,1.0193514001606456,57.6
3464000,-2571003.945186762,299.703278507178,1920.0325168948507,1.0154665891514203,57.6
3466000,-2572797.7669299077,300.5110593002692,1912.8613083319299,1.0192735158051007,57.6
3468000,-2575051.3506458737,301.5418788495423,1915.0703790230905,1.0180977641070403,57.6
3470000,-2573338.3302259054,300.0462356076386,1918.7677484570434,1.016135940662378,57.6
3472000,-2574659.9066412374,300.71420667074955,1916.983409713027,1.0170817656074058,57.6
3474000,-2571702.512668526,300.38237820140193,1918.9223590451797,1.016054068993797,57.6
3476000,-2572659.9025607035,300.75849457557956,1916.3904923080527,1.0173964433745581,57.6
3478000,-2576098.9771731924,301.17694223847553,1913.7735418445757,1.0187876613195308,57.6
3480000,-2569303.7761928495,299.89779427279177,1920.8034399037883,1.0150590271166378,57.6
3482000,-2573179.225626217,302.0583153915216,1914.5850576275095,1.0183558381088955,57.6
3484000,-2572418.7926922515,299.9203047186076,1913.7568370381007,1.0187965541163544,57.6
3486000,-2571567.131724773,301.20075665718474,1915.7214392850235,1.0177517623432244,57.6
3488000,-2571330.8218810186,302.09228940486275,1919.0886079605443,1.0159660491461353,57.6
3490000,-2571388.9596921317,300.5858921362726,1917.6045532260525,1.0167523161701584,57.6
3492000,-2574053.5257641952,299.4818166863777,1917.5962990004512,1.0167566927446245,57.6
3494000,-2572095.5896895155,300.40700535070863,1915.6768950405965,1.0177754275987718,57.6
3496000,-2571759.5754924044,301.25136196898353,1914.4534527730175,1.0184258427212831,57.6
3498000,-2569306.4897220638,300.7239960186752,1919.0060463558846,1.0160097591633375,57.6
3500000,-2571876.2068861667,299.90860090096544,1918.369345328711,1.0163469697525562,57.6
3502000,-2572885.949254593,300.6297885504289,1913.9562180240628,1.0186904238613668,57.6
3504000,-2570792.832320418,299.8354247552961,1918.0718875710484,1.0165045865199929,57.6
3506000,-2570442.760642493,299.5098856674283,1914.4319318241885,1.0184372912821242,57.6
3508000,-2570852.197003562,300.44009173503383,1915.4288858265427,1.0179072088858505,57.6
3510000,-2570147.192243049,299.99015817103157,1922.5405956487493,1.0141418472014667,57.6
3512000,-2570205.6428992953,300.5690863586536,1919.0893918141378,1.0159656341739918,57.6
3514000,-2571247.3551873174,299.91124119140073,1919.4917966544951,1.0157526457728219,57.6
3516000,-2572455.775092168,300.2232519708766,1917.0768898068632,1.0170321708835879,57.6
3518000,-2571886.5170225557,300.8723776799314,1917.6516102283845,1.0167273662179057,57.6
3520000,-2573424.091887299,301.47101111088017,1915.844415138641,1.017686434025979,57.6
3522000,-2573086.4845576864,300.7774782491907,1917.1159482291635,1.0170114503465435,57.6
3524000,-2570047.1301129647,299.48096416055637,1913.8044716715144,1.0187711962487684,57.6
3526000,-2574693.837438695,301.39007019609875,1913.0495978269614,1.0191731950942273,57.6
3528000,-2573534.7651010547,299.5384005548377,1916.3971218103275,1.0173929238367967,57.6
3530000,-2572538.1270892154,300.9767461105765,1916.9093474364306,1.0171210618793691,57.6
3532000,-2572413.542162966,300.56180139112837,1913.839046957293,1.0187527911977743,57.6
3534000,-2573241.197446784,300.8048590661453,1914.804303831843,1.018239235774276,57.6
3536000,-2575107.867041506,301.2478757671405,1914.2692100462493,1.0185238631842828,57.6
3538000,-2573654.5171309747,300.3738786534667,1913.9367896100646,1.0187007646100257,57.6
3540000,-2574942.1221419033,299.66265811248513,1914.9686191650178,1.0181518649852181,57.6
3542000,-2572587.328887008,300.29407095320175,1913.0750971023324,1.019159610589368,57.6
3544000,-2571288.256813368,300.18268824070344,1914.5776753153011,1.0183597647298068,57.6
3546000,-2572731.8466047384,299.6558330259183,1914.6498299148252,1.018321387299194,57.6
3548000,-2572440.007575376,300.79228830932954,1917.1459545197354,1.0169955325490374,57.6
3550000,-2571340.709241722,300.61557600419314,1916.5089863517562,1.017333539720318,57.6
3552000,-2571766.6786996815,300.6696192855097,1916.7791141245361,1.0171901689786222,57.6
3554000,-2575318.8881336935,300.49686094126787,1913.7743064671438,1.0187872542767387,57.6
3556000,-2570997.5699923057,300.4286863114419,1919.0784979445796,1.015971401419629,57.6
3558000,-2571654.4092646856,299.67780311592566,1918.9787766248483,1.016024197214034,57.6
3560000,-2569727.296738241,300.3192516582042,1917.3757277471052,1.0168736584988172,57.6
3562000,-2572518.7879580054,300.8439543563272,1914.6081459593124,1.018343557717457,57.6
3564000,-2573859.673575798,300.58310738692177,1914.968520324656,1.0181519175367342,57.6
3566000,-2571596.2769603077,300.5884724792517,1912.6490847388586,1.019386612289747,57.6
3568000,-2572664.179014161,299.5606341485341,1917.3592032968645,1.016882422260006,57.6
3570000,-2571797.312252421,300.7065470070036,1913.2825082131835,1.0190491276752875,57.6
3572000,-2574108.390519589,301.33755827414393,1916.1331500600704,1.0175330826722073,57.6
3574000,-2571953.212937234,300.1241906860386,1917.751188978126,1.0166745729042899,57.6
3576000,-2572743.809233701,300.4088786583511,1918.3107494982569,1.0163780146157193,57.6
3578000,-2572082.543891877,300.4702560414471,1914.29683285558,1.0185091661477579,57.6
3580000,-2572532.174245041,300.2239989534322,1915.2263848898053,1.0180148343681106,57.6
3582000,-2572447.6473959945,300.9395145035639,1914.5052448470988,1.0183982917982264,57.6
3584000,-2575600.5486137774,299.4333539673697,1916.0215235680093,1.0175923636600133,57.6
3586000,-2574754.6778919734,299.61385839785805,1916.2770511283534,1.0174566719582536,57.6
3588000,-2571567.5075498875,299.72793989561944,1915.188912776706,1.0180347525948485,57.6
3590000,-2574172.329926433,301.24613281817096,1915.4063783156003,1.0179191700852608,57.6
3592000,-2571126.3254328705,299.7973340086913,1916.54409784282,1.0173149019558498,57.6
3594000,-2572395.316139208,300.40749913507887,1917.671736925011,1.016716695276233,57.6
3596000,-2572710.1898259297,299.9872754425437,1915.541843424078,1.0178471839100327,57.6
3598000,-2571190.4212122485,301.59997326747873,1919.3717967432144,1.0158161510444856,57.6
3600000,-2573162.003217332,299.4813780618324,1919.9984069432203,1.0154846295394295,57.6
3602000,-2572482.68259635,299.43140879399107,1917.4428780791502,1.0168380467971092,57.6
3604000,-2573184.734247241,301.2219744193436,1916.5031194113794,1.0173366540566113,57.6
3606000,-2571274.1252635885,299.38308940370985,1916.0824533630748,1.0175600050868898,57.6
3608000,-2572043.2223601863,299.741373454976,1917.8271871864265,1.0166342848916465,57.6
3610000,-2573080.8089348637,299.711953220169,1913.143356207517,1.0191232479598593,57.6
3612000,-2572845.696898885,299.4799917984946,1917.0893509144346,1.0170255601602645,57.6
3614000,-2571234.2800204605,300.82374699786027,1918.9883331224762,1.016019137447561,57.6
3616000,-2573473.660469599,300.1374104324125,1915.3255229398685,1.0179621414945466,57.6
3618000,-2572104.3931495734,300.11865861586887,1918.7914417327,1.0161233933951643,57.6
3620000,-2572805.7246581335,300.30224295811234,1914.7531618914368,1.018266432350499,57.6
3622000,-2572536.944027953,300.51502772498543,1917.1624192641389,1.0169867985099519,57.6
3624000,-2572050.554540882,300.4857872150804,1916.1358216849953,1.0175316639487981,57.6
3626000,-2571576.180210121,300.58149894995285,1919.7909929519906,1.0155943423783889,57.6
3628000,-2573098.7708893362,301.3178586110508,1918.3311215747349,1.0163672209991161,57.6
3630000,-2572696.566854611,299.89717037094647,1916.517845480106,1.0173288370829676,57.6
3632000,-2573276.4927369077,300.23782244561994,1915.7143825967735,1.0177555113138266,57.6
3634000,-2569817.3278282546,300.41780618605856,1916.315330213402,1.0174363478968298,57.6
3636000,-2574098.8113651294,300.4052303638406,1916.2061624679357,1.0174943120316033,57.6
3638000,-2570267.6842884775,299.63025061212886,1913.2835468446958,1.0190485744815185,57.6
3640000,-2571811.400034819,299.8793748303127,1916.1648768763962,1.017516234912597,57.6
3642000,-2571472.4520223364,299.63880582788437,1916.1812791966859,1.017507525075294,57.6
3644000,-2567990.089923268,298.20721850971563,1918.7891407354387,1.0161246119225655,57.6
3646000,-2572626.4264489077,299.42902900756184,1919.064682864397,1.0159787152566764,57.6
3648000,-2572570.105464287,300.1665169135942,1915.3013073528011,1.017975011819844,57.6
3650000,-2572613.8464718666,298.933204924147,1914.3503586368668,1.0184806883413735,57.6
3652000,-2572868.253896583,298.62885126364284,1915.2734943702305,1.0179897945239043,57.6
3654000,-2571382.8476585504,300.8201805913976,1916.9748727300566,1.0170862950406478,57.6
3656000,-2570704.681105597,299.44038322371296,1918.6288815331695,1.0162094867627602,57.6
3658000,-2572484.7617645357,300.47281700401436,1917.5429613602887,1.016784974459143,57.6
3660000,-2571094.1288581435,300.5446299761056,1915.2909576788809,1.0179805126600112,57.6
3662000,-2574329.344831573,300.66291946340067,1914.8331506350248,1.0182238960843315,57.6
3664000,-2572997.566437939,299.2949042927281,1914.5940770339419,1.0183510407655283,57.6
3666000,-2571544.8078834154,299.7119354036414,1917.0271509607294,1.0170585586197425,57.6
3668000,-2575138.3310186993,299.97847169432976,1917.301136349146,1.0169132193306014,57.6
3670000,-2570829.420136351,300.2004175521206,1916.6743250765883,1.0172457811334858,57.6
3672000,-2572471.4841121547,301.16001297170493,1916.4394446280116,1.0173704556417542,57.6
3674000,-2573071.5461128987,300.4059418055479,1915.4502691430014,1.0178958453791473,57.6
3676000,-2573061.320093492,300.88731818555726,1916.746399280199,1.0172075302832015,57.6
3678000,-2571373.407205919,299.5144938526203,1915.2890302204953,1.0179815371085639,57.6
3680000,-2570477.832468739,300.49318009522835,1915.4941836698592,1.0178725091483087,57.6
3682000,-2573547.7740750145,300.9020164905926,1913.9123969604275,1.0187137478640533,57.6
3684000,-2573469.4928806946,300.12545839737476,1920.194169191728,1.0153811016995926,57.6
3686000,-2572412.1829303186,300.8092714643846,1913.538015509302,1.0189130580048058,57.6
3688000,-2572542.8805670496,299.31534355989714,1917.2141524383612,1.0169593566328083,57.6
3690000,-2571960.836488679,300.2125052883839,1912.8159714295437,1.0192976742733386,57.6
3692000,-2576520.371330101,300.6895109021466,1914.2744725782543,1.0185210631603023,57.6
3694000,-2568698.4078013357,300.63255009612294,1917.8002060694164,1.0166485876998903,57.6
3696000,-2570473.451901803,300.3291255321263,1921.8977465483754,1.0144810640902402,57.6
3698000,-2573454.907754069,300.06429459187586,1918.5570154198308,1.01624755236392,57.6
3700000,-2573981.480912747,300.8952512907667,1913.5833331566912,1.0188889280169016,57.6
3702000,-2575046.316851914,301.1923170297596,1914.5289676388757,1.0183856728976872,57.6
3704000,-2573286.6827438623,300.5940803309944,1917.31623397257,1.0169052117976927,57.6
3706000,-2571698.9568265527,300.65805451712043,1917.7989894608709,1.0166492326388887,57.6
3708000,-2571140.9054444004,300.1686678416134,1915.852248639993,1.0176822729284505,57.6
3710000,-2571119.202762725,298.8857775896988,1915.525676612979,1.0178557744203824,57.6
3712000,-2575218.8963999692,300.52370966196986,1912.177033599912,1.0196382639950563,57.6
3714000,-2572892.06722836,300.7157369491409,1916.3350067255394,1.0174259010811226,57.6
3716000,-2568190.9173273835,301.309244178082,1917.3479303057836,1.0168884009904677,57.6
3718000,-2573021.5629987456,300.89250141127076,1913.7682411667613,1.0187904831163597,57.6
3720000,-2574053.4795446806,299.8712737271934,1913.3443243372208,1.019016204344931,57.6
3722000,-2572018.151239123,300.3777713537821,1915.1313492096422,1.0180653519121112,57.6
3724000,-2572467.4318576455,300.10943521777,1915.9506885718504,1.0176299852708415,57.6
3726000,-2571931.359368667,300.32016811318687,1918.0802415651904,1.0165001592425635,57.6
3728000,-2572166.286275573,299.888740685196,1916.7242671552926,1.0172192758245409,57.6
3730000,-2568538.3354704753,299.5115402021368,1916.2676675947994,1.0174616542156818,57.6
3732000,-2571034.863957474,300.210882516697,1914.6791382139174,1.018305799691226,57.6
3734000,-2572242.315702155,300.97569311336446,1922.6776852899131,1.0140695374518993,57.6
3736000,-2572200.336000109,300.01236909683695,1918.8767546754757,1.016078216717349,57.6
3738000,-2573342.179095244,300.3596569885577,1917.3090784450762,1.0169090069568996,57.6
3740000,-2571391.118755592,300.03180326297837,1916.9254318503142,1.0171125274857735,57.6
3742000,-2572812.851601118,300.7867525426481,1915.0252701349718,1.0181217456486162,57.6
3744000,-2571258.091647636,300.0884869182457,1917.664006727866,1.0167207937108218,57.6
3746000,-2574244.7215814907,299.84594997922596,1913.5457568648742,1.0189089359354742,57.6
3748000,-2573271.827130843,299.9247739682274,1915.5432344488527,1.0178464447721087,57.6
3750000,-2575739.234120259,299.47653688474634,1916.0392969399666,1.0175829243715766,57.6
3752000,-2572383.741230853,300.0837373754943,1916.0749388481465,1.017563995781457,57.6
3754000,-2574792.119625004,300.87127774545957,1916.004242941109,1.0176015414236004,57.6
3756000,-2573325.206596965,300.71227615724325,1918.677563075032,1.0161837030429612,57.6
3758000,-2573605.367556829,300.1833053282601,1916.251842601903,1.0174700567247321,57.6
3760000,-2571110.989044247,299.7782916641305,1915.901455104227,1.0176561355996065,57.6
3762000,-2567466.913630042,300.95044318954217,1917.9034567824451,1.0165938562215104,57.6
3764000,-2573259.532323487,300.1581687633501,1918.1845408374834,1.0164448881126813,57.6
3766000,-2574547.6658669934,300.5876513904496,1915.3187871867958,1.0179657214425262,57.6
3768000,-2573333.080012683,299.5699881781197,1916.2261404147944,1.017483703968773,57.6
3770000,-2574151.32542675,299.33656847928285,1914.0571001760431,1.0186367328392172,57.6
3772000,-2572161.5834124032,299.9624311354402,1920.7331211455091,1.015096188807443,57.6
3774000,-2569213.9745971337,298.75955898422063,1918.72738605598,1.0161573161254427,57.6
3776000,-2572479.16263254,300.4401603998128,1919.2376090097102,1.0158871740727577,57.6
3778000,-2573426.450129697,300.76376150135417,1914.6655004234879,1.0183130528856281,57.6
3780000,-2572148.256313922,298.8733920280728,1918.1404146390291,1.0164682710978414,57.6
3782000,-2574395.179254107,300.8177146646933,1918.0933637502071,1.0164932050955908,57.6
3784000,-2572504.801063711,301.2162615870293,1918.0712950860195,1.016504900514447,57.6
3786000,-2572698.305153299,301.97601402279304,1918.773045533,1.0161331354586711,57.6
3788000,-2571991.5732523873,300.77479666940485,1912.5426560907943,1.01944333883577,57.6
3790000,-2571118.7130658384,299.11263511209876,1914.6046997372712,1.0183453907005344,57.6
3792000,-2573363.6212101746,300.28527526684,1914.161290934817,1.0185812868668154,57.6
3794000,-2575721.611185059,300.1123073977973,1915.7692534001812,1.0177263611108576,57.6
3796000,-2576618.412367249,300.5447024971981,1915.977627507288,1.0176156772392242,57.6
3798000,-2574813.0532928146,299.33544639149136,1917.7864135835518,1.0166558993124744,57.6
3800000,-2571215.5131628606,301.9511943291402,1912.728187499419,1.0193444545510588,57.6
3802000,-2573163.109720461,299.83074281180825,1918.0086728930855,1.0165380889806401,57.6
3804000,-2574716.2175449673,299.9742356937801,1917.330520878288,1.0168976343723468,57.6
3806000,-2571675.0783626195,300.5889523897327,1915.6353949359138,1.0177974765684772,57.6
3808000,-2572923.959749462,300.32429829382266,1917.1748564690326,1.0169802010558153,57.6
3810000,-2575164.161335297,299.5695719234266,1916.5609912493567,1.0173059348975129,57.6
3812000,-2571754.63746015,300.1871956450906,1915.199707596992,1.0180290145497999,57.6
3814000,-2574457.2239703406,299.02472318019136,1913.0924310875316,1.0191503762746437,57.6
3816000,-2574209.075379325,301.6802272517392,1913.2763899084146,1.0190523864063157,57.6
3818000,-2571523.1815829594,301.76109530603617,1920.0155572100211,1.015475558866922,57.6
3820000,-2572127.785598064,300.3644095328727,1919.6049232979651,1.015692785180667,57.6
3822000,-2572806.2727604136,301.159867421965,1917.7640550597944,1.0166677521392171,57.6
3824000,-2571795.96742394,299.4409197529373,1917.1138055863387,1.017012586999089,57.6
3826000,-2569060.6916985773,299.8661014916007,1919.1987231142446,1.015907757497486,57.6
3828000,-2572812.4161685947,301.70575692366924,1916.0697363336897,1.017566758672232,57.6
3830000,-2574148.8520078026,301.3649705333479,1916.0303071387398,1.0175876987575494,57.6
3832000,-2574737.7080367804,300.0086537515527,1913.206141631991,1.0190898035315135,57.6
3834000,-2573739.179795865,300.79996194345125,1917.7502896401127,1.01667504967861,57.6
3836000,-2571871.203468047,300.5889141445773,1914.4133883075558,1.0184471561362698,57.6
3838000,-2574099.009049814,300.5455433360637,1915.333076463733,1.0179581269440625,57.6
3840000,-2572923.5183326844,300.111671768403,1915.4106799337012,1.0179168840483428,57.6
3842000,-2570900.864971133,299.92997807043014,1917.7693320404799,1.0166649546515307,57.6
3844000,-2572102.5953781214,299.5049223595055,1917.9313306673334,1.0165790817508746,57.6
3846000,-2572095.579196777,299.5727108340951,1913.639654572025,1.0188589405182853,57.6
3848000,-2569985.499269843,300.72315254957385,1914.6897008129774,1.0183001820938273,57.6
3850000,-2571785.8473935034,300.9775724306935,1916.4139676890034,1.017383980634519,57.6
3852000,-2572553.874415189,300.51446101005536,1915.8128392400777,1.0177032072529624,57.6
3854000,-2573875.2160570323,300.91035405853756,1915.1703460206998,1.0180446220056278,57.6
3856000,-2571444.221331179,300.6946724942214,1914.9512311765388,1.018161109927131,57.6
3858000,-2574887.0800557844,299.0621728134187,1917.401805966468,1.016859828192489,57.6
3860000,-2570516.198189767,299.7379992218446,1916.8286124770907,1.0171639020305647,57.6
3862000,-2573837.45061671,300.3815829321367,1919.2128158783637,1.0159002976950737,57.6
3864000,-2573763.0357443765,300.52745381271694,1919.7077469791593,1.0156383824877053,57.6
3866000,-2570968.5335066803,299.4034022388913,1919.1927794061094,1.0159109037469236,57.6
3868000,-2573949.351831455,299.8941829914745,1916.009309531126,1.0175988505338507,57.6
3870000,-2570967.860276941,299.2508637969358,1913.9714520777336,1.0186823157025047,57.6
3872000,-2570801.963381119,300.77781202679625,1918.0314995400329,1.0165259910791868,57.6
3874000,-2572982.267502308,299.86619194061313,1916.8874467964404,1.0171326825941065,57.6
3876000,-2573402.9349599667,300.0570197662299,1918.4756885976162,1.0162906324949368,57.6
3878000,-2573516.944724519,300.0112048900583,1917.7311131750212,1.0166852159805833,57.6
3880000,-2573581.114928169,300.7600529565212,1915.5147174811839,1.0178615978241279,57.6
3882000,-2574123.0643506516,300.58204298284426,1910.0046864166247,1.0207979513646812,57.6
3884000,-2575671.4588377606,298.9574666276345,1914.846053985777,1.018217034697199,57.6
3886000,-2572265.574780954,300.7103588740168,1917.104032440688,1.017017771596259,57.6
3888000,-2572681.1584118735,299.9838324740499,1918.365135742233,1.0163491999851546,57.6
3890000,-2575091.1295992397,300.04570167658204,1916.577953368212,1.0172969315255656,57.6
3892000,-2571340.2121636365,299.56071887472683,1915.0756751492124,1.0180949485659978,57.6
3894000,-2573193.116495719,300.2481353274157,1914.8212934529868,1.0182302012503188,57.6
3896000,-2573069.5560040046,299.96447834703787,1915.981316378413,1.0176137180066074,57.6
3898000,-2571876.769928409,299.84456697605026,1915.4808718949885,1.017879582927999,57.6
3900000,-2571692.0769217853,301.24916303189474,1917.0461974094085,1.0170484538274496,57.6
3902000,-2571762.723190749,300.57878084823244,1917.189122360479,1.0169726336598908,57.6
3904000,-2570815.37997899,299.7727881491291,1915.3869576762297,1.017929491049926,57.6
3906000,-2573821.6156343706,300.1571394637756,1917.7808010534816,1.016658874632596,57.6
3908000,-2574556.025854552,301.96024958410004,1916.3738659955466,1.0174052702279763,57.6
3910000,-2575568.039996907,301.1653006577733,1914.4328099961228,1.0184368241134456,57.6
3912000,-2574850.4862187933,300.17749045542223,1912.0971144237212,1.0196808814172869,57.6
3914000,-2571912.9520533215,300.26923075508125,1918.2210755169667,1.0164255287757031,57.6
3916000,-2574597.634002736,300.77752682914235,1916.0837935480577,1.0175592933650734,57.6
3918000,-2575052.501974011,300.39735534629426,1914.0605304173444,1.0186349073118963,57.6
3920000,-2575460.127310982,301.64558687031644,1913.244327353163,1.0190694639028888,57.6
3922000,-2572114.6365966424,300.4803207198087,1916.8453679658217,1.01715501081869,57.6
3924000,-2573476.495214531,300.5632155692135,1916.0743348393369,1.0175643165506498,57.6
3926000,-2571236.508992398,299.60779021356046,1917.5941003176094,1.0167578585416481,57.6
3928000,-2570651.617300229,299.3840493199811,1915.7330984210723,1.0177455683142802,57.6
3930000,-2574007.717165904,300.0328775383595,1912.0548715316008,1.019703409154389,57.6
3932000,-2574233.745274715,301.1381657952287,1917.0488070177787,1.0170470693566172,57.6
3934000,-2571799.2111008614,299.676685535035,1916.3700606387818,1.01740729050063,57.6
3936000,-2569567.683876289,300.04894770178385,1918.2024684139863,1.0164353883889594,57.6
3938000,-2572976.115625864,299.27226926343803,1914.1757310449918,1.0185736029192207,57.6
3940000,-2574117.074772315,300.7127986568843,1916.7163519737037,1.0172234764853618,57.6
3942000,-2572742.714020228,301.29228809833705,1914.8511843333142,1.0182143066485136,57.6
3944000,-2570505.59915133,300.70457669239414,1910.378524850259,1.0205981933050972,57.6
3946000,-2572002.0239499193,300.924236540727,1914.7451071161208,1.0182707159009798,57.6
3948000,-2570527.6529026274,299.83519458934506,1916.3193473833355,1.0174342150504898,57.6
3950000,-2571400.983117176,299.33050469184,1918.0222695385673,1.0165308828557507,57.6
3952000,-2572364.056995211,300.1489729728928,1917.7265203250854,1.016687650885967,57.6
3954000,-2571937.9415162187,301.6007336958368,1917.584771505474,1.0167628049425532,57.6
3956000,-2572528.035074359,299.07939089505413,1918.1277349791762,1.0164749903958807,57.6
3958000,-2572600.8932716046,299.77178551066544,1918.1107014583129,1.0164840170636027,57.6
3960000,-2571376.916520169,300.31884270364276,1915.8840256670928,1.0176653935575006,57.6
3962000,-2573074.0252602305,299.172753499885,1917.3745406341673,1.0168742880804928,57.6
3964000,-2571814.454119066,300.34419325988586,1918.671407146159,1.0161869634004017,57.6
3966000,-2571665.4825841263,300.2087525825969,1916.3205923766475,1.0174335540448116,57.6
3968000,-2576141.494526023,299.9159940525531,1918.0947231376906,1.0164924846889687,57.6
3970000,-2572232.6276268344,299.54016644073806,1919.6268830353547,1.015681166075398,57.6
3972000,-2573845.350829106,300.7296348784663,1917.1789381100502,1.0169780359224414,57.6
3974000,-2572512.793914648,300.3331191599223,1917.2320503366082,1.0169498630323424,57.6
3976000,-2571074.6902437694,301.3867098540172,1919.5635565924395,1.0157146734188578,57.6
3978000,-2571992.1970852707,300.2747704966661,1916.983200045052,1.01708187684963,57.6
3980000,-2574182.3057680186,301.0774236094467,1916.216192704501,1.0174889860622829,57.6
3982000,-2570972.5220172238,299.23260962534204,1916.6049404377713,1.017282607309618,57.6
3984000,-2573212.994889602,300.3418302265555,1916.2449727007854,1.0174737044413755,57.6
3986000,-2571370.629219178,299.83213150419385,1918.5037555577978,1.0162757645601554,57.7
3988000,-2571386.9127968773,300.330927178302,1916.9083745809442,1.0171215780813005,57.7
3990000,-2573432.521393722,299.0844360344694,1916.688002180791,1.0172385222700022,57.7
3992000,-2571208.5246753655,301.4878408503517,1914.903222482525,1.0181866363269039,57.7
3994000,-2571237.8040041886,299.0864374796695,1916.227122655825,1.017483182415649,57.7
3996000,-2573577.5857502595,300.2310303681811,1915.5783332722233,1.0178277949408998,57.7
3998000,-2574403.5459077805,300.3711042635636,1916.538799443731,1.0173177143906156,57.7
4000000,-2571703.35521633,300.1746870430637,1918.156251179697,1.016459879007206,57.7
4002000,-2572605.299111193,300.7792872878392,1915.140606032965,1.018060431097909,57.7
4004000,-2574569.4730191007,300.3952205354055,1915.0553941419116,1.0181057304948902,57.7
4006000,-2572560.951222634,301.0825280720384,1915.2474475245217,1.0180036389089444,57.7
4008000,-2572362.7122188397,300.77420125203884,1916.810776387614,1.0171733668283387,57.7
4010000,-2570513.5348700825,299.96589132629333,1919.0208641411461,1.0160019140092194,57.7
4012000,-2572497.565919401,299.89356327422485,1916.716806160802,1.0172232354430868,57.7
4014000,-2572566.299458746,300.636604496263,1917.5811332287522,1.0167647340731547,57.7
4016000,-2570561.8746570423,299.19861214618686,1915.652354999814,1.0177884655857719,57.7
4018000,-2572437.5526237898,299.81027161496706,1917.4896006588963,1.0168132699760437,57.7
4020000,-2573505.7492969036,299.89595072736574,1915.2960870903137,1.0179777863761144,57.7
4022000,-2574049.301599283,300.90847502022655,1917.3791412313276,1.016871848172359,57.7
4024000,-2570772.654663615,300.74474606243865,1918.3395835812344,1.016362737691727,57.7
4026000,-2572337.371851366,299.9602994566572,1915.924254423582,1.0176440255868149,57.7
4028000,-2571979.8553882465,300.1135085531187,1916.7911269736057,1.0171837940785076,57.7
4030000,-2572103.879909659,299.5124267020708,1918.9012630299114,1.0160652392882596,57.7
4032000,-2570560.5989298522,300.23811512829315,1918.0583842472506,1.0165117428144448,57.7
4034000,-2575213.560594002,300.402194183516,1913.4640731901172,1.018952432036235,57.7
4036000,-2570656.9275344126,299.39634454754065,1918.0497057331506,1.016516342179866,57.7
4038000,-2574538.4492925107,301.27930749573704,1915.2669722421376,1.0179932611214768,57.7
4040000,-2571807.7361516953,299.8493766644752,1917.5640531206948,1.016773790590197,57.7
4042000,-2571353.3001564853,300.85088806424744,1915.6651259640093,1.0177816804019333,57.7
4044000,-2571527.2163007986,300.1986193851747,1915.638170120778,1.0177960020853538,57.7
4046000,-2571645.173982486,300.51134574968876,1915.9918563214635,1.0176081200753846,57.7
4048000,-2570529.3063030113,299.8049794857487,1921.2182571193948,1.014839862033366,57.7
4050000,-2572583.1458220202,301.17197611930845,1917.0339615693242,1.0170549453359408,57.7
4052000,-2570816.230655469,299.9486819239517,1916.0531479146973,1.017575568356746,57.7
4054000,-2573668.7775989864,300.9301277348671,1917.4696749937364,1.0168238363391064,57.7
4056000,-2570282.7663752325,300.24966961294166,1921.0504859115536,1.014928491098905,57.7
4058000,-2572101.5187698193,302.6488133761423,1920.7093442111602,1.015108754933344,57.7
4060000,-2572660.517091077,300.5228435398427,1916.5058403177895,1.0173352097209014,57.7
4062000,-2572137.536778411,300.0604536564928,1918.823652769432,1.0161063358672868,57.7
4064000,-2573828.6064609494,300.49657655269397,1914.4100382258791,1.018448938346501,57.7
4066000,-2570209.1967284475,298.5528741954854,1916.6430297194665,1.0172623909400629,57.7
4068000,-2568757.1963992566,301.40694739696823,1914.1132672898248,1.018606842296033,57.7
4070000,-2572072.662279969,299.7088353447584,1918.3977948159834,1.0163318975134938,57.7
4072000,-2572361.7228219416,299.8758306003806,1919.2287500412315,1.0158918633066245,57.7
4074000,-2571792.536608696,299.26607623990037,1921.5443478577758,1.0146676412463111,57.7
4076000,-2573516.559756063,298.7295904131027,1920.6242477771416,1.0151537310057257,57.7
4078000,-2572758.1982099917,301.01334410378945,1921.0793311860693,1.0149132518058341,57.7
4080000,-2575132.545390846,298.2473290738761,1913.852149190933,1.0187458168151935,57.7
4082000,-2571901.3690819778,300.3661083456851,1918.2313095717295,1.0164201059914582,57.7
4084000,-2569928.120628435,300.38803327062766,1922.492497501028,1.0141672196512632,57.7
4086000,-2572572.343999706,301.40665649457395,1918.8574213378445,1.0160884541550057,57.7
4088000,-2575594.6423756685,300.39224631425816,1911.7394740834413,1.0198716391132756,57.7
4090000,-2570894.0181481186,301.17721836042483,1918.4553253198133,1.0163014198237867,57.7
4092000,-2573210.7930368986,300.4131329316186,1917.003911631321,1.0170708881505943,57.7
4094000,-2573287.315557491,299.82554332491407,1915.5950086059363,1.017818934707882,57.7
4096000,-2571656.907468535,300.6698516778097,1914.056507559739,1.01863704822214,57.7
4098000,-2572463.4240914527,300.7248852624371,1917.8149385599183,1.016640777892301,57.7
4100000,-2571741.619756514,300.1659617072466,1915.5480219735634,1.0178439008708595,57.7
4102000,-2572800.898933841,300.8891323789918,1915.0192846254388,1.0181249278502076,57.7
4104000,-2573259.0044166557,300.93695556991605,1916.480506589207,1.0173486577544149,57.7
4106000,-2570140.579313848,299.47832540710544,1919.878297108445,1.015548159447161,57.7
4108000,-2571349.8796140254,300.2729542779281,1915.1011950175866,1.0180813818421361,57.7
4110000,-2574417.822689589,299.38849101524767,1914.3397692148437,1.0184863222011533,57.7
4112000,-2571950.925470751,300.34690065013945,1915.4143924654284,1.0179149110816874,57.7
4114000,-2573625.511459928,300.32635336513823,1915.3924860349687,1.0179265530205464,57.7
4116000,-2572015.2214803863,300.5168062269156,1918.9880279237466,1.016019299036766,57.7
4118000,-2572905.792933749,299.2744536775802,1918.1879739408841,1.0164430689164141,57.7
4120000,-2573879.151068192,300.279421610236,1913.519205801692,1.0189230738210273,57.7
4122000,-2571444.4122549016,299.8031744893364,1920.3393992636918,1.015304311174685,57.7
4124000,-2573391.601519104,300.23910571914087,1912.5720214882172,1.01942768642715,57.7
4126000,-2571308.758427186,300.25515514439803,1915.5456543851828,1.01784515891208,57.7
4128000,-2570543.1220153067,299.98935766205875,1918.031434048313,1.0165260257887512,57.7
4130000,-2573094.151036948,299.9788335648235,1914.040341168762,1.0186456518468552,57.7
4132000,-2573518.4611926433,301.0287569368744,1917.3347470460906,1.016895392937956,57.7
4134000,-2573541.146373797,300.45921324303083,1915.9711690899449,1.017619107450933,57.7
4136000,-2570882.2895762846,300.688903561569,1913.3128066100985,1.01903299045254,57.7
4138000,-2571041.2367803343,299.88155262778963,1916.8215712923713,1.0171676384445487,57.7
4140000,-2570642.1210874543,300.7053755801762,1917.3516887614085,1.0168864076524937,57.7
4142000,-2573737.017827159,300.0329611388119,1913.531084480966,1.0189167486243806,57.7
4144000,-2574602.797676673,300.6639263726196,1913.9082356050744,1.0187159628239082,57.7
4146000,-2573184.3895638753,301.4390184936829,1915.8164640887444,1.017701281692668,57.7
4148000,-2570237.3449329287,300.77976914204226,1918.5864580153993,1.016231957046046,57.7
4150000,-2571418.5776657704,298.9766288227569,1918.320711858194,1.0163727362889248,57.7
4152000,-2569775.2186779473,301.2872421996814,1914.6419936118996,1.0183255551148447,57.7
4154000,-2570660.5020022746,300.46988846545116,1912.8198839618221,1.0192955893749718,57.7
4156000,-2573320.480803227,299.9117957662914,1913.61820341205,1.0188703616607504,57.7
4158000,-2571960.165228961,300.7790259963052,1918.3130440931595,1.0163767988726378,57.7
4160000,-2571658.7988115344,301.52963355860345,1916.1731180210088,1.0175118587430545,57.7
4162000,-2573286.6751017645,300.73306985951336,1914.7399645712,1.0182734507386053,57.7
4164000,-2572628.942380581,299.0594166820184,1915.39496251247,1.0179252369096365,57.7
4166000,-2573989.170412574,300.81135813074803,1917.8226175427515,1.0166367072514557,57.7
4168000,-2574630.4378458224,300.05860913327007,1915.3225589951126,1.0179637167819762,57.7
4170000,-2571062.860352583,299.86997723885725,1914.598369002834,1.0183487579206982,57.7
4172000,-2568974.602427343,299.0151198333114,1917.429546881409,1.0168451165061867,57.7
4174000,-2569950.347209301,299.9427597431594,1917.142725251695,1.01699724559373,57.7
4176000,-2569114.5081177335,299.1665217488967,1915.54866099326,1.0178435613220327,57.7
4178000,-2573295.824815927,300.4788219421108,1920.850492779086,1.015034162377814,57.7
4180000,-2573256.3542425316,300.012901669868,1913.6166671869062,1.0188711795958652,57.7
4182000,-2571859.203813914,300.2331854242935,1918.8306253514106,1.0161026435743705,57.7
4184000,-2575879.0078275353,299.87621502619066,1914.669184458577,1.018311093538787,57.7
4186000,-2574304.304720087,298.8695511778038,1915.4241062351712,1.0179097488875646,57.7
4188000,-2572686.6774814017,298.97794213369104,1918.1853359739864,1.016444466770479,57.7
4190000,-2570706.3932259604,300.3855455984951,1917.2908028672286,1.016918700113354,57.7
4192000,-2570646.288380986,301.8239975997484,1917.5810358884878,1.0167647856861746,57.7
4194000,-2573644.4561073445,299.88880408587295,1913.441775343727,1.0189643061601836,57.7
4196000,-2571891.877745142,300.1922876318357,1911.0108661574995,1.0202604838722775,57.7
4198000,-2574761.281534346,299.30341074175004,1913.1929645611401,1.0190968224881964,57.7
4200000,-2569614.2428123076,300.5474534577584,1920.577616629612,1.015178378686187,57.7
4202000,-2573991.5453158654,299.49817936870863,1916.551036708564,1.0173112187711137,57.7
4204000,-2574134.8143043146,299.4909467499765,1917.696636073138,1.0167034943459488,57.7
4206000,-2571065.7717211843,301.3431669433895,1915.9509816679881,1.0176298295970163,57.7
4208000,-2573531.1726258863,299.9029465954024,1914.9225216346806,1.0181763747426384,57.7
4210000,-2574276.594070852,301.2268187990117,1914.7640626223001,1.0182606353708383,57.7
4212000,-2575418.2984028496,300.7795096278157,1919.3259999100878,1.0158403893254024,57.7
4214000,-2574723.895076286,300.7096549325947,1917.7143290195002,1.0166941141790913,57.7
4216000,-2570641.482616065,299.30453713373464,1918.3764180514238,1.0163432226567155,57.7
4218000,-2571229.2626234423,299.3793798943342,1917.048841834568,1.017047050885354,57.7
4220000,-2571542.1557884626,299.8867027320312,1917.7981384704378,1.0166496837597618,57.7
4222000,-2570512.86241336,300.2611417970536,1918.789878738211,1.0161242211018775,57.7
4224000,-2570330.074536074,299.38334158927546,1919.6355570821693,1.0156765766282236,57.7
4226000,-2574428.3860531785,300.5583558000856,1914.5211531493824,1.0183898296363725,57.7
4228000,-2573788.2437178884,300.4407162922031,1915.7438366807346,1.0177398635765311,57.7
4230000,-2573188.967653524,300.2995881833227,1921.5092956923766,1.0146861508096352,57.7
4232000,-2574039.337117361,300.5727890141801,1918.5181712914973,1.0162681282703323,57.7
4234000,-2573451.164950447,300.21938682425906,1914.4082802860414,1.0184498735555574,57.7
4236000,-2571612.1713086944,301.03330575884536,1917.6774183306582,1.0167136831012349,57.7
4238000,-2572379.361758489,302.14233080610853,1917.7763465197631,1.0166612360869154,57.7
4240000,-2574811.0967255626,299.1669637551282,1915.3476084878675,1.0179504035459688,57.7
4242000,-2572424.7391525507,300.78259251529033,1917.177805097439,1.0169786369355227,57.7
4244000,-2574530.3260443155,299.4376109327276,1916.7739456208706,1.0171929117909029,57.7
4246000,-2574666.445903184,300.77676669444884,1913.014016887307,1.0191921511184026,57.7
4248000,-2573972.399120694,300.27326144651556,1916.1507997996669,1.017523710135379,57.7
4250000,-2570792.762607103,299.7338341040948,1915.4109555911723,1.0179167375542482,57.7
4252000,-2573254.651140211,299.9667061295928,1917.2175521223162,1.0169575533213357,57.7
4254000,-2571417.13957675,300.67705345666496,1916.5977728647515,1.0172864116797746,57.7
4256000,-2574840.832131589,299.8394020651868,1913.5919507479446,1.0188843395944271,57.7
4258000,-2573056.995290598,300.13650340414904,1915.8330041898294,1.0176924954978188,57.7
4260000,-2572135.9465022516,299.9045798225799,1917.7453789625463,1.0166776530290933,57.7
4262000,-2572556.502461903,301.05914258129985,1916.8159317828797,1.0171706310775173,57.7
4264000,-2571119.1677303202,300.0147668426135,1918.2310400905442,1.0164202487824407,57.7
4266000,-2571962.040494118,300.69623268120296,1914.9827592446936,1.0181443470332032,57.7
4268000,-2572918.0498036835,298.86719229162134,1914.6879640335796,1.0183011057758113,57.7
4270000,-2574159.9745362997,301.2455236790412,1912.284097808515,1.0195811768896825,57.7
4272000,-2574196.399200067,299.32533519425067,1916.5083171777499,1.0173338949356616,57.7
4274000,-2572979.0235412195,300.86868622189525,1914.7061342693905,1.0182914422713774,57.7
4276000,-2573715.562304303,301.1132444604198,1915.850379794901,1.0176832656419426,57.7
4278000,-2571048.746864954,301.0133242717168,1915.2405331961804,1.0180073140668633,57.7
4280000,-2573373.573082259,300.1342162850981,1916.791583559279,1.0171835517821874,57.7
4282000,-2571698.799744958,300.5497813795069,1917.0636618905312,1.0170391884995027,57.7
4284000,-2570848.3491770774,300.37890200097866,1918.0562694514524,1.0165128635921805,57.7
4286000,-2575041.531862065,301.2406276710909,1916.2612838936745,1.0174650437175004,57.7
4288000,-2571567.4056313,300.2856786417383,1918.4287879929068,1.0163154781631851,57.7
4290000,-2573898.54387285,300.7140629717864,1912.9144959460323,1.0192451754236889,57.7
4292000,-2574332.5480523147,300.22092689328065,1917.5499076832941,1.0167812911563872,57.7
4294000,-2573914.946595894,299.92587601998184,1916.9405914480453,1.017104483930938,57.7
4296000,-2570796.662994189,299.00890789163367,1917.495084396365,1.0168103620483666,57.7
4298000,-2570721.817589527,299.60679053016315,1919.1118380495168,1.0159537512793584,57.7
4300000,-2572792.6510291416,299.5622768242108,1914.5632352576786,1.0183674454234566,57.7
4302000,-2573611.447623376,301.296003273471,1916.1994202954013,1.0174978920985482,57.7
4304000,-2574357.053771857,300.7463223657188,1917.2945983578888,1.0169166870135244,57.7
4306000,-2570066.79434821,299.4860548086036,1915.1357064385054,1.0180630356565472,57.7
4308000,-2570548.3697643783,299.8487149892321,1914.7462731542794,1.0182700957966206,57.7
4310000,-2572455.7937743533,299.95617578206657,1914.6040129430805,1.018345755994712,57.7
4312000,-2570634.0697650854,299.57674319328805,1914.5116743671044,1.018394871703025,57.7
4314000,-2571927.0136803817,300.95574092707045,1916.8877303860797,1.0171325321167017,57.7
4316000,-2573521.5296636056,300.3027248729634,1915.24296148592,1.0180060233602715,57.7
4318000,-2572051.4602426253,301.1080875846995,1915.8480869444313,1.0176844835858754,57.7
4320000,-2570657.483700523,299.13157167126343,1915.5881745353768,1.0178225658883777,57.7
4322000,-2572633.521044383,300.5071113626155,1916.7938487282354,1.017182349726679,57.7
4324000,-2574435.7050421815,301.2869355789244,1914.9868268742716,1.0181421843895744,57.7
4326000,-2572705.306827793,300.5455472285917,1919.851097327249,1.0155625473795216,57.7
4328000,-2571815.987326497,301.91299116647207,1913.2545646878768,1.0190640111234253,57.7
4330000,-2570368.932050159,300.4697607326539,1915.7084833523513,1.0177586453963738,57.7
4332000,-2573637.404787712,299.6509319725245,1917.3338216910677,1.0168958837180428,57.7
4334000,-2575754.006727634,299.94589535409676,1914.193983037567,1.0185638907385315,57.7
4336000,-2575214.006120663,299.9559791158928,1915.4838519974544,1.0178779993148288,57.7
4338000,-2576036.4239390567,299.3171649524145,1915.8689855998177,1.0176733824941646,57.7
4340000,-2569396.024138041,299.9345054372488,1917.1360288740468,1.0170007978704183,57.7
4342000,-2573047.197510954,299.769031504763,1912.8475968699267,1.0192808220484761,57.7
4344000,-2572284.1142937373,299.6859739773318,1915.6059740830235,1.01781310842087,57.7
4346000,-2574514.6553451587,299.25296641182643,1916.8617873822732,1.0171462980925934,57.7
4348000,-2573255.14473032,299.501850434142,1915.6922342171076,1.0177672781493698,57.7
4350000,-2573459.328678604,299.35368872968536,1916.1040276256815,1.0175485479287965,57.7
4352000,-2573538.3331689667,301.0754271159868,1915.676403223721,1.0177756888950584,57.7
4354000,-2573835.63615728,300.81476197869415,1916.151580848259,1.017523295379329,57.7
4356000,-2572093.625603644,300.696418956838,1917.3447760085662,1.0168900739124656,57.7
4358000,-2573284.3056709133,300.3362980953698,1918.2822024230732,1.01639313992917,57.7
4360000,-2572471.5118980724,300.4778883597417,1918.9465347591272,1.0160412683075442,57.7
4362000,-2572760.1360358912,300.3850769844984,1916.5183133475593,1.017328588728935,57.7
4364000,-2572457.3128519263,300.50415689973937,1917.3895908803827,1.0168663062866632,57.7
4366000,-2574383.763453653,301.74694555024786,1913.0557617268637,1.0191699112999526,57.7
4368000,-2573561.931690529,299.62121615101125,1913.892985262428,1.0187240801886783,57.7
4370000,-2571221.6006578133,299.82164106042376,1919.3198329186641,1.0158436533353197,57.7
4372000,-2574184.066708872,299.870236340323,1915.3855947496481,1.0179302153757042,57.7
4374000,-2571021.198167214,301.33424582297346,1918.601940301894,1.0162237564943977,57.7
4376000,-2572356.214828534,300.39434427624576,1916.4740686210316,1.0173520753108478,57.7
4378000,-2573030.5852325484,299.7563301113646,1916.0242630159025,1.0175909087508503,57.7
4380000,-2571359.9907695763,300.31484200063727,1919.236121615105,1.0158879613782303,57.7
4382000,-2571047.816511072,300.5751441812636,1916.060563556146,1.0175716300806261,57.7
4384000,-2572051.898327099,299.9311473205065,1915.597560590831,1.017817578755776,57.7
4386000,-2570462.1803571377,301.0475225521585,1915.5779074379357,1.017828021204719,57.7
4388000,-2571464.5279778726,300.98481609787825,1921.2112613071668,1.0148435574255696,57.7
4390000,-2569772.033614522,298.9192577824699,1915.9118712939335,1.0176506029341834,57.7
4392000,-2575380.0865873117,300.63597784531083,1916.0018489613083,1.0176028128824648,57.7
4394000,-2569799.266500298,298.1868799351691,1913.2802715557484,1.0190503189611864,57.7
4396000,-2572493.468059534,300.83268216227196,1915.9600051740956,1.017625036913997,57.7
4398000,-2572557.1272488926,300.13930878849084,1915.3006700775531,1.0179753505292115,57.7
4400000,-2575051.322316829,299.9781464398848,1919.2688781763784,1.0158706230070247,57.7
4402000,-2572260.419339679,299.8773290952825,1919.771837825452,1.015604475789952,57.7
4404000,-2572209.386749776,300.8760709774211,1917.4077287790674,1.0168566871442333,57.7
4406000,-2573388.429682212,299.83597739245323,1916.6571720196437,1.0172548849393543,57.7
4408000,-2571604.555730339,299.840144668393,1915.9561892194424,1.0176270636884175,57.7
4410000,-2572813.5771137923,300.6597853431076,1914.4768583240134,1.0184133918954121,57.7
4412000,-2571425.1134856213,300.5271758607637,1917.6161974373692,1.016746142213742,57.7
4414000,-2573601.267469816,300.91045643812106,1915.7156663764288,1.017754829284733,57.7
4416000,-2568141.5956074093,300.80924201351473,1919.2769228721074,1.0158663649606925,57.7
4418000,-2570287.5841177832,299.80093621947736,1917.9971326082511,1.016544205329248,57.7
4420000,-2572700.654501835,301.1451554224511,1918.073087374602,1.016503950670492,57.7
4422000,-2574919.960587032,299.5106789047486,1915.823165648373,1.017697721768169,57.7
4424000,-2571960.0481866896,298.05882074055665,1918.7702441987562,1.016134618975813,57.7
4426000,-2571992.4539001957,300.8124308205599,1914.459145276664,1.018422814506846,57.7
4428000,-2571093.247177243,300.81097390441977,1914.9751212743804,1.018148407950868,57.7
4430000,-2572630.9396955036,300.6166921933825,1919.0929686098132,1.0159637406224307,57.7
4432000,-2574663.2086238097,300.32987678499586,1917.6773870838108,1.01671369966768,57.7
4434000,-2575427.1184651144,300.0084059664559,1911.354914125525,1.0200768348054616,57.7
4436000,-2571491.4992158636,299.89089933166247,1916.6641054408622,1.0172512050788174,57.7
4438000,-2574503.557961922,299.06518341677423,1913.0882970198477,1.0191525785967437,57.7
4440000,-2571195.354234822,300.6642483990845,1918.7047065342667,1.0161693273337524,57.7
4442000,-2570915.023791004,300.59680453086224,1915.7040515351641,1.0177609998937993,57.7
4444000,-2575934.2818411384,300.7967449889593,1915.8920066132841,1.0176611543139948,57.7
4446000,-2572834.356634192,298.39062226085974,1917.0704423071252,1.0170355913706552,57.7
4448000,-2574466.2415002715,300.6617852997956,1915.2670875267993,1.0179931998459455,57.7
4450000,-2571677.865875302,301.08022597368216,1915.0432235024434,1.0181122008437755,57.7
4452000,-2571148.1137573197,299.9967561308824,1919.4854403871902,1.01575600938017,57.7
4454000,-2570549.9535344336,300.2171291625648,1916.969475527161,1.0170891586340263,57.7
4456000,-2571896.56720273,300.01875859128756,1916.9708988445714,1.0170884034630905,57.7
4458000,-2573340.054545939,299.8139708519251,1918.8242179394501,1.016106036583574,57.7
4460000,-2574453.178458456,300.73718161710894,1914.0692894289834,1.0186302459158547,57.7
4462000,-2575133.9808250517,300.2031468677519,1912.8950984683945,1.0192555109541177,57.7
4464000,-2572785.6691268347,301.0803390854875,1917.9676012153927,1.0165598572966048,57.7
4466000,-2572403.755932063,301.40020227119163,1917.6503283268298,1.0167280458748646,57.7
4468000,-2571097.456098588,300.6753611557217,1918.90244847266,1.0160646115923753,57.7
4470000,-2572333.998194311,301.74065022385025,1916.6663346445275,1.0172500219515959,57.7
4472000,-2573914.2536405176,301.2267239765175,1914.8354249086617,1.0182226867272595,57.7
4474000,-2571546.8645288534,299.86135620239804,1918.419004773369,1.016320660992076,57.7
4476000,-2572230.894580316,300.0611253458379,1916.8640136564832,1.0171451167638423,57.7
4478000,-2570463.6964787357,300.1013918798322,1919.1771991537853,1.0159191511084626,57.7
4480000,-2571940.0275623035,300.74660162875955,1918.4761599208396,1.0162903828168917,57.7
4482000,-2571196.7444621213,300.4397962918995,1917.270393401859,1.0169295252776422,57.7
4484000,-2573202.1375294793,302.1309032880562,1912.2043273957709,1.0196237102163475,57.7
4486000,-2571230.8428316675,300.45453133012154,1915.3597389939334,1.0179439565828767,57.7
4488000,-2571680.481152918,300.1729827575682,1918.0308766358303,1.01652632120855,57.7
4490000,-2574760.5996216238,299.81923696539815,1913.2957562659549,1.019042071569834,57.7
4492000,-2571450.7175734397,298.5513035270537,1914.5771108314768,1.0183600649776325,57.7
4494000,-2572681.9885655567,300.4423371251915,1915.0858759318344,1.0180895256419453,57.7
4496000,-2570843.140834581,299.9694747037636,1916.9911441149004,1.0170776620312691,57.7
4498000,-2571907.2858224995,300.2527277110251,1914.8956189910912,1.0181906792487687,57.7
4500000,-2571868.364195587,300.14477242942127,1920.3788443949222,1.0152834565334719,57.7
4502000,-2570675.855534477,300.712834691383,1918.8702201959406,1.0160816768483378,57.7
4504000,-2574790.406031763,299.68835695993835,1914.726587334323,1.0182805649058426,57.7
4506000,-2573580.7806475386,301.02436345755,1917.9838916908204,1.0165512231034564,57.7
4508000,-2574176.911803929,299.1992072823776,1917.4484076241076,1.0168351144357108,57.7
4510000,-2573559.331658777,299.68417077252485,1916.6975273562073,1.0172334670251206,57.7
4512000,-2570170.446615875,300.40391248261005,1919.7688753283164,1.015606043023065,57.7
4514000,-2572380.2835977115,299.16467756618823,1918.1463592354182,1.0164651209244542,57.7
4516000,-2573704.9033922628,300.33231100218103,1914.5300590099357,1.0183850923705517,57.7
4518000,-2572266.4091606364,300.51928088370045,1913.5023289479223,1.0189320605964596,57.7
4520000,-2572572.1037147176,300.57433638958736,1916.1689390158313,1.0175140778518392,57.7
4522000,-2572207.066166846,300.7924565798242,1915.5111558283782,1.017863490410138,57.7
4524000,-2571794.4416800197,301.2475133212641,1916.7318038581584,1.0172152760581596,57.7
4526000,-2572030.8065961394,301.7601137475579,1916.1683836240397,1.0175143727731895,57.7
4528000,-2573590.1160339583,300.5123353520846,1914.680006647603,1.0183053378223732,57.7
4530000,-2572254.105069952,301.38249651640973,1916.6181189939145,1.0172756125328175,57.7
4532000,-2571796.1863491535,300.29502606953235,1919.4134735406335,1.0157940943253232,57.7
4534000,-2572678.5867651664,300.27010702947064,1918.8130821823063,1.0161119335154642,57.7
4536000,-2573545.8526716493,301.4612783060537,1914.2300047819572,1.0185447235287264,57.7
4538000,-2574029.958316788,300.8777535625043,1915.5375615439489,1.0178494591458305,57.7
4540000,-2572801.6697335523,298.98878094283754,1916.6874243510874,1.0172388289400551,57.7
4542000,-2573122.424821846,300.3775114491251,1916.036442546554,1.017584440304119,57.7
4544000,-2571508.7148210704,299.0006045954097,1918.650479376523,1.0161980475071244,57.7
4546000,-2572446.5366328247,299.4638336529824,1916.7425859159746,1.017209554020157,57.7
4548000,-2571159.0879185777,300.21751117385634,1916.5875355848714,1.0172918454236142,57.7
4550000,-2574613.2157752197,300.1368256386157,1913.8183987655832,1.0187637825243032,57.7
4552000,-2571124.3392754383,300.3823775460479,1916.948578949568,1.0171002458811,57.7
4554000,-2575605.392194083,300.15264958804494,1913.3052650610014,1.0190370071076287,57.7
4556000,-2574125.101012334,300.5412383608171,1916.5994750819548,1.0172855081824852,57.7
4558000,-2570645.5401555076,300.53076989556513,1912.9749767941857,1.0192129508449914,57.7
4560000,-2573139.8049497716,300.5849020053574,1914.4367548929647,1.0184347255180228,57.7
4562000,-2570637.688390469,301.2063956707412,1918.9087054544113,1.0160612985125426,57.7
4564000,-2573956.995273549,300.11749745044307,1914.3780904826247,1.018465934542478,57.7
4566000,-2574592.344157707,300.1844355083823,1917.9783971898776,1.016554135253907,57.7
4568000,-2570528.3928772863,299.6276057782647,1916.7937365728633,1.0171824092440191,57.7
4570000,-2571228.7079356834,301.2583515590196,1917.315078081403,1.0169058248590332,57.7
4572000,-2571609.9756691176,299.5119574704139,1914.0234349267105,1.0186546493698951,57.7
4574000,-2574648.8941592406,299.103668709111,1914.5438743755344,1.0183777436946817,57.7
4576000,-2574381.0038172025,300.09762864480336,1916.8121697756203,1.0171726274146433,57.7
4578000,-2569985.632557085,299.9889323107821,1918.5183894648137,1.016268012700636,57.7
4580000,-2575206.7822985817,299.6826915672716,1917.0268840072035,1.017058700249143,57.7
4582000,-2571871.1411668137,300.3391220373796,1916.0841880007686,1.0175590838862707,57.7
4584000,-2569084.567261167,299.3054186341541,1918.4101587123203,1.0163253473906397,57.7
4586000,-2573750.9829831664,298.36105172177884,1914.2844731171763,1.0185157422376925,57.7
4588000,-2573314.1096847914,300.13878551979275,1915.1468147676044,1.0180571306370698,57.7
4590000,-2570957.1303086802,299.73683216061266,1913.1290248929188,1.019130882246774,57.7
4592000,-2575219.206762694,299.365195566713,1916.3796054197078,1.0174022231696727,57.7
4594000,-2575172.08872761,299.7557584521288,1916.5130461976266,1.0173313846515706,57.7
4596000,-2572994.258474633,301.03147791506797,1913.4190913855684,1.0189763861816437,57.7
4598000,-2572499.885197321,300.18388731652044,1917.854371258604,1.0166198749029671,57.7
4600000,-2571215.9669468813,300.7788541531136,1917.672266843273,1.0167164143227283,57.7
4602000,-2573229.0517410226,300.91579611400033,1917.0132618539242,1.0170659273924207,57.7
4604000,-2572530.019531587,300.2661005287912,1910.9323382492962,1.020302410485804,57.7
4606000,-2574779.213266697,298.9432138325902,1914.7282716607501,1.0182796691563563,57.7
4608000,-2571552.1890105978,299.8376630972534,1917.5982025665126,1.0167556834281104,57.7
4610000,-2572865.729202315,300.846458011357,1916.837539576816,1.0171591648927514,57.7
4612000,-2572121.3332227487,300.30709406879384,1916.7052909328108,1.017229346741224,57.7
4614000,-2573521.0611854717,300.02998660606545,1917.022203380627,1.0170611835130163,57.7
4616000,-2572257.7189702764,299.96028392348944,1915.9909580018086,1.0176085971848257,57.7
4618000,-2574051.333166614,299.62073309471583,1915.868534237201,1.0176736222495095,57.7
4620000,-2573537.1226079483,301.111869331663,1916.1953946898761,1.0175000296911694,57.7
4622000,-2573409.3688375447,300.37147830246624,1916.537809864246,1.0173182396694465,57.7
4624000,-2575430.1862489954,299.5810910814578,1916.174489863889,1.017511130277872,57.7
4626000,-2575296.7530134264,301.03484717847306,1915.1236252413717,1.0180694579156986,57.7
4628000,-2572302.4075963236,300.89584722171213,1916.5994836740017,1.0172855036220305,57.7
4630000,-2571630.805882469,300.4311254030193,1915.1558520088408,1.0180523266270605,57.7
4632000,-2571045.539638795,299.60246423324446,1918.695522916793,1.0161741911124391,57.7
4634000,-2569139.6111764014,301.01728743162926,1917.2903312301198,1.016918950266702,57.7
4636000,-2573587.377969021,300.4231041516701,1913.8213403740203,1.0187622166497492,57.7
4638000,-2571435.3418845646,299.22283340140194,1914.8335968842903,1.0182236587886906,57.7
4640000,-2573854.1055489387,301.0310703869909,1914.500049025008,1.0184010556614838,57.7
4642000,-2572787.883342026,298.38904892792783,1913.1329947655581,1.0191287674853768,57.7
4644000,-2573061.135681426,300.5543599198062,1912.9186264050268,1.019242974624165,57.7
4646000,-2573374.7697749827,300.91670578951545,1913.7966406704536,1.0187753649248696,57.7
4648000,-2573981.997408936,299.7253651414749,1916.4152095542292,1.017383321354745,57.7
4650000,-2573626.5047734007,299.70964735808104,1913.4102010023792,1.0189811207077422,57.7
4652000,-2572379.9201919287,300.58631861942524,1915.4521843412992,1.0178948276182207,57.7
4654000,-2574156.8469843436,300.37233857208895,1911.9597829098695,1.0197541226644837,57.7
4656000,-2572622.4196964353,300.1764776295348,1911.880400410443,1.0197964635091519,57.7
4658000,-2571193.399760509,300.82946369058584,1914.137465185959,1.0185939654034275,57.7
4660000,-2572567.372142533,300.1155502120283,1913.7690442366077,1.0187900556040017,57.7
4662000,-2574851.2904651985,300.9871515615879,1914.862381788524,1.018208352482198,57.7
4664000,-2569433.0510773044,300.775913610858,1916.90724841598,1.0171221756306532,57.7
4666000,-2570862.58184457,299.8933595239175,1919.3238836313528,1.015841509408069,57.7
4668000,-2572294.5340775885,301.3234565488762,1914.5218069900102,1.0183894818395267,57.7
4670000,-2571778.8790760543,299.5211933709252,1913.0447806663328,1.0191757614329973,57.7
4672000,-2573705.6150795147,299.8006818800526,1916.1159808636705,1.017542200191979,57.7
4674000,-2573558.9598746784,300.51385418945955,1916.5651830479212,1.0173037099058482,57.7
4676000,-2573049.776730081,299.7293809171864,1917.4259161841242,1.0168470419296265,57.7
4678000,-2574115.316395346,300.50668671386467,1914.7191630232169,1.018284513282113,57.7
4680000,-2572107.697216762,299.57983992432406,1914.1955995878852,1.018563030554869,57.7
4682000,-2571021.9410422295,300.88157188127406,1918.311198903042,1.0163777765077713,57.7
4684000,-2575395.996774597,300.7608935149588,1914.7793861708394,1.0182524864601155,57.7
4686000,-2572968.3424125854,299.61656514722443,1914.7796917680134,1.0182523239479038,57.7
4688000,-2571565.304599853,299.902451453855,1915.5096530318135,1.0178642889661538,57.7
4690000,-2572302.0031880755,300.3663373081915,1915.9123386157,1.0176503547128697,57.7
4692000,-2571814.067016918,300.2832336064618,1918.5366651876807,1.0162583318678973,57.7
4694000,-2572140.5468029827,301.59667468958463,1915.5537496970128,1.0178408574018993,57.7
4696000,-2572180.551334219,300.03833427417976,1915.1006267982966,1.0180816839116316,57.7
4698000,-2571366.2895305566,300.545218829123,1918.7816573338741,1.0161285748896292,57.7
4700000,-2571791.705530558,300.17064548916625,1916.5465836270928,1.0173135824860255,57.7
4702000,-2571638.9120687004,300.199142079424,1918.3942646966232,1.0163337677092998,57.7
4704000,-2572798.237147769,300.0283690665395,1916.7026803894357,1.0172307322045822,57.7
4706000,-2571249.9480655026,300.4950889637524,1917.1478723746593,1.0169945151784328,57.7
4708000,-2571331.284770189,300.1335760913797,1916.7742811943292,1.0171927337089308,57.7
4710000,-2572355.1768400352,299.63554544816265,1916.0550885911182,1.017574537705319,57.7
4712000,-2571549.281271655,301.7503699157827,1918.1318740268007,1.0164727969917406,57.7
4714000,-2571665.7654475197,299.8835211801245,1915.7944223537731,1.017712990622222,57.7
4716000,-2570493.806153506,301.2133640816343,1914.8360499352236,1.0182223543665723,57.7
4718000,-2569198.6101791803,299.61599179661806,1918.0172084844646,1.016533565166302,57.7
4720000,-2576089.785118565,300.6311525223104,1913.159946438364,1.0191144104917864,57.7
4722000,-2575338.8751851376,299.7667423645128,1914.4098647606586,1.018449030628448,57.7
4724000,-2572354.447895175,299.5662094901666,1916.9575857499422,1.0170954670487757,57.7
4726000,-2571536.579292413,300.69113388300246,1916.9660999776268,1.0170909496071872,57.7
4728000,-2573295.1048245747,300.0786410141504,1913.3888720157674,1.0189924795250738,57.7
4730000,-2574874.7678689994,300.1272865680148,1914.6141440430206,1.0183403674611218,57.7
4732000,-2571331.7891847454,300.92133589810965,1916.7202697496077,1.0172213972807493,57.7
4734000,-2571606.9999162145,300.10359666145524,1918.3963492147989,1.016332663367013,57.7
4736000,-2570700.4240537565,301.7704242963827,1913.9390516247092,1.0186995606448075,57.7
4738000,-2572901.656450391,300.42984576185904,1915.086184471055,1.0180893616177091,57.7
4740000,-2571155.8542324323,299.44979409732514,1912.7702026490283,1.0193220640361385,57.7
4742000,-2570785.9274540152,300.75991834804614,1915.7618732366063,1.017730281737489,57.7
4744000,-2573452.220811084,300.5797003573183,1914.3593267388837,1.0184759171165632,57.7
4746000,-2572355.723690871,299.7060501608112,1913.3271967641244,1.0190253262946714,57.7
4748000,-2574110.5390259232,300.4527825527461,1914.1769780122618,1.0185729393818574,57.7
4750000,-2573219.5689169206,299.31100601180754,1913.454250234447,1.018957662955432,57.7
4752000,-2576119.527588999,300.2093110585223,1915.3731748190617,1.0179368159811544,57.7
4754000,-2574409.133012306,299.5427549022477,1914.4104537808196,1.0184487172750545,57.7
4756000,-2574225.5043719206,300.6959682596287,1913.9984075693883,1.018667969252397,57.7
4758000,-2573179.259956803,299.6575253680276,1911.6819311893637,1.0199023379260563,57.7
4760000,-2572137.8564674873,300.0533161335745,1914.2084455206364,1.0185561951487125,57.7
4762000,-2571533.1665937044,299.70893587329175,1922.1224405957366,1.0143624723442373,57.7
4764000,-2572261.6549046133,301.06099196489197,1917.3260943549637,1.016899982079975,57.7
4766000,-2571855.301745748,299.89018821683743,1915.7871441357938,1.017716856989636,57.7
4768000,-2573314.345904356,301.29195276483443,1916.178712140978,1.0175088882041523,57.7
4770000,-2574109.2928529736,301.5736273246728,1913.1431300404934,1.0191233684380756,57.7
4772000,-2571656.494335532,300.0871702032291,1917.49785832318,1.016808891091037,57.7
4774000,-2569417.0186744574,300.58037097169273,1918.630415073233,1.0162086745177603,57.7
4776000,-2572135.2586057708,300.0125736933709,1919.8961961735042,1.0155386915589424,57.7
4778000,-2571833.615282165,300.7833682347093,1920.95057952521,1.0149812763392037,57.7
4780000,-2573599.2315055933,301.923243446332,1915.4369752292437,1.0179029099914307,57.7
4782000,-2572292.2534086946,300.95900817779676,1917.1528127864287,1.0169918944318554,57.7
4784000,-2571171.36988404,299.74882400453896,1917.277148970521,1.0169259421038501,57.7
4786000,-2573823.5090186223,300.7969873517777,1916.441591797564,1.0173693157860577,57.7
4788000,-2571088.4417375755,300.8497669686404,1916.3795144361939,1.0174022714726465,57.7
4790000,-2574268.2132424563,301.4703208130339,1911.793339600621,1.0198429038351682,57.7
4792000,-2571044.7888320982,299.27416316839725,1915.4694249683419,1.017885665819623,57.7
4794000,-2573956.853712123,300.84650231500365,1911.9640747748997,1.0197518335801248,57.7
4796000,-2575418.3984461,299.5657408057308,1916.392893769185,1.017395168459574,57.7
4798000,-2570578.2607284468,300.54019930409544,1914.7979749127192,1.0182426013271213,57.7
4800000,-2573995.5437716544,301.0915715916251,1914.020223282314,1.0186563586290016,57.7
4802000,-2572320.4299194682,299.5970233822931,1918.1894173148182,1.0164423040767072,57.7
4804000,-2569376.754947072,300.26138298189267,1919.0203652769037,1.0160021781268047,57.7
4806000,-2568111.2105677966,299.4474667572501,1920.3192510573858,1.015314963862103,57.7
4808000,-2572509.2374257874,300.8905496545501,1914.6631065658917,1.01831432605814,57.7
4810000,-2574147.220221011,300.216260136202,1915.4005098386208,1.0179222888247546,57.7
4812000,-2574295.649485169,299.1192282281218,1913.2899895005476,1.0190451430208942,57.7
4814000,-2572541.989981953,299.9976639600893,1914.6984997194947,1.0182955025434384,57.7
4816000,-2570174.3783978354,299.7820258267831,1914.8845576739197,1.018196560820062,57.7
4818000,-2575212.249006897,300.4156282046865,1910.5390541137165,1.0205124395614589,57.7
4820000,-2577783.2983594686,299.7746633465506,1913.1461356759025,1.0191217673511406,57.7
4822000,-2573489.005930515,300.79373871784435,1912.8865821777897,1.0192600487433483,57.7
4824000,-2573305.451535577,300.75514857695464,1914.9373693071418,1.0181684802028157,57.7
4826000,-2571260.035582194,299.0113556527407,1916.3457306073878,1.0174202075598655,57.7
4828000,-2571028.3355890326,300.4618421829244,1916.0514522928715,1.0175764688666677,57.7
4830000,-2572659.537701579,300.06355220621816,1916.4701251399033,1.017354168695272,57.7
4832000,-2574209.5819659606,299.8716327248729,1917.0744828648658,1.017033447796648,57.7
4834000,-2571554.5928097647,300.91912599913735,1919.657446955402,1.0156649948579743,57.7
4836000,-2573630.761517154,301.7335523773638,1916.1364223283206,1.017531344987374,57.7
4838000,-2572797.1117263883,300.500743148706,1915.988858259803,1.0176097123873007,57.7
4840000,-2573262.1726067066,300.54668325118166,1916.1581964225027,1.0175197823599351,57.7
4842000,-2572142.564425105,301.20985394365715,1914.3918643665352,1.0184586067681545,57.7
4844000,-2573308.5429366697,300.7955603382862,1917.4756499556704,1.0168206678588625,57.7
4846000,-2575125.7843756843,301.70821244354977,1913.1827920389383,1.0191022410948742,57.7
4848000,-2573717.189252414,299.8537291074111,1917.189233963361,1.016972574460165,57.7
4850000,-2572696.494810486,299.3066216856654,1916.5109976607728,1.0173324720655412,57.7
4852000,-2574741.0144261457,299.946906595117,1914.036187761616,1.0186478622805748,57.7
4854000,-2571636.224264141,298.86483141011956,1917.0697822686009,1.017035941531446,57.7
4856000,-2570023.730699677,300.4599962717911,1915.043285600085,1.0181121678302312,57.7
4858000,-2574398.335704038,300.78525448258256,1917.9476358757713,1.0165704394222148,57.7
4860000,-2573767.1237061303,300.8744613736249,1916.6938149055766,1.0172354373080092,57.7
4862000,-2573857.0651340764,299.4270516021653,1913.9587797518725,1.018689060400661,57.7
4864000,-2574584.3137067333,299.9787306823214,1913.491659085494,1.0189377422856682,57.7
4866000,-2574195.095237199,300.3082496918186,1914.434204461897,1.0184360822883722,57.7
4868000,-2571119.5916941296,299.4133764938409,1917.6248458405707,1.0167415567336309,57.7
4870000,-2574251.3090361226,300.90046607520367,1916.8775874816192,1.017137914139093,57.7
4872000,-2571188.9714849554,299.6319564170965,1915.793980897221,1.0177132251339034,57.7
4874000,-2572188.321807975,300.79663638191613,1915.61862852511,1.017806384818978,57.7
4876000,-2574647.856680764,299.3767138135451,1914.5418606212386,1.018378814845226,57.7
4878000,-2574135.352967998,300.70498077390704,1914.8159481904765,1.0182330436685298,57.7
4880000,-2571673.5388877913,301.5997884887132,1916.0925885261788,1.017554622707833,57.7
4882000,-2573313.700600056,300.0254855418089,1915.5191971619945,1.017859217427693,57.7
4884000,-2574027.141732812,298.61500051073324,1914.9437638664851,1.0181650802393856,57.7
4886000,-2574259.0437530708,300.231961505094,1912.4945957533218,1.0194689570994802,57.7
4888000,-2570974.2890157606,301.6260433772282,1916.7985307785123,1.0171798651155808,57.7
4890000,-2571933.173882935,301.04595815555433,1916.2296763612324,1.0174818264444223,57.7
4892000,-2573024.1076342836,300.74050748026383,1912.318566098066,1.0195627996068133,57.7
4894000,-2570962.8893843833,300.6346103541914,1920.017818788569,1.0154743627437834,57.7
4896000,-2573462.658395076,300.78490614160455,1917.0409462802354,1.0170512397109839,57.7
4898000,-2573352.1024695076,300.3780661236546,1915.1177316675253,1.018072590917619,57.7
4900000,-2572365.047675561,300.81227801198366,1912.92631800424,1.0192388763960272,57.7
4902000,-2570849.3413365576,301.0282174395162,1915.9632273776667,1.0176233255058753,57.7
4904000,-2573400.4318950027,300.5000727670583,1917.6473345211941,1.0167296331772322,57.7
4906000,-2573080.1038816646,299.73662634832806,1917.839547104176,1.0166277329795426,57.7
4908000,-2573201.9456750676,299.49063143224225,1915.16367024295,1.0180481706525353,57.7
4910000,-2573609.843795726,299.7920358607689,1916.9763482048131,1.0170855122009665,57.7
4912000,-2572552.768086238,301.75521346739066,1916.6526494221273,1.0172572852879087,57.7
4914000,-2570935.8653319795,300.50757722022655,1918.4254136364298,1.0163172657806199,57.7
4916000,-2569128.056218773,300.58685525642363,1913.1960237626863,1.0190951929517893,57.7
4918000,-2571070.3484524116,299.1110079330239,1915.5781842451108,1.0178278741253144,57.7
4920000,-2571713.3321582098,300.26325937308815,1919.8823238088971,1.0155460294685774,57.7
4922000,-2571122.282428162,299.6901940026401,1918.059288992169,1.016511263327789,57.7
4924000,-2572460.9579578135,301.2132832993028,1917.08144699411,1.0170297532471093,57.7
4926000,-2573320.528355429,298.9725855038996,1915.6468216441097,1.0177914054729933,57.7
4928000,-2574018.8665295336,299.891433733821,1915.4236189997594,1.0179100078181065,57.7
4930000,-2570478.649721833,300.3183205209208,1916.0704531955087,1.0175663779687163,57.7
4932000,-2571456.770434875,301.72726340330365,1916.5983656466872,1.0172860970447322,57.7
4934000,-2570158.334473608,300.12128984210113,1918.3656867992415,1.0163489080354218,57.7
4936000,-2570133.289117025,300.04102623467816,1919.44954524692,1.0157750047762863,57.7
4938000,-2571095.3028793503,300.05498431745684,1917.8392840036622,1.0166278724465359,57.7
4940000,-2570656.6852772944,299.70512701628473,1918.4248757232544,1.0163175507490094,57.7
4942000,-2572639.3916836064,300.2856327330946,1915.8303535050534,1.0176939035462924,57.7
4944000,-2572605.1123488527,300.2380334770341,1916.6747953952206,1.017245531519078,57.7
4946000,-2570625.736271031,300.374335009834,1914.999549489794,1.0181354201939576,57.7
4948000,-2570782.104213631,299.5398295567316,1917.3204467603214,1.0169029774263711,57.7
4950000,-2574284.7016300075,301.09980492000176,1916.850021893901,1.0171525412638411,57.7
4952000,-2569976.9761196077,299.9897915326802,1917.643880972048,1.0167314642397103,57.7
4954000,-2571139.537980262,300.7084851128074,1918.5060458338887,1.0162745513494438,57.7
4956000,-2573373.942760488,300.2454169998174,1914.1525329142132,1.0185859472874161,57.7
4958000,-2573272.172407575,300.65554411524323,1914.7456955118303,1.0182704029893899,57.7
4960000,-2572073.26886506,299.2659902783075,1914.6562768735378,1.018317958445661,57.7
4962000,-2573199.6606669966,300.4796098928338,1919.7223245356372,1.0156306701609317,57.7
4964000,-2572658.5737050977,300.89969689499776,1916.9936252229513,1.017076345657786,57.7
4966000,-2572433.6440934557,298.95577645685495,1918.8132746011922,1.0161118316196058,57.7
4968000,-2572045.6207633577,299.4880895254904,1916.2806795047725,1.017454745457697,57.7
4970000,-2572546.2924089283,299.91752849885523,1914.5424245000052,1.0183785149081848,57.7
4972000,-2572492.1647005416,300.5933093147227,1914.4706958843212,1.018416670039665,57.7
4974000,-2573828.4715528022,299.5658873796839,1918.5437543854725,1.0162545766987456,57.7
4976000,-2575750.646507086,299.86193884335296,1916.7276932318823,1.0172174575844435,57.7
4978000,-2570288.2031522486,300.2247089327516,1915.7878782911935,1.0177164669869982,57.7
4980000,-2569894.0025905017,300.8275896565654,1920.1198282677026,1.0154204140217857,57.7
4982000,-2572071.083982939,300.3696267100407,1918.1609615062446,1.0164573829403751,57.7
4984000,-2569370.812077731,301.2937810276711,1917.6551494558946,1.0167254897441997,57.7
4986000,-2570332.414750278,299.7158158646153,1914.8355762750498,1.0182226062374815,57.7
4988000,-2571807.4301292114,301.1158368713907,1917.8671272706692,1.0166131132169227,57.7
4990000,-2573551.9896018803,301.01087811177285,1917.004314388367,1.0170706744669507,57.7
4992000,-2570215.1073297914,300.6147606845111,1918.2743518335833,1.0163972995454906,57.7
4994000,-2573008.8549858537,301.7565621816304,1916.448661714059,1.017365562637721,57.7
4996000,-2572584.4747725707,300.7981281008926,1914.1024725403313,1.0186125868190419,57.7
4998000,-2571161.3245582003,300.023882948008,1916.3729961942258,1.0174057320067895,57.7
5000000,-2570979.946941085,301.582680494649,1919.0378017408475,1.0159929466852304,57.7
