structure,mutation,safe_label,replicate,frame_index,time_ps,pocket_volume_proxy_angstrom3,grid_spacing_angstrom,pocket_radius_angstrom
DOR,A98G+F227C,A98G_F227C,1,0,0.0,236.671875,0.75,10.0
DOR,A98G+F227C,A98G_F227C,1,5,2793.2960893854747,225.28125,0.75,10.0
DOR,A98G+F227C,A98G_F227C,1,10,5586.592178770949,262.40625,0.75,10.0
DOR,A98G+F227C,A98G_F227C,1,15,8379.888268156425,197.859375,0.75,10.0
DOR,A98G+F227C,A98G_F227C,1,20,11173.1843575419,266.625,0.75,10.0
DOR,A98G+F227C,A98G_F227C,1,25,13966.480446927377,292.78125,0.75,10.0
DOR,A98G+F227C,A98G_F227C,1,30,16759.77653631285,281.8125,0.75,10.0
DOR,A98G+F227C,A98G_F227C,1,35,19553.072625698325,267.046875,0.75,10.0
DOR,A98G+F227C,A98G_F227C,1,40,22346.3687150838,260.296875,0.75,10.0
DOR,A98G+F227C,A98G_F227C,1,45,25139.664804469274,230.34375,0.75,10.0
DOR,A98G+F227C,A98G_F227C,1,50,27932.96089385475,274.21875,0.75,10.0
DOR,A98G+F227C,A98G_F227C,1,55,30726.256983240222,313.875,0.75,10.0
DOR,A98G+F227C,A98G_F227C,1,60,33519.5530726257,278.859375,0.75,10.0
DOR,A98G+F227C,A98G_F227C,1,65,36312.849162011174,284.34375,0.75,10.0
DOR,A98G+F227C,A98G_F227C,1,70,39106.14525139665,215.15625,0.75,10.0
DOR,A98G+F227C,A98G_F227C,1,75,41899.44134078212,217.265625,0.75,10.0
DOR,A98G+F227C,A98G_F227C,1,80,44692.737430167595,253.96875,0.75,10.0
DOR,A98G+F227C,A98G_F227C,1,85,47486.03351955307,243.421875,0.75,10.0
DOR,A98G+F227C,A98G_F227C,1,90,50279.32960893855,257.765625,0.75,10.0
DOR,A98G+F227C,A98G_F227C,1,95,53072.625698324024,257.765625,0.75,10.0
DOR,A98G+F227C,A98G_F227C,1,100,55865.9217877095,266.203125,0.75,10.0
DOR,A98G+F227C,A98G_F227C,1,105,58659.21787709497,242.15625,0.75,10.0
DOR,A98G+F227C,A98G_F227C,1,110,61452.513966480445,201.65625,0.75,10.0
DOR,A98G+F227C,A98G_F227C,1,115,64245.81005586592,185.625,0.75,10.0
DOR,A98G+F227C,A98G_F227C,1,120,67039.1061452514,237.515625,0.75,10.0
DOR,A98G+F227C,A98G_F227C,1,125,69832.40223463687,243.84375,0.75,10.0
DOR,A98G+F227C,A98G_F227C,1,130,72625.69832402235,221.0625,0.75,10.0
DOR,A98G+F227C,A98G_F227C,1,135,75418.99441340783,245.53125,0.75,10.0
DOR,A98G+F227C,A98G_F227C,1,140,78212.2905027933,212.625,0.75,10.0
DOR,A98G+F227C,A98G_F227C,1,145,81005.58659217878,236.671875,0.75,10.0
DOR,A98G+F227C,A98G_F227C,1,150,83798.88268156424,221.484375,0.75,10.0
DOR,A98G+F227C,A98G_F227C,1,155,86592.17877094971,236.671875,0.75,10.0
DOR,A98G+F227C,A98G_F227C,1,160,89385.47486033519,226.125,0.75,10.0
DOR,A98G+F227C,A98G_F227C,1,165,92178.77094972068,207.984375,0.75,10.0
DOR,A98G+F227C,A98G_F227C,1,170,94972.06703910614,254.390625,0.75,10.0
DOR,A98G+F227C,A98G_F227C,1,175,97765.36312849162,232.453125,0.75,10.0
DOR,A98G+F227C,A98G_F227C,2,0,0.0,237.515625,0.75,10.0
DOR,A98G+F227C,A98G_F227C,2,5,2793.2960893854747,244.6875,0.75,10.0
DOR,A98G+F227C,A98G_F227C,2,10,5586.592178770949,253.96875,0.75,10.0
DOR,A98G+F227C,A98G_F227C,2,15,8379.888268156425,204.609375,0.75,10.0
DOR,A98G+F227C,A98G_F227C,2,20,11173.1843575419,240.890625,0.75,10.0
DOR,A98G+F227C,A98G_F227C,2,25,13966.480446927377,222.328125,0.75,10.0
DOR,A98G+F227C,A98G_F227C,2,30,16759.77653631285,207.140625,0.75,10.0
DOR,A98G+F227C,A98G_F227C,2,35,19553.072625698325,274.21875,0.75,10.0
DOR,A98G+F227C,A98G_F227C,2,40,22346.3687150838,273.375,0.75,10.0
DOR,A98G+F227C,A98G_F227C,2,45,25139.664804469274,259.875,0.75,10.0
DOR,A98G+F227C,A98G_F227C,2,50,27932.96089385475,272.53125,0.75,10.0
DOR,A98G+F227C,A98G_F227C,2,55,30726.256983240222,271.265625,0.75,10.0
DOR,A98G+F227C,A98G_F227C,2,60,33519.5530726257,247.640625,0.75,10.0
DOR,A98G+F227C,A98G_F227C,2,65,36312.849162011174,293.203125,0.75,10.0
DOR,A98G+F227C,A98G_F227C,2,70,39106.14525139665,260.71875,0.75,10.0
DOR,A98G+F227C,A98G_F227C,2,75,41899.44134078212,208.828125,0.75,10.0
DOR,A98G+F227C,A98G_F227C,2,80,44692.737430167595,237.9375,0.75,10.0
DOR,A98G+F227C,A98G_F227C,2,85,47486.03351955307,279.28125,0.75,10.0
DOR,A98G+F227C,A98G_F227C,2,90,50279.32960893855,222.75,0.75,10.0
DOR,A98G+F227C,A98G_F227C,2,95,53072.625698324024,253.125,0.75,10.0
DOR,A98G+F227C,A98G_F227C,2,100,55865.9217877095,232.453125,0.75,10.0
DOR,A98G+F227C,A98G_F227C,2,105,58659.21787709497,263.25,0.75,10.0
DOR,A98G+F227C,A98G_F227C,2,110,61452.513966480445,301.640625,0.75,10.0
DOR,A98G+F227C,A98G_F227C,2,115,64245.81005586592,244.6875,0.75,10.0
DOR,A98G+F227C,A98G_F227C,2,120,67039.1061452514,223.59375,0.75,10.0
DOR,A98G+F227C,A98G_F227C,2,125,69832.40223463687,237.9375,0.75,10.0
DOR,A98G+F227C,A98G_F227C,2,130,72625.69832402235,217.6875,0.75,10.0
DOR,A98G+F227C,A98G_F227C,2,135,75418.99441340783,237.09375,0.75,10.0
DOR,A98G+F227C,A98G_F227C,2,140,78212.2905027933,248.0625,0.75,10.0
DOR,A98G+F227C,A98G_F227C,2,145,81005.58659217878,214.734375,0.75,10.0
DOR,A98G+F227C,A98G_F227C,2,150,83798.88268156424,223.59375,0.75,10.0
DOR,A98G+F227C,A98G_F227C,2,155,86592.17877094971,212.203125,0.75,10.0
DOR,A98G+F227C,A98G_F227C,2,160,89385.47486033519,258.609375,0.75,10.0
DOR,A98G+F227C,A98G_F227C,2,165,92178.77094972068,194.484375,0.75,10.0
DOR,A98G+F227C,A98G_F227C,2,170,94972.06703910614,210.9375,0.75,10.0
DOR,A98G+F227C,A98G_F227C,2,175,97765.36312849162,192.796875,0.75,10.0
DOR,A98G+F227C,A98G_F227C,3,0,0.0,188.578125,0.75,10.0
DOR,A98G+F227C,A98G_F227C,3,5,251.4572864321608,203.34375,0.75,10.0
DOR,A98G+F227C,A98G_F227C,3,10,502.9145728643216,228.234375,0.75,10.0
DOR,A98G+F227C,A98G_F227C,3,15,754.3718592964824,212.625,0.75,10.0
DOR,A98G+F227C,A98G_F227C,3,20,1005.8291457286432,213.46875,0.75,10.0
DOR,A98G+F227C,A98G_F227C,3,25,1257.286432160804,203.765625,0.75,10.0
DOR,A98G+F227C,A98G_F227C,3,30,1508.7437185929648,240.046875,0.75,10.0
DOR,A98G+F227C,A98G_F227C,3,35,1760.2010050251256,276.328125,0.75,10.0
DOR,A98G+F227C,A98G_F227C,3,40,2011.6582914572864,231.609375,0.75,10.0
DOR,A98G+F227C,A98G_F227C,3,45,2263.115577889447,217.6875,0.75,10.0
DOR,A98G+F227C,A98G_F227C,3,50,2514.572864321608,204.609375,0.75,10.0
DOR,A98G+F227C,A98G_F227C,3,55,2766.030150753769,209.671875,0.75,10.0
DOR,A98G+F227C,A98G_F227C,3,60,3017.4874371859296,238.78125,0.75,10.0
DOR,A98G+F227C,A98G_F227C,3,65,3268.9447236180904,221.90625,0.75,10.0
DOR,A98G+F227C,A98G_F227C,3,70,3520.402010050251,178.875,0.75,10.0
DOR,A98G+F227C,A98G_F227C,3,75,3771.859296482412,184.78125,0.75,10.0
DOR,A98G+F227C,A98G_F227C,3,80,4023.316582914573,202.5,0.75,10.0
DOR,A98G+F227C,A98G_F227C,3,85,4274.773869346734,245.53125,0.75,10.0
DOR,A98G+F227C,A98G_F227C,3,90,4526.231155778894,222.75,0.75,10.0
DOR,A98G+F227C,A98G_F227C,3,95,4777.688442211055,219.375,0.75,10.0
DOR,A98G+F227C,A98G_F227C,3,100,5029.145728643216,243.421875,0.75,10.0
DOR,A98G+F227C,A98G_F227C,3,105,5280.603015075377,232.875,0.75,10.0
DOR,A98G+F227C,A98G_F227C,3,110,5532.060301507538,205.453125,0.75,10.0
DOR,A98G+F227C,A98G_F227C,3,115,5783.517587939698,218.953125,0.75,10.0
DOR,A98G+F227C,A98G_F227C,3,120,6034.974874371859,211.78125,0.75,10.0
DOR,A98G+F227C,A98G_F227C,3,125,6286.43216080402,196.171875,0.75,10.0
DOR,A98G+F227C,A98G_F227C,3,130,6537.889447236181,195.328125,0.75,10.0
DOR,A98G+F227C,A98G_F227C,3,135,6789.346733668342,271.265625,0.75,10.0
DOR,A98G+F227C,A98G_F227C,3,140,7040.804020100502,196.59375,0.75,10.0
DOR,A98G+F227C,A98G_F227C,3,145,7292.261306532663,243.84375,0.75,10.0
DOR,A98G+F227C,A98G_F227C,3,150,7543.718592964824,210.515625,0.75,10.0
DOR,A98G+F227C,A98G_F227C,3,155,7795.175879396985,228.234375,0.75,10.0
DOR,A98G+F227C,A98G_F227C,3,160,8046.633165829146,208.40625,0.75,10.0
DOR,A98G+F227C,A98G_F227C,3,165,8298.090452261307,184.359375,0.75,10.0
DOR,A98G+F227C,A98G_F227C,3,170,8549.547738693467,191.53125,0.75,10.0
DOR,A98G+F227C,A98G_F227C,3,175,8801.005025125629,191.953125,0.75,10.0
DOR,A98G+F227C,A98G_F227C,3,180,9052.462311557789,198.28125,0.75,10.0
DOR,A98G+F227C,A98G_F227C,3,185,9303.91959798995,181.40625,0.75,10.0
DOR,A98G+F227C,A98G_F227C,3,190,9555.37688442211,222.328125,0.75,10.0
DOR,A98G+F227C,A98G_F227C,3,195,9806.834170854272,242.15625,0.75,10.0
DOR,F227C,F227C,1,0,0.0,182.671875,0.75,10.0
DOR,F227C,F227C,1,5,2512.5628140703516,207.984375,0.75,10.0
DOR,F227C,F227C,1,10,5025.125628140703,242.15625,0.75,10.0
DOR,F227C,F227C,1,15,7537.688442211055,277.59375,0.75,10.0
DOR,F227C,F227C,1,20,10050.251256281406,221.90625,0.75,10.0
DOR,F227C,F227C,1,25,12562.814070351758,243.84375,0.75,10.0
DOR,F227C,F227C,1,30,15075.37688442211,214.734375,0.75,10.0
DOR,F227C,F227C,1,35,17587.93969849246,246.796875,0.75,10.0
DOR,F227C,F227C,1,40,20100.502512562813,218.109375,0.75,10.0
DOR,F227C,F227C,1,45,22613.065326633165,248.484375,0.75,10.0
DOR,F227C,F227C,1,50,25125.628140703517,229.5,0.75,10.0
DOR,F227C,F227C,1,55,27638.19095477387,281.390625,0.75,10.0
DOR,F227C,F227C,1,60,30150.75376884422,223.171875,0.75,10.0
DOR,F227C,F227C,1,65,32663.316582914573,216.84375,0.75,10.0
DOR,F227C,F227C,1,70,35175.87939698492,211.78125,0.75,10.0
DOR,F227C,F227C,1,75,37688.44221105528,206.296875,0.75,10.0
DOR,F227C,F227C,1,80,40201.005025125625,234.984375,0.75,10.0
DOR,F227C,F227C,1,85,42713.56783919598,234.5625,0.75,10.0
DOR,F227C,F227C,1,90,45226.13065326633,280.125,0.75,10.0
DOR,F227C,F227C,1,95,47738.693467336685,234.5625,0.75,10.0
DOR,F227C,F227C,1,100,50251.25628140703,268.3125,0.75,10.0
DOR,F227C,F227C,1,105,52763.81909547739,224.4375,0.75,10.0
DOR,F227C,F227C,1,110,55276.38190954774,241.734375,0.75,10.0
DOR,F227C,F227C,1,115,57788.94472361809,216.421875,0.75,10.0
DOR,F227C,F227C,1,120,60301.50753768844,260.296875,0.75,10.0
DOR,F227C,F227C,1,125,62814.0703517588,231.609375,0.75,10.0
DOR,F227C,F227C,1,130,65326.633165829146,243.84375,0.75,10.0
DOR,F227C,F227C,1,135,67839.1959798995,248.484375,0.75,10.0
DOR,F227C,F227C,1,140,70351.75879396984,243.0,0.75,10.0
DOR,F227C,F227C,1,145,72864.3216080402,175.921875,0.75,10.0
DOR,F227C,F227C,1,150,75376.88442211055,247.640625,0.75,10.0
DOR,F227C,F227C,1,155,77889.4472361809,238.359375,0.75,10.0
DOR,F227C,F227C,1,160,80402.01005025125,250.59375,0.75,10.0
DOR,F227C,F227C,1,165,82914.57286432161,257.34375,0.75,10.0
DOR,F227C,F227C,1,170,85427.13567839196,283.921875,0.75,10.0
DOR,F227C,F227C,1,175,87939.69849246231,272.109375,0.75,10.0
DOR,F227C,F227C,1,180,90452.26130653266,319.359375,0.75,10.0
DOR,F227C,F227C,1,185,92964.82412060302,268.3125,0.75,10.0
DOR,F227C,F227C,1,190,95477.38693467336,258.609375,0.75,10.0
DOR,F227C,F227C,1,195,97989.94974874372,219.796875,0.75,10.0
DOR,F227C,F227C,2,0,0.0,251.4375,0.75,10.0
DOR,F227C,F227C,2,5,1961.2060301507536,208.828125,0.75,10.0
DOR,F227C,F227C,2,10,3922.412060301507,215.578125,0.75,10.0
DOR,F227C,F227C,2,15,5883.618090452262,185.625,0.75,10.0
DOR,F227C,F227C,2,20,7844.824120603015,183.9375,0.75,10.0
DOR,F227C,F227C,2,25,9806.03015075377,191.109375,0.75,10.0
DOR,F227C,F227C,2,30,11767.236180904523,204.609375,0.75,10.0
DOR,F227C,F227C,2,35,13728.442211055277,171.28125,0.75,10.0
DOR,F227C,F227C,2,40,15689.64824120603,168.75,0.75,10.0
DOR,F227C,F227C,2,45,17650.854271356784,208.828125,0.75,10.0
DOR,F227C,F227C,2,50,19612.06030150754,169.59375,0.75,10.0
DOR,F227C,F227C,2,55,21573.26633165829,184.359375,0.75,10.0
DOR,F227C,F227C,2,60,23534.472361809047,181.40625,0.75,10.0
DOR,F227C,F227C,2,65,25495.6783919598,172.125,0.75,10.0
DOR,F227C,F227C,2,70,27456.884422110554,180.5625,0.75,10.0
DOR,F227C,F227C,2,75,29418.090452261305,198.28125,0.75,10.0
DOR,F227C,F227C,2,80,31379.29648241206,197.4375,0.75,10.0
DOR,F227C,F227C,2,85,33340.502512562816,198.28125,0.75,10.0
DOR,F227C,F227C,2,90,35301.70854271357,194.90625,0.75,10.0
DOR,F227C,F227C,2,95,37262.91457286432,192.796875,0.75,10.0
DOR,F227C,F227C,2,100,39224.12060301508,204.609375,0.75,10.0
DOR,F227C,F227C,2,105,41185.32663316583,251.4375,0.75,10.0
DOR,F227C,F227C,2,110,43146.53266331658,207.5625,0.75,10.0
DOR,F227C,F227C,2,115,45107.738693467334,221.90625,0.75,10.0
DOR,F227C,F227C,2,120,47068.94472361809,206.71875,0.75,10.0
DOR,F227C,F227C,2,125,49030.150753768845,218.109375,0.75,10.0
DOR,F227C,F227C,2,130,50991.3567839196,201.65625,0.75,10.0
DOR,F227C,F227C,2,135,52952.56281407035,232.453125,0.75,10.0
DOR,F227C,F227C,2,140,54913.76884422111,235.828125,0.75,10.0
DOR,F227C,F227C,2,145,56874.97487437186,259.03125,0.75,10.0
DOR,F227C,F227C,2,150,58836.18090452261,208.828125,0.75,10.0
DOR,F227C,F227C,2,155,60797.38693467337,219.375,0.75,10.0
DOR,F227C,F227C,2,160,62758.59296482412,199.125,0.75,10.0
DOR,F227C,F227C,2,165,64719.79899497487,202.078125,0.75,10.0
DOR,F227C,F227C,2,170,66681.00502512563,200.8125,0.75,10.0
DOR,F227C,F227C,2,175,68642.21105527638,258.609375,0.75,10.0
DOR,F227C,F227C,2,180,70603.41708542714,206.296875,0.75,10.0
DOR,F227C,F227C,2,185,72564.6231155779,213.046875,0.75,10.0
DOR,F227C,F227C,2,190,74525.82914572864,226.96875,0.75,10.0
DOR,F227C,F227C,2,195,76487.0351758794,216.421875,0.75,10.0
DOR,G190A,G190A,1,0,0.0,245.109375,0.75,10.0
DOR,G190A,G190A,1,5,2793.2960893854747,245.53125,0.75,10.0
DOR,G190A,G190A,1,10,5586.592178770949,202.5,0.75,10.0
DOR,G190A,G190A,1,15,8379.888268156425,239.625,0.75,10.0
DOR,G190A,G190A,1,20,11173.1843575419,200.390625,0.75,10.0
DOR,G190A,G190A,1,25,13966.480446927377,226.125,0.75,10.0
DOR,G190A,G190A,1,30,16759.77653631285,207.5625,0.75,10.0
DOR,G190A,G190A,1,35,19553.072625698325,227.8125,0.75,10.0
DOR,G190A,G190A,1,40,22346.3687150838,220.640625,0.75,10.0
DOR,G190A,G190A,1,45,25139.664804469274,218.109375,0.75,10.0
DOR,G190A,G190A,1,50,27932.96089385475,236.25,0.75,10.0
DOR,G190A,G190A,1,55,30726.256983240222,226.125,0.75,10.0
DOR,G190A,G190A,1,60,33519.5530726257,214.734375,0.75,10.0
DOR,G190A,G190A,1,65,36312.849162011174,273.796875,0.75,10.0
DOR,G190A,G190A,1,70,39106.14525139665,208.40625,0.75,10.0
DOR,G190A,G190A,1,75,41899.44134078212,261.984375,0.75,10.0
DOR,G190A,G190A,1,80,44692.737430167595,233.296875,0.75,10.0
DOR,G190A,G190A,1,85,47486.03351955307,228.65625,0.75,10.0
DOR,G190A,G190A,1,90,50279.32960893855,234.5625,0.75,10.0
DOR,G190A,G190A,1,95,53072.625698324024,280.125,0.75,10.0
DOR,G190A,G190A,1,100,55865.9217877095,205.453125,0.75,10.0
DOR,G190A,G190A,1,105,58659.21787709497,221.90625,0.75,10.0
DOR,G190A,G190A,1,110,61452.513966480445,191.53125,0.75,10.0
DOR,G190A,G190A,1,115,64245.81005586592,195.75,0.75,10.0
DOR,G190A,G190A,1,120,67039.1061452514,233.71875,0.75,10.0
DOR,G190A,G190A,1,125,69832.40223463687,200.390625,0.75,10.0
DOR,G190A,G190A,1,130,72625.69832402235,202.5,0.75,10.0
DOR,G190A,G190A,1,135,75418.99441340783,216.84375,0.75,10.0
DOR,G190A,G190A,1,140,78212.2905027933,220.21875,0.75,10.0
DOR,G190A,G190A,1,145,81005.58659217878,210.9375,0.75,10.0
DOR,G190A,G190A,1,150,83798.88268156424,232.453125,0.75,10.0
DOR,G190A,G190A,1,155,86592.17877094971,258.1875,0.75,10.0
DOR,G190A,G190A,1,160,89385.47486033519,234.5625,0.75,10.0
DOR,G190A,G190A,1,165,92178.77094972068,288.5625,0.75,10.0
DOR,G190A,G190A,1,170,94972.06703910614,222.328125,0.75,10.0
DOR,G190A,G190A,1,175,97765.36312849162,231.1875,0.75,10.0
DOR,G190A,G190A,2,0,0.0,264.9375,0.75,10.0
DOR,G190A,G190A,2,5,2793.2960893854747,204.609375,0.75,10.0
DOR,G190A,G190A,2,10,5586.592178770949,193.21875,0.75,10.0
DOR,G190A,G190A,2,15,8379.888268156425,256.5,0.75,10.0
DOR,G190A,G190A,2,20,11173.1843575419,188.15625,0.75,10.0
DOR,G190A,G190A,2,25,13966.480446927377,230.765625,0.75,10.0
DOR,G190A,G190A,2,30,16759.77653631285,249.75,0.75,10.0
DOR,G190A,G190A,2,35,19553.072625698325,236.25,0.75,10.0
DOR,G190A,G190A,2,40,22346.3687150838,218.109375,0.75,10.0
DOR,G190A,G190A,2,45,25139.664804469274,220.21875,0.75,10.0
DOR,G190A,G190A,2,50,27932.96089385475,247.640625,0.75,10.0
DOR,G190A,G190A,2,55,30726.256983240222,230.34375,0.75,10.0
DOR,G190A,G190A,2,60,33519.5530726257,250.59375,0.75,10.0
DOR,G190A,G190A,2,65,36312.849162011174,228.234375,0.75,10.0
DOR,G190A,G190A,2,70,39106.14525139665,260.71875,0.75,10.0
DOR,G190A,G190A,2,75,41899.44134078212,233.71875,0.75,10.0
DOR,G190A,G190A,2,80,44692.737430167595,270.421875,0.75,10.0
DOR,G190A,G190A,2,85,47486.03351955307,267.46875,0.75,10.0
DOR,G190A,G190A,2,90,50279.32960893855,259.03125,0.75,10.0
DOR,G190A,G190A,2,95,53072.625698324024,217.6875,0.75,10.0
DOR,G190A,G190A,2,100,55865.9217877095,242.15625,0.75,10.0
DOR,G190A,G190A,2,105,58659.21787709497,245.109375,0.75,10.0
DOR,G190A,G190A,2,110,61452.513966480445,210.09375,0.75,10.0
DOR,G190A,G190A,2,115,64245.81005586592,214.734375,0.75,10.0
DOR,G190A,G190A,2,120,67039.1061452514,239.625,0.75,10.0
DOR,G190A,G190A,2,125,69832.40223463687,223.171875,0.75,10.0
DOR,G190A,G190A,2,130,72625.69832402235,180.5625,0.75,10.0
DOR,G190A,G190A,2,135,75418.99441340783,212.625,0.75,10.0
DOR,G190A,G190A,2,140,78212.2905027933,215.15625,0.75,10.0
DOR,G190A,G190A,2,145,81005.58659217878,197.4375,0.75,10.0
DOR,G190A,G190A,2,150,83798.88268156424,207.5625,0.75,10.0
DOR,G190A,G190A,2,155,86592.17877094971,218.53125,0.75,10.0
DOR,G190A,G190A,2,160,89385.47486033519,237.09375,0.75,10.0
DOR,G190A,G190A,2,165,92178.77094972068,249.75,0.75,10.0
DOR,G190A,G190A,2,170,94972.06703910614,229.078125,0.75,10.0
DOR,G190A,G190A,2,175,97765.36312849162,200.390625,0.75,10.0
DOR,F227C,F227C,3,0,0.0,209.25,0.75,10.0
DOR,F227C,F227C,3,5,251.75879396984925,190.265625,0.75,10.0
DOR,F227C,F227C,3,10,503.5175879396985,240.890625,0.75,10.0
DOR,F227C,F227C,3,15,755.2763819095477,185.625,0.75,10.0
DOR,F227C,F227C,3,20,1007.035175879397,183.515625,0.75,10.0
DOR,F227C,F227C,3,25,1258.7939698492462,198.28125,0.75,10.0
DOR,F227C,F227C,3,30,1510.5527638190954,171.703125,0.75,10.0
DOR,F227C,F227C,3,35,1762.3115577889448,193.640625,0.75,10.0
DOR,F227C,F227C,3,40,2014.070351758794,179.71875,0.75,10.0
DOR,F227C,F227C,3,45,2265.829145728643,182.671875,0.75,10.0
DOR,F227C,F227C,3,50,2517.5879396984924,195.328125,0.75,10.0
DOR,F227C,F227C,3,55,2769.3467336683416,204.1875,0.75,10.0
DOR,F227C,F227C,3,60,3021.105527638191,181.40625,0.75,10.0
DOR,F227C,F227C,3,65,3272.8643216080404,180.140625,0.75,10.0
DOR,F227C,F227C,3,70,3524.6231155778896,195.75,0.75,10.0
DOR,F227C,F227C,3,75,3776.381909547739,205.875,0.75,10.0
DOR,F227C,F227C,3,80,4028.140703517588,217.265625,0.75,10.0
DOR,F227C,F227C,3,85,4279.899497487437,218.953125,0.75,10.0
DOR,F227C,F227C,3,90,4531.658291457286,225.28125,0.75,10.0
DOR,F227C,F227C,3,95,4783.417085427136,214.3125,0.75,10.0
DOR,F227C,F227C,3,100,5035.175879396985,270.84375,0.75,10.0
DOR,F227C,F227C,3,105,5286.934673366834,279.703125,0.75,10.0
DOR,F227C,F227C,3,110,5538.693467336683,256.5,0.75,10.0
DOR,F227C,F227C,3,115,5790.452261306533,272.109375,0.75,10.0
DOR,F227C,F227C,3,120,6042.211055276382,243.84375,0.75,10.0
DOR,F227C,F227C,3,125,6293.969849246231,235.828125,0.75,10.0
DOR,F227C,F227C,3,130,6545.728643216081,264.09375,0.75,10.0
DOR,F227C,F227C,3,135,6797.48743718593,226.125,0.75,10.0
DOR,F227C,F227C,3,140,7049.246231155779,284.765625,0.75,10.0
DOR,F227C,F227C,3,145,7301.005025125628,259.875,0.75,10.0
DOR,F227C,F227C,3,150,7552.763819095478,264.09375,0.75,10.0
DOR,F227C,F227C,3,155,7804.522613065326,268.3125,0.75,10.0
DOR,F227C,F227C,3,160,8056.281407035176,291.9375,0.75,10.0
DOR,F227C,F227C,3,165,8308.040201005026,332.015625,0.75,10.0
DOR,F227C,F227C,3,170,8559.798994974873,255.65625,0.75,10.0
DOR,F227C,F227C,3,175,8811.557788944723,259.03125,0.75,10.0
DOR,F227C,F227C,3,180,9063.316582914573,295.3125,0.75,10.0
DOR,F227C,F227C,3,185,9315.075376884422,237.09375,0.75,10.0
DOR,F227C,F227C,3,190,9566.834170854272,247.640625,0.75,10.0
DOR,F227C,F227C,3,195,9818.59296482412,284.765625,0.75,10.0
DOR,G190E,G190E,3,0,0.0,276.75,0.75,10.0
DOR,G190E,G190E,3,5,2607.536231884058,255.234375,0.75,10.0
DOR,G190E,G190E,3,10,5215.072463768116,306.703125,0.75,10.0
DOR,G190E,G190E,3,15,7822.608695652174,309.234375,0.75,10.0
DOR,G190E,G190E,3,20,10430.144927536232,289.40625,0.75,10.0
DOR,G190E,G190E,3,25,13037.68115942029,295.734375,0.75,10.0
DOR,G190E,G190E,3,30,15645.217391304348,327.796875,0.75,10.0
DOR,G190E,G190E,3,35,18252.753623188404,319.78125,0.75,10.0
DOR,G190E,G190E,3,40,20860.289855072464,292.78125,0.75,10.0
DOR,G190E,G190E,3,45,23467.82608695652,316.828125,0.75,10.0
DOR,G190E,G190E,3,50,26075.36231884058,291.09375,0.75,10.0
DOR,G190E,G190E,3,55,28682.898550724636,239.203125,0.75,10.0
DOR,G190E,G190E,3,60,31290.434782608696,317.671875,0.75,10.0
DOR,G190E,G190E,3,65,33897.97101449275,297.84375,0.75,10.0
DOR,G190E,G190E,3,70,36505.50724637681,316.828125,0.75,10.0
DOR,G190E,G190E,3,75,39113.04347826087,292.359375,0.75,10.0
DOR,G190E,G190E,3,80,41720.57971014493,256.921875,0.75,10.0
DOR,G190E,G190E,3,85,44328.115942028984,291.09375,0.75,10.0
DOR,G190E,G190E,3,90,46935.65217391304,272.109375,0.75,10.0
DOR,G190E,G190E,3,95,49543.188405797104,299.953125,0.75,10.0
DOR,G190E,G190E,3,100,52150.72463768116,244.265625,0.75,10.0
DOR,G190E,G190E,3,105,54758.260869565216,271.6875,0.75,10.0
DOR,G190E,G190E,3,110,57365.79710144927,281.8125,0.75,10.0
DOR,G190E,G190E,3,115,59973.333333333336,309.234375,0.75,10.0
DOR,G190E,G190E,3,120,62580.86956521739,234.5625,0.75,10.0
DOR,G190E,G190E,3,125,65188.40579710145,240.890625,0.75,10.0
DOR,G190E,G190E,3,130,67795.9420289855,275.0625,0.75,10.0
DOR,G190E,G190E,3,135,70403.47826086957,209.25,0.75,10.0
DOR,G190A,G190A,3,0,0.0,234.140625,0.75,10.0
DOR,G190A,G190A,3,5,2793.2960893854747,224.4375,0.75,10.0
DOR,G190A,G190A,3,10,5586.592178770949,220.21875,0.75,10.0
DOR,G190A,G190A,3,15,8379.888268156425,259.03125,0.75,10.0
DOR,G190A,G190A,3,20,11173.1843575419,198.28125,0.75,10.0
DOR,G190A,G190A,3,25,13966.480446927377,227.390625,0.75,10.0
DOR,G190A,G190A,3,30,16759.77653631285,198.28125,0.75,10.0
DOR,G190A,G190A,3,35,19553.072625698325,190.6875,0.75,10.0
DOR,G190A,G190A,3,40,22346.3687150838,233.296875,0.75,10.0
DOR,G190A,G190A,3,45,25139.664804469274,266.625,0.75,10.0
DOR,G190A,G190A,3,50,27932.96089385475,231.1875,0.75,10.0
DOR,G190A,G190A,3,55,30726.256983240222,252.703125,0.75,10.0
DOR,G190A,G190A,3,60,33519.5530726257,209.671875,0.75,10.0
DOR,G190A,G190A,3,65,36312.849162011174,230.34375,0.75,10.0
DOR,G190A,G190A,3,70,39106.14525139665,224.015625,0.75,10.0
DOR,G190A,G190A,3,75,41899.44134078212,243.0,0.75,10.0
DOR,G190A,G190A,3,80,44692.737430167595,222.75,0.75,10.0
DOR,G190A,G190A,3,85,47486.03351955307,251.015625,0.75,10.0
DOR,G190A,G190A,3,90,50279.32960893855,244.265625,0.75,10.0
DOR,G190A,G190A,3,95,53072.625698324024,255.65625,0.75,10.0
DOR,G190A,G190A,3,100,55865.9217877095,237.09375,0.75,10.0
DOR,G190A,G190A,3,105,58659.21787709497,227.8125,0.75,10.0
DOR,G190A,G190A,3,110,61452.513966480445,273.375,0.75,10.0
DOR,G190A,G190A,3,115,64245.81005586592,265.78125,0.75,10.0
DOR,G190A,G190A,3,120,67039.1061452514,231.1875,0.75,10.0
DOR,G190A,G190A,3,125,69832.40223463687,222.328125,0.75,10.0
DOR,G190A,G190A,3,130,72625.69832402235,273.796875,0.75,10.0
DOR,G190A,G190A,3,135,75418.99441340783,247.21875,0.75,10.0
DOR,G190A,G190A,3,140,78212.2905027933,245.109375,0.75,10.0
DOR,G190A,G190A,3,145,81005.58659217878,226.125,0.75,10.0
DOR,G190A,G190A,3,150,83798.88268156424,223.171875,0.75,10.0
DOR,G190A,G190A,3,155,86592.17877094971,231.1875,0.75,10.0
DOR,G190A,G190A,3,160,89385.47486033519,216.421875,0.75,10.0
DOR,G190A,G190A,3,165,92178.77094972068,242.578125,0.75,10.0
DOR,G190A,G190A,3,170,94972.06703910614,204.609375,0.75,10.0
DOR,G190A,G190A,3,175,97765.36312849162,239.203125,0.75,10.0
DOR,G190E,G190E,2,0,0.0,183.09375,0.75,10.0
DOR,G190E,G190E,2,5,2793.2960893854747,217.6875,0.75,10.0
DOR,G190E,G190E,2,10,5586.592178770949,266.203125,0.75,10.0
DOR,G190E,G190E,2,15,8379.888268156425,224.4375,0.75,10.0
DOR,G190E,G190E,2,20,11173.1843575419,259.03125,0.75,10.0
DOR,G190E,G190E,2,25,13966.480446927377,228.234375,0.75,10.0
DOR,G190E,G190E,2,30,16759.77653631285,219.796875,0.75,10.0
DOR,G190E,G190E,2,35,19553.072625698325,235.40625,0.75,10.0
DOR,G190E,G190E,2,40,22346.3687150838,229.078125,0.75,10.0
DOR,G190E,G190E,2,45,25139.664804469274,190.265625,0.75,10.0
DOR,G190E,G190E,2,50,27932.96089385475,289.828125,0.75,10.0
DOR,G190E,G190E,2,55,30726.256983240222,302.0625,0.75,10.0
DOR,G190E,G190E,2,60,33519.5530726257,248.0625,0.75,10.0
DOR,G190E,G190E,2,65,36312.849162011174,271.6875,0.75,10.0
DOR,G190E,G190E,2,70,39106.14525139665,287.296875,0.75,10.0
DOR,G190E,G190E,2,75,41899.44134078212,292.78125,0.75,10.0
DOR,G190E,G190E,2,80,44692.737430167595,365.34375,0.75,10.0
DOR,G190E,G190E,2,85,47486.03351955307,253.546875,0.75,10.0
DOR,G190E,G190E,2,90,50279.32960893855,307.96875,0.75,10.0
DOR,G190E,G190E,2,95,53072.625698324024,305.4375,0.75,10.0
DOR,G190E,G190E,2,100,55865.9217877095,286.875,0.75,10.0
DOR,G190E,G190E,2,105,58659.21787709497,323.578125,0.75,10.0
DOR,G190E,G190E,2,110,61452.513966480445,349.3125,0.75,10.0
DOR,G190E,G190E,2,115,64245.81005586592,311.765625,0.75,10.0
DOR,G190E,G190E,2,120,67039.1061452514,335.8125,0.75,10.0
DOR,G190E,G190E,2,125,69832.40223463687,261.984375,0.75,10.0
DOR,G190E,G190E,2,130,72625.69832402235,335.390625,0.75,10.0
DOR,G190E,G190E,2,135,75418.99441340783,295.3125,0.75,10.0
DOR,G190E,G190E,2,140,78212.2905027933,332.015625,0.75,10.0
DOR,G190E,G190E,2,145,81005.58659217878,342.5625,0.75,10.0
DOR,G190E,G190E,2,150,83798.88268156424,313.453125,0.75,10.0
DOR,G190E,G190E,2,155,86592.17877094971,293.203125,0.75,10.0
DOR,G190E,G190E,2,160,89385.47486033519,324.421875,0.75,10.0
DOR,G190E,G190E,2,165,92178.77094972068,332.4375,0.75,10.0
DOR,G190E,G190E,2,170,94972.06703910614,312.609375,0.75,10.0
DOR,G190E,G190E,2,175,97765.36312849162,282.234375,0.75,10.0
DOR,G190E,G190E,1,0,0.0,239.625,0.75,10.0
DOR,G190E,G190E,1,5,2793.2960893854747,298.265625,0.75,10.0
DOR,G190E,G190E,1,10,5586.592178770949,212.203125,0.75,10.0
DOR,G190E,G190E,1,15,8379.888268156425,313.875,0.75,10.0
DOR,G190E,G190E,1,20,11173.1843575419,294.890625,0.75,10.0
DOR,G190E,G190E,1,25,13966.480446927377,321.046875,0.75,10.0
DOR,G190E,G190E,1,30,16759.77653631285,248.90625,0.75,10.0
DOR,G190E,G190E,1,35,19553.072625698325,300.796875,0.75,10.0
DOR,G190E,G190E,1,40,22346.3687150838,265.78125,0.75,10.0
DOR,G190E,G190E,1,45,25139.664804469274,214.3125,0.75,10.0
DOR,G190E,G190E,1,50,27932.96089385475,280.546875,0.75,10.0
DOR,G190E,G190E,1,55,30726.256983240222,325.6875,0.75,10.0
DOR,G190E,G190E,1,60,33519.5530726257,308.8125,0.75,10.0
DOR,G190E,G190E,1,65,36312.849162011174,276.328125,0.75,10.0
DOR,G190E,G190E,1,70,39106.14525139665,279.703125,0.75,10.0
DOR,G190E,G190E,1,75,41899.44134078212,300.375,0.75,10.0
DOR,G190E,G190E,1,80,44692.737430167595,280.96875,0.75,10.0
DOR,G190E,G190E,1,85,47486.03351955307,306.703125,0.75,10.0
DOR,G190E,G190E,1,90,50279.32960893855,371.25,0.75,10.0
DOR,G190E,G190E,1,95,53072.625698324024,324.0,0.75,10.0
DOR,G190E,G190E,1,100,55865.9217877095,263.671875,0.75,10.0
DOR,G190E,G190E,1,105,58659.21787709497,289.40625,0.75,10.0
DOR,G190E,G190E,1,110,61452.513966480445,334.125,0.75,10.0
DOR,G190E,G190E,1,115,64245.81005586592,286.875,0.75,10.0
DOR,G190E,G190E,1,120,67039.1061452514,261.5625,0.75,10.0
DOR,G190E,G190E,1,125,69832.40223463687,325.265625,0.75,10.0
DOR,G190E,G190E,1,130,72625.69832402235,286.03125,0.75,10.0
DOR,G190E,G190E,1,135,75418.99441340783,320.203125,0.75,10.0
DOR,G190E,G190E,1,140,78212.2905027933,312.609375,0.75,10.0
DOR,G190E,G190E,1,145,81005.58659217878,281.390625,0.75,10.0
DOR,G190E,G190E,1,150,83798.88268156424,328.21875,0.75,10.0
DOR,G190E,G190E,1,155,86592.17877094971,308.390625,0.75,10.0
DOR,G190E,G190E,1,160,89385.47486033519,303.328125,0.75,10.0
DOR,G190E,G190E,1,165,92178.77094972068,289.828125,0.75,10.0
DOR,G190E,G190E,1,170,94972.06703910614,273.796875,0.75,10.0
DOR,G190E,G190E,1,175,97765.36312849162,263.25,0.75,10.0
DOR,G190S,G190S,1,0,0.0,233.296875,0.75,10.0
DOR,G190S,G190S,1,5,2564.102564102564,207.5625,0.75,10.0
DOR,G190S,G190S,1,10,5128.205128205128,216.0,0.75,10.0
DOR,G190S,G190S,1,15,7692.307692307692,266.203125,0.75,10.0
DOR,G190S,G190S,1,20,10256.410256410256,294.890625,0.75,10.0
DOR,G190S,G190S,1,25,12820.51282051282,295.734375,0.75,10.0
DOR,G190S,G190S,1,30,15384.615384615385,237.9375,0.75,10.0
DOR,G190S,G190S,1,35,17948.71794871795,270.0,0.75,10.0
DOR,G190S,G190S,1,40,20512.82051282051,326.53125,0.75,10.0
DOR,G190S,G190S,1,45,23076.92307692308,356.484375,0.75,10.0
DOR,G190S,G190S,1,50,25641.02564102564,362.390625,0.75,10.0
DOR,G190S,G190S,1,55,28205.128205128207,339.609375,0.75,10.0
DOR,G190S,G190S,1,60,30769.23076923077,297.0,0.75,10.0
DOR,G190S,G190S,1,65,33333.333333333336,325.265625,0.75,10.0
DOR,G190S,G190S,1,70,35897.4358974359,264.09375,0.75,10.0
DOR,G190S,G190S,1,75,38461.53846153846,277.171875,0.75,10.0
DOR,G190S,G190S,1,80,41025.64102564102,261.140625,0.75,10.0
DOR,G190S,G190S,1,85,43589.743589743586,303.75,0.75,10.0
DOR,G190S,G190S,1,90,46153.84615384616,305.4375,0.75,10.0
DOR,G190S,G190S,1,95,48717.94871794872,322.3125,0.75,10.0
DOR,G190S,G190S,1,100,51282.05128205128,303.328125,0.75,10.0
DOR,G190S,G190S,1,105,53846.15384615384,255.234375,0.75,10.0
DOR,G190S,G190S,1,110,56410.256410256414,293.203125,0.75,10.0
DOR,G190S,G190S,1,115,58974.35897435898,286.453125,0.75,10.0
DOR,G190S,G190S,1,120,61538.46153846154,275.0625,0.75,10.0
DOR,G190S,G190S,1,125,64102.5641025641,312.1875,0.75,10.0
DOR,G190S,G190S,1,130,66666.66666666667,300.375,0.75,10.0
DOR,G190S,G190S,1,135,69230.76923076923,308.390625,0.75,10.0
DOR,G190S,G190S,1,140,71794.8717948718,267.890625,0.75,10.0
DOR,G190S,G190S,1,145,74358.97435897436,327.796875,0.75,10.0
DOR,G190S,G190S,1,150,76923.07692307692,326.953125,0.75,10.0
DOR,G190S,G190S,1,155,79487.17948717948,325.265625,0.75,10.0
DOR,G190S,G190S,1,160,82051.28205128205,287.296875,0.75,10.0
DOR,G190S,G190S,1,165,84615.38461538461,310.921875,0.75,10.0
DOR,G190S,G190S,1,170,87179.48717948717,294.046875,0.75,10.0
DOR,G190S,G190S,1,175,89743.58974358975,261.984375,0.75,10.0
DOR,G190S,G190S,1,180,92307.69230769233,204.609375,0.75,10.0
DOR,G190S,G190S,1,185,94871.79487179487,279.28125,0.75,10.0
DOR,G190S,G190S,1,190,97435.89743589744,275.90625,0.75,10.0
DOR,G190S,G190S,1,195,100000.0,299.953125,0.75,10.0
DOR,K103N,K103N,1,0,0.0,226.96875,0.75,10.0
DOR,K103N,K103N,1,5,2793.2960893854747,271.265625,0.75,10.0
DOR,K103N,K103N,1,10,5586.592178770949,228.234375,0.75,10.0
DOR,K103N,K103N,1,15,8379.888268156425,250.171875,0.75,10.0
DOR,K103N,K103N,1,20,11173.1843575419,262.40625,0.75,10.0
DOR,K103N,K103N,1,25,13966.480446927377,221.0625,0.75,10.0
DOR,K103N,K103N,1,30,16759.77653631285,210.9375,0.75,10.0
DOR,K103N,K103N,1,35,19553.072625698325,273.375,0.75,10.0
DOR,K103N,K103N,1,40,22346.3687150838,262.828125,0.75,10.0
DOR,K103N,K103N,1,45,25139.664804469274,254.390625,0.75,10.0
DOR,K103N,K103N,1,50,27932.96089385475,227.8125,0.75,10.0
DOR,K103N,K103N,1,55,30726.256983240222,229.078125,0.75,10.0
DOR,K103N,K103N,1,60,33519.5530726257,237.09375,0.75,10.0
DOR,K103N,K103N,1,65,36312.849162011174,309.65625,0.75,10.0
DOR,K103N,K103N,1,70,39106.14525139665,245.53125,0.75,10.0
DOR,K103N,K103N,1,75,41899.44134078212,282.65625,0.75,10.0
DOR,K103N,K103N,1,80,44692.737430167595,279.703125,0.75,10.0
DOR,K103N,K103N,1,85,47486.03351955307,281.8125,0.75,10.0
DOR,K103N,K103N,1,90,50279.32960893855,202.921875,0.75,10.0
DOR,K103N,K103N,1,95,53072.625698324024,268.734375,0.75,10.0
DOR,K103N,K103N,1,100,55865.9217877095,275.0625,0.75,10.0
DOR,K103N,K103N,1,105,58659.21787709497,235.828125,0.75,10.0
DOR,K103N,K103N,1,110,61452.513966480445,288.984375,0.75,10.0
DOR,K103N,K103N,1,115,64245.81005586592,250.59375,0.75,10.0
DOR,K103N,K103N,1,120,67039.1061452514,229.078125,0.75,10.0
DOR,K103N,K103N,1,125,69832.40223463687,242.15625,0.75,10.0
DOR,K103N,K103N,1,130,72625.69832402235,249.328125,0.75,10.0
DOR,K103N,K103N,1,135,75418.99441340783,212.625,0.75,10.0
DOR,K103N,K103N,1,140,78212.2905027933,188.578125,0.75,10.0
DOR,K103N,K103N,1,145,81005.58659217878,251.015625,0.75,10.0
DOR,K103N,K103N,1,150,83798.88268156424,229.078125,0.75,10.0
DOR,K103N,K103N,1,155,86592.17877094971,223.59375,0.75,10.0
DOR,K103N,K103N,1,160,89385.47486033519,205.03125,0.75,10.0
DOR,K103N,K103N,1,165,92178.77094972068,208.40625,0.75,10.0
DOR,K103N,K103N,1,170,94972.06703910614,229.078125,0.75,10.0
DOR,K103N,K103N,1,175,97765.36312849162,222.75,0.75,10.0
DOR,G190S,G190S,2,0,0.0,189.84375,0.75,10.0
DOR,G190S,G190S,2,5,2793.2960893854747,240.46875,0.75,10.0
DOR,G190S,G190S,2,10,5586.592178770949,213.890625,0.75,10.0
DOR,G190S,G190S,2,15,8379.888268156425,213.046875,0.75,10.0
DOR,G190S,G190S,2,20,11173.1843575419,217.265625,0.75,10.0
DOR,G190S,G190S,2,25,13966.480446927377,242.578125,0.75,10.0
DOR,G190S,G190S,2,30,16759.77653631285,192.375,0.75,10.0
DOR,G190S,G190S,2,35,19553.072625698325,234.140625,0.75,10.0
DOR,G190S,G190S,2,40,22346.3687150838,193.640625,0.75,10.0
DOR,G190S,G190S,2,45,25139.664804469274,196.171875,0.75,10.0
DOR,G190S,G190S,2,50,27932.96089385475,194.0625,0.75,10.0
DOR,G190S,G190S,2,55,30726.256983240222,262.828125,0.75,10.0
DOR,G190S,G190S,2,60,33519.5530726257,190.6875,0.75,10.0
DOR,G190S,G190S,2,65,36312.849162011174,244.265625,0.75,10.0
DOR,G190S,G190S,2,70,39106.14525139665,246.375,0.75,10.0
DOR,G190S,G190S,2,75,41899.44134078212,266.203125,0.75,10.0
DOR,G190S,G190S,2,80,44692.737430167595,256.5,0.75,10.0
DOR,G190S,G190S,2,85,47486.03351955307,265.78125,0.75,10.0
DOR,G190S,G190S,2,90,50279.32960893855,259.875,0.75,10.0
DOR,G190S,G190S,2,95,53072.625698324024,296.15625,0.75,10.0
DOR,G190S,G190S,2,100,55865.9217877095,272.109375,0.75,10.0
DOR,G190S,G190S,2,105,58659.21787709497,239.625,0.75,10.0
DOR,G190S,G190S,2,110,61452.513966480445,258.1875,0.75,10.0
DOR,G190S,G190S,2,115,64245.81005586592,265.359375,0.75,10.0
DOR,G190S,G190S,2,120,67039.1061452514,258.1875,0.75,10.0
DOR,G190S,G190S,2,125,69832.40223463687,204.609375,0.75,10.0
DOR,G190S,G190S,2,130,72625.69832402235,214.734375,0.75,10.0
DOR,G190S,G190S,2,135,75418.99441340783,185.203125,0.75,10.0
DOR,G190S,G190S,2,140,78212.2905027933,205.453125,0.75,10.0
DOR,G190S,G190S,2,145,81005.58659217878,221.0625,0.75,10.0
DOR,G190S,G190S,2,150,83798.88268156424,227.8125,0.75,10.0
DOR,G190S,G190S,2,155,86592.17877094971,224.015625,0.75,10.0
DOR,G190S,G190S,2,160,89385.47486033519,255.234375,0.75,10.0
DOR,G190S,G190S,2,165,92178.77094972068,197.015625,0.75,10.0
DOR,G190S,G190S,2,170,94972.06703910614,222.75,0.75,10.0
DOR,G190S,G190S,2,175,97765.36312849162,212.625,0.75,10.0
DOR,G190S,G190S,3,0,0.0,196.59375,0.75,10.0
DOR,G190S,G190S,3,5,2564.102564102564,231.1875,0.75,10.0
DOR,G190S,G190S,3,10,5128.205128205128,231.1875,0.75,10.0
DOR,G190S,G190S,3,15,7692.307692307692,224.015625,0.75,10.0
DOR,G190S,G190S,3,20,10256.410256410256,219.796875,0.75,10.0
DOR,G190S,G190S,3,25,12820.51282051282,197.859375,0.75,10.0
DOR,G190S,G190S,3,30,15384.615384615385,223.171875,0.75,10.0
DOR,G190S,G190S,3,35,17948.71794871795,206.296875,0.75,10.0
DOR,G190S,G190S,3,40,20512.82051282051,250.59375,0.75,10.0
DOR,G190S,G190S,3,45,23076.92307692308,270.421875,0.75,10.0
DOR,G190S,G190S,3,50,25641.02564102564,230.34375,0.75,10.0
DOR,G190S,G190S,3,55,28205.128205128207,262.828125,0.75,10.0
DOR,G190S,G190S,3,60,30769.23076923077,289.40625,0.75,10.0
DOR,G190S,G190S,3,65,33333.333333333336,263.671875,0.75,10.0
DOR,G190S,G190S,3,70,35897.4358974359,253.96875,0.75,10.0
DOR,G190S,G190S,3,75,38461.53846153846,256.078125,0.75,10.0
DOR,G190S,G190S,3,80,41025.64102564102,395.71875,0.75,10.0
DOR,G190S,G190S,3,85,43589.743589743586,343.40625,0.75,10.0
DOR,G190S,G190S,3,90,46153.84615384616,353.109375,0.75,10.0
DOR,G190S,G190S,3,95,48717.94871794872,288.5625,0.75,10.0
DOR,G190S,G190S,3,100,51282.05128205128,370.828125,0.75,10.0
DOR,G190S,G190S,3,105,53846.15384615384,406.265625,0.75,10.0
DOR,G190S,G190S,3,110,56410.256410256414,294.46875,0.75,10.0
DOR,G190S,G190S,3,115,58974.35897435898,317.25,0.75,10.0
DOR,G190S,G190S,3,120,61538.46153846154,281.390625,0.75,10.0
DOR,G190S,G190S,3,125,64102.5641025641,325.6875,0.75,10.0
DOR,G190S,G190S,3,130,66666.66666666667,260.296875,0.75,10.0
DOR,G190S,G190S,3,135,69230.76923076923,266.203125,0.75,10.0
DOR,G190S,G190S,3,140,71794.8717948718,317.25,0.75,10.0
DOR,G190S,G190S,3,145,74358.97435897436,307.96875,0.75,10.0
DOR,G190S,G190S,3,150,76923.07692307692,391.921875,0.75,10.0
DOR,G190S,G190S,3,155,79487.17948717948,340.453125,0.75,10.0
DOR,G190S,G190S,3,160,82051.28205128205,323.578125,0.75,10.0
DOR,G190S,G190S,3,165,84615.38461538461,323.15625,0.75,10.0
DOR,G190S,G190S,3,170,87179.48717948717,285.1875,0.75,10.0
DOR,G190S,G190S,3,175,89743.58974358975,299.953125,0.75,10.0
DOR,G190S,G190S,3,180,92307.69230769233,295.3125,0.75,10.0
DOR,G190S,G190S,3,185,94871.79487179487,330.328125,0.75,10.0
DOR,G190S,G190S,3,190,97435.89743589744,356.484375,0.75,10.0
DOR,G190S,G190S,3,195,100000.0,294.890625,0.75,10.0
DOR,K103N,K103N,2,0,0.0,251.015625,0.75,10.0
DOR,K103N,K103N,2,5,2793.2960893854747,260.296875,0.75,10.0
DOR,K103N,K103N,2,10,5586.592178770949,221.484375,0.75,10.0
DOR,K103N,K103N,2,15,8379.888268156425,238.359375,0.75,10.0
DOR,K103N,K103N,2,20,11173.1843575419,194.484375,0.75,10.0
DOR,K103N,K103N,2,25,13966.480446927377,222.75,0.75,10.0
DOR,K103N,K103N,2,30,16759.77653631285,253.546875,0.75,10.0
DOR,K103N,K103N,2,35,19553.072625698325,240.890625,0.75,10.0
DOR,K103N,K103N,2,40,22346.3687150838,245.109375,0.75,10.0
DOR,K103N,K103N,2,45,25139.664804469274,266.203125,0.75,10.0
DOR,K103N,K103N,2,50,27932.96089385475,225.28125,0.75,10.0
DOR,K103N,K103N,2,55,30726.256983240222,199.96875,0.75,10.0
DOR,K103N,K103N,2,60,33519.5530726257,240.046875,0.75,10.0
DOR,K103N,K103N,2,65,36312.849162011174,239.203125,0.75,10.0
DOR,K103N,K103N,2,70,39106.14525139665,259.453125,0.75,10.0
DOR,K103N,K103N,2,75,41899.44134078212,208.40625,0.75,10.0
DOR,K103N,K103N,2,80,44692.737430167595,236.671875,0.75,10.0
DOR,K103N,K103N,2,85,47486.03351955307,217.6875,0.75,10.0
DOR,K103N,K103N,2,90,50279.32960893855,261.140625,0.75,10.0
DOR,K103N,K103N,2,95,53072.625698324024,283.078125,0.75,10.0
DOR,K103N,K103N,2,100,55865.9217877095,219.796875,0.75,10.0
DOR,K103N,K103N,2,105,58659.21787709497,237.09375,0.75,10.0
DOR,K103N,K103N,2,110,61452.513966480445,187.734375,0.75,10.0
DOR,K103N,K103N,2,115,64245.81005586592,175.921875,0.75,10.0
DOR,K103N,K103N,2,120,67039.1061452514,277.59375,0.75,10.0
DOR,K103N,K103N,2,125,69832.40223463687,224.859375,0.75,10.0
DOR,K103N,K103N,2,130,72625.69832402235,282.65625,0.75,10.0
DOR,K103N,K103N,2,135,75418.99441340783,234.5625,0.75,10.0
DOR,K103N,K103N,2,140,78212.2905027933,238.78125,0.75,10.0
DOR,K103N,K103N,2,145,81005.58659217878,244.265625,0.75,10.0
DOR,K103N,K103N,2,150,83798.88268156424,193.21875,0.75,10.0
DOR,K103N,K103N,2,155,86592.17877094971,222.75,0.75,10.0
DOR,K103N,K103N,2,160,89385.47486033519,247.640625,0.75,10.0
DOR,K103N,K103N,2,165,92178.77094972068,202.5,0.75,10.0
DOR,K103N,K103N,2,170,94972.06703910614,258.609375,0.75,10.0
DOR,K103N,K103N,2,175,97765.36312849162,211.78125,0.75,10.0
DOR,K103N,K103N,3,0,0.0,231.1875,0.75,10.0
DOR,K103N,K103N,3,5,2793.2960893854747,253.125,0.75,10.0
DOR,K103N,K103N,3,10,5586.592178770949,216.0,0.75,10.0
DOR,K103N,K103N,3,15,8379.888268156425,253.96875,0.75,10.0
DOR,K103N,K103N,3,20,11173.1843575419,255.65625,0.75,10.0
DOR,K103N,K103N,3,25,13966.480446927377,234.5625,0.75,10.0
DOR,K103N,K103N,3,30,16759.77653631285,237.515625,0.75,10.0
DOR,K103N,K103N,3,35,19553.072625698325,236.25,0.75,10.0
DOR,K103N,K103N,3,40,22346.3687150838,228.234375,0.75,10.0
DOR,K103N,K103N,3,45,25139.664804469274,237.515625,0.75,10.0
DOR,K103N,K103N,3,50,27932.96089385475,246.375,0.75,10.0
DOR,K103N,K103N,3,55,30726.256983240222,250.59375,0.75,10.0
DOR,K103N,K103N,3,60,33519.5530726257,253.546875,0.75,10.0
DOR,K103N,K103N,3,65,36312.849162011174,207.5625,0.75,10.0
DOR,K103N,K103N,3,70,39106.14525139665,220.21875,0.75,10.0
DOR,K103N,K103N,3,75,41899.44134078212,227.390625,0.75,10.0
DOR,K103N,K103N,3,80,44692.737430167595,254.8125,0.75,10.0
DOR,K103N,K103N,3,85,47486.03351955307,204.609375,0.75,10.0
DOR,K103N,K103N,3,90,50279.32960893855,217.265625,0.75,10.0
DOR,K103N,K103N,3,95,53072.625698324024,191.953125,0.75,10.0
DOR,K103N,K103N,3,100,55865.9217877095,213.46875,0.75,10.0
DOR,K103N,K103N,3,105,58659.21787709497,202.921875,0.75,10.0
DOR,K103N,K103N,3,110,61452.513966480445,206.296875,0.75,10.0
DOR,K103N,K103N,3,115,64245.81005586592,187.734375,0.75,10.0
DOR,K103N,K103N,3,120,67039.1061452514,216.421875,0.75,10.0
DOR,K103N,K103N,3,125,69832.40223463687,246.796875,0.75,10.0
DOR,K103N,K103N,3,130,72625.69832402235,243.84375,0.75,10.0
DOR,K103N,K103N,3,135,75418.99441340783,251.4375,0.75,10.0
DOR,K103N,K103N,3,140,78212.2905027933,244.6875,0.75,10.0
DOR,K103N,K103N,3,145,81005.58659217878,225.28125,0.75,10.0
DOR,K103N,K103N,3,150,83798.88268156424,267.46875,0.75,10.0
DOR,K103N,K103N,3,155,86592.17877094971,237.515625,0.75,10.0
DOR,K103N,K103N,3,160,89385.47486033519,266.203125,0.75,10.0
DOR,K103N,K103N,3,165,92178.77094972068,260.296875,0.75,10.0
DOR,K103N,K103N,3,170,94972.06703910614,222.328125,0.75,10.0
DOR,K103N,K103N,3,175,97765.36312849162,207.5625,0.75,10.0
DOR,K103N+M230L,K103N_M230L,1,0,0.0,263.671875,0.75,10.0
DOR,K103N+M230L,K103N_M230L,1,5,2564.102564102564,224.015625,0.75,10.0
DOR,K103N+M230L,K103N_M230L,1,10,5128.205128205128,232.453125,0.75,10.0
DOR,K103N+M230L,K103N_M230L,1,15,7692.307692307692,188.15625,0.75,10.0
DOR,K103N+M230L,K103N_M230L,1,20,10256.410256410256,251.4375,0.75,10.0
DOR,K103N+M230L,K103N_M230L,1,25,12820.51282051282,235.828125,0.75,10.0
DOR,K103N+M230L,K103N_M230L,1,30,15384.615384615385,215.15625,0.75,10.0
DOR,K103N+M230L,K103N_M230L,1,35,17948.71794871795,272.109375,0.75,10.0
DOR,K103N+M230L,K103N_M230L,1,40,20512.82051282051,236.671875,0.75,10.0
DOR,K103N+M230L,K103N_M230L,1,45,23076.92307692308,291.9375,0.75,10.0
DOR,K103N+M230L,K103N_M230L,1,50,25641.02564102564,291.515625,0.75,10.0
DOR,K103N+M230L,K103N_M230L,1,55,28205.128205128207,240.046875,0.75,10.0
DOR,K103N+M230L,K103N_M230L,1,60,30769.23076923077,195.328125,0.75,10.0
DOR,K103N+M230L,K103N_M230L,1,65,33333.333333333336,248.484375,0.75,10.0
DOR,K103N+M230L,K103N_M230L,1,70,35897.4358974359,214.3125,0.75,10.0
DOR,K103N+M230L,K103N_M230L,1,75,38461.53846153846,291.515625,0.75,10.0
DOR,K103N+M230L,K103N_M230L,1,80,41025.64102564102,283.5,0.75,10.0
DOR,K103N+M230L,K103N_M230L,1,85,43589.743589743586,316.828125,0.75,10.0
DOR,K103N+M230L,K103N_M230L,1,90,46153.84615384616,272.953125,0.75,10.0
DOR,K103N+M230L,K103N_M230L,1,95,48717.94871794872,234.140625,0.75,10.0
DOR,K103N+M230L,K103N_M230L,1,100,51282.05128205128,313.453125,0.75,10.0
DOR,K103N+M230L,K103N_M230L,1,105,53846.15384615384,240.46875,0.75,10.0
DOR,K103N+M230L,K103N_M230L,1,110,56410.256410256414,261.5625,0.75,10.0
DOR,K103N+M230L,K103N_M230L,1,115,58974.35897435898,291.9375,0.75,10.0
DOR,K103N+M230L,K103N_M230L,1,120,61538.46153846154,250.171875,0.75,10.0
DOR,K103N+M230L,K103N_M230L,1,125,64102.5641025641,281.390625,0.75,10.0
DOR,K103N+M230L,K103N_M230L,1,130,66666.66666666667,281.390625,0.75,10.0
DOR,K103N+M230L,K103N_M230L,1,135,69230.76923076923,294.46875,0.75,10.0
DOR,K103N+M230L,K103N_M230L,1,140,71794.8717948718,279.703125,0.75,10.0
DOR,K103N+M230L,K103N_M230L,1,145,74358.97435897436,291.515625,0.75,10.0
DOR,K103N+M230L,K103N_M230L,1,150,76923.07692307692,253.96875,0.75,10.0
DOR,K103N+M230L,K103N_M230L,1,155,79487.17948717948,297.0,0.75,10.0
DOR,K103N+M230L,K103N_M230L,1,160,82051.28205128205,298.6875,0.75,10.0
DOR,K103N+M230L,K103N_M230L,1,165,84615.38461538461,260.71875,0.75,10.0
DOR,K103N+M230L,K103N_M230L,1,170,87179.48717948717,279.28125,0.75,10.0
DOR,K103N+M230L,K103N_M230L,1,175,89743.58974358975,204.1875,0.75,10.0
DOR,K103N+M230L,K103N_M230L,1,180,92307.69230769233,216.0,0.75,10.0
DOR,K103N+M230L,K103N_M230L,1,185,94871.79487179487,240.890625,0.75,10.0
DOR,K103N+M230L,K103N_M230L,1,190,97435.89743589744,241.3125,0.75,10.0
DOR,K103N+M230L,K103N_M230L,1,195,100000.0,222.75,0.75,10.0
DOR,K103N+M230L,K103N_M230L,2,0,0.0,244.265625,0.75,10.0
DOR,K103N+M230L,K103N_M230L,2,5,2793.2960893854747,311.765625,0.75,10.0
DOR,K103N+M230L,K103N_M230L,2,10,5586.592178770949,317.25,0.75,10.0
DOR,K103N+M230L,K103N_M230L,2,15,8379.888268156425,259.453125,0.75,10.0
DOR,K103N+M230L,K103N_M230L,2,20,11173.1843575419,264.515625,0.75,10.0
DOR,K103N+M230L,K103N_M230L,2,25,13966.480446927377,289.828125,0.75,10.0
DOR,K103N+M230L,K103N_M230L,2,30,16759.77653631285,304.171875,0.75,10.0
DOR,K103N+M230L,K103N_M230L,2,35,19553.072625698325,226.125,0.75,10.0
DOR,K103N+M230L,K103N_M230L,2,40,22346.3687150838,245.53125,0.75,10.0
DOR,K103N+M230L,K103N_M230L,2,45,25139.664804469274,231.1875,0.75,10.0
DOR,K103N+M230L,K103N_M230L,2,50,27932.96089385475,222.75,0.75,10.0
DOR,K103N+M230L,K103N_M230L,2,55,30726.256983240222,299.53125,0.75,10.0
DOR,K103N+M230L,K103N_M230L,2,60,33519.5530726257,272.53125,0.75,10.0
DOR,K103N+M230L,K103N_M230L,2,65,36312.849162011174,200.390625,0.75,10.0
DOR,K103N+M230L,K103N_M230L,2,70,39106.14525139665,239.203125,0.75,10.0
DOR,K103N+M230L,K103N_M230L,2,75,41899.44134078212,269.578125,0.75,10.0
DOR,K103N+M230L,K103N_M230L,2,80,44692.737430167595,255.65625,0.75,10.0
DOR,K103N+M230L,K103N_M230L,2,85,47486.03351955307,224.4375,0.75,10.0
DOR,K103N+M230L,K103N_M230L,2,90,50279.32960893855,248.90625,0.75,10.0
DOR,K103N+M230L,K103N_M230L,2,95,53072.625698324024,258.609375,0.75,10.0
DOR,K103N+M230L,K103N_M230L,2,100,55865.9217877095,207.140625,0.75,10.0
DOR,K103N+M230L,K103N_M230L,2,105,58659.21787709497,250.171875,0.75,10.0
DOR,K103N+M230L,K103N_M230L,2,110,61452.513966480445,259.453125,0.75,10.0
DOR,K103N+M230L,K103N_M230L,2,115,64245.81005586592,252.28125,0.75,10.0
DOR,K103N+M230L,K103N_M230L,2,120,67039.1061452514,297.421875,0.75,10.0
DOR,K103N+M230L,K103N_M230L,2,125,69832.40223463687,263.671875,0.75,10.0
DOR,K103N+M230L,K103N_M230L,2,130,72625.69832402235,219.375,0.75,10.0
DOR,K103N+M230L,K103N_M230L,2,135,75418.99441340783,258.609375,0.75,10.0
DOR,K103N+M230L,K103N_M230L,2,140,78212.2905027933,246.375,0.75,10.0
DOR,K103N+M230L,K103N_M230L,2,145,81005.58659217878,201.234375,0.75,10.0
DOR,K103N+M230L,K103N_M230L,2,150,83798.88268156424,175.5,0.75,10.0
DOR,K103N+M230L,K103N_M230L,2,155,86592.17877094971,238.78125,0.75,10.0
DOR,K103N+M230L,K103N_M230L,2,160,89385.47486033519,200.8125,0.75,10.0
DOR,K103N+M230L,K103N_M230L,2,165,92178.77094972068,216.0,0.75,10.0
DOR,K103N+M230L,K103N_M230L,2,170,94972.06703910614,219.796875,0.75,10.0
DOR,K103N+M230L,K103N_M230L,2,175,97765.36312849162,215.578125,0.75,10.0
DOR,K103N+P225H,K103N_P225H,1,0,0.0,286.453125,0.75,10.0
DOR,K103N+P225H,K103N_P225H,1,5,2614.84375,307.125,0.75,10.0
DOR,K103N+P225H,K103N_P225H,1,10,5229.6875,304.171875,0.75,10.0
DOR,K103N+P225H,K103N_P225H,1,15,7844.53125,282.65625,0.75,10.0
DOR,K103N+P225H,K103N_P225H,1,20,10459.375,287.71875,0.75,10.0
DOR,K103N+P225H,K103N_P225H,1,25,13074.21875,294.890625,0.75,10.0
DOR,K103N+P225H,K103N_P225H,1,30,15689.0625,248.90625,0.75,10.0
DOR,K103N+P225H,K103N_P225H,1,35,18303.90625,326.109375,0.75,10.0
DOR,K103N+P225H,K103N_P225H,1,40,20918.75,308.390625,0.75,10.0
DOR,K103N+P225H,K103N_P225H,1,45,23533.59375,259.453125,0.75,10.0
DOR,K103N+P225H,K103N_P225H,1,50,26148.4375,260.71875,0.75,10.0
DOR,K103N+P225H,K103N_P225H,1,55,28763.28125,398.25,0.75,10.0
DOR,K103N+P225H,K103N_P225H,1,60,31378.125,245.53125,0.75,10.0
DOR,K103N+P225H,K103N_P225H,1,65,33992.96875,232.03125,0.75,10.0
DOR,K103N+P225H,K103N_P225H,1,70,36607.8125,236.671875,0.75,10.0
DOR,K103N+P225H,K103N_P225H,1,75,39222.65625,247.640625,0.75,10.0
DOR,K103N+P225H,K103N_P225H,1,80,41837.5,253.125,0.75,10.0
DOR,K103N+P225H,K103N_P225H,1,85,44452.34375,191.109375,0.75,10.0
DOR,K103N+P225H,K103N_P225H,1,90,47067.1875,273.375,0.75,10.0
DOR,K103N+P225H,K103N_P225H,1,95,49682.03125,232.03125,0.75,10.0
DOR,K103N+P225H,K103N_P225H,1,100,52296.875,256.5,0.75,10.0
DOR,K103N+P225H,K103N_P225H,1,105,54911.71875,329.90625,0.75,10.0
DOR,K103N+P225H,K103N_P225H,1,110,57526.5625,264.09375,0.75,10.0
DOR,K103N+P225H,K103N_P225H,1,115,60141.40625,299.53125,0.75,10.0
DOR,K103N+P225H,K103N_P225H,1,120,62756.25,258.1875,0.75,10.0
DOR,K103N+P225H,K103N_P225H,1,125,65371.09375,245.109375,0.75,10.0
DOR,K103N+M230L,K103N_M230L,3,0,0.0,290.25,0.75,10.0
DOR,K103N+M230L,K103N_M230L,3,5,2793.2960893854747,274.640625,0.75,10.0
DOR,K103N+M230L,K103N_M230L,3,10,5586.592178770949,270.421875,0.75,10.0
DOR,K103N+M230L,K103N_M230L,3,15,8379.888268156425,229.921875,0.75,10.0
DOR,K103N+M230L,K103N_M230L,3,20,11173.1843575419,270.0,0.75,10.0
DOR,K103N+M230L,K103N_M230L,3,25,13966.480446927377,258.609375,0.75,10.0
DOR,K103N+M230L,K103N_M230L,3,30,16759.77653631285,294.046875,0.75,10.0
DOR,K103N+M230L,K103N_M230L,3,35,19553.072625698325,218.953125,0.75,10.0
DOR,K103N+M230L,K103N_M230L,3,40,22346.3687150838,255.234375,0.75,10.0
DOR,K103N+M230L,K103N_M230L,3,45,25139.664804469274,217.6875,0.75,10.0
DOR,K103N+M230L,K103N_M230L,3,50,27932.96089385475,261.140625,0.75,10.0
DOR,K103N+M230L,K103N_M230L,3,55,30726.256983240222,270.0,0.75,10.0
DOR,K103N+M230L,K103N_M230L,3,60,33519.5530726257,254.390625,0.75,10.0
DOR,K103N+M230L,K103N_M230L,3,65,36312.849162011174,265.78125,0.75,10.0
DOR,K103N+M230L,K103N_M230L,3,70,39106.14525139665,256.921875,0.75,10.0
DOR,K103N+M230L,K103N_M230L,3,75,41899.44134078212,253.96875,0.75,10.0
DOR,K103N+M230L,K103N_M230L,3,80,44692.737430167595,201.234375,0.75,10.0
DOR,K103N+M230L,K103N_M230L,3,85,47486.03351955307,222.75,0.75,10.0
DOR,K103N+M230L,K103N_M230L,3,90,50279.32960893855,200.8125,0.75,10.0
DOR,K103N+M230L,K103N_M230L,3,95,53072.625698324024,241.3125,0.75,10.0
DOR,K103N+M230L,K103N_M230L,3,100,55865.9217877095,307.96875,0.75,10.0
DOR,K103N+M230L,K103N_M230L,3,105,58659.21787709497,218.953125,0.75,10.0
DOR,K103N+M230L,K103N_M230L,3,110,61452.513966480445,224.859375,0.75,10.0
DOR,K103N+M230L,K103N_M230L,3,115,64245.81005586592,248.484375,0.75,10.0
DOR,K103N+M230L,K103N_M230L,3,120,67039.1061452514,229.5,0.75,10.0
DOR,K103N+M230L,K103N_M230L,3,125,69832.40223463687,265.78125,0.75,10.0
DOR,K103N+M230L,K103N_M230L,3,130,72625.69832402235,283.921875,0.75,10.0
DOR,K103N+M230L,K103N_M230L,3,135,75418.99441340783,217.265625,0.75,10.0
DOR,K103N+M230L,K103N_M230L,3,140,78212.2905027933,232.875,0.75,10.0
DOR,K103N+M230L,K103N_M230L,3,145,81005.58659217878,272.953125,0.75,10.0
DOR,K103N+M230L,K103N_M230L,3,150,83798.88268156424,226.546875,0.75,10.0
DOR,K103N+M230L,K103N_M230L,3,155,86592.17877094971,192.796875,0.75,10.0
DOR,K103N+M230L,K103N_M230L,3,160,89385.47486033519,273.375,0.75,10.0
DOR,K103N+M230L,K103N_M230L,3,165,92178.77094972068,275.484375,0.75,10.0
DOR,K103N+M230L,K103N_M230L,3,170,94972.06703910614,232.453125,0.75,10.0
DOR,K103N+M230L,K103N_M230L,3,175,97765.36312849162,240.46875,0.75,10.0
DOR,K103N+P225H,K103N_P225H,2,0,0.0,166.21875,0.75,10.0
DOR,K103N+P225H,K103N_P225H,2,5,139.55431754874652,207.140625,0.75,10.0
DOR,K103N+P225H,K103N_P225H,2,10,279.10863509749305,203.34375,0.75,10.0
DOR,K103N+P225H,K103N_P225H,2,15,418.66295264623955,183.515625,0.75,10.0
DOR,K103N+P225H,K103N_P225H,2,20,558.2172701949861,180.140625,0.75,10.0
DOR,K103N+P225H,K103N_P225H,2,25,697.7715877437325,218.109375,0.75,10.0
DOR,K103N+P225H,K103N_P225H,2,30,837.3259052924791,187.734375,0.75,10.0
DOR,K103N+P225H,K103N_P225H,2,35,976.8802228412256,179.71875,0.75,10.0
DOR,K103N+P225H,K103N_P225H,2,40,1116.4345403899722,215.578125,0.75,10.0
DOR,K103N+P225H,K103N_P225H,2,45,1255.9888579387186,237.09375,0.75,10.0
DOR,K103N+P225H,K103N_P225H,2,50,1395.543175487465,161.578125,0.75,10.0
DOR,K103N+P225H,K103N_P225H,2,55,1535.0974930362115,243.421875,0.75,10.0
DOR,K103N+P225H,K103N_P225H,2,60,1674.6518105849582,238.78125,0.75,10.0
DOR,K103N+P225H,K103N_P225H,2,65,1814.2061281337049,204.1875,0.75,10.0
DOR,K103N+P225H,K103N_P225H,2,70,1953.7604456824513,240.046875,0.75,10.0
DOR,K103N+P225H,K103N_P225H,2,75,2093.314763231198,222.75,0.75,10.0
DOR,K103N+P225H,K103N_P225H,2,80,2232.8690807799444,201.234375,0.75,10.0
DOR,K103N+P225H,K103N_P225H,2,85,2372.423398328691,207.140625,0.75,10.0
DOR,K103N+P225H,K103N_P225H,2,90,2511.9777158774373,218.953125,0.75,10.0
DOR,K103N+P225H,K103N_P225H,2,95,2651.5320334261837,214.3125,0.75,10.0
DOR,K103N+P225H,K103N_P225H,2,100,2791.08635097493,215.15625,0.75,10.0
DOR,K103N+P225H,K103N_P225H,2,105,2930.640668523677,232.875,0.75,10.0
DOR,K103N+P225H,K103N_P225H,2,110,3070.1949860724235,175.5,0.75,10.0
DOR,K103N+P225H,K103N_P225H,2,115,3209.74930362117,201.65625,0.75,10.0
DOR,K103N+P225H,K103N_P225H,2,120,3349.3036211699164,188.15625,0.75,10.0
DOR,K103N+P225H,K103N_P225H,2,125,3488.857938718663,213.046875,0.75,10.0
DOR,K103N+P225H,K103N_P225H,2,130,3628.4122562674097,205.453125,0.75,10.0
DOR,K103N+P225H,K103N_P225H,2,135,3767.966573816156,167.90625,0.75,10.0
DOR,K103N+P225H,K103N_P225H,2,140,3907.5208913649026,190.6875,0.75,10.0
DOR,K103N+P225H,K103N_P225H,2,145,4047.075208913649,213.46875,0.75,10.0
DOR,K103N+P225H,K103N_P225H,2,150,4186.629526462396,180.140625,0.75,10.0
DOR,K103N+P225H,K103N_P225H,2,155,4326.183844011142,208.828125,0.75,10.0
DOR,K103N+P225H,K103N_P225H,2,160,4465.738161559889,214.3125,0.75,10.0
DOR,K103N+P225H,K103N_P225H,2,165,4605.292479108635,221.0625,0.75,10.0
DOR,K103N+P225H,K103N_P225H,2,170,4744.846796657382,232.875,0.75,10.0
DOR,K103N+P225H,K103N_P225H,2,175,4884.401114206128,224.4375,0.75,10.0
DOR,K103N+P225H,K103N_P225H,2,180,5023.955431754875,255.65625,0.75,10.0
DOR,K103N+P225H,K103N_P225H,2,185,5163.509749303621,268.734375,0.75,10.0
DOR,K103N+P225H,K103N_P225H,2,190,5303.064066852367,255.65625,0.75,10.0
DOR,K103N+P225H,K103N_P225H,2,195,5442.618384401114,264.09375,0.75,10.0
DOR,K103N+P225H,K103N_P225H,2,200,5582.17270194986,298.265625,0.75,10.0
DOR,K103N+P225H,K103N_P225H,2,205,5721.727019498608,267.46875,0.75,10.0
DOR,K103N+P225H,K103N_P225H,2,210,5861.281337047354,280.125,0.75,10.0
DOR,K103N+P225H,K103N_P225H,2,215,6000.8356545961005,266.625,0.75,10.0
DOR,K103N+P225H,K103N_P225H,2,220,6140.389972144847,244.265625,0.75,10.0
DOR,K103N+P225H,K103N_P225H,2,225,6279.944289693593,256.921875,0.75,10.0
DOR,K103N+P225H,K103N_P225H,2,230,6419.49860724234,234.5625,0.75,10.0
DOR,K103N+P225H,K103N_P225H,2,235,6559.052924791086,261.5625,0.75,10.0
DOR,K103N+P225H,K103N_P225H,2,240,6698.607242339833,265.78125,0.75,10.0
DOR,K103N+P225H,K103N_P225H,2,245,6838.161559888579,264.9375,0.75,10.0
DOR,K103N+P225H,K103N_P225H,2,250,6977.715877437326,265.359375,0.75,10.0
DOR,K103N+P225H,K103N_P225H,2,255,7117.270194986072,280.96875,0.75,10.0
DOR,K103N+P225H,K103N_P225H,2,260,7256.824512534819,298.6875,0.75,10.0
DOR,K103N+P225H,K103N_P225H,2,265,7396.378830083566,296.15625,0.75,10.0
DOR,K103N+P225H,K103N_P225H,2,270,7535.933147632312,301.640625,0.75,10.0
DOR,K103N+P225H,K103N_P225H,2,275,7675.487465181059,230.34375,0.75,10.0
DOR,K103N+P225H,K103N_P225H,2,280,7815.041782729805,294.046875,0.75,10.0
DOR,K103N+P225H,K103N_P225H,2,285,7954.596100278552,259.875,0.75,10.0
DOR,K103N+P225H,K103N_P225H,2,290,8094.150417827298,280.546875,0.75,10.0
DOR,K103N+P225H,K103N_P225H,2,295,8233.704735376044,202.921875,0.75,10.0
DOR,K103N+P225H,K103N_P225H,2,300,8373.259052924792,276.328125,0.75,10.0
DOR,K103N+P225H,K103N_P225H,2,305,8512.813370473537,234.140625,0.75,10.0
DOR,K103N+P225H,K103N_P225H,2,310,8652.367688022285,243.84375,0.75,10.0
DOR,K103N+P225H,K103N_P225H,2,315,8791.92200557103,267.46875,0.75,10.0
DOR,K103N+P225H,K103N_P225H,2,320,8931.476323119778,225.703125,0.75,10.0
DOR,K103N+P225H,K103N_P225H,2,325,9071.030640668523,213.890625,0.75,10.0
DOR,K103N+P225H,K103N_P225H,2,330,9210.58495821727,223.59375,0.75,10.0
DOR,K103N+P225H,K103N_P225H,2,335,9350.139275766016,269.15625,0.75,10.0
DOR,K103N+P225H,K103N_P225H,2,340,9489.693593314763,229.921875,0.75,10.0
DOR,K103N+P225H,K103N_P225H,2,345,9629.247910863509,207.5625,0.75,10.0
DOR,K103N+P225H,K103N_P225H,2,350,9768.802228412256,257.34375,0.75,10.0
DOR,K103N+P225H,K103N_P225H,2,355,9908.356545961004,257.34375,0.75,10.0
DOR,K103N+P225H,K103N_P225H,3,0,0.0,180.5625,0.75,10.0
DOR,K103N+P225H,K103N_P225H,3,5,1392.757660167131,224.4375,0.75,10.0
DOR,K103N+P225H,K103N_P225H,3,10,2785.515320334262,199.125,0.75,10.0
DOR,K103N+P225H,K103N_P225H,3,15,4178.272980501392,229.078125,0.75,10.0
DOR,K103N+P225H,K103N_P225H,3,20,5571.030640668524,190.265625,0.75,10.0
DOR,K103N+P225H,K103N_P225H,3,25,6963.788300835655,167.0625,0.75,10.0
DOR,K103N+P225H,K103N_P225H,3,30,8356.545961002785,191.109375,0.75,10.0
DOR,K103N+P225H,K103N_P225H,3,35,9749.303621169916,217.265625,0.75,10.0
DOR,K103N+P225H,K103N_P225H,3,40,11142.061281337048,197.4375,0.75,10.0
DOR,K103N+P225H,K103N_P225H,3,45,12534.818941504178,170.4375,0.75,10.0
DOR,K103N+P225H,K103N_P225H,3,50,13927.57660167131,215.15625,0.75,10.0
DOR,K103N+P225H,K103N_P225H,3,55,15320.33426183844,213.046875,0.75,10.0
DOR,K103N+P225H,K103N_P225H,3,60,16713.09192200557,208.40625,0.75,10.0
DOR,K103N+P225H,K103N_P225H,3,65,18105.8495821727,209.25,0.75,10.0
DOR,K103N+P225H,K103N_P225H,3,70,19498.607242339833,226.96875,0.75,10.0
DOR,K103N+P225H,K103N_P225H,3,75,20891.364902506964,213.46875,0.75,10.0
DOR,K103N+P225H,K103N_P225H,3,80,22284.122562674096,154.40625,0.75,10.0
DOR,K103N+P225H,K103N_P225H,3,85,23676.880222841224,203.34375,0.75,10.0
DOR,K103N+P225H,K103N_P225H,3,90,25069.637883008356,215.15625,0.75,10.0
DOR,K103N+P225H,K103N_P225H,3,95,26462.395543175488,210.09375,0.75,10.0
DOR,K103N+P225H,K103N_P225H,3,100,27855.15320334262,252.28125,0.75,10.0
DOR,K103N+P225H,K103N_P225H,3,105,29247.91086350975,224.015625,0.75,10.0
DOR,K103N+P225H,K103N_P225H,3,110,30640.66852367688,228.65625,0.75,10.0
DOR,K103N+P225H,K103N_P225H,3,115,32033.42618384401,197.4375,0.75,10.0
DOR,K103N+P225H,K103N_P225H,3,120,33426.18384401114,204.1875,0.75,10.0
DOR,K103N+P225H,K103N_P225H,3,125,34818.94150417827,228.234375,0.75,10.0
DOR,K103N+P225H,K103N_P225H,3,130,36211.6991643454,233.71875,0.75,10.0
DOR,K103N+P225H,K103N_P225H,3,135,37604.456824512534,246.796875,0.75,10.0
DOR,K103N+P225H,K103N_P225H,3,140,38997.214484679665,217.6875,0.75,10.0
DOR,K103N+P225H,K103N_P225H,3,145,40389.9721448468,271.6875,0.75,10.0
DOR,K103N+P225H,K103N_P225H,3,150,41782.72980501393,243.84375,0.75,10.0
DOR,K103N+P225H,K103N_P225H,3,155,43175.48746518106,235.40625,0.75,10.0
DOR,K103N+P225H,K103N_P225H,3,160,44568.24512534819,203.34375,0.75,10.0
DOR,K103N+P225H,K103N_P225H,3,165,45961.00278551533,241.3125,0.75,10.0
DOR,K103N+P225H,K103N_P225H,3,170,47353.76044568245,248.0625,0.75,10.0
DOR,K103N+P225H,K103N_P225H,3,175,48746.51810584958,238.359375,0.75,10.0
DOR,K103N+P225H,K103N_P225H,3,180,50139.27576601671,221.0625,0.75,10.0
DOR,K103N+P225H,K103N_P225H,3,185,51532.03342618384,228.65625,0.75,10.0
DOR,K103N+P225H,K103N_P225H,3,190,52924.791086350975,210.9375,0.75,10.0
DOR,K103N+P225H,K103N_P225H,3,195,54317.54874651811,212.625,0.75,10.0
DOR,K103N+P225H,K103N_P225H,3,200,55710.30640668524,229.921875,0.75,10.0
DOR,K103N+P225H,K103N_P225H,3,205,57103.06406685237,210.09375,0.75,10.0
DOR,K103N+P225H,K103N_P225H,3,210,58495.8217270195,204.1875,0.75,10.0
DOR,K103N+P225H,K103N_P225H,3,215,59888.579387186626,205.875,0.75,10.0
DOR,K103N+P225H,K103N_P225H,3,220,61281.33704735376,203.34375,0.75,10.0
DOR,K103N+P225H,K103N_P225H,3,225,62674.09470752089,233.71875,0.75,10.0
DOR,K103N+P225H,K103N_P225H,3,230,64066.85236768802,227.8125,0.75,10.0
DOR,K103N+P225H,K103N_P225H,3,235,65459.61002785515,260.296875,0.75,10.0
DOR,K103N+P225H,K103N_P225H,3,240,66852.36768802228,233.296875,0.75,10.0
DOR,K103N+P225H,K103N_P225H,3,245,68245.12534818941,224.859375,0.75,10.0
DOR,K103N+P225H,K103N_P225H,3,250,69637.88300835654,237.9375,0.75,10.0
DOR,K103N+P225H,K103N_P225H,3,255,71030.64066852367,219.375,0.75,10.0
DOR,K103N+P225H,K103N_P225H,3,260,72423.3983286908,257.34375,0.75,10.0
DOR,K103N+P225H,K103N_P225H,3,265,73816.15598885794,291.515625,0.75,10.0
DOR,K103N+P225H,K103N_P225H,3,270,75208.91364902507,240.46875,0.75,10.0
DOR,K103N+P225H,K103N_P225H,3,275,76601.6713091922,267.46875,0.75,10.0
DOR,K103N+P225H,K103N_P225H,3,280,77994.42896935933,292.359375,0.75,10.0
DOR,K103N+P225H,K103N_P225H,3,285,79387.18662952646,207.5625,0.75,10.0
DOR,K103N+P225H,K103N_P225H,3,290,80779.9442896936,224.859375,0.75,10.0
DOR,K103N+P225H,K103N_P225H,3,295,82172.70194986073,217.265625,0.75,10.0
DOR,K103N+P225H,K103N_P225H,3,300,83565.45961002786,214.734375,0.75,10.0
DOR,K103N+P225H,K103N_P225H,3,305,84958.21727019499,221.90625,0.75,10.0
DOR,K103N+P225H,K103N_P225H,3,310,86350.97493036212,239.203125,0.75,10.0
DOR,K103N+P225H,K103N_P225H,3,315,87743.73259052925,256.921875,0.75,10.0
DOR,K103N+P225H,K103N_P225H,3,320,89136.49025069638,248.484375,0.75,10.0
DOR,K103N+P225H,K103N_P225H,3,325,90529.24791086352,249.328125,0.75,10.0
DOR,K103N+P225H,K103N_P225H,3,330,91922.00557103063,217.265625,0.75,10.0
DOR,K103N+P225H,K103N_P225H,3,335,93314.76323119776,228.234375,0.75,10.0
DOR,K103N+P225H,K103N_P225H,3,340,94707.5208913649,210.9375,0.75,10.0
DOR,K103N+P225H,K103N_P225H,3,345,96100.27855153204,245.109375,0.75,10.0
DOR,K103N+P225H,K103N_P225H,3,350,97493.03621169916,251.4375,0.75,10.0
DOR,K103N+P225H,K103N_P225H,3,355,98885.79387186628,243.421875,0.75,10.0
DOR,L100I+K103N,L100I_K103N,1,0,0.0,185.625,0.75,10.0
DOR,L100I+K103N,L100I_K103N,1,5,139.6100278551532,170.015625,0.75,10.0
DOR,L100I+K103N,L100I_K103N,1,10,279.2200557103064,178.875,0.75,10.0
DOR,L100I+K103N,L100I_K103N,1,15,418.8300835654596,215.578125,0.75,10.0
DOR,L100I+K103N,L100I_K103N,1,20,558.4401114206128,217.265625,0.75,10.0
DOR,L100I+K103N,L100I_K103N,1,25,698.050139275766,197.015625,0.75,10.0
DOR,L100I+K103N,L100I_K103N,1,30,837.6601671309193,238.359375,0.75,10.0
DOR,L100I+K103N,L100I_K103N,1,35,977.2701949860724,204.609375,0.75,10.0
DOR,L100I+K103N,L100I_K103N,1,40,1116.8802228412255,212.203125,0.75,10.0
DOR,L100I+K103N,L100I_K103N,1,45,1256.4902506963788,192.796875,0.75,10.0
DOR,L100I+K103N,L100I_K103N,1,50,1396.100278551532,233.296875,0.75,10.0
DOR,L100I+K103N,L100I_K103N,1,55,1535.7103064066853,260.71875,0.75,10.0
DOR,L100I+K103N,L100I_K103N,1,60,1675.3203342618383,195.328125,0.75,10.0
DOR,L100I+K103N,L100I_K103N,1,65,1814.9303621169915,230.765625,0.75,10.0
DOR,L100I+K103N,L100I_K103N,1,70,1954.5403899721448,242.578125,0.75,10.0
DOR,L100I+K103N,L100I_K103N,1,75,2094.150417827298,257.765625,0.75,10.0
DOR,L100I+K103N,L100I_K103N,1,80,2233.760445682451,214.3125,0.75,10.0
DOR,L100I+K103N,L100I_K103N,1,85,2373.3704735376045,207.140625,0.75,10.0
DOR,L100I+K103N,L100I_K103N,1,90,2512.9805013927576,237.09375,0.75,10.0
DOR,L100I+K103N,L100I_K103N,1,95,2652.590529247911,270.421875,0.75,10.0
DOR,L100I+K103N,L100I_K103N,1,100,2792.200557103064,229.078125,0.75,10.0
DOR,L100I+K103N,L100I_K103N,1,105,2931.810584958217,228.65625,0.75,10.0
DOR,L100I+K103N,L100I_K103N,1,110,3071.4206128133706,233.296875,0.75,10.0
DOR,L100I+K103N,L100I_K103N,1,115,3211.0306406685236,205.03125,0.75,10.0
DOR,L100I+K103N,L100I_K103N,1,120,3350.640668523677,193.21875,0.75,10.0
DOR,L100I+K103N,L100I_K103N,1,125,3490.25069637883,255.65625,0.75,10.0
DOR,L100I+K103N,L100I_K103N,1,130,3629.860724233983,237.09375,0.75,10.0
DOR,L100I+K103N,L100I_K103N,1,135,3769.470752089137,236.25,0.75,10.0
DOR,L100I+K103N,L100I_K103N,1,140,3909.0807799442896,193.640625,0.75,10.0
DOR,L100I+K103N,L100I_K103N,1,145,4048.690807799443,224.859375,0.75,10.0
DOR,L100I+K103N,L100I_K103N,1,150,4188.300835654596,212.203125,0.75,10.0
DOR,L100I+K103N,L100I_K103N,1,155,4327.910863509749,210.09375,0.75,10.0
DOR,L100I+K103N,L100I_K103N,1,160,4467.520891364902,220.640625,0.75,10.0
DOR,L100I+K103N,L100I_K103N,1,165,4607.130919220056,212.203125,0.75,10.0
DOR,L100I+K103N,L100I_K103N,1,170,4746.740947075209,238.78125,0.75,10.0
DOR,L100I+K103N,L100I_K103N,1,175,4886.350974930362,229.078125,0.75,10.0
DOR,L100I+K103N,L100I_K103N,1,180,5025.961002785515,221.484375,0.75,10.0
DOR,L100I+K103N,L100I_K103N,1,185,5165.571030640668,226.546875,0.75,10.0
DOR,L100I+K103N,L100I_K103N,1,190,5305.181058495822,262.40625,0.75,10.0
DOR,L100I+K103N,L100I_K103N,1,195,5444.791086350975,234.140625,0.75,10.0
DOR,L100I+K103N,L100I_K103N,1,200,5584.401114206128,246.375,0.75,10.0
DOR,L100I+K103N,L100I_K103N,1,205,5724.011142061281,193.640625,0.75,10.0
DOR,L100I+K103N,L100I_K103N,1,210,5863.621169916434,186.890625,0.75,10.0
DOR,L100I+K103N,L100I_K103N,1,215,6003.231197771588,201.65625,0.75,10.0
DOR,L100I+K103N,L100I_K103N,1,220,6142.841225626741,313.03125,0.75,10.0
DOR,L100I+K103N,L100I_K103N,1,225,6282.451253481894,241.3125,0.75,10.0
DOR,L100I+K103N,L100I_K103N,1,230,6422.061281337047,212.203125,0.75,10.0
DOR,L100I+K103N,L100I_K103N,1,235,6561.6713091922,236.25,0.75,10.0
DOR,L100I+K103N,L100I_K103N,1,240,6701.281337047354,211.359375,0.75,10.0
DOR,L100I+K103N,L100I_K103N,1,245,6840.891364902507,223.59375,0.75,10.0
DOR,L100I+K103N,L100I_K103N,1,250,6980.50139275766,173.390625,0.75,10.0
DOR,L100I+K103N,L100I_K103N,1,255,7120.111420612813,187.3125,0.75,10.0
DOR,L100I+K103N,L100I_K103N,1,260,7259.721448467966,207.984375,0.75,10.0
DOR,L100I+K103N,L100I_K103N,1,265,7399.33147632312,206.71875,0.75,10.0
DOR,L100I+K103N,L100I_K103N,1,270,7538.941504178273,215.578125,0.75,10.0
DOR,L100I+K103N,L100I_K103N,1,275,7678.551532033426,232.03125,0.75,10.0
DOR,L100I+K103N,L100I_K103N,1,280,7818.161559888579,215.578125,0.75,10.0
DOR,L100I+K103N,L100I_K103N,1,285,7957.771587743732,247.21875,0.75,10.0
DOR,L100I+K103N,L100I_K103N,1,290,8097.381615598886,201.65625,0.75,10.0
DOR,L100I+K103N,L100I_K103N,1,295,8236.99164345404,170.015625,0.75,10.0
DOR,L100I+K103N,L100I_K103N,1,300,8376.601671309192,238.78125,0.75,10.0
DOR,L100I+K103N,L100I_K103N,1,305,8516.211699164345,211.359375,0.75,10.0
DOR,L100I+K103N,L100I_K103N,1,310,8655.821727019498,248.90625,0.75,10.0
DOR,L100I+K103N,L100I_K103N,1,315,8795.431754874651,216.84375,0.75,10.0
DOR,L100I+K103N,L100I_K103N,1,320,8935.041782729804,186.046875,0.75,10.0
DOR,L100I+K103N,L100I_K103N,1,325,9074.65181058496,197.859375,0.75,10.0
DOR,L100I+K103N,L100I_K103N,1,330,9214.261838440112,259.875,0.75,10.0
DOR,L100I+K103N,L100I_K103N,1,335,9353.871866295263,217.265625,0.75,10.0
DOR,L100I+K103N,L100I_K103N,1,340,9493.481894150418,205.03125,0.75,10.0
DOR,L100I+K103N,L100I_K103N,1,345,9633.091922005571,224.015625,0.75,10.0
DOR,L100I+K103N,L100I_K103N,1,350,9772.701949860724,190.6875,0.75,10.0
DOR,L100I+K103N,L100I_K103N,1,355,9912.311977715875,210.09375,0.75,10.0
DOR,L100I+K103N,L100I_K103N,2,0,0.0,192.375,0.75,10.0
DOR,L100I+K103N,L100I_K103N,2,5,139.27576601671308,204.609375,0.75,10.0
DOR,L100I+K103N,L100I_K103N,2,10,278.55153203342616,210.09375,0.75,10.0
DOR,L100I+K103N,L100I_K103N,2,15,417.8272980501393,198.28125,0.75,10.0
DOR,L100I+K103N,L100I_K103N,2,20,557.1030640668523,203.34375,0.75,10.0
DOR,L100I+K103N,L100I_K103N,2,25,696.3788300835655,193.21875,0.75,10.0
DOR,L100I+K103N,L100I_K103N,2,30,835.6545961002786,202.921875,0.75,10.0
DOR,L100I+K103N,L100I_K103N,2,35,974.9303621169915,191.953125,0.75,10.0
DOR,L100I+K103N,L100I_K103N,2,40,1114.2061281337046,187.3125,0.75,10.0
DOR,L100I+K103N,L100I_K103N,2,45,1253.481894150418,201.65625,0.75,10.0
DOR,L100I+K103N,L100I_K103N,2,50,1392.757660167131,181.40625,0.75,10.0
DOR,L100I+K103N,L100I_K103N,2,55,1532.033426183844,213.46875,0.75,10.0
DOR,L100I+K103N,L100I_K103N,2,60,1671.3091922005572,212.203125,0.75,10.0
DOR,L100I+K103N,L100I_K103N,2,65,1810.5849582172705,199.125,0.75,10.0
DOR,L100I+K103N,L100I_K103N,2,70,1949.860724233983,265.359375,0.75,10.0
DOR,L100I+K103N,L100I_K103N,2,75,2089.136490250696,275.90625,0.75,10.0
DOR,L100I+K103N,L100I_K103N,2,80,2228.4122562674092,305.859375,0.75,10.0
DOR,L100I+K103N,L100I_K103N,2,85,2367.688022284123,262.828125,0.75,10.0
DOR,L100I+K103N,L100I_K103N,2,90,2506.963788300836,215.578125,0.75,10.0
DOR,L100I+K103N,L100I_K103N,2,95,2646.239554317549,274.640625,0.75,10.0
DOR,L100I+K103N,L100I_K103N,2,100,2785.515320334262,233.71875,0.75,10.0
DOR,L100I+K103N,L100I_K103N,2,105,2924.791086350975,249.328125,0.75,10.0
DOR,L100I+K103N,L100I_K103N,2,110,3064.066852367688,244.265625,0.75,10.0
DOR,L100I+K103N,L100I_K103N,2,115,3203.3426183844012,237.9375,0.75,10.0
DOR,L100I+K103N,L100I_K103N,2,120,3342.6183844011143,237.9375,0.75,10.0
DOR,L100I+K103N,L100I_K103N,2,125,3481.8941504178274,261.5625,0.75,10.0
DOR,L100I+K103N,L100I_K103N,2,130,3621.169916434541,255.234375,0.75,10.0
DOR,L100I+K103N,L100I_K103N,2,135,3760.4456824512536,205.453125,0.75,10.0
DOR,L100I+K103N,L100I_K103N,2,140,3899.721448467966,223.59375,0.75,10.0
DOR,L100I+K103N,L100I_K103N,2,145,4038.99721448468,207.5625,0.75,10.0
DOR,L100I+K103N,L100I_K103N,2,150,4178.272980501392,209.25,0.75,10.0
DOR,L100I+K103N,L100I_K103N,2,155,4317.548746518106,219.375,0.75,10.0
DOR,L100I+K103N,L100I_K103N,2,160,4456.8245125348185,288.5625,0.75,10.0
DOR,L100I+K103N,L100I_K103N,2,165,4596.100278551532,222.75,0.75,10.0
DOR,L100I+K103N,L100I_K103N,2,170,4735.376044568246,217.265625,0.75,10.0
DOR,L100I+K103N,L100I_K103N,2,175,4874.651810584958,263.671875,0.75,10.0
DOR,L100I+K103N,L100I_K103N,2,180,5013.927576601672,244.6875,0.75,10.0
DOR,L100I+K103N,L100I_K103N,2,185,5153.203342618384,206.71875,0.75,10.0
DOR,L100I+K103N,L100I_K103N,2,190,5292.479108635098,218.109375,0.75,10.0
DOR,L100I+K103N,L100I_K103N,2,195,5431.7548746518105,228.234375,0.75,10.0
DOR,L100I+K103N,L100I_K103N,2,200,5571.030640668524,230.765625,0.75,10.0
DOR,L100I+K103N,L100I_K103N,2,205,5710.306406685237,297.421875,0.75,10.0
DOR,L100I+K103N,L100I_K103N,2,210,5849.58217270195,263.671875,0.75,10.0
DOR,L100I+K103N,L100I_K103N,2,215,5988.857938718663,309.234375,0.75,10.0
DOR,L100I+K103N,L100I_K103N,2,220,6128.133704735376,245.53125,0.75,10.0
DOR,L100I+K103N,L100I_K103N,2,225,6267.409470752089,254.8125,0.75,10.0
DOR,L100I+K103N,L100I_K103N,2,230,6406.6852367688025,254.8125,0.75,10.0
DOR,L100I+K103N,L100I_K103N,2,235,6545.961002785515,266.625,0.75,10.0
DOR,L100I+K103N,L100I_K103N,2,240,6685.236768802229,244.265625,0.75,10.0
DOR,L100I+K103N,L100I_K103N,2,245,6824.512534818941,240.890625,0.75,10.0
DOR,L100I+K103N,L100I_K103N,2,250,6963.788300835655,242.15625,0.75,10.0
DOR,L100I+K103N,L100I_K103N,2,255,7103.064066852367,246.375,0.75,10.0
DOR,L100I+K103N,L100I_K103N,2,260,7242.339832869081,232.875,0.75,10.0
DOR,L100I+K103N,L100I_K103N,2,265,7381.615598885794,210.9375,0.75,10.0
DOR,L100I+K103N,L100I_K103N,2,270,7520.891364902507,235.40625,0.75,10.0
DOR,L100I+K103N,L100I_K103N,2,275,7660.16713091922,237.9375,0.75,10.0
DOR,L100I+K103N,L100I_K103N,2,280,7799.442896935933,245.53125,0.75,10.0
DOR,L100I+K103N,L100I_K103N,2,285,7938.718662952646,261.5625,0.75,10.0
DOR,L100I+K103N,L100I_K103N,2,290,8077.994428969359,246.796875,0.75,10.0
DOR,L100I+K103N,L100I_K103N,2,295,8217.270194986073,226.125,0.75,10.0
DOR,L100I+K103N,L100I_K103N,2,300,8356.545961002785,217.265625,0.75,10.0
DOR,L100I+K103N,L100I_K103N,2,305,8495.821727019498,232.03125,0.75,10.0
DOR,L100I+K103N,L100I_K103N,2,310,8635.097493036212,263.25,0.75,10.0
DOR,L100I+K103N,L100I_K103N,2,315,8774.373259052925,246.796875,0.75,10.0
DOR,L100I+K103N,L100I_K103N,2,320,8913.649025069637,230.34375,0.75,10.0
DOR,L100I+K103N,L100I_K103N,2,325,9052.92479108635,232.03125,0.75,10.0
DOR,L100I+K103N,L100I_K103N,2,330,9192.200557103064,197.859375,0.75,10.0
DOR,L100I+K103N,L100I_K103N,2,335,9331.476323119778,237.515625,0.75,10.0
DOR,L100I+K103N,L100I_K103N,2,340,9470.752089136491,233.296875,0.75,10.0
DOR,L100I+K103N,L100I_K103N,2,345,9610.027855153205,233.296875,0.75,10.0
DOR,L100I+K103N,L100I_K103N,2,350,9749.303621169916,230.34375,0.75,10.0
DOR,L100I+K103N,L100I_K103N,2,355,9888.57938718663,259.03125,0.75,10.0
DOR,V106A,V106A,1,0,0.0,204.1875,0.75,10.0
DOR,V106A,V106A,1,5,2897.246376811594,218.109375,0.75,10.0
DOR,V106A,V106A,1,10,5794.492753623188,231.1875,0.75,10.0
DOR,V106A,V106A,1,15,8691.739130434782,213.890625,0.75,10.0
DOR,V106A,V106A,1,20,11588.985507246376,278.015625,0.75,10.0
DOR,V106A,V106A,1,25,14486.231884057972,297.421875,0.75,10.0
DOR,V106A,V106A,1,30,17383.478260869564,251.4375,0.75,10.0
DOR,V106A,V106A,1,35,20280.72463768116,286.03125,0.75,10.0
DOR,V106A,V106A,1,40,23177.971014492752,238.78125,0.75,10.0
DOR,V106A,V106A,1,45,26075.217391304348,294.46875,0.75,10.0
DOR,V106A,V106A,1,50,28972.463768115944,242.578125,0.75,10.0
DOR,V106A,V106A,1,55,31869.710144927536,255.65625,0.75,10.0
DOR,V106A,V106A,1,60,34766.95652173913,257.34375,0.75,10.0
DOR,V106A,V106A,1,65,37664.20289855073,252.28125,0.75,10.0
DOR,V106A,V106A,1,70,40561.44927536232,276.328125,0.75,10.0
DOR,V106A,V106A,1,75,43458.69565217391,258.609375,0.75,10.0
DOR,V106A,V106A,1,80,46355.942028985504,301.21875,0.75,10.0
DOR,V106A,V106A,1,85,49253.188405797104,237.09375,0.75,10.0
DOR,V106A,V106A,1,90,52150.434782608696,271.6875,0.75,10.0
DOR,V106A,V106A,1,95,55047.68115942029,256.921875,0.75,10.0
DOR,V106A,V106A,1,100,57944.92753623189,255.234375,0.75,10.0
DOR,V106A,V106A,1,105,60842.17391304348,258.609375,0.75,10.0
DOR,V106A,V106A,1,110,63739.42028985507,213.046875,0.75,10.0
DOR,V106A,V106A,1,115,66636.66666666667,219.796875,0.75,10.0
DOR,V106A,V106A,1,120,69533.91304347826,272.53125,0.75,10.0
DOR,V106A,V106A,1,125,72431.15942028986,255.65625,0.75,10.0
DOR,V106A,V106A,1,130,75328.40579710146,239.203125,0.75,10.0
DOR,V106A,V106A,1,135,78225.65217391304,243.84375,0.75,10.0
DOR,V106A,V106A,3,0,0.0,202.078125,0.75,10.0
DOR,V106A,V106A,3,5,2793.2960893854747,207.984375,0.75,10.0
DOR,V106A,V106A,3,10,5586.592178770949,268.734375,0.75,10.0
DOR,V106A,V106A,3,15,8379.888268156425,242.578125,0.75,10.0
DOR,V106A,V106A,3,20,11173.1843575419,244.6875,0.75,10.0
DOR,V106A,V106A,3,25,13966.480446927377,228.65625,0.75,10.0
DOR,V106A,V106A,3,30,16759.77653631285,259.03125,0.75,10.0
DOR,V106A,V106A,3,35,19553.072625698325,249.75,0.75,10.0
DOR,V106A,V106A,3,40,22346.3687150838,237.09375,0.75,10.0
DOR,V106A,V106A,3,45,25139.664804469274,254.8125,0.75,10.0
DOR,V106A,V106A,3,50,27932.96089385475,282.65625,0.75,10.0
DOR,V106A,V106A,3,55,30726.256983240222,231.1875,0.75,10.0
DOR,V106A,V106A,3,60,33519.5530726257,251.859375,0.75,10.0
DOR,V106A,V106A,3,65,36312.849162011174,229.078125,0.75,10.0
DOR,V106A,V106A,3,70,39106.14525139665,221.484375,0.75,10.0
DOR,V106A,V106A,3,75,41899.44134078212,184.359375,0.75,10.0
DOR,V106A,V106A,3,80,44692.737430167595,236.25,0.75,10.0
DOR,V106A,V106A,3,85,47486.03351955307,261.5625,0.75,10.0
DOR,V106A,V106A,3,90,50279.32960893855,275.0625,0.75,10.0
DOR,V106A,V106A,3,95,53072.625698324024,263.671875,0.75,10.0
DOR,V106A,V106A,3,100,55865.9217877095,265.359375,0.75,10.0
DOR,V106A,V106A,3,105,58659.21787709497,291.09375,0.75,10.0
DOR,V106A,V106A,3,110,61452.513966480445,262.40625,0.75,10.0
DOR,V106A,V106A,3,115,64245.81005586592,226.125,0.75,10.0
DOR,V106A,V106A,3,120,67039.1061452514,227.8125,0.75,10.0
DOR,V106A,V106A,3,125,69832.40223463687,243.84375,0.75,10.0
DOR,V106A,V106A,3,130,72625.69832402235,293.203125,0.75,10.0
DOR,V106A,V106A,3,135,75418.99441340783,258.609375,0.75,10.0
DOR,V106A,V106A,3,140,78212.2905027933,226.546875,0.75,10.0
DOR,V106A,V106A,3,145,81005.58659217878,268.3125,0.75,10.0
DOR,V106A,V106A,3,150,83798.88268156424,285.1875,0.75,10.0
DOR,V106A,V106A,3,155,86592.17877094971,230.34375,0.75,10.0
DOR,V106A,V106A,3,160,89385.47486033519,266.625,0.75,10.0
DOR,V106A,V106A,3,165,92178.77094972068,276.328125,0.75,10.0
DOR,V106A,V106A,3,170,94972.06703910614,270.84375,0.75,10.0
DOR,V106A,V106A,3,175,97765.36312849162,208.40625,0.75,10.0
DOR,L100I+K103N,L100I_K103N,3,0,0.0,194.0625,0.75,10.0
DOR,L100I+K103N,L100I_K103N,3,5,786.1281337047354,186.046875,0.75,10.0
DOR,L100I+K103N,L100I_K103N,3,10,1572.2562674094709,289.40625,0.75,10.0
DOR,L100I+K103N,L100I_K103N,3,15,2358.384401114206,283.078125,0.75,10.0
DOR,L100I+K103N,L100I_K103N,3,20,3144.5125348189417,273.375,0.75,10.0
DOR,L100I+K103N,L100I_K103N,3,25,3930.640668523677,253.96875,0.75,10.0
DOR,L100I+K103N,L100I_K103N,3,30,4716.768802228412,243.421875,0.75,10.0
DOR,L100I+K103N,L100I_K103N,3,35,5502.896935933148,277.59375,0.75,10.0
DOR,L100I+K103N,L100I_K103N,3,40,6289.0250696378835,219.375,0.75,10.0
DOR,L100I+K103N,L100I_K103N,3,45,7075.153203342618,202.921875,0.75,10.0
DOR,L100I+K103N,L100I_K103N,3,50,7861.281337047354,261.5625,0.75,10.0
DOR,L100I+K103N,L100I_K103N,3,55,8647.409470752089,258.1875,0.75,10.0
DOR,L100I+K103N,L100I_K103N,3,60,9433.537604456824,253.96875,0.75,10.0
DOR,L100I+K103N,L100I_K103N,3,65,10219.66573816156,288.984375,0.75,10.0
DOR,L100I+K103N,L100I_K103N,3,70,11005.793871866295,276.328125,0.75,10.0
DOR,L100I+K103N,L100I_K103N,3,75,11791.92200557103,214.734375,0.75,10.0
DOR,L100I+K103N,L100I_K103N,3,80,12578.050139275769,286.875,0.75,10.0
DOR,L100I+K103N,L100I_K103N,3,85,13364.178272980502,232.875,0.75,10.0
DOR,L100I+K103N,L100I_K103N,3,90,14150.306406685237,291.515625,0.75,10.0
DOR,L100I+K103N,L100I_K103N,3,95,14936.434540389972,297.421875,0.75,10.0
DOR,L100I+K103N,L100I_K103N,3,100,15722.562674094708,280.546875,0.75,10.0
DOR,L100I+K103N,L100I_K103N,3,105,16508.69080779944,284.765625,0.75,10.0
DOR,L100I+K103N,L100I_K103N,3,110,17294.818941504178,235.828125,0.75,10.0
DOR,L100I+K103N,L100I_K103N,3,115,18080.947075208915,302.90625,0.75,10.0
DOR,L100I+K103N,L100I_K103N,3,120,18867.075208913648,258.1875,0.75,10.0
DOR,L100I+K103N,L100I_K103N,3,125,19653.203342618384,247.21875,0.75,10.0
DOR,L100I+K103N,L100I_K103N,3,130,20439.33147632312,278.015625,0.75,10.0
DOR,L100I+K103N,L100I_K103N,3,135,21225.459610027858,263.671875,0.75,10.0
DOR,L100I+K103N,L100I_K103N,3,140,22011.58774373259,272.109375,0.75,10.0
DOR,L100I+K103N,L100I_K103N,3,145,22797.715877437327,271.265625,0.75,10.0
DOR,L100I+K103N,L100I_K103N,3,150,23583.84401114206,266.625,0.75,10.0
DOR,L100I+K103N,L100I_K103N,3,155,24369.972144846797,208.40625,0.75,10.0
DOR,L100I+K103N,L100I_K103N,3,160,25156.100278551537,219.375,0.75,10.0
DOR,L100I+K103N,L100I_K103N,3,165,25942.228412256267,207.5625,0.75,10.0
DOR,L100I+K103N,L100I_K103N,3,170,26728.356545961004,248.0625,0.75,10.0
DOR,L100I+K103N,L100I_K103N,3,175,27514.484679665737,255.65625,0.75,10.0
DOR,L100I+K103N,L100I_K103N,3,180,28300.612813370473,291.09375,0.75,10.0
DOR,L100I+K103N,L100I_K103N,3,185,29086.74094707521,265.359375,0.75,10.0
DOR,L100I+K103N,L100I_K103N,3,190,29872.869080779943,270.0,0.75,10.0
DOR,L100I+K103N,L100I_K103N,3,195,30658.99721448468,249.75,0.75,10.0
DOR,L100I+K103N,L100I_K103N,3,200,31445.125348189416,306.703125,0.75,10.0
DOR,L100I+K103N,L100I_K103N,3,205,32231.25348189415,237.09375,0.75,10.0
DOR,L100I+K103N,L100I_K103N,3,210,33017.38161559888,223.59375,0.75,10.0
DOR,L100I+K103N,L100I_K103N,3,215,33803.50974930362,225.703125,0.75,10.0
DOR,L100I+K103N,L100I_K103N,3,220,34589.637883008356,207.984375,0.75,10.0
DOR,L100I+K103N,L100I_K103N,3,225,35375.76601671309,270.0,0.75,10.0
DOR,L100I+K103N,L100I_K103N,3,230,36161.89415041783,252.703125,0.75,10.0
DOR,L100I+K103N,L100I_K103N,3,235,36948.02228412256,180.984375,0.75,10.0
DOR,L100I+K103N,L100I_K103N,3,240,37734.150417827295,222.328125,0.75,10.0
DOR,L100I+K103N,L100I_K103N,3,245,38520.278551532036,236.25,0.75,10.0
DOR,L100I+K103N,L100I_K103N,3,250,39306.40668523677,243.84375,0.75,10.0
DOR,L100I+K103N,L100I_K103N,3,255,40092.5348189415,226.96875,0.75,10.0
DOR,L100I+K103N,L100I_K103N,3,260,40878.66295264624,224.859375,0.75,10.0
DOR,L100I+K103N,L100I_K103N,3,265,41664.791086350975,219.375,0.75,10.0
DOR,L100I+K103N,L100I_K103N,3,270,42450.91922005571,258.609375,0.75,10.0
DOR,L100I+K103N,L100I_K103N,3,275,43237.04735376045,233.71875,0.75,10.0
DOR,L100I+K103N,L100I_K103N,3,280,44023.17548746518,242.578125,0.75,10.0
DOR,L100I+K103N,L100I_K103N,3,285,44809.303621169915,224.4375,0.75,10.0
DOR,L100I+K103N,L100I_K103N,3,290,45595.431754874655,232.453125,0.75,10.0
DOR,L100I+K103N,L100I_K103N,3,295,46381.55988857939,210.515625,0.75,10.0
DOR,L100I+K103N,L100I_K103N,3,300,47167.68802228412,211.359375,0.75,10.0
DOR,L100I+K103N,L100I_K103N,3,305,47953.81615598886,207.140625,0.75,10.0
DOR,L100I+K103N,L100I_K103N,3,310,48739.944289693594,209.671875,0.75,10.0
DOR,L100I+K103N,L100I_K103N,3,315,49526.07242339833,214.3125,0.75,10.0
DOR,L100I+K103N,L100I_K103N,3,320,50312.20055710307,241.734375,0.75,10.0
DOR,L100I+K103N,L100I_K103N,3,325,51098.3286908078,197.015625,0.75,10.0
DOR,L100I+K103N,L100I_K103N,3,330,51884.456824512534,216.84375,0.75,10.0
DOR,L100I+K103N,L100I_K103N,3,335,52670.58495821727,210.9375,0.75,10.0
DOR,L100I+K103N,L100I_K103N,3,340,53456.71309192201,236.25,0.75,10.0
DOR,L100I+K103N,L100I_K103N,3,345,54242.84122562674,244.265625,0.75,10.0
DOR,L100I+K103N,L100I_K103N,3,350,55028.96935933147,245.109375,0.75,10.0
DOR,L100I+K103N,L100I_K103N,3,355,55815.09749303621,232.03125,0.75,10.0
DOR,V106A,V106A,2,0,0.0,192.375,0.75,10.0
DOR,V106A,V106A,2,5,1392.757660167131,195.328125,0.75,10.0
DOR,V106A,V106A,2,10,2785.515320334262,232.03125,0.75,10.0
DOR,V106A,V106A,2,15,4178.272980501392,241.3125,0.75,10.0
DOR,V106A,V106A,2,20,5571.030640668524,193.640625,0.75,10.0
DOR,V106A,V106A,2,25,6963.788300835655,243.421875,0.75,10.0
DOR,V106A,V106A,2,30,8356.545961002785,188.578125,0.75,10.0
DOR,V106A,V106A,2,35,9749.303621169916,236.671875,0.75,10.0
DOR,V106A,V106A,2,40,11142.061281337048,196.59375,0.75,10.0
DOR,V106A,V106A,2,45,12534.818941504178,193.21875,0.75,10.0
DOR,V106A,V106A,2,50,13927.57660167131,215.578125,0.75,10.0
DOR,V106A,V106A,2,55,15320.33426183844,222.75,0.75,10.0
DOR,V106A,V106A,2,60,16713.09192200557,186.046875,0.75,10.0
DOR,V106A,V106A,2,65,18105.8495821727,234.5625,0.75,10.0
DOR,V106A,V106A,2,70,19498.607242339833,189.421875,0.75,10.0
DOR,V106A,V106A,2,75,20891.364902506964,229.921875,0.75,10.0
DOR,V106A,V106A,2,80,22284.122562674096,224.859375,0.75,10.0
DOR,V106A,V106A,2,85,23676.880222841224,234.140625,0.75,10.0
DOR,V106A,V106A,2,90,25069.637883008356,250.59375,0.75,10.0
DOR,V106A,V106A,2,95,26462.395543175488,242.578125,0.75,10.0
DOR,V106A,V106A,2,100,27855.15320334262,230.765625,0.75,10.0
DOR,V106A,V106A,2,105,29247.91086350975,203.34375,0.75,10.0
DOR,V106A,V106A,2,110,30640.66852367688,236.25,0.75,10.0
DOR,V106A,V106A,2,115,32033.42618384401,227.8125,0.75,10.0
DOR,V106A,V106A,2,120,33426.18384401114,202.921875,0.75,10.0
DOR,V106A,V106A,2,125,34818.94150417827,249.75,0.75,10.0
DOR,V106A,V106A,2,130,36211.6991643454,216.421875,0.75,10.0
DOR,V106A,V106A,2,135,37604.456824512534,249.328125,0.75,10.0
DOR,V106A,V106A,2,140,38997.214484679665,243.84375,0.75,10.0
DOR,V106A,V106A,2,145,40389.9721448468,216.84375,0.75,10.0
DOR,V106A,V106A,2,150,41782.72980501393,261.984375,0.75,10.0
DOR,V106A,V106A,2,155,43175.48746518106,199.96875,0.75,10.0
DOR,V106A,V106A,2,160,44568.24512534819,216.0,0.75,10.0
DOR,V106A,V106A,2,165,45961.00278551533,232.453125,0.75,10.0
DOR,V106A,V106A,2,170,47353.76044568245,232.453125,0.75,10.0
DOR,V106A,V106A,2,175,48746.51810584958,232.03125,0.75,10.0
DOR,V106A,V106A,2,180,50139.27576601671,223.171875,0.75,10.0
DOR,V106A,V106A,2,185,51532.03342618384,229.5,0.75,10.0
DOR,V106A,V106A,2,190,52924.791086350975,224.015625,0.75,10.0
DOR,V106A,V106A,2,195,54317.54874651811,207.984375,0.75,10.0
DOR,V106A,V106A,2,200,55710.30640668524,236.25,0.75,10.0
DOR,V106A,V106A,2,205,57103.06406685237,249.328125,0.75,10.0
DOR,V106A,V106A,2,210,58495.8217270195,237.9375,0.75,10.0
DOR,V106A,V106A,2,215,59888.579387186626,248.90625,0.75,10.0
DOR,V106A,V106A,2,220,61281.33704735376,251.015625,0.75,10.0
DOR,V106A,V106A,2,225,62674.09470752089,239.203125,0.75,10.0
DOR,V106A,V106A,2,230,64066.85236768802,240.046875,0.75,10.0
DOR,V106A,V106A,2,235,65459.61002785515,256.5,0.75,10.0
DOR,V106A,V106A,2,240,66852.36768802228,256.921875,0.75,10.0
DOR,V106A,V106A,2,245,68245.12534818941,249.75,0.75,10.0
DOR,V106A,V106A,2,250,69637.88300835654,250.171875,0.75,10.0
DOR,V106A,V106A,2,255,71030.64066852367,274.21875,0.75,10.0
DOR,V106A,V106A,2,260,72423.3983286908,254.390625,0.75,10.0
DOR,V106A,V106A,2,265,73816.15598885794,291.09375,0.75,10.0
DOR,V106A,V106A,2,270,75208.91364902507,263.671875,0.75,10.0
DOR,V106A,V106A,2,275,76601.6713091922,276.328125,0.75,10.0
DOR,V106A,V106A,2,280,77994.42896935933,267.046875,0.75,10.0
DOR,V106A,V106A,2,285,79387.18662952646,247.640625,0.75,10.0
DOR,V106A,V106A,2,290,80779.9442896936,290.671875,0.75,10.0
DOR,V106A,V106A,2,295,82172.70194986073,243.421875,0.75,10.0
DOR,V106A,V106A,2,300,83565.45961002786,274.640625,0.75,10.0
DOR,V106A,V106A,2,305,84958.21727019499,259.453125,0.75,10.0
DOR,V106A,V106A,2,310,86350.97493036212,221.0625,0.75,10.0
DOR,V106A,V106A,2,315,87743.73259052925,251.015625,0.75,10.0
DOR,V106A,V106A,2,320,89136.49025069638,271.265625,0.75,10.0
DOR,V106A,V106A,2,325,90529.24791086352,231.1875,0.75,10.0
DOR,V106A,V106A,2,330,91922.00557103063,267.890625,0.75,10.0
DOR,V106A,V106A,2,335,93314.76323119776,235.828125,0.75,10.0
DOR,V106A,V106A,2,340,94707.5208913649,218.109375,0.75,10.0
DOR,V106A,V106A,2,345,96100.27855153204,270.84375,0.75,10.0
DOR,V106A,V106A,2,350,97493.03621169916,281.8125,0.75,10.0
DOR,V106A,V106A,2,355,98885.79387186628,267.890625,0.75,10.0
DOR,V106A+F227L,V106A_F227L,1,0,0.0,248.484375,0.75,10.0
DOR,V106A+F227L,V106A_F227L,1,5,243.50974930362116,235.828125,0.75,10.0
DOR,V106A+F227L,V106A_F227L,1,10,487.0194986072423,258.1875,0.75,10.0
DOR,V106A+F227L,V106A_F227L,1,15,730.5292479108635,317.671875,0.75,10.0
DOR,V106A+F227L,V106A_F227L,1,20,974.0389972144848,267.890625,0.75,10.0
DOR,V106A+F227L,V106A_F227L,1,25,1217.548746518106,271.265625,0.75,10.0
DOR,V106A+F227L,V106A_F227L,1,30,1461.058495821727,266.625,0.75,10.0
DOR,V106A+F227L,V106A_F227L,1,35,1704.568245125348,287.296875,0.75,10.0
DOR,V106A+F227L,V106A_F227L,1,40,1948.0779944289693,270.84375,0.75,10.0
DOR,V106A+F227L,V106A_F227L,1,45,2191.5877437325908,223.59375,0.75,10.0
DOR,V106A+F227L,V106A_F227L,1,50,2435.0974930362117,246.375,0.75,10.0
DOR,V106A+F227L,V106A_F227L,1,55,2678.6072423398327,235.828125,0.75,10.0
DOR,V106A+F227L,V106A_F227L,1,60,2922.116991643454,243.84375,0.75,10.0
DOR,V106A+F227L,V106A_F227L,1,65,3165.626740947075,209.671875,0.75,10.0
DOR,V106A+F227L,V106A_F227L,1,70,3409.136490250696,234.140625,0.75,10.0
DOR,V106A+F227L,V106A_F227L,1,75,3652.6462395543176,208.40625,0.75,10.0
DOR,V106A+F227L,V106A_F227L,1,80,3896.1559888579386,255.234375,0.75,10.0
DOR,V106A+F227L,V106A_F227L,1,85,4139.66573816156,201.65625,0.75,10.0
DOR,V106A+F227L,V106A_F227L,1,90,4383.1754874651815,202.921875,0.75,10.0
DOR,V106A+F227L,V106A_F227L,1,95,4626.6852367688025,183.9375,0.75,10.0
DOR,V106A+F227L,V106A_F227L,1,100,4870.1949860724235,214.734375,0.75,10.0
DOR,V106A+F227L,V106A_F227L,1,105,5113.7047353760445,216.0,0.75,10.0
DOR,V106A+F227L,V106A_F227L,1,110,5357.2144846796655,213.046875,0.75,10.0
DOR,V106A+F227L,V106A_F227L,1,115,5600.7242339832865,191.109375,0.75,10.0
DOR,V106A+F227L,V106A_F227L,1,120,5844.233983286908,206.296875,0.75,10.0
DOR,V106A+F227L,V106A_F227L,1,125,6087.743732590529,254.8125,0.75,10.0
DOR,V106A+F227L,V106A_F227L,1,130,6331.25348189415,231.609375,0.75,10.0
DOR,V106A+F227L,V106A_F227L,1,135,6574.763231197771,275.90625,0.75,10.0
DOR,V106A+F227L,V106A_F227L,1,140,6818.272980501392,202.921875,0.75,10.0
DOR,V106A+F227L,V106A_F227L,1,145,7061.782729805014,205.875,0.75,10.0
DOR,V106A+F227L,V106A_F227L,1,150,7305.292479108635,246.375,0.75,10.0
DOR,V106A+F227L,V106A_F227L,1,155,7548.802228412256,218.953125,0.75,10.0
DOR,V106A+F227L,V106A_F227L,1,160,7792.311977715877,202.078125,0.75,10.0
DOR,V106A+F227L,V106A_F227L,1,165,8035.821727019498,194.484375,0.75,10.0
DOR,V106A+F227L,V106A_F227L,1,170,8279.33147632312,228.234375,0.75,10.0
DOR,V106A+F227L,V106A_F227L,1,175,8522.84122562674,173.8125,0.75,10.0
DOR,V106A+F227L,V106A_F227L,1,180,8766.350974930363,254.8125,0.75,10.0
DOR,V106A+F227L,V106A_F227L,1,185,9009.860724233984,247.640625,0.75,10.0
DOR,V106A+F227L,V106A_F227L,1,190,9253.370473537603,234.140625,0.75,10.0
DOR,V106A+F227L,V106A_F227L,1,195,9496.880222841226,240.46875,0.75,10.0
DOR,V106A+F227L,V106A_F227L,1,200,9740.389972144849,228.65625,0.75,10.0
DOR,V106A+F227L,V106A_F227L,1,205,9983.899721448468,202.921875,0.75,10.0
DOR,V106A+F227L,V106A_F227L,1,210,10227.409470752087,235.40625,0.75,10.0
DOR,V106A+F227L,V106A_F227L,1,215,10470.91922005571,265.78125,0.75,10.0
DOR,V106A+F227L,V106A_F227L,1,220,10714.428969359333,231.1875,0.75,10.0
DOR,V106A+F227L,V106A_F227L,1,225,10957.938718662952,230.765625,0.75,10.0
DOR,V106A+F227L,V106A_F227L,1,230,11201.448467966571,262.40625,0.75,10.0
DOR,V106A+F227L,V106A_F227L,1,235,11444.958217270196,248.0625,0.75,10.0
DOR,V106A+F227L,V106A_F227L,1,240,11688.467966573817,286.03125,0.75,10.0
DOR,V106A+F227L,V106A_F227L,1,245,11931.977715877438,285.609375,0.75,10.0
DOR,V106A+F227L,V106A_F227L,1,250,12175.48746518106,303.75,0.75,10.0
DOR,V106A+F227L,V106A_F227L,1,255,12418.99721448468,297.0,0.75,10.0
DOR,V106A+F227L,V106A_F227L,1,260,12662.5069637883,291.09375,0.75,10.0
DOR,V106A+F227L,V106A_F227L,1,265,12906.016713091922,242.15625,0.75,10.0
DOR,V106A+F227L,V106A_F227L,1,270,13149.526462395545,259.875,0.75,10.0
DOR,V106A+F227L,V106A_F227L,1,275,13393.036211699164,192.375,0.75,10.0
DOR,V106A+F227L,V106A_F227L,1,280,13636.545961002785,223.59375,0.75,10.0
DOR,V106A+F227L,V106A_F227L,1,285,13880.055710306407,280.125,0.75,10.0
DOR,V106A+F227L,V106A_F227L,1,290,14123.565459610028,242.578125,0.75,10.0
DOR,V106A+F227L,V106A_F227L,1,295,14367.07520891365,217.6875,0.75,10.0
DOR,V106A+F227L,V106A_F227L,1,300,14610.58495821727,262.828125,0.75,10.0
DOR,V106A+F227L,V106A_F227L,1,305,14854.094707520891,258.1875,0.75,10.0
DOR,V106A+F227L,V106A_F227L,1,310,15097.604456824512,245.109375,0.75,10.0
DOR,V106A+F227L,V106A_F227L,1,315,15341.114206128132,232.875,0.75,10.0
DOR,V106A+F227L,V106A_F227L,1,320,15584.623955431754,244.265625,0.75,10.0
DOR,V106A+F227L,V106A_F227L,1,325,15828.133704735375,220.21875,0.75,10.0
DOR,V106A+F227L,V106A_F227L,1,330,16071.643454038996,207.5625,0.75,10.0
DOR,V106A+F227L,V106A_F227L,1,335,16315.15320334262,224.015625,0.75,10.0
DOR,V106A+F227L,V106A_F227L,1,340,16558.66295264624,258.609375,0.75,10.0
DOR,V106A+F227L,V106A_F227L,1,345,16802.17270194986,237.9375,0.75,10.0
DOR,V106A+F227L,V106A_F227L,1,350,17045.68245125348,273.375,0.75,10.0
DOR,V106A+F227L,V106A_F227L,1,355,17289.192200557103,225.703125,0.75,10.0
DOR,V106A+F227L,V106A_F227L,2,0,0.0,218.53125,0.75,10.0
DOR,V106A+F227L,V106A_F227L,2,5,342.6740947075209,240.890625,0.75,10.0
DOR,V106A+F227L,V106A_F227L,2,10,685.3481894150418,230.34375,0.75,10.0
DOR,V106A+F227L,V106A_F227L,2,15,1028.0222841225627,233.71875,0.75,10.0
DOR,V106A+F227L,V106A_F227L,2,20,1370.6963788300836,227.390625,0.75,10.0
DOR,V106A+F227L,V106A_F227L,2,25,1713.3704735376043,218.53125,0.75,10.0
DOR,V106A+F227L,V106A_F227L,2,30,2056.0445682451254,222.328125,0.75,10.0
DOR,V106A+F227L,V106A_F227L,2,35,2398.7186629526464,229.5,0.75,10.0
DOR,V106A+F227L,V106A_F227L,2,40,2741.3927576601673,232.875,0.75,10.0
DOR,V106A+F227L,V106A_F227L,2,45,3084.066852367688,238.359375,0.75,10.0
DOR,V106A+F227L,V106A_F227L,2,50,3426.740947075209,210.9375,0.75,10.0
DOR,V106A+F227L,V106A_F227L,2,55,3769.41504178273,221.484375,0.75,10.0
DOR,V106A+F227L,V106A_F227L,2,60,4112.089136490251,252.703125,0.75,10.0
DOR,V106A+F227L,V106A_F227L,2,65,4454.763231197771,197.4375,0.75,10.0
DOR,V106A+F227L,V106A_F227L,2,70,4797.437325905293,216.84375,0.75,10.0
DOR,V106A+F227L,V106A_F227L,2,75,5140.111420612813,198.703125,0.75,10.0
DOR,V106A+F227L,V106A_F227L,2,80,5482.7855153203345,221.484375,0.75,10.0
DOR,V106A+F227L,V106A_F227L,2,85,5825.459610027855,246.796875,0.75,10.0
DOR,V106A+F227L,V106A_F227L,2,90,6168.133704735376,227.8125,0.75,10.0
DOR,V106A+F227L,V106A_F227L,2,95,6510.807799442897,203.765625,0.75,10.0
DOR,V106A+F227L,V106A_F227L,2,100,6853.481894150418,234.984375,0.75,10.0
DOR,V106A+F227L,V106A_F227L,2,105,7196.155988857939,195.328125,0.75,10.0
DOR,V106A+F227L,V106A_F227L,2,110,7538.83008356546,204.609375,0.75,10.0
DOR,V106A+F227L,V106A_F227L,2,115,7881.50417827298,219.796875,0.75,10.0
DOR,V106A+F227L,V106A_F227L,2,120,8224.178272980502,220.21875,0.75,10.0
DOR,V106A+F227L,V106A_F227L,2,125,8566.852367688023,218.53125,0.75,10.0
DOR,V106A+F227L,V106A_F227L,2,130,8909.526462395543,255.65625,0.75,10.0
DOR,V106A+F227L,V106A_F227L,2,135,9252.200557103064,255.65625,0.75,10.0
DOR,V106A+F227L,V106A_F227L,2,140,9594.874651810584,239.203125,0.75,10.0
DOR,V106A+F227L,V106A_F227L,2,145,9937.548746518103,227.8125,0.75,10.0
DOR,V106A+F227L,V106A_F227L,2,150,10280.222841225626,252.703125,0.75,10.0
DOR,V106A+F227L,V106A_F227L,2,155,10622.896935933148,240.046875,0.75,10.0
DOR,V106A+F227L,V106A_F227L,2,160,10965.571030640667,247.640625,0.75,10.0
DOR,V106A+F227L,V106A_F227L,2,165,11308.245125348189,226.125,0.75,10.0
DOR,V106A+F227L,V106A_F227L,2,170,11650.91922005571,254.390625,0.75,10.0
DOR,V106A+F227L,V106A_F227L,2,175,11993.593314763231,256.078125,0.75,10.0
DOR,V106A+F227L,V106A_F227L,2,180,12336.267409470753,234.5625,0.75,10.0
DOR,V106A+F227L,V106A_F227L,2,185,12678.941504178272,226.546875,0.75,10.0
DOR,V106A+F227L,V106A_F227L,2,190,13021.615598885794,238.359375,0.75,10.0
DOR,V106A+F227L,V106A_F227L,2,195,13364.289693593317,208.40625,0.75,10.0
DOR,V106A+F227L,V106A_F227L,2,200,13706.963788300836,220.21875,0.75,10.0
DOR,V106A+F227L,V106A_F227L,2,205,14049.637883008356,244.265625,0.75,10.0
DOR,V106A+F227L,V106A_F227L,2,210,14392.311977715875,220.21875,0.75,10.0
DOR,V106A+F227L,V106A_F227L,2,215,14734.9860724234,243.84375,0.75,10.0
DOR,V106A+F227L,V106A_F227L,2,220,15077.66016713092,229.078125,0.75,10.0
DOR,V106A+F227L,V106A_F227L,2,225,15420.33426183844,255.65625,0.75,10.0
DOR,V106A+F227L,V106A_F227L,2,230,15763.00835654596,259.03125,0.75,10.0
DOR,V106A+F227L,V106A_F227L,2,235,16105.682451253482,271.6875,0.75,10.0
DOR,V106A+F227L,V106A_F227L,2,240,16448.356545961004,261.140625,0.75,10.0
DOR,V106A+F227L,V106A_F227L,2,245,16791.030640668523,237.9375,0.75,10.0
DOR,V106A+F227L,V106A_F227L,2,250,17133.704735376046,232.875,0.75,10.0
DOR,V106A+F227L,V106A_F227L,2,255,17476.378830083566,276.328125,0.75,10.0
DOR,V106A+F227L,V106A_F227L,2,260,17819.052924791085,287.296875,0.75,10.0
DOR,V106A+F227L,V106A_F227L,2,265,18161.72701949861,298.6875,0.75,10.0
DOR,V106A+F227L,V106A_F227L,2,270,18504.401114206128,254.8125,0.75,10.0
DOR,V106A+F227L,V106A_F227L,2,275,18847.075208913648,308.390625,0.75,10.0
DOR,V106A+F227L,V106A_F227L,2,280,19189.74930362117,285.609375,0.75,10.0
DOR,V106A+F227L,V106A_F227L,2,285,19532.42339832869,263.671875,0.75,10.0
DOR,V106A+F227L,V106A_F227L,2,290,19875.09749303621,273.796875,0.75,10.0
DOR,V106A+F227L,V106A_F227L,2,295,20217.771587743733,218.109375,0.75,10.0
DOR,V106A+F227L,V106A_F227L,2,300,20560.445682451253,264.09375,0.75,10.0
DOR,V106A+F227L,V106A_F227L,2,305,20903.119777158776,259.875,0.75,10.0
DOR,V106A+F227L,V106A_F227L,2,310,21245.793871866295,278.859375,0.75,10.0
DOR,V106A+F227L,V106A_F227L,2,315,21588.467966573815,268.734375,0.75,10.0
DOR,V106A+F227L,V106A_F227L,2,320,21931.142061281334,278.015625,0.75,10.0
DOR,V106A+F227L,V106A_F227L,2,325,22273.816155988858,226.96875,0.75,10.0
DOR,V106A+F227L,V106A_F227L,2,330,22616.490250696377,229.078125,0.75,10.0
DOR,V106A+F227L,V106A_F227L,2,335,22959.1643454039,216.84375,0.75,10.0
DOR,V106A+F227L,V106A_F227L,2,340,23301.83844011142,249.75,0.75,10.0
DOR,V106A+F227L,V106A_F227L,2,345,23644.512534818943,264.9375,0.75,10.0
DOR,V106A+F227L,V106A_F227L,2,350,23987.186629526463,268.734375,0.75,10.0
DOR,V106A+F227L,V106A_F227L,2,355,24329.860724233982,263.25,0.75,10.0
DOR,V106A+F227L,V106A_F227L,3,0,0.0,206.71875,0.75,10.0
DOR,V106A+F227L,V106A_F227L,3,5,438.99721448467966,185.625,0.75,10.0
DOR,V106A+F227L,V106A_F227L,3,10,877.9944289693593,216.0,0.75,10.0
DOR,V106A+F227L,V106A_F227L,3,15,1316.991643454039,196.171875,0.75,10.0
DOR,V106A+F227L,V106A_F227L,3,20,1755.9888579387186,214.3125,0.75,10.0
DOR,V106A+F227L,V106A_F227L,3,25,2194.986072423398,198.28125,0.75,10.0
DOR,V106A+F227L,V106A_F227L,3,30,2633.983286908078,196.171875,0.75,10.0
DOR,V106A+F227L,V106A_F227L,3,35,3072.9805013927576,216.0,0.75,10.0
DOR,V106A+F227L,V106A_F227L,3,40,3511.9777158774373,215.15625,0.75,10.0
DOR,V106A+F227L,V106A_F227L,3,45,3950.974930362117,226.546875,0.75,10.0
DOR,V106A+F227L,V106A_F227L,3,50,4389.972144846796,233.296875,0.75,10.0
DOR,V106A+F227L,V106A_F227L,3,55,4828.969359331476,233.296875,0.75,10.0
DOR,V106A+F227L,V106A_F227L,3,60,5267.966573816156,252.703125,0.75,10.0
DOR,V106A+F227L,V106A_F227L,3,65,5706.963788300835,244.6875,0.75,10.0
DOR,V106A+F227L,V106A_F227L,3,70,6145.961002785515,280.546875,0.75,10.0
DOR,V106A+F227L,V106A_F227L,3,75,6584.958217270195,244.265625,0.75,10.0
DOR,V106A+F227L,V106A_F227L,3,80,7023.955431754875,254.390625,0.75,10.0
DOR,V106A+F227L,V106A_F227L,3,85,7462.952646239554,235.828125,0.75,10.0
DOR,V106A+F227L,V106A_F227L,3,90,7901.949860724234,249.75,0.75,10.0
DOR,V106A+F227L,V106A_F227L,3,95,8340.947075208913,245.953125,0.75,10.0
DOR,V106A+F227L,V106A_F227L,3,100,8779.944289693593,209.25,0.75,10.0
DOR,V106A+F227L,V106A_F227L,3,105,9218.941504178272,214.734375,0.75,10.0
DOR,V106A+F227L,V106A_F227L,3,110,9657.938718662952,195.328125,0.75,10.0
DOR,V106A+F227L,V106A_F227L,3,115,10096.935933147632,210.9375,0.75,10.0
DOR,V106A+F227L,V106A_F227L,3,120,10535.933147632311,224.4375,0.75,10.0
DOR,V106A+F227L,V106A_F227L,3,125,10974.930362116991,227.8125,0.75,10.0
DOR,V106A+F227L,V106A_F227L,3,130,11413.92757660167,255.234375,0.75,10.0
DOR,V106A+F227L,V106A_F227L,3,135,11852.92479108635,248.484375,0.75,10.0
DOR,V106A+F227L,V106A_F227L,3,140,12291.92200557103,240.890625,0.75,10.0
DOR,V106A+F227L,V106A_F227L,3,145,12730.91922005571,277.59375,0.75,10.0
DOR,V106A+F227L,V106A_F227L,3,150,13169.91643454039,220.21875,0.75,10.0
DOR,V106A+F227L,V106A_F227L,3,155,13608.91364902507,254.390625,0.75,10.0
DOR,V106A+F227L,V106A_F227L,3,160,14047.91086350975,266.625,0.75,10.0
DOR,V106A+F227L,V106A_F227L,3,165,14486.908077994429,261.5625,0.75,10.0
DOR,V106A+F227L,V106A_F227L,3,170,14925.905292479109,245.109375,0.75,10.0
DOR,V106A+F227L,V106A_F227L,3,175,15364.902506963788,210.9375,0.75,10.0
DOR,V106A+F227L,V106A_F227L,3,180,15803.899721448468,235.828125,0.75,10.0
DOR,V106A+F227L,V106A_F227L,3,185,16242.896935933148,246.796875,0.75,10.0
DOR,V106A+F227L,V106A_F227L,3,190,16681.894150417826,213.890625,0.75,10.0
DOR,V106A+F227L,V106A_F227L,3,195,17120.891364902505,228.65625,0.75,10.0
DOR,V106A+F227L,V106A_F227L,3,200,17559.888579387185,226.125,0.75,10.0
DOR,V106A+F227L,V106A_F227L,3,205,17998.885793871865,287.71875,0.75,10.0
DOR,V106A+F227L,V106A_F227L,3,210,18437.883008356544,231.1875,0.75,10.0
DOR,V106A+F227L,V106A_F227L,3,215,18876.880222841224,239.203125,0.75,10.0
DOR,V106A+F227L,V106A_F227L,3,220,19315.877437325904,223.59375,0.75,10.0
DOR,V106A+F227L,V106A_F227L,3,225,19754.874651810584,236.25,0.75,10.0
DOR,V106A+F227L,V106A_F227L,3,230,20193.871866295263,216.421875,0.75,10.0
DOR,V106A+F227L,V106A_F227L,3,235,20632.869080779943,197.4375,0.75,10.0
DOR,V106A+F227L,V106A_F227L,3,240,21071.866295264623,222.328125,0.75,10.0
DOR,V106A+F227L,V106A_F227L,3,245,21510.863509749302,241.734375,0.75,10.0
DOR,V106A+F227L,V106A_F227L,3,250,21949.860724233982,271.6875,0.75,10.0
DOR,V106A+F227L,V106A_F227L,3,255,22388.857938718666,240.890625,0.75,10.0
DOR,V106A+F227L,V106A_F227L,3,260,22827.85515320334,235.828125,0.75,10.0
DOR,V106A+F227L,V106A_F227L,3,265,23266.85236768802,216.84375,0.75,10.0
DOR,V106A+F227L,V106A_F227L,3,270,23705.8495821727,232.03125,0.75,10.0
DOR,V106A+F227L,V106A_F227L,3,275,24144.84679665738,245.53125,0.75,10.0
DOR,V106A+F227L,V106A_F227L,3,280,24583.84401114206,213.890625,0.75,10.0
DOR,V106A+F227L,V106A_F227L,3,285,25022.84122562674,226.125,0.75,10.0
DOR,V106A+F227L,V106A_F227L,3,290,25461.83844011142,206.71875,0.75,10.0
DOR,V106A+F227L,V106A_F227L,3,295,25900.8356545961,218.109375,0.75,10.0
DOR,V106A+F227L,V106A_F227L,3,300,26339.83286908078,200.390625,0.75,10.0
DOR,V106A+F227L,V106A_F227L,3,305,26778.83008356546,235.40625,0.75,10.0
DOR,V106A+F227L,V106A_F227L,3,310,27217.82729805014,315.140625,0.75,10.0
DOR,V106A+F227L,V106A_F227L,3,315,27656.82451253482,272.953125,0.75,10.0
DOR,V106A+F227L,V106A_F227L,3,320,28095.8217270195,225.28125,0.75,10.0
DOR,V106A+F227L,V106A_F227L,3,325,28534.818941504174,181.40625,0.75,10.0
DOR,V106A+F227L,V106A_F227L,3,330,28973.816155988858,253.546875,0.75,10.0
DOR,V106A+F227L,V106A_F227L,3,335,29412.813370473537,232.03125,0.75,10.0
DOR,V106A+F227L,V106A_F227L,3,340,29851.810584958217,242.15625,0.75,10.0
DOR,V106A+F227L,V106A_F227L,3,345,30290.807799442897,246.375,0.75,10.0
DOR,V106A+F227L,V106A_F227L,3,350,30729.805013927577,238.359375,0.75,10.0
DOR,V106A+F227L,V106A_F227L,3,355,31168.802228412256,228.234375,0.75,10.0
DOR,V106A+L234I,V106A_L234I,1,0,0.0,227.8125,0.75,10.0
DOR,V106A+L234I,V106A_L234I,1,5,139.27576601671308,242.15625,0.75,10.0
DOR,V106A+L234I,V106A_L234I,1,10,278.55153203342616,227.8125,0.75,10.0
DOR,V106A+L234I,V106A_L234I,1,15,417.8272980501393,243.84375,0.75,10.0
DOR,V106A+L234I,V106A_L234I,1,20,557.1030640668523,250.171875,0.75,10.0
DOR,V106A+L234I,V106A_L234I,1,25,696.3788300835655,214.3125,0.75,10.0
DOR,V106A+L234I,V106A_L234I,1,30,835.6545961002786,223.59375,0.75,10.0
DOR,V106A+L234I,V106A_L234I,1,35,974.9303621169915,261.140625,0.75,10.0
DOR,V106A+L234I,V106A_L234I,1,40,1114.2061281337046,221.484375,0.75,10.0
DOR,V106A+L234I,V106A_L234I,1,45,1253.481894150418,231.609375,0.75,10.0
DOR,V106A+L234I,V106A_L234I,1,50,1392.757660167131,283.078125,0.75,10.0
DOR,V106A+L234I,V106A_L234I,1,55,1532.033426183844,251.015625,0.75,10.0
DOR,V106A+L234I,V106A_L234I,1,60,1671.3091922005572,224.859375,0.75,10.0
DOR,V106A+L234I,V106A_L234I,1,65,1810.5849582172705,215.15625,0.75,10.0
DOR,V106A+L234I,V106A_L234I,1,70,1949.860724233983,239.625,0.75,10.0
DOR,V106A+L234I,V106A_L234I,1,75,2089.136490250696,235.828125,0.75,10.0
DOR,V106A+L234I,V106A_L234I,1,80,2228.4122562674092,298.265625,0.75,10.0
DOR,V106A+L234I,V106A_L234I,1,85,2367.688022284123,294.046875,0.75,10.0
DOR,V106A+L234I,V106A_L234I,1,90,2506.963788300836,219.796875,0.75,10.0
DOR,V106A+L234I,V106A_L234I,1,95,2646.239554317549,269.15625,0.75,10.0
DOR,V106A+L234I,V106A_L234I,1,100,2785.515320334262,302.90625,0.75,10.0
DOR,V106A+L234I,V106A_L234I,1,105,2924.791086350975,248.0625,0.75,10.0
DOR,V106A+L234I,V106A_L234I,1,110,3064.066852367688,242.578125,0.75,10.0
DOR,V106A+L234I,V106A_L234I,1,115,3203.3426183844012,236.25,0.75,10.0
DOR,V106A+L234I,V106A_L234I,1,120,3342.6183844011143,267.46875,0.75,10.0
DOR,V106A+L234I,V106A_L234I,1,125,3481.8941504178274,226.96875,0.75,10.0
DOR,V106A+L234I,V106A_L234I,1,130,3621.169916434541,270.0,0.75,10.0
DOR,V106A+L234I,V106A_L234I,1,135,3760.4456824512536,260.296875,0.75,10.0
DOR,V106A+L234I,V106A_L234I,1,140,3899.721448467966,291.515625,0.75,10.0
DOR,V106A+L234I,V106A_L234I,1,145,4038.99721448468,241.3125,0.75,10.0
DOR,V106A+L234I,V106A_L234I,1,150,4178.272980501392,239.203125,0.75,10.0
DOR,V106A+L234I,V106A_L234I,1,155,4317.548746518106,243.84375,0.75,10.0
DOR,V106A+L234I,V106A_L234I,1,160,4456.8245125348185,268.3125,0.75,10.0
DOR,V106A+L234I,V106A_L234I,1,165,4596.100278551532,227.390625,0.75,10.0
DOR,V106A+L234I,V106A_L234I,1,170,4735.376044568246,259.453125,0.75,10.0
DOR,V106A+L234I,V106A_L234I,1,175,4874.651810584958,232.875,0.75,10.0
DOR,V106A+L234I,V106A_L234I,1,180,5013.927576601672,244.265625,0.75,10.0
DOR,V106A+L234I,V106A_L234I,1,185,5153.203342618384,229.921875,0.75,10.0
DOR,V106A+L234I,V106A_L234I,1,190,5292.479108635098,234.5625,0.75,10.0
DOR,V106A+L234I,V106A_L234I,1,195,5431.7548746518105,253.125,0.75,10.0
DOR,V106A+L234I,V106A_L234I,1,200,5571.030640668524,263.25,0.75,10.0
DOR,V106A+L234I,V106A_L234I,1,205,5710.306406685237,228.234375,0.75,10.0
DOR,V106A+L234I,V106A_L234I,1,210,5849.58217270195,226.96875,0.75,10.0
DOR,V106A+L234I,V106A_L234I,1,215,5988.857938718663,258.609375,0.75,10.0
DOR,V106A+L234I,V106A_L234I,1,220,6128.133704735376,259.875,0.75,10.0
DOR,V106A+L234I,V106A_L234I,1,225,6267.409470752089,240.890625,0.75,10.0
DOR,V106A+L234I,V106A_L234I,1,230,6406.6852367688025,248.0625,0.75,10.0
DOR,V106A+L234I,V106A_L234I,1,235,6545.961002785515,250.59375,0.75,10.0
DOR,V106A+L234I,V106A_L234I,1,240,6685.236768802229,204.609375,0.75,10.0
DOR,V106A+L234I,V106A_L234I,1,245,6824.512534818941,210.9375,0.75,10.0
DOR,V106A+L234I,V106A_L234I,1,250,6963.788300835655,202.921875,0.75,10.0
DOR,V106A+L234I,V106A_L234I,1,255,7103.064066852367,260.71875,0.75,10.0
DOR,V106A+L234I,V106A_L234I,1,260,7242.339832869081,229.5,0.75,10.0
DOR,V106A+L234I,V106A_L234I,1,265,7381.615598885794,273.375,0.75,10.0
DOR,V106A+L234I,V106A_L234I,1,270,7520.891364902507,283.921875,0.75,10.0
DOR,V106A+L234I,V106A_L234I,1,275,7660.16713091922,256.078125,0.75,10.0
DOR,V106A+L234I,V106A_L234I,1,280,7799.442896935933,260.71875,0.75,10.0
DOR,V106A+L234I,V106A_L234I,1,285,7938.718662952646,256.921875,0.75,10.0
DOR,V106A+L234I,V106A_L234I,1,290,8077.994428969359,229.921875,0.75,10.0
DOR,V106A+L234I,V106A_L234I,1,295,8217.270194986073,204.609375,0.75,10.0
DOR,V106A+L234I,V106A_L234I,1,300,8356.545961002785,227.390625,0.75,10.0
DOR,V106A+L234I,V106A_L234I,1,305,8495.821727019498,222.328125,0.75,10.0
DOR,V106A+L234I,V106A_L234I,1,310,8635.097493036212,261.140625,0.75,10.0
DOR,V106A+L234I,V106A_L234I,1,315,8774.373259052925,267.46875,0.75,10.0
DOR,V106A+L234I,V106A_L234I,1,320,8913.649025069637,275.0625,0.75,10.0
DOR,V106A+L234I,V106A_L234I,1,325,9052.92479108635,227.8125,0.75,10.0
DOR,V106A+L234I,V106A_L234I,1,330,9192.200557103064,201.234375,0.75,10.0
DOR,V106A+L234I,V106A_L234I,1,335,9331.476323119778,197.4375,0.75,10.0
DOR,V106A+L234I,V106A_L234I,1,340,9470.752089136491,189.421875,0.75,10.0
DOR,V106A+L234I,V106A_L234I,1,345,9610.027855153205,210.515625,0.75,10.0
DOR,V106A+L234I,V106A_L234I,1,350,9749.303621169916,214.734375,0.75,10.0
DOR,V106A+L234I,V106A_L234I,1,355,9888.57938718663,201.65625,0.75,10.0
DOR,V106A+L234I,V106A_L234I,2,0,0.0,217.265625,0.75,10.0
DOR,V106A+L234I,V106A_L234I,2,5,185.06963788300837,223.171875,0.75,10.0
DOR,V106A+L234I,V106A_L234I,2,10,370.13927576601674,199.96875,0.75,10.0
DOR,V106A+L234I,V106A_L234I,2,15,555.208913649025,213.46875,0.75,10.0
DOR,V106A+L234I,V106A_L234I,2,20,740.2785515320335,213.890625,0.75,10.0
DOR,V106A+L234I,V106A_L234I,2,25,925.3481894150418,234.5625,0.75,10.0
DOR,V106A+L234I,V106A_L234I,2,30,1110.41782729805,189.0,0.75,10.0
DOR,V106A+L234I,V106A_L234I,2,35,1295.4874651810585,200.8125,0.75,10.0
DOR,V106A+L234I,V106A_L234I,2,40,1480.557103064067,238.78125,0.75,10.0
DOR,V106A+L234I,V106A_L234I,2,45,1665.6267409470752,205.03125,0.75,10.0
DOR,V106A+L234I,V106A_L234I,2,50,1850.6963788300836,179.71875,0.75,10.0
DOR,V106A+L234I,V106A_L234I,2,55,2035.766016713092,221.484375,0.75,10.0
DOR,V106A+L234I,V106A_L234I,2,60,2220.8356545961,233.71875,0.75,10.0
DOR,V106A+L234I,V106A_L234I,2,65,2405.9052924791085,229.078125,0.75,10.0
DOR,V106A+L234I,V106A_L234I,2,70,2590.974930362117,228.234375,0.75,10.0
DOR,V106A+L234I,V106A_L234I,2,75,2776.0445682451254,223.59375,0.75,10.0
DOR,V106A+L234I,V106A_L234I,2,80,2961.114206128134,201.234375,0.75,10.0
DOR,V106A+L234I,V106A_L234I,2,85,3146.183844011142,203.765625,0.75,10.0
DOR,V106A+L234I,V106A_L234I,2,90,3331.2534818941504,172.96875,0.75,10.0
DOR,V106A+L234I,V106A_L234I,2,95,3516.323119777159,182.25,0.75,10.0
DOR,V106A+L234I,V106A_L234I,2,100,3701.3927576601673,223.59375,0.75,10.0
DOR,V106A+L234I,V106A_L234I,2,105,3886.4623955431753,200.8125,0.75,10.0
DOR,V106A+L234I,V106A_L234I,2,110,4071.532033426184,233.296875,0.75,10.0
DOR,V106A+L234I,V106A_L234I,2,115,4256.601671309192,214.3125,0.75,10.0
DOR,V106A+L234I,V106A_L234I,2,120,4441.6713091922,199.96875,0.75,10.0
DOR,V106A+L234I,V106A_L234I,2,125,4626.740947075209,198.28125,0.75,10.0
DOR,V106A+L234I,V106A_L234I,2,130,4811.810584958217,205.875,0.75,10.0
DOR,V106A+L234I,V106A_L234I,2,135,4996.880222841226,213.890625,0.75,10.0
DOR,V106A+L234I,V106A_L234I,2,140,5181.949860724234,216.0,0.75,10.0
DOR,V106A+L234I,V106A_L234I,2,145,5367.019498607242,243.421875,0.75,10.0
DOR,V106A+L234I,V106A_L234I,2,150,5552.089136490251,215.578125,0.75,10.0
DOR,V106A+L234I,V106A_L234I,2,155,5737.158774373259,200.390625,0.75,10.0
DOR,V106A+L234I,V106A_L234I,2,160,5922.228412256268,213.46875,0.75,10.0
DOR,V106A+L234I,V106A_L234I,2,165,6107.298050139276,244.265625,0.75,10.0
DOR,V106A+L234I,V106A_L234I,2,170,6292.367688022284,206.71875,0.75,10.0
DOR,V106A+L234I,V106A_L234I,2,175,6477.437325905293,219.375,0.75,10.0
DOR,V106A+L234I,V106A_L234I,2,180,6662.506963788301,196.59375,0.75,10.0
DOR,V106A+L234I,V106A_L234I,2,185,6847.57660167131,213.046875,0.75,10.0
DOR,V106A+L234I,V106A_L234I,2,190,7032.646239554318,224.859375,0.75,10.0
DOR,V106A+L234I,V106A_L234I,2,195,7217.715877437326,251.4375,0.75,10.0
DOR,V106A+L234I,V106A_L234I,2,200,7402.7855153203345,216.421875,0.75,10.0
DOR,V106A+L234I,V106A_L234I,2,205,7587.8551532033425,256.921875,0.75,10.0
DOR,V106A+L234I,V106A_L234I,2,210,7772.9247910863505,286.453125,0.75,10.0
DOR,V106A+L234I,V106A_L234I,2,215,7957.994428969359,195.75,0.75,10.0
DOR,V106A+L234I,V106A_L234I,2,220,8143.064066852367,224.4375,0.75,10.0
DOR,V106A+L234I,V106A_L234I,2,225,8328.133704735375,215.15625,0.75,10.0
DOR,V106A+L234I,V106A_L234I,2,230,8513.203342618384,261.984375,0.75,10.0
DOR,V106A+L234I,V106A_L234I,2,235,8698.272980501393,239.625,0.75,10.0
DOR,V106A+L234I,V106A_L234I,2,240,8883.3426183844,216.0,0.75,10.0
DOR,V106A+L234I,V106A_L234I,2,245,9068.41225626741,197.4375,0.75,10.0
DOR,V106A+L234I,V106A_L234I,2,250,9253.481894150418,213.046875,0.75,10.0
DOR,V106A+L234I,V106A_L234I,2,255,9438.551532033429,232.453125,0.75,10.0
DOR,V106A+L234I,V106A_L234I,2,260,9623.621169916434,190.6875,0.75,10.0
DOR,V106A+L234I,V106A_L234I,2,265,9808.690807799445,226.125,0.75,10.0
DOR,V106A+L234I,V106A_L234I,2,270,9993.760445682452,231.1875,0.75,10.0
DOR,V106A+L234I,V106A_L234I,2,275,10178.83008356546,241.3125,0.75,10.0
DOR,V106A+L234I,V106A_L234I,2,280,10363.899721448468,210.515625,0.75,10.0
DOR,V106A+L234I,V106A_L234I,2,285,10548.969359331477,211.359375,0.75,10.0
DOR,V106A+L234I,V106A_L234I,2,290,10734.038997214484,215.578125,0.75,10.0
DOR,V106A+L234I,V106A_L234I,2,295,10919.108635097493,221.90625,0.75,10.0
DOR,V106A+L234I,V106A_L234I,2,300,11104.178272980502,214.3125,0.75,10.0
DOR,V106A+L234I,V106A_L234I,2,305,11289.247910863509,255.65625,0.75,10.0
DOR,V106A+L234I,V106A_L234I,2,310,11474.317548746518,216.0,0.75,10.0
DOR,V106A+L234I,V106A_L234I,2,315,11659.387186629529,229.078125,0.75,10.0
DOR,V106A+L234I,V106A_L234I,2,320,11844.456824512536,185.625,0.75,10.0
DOR,V106A+L234I,V106A_L234I,2,325,12029.526462395545,208.40625,0.75,10.0
DOR,V106A+L234I,V106A_L234I,2,330,12214.596100278552,213.046875,0.75,10.0
DOR,V106A+L234I,V106A_L234I,2,335,12399.66573816156,203.765625,0.75,10.0
DOR,V106A+L234I,V106A_L234I,2,340,12584.735376044568,187.3125,0.75,10.0
DOR,V106A+L234I,V106A_L234I,2,345,12769.805013927577,243.421875,0.75,10.0
DOR,V106A+L234I,V106A_L234I,2,350,12954.874651810584,255.65625,0.75,10.0
DOR,V106A+L234I,V106A_L234I,2,355,13139.944289693593,214.734375,0.75,10.0
DOR,V106A+L234I,V106A_L234I,3,0,0.0,206.71875,0.75,10.0
DOR,V106A+L234I,V106A_L234I,3,5,139.27576601671308,202.5,0.75,10.0
DOR,V106A+L234I,V106A_L234I,3,10,278.55153203342616,230.765625,0.75,10.0
DOR,V106A+L234I,V106A_L234I,3,15,417.8272980501393,220.640625,0.75,10.0
DOR,V106A+L234I,V106A_L234I,3,20,557.1030640668523,214.3125,0.75,10.0
DOR,V106A+L234I,V106A_L234I,3,25,696.3788300835655,218.53125,0.75,10.0
DOR,V106A+L234I,V106A_L234I,3,30,835.6545961002786,213.046875,0.75,10.0
DOR,V106A+L234I,V106A_L234I,3,35,974.9303621169915,250.59375,0.75,10.0
DOR,V106A+L234I,V106A_L234I,3,40,1114.2061281337046,252.28125,0.75,10.0
DOR,V106A+L234I,V106A_L234I,3,45,1253.481894150418,250.59375,0.75,10.0
DOR,V106A+L234I,V106A_L234I,3,50,1392.757660167131,246.796875,0.75,10.0
DOR,V106A+L234I,V106A_L234I,3,55,1532.033426183844,224.859375,0.75,10.0
DOR,V106A+L234I,V106A_L234I,3,60,1671.3091922005572,268.734375,0.75,10.0
DOR,V106A+L234I,V106A_L234I,3,65,1810.5849582172705,203.34375,0.75,10.0
DOR,V106A+L234I,V106A_L234I,3,70,1949.860724233983,237.515625,0.75,10.0
DOR,V106A+L234I,V106A_L234I,3,75,2089.136490250696,229.5,0.75,10.0
DOR,V106A+L234I,V106A_L234I,3,80,2228.4122562674092,204.609375,0.75,10.0
DOR,V106A+L234I,V106A_L234I,3,85,2367.688022284123,215.578125,0.75,10.0
DOR,V106A+L234I,V106A_L234I,3,90,2506.963788300836,241.734375,0.75,10.0
DOR,V106A+L234I,V106A_L234I,3,95,2646.239554317549,207.5625,0.75,10.0
DOR,V106A+L234I,V106A_L234I,3,100,2785.515320334262,231.1875,0.75,10.0
DOR,V106A+L234I,V106A_L234I,3,105,2924.791086350975,227.8125,0.75,10.0
DOR,V106A+L234I,V106A_L234I,3,110,3064.066852367688,219.375,0.75,10.0
DOR,V106A+L234I,V106A_L234I,3,115,3203.3426183844012,181.40625,0.75,10.0
DOR,V106A+L234I,V106A_L234I,3,120,3342.6183844011143,248.0625,0.75,10.0
DOR,V106A+L234I,V106A_L234I,3,125,3481.8941504178274,251.859375,0.75,10.0
DOR,V106A+L234I,V106A_L234I,3,130,3621.169916434541,232.453125,0.75,10.0
DOR,V106A+L234I,V106A_L234I,3,135,3760.4456824512536,251.015625,0.75,10.0
DOR,V106A+L234I,V106A_L234I,3,140,3899.721448467966,231.1875,0.75,10.0
DOR,V106A+L234I,V106A_L234I,3,145,4038.99721448468,256.5,0.75,10.0
DOR,V106A+L234I,V106A_L234I,3,150,4178.272980501392,243.421875,0.75,10.0
DOR,V106A+L234I,V106A_L234I,3,155,4317.548746518106,248.0625,0.75,10.0
DOR,V106A+L234I,V106A_L234I,3,160,4456.8245125348185,239.625,0.75,10.0
DOR,V106A+L234I,V106A_L234I,3,165,4596.100278551532,266.203125,0.75,10.0
DOR,V106A+L234I,V106A_L234I,3,170,4735.376044568246,242.15625,0.75,10.0
DOR,V106A+L234I,V106A_L234I,3,175,4874.651810584958,251.859375,0.75,10.0
DOR,V106A+L234I,V106A_L234I,3,180,5013.927576601672,267.046875,0.75,10.0
DOR,V106A+L234I,V106A_L234I,3,185,5153.203342618384,258.609375,0.75,10.0
DOR,V106A+L234I,V106A_L234I,3,190,5292.479108635098,301.21875,0.75,10.0
DOR,V106A+L234I,V106A_L234I,3,195,5431.7548746518105,242.578125,0.75,10.0
DOR,V106A+L234I,V106A_L234I,3,200,5571.030640668524,279.703125,0.75,10.0
DOR,V106A+L234I,V106A_L234I,3,205,5710.306406685237,232.875,0.75,10.0
DOR,V106A+L234I,V106A_L234I,3,210,5849.58217270195,202.078125,0.75,10.0
DOR,V106A+L234I,V106A_L234I,3,215,5988.857938718663,243.0,0.75,10.0
DOR,V106A+L234I,V106A_L234I,3,220,6128.133704735376,245.953125,0.75,10.0
DOR,V106A+L234I,V106A_L234I,3,225,6267.409470752089,240.46875,0.75,10.0
DOR,V106A+L234I,V106A_L234I,3,230,6406.6852367688025,248.0625,0.75,10.0
DOR,V106A+L234I,V106A_L234I,3,235,6545.961002785515,230.765625,0.75,10.0
DOR,V106A+L234I,V106A_L234I,3,240,6685.236768802229,248.0625,0.75,10.0
DOR,V106A+L234I,V106A_L234I,3,245,6824.512534818941,224.859375,0.75,10.0
DOR,V106A+L234I,V106A_L234I,3,250,6963.788300835655,296.578125,0.75,10.0
DOR,V106A+L234I,V106A_L234I,3,255,7103.064066852367,252.703125,0.75,10.0
DOR,V106A+L234I,V106A_L234I,3,260,7242.339832869081,243.421875,0.75,10.0
DOR,V106A+L234I,V106A_L234I,3,265,7381.615598885794,255.234375,0.75,10.0
DOR,V106A+L234I,V106A_L234I,3,270,7520.891364902507,222.328125,0.75,10.0
DOR,V106A+L234I,V106A_L234I,3,275,7660.16713091922,249.75,0.75,10.0
DOR,V106A+L234I,V106A_L234I,3,280,7799.442896935933,228.65625,0.75,10.0
DOR,V106A+L234I,V106A_L234I,3,285,7938.718662952646,244.265625,0.75,10.0
DOR,V106A+L234I,V106A_L234I,3,290,8077.994428969359,304.171875,0.75,10.0
DOR,V106A+L234I,V106A_L234I,3,295,8217.270194986073,252.703125,0.75,10.0
DOR,V106A+L234I,V106A_L234I,3,300,8356.545961002785,251.859375,0.75,10.0
DOR,V106A+L234I,V106A_L234I,3,305,8495.821727019498,228.234375,0.75,10.0
DOR,V106A+L234I,V106A_L234I,3,310,8635.097493036212,238.78125,0.75,10.0
DOR,V106A+L234I,V106A_L234I,3,315,8774.373259052925,261.984375,0.75,10.0
DOR,V106A+L234I,V106A_L234I,3,320,8913.649025069637,240.046875,0.75,10.0
DOR,V106A+L234I,V106A_L234I,3,325,9052.92479108635,221.484375,0.75,10.0
DOR,V106A+L234I,V106A_L234I,3,330,9192.200557103064,282.234375,0.75,10.0
DOR,V106A+L234I,V106A_L234I,3,335,9331.476323119778,229.078125,0.75,10.0
DOR,V106A+L234I,V106A_L234I,3,340,9470.752089136491,262.828125,0.75,10.0
DOR,V106A+L234I,V106A_L234I,3,345,9610.027855153205,270.421875,0.75,10.0
DOR,V106A+L234I,V106A_L234I,3,350,9749.303621169916,251.4375,0.75,10.0
DOR,V106A+L234I,V106A_L234I,3,355,9888.57938718663,243.0,0.75,10.0
DOR,V106A+P225H,V106A_P225H,1,0,0.0,195.328125,0.75,10.0
DOR,V106A+P225H,V106A_P225H,1,5,139.27576601671308,207.140625,0.75,10.0
DOR,V106A+P225H,V106A_P225H,1,10,278.55153203342616,216.84375,0.75,10.0
DOR,V106A+P225H,V106A_P225H,1,15,417.8272980501393,229.5,0.75,10.0
DOR,V106A+P225H,V106A_P225H,1,20,557.1030640668523,213.46875,0.75,10.0
DOR,V106A+P225H,V106A_P225H,1,25,696.3788300835655,218.109375,0.75,10.0
DOR,V106A+P225H,V106A_P225H,1,30,835.6545961002786,243.84375,0.75,10.0
DOR,V106A+P225H,V106A_P225H,1,35,974.9303621169915,215.15625,0.75,10.0
DOR,V106A+P225H,V106A_P225H,1,40,1114.2061281337046,216.0,0.75,10.0
DOR,V106A+P225H,V106A_P225H,1,45,1253.481894150418,217.265625,0.75,10.0
DOR,V106A+P225H,V106A_P225H,1,50,1392.757660167131,213.046875,0.75,10.0
DOR,V106A+P225H,V106A_P225H,1,55,1532.033426183844,190.265625,0.75,10.0
DOR,V106A+P225H,V106A_P225H,1,60,1671.3091922005572,198.28125,0.75,10.0
DOR,V106A+P225H,V106A_P225H,1,65,1810.5849582172705,208.828125,0.75,10.0
DOR,V106A+P225H,V106A_P225H,1,70,1949.860724233983,197.4375,0.75,10.0
DOR,V106A+P225H,V106A_P225H,1,75,2089.136490250696,186.46875,0.75,10.0
DOR,V106A+P225H,V106A_P225H,1,80,2228.4122562674092,192.375,0.75,10.0
DOR,V106A+P225H,V106A_P225H,1,85,2367.688022284123,197.859375,0.75,10.0
DOR,V106A+P225H,V106A_P225H,1,90,2506.963788300836,213.46875,0.75,10.0
DOR,V106A+P225H,V106A_P225H,1,95,2646.239554317549,226.96875,0.75,10.0
DOR,V106A+P225H,V106A_P225H,1,100,2785.515320334262,226.546875,0.75,10.0
DOR,V106A+P225H,V106A_P225H,1,105,2924.791086350975,213.46875,0.75,10.0
DOR,V106A+P225H,V106A_P225H,1,110,3064.066852367688,197.4375,0.75,10.0
DOR,V106A+P225H,V106A_P225H,1,115,3203.3426183844012,207.984375,0.75,10.0
DOR,V106A+P225H,V106A_P225H,1,120,3342.6183844011143,219.375,0.75,10.0
DOR,V106A+P225H,V106A_P225H,1,125,3481.8941504178274,221.484375,0.75,10.0
DOR,V106A+P225H,V106A_P225H,1,130,3621.169916434541,231.1875,0.75,10.0
DOR,V106A+P225H,V106A_P225H,1,135,3760.4456824512536,253.546875,0.75,10.0
DOR,V106A+P225H,V106A_P225H,1,140,3899.721448467966,197.859375,0.75,10.0
DOR,V106A+P225H,V106A_P225H,1,145,4038.99721448468,247.21875,0.75,10.0
DOR,V106A+P225H,V106A_P225H,1,150,4178.272980501392,207.140625,0.75,10.0
DOR,V106A+P225H,V106A_P225H,1,155,4317.548746518106,211.78125,0.75,10.0
DOR,V106A+P225H,V106A_P225H,1,160,4456.8245125348185,243.421875,0.75,10.0
DOR,V106A+P225H,V106A_P225H,1,165,4596.100278551532,234.140625,0.75,10.0
DOR,V106A+P225H,V106A_P225H,1,170,4735.376044568246,211.359375,0.75,10.0
DOR,V106A+P225H,V106A_P225H,1,175,4874.651810584958,208.828125,0.75,10.0
DOR,V106A+P225H,V106A_P225H,1,180,5013.927576601672,199.546875,0.75,10.0
DOR,V106A+P225H,V106A_P225H,1,185,5153.203342618384,212.203125,0.75,10.0
DOR,V106A+P225H,V106A_P225H,1,190,5292.479108635098,194.0625,0.75,10.0
DOR,V106A+P225H,V106A_P225H,1,195,5431.7548746518105,204.609375,0.75,10.0
DOR,V106A+P225H,V106A_P225H,1,200,5571.030640668524,213.046875,0.75,10.0
DOR,V106A+P225H,V106A_P225H,1,205,5710.306406685237,226.125,0.75,10.0
DOR,V106A+P225H,V106A_P225H,1,210,5849.58217270195,193.640625,0.75,10.0
DOR,V106A+P225H,V106A_P225H,1,215,5988.857938718663,195.75,0.75,10.0
DOR,V106A+P225H,V106A_P225H,1,220,6128.133704735376,205.03125,0.75,10.0
DOR,V106A+P225H,V106A_P225H,1,225,6267.409470752089,209.671875,0.75,10.0
DOR,V106A+P225H,V106A_P225H,1,230,6406.6852367688025,196.59375,0.75,10.0
DOR,V106A+P225H,V106A_P225H,1,235,6545.961002785515,207.140625,0.75,10.0
DOR,V106A+P225H,V106A_P225H,1,240,6685.236768802229,210.9375,0.75,10.0
DOR,V106A+P225H,V106A_P225H,1,245,6824.512534818941,221.90625,0.75,10.0
DOR,V106A+P225H,V106A_P225H,1,250,6963.788300835655,203.765625,0.75,10.0
DOR,V106A+P225H,V106A_P225H,1,255,7103.064066852367,223.59375,0.75,10.0
DOR,V106A+P225H,V106A_P225H,1,260,7242.339832869081,240.046875,0.75,10.0
DOR,V106A+P225H,V106A_P225H,1,265,7381.615598885794,194.484375,0.75,10.0
DOR,V106A+P225H,V106A_P225H,1,270,7520.891364902507,223.171875,0.75,10.0
DOR,V106A+P225H,V106A_P225H,1,275,7660.16713091922,201.234375,0.75,10.0
DOR,V106A+P225H,V106A_P225H,1,280,7799.442896935933,208.828125,0.75,10.0
DOR,V106A+P225H,V106A_P225H,1,285,7938.718662952646,212.203125,0.75,10.0
DOR,V106A+P225H,V106A_P225H,1,290,8077.994428969359,228.65625,0.75,10.0
DOR,V106A+P225H,V106A_P225H,1,295,8217.270194986073,208.828125,0.75,10.0
DOR,V106A+P225H,V106A_P225H,1,300,8356.545961002785,223.59375,0.75,10.0
DOR,V106A+P225H,V106A_P225H,1,305,8495.821727019498,217.6875,0.75,10.0
DOR,V106A+P225H,V106A_P225H,1,310,8635.097493036212,188.578125,0.75,10.0
DOR,V106A+P225H,V106A_P225H,1,315,8774.373259052925,193.21875,0.75,10.0
DOR,V106A+P225H,V106A_P225H,1,320,8913.649025069637,222.328125,0.75,10.0
DOR,V106A+P225H,V106A_P225H,1,325,9052.92479108635,214.3125,0.75,10.0
DOR,V106A+P225H,V106A_P225H,1,330,9192.200557103064,207.140625,0.75,10.0
DOR,V106A+P225H,V106A_P225H,1,335,9331.476323119778,200.8125,0.75,10.0
DOR,V106A+P225H,V106A_P225H,1,340,9470.752089136491,224.4375,0.75,10.0
DOR,V106A+P225H,V106A_P225H,1,345,9610.027855153205,212.625,0.75,10.0
DOR,V106A+P225H,V106A_P225H,1,350,9749.303621169916,218.953125,0.75,10.0
DOR,V106A+P225H,V106A_P225H,1,355,9888.57938718663,207.984375,0.75,10.0
DOR,V106A+P225H,V106A_P225H,2,0,0.0,192.796875,0.75,10.0
DOR,V106A+P225H,V106A_P225H,2,5,139.27576601671308,243.421875,0.75,10.0
DOR,V106A+P225H,V106A_P225H,2,10,278.55153203342616,240.46875,0.75,10.0
DOR,V106A+P225H,V106A_P225H,2,15,417.8272980501393,205.875,0.75,10.0
DOR,V106A+P225H,V106A_P225H,2,20,557.1030640668523,209.671875,0.75,10.0
DOR,V106A+P225H,V106A_P225H,2,25,696.3788300835655,198.703125,0.75,10.0
DOR,V106A+P225H,V106A_P225H,2,30,835.6545961002786,200.8125,0.75,10.0
DOR,V106A+P225H,V106A_P225H,2,35,974.9303621169915,180.5625,0.75,10.0
DOR,V106A+P225H,V106A_P225H,2,40,1114.2061281337046,214.734375,0.75,10.0
DOR,V106A+P225H,V106A_P225H,2,45,1253.481894150418,203.765625,0.75,10.0
DOR,V106A+P225H,V106A_P225H,2,50,1392.757660167131,187.3125,0.75,10.0
DOR,V106A+P225H,V106A_P225H,2,55,1532.033426183844,196.59375,0.75,10.0
DOR,V106A+P225H,V106A_P225H,2,60,1671.3091922005572,200.8125,0.75,10.0
DOR,V106A+P225H,V106A_P225H,2,65,1810.5849582172705,198.28125,0.75,10.0
DOR,V106A+P225H,V106A_P225H,2,70,1949.860724233983,186.46875,0.75,10.0
DOR,V106A+P225H,V106A_P225H,2,75,2089.136490250696,224.015625,0.75,10.0
DOR,V106A+P225H,V106A_P225H,2,80,2228.4122562674092,243.84375,0.75,10.0
DOR,V106A+P225H,V106A_P225H,2,85,2367.688022284123,221.484375,0.75,10.0
DOR,V106A+P225H,V106A_P225H,2,90,2506.963788300836,205.875,0.75,10.0
DOR,V106A+P225H,V106A_P225H,2,95,2646.239554317549,183.9375,0.75,10.0
DOR,V106A+P225H,V106A_P225H,2,100,2785.515320334262,222.75,0.75,10.0
DOR,V106A+P225H,V106A_P225H,2,105,2924.791086350975,200.390625,0.75,10.0
DOR,V106A+P225H,V106A_P225H,2,110,3064.066852367688,242.15625,0.75,10.0
DOR,V106A+P225H,V106A_P225H,2,115,3203.3426183844012,240.890625,0.75,10.0
DOR,V106A+P225H,V106A_P225H,2,120,3342.6183844011143,250.59375,0.75,10.0
DOR,V106A+P225H,V106A_P225H,2,125,3481.8941504178274,245.953125,0.75,10.0
DOR,V106A+P225H,V106A_P225H,2,130,3621.169916434541,223.171875,0.75,10.0
DOR,V106A+P225H,V106A_P225H,2,135,3760.4456824512536,240.46875,0.75,10.0
DOR,V106A+P225H,V106A_P225H,2,140,3899.721448467966,237.9375,0.75,10.0
DOR,V106A+P225H,V106A_P225H,2,145,4038.99721448468,214.734375,0.75,10.0
DOR,V106A+P225H,V106A_P225H,2,150,4178.272980501392,210.9375,0.75,10.0
DOR,V106A+P225H,V106A_P225H,2,155,4317.548746518106,244.6875,0.75,10.0
DOR,V106A+P225H,V106A_P225H,2,160,4456.8245125348185,221.484375,0.75,10.0
DOR,V106A+P225H,V106A_P225H,2,165,4596.100278551532,227.390625,0.75,10.0
DOR,V106A+P225H,V106A_P225H,2,170,4735.376044568246,287.296875,0.75,10.0
DOR,V106A+P225H,V106A_P225H,2,175,4874.651810584958,273.796875,0.75,10.0
DOR,V106A+P225H,V106A_P225H,2,180,5013.927576601672,249.75,0.75,10.0
DOR,V106A+P225H,V106A_P225H,2,185,5153.203342618384,253.125,0.75,10.0
DOR,V106A+P225H,V106A_P225H,2,190,5292.479108635098,245.109375,0.75,10.0
DOR,V106A+P225H,V106A_P225H,2,195,5431.7548746518105,234.140625,0.75,10.0
DOR,V106A+P225H,V106A_P225H,2,200,5571.030640668524,256.5,0.75,10.0
DOR,V106A+P225H,V106A_P225H,2,205,5710.306406685237,210.515625,0.75,10.0
DOR,V106A+P225H,V106A_P225H,2,210,5849.58217270195,225.28125,0.75,10.0
DOR,V106A+P225H,V106A_P225H,2,215,5988.857938718663,277.171875,0.75,10.0
DOR,V106A+P225H,V106A_P225H,2,220,6128.133704735376,249.75,0.75,10.0
DOR,V106A+P225H,V106A_P225H,2,225,6267.409470752089,278.859375,0.75,10.0
DOR,V106A+P225H,V106A_P225H,2,230,6406.6852367688025,253.125,0.75,10.0
DOR,V106A+P225H,V106A_P225H,2,235,6545.961002785515,266.203125,0.75,10.0
DOR,V106A+P225H,V106A_P225H,2,240,6685.236768802229,252.703125,0.75,10.0
DOR,V106A+P225H,V106A_P225H,2,245,6824.512534818941,222.75,0.75,10.0
DOR,V106A+P225H,V106A_P225H,2,250,6963.788300835655,236.25,0.75,10.0
DOR,V106A+P225H,V106A_P225H,2,255,7103.064066852367,195.75,0.75,10.0
DOR,V106A+P225H,V106A_P225H,2,260,7242.339832869081,251.4375,0.75,10.0
DOR,V106A+P225H,V106A_P225H,2,265,7381.615598885794,227.390625,0.75,10.0
DOR,V106A+P225H,V106A_P225H,2,270,7520.891364902507,252.28125,0.75,10.0
DOR,V106A+P225H,V106A_P225H,2,275,7660.16713091922,218.53125,0.75,10.0
DOR,V106A+P225H,V106A_P225H,2,280,7799.442896935933,230.765625,0.75,10.0
DOR,V106A+P225H,V106A_P225H,2,285,7938.718662952646,276.328125,0.75,10.0
DOR,V106A+P225H,V106A_P225H,2,290,8077.994428969359,266.625,0.75,10.0
DOR,V106A+P225H,V106A_P225H,2,295,8217.270194986073,226.96875,0.75,10.0
DOR,V106A+P225H,V106A_P225H,2,300,8356.545961002785,265.359375,0.75,10.0
DOR,V106A+P225H,V106A_P225H,2,305,8495.821727019498,236.671875,0.75,10.0
DOR,V106A+P225H,V106A_P225H,2,310,8635.097493036212,265.359375,0.75,10.0
DOR,V106A+P225H,V106A_P225H,2,315,8774.373259052925,207.5625,0.75,10.0
DOR,V106A+P225H,V106A_P225H,2,320,8913.649025069637,261.984375,0.75,10.0
DOR,V106A+P225H,V106A_P225H,2,325,9052.92479108635,226.125,0.75,10.0
DOR,V106A+P225H,V106A_P225H,2,330,9192.200557103064,266.203125,0.75,10.0
DOR,V106A+P225H,V106A_P225H,2,335,9331.476323119778,225.28125,0.75,10.0
DOR,V106A+P225H,V106A_P225H,2,340,9470.752089136491,248.0625,0.75,10.0
DOR,V106A+P225H,V106A_P225H,2,345,9610.027855153205,262.40625,0.75,10.0
DOR,V106A+P225H,V106A_P225H,2,350,9749.303621169916,282.65625,0.75,10.0
DOR,V106A+P225H,V106A_P225H,2,355,9888.57938718663,237.515625,0.75,10.0
DOR,V106I,V106I,1,0,0.0,242.578125,0.75,10.0
DOR,V106I,V106I,1,5,2793.2960893854747,217.6875,0.75,10.0
DOR,V106I,V106I,1,10,5586.592178770949,224.015625,0.75,10.0
DOR,V106I,V106I,1,15,8379.888268156425,215.578125,0.75,10.0
DOR,V106I,V106I,1,20,11173.1843575419,197.4375,0.75,10.0
DOR,V106I,V106I,1,25,13966.480446927377,196.59375,0.75,10.0
DOR,V106I,V106I,1,30,16759.77653631285,206.71875,0.75,10.0
DOR,V106I,V106I,1,35,19553.072625698325,186.890625,0.75,10.0
DOR,V106I,V106I,1,40,22346.3687150838,215.15625,0.75,10.0
DOR,V106I,V106I,1,45,25139.664804469274,236.671875,0.75,10.0
DOR,V106I,V106I,1,50,27932.96089385475,241.734375,0.75,10.0
DOR,V106I,V106I,1,55,30726.256983240222,282.65625,0.75,10.0
DOR,V106I,V106I,1,60,33519.5530726257,252.703125,0.75,10.0
DOR,V106I,V106I,1,65,36312.849162011174,273.796875,0.75,10.0
DOR,V106I,V106I,1,70,39106.14525139665,269.578125,0.75,10.0
DOR,V106I,V106I,1,75,41899.44134078212,255.65625,0.75,10.0
DOR,V106I,V106I,1,80,44692.737430167595,248.0625,0.75,10.0
DOR,V106I,V106I,1,85,47486.03351955307,337.078125,0.75,10.0
DOR,V106I,V106I,1,90,50279.32960893855,264.515625,0.75,10.0
DOR,V106I,V106I,1,95,53072.625698324024,283.078125,0.75,10.0
DOR,V106I,V106I,1,100,55865.9217877095,249.328125,0.75,10.0
DOR,V106I,V106I,1,105,58659.21787709497,301.640625,0.75,10.0
DOR,V106I,V106I,1,110,61452.513966480445,309.65625,0.75,10.0
DOR,V106I,V106I,1,115,64245.81005586592,265.78125,0.75,10.0
DOR,V106I,V106I,1,120,67039.1061452514,258.1875,0.75,10.0
DOR,V106I,V106I,1,125,69832.40223463687,308.8125,0.75,10.0
DOR,V106I,V106I,1,130,72625.69832402235,307.125,0.75,10.0
DOR,V106I,V106I,1,135,75418.99441340783,276.75,0.75,10.0
DOR,V106I,V106I,1,140,78212.2905027933,273.375,0.75,10.0
DOR,V106I,V106I,1,145,81005.58659217878,272.953125,0.75,10.0
DOR,V106I,V106I,1,150,83798.88268156424,302.0625,0.75,10.0
DOR,V106I,V106I,1,155,86592.17877094971,321.046875,0.75,10.0
DOR,V106I,V106I,1,160,89385.47486033519,304.171875,0.75,10.0
DOR,V106I,V106I,1,165,92178.77094972068,313.453125,0.75,10.0
DOR,V106I,V106I,1,170,94972.06703910614,310.921875,0.75,10.0
DOR,V106I,V106I,1,175,97765.36312849162,332.4375,0.75,10.0
DOR,V106A+P225H,V106A_P225H,3,0,0.0,221.0625,0.75,10.0
DOR,V106A+P225H,V106A_P225H,3,5,139.6100278551532,179.296875,0.75,10.0
DOR,V106A+P225H,V106A_P225H,3,10,279.2200557103064,194.0625,0.75,10.0
DOR,V106A+P225H,V106A_P225H,3,15,418.8300835654596,200.8125,0.75,10.0
DOR,V106A+P225H,V106A_P225H,3,20,558.4401114206128,210.9375,0.75,10.0
DOR,V106A+P225H,V106A_P225H,3,25,698.050139275766,204.609375,0.75,10.0
DOR,V106A+P225H,V106A_P225H,3,30,837.6601671309193,212.625,0.75,10.0
DOR,V106A+P225H,V106A_P225H,3,35,977.2701949860724,222.328125,0.75,10.0
DOR,V106A+P225H,V106A_P225H,3,40,1116.8802228412255,248.0625,0.75,10.0
DOR,V106A+P225H,V106A_P225H,3,45,1256.4902506963788,216.421875,0.75,10.0
DOR,V106A+P225H,V106A_P225H,3,50,1396.100278551532,225.28125,0.75,10.0
DOR,V106A+P225H,V106A_P225H,3,55,1535.7103064066853,232.875,0.75,10.0
DOR,V106A+P225H,V106A_P225H,3,60,1675.3203342618383,247.21875,0.75,10.0
DOR,V106A+P225H,V106A_P225H,3,65,1814.9303621169915,268.3125,0.75,10.0
DOR,V106A+P225H,V106A_P225H,3,70,1954.5403899721448,247.640625,0.75,10.0
DOR,V106A+P225H,V106A_P225H,3,75,2094.150417827298,290.671875,0.75,10.0
DOR,V106A+P225H,V106A_P225H,3,80,2233.760445682451,224.859375,0.75,10.0
DOR,V106A+P225H,V106A_P225H,3,85,2373.3704735376045,217.265625,0.75,10.0
DOR,V106A+P225H,V106A_P225H,3,90,2512.9805013927576,267.46875,0.75,10.0
DOR,V106A+P225H,V106A_P225H,3,95,2652.590529247911,253.125,0.75,10.0
DOR,V106A+P225H,V106A_P225H,3,100,2792.200557103064,274.21875,0.75,10.0
DOR,V106A+P225H,V106A_P225H,3,105,2931.810584958217,232.875,0.75,10.0
DOR,V106A+P225H,V106A_P225H,3,110,3071.4206128133706,263.25,0.75,10.0
DOR,V106A+P225H,V106A_P225H,3,115,3211.0306406685236,266.203125,0.75,10.0
DOR,V106A+P225H,V106A_P225H,3,120,3350.640668523677,272.53125,0.75,10.0
DOR,V106A+P225H,V106A_P225H,3,125,3490.25069637883,266.625,0.75,10.0
DOR,V106A+P225H,V106A_P225H,3,130,3629.860724233983,225.28125,0.75,10.0
DOR,V106A+P225H,V106A_P225H,3,135,3769.470752089137,216.421875,0.75,10.0
DOR,V106A+P225H,V106A_P225H,3,140,3909.0807799442896,229.921875,0.75,10.0
DOR,V106A+P225H,V106A_P225H,3,145,4048.690807799443,245.109375,0.75,10.0
DOR,V106A+P225H,V106A_P225H,3,150,4188.300835654596,207.5625,0.75,10.0
DOR,V106A+P225H,V106A_P225H,3,155,4327.910863509749,223.171875,0.75,10.0
DOR,V106A+P225H,V106A_P225H,3,160,4467.520891364902,223.171875,0.75,10.0
DOR,V106A+P225H,V106A_P225H,3,165,4607.130919220056,228.234375,0.75,10.0
DOR,V106A+P225H,V106A_P225H,3,170,4746.740947075209,252.703125,0.75,10.0
DOR,V106A+P225H,V106A_P225H,3,175,4886.350974930362,253.125,0.75,10.0
DOR,V106A+P225H,V106A_P225H,3,180,5025.961002785515,256.921875,0.75,10.0
DOR,V106A+P225H,V106A_P225H,3,185,5165.571030640668,259.03125,0.75,10.0
DOR,V106A+P225H,V106A_P225H,3,190,5305.181058495822,258.609375,0.75,10.0
DOR,V106A+P225H,V106A_P225H,3,195,5444.791086350975,247.640625,0.75,10.0
DOR,V106A+P225H,V106A_P225H,3,200,5584.401114206128,233.71875,0.75,10.0
DOR,V106A+P225H,V106A_P225H,3,205,5724.011142061281,264.9375,0.75,10.0
DOR,V106A+P225H,V106A_P225H,3,210,5863.621169916434,258.1875,0.75,10.0
DOR,V106A+P225H,V106A_P225H,3,215,6003.231197771588,234.5625,0.75,10.0
DOR,V106A+P225H,V106A_P225H,3,220,6142.841225626741,253.125,0.75,10.0
DOR,V106A+P225H,V106A_P225H,3,225,6282.451253481894,220.21875,0.75,10.0
DOR,V106A+P225H,V106A_P225H,3,230,6422.061281337047,232.453125,0.75,10.0
DOR,V106A+P225H,V106A_P225H,3,235,6561.6713091922,307.546875,0.75,10.0
DOR,V106A+P225H,V106A_P225H,3,240,6701.281337047354,244.6875,0.75,10.0
DOR,V106A+P225H,V106A_P225H,3,245,6840.891364902507,263.25,0.75,10.0
DOR,V106A+P225H,V106A_P225H,3,250,6980.50139275766,219.375,0.75,10.0
DOR,V106A+P225H,V106A_P225H,3,255,7120.111420612813,284.765625,0.75,10.0
DOR,V106A+P225H,V106A_P225H,3,260,7259.721448467966,252.703125,0.75,10.0
DOR,V106A+P225H,V106A_P225H,3,265,7399.33147632312,262.828125,0.75,10.0
DOR,V106A+P225H,V106A_P225H,3,270,7538.941504178273,201.234375,0.75,10.0
DOR,V106A+P225H,V106A_P225H,3,275,7678.551532033426,240.46875,0.75,10.0
DOR,V106A+P225H,V106A_P225H,3,280,7818.161559888579,187.3125,0.75,10.0
DOR,V106A+P225H,V106A_P225H,3,285,7957.771587743732,210.9375,0.75,10.0
DOR,V106A+P225H,V106A_P225H,3,290,8097.381615598886,210.9375,0.75,10.0
DOR,V106A+P225H,V106A_P225H,3,295,8236.99164345404,236.671875,0.75,10.0
DOR,V106A+P225H,V106A_P225H,3,300,8376.601671309192,261.984375,0.75,10.0
DOR,V106A+P225H,V106A_P225H,3,305,8516.211699164345,328.640625,0.75,10.0
DOR,V106A+P225H,V106A_P225H,3,310,8655.821727019498,277.59375,0.75,10.0
DOR,V106A+P225H,V106A_P225H,3,315,8795.431754874651,237.515625,0.75,10.0
DOR,V106A+P225H,V106A_P225H,3,320,8935.041782729804,209.671875,0.75,10.0
DOR,V106A+P225H,V106A_P225H,3,325,9074.65181058496,221.90625,0.75,10.0
DOR,V106A+P225H,V106A_P225H,3,330,9214.261838440112,252.703125,0.75,10.0
DOR,V106A+P225H,V106A_P225H,3,335,9353.871866295263,222.328125,0.75,10.0
DOR,V106A+P225H,V106A_P225H,3,340,9493.481894150418,230.765625,0.75,10.0
DOR,V106A+P225H,V106A_P225H,3,345,9633.091922005571,211.78125,0.75,10.0
DOR,V106A+P225H,V106A_P225H,3,350,9772.701949860724,181.828125,0.75,10.0
DOR,V106A+P225H,V106A_P225H,3,355,9912.311977715875,202.921875,0.75,10.0
DOR,V106I,V106I,2,0,0.0,240.046875,0.75,10.0
DOR,V106I,V106I,2,5,2793.2960893854747,303.328125,0.75,10.0
DOR,V106I,V106I,2,10,5586.592178770949,249.328125,0.75,10.0
DOR,V106I,V106I,2,15,8379.888268156425,256.921875,0.75,10.0
DOR,V106I,V106I,2,20,11173.1843575419,252.703125,0.75,10.0
DOR,V106I,V106I,2,25,13966.480446927377,232.875,0.75,10.0
DOR,V106I,V106I,2,30,16759.77653631285,309.65625,0.75,10.0
DOR,V106I,V106I,2,35,19553.072625698325,255.234375,0.75,10.0
DOR,V106I,V106I,2,40,22346.3687150838,239.625,0.75,10.0
DOR,V106I,V106I,2,45,25139.664804469274,249.328125,0.75,10.0
DOR,V106I,V106I,2,50,27932.96089385475,269.15625,0.75,10.0
DOR,V106I,V106I,2,55,30726.256983240222,284.765625,0.75,10.0
DOR,V106I,V106I,2,60,33519.5530726257,229.5,0.75,10.0
DOR,V106I,V106I,2,65,36312.849162011174,236.671875,0.75,10.0
DOR,V106I,V106I,2,70,39106.14525139665,250.171875,0.75,10.0
DOR,V106I,V106I,2,75,41899.44134078212,310.5,0.75,10.0
DOR,V106I,V106I,2,80,44692.737430167595,241.3125,0.75,10.0
DOR,V106I,V106I,2,85,47486.03351955307,221.484375,0.75,10.0
DOR,V106I,V106I,2,90,50279.32960893855,252.28125,0.75,10.0
DOR,V106I,V106I,2,95,53072.625698324024,258.1875,0.75,10.0
DOR,V106I,V106I,2,100,55865.9217877095,218.953125,0.75,10.0
DOR,V106I,V106I,2,105,58659.21787709497,213.890625,0.75,10.0
DOR,V106I,V106I,2,110,61452.513966480445,201.234375,0.75,10.0
DOR,V106I,V106I,2,115,64245.81005586592,248.0625,0.75,10.0
DOR,V106I,V106I,2,120,67039.1061452514,250.59375,0.75,10.0
DOR,V106I,V106I,2,125,69832.40223463687,228.234375,0.75,10.0
DOR,V106I,V106I,2,130,72625.69832402235,251.859375,0.75,10.0
DOR,V106I,V106I,2,135,75418.99441340783,205.453125,0.75,10.0
DOR,V106I,V106I,2,140,78212.2905027933,231.609375,0.75,10.0
DOR,V106I,V106I,2,145,81005.58659217878,234.984375,0.75,10.0
DOR,V106I,V106I,2,150,83798.88268156424,205.03125,0.75,10.0
DOR,V106I,V106I,2,155,86592.17877094971,267.46875,0.75,10.0
DOR,V106I,V106I,2,160,89385.47486033519,243.0,0.75,10.0
DOR,V106I,V106I,2,165,92178.77094972068,272.109375,0.75,10.0
DOR,V106I,V106I,2,170,94972.06703910614,230.34375,0.75,10.0
DOR,V106I,V106I,2,175,97765.36312849162,201.65625,0.75,10.0
DOR,V106I,V106I,3,0,0.0,239.203125,0.75,10.0
DOR,V106I,V106I,3,5,2793.2960893854747,265.78125,0.75,10.0
DOR,V106I,V106I,3,10,5586.592178770949,245.953125,0.75,10.0
DOR,V106I,V106I,3,15,8379.888268156425,201.234375,0.75,10.0
DOR,V106I,V106I,3,20,11173.1843575419,225.703125,0.75,10.0
DOR,V106I,V106I,3,25,13966.480446927377,203.34375,0.75,10.0
DOR,V106I,V106I,3,30,16759.77653631285,250.59375,0.75,10.0
DOR,V106I,V106I,3,35,19553.072625698325,195.75,0.75,10.0
DOR,V106I,V106I,3,40,22346.3687150838,206.296875,0.75,10.0
DOR,V106I,V106I,3,45,25139.664804469274,236.25,0.75,10.0
DOR,V106I,V106I,3,50,27932.96089385475,203.34375,0.75,10.0
DOR,V106I,V106I,3,55,30726.256983240222,205.03125,0.75,10.0
DOR,V106I,V106I,3,60,33519.5530726257,237.515625,0.75,10.0
DOR,V106I,V106I,3,65,36312.849162011174,197.4375,0.75,10.0
DOR,V106I,V106I,3,70,39106.14525139665,266.203125,0.75,10.0
DOR,V106I,V106I,3,75,41899.44134078212,202.078125,0.75,10.0
DOR,V106I,V106I,3,80,44692.737430167595,261.140625,0.75,10.0
DOR,V106I,V106I,3,85,47486.03351955307,242.15625,0.75,10.0
DOR,V106I,V106I,3,90,50279.32960893855,209.671875,0.75,10.0
DOR,V106I,V106I,3,95,53072.625698324024,264.09375,0.75,10.0
DOR,V106I,V106I,3,100,55865.9217877095,256.921875,0.75,10.0
DOR,V106I,V106I,3,105,58659.21787709497,197.015625,0.75,10.0
DOR,V106I,V106I,3,110,61452.513966480445,218.953125,0.75,10.0
DOR,V106I,V106I,3,115,64245.81005586592,223.59375,0.75,10.0
DOR,V106I,V106I,3,120,67039.1061452514,327.796875,0.75,10.0
DOR,V106I,V106I,3,125,69832.40223463687,282.234375,0.75,10.0
DOR,V106I,V106I,3,130,72625.69832402235,264.09375,0.75,10.0
DOR,V106I,V106I,3,135,75418.99441340783,223.171875,0.75,10.0
DOR,V106I,V106I,3,140,78212.2905027933,218.53125,0.75,10.0
DOR,V106I,V106I,3,145,81005.58659217878,209.671875,0.75,10.0
DOR,V106I,V106I,3,150,83798.88268156424,231.1875,0.75,10.0
DOR,V106I,V106I,3,155,86592.17877094971,249.75,0.75,10.0
DOR,V106I,V106I,3,160,89385.47486033519,198.703125,0.75,10.0
DOR,V106I,V106I,3,165,92178.77094972068,207.140625,0.75,10.0
DOR,V106I,V106I,3,170,94972.06703910614,248.90625,0.75,10.0
DOR,V106I,V106I,3,175,97765.36312849162,261.140625,0.75,10.0
DOR,V106I+F227C,V106I_F227C,1,0,0.0,209.671875,0.75,10.0
DOR,V106I+F227C,V106I_F227C,1,5,139.55431754874652,209.25,0.75,10.0
DOR,V106I+F227C,V106I_F227C,1,10,279.10863509749305,208.828125,0.75,10.0
DOR,V106I+F227C,V106I_F227C,1,15,418.66295264623955,216.84375,0.75,10.0
DOR,V106I+F227C,V106I_F227C,1,20,558.2172701949861,189.421875,0.75,10.0
DOR,V106I+F227C,V106I_F227C,1,25,697.7715877437325,224.859375,0.75,10.0
DOR,V106I+F227C,V106I_F227C,1,30,837.3259052924791,200.390625,0.75,10.0
DOR,V106I+F227C,V106I_F227C,1,35,976.8802228412256,234.5625,0.75,10.0
DOR,V106I+F227C,V106I_F227C,1,40,1116.4345403899722,234.5625,0.75,10.0
DOR,V106I+F227C,V106I_F227C,1,45,1255.9888579387186,189.84375,0.75,10.0
DOR,V106I+F227C,V106I_F227C,1,50,1395.543175487465,190.6875,0.75,10.0
DOR,V106I+F227C,V106I_F227C,1,55,1535.0974930362115,224.015625,0.75,10.0
DOR,V106I+F227C,V106I_F227C,1,60,1674.6518105849582,188.578125,0.75,10.0
DOR,V106I+F227C,V106I_F227C,1,65,1814.2061281337049,210.9375,0.75,10.0
DOR,V106I+F227C,V106I_F227C,1,70,1953.7604456824513,251.015625,0.75,10.0
DOR,V106I+F227C,V106I_F227C,1,75,2093.314763231198,262.40625,0.75,10.0
DOR,V106I+F227C,V106I_F227C,1,80,2232.8690807799444,203.34375,0.75,10.0
DOR,V106I+F227C,V106I_F227C,1,85,2372.423398328691,199.96875,0.75,10.0
DOR,V106I+F227C,V106I_F227C,1,90,2511.9777158774373,194.90625,0.75,10.0
DOR,V106I+F227C,V106I_F227C,1,95,2651.5320334261837,232.03125,0.75,10.0
DOR,V106I+F227C,V106I_F227C,1,100,2791.08635097493,247.640625,0.75,10.0
DOR,V106I+F227C,V106I_F227C,1,105,2930.640668523677,193.21875,0.75,10.0
DOR,V106I+F227C,V106I_F227C,1,110,3070.1949860724235,193.21875,0.75,10.0
DOR,V106I+F227C,V106I_F227C,1,115,3209.74930362117,187.734375,0.75,10.0
DOR,V106I+F227C,V106I_F227C,1,120,3349.3036211699164,214.3125,0.75,10.0
DOR,V106I+F227C,V106I_F227C,1,125,3488.857938718663,233.71875,0.75,10.0
DOR,V106I+F227C,V106I_F227C,1,130,3628.4122562674097,214.3125,0.75,10.0
DOR,V106I+F227C,V106I_F227C,1,135,3767.966573816156,192.796875,0.75,10.0
DOR,V106I+F227C,V106I_F227C,1,140,3907.5208913649026,217.265625,0.75,10.0
DOR,V106I+F227C,V106I_F227C,1,145,4047.075208913649,214.734375,0.75,10.0
DOR,V106I+F227C,V106I_F227C,1,150,4186.629526462396,249.75,0.75,10.0
DOR,V106I+F227C,V106I_F227C,1,155,4326.183844011142,240.46875,0.75,10.0
DOR,V106I+F227C,V106I_F227C,1,160,4465.738161559889,259.875,0.75,10.0
DOR,V106I+F227C,V106I_F227C,1,165,4605.292479108635,252.28125,0.75,10.0
DOR,V106I+F227C,V106I_F227C,1,170,4744.846796657382,210.515625,0.75,10.0
DOR,V106I+F227C,V106I_F227C,1,175,4884.401114206128,252.703125,0.75,10.0
DOR,V106I+F227C,V106I_F227C,1,180,5023.955431754875,243.0,0.75,10.0
DOR,V106I+F227C,V106I_F227C,1,185,5163.509749303621,259.453125,0.75,10.0
DOR,V106I+F227C,V106I_F227C,1,190,5303.064066852367,217.265625,0.75,10.0
DOR,V106I+F227C,V106I_F227C,1,195,5442.618384401114,228.65625,0.75,10.0
DOR,V106I+F227C,V106I_F227C,1,200,5582.17270194986,275.0625,0.75,10.0
DOR,V106I+F227C,V106I_F227C,1,205,5721.727019498608,218.953125,0.75,10.0
DOR,V106I+F227C,V106I_F227C,1,210,5861.281337047354,275.0625,0.75,10.0
DOR,V106I+F227C,V106I_F227C,1,215,6000.8356545961005,237.09375,0.75,10.0
DOR,V106I+F227C,V106I_F227C,1,220,6140.389972144847,240.046875,0.75,10.0
DOR,V106I+F227C,V106I_F227C,1,225,6279.944289693593,226.546875,0.75,10.0
DOR,V106I+F227C,V106I_F227C,1,230,6419.49860724234,220.21875,0.75,10.0
DOR,V106I+F227C,V106I_F227C,1,235,6559.052924791086,191.109375,0.75,10.0
DOR,V106I+F227C,V106I_F227C,1,240,6698.607242339833,252.28125,0.75,10.0
DOR,V106I+F227C,V106I_F227C,1,245,6838.161559888579,230.765625,0.75,10.0
DOR,V106I+F227C,V106I_F227C,1,250,6977.715877437326,256.078125,0.75,10.0
DOR,V106I+F227C,V106I_F227C,1,255,7117.270194986072,228.234375,0.75,10.0
DOR,V106I+F227C,V106I_F227C,1,260,7256.824512534819,212.203125,0.75,10.0
DOR,V106I+F227C,V106I_F227C,1,265,7396.378830083566,228.65625,0.75,10.0
DOR,V106I+F227C,V106I_F227C,1,270,7535.933147632312,208.40625,0.75,10.0
DOR,V106I+F227C,V106I_F227C,1,275,7675.487465181059,183.515625,0.75,10.0
DOR,V106I+F227C,V106I_F227C,1,280,7815.041782729805,253.125,0.75,10.0
DOR,V106I+F227C,V106I_F227C,1,285,7954.596100278552,240.46875,0.75,10.0
DOR,V106I+F227C,V106I_F227C,1,290,8094.150417827298,248.484375,0.75,10.0
DOR,V106I+F227C,V106I_F227C,1,295,8233.704735376044,219.796875,0.75,10.0
DOR,V106I+F227C,V106I_F227C,1,300,8373.259052924792,240.46875,0.75,10.0
DOR,V106I+F227C,V106I_F227C,1,305,8512.813370473537,242.15625,0.75,10.0
DOR,V106I+F227C,V106I_F227C,1,310,8652.367688022285,239.625,0.75,10.0
DOR,V106I+F227C,V106I_F227C,1,315,8791.92200557103,253.96875,0.75,10.0
DOR,V106I+F227C,V106I_F227C,1,320,8931.476323119778,209.671875,0.75,10.0
DOR,V106I+F227C,V106I_F227C,1,325,9071.030640668523,270.84375,0.75,10.0
DOR,V106I+F227C,V106I_F227C,1,330,9210.58495821727,253.96875,0.75,10.0
DOR,V106I+F227C,V106I_F227C,1,335,9350.139275766016,248.90625,0.75,10.0
DOR,V106I+F227C,V106I_F227C,1,340,9489.693593314763,253.546875,0.75,10.0
DOR,V106I+F227C,V106I_F227C,1,345,9629.247910863509,234.140625,0.75,10.0
DOR,V106I+F227C,V106I_F227C,1,350,9768.802228412256,247.640625,0.75,10.0
DOR,V106I+F227C,V106I_F227C,1,355,9908.356545961004,278.4375,0.75,10.0
DOR,V106I+F227C,V106I_F227C,2,0,0.0,209.671875,0.75,10.0
DOR,V106I+F227C,V106I_F227C,2,5,139.27576601671308,187.734375,0.75,10.0
DOR,V106I+F227C,V106I_F227C,2,10,278.55153203342616,202.078125,0.75,10.0
DOR,V106I+F227C,V106I_F227C,2,15,417.8272980501393,209.671875,0.75,10.0
DOR,V106I+F227C,V106I_F227C,2,20,557.1030640668523,215.15625,0.75,10.0
DOR,V106I+F227C,V106I_F227C,2,25,696.3788300835655,202.921875,0.75,10.0
DOR,V106I+F227C,V106I_F227C,2,30,835.6545961002786,206.71875,0.75,10.0
DOR,V106I+F227C,V106I_F227C,2,35,974.9303621169915,189.421875,0.75,10.0
DOR,V106I+F227C,V106I_F227C,2,40,1114.2061281337046,191.53125,0.75,10.0
DOR,V106I+F227C,V106I_F227C,2,45,1253.481894150418,209.671875,0.75,10.0
DOR,V106I+F227C,V106I_F227C,2,50,1392.757660167131,195.328125,0.75,10.0
DOR,V106I+F227C,V106I_F227C,2,55,1532.033426183844,216.84375,0.75,10.0
DOR,V106I+F227C,V106I_F227C,2,60,1671.3091922005572,193.640625,0.75,10.0
DOR,V106I+F227C,V106I_F227C,2,65,1810.5849582172705,190.265625,0.75,10.0
DOR,V106I+F227C,V106I_F227C,2,70,1949.860724233983,214.734375,0.75,10.0
DOR,V106I+F227C,V106I_F227C,2,75,2089.136490250696,214.734375,0.75,10.0
DOR,V106I+F227C,V106I_F227C,2,80,2228.4122562674092,198.28125,0.75,10.0
DOR,V106I+F227C,V106I_F227C,2,85,2367.688022284123,235.828125,0.75,10.0
DOR,V106I+F227C,V106I_F227C,2,90,2506.963788300836,213.046875,0.75,10.0
DOR,V106I+F227C,V106I_F227C,2,95,2646.239554317549,186.46875,0.75,10.0
DOR,V106I+F227C,V106I_F227C,2,100,2785.515320334262,193.640625,0.75,10.0
DOR,V106I+F227C,V106I_F227C,2,105,2924.791086350975,203.34375,0.75,10.0
DOR,V106I+F227C,V106I_F227C,2,110,3064.066852367688,215.578125,0.75,10.0
DOR,V106I+F227C,V106I_F227C,2,115,3203.3426183844012,207.140625,0.75,10.0
DOR,V106I+F227C,V106I_F227C,2,120,3342.6183844011143,202.921875,0.75,10.0
DOR,V106I+F227C,V106I_F227C,2,125,3481.8941504178274,198.703125,0.75,10.0
DOR,V106I+F227C,V106I_F227C,2,130,3621.169916434541,216.421875,0.75,10.0
DOR,V106I+F227C,V106I_F227C,2,135,3760.4456824512536,199.546875,0.75,10.0
DOR,V106I+F227C,V106I_F227C,2,140,3899.721448467966,221.90625,0.75,10.0
DOR,V106I+F227C,V106I_F227C,2,145,4038.99721448468,212.203125,0.75,10.0
DOR,V106I+F227C,V106I_F227C,2,150,4178.272980501392,224.859375,0.75,10.0
DOR,V106I+F227C,V106I_F227C,2,155,4317.548746518106,209.25,0.75,10.0
DOR,V106I+F227C,V106I_F227C,2,160,4456.8245125348185,227.390625,0.75,10.0
DOR,V106I+F227C,V106I_F227C,2,165,4596.100278551532,226.125,0.75,10.0
DOR,V106I+F227C,V106I_F227C,2,170,4735.376044568246,222.328125,0.75,10.0
DOR,V106I+F227C,V106I_F227C,2,175,4874.651810584958,204.1875,0.75,10.0
DOR,V106I+F227C,V106I_F227C,2,180,5013.927576601672,213.046875,0.75,10.0
DOR,V106I+F227C,V106I_F227C,2,185,5153.203342618384,226.125,0.75,10.0
DOR,V106I+F227C,V106I_F227C,2,190,5292.479108635098,220.640625,0.75,10.0
DOR,V106I+F227C,V106I_F227C,2,195,5431.7548746518105,250.59375,0.75,10.0
DOR,V106I+F227C,V106I_F227C,2,200,5571.030640668524,261.984375,0.75,10.0
DOR,V106I+F227C,V106I_F227C,2,205,5710.306406685237,218.953125,0.75,10.0
DOR,V106I+F227C,V106I_F227C,2,210,5849.58217270195,281.390625,0.75,10.0
DOR,V106I+F227C,V106I_F227C,2,215,5988.857938718663,267.46875,0.75,10.0
DOR,V106I+F227C,V106I_F227C,2,220,6128.133704735376,211.359375,0.75,10.0
DOR,V106I+F227C,V106I_F227C,2,225,6267.409470752089,260.71875,0.75,10.0
DOR,V106I+F227C,V106I_F227C,2,230,6406.6852367688025,245.953125,0.75,10.0
DOR,V106I+F227C,V106I_F227C,2,235,6545.961002785515,302.90625,0.75,10.0
DOR,V106I+F227C,V106I_F227C,2,240,6685.236768802229,251.015625,0.75,10.0
DOR,V106I+F227C,V106I_F227C,2,245,6824.512534818941,256.078125,0.75,10.0
DOR,V106I+F227C,V106I_F227C,2,250,6963.788300835655,226.125,0.75,10.0
DOR,V106I+F227C,V106I_F227C,2,255,7103.064066852367,211.359375,0.75,10.0
DOR,V106I+F227C,V106I_F227C,2,260,7242.339832869081,259.453125,0.75,10.0
DOR,V106I+F227C,V106I_F227C,2,265,7381.615598885794,262.40625,0.75,10.0
DOR,V106I+F227C,V106I_F227C,2,270,7520.891364902507,232.453125,0.75,10.0
DOR,V106I+F227C,V106I_F227C,2,275,7660.16713091922,277.59375,0.75,10.0
DOR,V106I+F227C,V106I_F227C,2,280,7799.442896935933,245.53125,0.75,10.0
DOR,V106I+F227C,V106I_F227C,2,285,7938.718662952646,220.21875,0.75,10.0
DOR,V106I+F227C,V106I_F227C,2,290,8077.994428969359,227.390625,0.75,10.0
DOR,V106I+F227C,V106I_F227C,2,295,8217.270194986073,254.390625,0.75,10.0
DOR,V106I+F227C,V106I_F227C,2,300,8356.545961002785,218.109375,0.75,10.0
DOR,V106I+F227C,V106I_F227C,2,305,8495.821727019498,218.109375,0.75,10.0
DOR,V106I+F227C,V106I_F227C,2,310,8635.097493036212,257.765625,0.75,10.0
DOR,V106I+F227C,V106I_F227C,2,315,8774.373259052925,248.0625,0.75,10.0
DOR,V106I+F227C,V106I_F227C,2,320,8913.649025069637,269.578125,0.75,10.0
DOR,V106I+F227C,V106I_F227C,2,325,9052.92479108635,261.5625,0.75,10.0
DOR,V106I+F227C,V106I_F227C,2,330,9192.200557103064,253.546875,0.75,10.0
DOR,V106I+F227C,V106I_F227C,2,335,9331.476323119778,257.34375,0.75,10.0
DOR,V106I+F227C,V106I_F227C,2,340,9470.752089136491,201.65625,0.75,10.0
DOR,V106I+F227C,V106I_F227C,2,345,9610.027855153205,253.125,0.75,10.0
DOR,V106I+F227C,V106I_F227C,2,350,9749.303621169916,245.953125,0.75,10.0
DOR,V106I+F227C,V106I_F227C,2,355,9888.57938718663,237.515625,0.75,10.0
DOR,V106I+F227C,V106I_F227C,3,0,0.0,208.40625,0.75,10.0
DOR,V106I+F227C,V106I_F227C,3,5,139.27576601671308,195.328125,0.75,10.0
DOR,V106I+F227C,V106I_F227C,3,10,278.55153203342616,188.578125,0.75,10.0
DOR,V106I+F227C,V106I_F227C,3,15,417.8272980501393,212.625,0.75,10.0
DOR,V106I+F227C,V106I_F227C,3,20,557.1030640668523,213.890625,0.75,10.0
DOR,V106I+F227C,V106I_F227C,3,25,696.3788300835655,209.671875,0.75,10.0
DOR,V106I+F227C,V106I_F227C,3,30,835.6545961002786,205.03125,0.75,10.0
DOR,V106I+F227C,V106I_F227C,3,35,974.9303621169915,217.6875,0.75,10.0
DOR,V106I+F227C,V106I_F227C,3,40,1114.2061281337046,261.5625,0.75,10.0
DOR,V106I+F227C,V106I_F227C,3,45,1253.481894150418,227.390625,0.75,10.0
DOR,V106I+F227C,V106I_F227C,3,50,1392.757660167131,211.359375,0.75,10.0
DOR,V106I+F227C,V106I_F227C,3,55,1532.033426183844,192.375,0.75,10.0
DOR,V106I+F227C,V106I_F227C,3,60,1671.3091922005572,204.609375,0.75,10.0
DOR,V106I+F227C,V106I_F227C,3,65,1810.5849582172705,213.890625,0.75,10.0
DOR,V106I+F227C,V106I_F227C,3,70,1949.860724233983,223.59375,0.75,10.0
DOR,V106I+F227C,V106I_F227C,3,75,2089.136490250696,212.203125,0.75,10.0
DOR,V106I+F227C,V106I_F227C,3,80,2228.4122562674092,214.734375,0.75,10.0
DOR,V106I+F227C,V106I_F227C,3,85,2367.688022284123,228.65625,0.75,10.0
DOR,V106I+F227C,V106I_F227C,3,90,2506.963788300836,198.28125,0.75,10.0
DOR,V106I+F227C,V106I_F227C,3,95,2646.239554317549,233.71875,0.75,10.0
DOR,V106I+F227C,V106I_F227C,3,100,2785.515320334262,195.328125,0.75,10.0
DOR,V106I+F227C,V106I_F227C,3,105,2924.791086350975,226.96875,0.75,10.0
DOR,V106I+F227C,V106I_F227C,3,110,3064.066852367688,233.296875,0.75,10.0
DOR,V106I+F227C,V106I_F227C,3,115,3203.3426183844012,225.703125,0.75,10.0
DOR,V106I+F227C,V106I_F227C,3,120,3342.6183844011143,197.859375,0.75,10.0
DOR,V106I+F227C,V106I_F227C,3,125,3481.8941504178274,209.25,0.75,10.0
DOR,V106I+F227C,V106I_F227C,3,130,3621.169916434541,233.296875,0.75,10.0
DOR,V106I+F227C,V106I_F227C,3,135,3760.4456824512536,194.0625,0.75,10.0
DOR,V106I+F227C,V106I_F227C,3,140,3899.721448467966,197.015625,0.75,10.0
DOR,V106I+F227C,V106I_F227C,3,145,4038.99721448468,194.0625,0.75,10.0
DOR,V106I+F227C,V106I_F227C,3,150,4178.272980501392,228.234375,0.75,10.0
DOR,V106I+F227C,V106I_F227C,3,155,4317.548746518106,187.734375,0.75,10.0
DOR,V106I+F227C,V106I_F227C,3,160,4456.8245125348185,191.109375,0.75,10.0
DOR,V106I+F227C,V106I_F227C,3,165,4596.100278551532,213.046875,0.75,10.0
DOR,V106I+F227C,V106I_F227C,3,170,4735.376044568246,226.125,0.75,10.0
DOR,V106I+F227C,V106I_F227C,3,175,4874.651810584958,236.25,0.75,10.0
DOR,V106I+F227C,V106I_F227C,3,180,5013.927576601672,218.109375,0.75,10.0
DOR,V106I+F227C,V106I_F227C,3,185,5153.203342618384,218.109375,0.75,10.0
DOR,V106I+F227C,V106I_F227C,3,190,5292.479108635098,231.609375,0.75,10.0
DOR,V106I+F227C,V106I_F227C,3,195,5431.7548746518105,199.96875,0.75,10.0
DOR,V106I+F227C,V106I_F227C,3,200,5571.030640668524,205.453125,0.75,10.0
DOR,V106I+F227C,V106I_F227C,3,205,5710.306406685237,248.90625,0.75,10.0
DOR,V106I+F227C,V106I_F227C,3,210,5849.58217270195,252.703125,0.75,10.0
DOR,V106I+F227C,V106I_F227C,3,215,5988.857938718663,202.5,0.75,10.0
DOR,V106I+F227C,V106I_F227C,3,220,6128.133704735376,250.171875,0.75,10.0
DOR,V106I+F227C,V106I_F227C,3,225,6267.409470752089,226.546875,0.75,10.0
DOR,V106I+F227C,V106I_F227C,3,230,6406.6852367688025,217.265625,0.75,10.0
DOR,V106I+F227C,V106I_F227C,3,235,6545.961002785515,200.8125,0.75,10.0
DOR,V106I+F227C,V106I_F227C,3,240,6685.236768802229,209.25,0.75,10.0
DOR,V106I+F227C,V106I_F227C,3,245,6824.512534818941,226.546875,0.75,10.0
DOR,V106I+F227C,V106I_F227C,3,250,6963.788300835655,246.796875,0.75,10.0
DOR,V106I+F227C,V106I_F227C,3,255,7103.064066852367,196.171875,0.75,10.0
DOR,V106I+F227C,V106I_F227C,3,260,7242.339832869081,238.359375,0.75,10.0
DOR,V106I+F227C,V106I_F227C,3,265,7381.615598885794,225.28125,0.75,10.0
DOR,V106I+F227C,V106I_F227C,3,270,7520.891364902507,181.828125,0.75,10.0
DOR,V106I+F227C,V106I_F227C,3,275,7660.16713091922,203.765625,0.75,10.0
DOR,V106I+F227C,V106I_F227C,3,280,7799.442896935933,197.4375,0.75,10.0
DOR,V106I+F227C,V106I_F227C,3,285,7938.718662952646,209.25,0.75,10.0
DOR,V106I+F227C,V106I_F227C,3,290,8077.994428969359,216.0,0.75,10.0
DOR,V106I+F227C,V106I_F227C,3,295,8217.270194986073,207.140625,0.75,10.0
DOR,V106I+F227C,V106I_F227C,3,300,8356.545961002785,232.453125,0.75,10.0
DOR,V106I+F227C,V106I_F227C,3,305,8495.821727019498,182.671875,0.75,10.0
DOR,V106I+F227C,V106I_F227C,3,310,8635.097493036212,209.25,0.75,10.0
DOR,V106I+F227C,V106I_F227C,3,315,8774.373259052925,218.109375,0.75,10.0
DOR,V106I+F227C,V106I_F227C,3,320,8913.649025069637,223.59375,0.75,10.0
DOR,V106I+F227C,V106I_F227C,3,325,9052.92479108635,230.765625,0.75,10.0
DOR,V106I+F227C,V106I_F227C,3,330,9192.200557103064,215.578125,0.75,10.0
DOR,V106I+F227C,V106I_F227C,3,335,9331.476323119778,208.828125,0.75,10.0
DOR,V106I+F227C,V106I_F227C,3,340,9470.752089136491,241.3125,0.75,10.0
DOR,V106I+F227C,V106I_F227C,3,345,9610.027855153205,235.828125,0.75,10.0
DOR,V106I+F227C,V106I_F227C,3,350,9749.303621169916,202.078125,0.75,10.0
DOR,V106I+F227C,V106I_F227C,3,355,9888.57938718663,216.0,0.75,10.0
DOR,V106M,V106M,1,0,0.0,178.03125,0.75,10.0
DOR,V106M,V106M,1,5,139.27576601671308,212.625,0.75,10.0
DOR,V106M,V106M,1,10,278.55153203342616,163.265625,0.75,10.0
DOR,V106M,V106M,1,15,417.8272980501393,201.234375,0.75,10.0
DOR,V106M,V106M,1,20,557.1030640668523,197.015625,0.75,10.0
DOR,V106M,V106M,1,25,696.3788300835655,190.265625,0.75,10.0
DOR,V106M,V106M,1,30,835.6545961002786,203.34375,0.75,10.0
DOR,V106M,V106M,1,35,974.9303621169915,194.484375,0.75,10.0
DOR,V106M,V106M,1,40,1114.2061281337046,195.328125,0.75,10.0
DOR,V106M,V106M,1,45,1253.481894150418,168.75,0.75,10.0
DOR,V106M,V106M,1,50,1392.757660167131,178.03125,0.75,10.0
DOR,V106M,V106M,1,55,1532.033426183844,168.328125,0.75,10.0
DOR,V106M,V106M,1,60,1671.3091922005572,191.953125,0.75,10.0
DOR,V106M,V106M,1,65,1810.5849582172705,183.515625,0.75,10.0
DOR,V106M,V106M,1,70,1949.860724233983,162.421875,0.75,10.0
DOR,V106M,V106M,1,75,2089.136490250696,192.375,0.75,10.0
DOR,V106M,V106M,1,80,2228.4122562674092,198.28125,0.75,10.0
DOR,V106M,V106M,1,85,2367.688022284123,170.859375,0.75,10.0
DOR,V106M,V106M,1,90,2506.963788300836,199.125,0.75,10.0
DOR,V106M,V106M,1,95,2646.239554317549,191.53125,0.75,10.0
DOR,V106M,V106M,1,100,2785.515320334262,180.984375,0.75,10.0
DOR,V106M,V106M,1,105,2924.791086350975,180.5625,0.75,10.0
DOR,V106M,V106M,1,110,3064.066852367688,193.640625,0.75,10.0
DOR,V106M,V106M,1,115,3203.3426183844012,191.953125,0.75,10.0
DOR,V106M,V106M,1,120,3342.6183844011143,186.890625,0.75,10.0
DOR,V106M,V106M,1,125,3481.8941504178274,190.6875,0.75,10.0
DOR,V106M,V106M,1,130,3621.169916434541,185.625,0.75,10.0
DOR,V106M,V106M,1,135,3760.4456824512536,218.109375,0.75,10.0
DOR,V106M,V106M,1,140,3899.721448467966,192.375,0.75,10.0
DOR,V106M,V106M,1,145,4038.99721448468,188.15625,0.75,10.0
DOR,V106M,V106M,1,150,4178.272980501392,194.484375,0.75,10.0
DOR,V106M,V106M,1,155,4317.548746518106,202.921875,0.75,10.0
DOR,V106M,V106M,1,160,4456.8245125348185,170.4375,0.75,10.0
DOR,V106M,V106M,1,165,4596.100278551532,216.0,0.75,10.0
DOR,V106M,V106M,1,170,4735.376044568246,212.625,0.75,10.0
DOR,V106M,V106M,1,175,4874.651810584958,240.046875,0.75,10.0
DOR,V106M,V106M,1,180,5013.927576601672,217.265625,0.75,10.0
DOR,V106M,V106M,1,185,5153.203342618384,209.671875,0.75,10.0
DOR,V106M,V106M,1,190,5292.479108635098,222.328125,0.75,10.0
DOR,V106M,V106M,1,195,5431.7548746518105,218.953125,0.75,10.0
DOR,V106M,V106M,1,200,5571.030640668524,220.21875,0.75,10.0
DOR,V106M,V106M,1,205,5710.306406685237,206.296875,0.75,10.0
DOR,V106M,V106M,1,210,5849.58217270195,226.96875,0.75,10.0
DOR,V106M,V106M,1,215,5988.857938718663,183.515625,0.75,10.0
DOR,V106M,V106M,1,220,6128.133704735376,201.65625,0.75,10.0
DOR,V106M,V106M,1,225,6267.409470752089,184.78125,0.75,10.0
DOR,V106M,V106M,1,230,6406.6852367688025,200.8125,0.75,10.0
DOR,V106M,V106M,1,235,6545.961002785515,214.734375,0.75,10.0
DOR,V106M,V106M,1,240,6685.236768802229,200.8125,0.75,10.0
DOR,V106M,V106M,1,245,6824.512534818941,191.109375,0.75,10.0
DOR,V106M,V106M,1,250,6963.788300835655,204.1875,0.75,10.0
DOR,V106M,V106M,1,255,7103.064066852367,174.65625,0.75,10.0
DOR,V106M,V106M,1,260,7242.339832869081,212.203125,0.75,10.0
DOR,V106M,V106M,1,265,7381.615598885794,208.40625,0.75,10.0
DOR,V106M,V106M,1,270,7520.891364902507,183.9375,0.75,10.0
DOR,V106M,V106M,1,275,7660.16713091922,225.703125,0.75,10.0
DOR,V106M,V106M,1,280,7799.442896935933,261.140625,0.75,10.0
DOR,V106M,V106M,1,285,7938.718662952646,205.875,0.75,10.0
DOR,V106M,V106M,1,290,8077.994428969359,218.109375,0.75,10.0
DOR,V106M,V106M,1,295,8217.270194986073,202.078125,0.75,10.0
DOR,V106M,V106M,1,300,8356.545961002785,183.9375,0.75,10.0
DOR,V106M,V106M,1,305,8495.821727019498,205.453125,0.75,10.0
DOR,V106M,V106M,1,310,8635.097493036212,219.796875,0.75,10.0
DOR,V106M,V106M,1,315,8774.373259052925,206.71875,0.75,10.0
DOR,V106M,V106M,1,320,8913.649025069637,191.953125,0.75,10.0
DOR,V106M,V106M,1,325,9052.92479108635,175.5,0.75,10.0
DOR,V106M,V106M,1,330,9192.200557103064,217.265625,0.75,10.0
DOR,V106M,V106M,1,335,9331.476323119778,192.796875,0.75,10.0
DOR,V106M,V106M,1,340,9470.752089136491,195.75,0.75,10.0
DOR,V106M,V106M,1,345,9610.027855153205,200.8125,0.75,10.0
DOR,V106M,V106M,1,350,9749.303621169916,199.96875,0.75,10.0
DOR,V106M,V106M,1,355,9888.57938718663,203.34375,0.75,10.0
DOR,WT,wt,2,0,0.0,259.453125,0.75,10.0
DOR,WT,wt,2,5,2793.2960893854747,279.28125,0.75,10.0
DOR,WT,wt,2,10,5586.592178770949,229.078125,0.75,10.0
DOR,WT,wt,2,15,8379.888268156425,234.984375,0.75,10.0
DOR,WT,wt,2,20,11173.1843575419,195.75,0.75,10.0
DOR,WT,wt,2,25,13966.480446927377,305.4375,0.75,10.0
DOR,WT,wt,2,30,16759.77653631285,290.671875,0.75,10.0
DOR,WT,wt,2,35,19553.072625698325,260.71875,0.75,10.0
DOR,WT,wt,2,40,22346.3687150838,187.734375,0.75,10.0
DOR,WT,wt,2,45,25139.664804469274,270.421875,0.75,10.0
DOR,WT,wt,2,50,27932.96089385475,264.515625,0.75,10.0
DOR,WT,wt,2,55,30726.256983240222,254.390625,0.75,10.0
DOR,WT,wt,2,60,33519.5530726257,315.984375,0.75,10.0
DOR,WT,wt,2,65,36312.849162011174,248.484375,0.75,10.0
DOR,WT,wt,2,70,39106.14525139665,243.0,0.75,10.0
DOR,WT,wt,2,75,41899.44134078212,276.75,0.75,10.0
DOR,WT,wt,2,80,44692.737430167595,239.203125,0.75,10.0
DOR,WT,wt,2,85,47486.03351955307,234.5625,0.75,10.0
DOR,WT,wt,2,90,50279.32960893855,225.703125,0.75,10.0
DOR,WT,wt,2,95,53072.625698324024,235.828125,0.75,10.0
DOR,WT,wt,2,100,55865.9217877095,247.640625,0.75,10.0
DOR,WT,wt,2,105,58659.21787709497,215.578125,0.75,10.0
DOR,WT,wt,2,110,61452.513966480445,249.75,0.75,10.0
DOR,WT,wt,2,115,64245.81005586592,259.875,0.75,10.0
DOR,WT,wt,2,120,67039.1061452514,229.921875,0.75,10.0
DOR,WT,wt,2,125,69832.40223463687,218.109375,0.75,10.0
DOR,WT,wt,2,130,72625.69832402235,253.546875,0.75,10.0
DOR,WT,wt,2,135,75418.99441340783,278.015625,0.75,10.0
DOR,WT,wt,2,140,78212.2905027933,230.34375,0.75,10.0
DOR,WT,wt,2,145,81005.58659217878,262.828125,0.75,10.0
DOR,WT,wt,2,150,83798.88268156424,233.296875,0.75,10.0
DOR,WT,wt,2,155,86592.17877094971,243.0,0.75,10.0
DOR,WT,wt,2,160,89385.47486033519,213.890625,0.75,10.0
DOR,WT,wt,2,165,92178.77094972068,244.265625,0.75,10.0
DOR,WT,wt,2,170,94972.06703910614,263.25,0.75,10.0
DOR,WT,wt,2,175,97765.36312849162,316.828125,0.75,10.0
DOR,V106M,V106M,2,0,0.0,178.875,0.75,10.0
DOR,V106M,V106M,2,5,139.27576601671308,180.140625,0.75,10.0
DOR,V106M,V106M,2,10,278.55153203342616,196.171875,0.75,10.0
DOR,V106M,V106M,2,15,417.8272980501393,191.53125,0.75,10.0
DOR,V106M,V106M,2,20,557.1030640668523,206.71875,0.75,10.0
DOR,V106M,V106M,2,25,696.3788300835655,251.859375,0.75,10.0
DOR,V106M,V106M,2,30,835.6545961002786,229.078125,0.75,10.0
DOR,V106M,V106M,2,35,974.9303621169915,183.515625,0.75,10.0
DOR,V106M,V106M,2,40,1114.2061281337046,223.171875,0.75,10.0
DOR,V106M,V106M,2,45,1253.481894150418,214.3125,0.75,10.0
DOR,V106M,V106M,2,50,1392.757660167131,244.265625,0.75,10.0
DOR,V106M,V106M,2,55,1532.033426183844,249.328125,0.75,10.0
DOR,V106M,V106M,2,60,1671.3091922005572,261.984375,0.75,10.0
DOR,V106M,V106M,2,65,1810.5849582172705,231.1875,0.75,10.0
DOR,V106M,V106M,2,70,1949.860724233983,223.59375,0.75,10.0
DOR,V106M,V106M,2,75,2089.136490250696,252.28125,0.75,10.0
DOR,V106M,V106M,2,80,2228.4122562674092,229.5,0.75,10.0
DOR,V106M,V106M,2,85,2367.688022284123,197.859375,0.75,10.0
DOR,V106M,V106M,2,90,2506.963788300836,248.0625,0.75,10.0
DOR,V106M,V106M,2,95,2646.239554317549,253.125,0.75,10.0
DOR,V106M,V106M,2,100,2785.515320334262,243.0,0.75,10.0
DOR,V106M,V106M,2,105,2924.791086350975,253.546875,0.75,10.0
DOR,V106M,V106M,2,110,3064.066852367688,211.78125,0.75,10.0
DOR,V106M,V106M,2,115,3203.3426183844012,264.9375,0.75,10.0
DOR,V106M,V106M,2,120,3342.6183844011143,256.5,0.75,10.0
DOR,V106M,V106M,2,125,3481.8941504178274,224.015625,0.75,10.0
DOR,V106M,V106M,2,130,3621.169916434541,274.21875,0.75,10.0
DOR,V106M,V106M,2,135,3760.4456824512536,240.046875,0.75,10.0
DOR,V106M,V106M,2,140,3899.721448467966,230.765625,0.75,10.0
DOR,V106M,V106M,2,145,4038.99721448468,266.203125,0.75,10.0
DOR,V106M,V106M,2,150,4178.272980501392,240.890625,0.75,10.0
DOR,V106M,V106M,2,155,4317.548746518106,237.09375,0.75,10.0
DOR,V106M,V106M,2,160,4456.8245125348185,256.921875,0.75,10.0
DOR,V106M,V106M,2,165,4596.100278551532,292.78125,0.75,10.0
DOR,V106M,V106M,2,170,4735.376044568246,234.984375,0.75,10.0
DOR,V106M,V106M,2,175,4874.651810584958,253.96875,0.75,10.0
DOR,V106M,V106M,2,180,5013.927576601672,213.890625,0.75,10.0
DOR,V106M,V106M,2,185,5153.203342618384,254.390625,0.75,10.0
DOR,V106M,V106M,2,190,5292.479108635098,259.03125,0.75,10.0
DOR,V106M,V106M,2,195,5431.7548746518105,237.09375,0.75,10.0
DOR,V106M,V106M,2,200,5571.030640668524,267.890625,0.75,10.0
DOR,V106M,V106M,2,205,5710.306406685237,256.921875,0.75,10.0
DOR,V106M,V106M,2,210,5849.58217270195,267.46875,0.75,10.0
DOR,V106M,V106M,2,215,5988.857938718663,277.171875,0.75,10.0
DOR,V106M,V106M,2,220,6128.133704735376,277.59375,0.75,10.0
DOR,V106M,V106M,2,225,6267.409470752089,248.0625,0.75,10.0
DOR,V106M,V106M,2,230,6406.6852367688025,221.90625,0.75,10.0
DOR,V106M,V106M,2,235,6545.961002785515,248.0625,0.75,10.0
DOR,V106M,V106M,2,240,6685.236768802229,240.46875,0.75,10.0
DOR,V106M,V106M,2,245,6824.512534818941,226.96875,0.75,10.0
DOR,V106M,V106M,2,250,6963.788300835655,186.46875,0.75,10.0
DOR,V106M,V106M,2,255,7103.064066852367,227.8125,0.75,10.0
DOR,V106M,V106M,2,260,7242.339832869081,262.40625,0.75,10.0
DOR,V106M,V106M,2,265,7381.615598885794,267.890625,0.75,10.0
DOR,V106M,V106M,2,270,7520.891364902507,254.8125,0.75,10.0
DOR,V106M,V106M,2,275,7660.16713091922,259.875,0.75,10.0
DOR,V106M,V106M,2,280,7799.442896935933,243.84375,0.75,10.0
DOR,V106M,V106M,2,285,7938.718662952646,234.5625,0.75,10.0
DOR,V106M,V106M,2,290,8077.994428969359,244.6875,0.75,10.0
DOR,V106M,V106M,2,295,8217.270194986073,213.46875,0.75,10.0
DOR,V106M,V106M,2,300,8356.545961002785,192.796875,0.75,10.0
DOR,V106M,V106M,2,305,8495.821727019498,225.703125,0.75,10.0
DOR,V106M,V106M,2,310,8635.097493036212,241.3125,0.75,10.0
DOR,V106M,V106M,2,315,8774.373259052925,241.734375,0.75,10.0
DOR,V106M,V106M,2,320,8913.649025069637,265.78125,0.75,10.0
DOR,V106M,V106M,2,325,9052.92479108635,235.828125,0.75,10.0
DOR,V106M,V106M,2,330,9192.200557103064,202.078125,0.75,10.0
DOR,V106M,V106M,2,335,9331.476323119778,228.234375,0.75,10.0
DOR,V106M,V106M,2,340,9470.752089136491,229.921875,0.75,10.0
DOR,V106M,V106M,2,345,9610.027855153205,239.203125,0.75,10.0
DOR,V106M,V106M,2,350,9749.303621169916,189.0,0.75,10.0
DOR,V106M,V106M,2,355,9888.57938718663,223.59375,0.75,10.0
DOR,V106M,V106M,3,0,0.0,202.921875,0.75,10.0
DOR,V106M,V106M,3,5,139.27576601671308,219.796875,0.75,10.0
DOR,V106M,V106M,3,10,278.55153203342616,193.640625,0.75,10.0
DOR,V106M,V106M,3,15,417.8272980501393,204.1875,0.75,10.0
DOR,V106M,V106M,3,20,557.1030640668523,189.421875,0.75,10.0
DOR,V106M,V106M,3,25,696.3788300835655,195.328125,0.75,10.0
DOR,V106M,V106M,3,30,835.6545961002786,175.5,0.75,10.0
DOR,V106M,V106M,3,35,974.9303621169915,200.390625,0.75,10.0
DOR,V106M,V106M,3,40,1114.2061281337046,204.609375,0.75,10.0
DOR,V106M,V106M,3,45,1253.481894150418,220.21875,0.75,10.0
DOR,V106M,V106M,3,50,1392.757660167131,218.53125,0.75,10.0
DOR,V106M,V106M,3,55,1532.033426183844,197.015625,0.75,10.0
DOR,V106M,V106M,3,60,1671.3091922005572,202.078125,0.75,10.0
DOR,V106M,V106M,3,65,1810.5849582172705,176.34375,0.75,10.0
DOR,V106M,V106M,3,70,1949.860724233983,221.90625,0.75,10.0
DOR,V106M,V106M,3,75,2089.136490250696,220.21875,0.75,10.0
DOR,V106M,V106M,3,80,2228.4122562674092,189.421875,0.75,10.0
DOR,V106M,V106M,3,85,2367.688022284123,202.921875,0.75,10.0
DOR,V106M,V106M,3,90,2506.963788300836,202.5,0.75,10.0
DOR,V106M,V106M,3,95,2646.239554317549,211.359375,0.75,10.0
DOR,V106M,V106M,3,100,2785.515320334262,185.203125,0.75,10.0
DOR,V106M,V106M,3,105,2924.791086350975,205.453125,0.75,10.0
DOR,V106M,V106M,3,110,3064.066852367688,183.09375,0.75,10.0
DOR,V106M,V106M,3,115,3203.3426183844012,202.078125,0.75,10.0
DOR,V106M,V106M,3,120,3342.6183844011143,259.03125,0.75,10.0
DOR,V106M,V106M,3,125,3481.8941504178274,232.453125,0.75,10.0
DOR,V106M,V106M,3,130,3621.169916434541,208.40625,0.75,10.0
DOR,V106M,V106M,3,135,3760.4456824512536,217.6875,0.75,10.0
DOR,V106M,V106M,3,140,3899.721448467966,193.21875,0.75,10.0
DOR,V106M,V106M,3,145,4038.99721448468,220.21875,0.75,10.0
DOR,V106M,V106M,3,150,4178.272980501392,196.171875,0.75,10.0
DOR,V106M,V106M,3,155,4317.548746518106,219.796875,0.75,10.0
DOR,V106M,V106M,3,160,4456.8245125348185,209.25,0.75,10.0
DOR,V106M,V106M,3,165,4596.100278551532,233.71875,0.75,10.0
DOR,V106M,V106M,3,170,4735.376044568246,220.21875,0.75,10.0
DOR,V106M,V106M,3,175,4874.651810584958,219.375,0.75,10.0
DOR,V106M,V106M,3,180,5013.927576601672,210.9375,0.75,10.0
DOR,V106M,V106M,3,185,5153.203342618384,206.71875,0.75,10.0
DOR,V106M,V106M,3,190,5292.479108635098,205.03125,0.75,10.0
DOR,V106M,V106M,3,195,5431.7548746518105,257.34375,0.75,10.0
DOR,V106M,V106M,3,200,5571.030640668524,205.03125,0.75,10.0
DOR,V106M,V106M,3,205,5710.306406685237,199.546875,0.75,10.0
DOR,V106M,V106M,3,210,5849.58217270195,182.671875,0.75,10.0
DOR,V106M,V106M,3,215,5988.857938718663,190.6875,0.75,10.0
DOR,V106M,V106M,3,220,6128.133704735376,225.703125,0.75,10.0
DOR,V106M,V106M,3,225,6267.409470752089,207.5625,0.75,10.0
DOR,V106M,V106M,3,230,6406.6852367688025,180.5625,0.75,10.0
DOR,V106M,V106M,3,235,6545.961002785515,191.53125,0.75,10.0
DOR,V106M,V106M,3,240,6685.236768802229,187.734375,0.75,10.0
DOR,V106M,V106M,3,245,6824.512534818941,187.734375,0.75,10.0
DOR,V106M,V106M,3,250,6963.788300835655,183.515625,0.75,10.0
DOR,V106M,V106M,3,255,7103.064066852367,217.6875,0.75,10.0
DOR,V106M,V106M,3,260,7242.339832869081,217.6875,0.75,10.0
DOR,V106M,V106M,3,265,7381.615598885794,237.9375,0.75,10.0
DOR,V106M,V106M,3,270,7520.891364902507,240.46875,0.75,10.0
DOR,V106M,V106M,3,275,7660.16713091922,191.109375,0.75,10.0
DOR,V106M,V106M,3,280,7799.442896935933,208.828125,0.75,10.0
DOR,V106M,V106M,3,285,7938.718662952646,211.359375,0.75,10.0
DOR,V106M,V106M,3,290,8077.994428969359,210.9375,0.75,10.0
DOR,V106M,V106M,3,295,8217.270194986073,228.65625,0.75,10.0
DOR,V106M,V106M,3,300,8356.545961002785,204.1875,0.75,10.0
DOR,V106M,V106M,3,305,8495.821727019498,217.6875,0.75,10.0
DOR,V106M,V106M,3,310,8635.097493036212,194.484375,0.75,10.0
DOR,V106M,V106M,3,315,8774.373259052925,224.4375,0.75,10.0
DOR,V106M,V106M,3,320,8913.649025069637,240.46875,0.75,10.0
DOR,V106M,V106M,3,325,9052.92479108635,284.765625,0.75,10.0
DOR,V106M,V106M,3,330,9192.200557103064,280.125,0.75,10.0
DOR,V106M,V106M,3,335,9331.476323119778,276.328125,0.75,10.0
DOR,V106M,V106M,3,340,9470.752089136491,233.71875,0.75,10.0
DOR,V106M,V106M,3,345,9610.027855153205,292.78125,0.75,10.0
DOR,V106M,V106M,3,350,9749.303621169916,256.5,0.75,10.0
DOR,V106M,V106M,3,355,9888.57938718663,261.140625,0.75,10.0
DOR,WT,wt,3,0,0.0,226.125,0.75,10.0
DOR,WT,wt,3,5,2793.2960893854747,245.53125,0.75,10.0
DOR,WT,wt,3,10,5586.592178770949,207.140625,0.75,10.0
DOR,WT,wt,3,15,8379.888268156425,218.53125,0.75,10.0
DOR,WT,wt,3,20,11173.1843575419,219.375,0.75,10.0
DOR,WT,wt,3,25,13966.480446927377,245.109375,0.75,10.0
DOR,WT,wt,3,30,16759.77653631285,255.234375,0.75,10.0
DOR,WT,wt,3,35,19553.072625698325,262.40625,0.75,10.0
DOR,WT,wt,3,40,22346.3687150838,226.125,0.75,10.0
DOR,WT,wt,3,45,25139.664804469274,213.46875,0.75,10.0
DOR,WT,wt,3,50,27932.96089385475,185.203125,0.75,10.0
DOR,WT,wt,3,55,30726.256983240222,223.59375,0.75,10.0
DOR,WT,wt,3,60,33519.5530726257,218.109375,0.75,10.0
DOR,WT,wt,3,65,36312.849162011174,215.15625,0.75,10.0
DOR,WT,wt,3,70,39106.14525139665,230.34375,0.75,10.0
DOR,WT,wt,3,75,41899.44134078212,218.53125,0.75,10.0
DOR,WT,wt,3,80,44692.737430167595,239.203125,0.75,10.0
DOR,WT,wt,3,85,47486.03351955307,268.734375,0.75,10.0
DOR,WT,wt,3,90,50279.32960893855,268.3125,0.75,10.0
DOR,WT,wt,3,95,53072.625698324024,215.578125,0.75,10.0
DOR,WT,wt,3,100,55865.9217877095,239.203125,0.75,10.0
DOR,WT,wt,3,105,58659.21787709497,212.203125,0.75,10.0
DOR,WT,wt,3,110,61452.513966480445,216.0,0.75,10.0
DOR,WT,wt,3,115,64245.81005586592,223.59375,0.75,10.0
DOR,WT,wt,3,120,67039.1061452514,210.09375,0.75,10.0
DOR,WT,wt,3,125,69832.40223463687,230.34375,0.75,10.0
DOR,WT,wt,3,130,72625.69832402235,189.421875,0.75,10.0
DOR,WT,wt,3,135,75418.99441340783,250.59375,0.75,10.0
DOR,WT,wt,3,140,78212.2905027933,221.90625,0.75,10.0
DOR,WT,wt,3,145,81005.58659217878,223.171875,0.75,10.0
DOR,WT,wt,3,150,83798.88268156424,207.5625,0.75,10.0
DOR,WT,wt,3,155,86592.17877094971,233.296875,0.75,10.0
DOR,WT,wt,3,160,89385.47486033519,220.640625,0.75,10.0
DOR,WT,wt,3,165,92178.77094972068,223.171875,0.75,10.0
DOR,WT,wt,3,170,94972.06703910614,235.828125,0.75,10.0
DOR,WT,wt,3,175,97765.36312849162,297.0,0.75,10.0
DOR,Y181C,Y181C,1,0,0.0,245.53125,0.75,10.0
DOR,Y181C,Y181C,1,5,2793.2960893854747,236.671875,0.75,10.0
DOR,Y181C,Y181C,1,10,5586.592178770949,245.53125,0.75,10.0
DOR,Y181C,Y181C,1,15,8379.888268156425,256.5,0.75,10.0
DOR,Y181C,Y181C,1,20,11173.1843575419,262.40625,0.75,10.0
DOR,Y181C,Y181C,1,25,13966.480446927377,261.5625,0.75,10.0
DOR,Y181C,Y181C,1,30,16759.77653631285,223.171875,0.75,10.0
DOR,Y181C,Y181C,1,35,19553.072625698325,226.125,0.75,10.0
DOR,Y181C,Y181C,1,40,22346.3687150838,310.078125,0.75,10.0
DOR,Y181C,Y181C,1,45,25139.664804469274,235.828125,0.75,10.0
DOR,Y181C,Y181C,1,50,27932.96089385475,244.6875,0.75,10.0
DOR,Y181C,Y181C,1,55,30726.256983240222,257.765625,0.75,10.0
DOR,Y181C,Y181C,1,60,33519.5530726257,215.578125,0.75,10.0
DOR,Y181C,Y181C,1,65,36312.849162011174,219.796875,0.75,10.0
DOR,Y181C,Y181C,1,70,39106.14525139665,282.65625,0.75,10.0
DOR,Y181C,Y181C,1,75,41899.44134078212,286.453125,0.75,10.0
DOR,Y181C,Y181C,1,80,44692.737430167595,243.84375,0.75,10.0
DOR,Y181C,Y181C,1,85,47486.03351955307,206.71875,0.75,10.0
DOR,Y181C,Y181C,1,90,50279.32960893855,260.296875,0.75,10.0
DOR,Y181C,Y181C,1,95,53072.625698324024,204.609375,0.75,10.0
DOR,Y181C,Y181C,1,100,55865.9217877095,308.8125,0.75,10.0
DOR,Y181C,Y181C,1,105,58659.21787709497,315.140625,0.75,10.0
DOR,Y181C,Y181C,1,110,61452.513966480445,241.734375,0.75,10.0
DOR,Y181C,Y181C,1,115,64245.81005586592,229.921875,0.75,10.0
DOR,Y181C,Y181C,1,120,67039.1061452514,233.71875,0.75,10.0
DOR,Y181C,Y181C,1,125,69832.40223463687,226.546875,0.75,10.0
DOR,Y181C,Y181C,1,130,72625.69832402235,286.875,0.75,10.0
DOR,Y181C,Y181C,1,135,75418.99441340783,262.40625,0.75,10.0
DOR,Y181C,Y181C,1,140,78212.2905027933,275.90625,0.75,10.0
DOR,Y181C,Y181C,1,145,81005.58659217878,336.234375,0.75,10.0
DOR,Y181C,Y181C,1,150,83798.88268156424,325.6875,0.75,10.0
DOR,Y181C,Y181C,1,155,86592.17877094971,328.640625,0.75,10.0
DOR,Y181C,Y181C,1,160,89385.47486033519,340.875,0.75,10.0
DOR,Y181C,Y181C,1,165,92178.77094972068,356.0625,0.75,10.0
DOR,Y181C,Y181C,1,170,94972.06703910614,389.8125,0.75,10.0
DOR,Y181C,Y181C,1,175,97765.36312849162,227.390625,0.75,10.0
DOR,Y181C,Y181C,2,0,0.0,246.375,0.75,10.0
DOR,Y181C,Y181C,2,5,2793.2960893854747,241.734375,0.75,10.0
DOR,Y181C,Y181C,2,10,5586.592178770949,202.921875,0.75,10.0
DOR,Y181C,Y181C,2,15,8379.888268156425,219.796875,0.75,10.0
DOR,Y181C,Y181C,2,20,11173.1843575419,207.140625,0.75,10.0
DOR,Y181C,Y181C,2,25,13966.480446927377,215.578125,0.75,10.0
DOR,Y181C,Y181C,2,30,16759.77653631285,266.203125,0.75,10.0
DOR,Y181C,Y181C,2,35,19553.072625698325,240.890625,0.75,10.0
DOR,Y181C,Y181C,2,40,22346.3687150838,260.71875,0.75,10.0
DOR,Y181C,Y181C,2,45,25139.664804469274,289.828125,0.75,10.0
DOR,Y181C,Y181C,2,50,27932.96089385475,280.96875,0.75,10.0
DOR,Y181C,Y181C,2,55,30726.256983240222,300.796875,0.75,10.0
DOR,Y181C,Y181C,2,60,33519.5530726257,335.390625,0.75,10.0
DOR,Y181C,Y181C,2,65,36312.849162011174,265.359375,0.75,10.0
DOR,Y181C,Y181C,2,70,39106.14525139665,245.953125,0.75,10.0
DOR,Y181C,Y181C,2,75,41899.44134078212,280.96875,0.75,10.0
DOR,Y181C,Y181C,2,80,44692.737430167595,236.671875,0.75,10.0
DOR,Y181C,Y181C,2,85,47486.03351955307,240.890625,0.75,10.0
DOR,Y181C,Y181C,2,90,50279.32960893855,296.15625,0.75,10.0
DOR,Y181C,Y181C,2,95,53072.625698324024,189.84375,0.75,10.0
DOR,Y181C,Y181C,2,100,55865.9217877095,362.390625,0.75,10.0
DOR,Y181C,Y181C,2,105,58659.21787709497,252.703125,0.75,10.0
DOR,Y181C,Y181C,2,110,61452.513966480445,226.125,0.75,10.0
DOR,Y181C,Y181C,2,115,64245.81005586592,232.03125,0.75,10.0
DOR,Y181C,Y181C,2,120,67039.1061452514,272.109375,0.75,10.0
DOR,Y181C,Y181C,2,125,69832.40223463687,223.59375,0.75,10.0
DOR,Y181C,Y181C,2,130,72625.69832402235,240.890625,0.75,10.0
DOR,Y181C,Y181C,2,135,75418.99441340783,240.046875,0.75,10.0
DOR,Y181C,Y181C,2,140,78212.2905027933,243.0,0.75,10.0
DOR,Y181C,Y181C,2,145,81005.58659217878,216.0,0.75,10.0
DOR,Y181C,Y181C,2,150,83798.88268156424,240.046875,0.75,10.0
DOR,Y181C,Y181C,2,155,86592.17877094971,225.28125,0.75,10.0
DOR,Y181C,Y181C,2,160,89385.47486033519,280.546875,0.75,10.0
DOR,Y181C,Y181C,2,165,92178.77094972068,247.640625,0.75,10.0
DOR,Y181C,Y181C,2,170,94972.06703910614,260.296875,0.75,10.0
DOR,Y181C,Y181C,2,175,97765.36312849162,259.875,0.75,10.0
DOR,WT,wt,1,0,0.0,219.796875,0.75,10.0
DOR,WT,wt,1,5,1002.004008016032,202.5,0.75,10.0
DOR,WT,wt,1,10,2004.008016032064,198.28125,0.75,10.0
DOR,WT,wt,1,15,3006.012024048096,191.953125,0.75,10.0
DOR,WT,wt,1,20,4008.016032064129,212.625,0.75,10.0
DOR,WT,wt,1,25,5010.0200400801605,215.15625,0.75,10.0
DOR,WT,wt,1,30,6012.024048096192,221.0625,0.75,10.0
DOR,WT,wt,1,35,7014.0280561122245,202.5,0.75,10.0
DOR,WT,wt,1,40,8016.032064128257,186.46875,0.75,10.0
DOR,WT,wt,1,45,9018.036072144288,225.703125,0.75,10.0
DOR,WT,wt,1,50,10020.04008016032,233.71875,0.75,10.0
DOR,WT,wt,1,55,11022.044088176352,230.765625,0.75,10.0
DOR,WT,wt,1,60,12024.048096192384,218.109375,0.75,10.0
DOR,WT,wt,1,65,13026.052104208416,232.03125,0.75,10.0
DOR,WT,wt,1,70,14028.056112224447,195.75,0.75,10.0
DOR,WT,wt,1,75,15030.06012024048,197.4375,0.75,10.0
DOR,WT,wt,1,80,16032.064128256514,202.078125,0.75,10.0
DOR,WT,wt,1,85,17034.068136272545,185.625,0.75,10.0
DOR,WT,wt,1,90,18036.072144288577,232.03125,0.75,10.0
DOR,WT,wt,1,95,19038.07615230461,207.984375,0.75,10.0
DOR,WT,wt,1,100,20040.08016032064,211.359375,0.75,10.0
DOR,WT,wt,1,105,21042.08416833667,213.46875,0.75,10.0
DOR,WT,wt,1,110,22044.088176352707,197.859375,0.75,10.0
DOR,WT,wt,1,115,23046.09218436874,212.625,0.75,10.0
DOR,WT,wt,1,120,24048.096192384768,198.28125,0.75,10.0
DOR,WT,wt,1,125,25050.1002004008,182.671875,0.75,10.0
DOR,WT,wt,1,130,26052.104208416833,209.25,0.75,10.0
DOR,WT,wt,1,135,27054.108216432865,205.453125,0.75,10.0
DOR,WT,wt,1,140,28056.112224448894,233.296875,0.75,10.0
DOR,WT,wt,1,145,29058.11623246493,213.890625,0.75,10.0
DOR,WT,wt,1,150,30060.120240480963,187.3125,0.75,10.0
DOR,WT,wt,1,155,31062.124248496995,205.875,0.75,10.0
DOR,WT,wt,1,160,32064.128256513028,206.296875,0.75,10.0
DOR,WT,wt,1,165,33066.13226452906,191.53125,0.75,10.0
DOR,WT,wt,1,170,34068.13627254509,210.09375,0.75,10.0
DOR,WT,wt,1,175,35070.14028056112,206.71875,0.75,10.0
DOR,WT,wt,1,180,36072.144288577154,174.234375,0.75,10.0
DOR,WT,wt,1,185,37074.14829659319,238.78125,0.75,10.0
DOR,WT,wt,1,190,38076.15230460922,210.515625,0.75,10.0
DOR,WT,wt,1,195,39078.15631262525,224.4375,0.75,10.0
DOR,WT,wt,1,200,40080.16032064128,237.9375,0.75,10.0
DOR,WT,wt,1,205,41082.16432865731,212.203125,0.75,10.0
DOR,WT,wt,1,210,42084.16833667335,212.625,0.75,10.0
DOR,WT,wt,1,215,43086.17234468938,234.140625,0.75,10.0
DOR,WT,wt,1,220,44088.17635270541,205.875,0.75,10.0
DOR,WT,wt,1,225,45090.180360721446,202.5,0.75,10.0
DOR,WT,wt,1,230,46092.18436873748,210.9375,0.75,10.0
DOR,WT,wt,1,235,47094.188376753504,221.484375,0.75,10.0
DOR,WT,wt,1,240,48096.192384769536,216.84375,0.75,10.0
DOR,WT,wt,1,245,49098.19639278557,204.609375,0.75,10.0
DOR,WT,wt,1,250,50100.2004008016,222.328125,0.75,10.0
DOR,WT,wt,1,255,51102.20440881763,216.0,0.75,10.0
DOR,WT,wt,1,260,52104.208416833666,204.1875,0.75,10.0
DOR,WT,wt,1,265,53106.2124248497,224.859375,0.75,10.0
DOR,WT,wt,1,270,54108.21643286573,224.4375,0.75,10.0
DOR,WT,wt,1,275,55110.22044088176,216.0,0.75,10.0
DOR,WT,wt,1,280,56112.22444889779,233.71875,0.75,10.0
DOR,WT,wt,1,285,57114.22845691383,205.875,0.75,10.0
DOR,WT,wt,1,290,58116.23246492986,221.484375,0.75,10.0
DOR,WT,wt,1,295,59118.23647294589,230.765625,0.75,10.0
DOR,WT,wt,1,300,60120.240480961926,191.53125,0.75,10.0
DOR,WT,wt,1,305,61122.24448897796,219.375,0.75,10.0
DOR,WT,wt,1,310,62124.24849699399,178.875,0.75,10.0
DOR,WT,wt,1,315,63126.25250501002,209.25,0.75,10.0
DOR,WT,wt,1,320,64128.256513026055,208.828125,0.75,10.0
DOR,WT,wt,1,325,65130.26052104208,186.046875,0.75,10.0
DOR,WT,wt,1,330,66132.26452905811,216.84375,0.75,10.0
DOR,WT,wt,1,335,67134.26853707415,200.390625,0.75,10.0
DOR,WT,wt,1,340,68136.27254509018,194.484375,0.75,10.0
DOR,WT,wt,1,345,69138.27655310622,200.8125,0.75,10.0
DOR,WT,wt,1,350,70140.28056112224,208.40625,0.75,10.0
DOR,WT,wt,1,355,71142.28456913828,221.484375,0.75,10.0
DOR,WT,wt,1,360,72144.28857715431,237.9375,0.75,10.0
DOR,WT,wt,1,365,73146.29258517035,199.125,0.75,10.0
DOR,WT,wt,1,370,74148.29659318637,231.609375,0.75,10.0
DOR,WT,wt,1,375,75150.3006012024,186.46875,0.75,10.0
DOR,WT,wt,1,380,76152.30460921844,205.453125,0.75,10.0
DOR,WT,wt,1,385,77154.30861723446,180.5625,0.75,10.0
DOR,WT,wt,1,390,78156.3126252505,202.078125,0.75,10.0
DOR,WT,wt,1,395,79158.31663326653,205.875,0.75,10.0
DOR,WT,wt,1,400,80160.32064128257,193.21875,0.75,10.0
DOR,WT,wt,1,405,81162.32464929859,205.03125,0.75,10.0
DOR,WT,wt,1,410,82164.32865731463,213.46875,0.75,10.0
DOR,WT,wt,1,415,83166.33266533066,256.078125,0.75,10.0
DOR,WT,wt,1,420,84168.3366733467,224.859375,0.75,10.0
DOR,WT,wt,1,425,85170.34068136272,194.0625,0.75,10.0
DOR,WT,wt,1,430,86172.34468937876,198.28125,0.75,10.0
DOR,WT,wt,1,435,87174.34869739479,223.59375,0.75,10.0
DOR,WT,wt,1,440,88176.35270541083,217.6875,0.75,10.0
DOR,WT,wt,1,445,89178.35671342685,206.71875,0.75,10.0
DOR,WT,wt,1,450,90180.36072144288,217.265625,0.75,10.0
DOR,WT,wt,1,455,91182.36472945892,214.3125,0.75,10.0
DOR,WT,wt,1,460,92184.36873747496,192.796875,0.75,10.0
DOR,WT,wt,1,465,93186.37274549098,188.15625,0.75,10.0
DOR,WT,wt,1,470,94188.376753507,206.71875,0.75,10.0
DOR,WT,wt,1,475,95190.38076152305,242.15625,0.75,10.0
DOR,WT,wt,1,480,96192.38476953909,186.890625,0.75,10.0
DOR,WT,wt,1,485,97194.38877755513,231.1875,0.75,10.0
DOR,WT,wt,1,490,98196.39278557114,216.84375,0.75,10.0
DOR,WT,wt,1,495,99198.39679358718,239.203125,0.75,10.0
DOR,Y181C,Y181C,3,0,0.0,227.390625,0.75,10.0
DOR,Y181C,Y181C,3,5,2793.2960893854747,331.171875,0.75,10.0
DOR,Y181C,Y181C,3,10,5586.592178770949,319.78125,0.75,10.0
DOR,Y181C,Y181C,3,15,8379.888268156425,269.578125,0.75,10.0
DOR,Y181C,Y181C,3,20,11173.1843575419,319.359375,0.75,10.0
DOR,Y181C,Y181C,3,25,13966.480446927377,214.734375,0.75,10.0
DOR,Y181C,Y181C,3,30,16759.77653631285,256.5,0.75,10.0
DOR,Y181C,Y181C,3,35,19553.072625698325,292.359375,0.75,10.0
DOR,Y181C,Y181C,3,40,22346.3687150838,185.203125,0.75,10.0
DOR,Y181C,Y181C,3,45,25139.664804469274,245.109375,0.75,10.0
DOR,Y181C,Y181C,3,50,27932.96089385475,191.109375,0.75,10.0
DOR,Y181C,Y181C,3,55,30726.256983240222,270.0,0.75,10.0
DOR,Y181C,Y181C,3,60,33519.5530726257,249.75,0.75,10.0
DOR,Y181C,Y181C,3,65,36312.849162011174,286.875,0.75,10.0
DOR,Y181C,Y181C,3,70,39106.14525139665,295.734375,0.75,10.0
DOR,Y181C,Y181C,3,75,41899.44134078212,283.921875,0.75,10.0
DOR,Y181C,Y181C,3,80,44692.737430167595,247.21875,0.75,10.0
DOR,Y181C,Y181C,3,85,47486.03351955307,229.921875,0.75,10.0
DOR,Y181C,Y181C,3,90,50279.32960893855,255.65625,0.75,10.0
DOR,Y181C,Y181C,3,95,53072.625698324024,221.0625,0.75,10.0
DOR,Y181C,Y181C,3,100,55865.9217877095,260.71875,0.75,10.0
DOR,Y181C,Y181C,3,105,58659.21787709497,242.15625,0.75,10.0
DOR,Y181C,Y181C,3,110,61452.513966480445,241.734375,0.75,10.0
DOR,Y181C,Y181C,3,115,64245.81005586592,299.953125,0.75,10.0
DOR,Y181C,Y181C,3,120,67039.1061452514,232.875,0.75,10.0
DOR,Y181C,Y181C,3,125,69832.40223463687,197.859375,0.75,10.0
DOR,Y181C,Y181C,3,130,72625.69832402235,266.203125,0.75,10.0
DOR,Y181C,Y181C,3,135,75418.99441340783,221.90625,0.75,10.0
DOR,Y181C,Y181C,3,140,78212.2905027933,294.890625,0.75,10.0
DOR,Y181C,Y181C,3,145,81005.58659217878,305.859375,0.75,10.0
DOR,Y181C,Y181C,3,150,83798.88268156424,351.421875,0.75,10.0
DOR,Y181C,Y181C,3,155,86592.17877094971,263.671875,0.75,10.0
DOR,Y181C,Y181C,3,160,89385.47486033519,286.453125,0.75,10.0
DOR,Y181C,Y181C,3,165,92178.77094972068,309.65625,0.75,10.0
DOR,Y181C,Y181C,3,170,94972.06703910614,304.59375,0.75,10.0
DOR,Y181C,Y181C,3,175,97765.36312849162,332.4375,0.75,10.0
DOR,Y188L,Y188L,1,0,0.0,200.390625,0.75,10.0
DOR,Y188L,Y188L,1,5,2793.2960893854747,232.03125,0.75,10.0
DOR,Y188L,Y188L,1,10,5586.592178770949,246.796875,0.75,10.0
DOR,Y188L,Y188L,1,15,8379.888268156425,225.703125,0.75,10.0
DOR,Y188L,Y188L,1,20,11173.1843575419,218.109375,0.75,10.0
DOR,Y188L,Y188L,1,25,13966.480446927377,220.21875,0.75,10.0
DOR,Y188L,Y188L,1,30,16759.77653631285,215.578125,0.75,10.0
DOR,Y188L,Y188L,1,35,19553.072625698325,196.59375,0.75,10.0
DOR,Y188L,Y188L,1,40,22346.3687150838,243.0,0.75,10.0
DOR,Y188L,Y188L,1,45,25139.664804469274,229.5,0.75,10.0
DOR,Y188L,Y188L,1,50,27932.96089385475,220.21875,0.75,10.0
DOR,Y188L,Y188L,1,55,30726.256983240222,223.59375,0.75,10.0
DOR,Y188L,Y188L,1,60,33519.5530726257,220.21875,0.75,10.0
DOR,Y188L,Y188L,1,65,36312.849162011174,202.921875,0.75,10.0
DOR,Y188L,Y188L,1,70,39106.14525139665,257.765625,0.75,10.0
DOR,Y188L,Y188L,1,75,41899.44134078212,207.984375,0.75,10.0
DOR,Y188L,Y188L,1,80,44692.737430167595,197.4375,0.75,10.0
DOR,Y188L,Y188L,1,85,47486.03351955307,250.171875,0.75,10.0
DOR,Y188L,Y188L,1,90,50279.32960893855,234.140625,0.75,10.0
DOR,Y188L,Y188L,1,95,53072.625698324024,255.65625,0.75,10.0
DOR,Y188L,Y188L,1,100,55865.9217877095,272.53125,0.75,10.0
DOR,Y188L,Y188L,1,105,58659.21787709497,221.0625,0.75,10.0
DOR,Y188L,Y188L,1,110,61452.513966480445,278.015625,0.75,10.0
DOR,Y188L,Y188L,1,115,64245.81005586592,228.65625,0.75,10.0
DOR,Y188L,Y188L,1,120,67039.1061452514,240.46875,0.75,10.0
DOR,Y188L,Y188L,1,125,69832.40223463687,305.4375,0.75,10.0
DOR,Y188L,Y188L,1,130,72625.69832402235,233.71875,0.75,10.0
DOR,Y188L,Y188L,1,135,75418.99441340783,235.828125,0.75,10.0
DOR,Y188L,Y188L,1,140,78212.2905027933,226.125,0.75,10.0
DOR,Y188L,Y188L,1,145,81005.58659217878,275.0625,0.75,10.0
DOR,Y188L,Y188L,1,150,83798.88268156424,235.40625,0.75,10.0
DOR,Y188L,Y188L,1,155,86592.17877094971,263.671875,0.75,10.0
DOR,Y188L,Y188L,1,160,89385.47486033519,183.515625,0.75,10.0
DOR,Y188L,Y188L,1,165,92178.77094972068,200.8125,0.75,10.0
DOR,Y188L,Y188L,1,170,94972.06703910614,191.953125,0.75,10.0
DOR,Y188L,Y188L,1,175,97765.36312849162,184.78125,0.75,10.0
DOR,Y188L,Y188L,2,0,0.0,230.765625,0.75,10.0
DOR,Y188L,Y188L,2,5,2793.2960893854747,270.421875,0.75,10.0
DOR,Y188L,Y188L,2,10,5586.592178770949,266.625,0.75,10.0
DOR,Y188L,Y188L,2,15,8379.888268156425,297.84375,0.75,10.0
DOR,Y188L,Y188L,2,20,11173.1843575419,221.484375,0.75,10.0
DOR,Y188L,Y188L,2,25,13966.480446927377,248.484375,0.75,10.0
DOR,Y188L,Y188L,2,30,16759.77653631285,229.078125,0.75,10.0
DOR,Y188L,Y188L,2,35,19553.072625698325,265.78125,0.75,10.0
DOR,Y188L,Y188L,2,40,22346.3687150838,240.890625,0.75,10.0
DOR,Y188L,Y188L,2,45,25139.664804469274,248.0625,0.75,10.0
DOR,Y188L,Y188L,2,50,27932.96089385475,270.421875,0.75,10.0
DOR,Y188L,Y188L,2,55,30726.256983240222,276.328125,0.75,10.0
DOR,Y188L,Y188L,2,60,33519.5530726257,268.734375,0.75,10.0
DOR,Y188L,Y188L,2,65,36312.849162011174,260.71875,0.75,10.0
DOR,Y188L,Y188L,2,70,39106.14525139665,276.75,0.75,10.0
DOR,Y188L,Y188L,2,75,41899.44134078212,251.859375,0.75,10.0
DOR,Y188L,Y188L,2,80,44692.737430167595,211.359375,0.75,10.0
DOR,Y188L,Y188L,2,85,47486.03351955307,287.296875,0.75,10.0
DOR,Y188L,Y188L,2,90,50279.32960893855,300.375,0.75,10.0
DOR,Y188L,Y188L,2,95,53072.625698324024,248.484375,0.75,10.0
DOR,Y188L,Y188L,2,100,55865.9217877095,226.125,0.75,10.0
DOR,Y188L,Y188L,2,105,58659.21787709497,263.25,0.75,10.0
DOR,Y188L,Y188L,2,110,61452.513966480445,279.28125,0.75,10.0
DOR,Y188L,Y188L,2,115,64245.81005586592,268.3125,0.75,10.0
DOR,Y188L,Y188L,2,120,67039.1061452514,273.796875,0.75,10.0
DOR,Y188L,Y188L,2,125,69832.40223463687,248.484375,0.75,10.0
DOR,Y188L,Y188L,2,130,72625.69832402235,221.484375,0.75,10.0
DOR,Y188L,Y188L,2,135,75418.99441340783,268.734375,0.75,10.0
DOR,Y188L,Y188L,2,140,78212.2905027933,232.453125,0.75,10.0
DOR,Y188L,Y188L,2,145,81005.58659217878,218.109375,0.75,10.0
DOR,Y188L,Y188L,2,150,83798.88268156424,252.28125,0.75,10.0
DOR,Y188L,Y188L,2,155,86592.17877094971,228.65625,0.75,10.0
DOR,Y188L,Y188L,2,160,89385.47486033519,223.59375,0.75,10.0
DOR,Y188L,Y188L,2,165,92178.77094972068,229.078125,0.75,10.0
DOR,Y188L,Y188L,2,170,94972.06703910614,237.515625,0.75,10.0
DOR,Y188L,Y188L,2,175,97765.36312849162,264.9375,0.75,10.0
DOR,Y188L,Y188L,3,0,0.0,297.84375,0.75,10.0
DOR,Y188L,Y188L,3,5,2793.2960893854747,258.609375,0.75,10.0
DOR,Y188L,Y188L,3,10,5586.592178770949,315.140625,0.75,10.0
DOR,Y188L,Y188L,3,15,8379.888268156425,227.8125,0.75,10.0
DOR,Y188L,Y188L,3,20,11173.1843575419,237.515625,0.75,10.0
DOR,Y188L,Y188L,3,25,13966.480446927377,331.171875,0.75,10.0
DOR,Y188L,Y188L,3,30,16759.77653631285,237.9375,0.75,10.0
DOR,Y188L,Y188L,3,35,19553.072625698325,271.6875,0.75,10.0
DOR,Y188L,Y188L,3,40,22346.3687150838,265.78125,0.75,10.0
DOR,Y188L,Y188L,3,45,25139.664804469274,242.578125,0.75,10.0
DOR,Y188L,Y188L,3,50,27932.96089385475,211.78125,0.75,10.0
DOR,Y188L,Y188L,3,55,30726.256983240222,227.390625,0.75,10.0
DOR,Y188L,Y188L,3,60,33519.5530726257,258.1875,0.75,10.0
DOR,Y188L,Y188L,3,65,36312.849162011174,256.078125,0.75,10.0
DOR,Y188L,Y188L,3,70,39106.14525139665,267.890625,0.75,10.0
DOR,Y188L,Y188L,3,75,41899.44134078212,264.09375,0.75,10.0
DOR,Y188L,Y188L,3,80,44692.737430167595,223.59375,0.75,10.0
DOR,Y188L,Y188L,3,85,47486.03351955307,224.015625,0.75,10.0
DOR,Y188L,Y188L,3,90,50279.32960893855,245.953125,0.75,10.0
DOR,Y188L,Y188L,3,95,53072.625698324024,228.234375,0.75,10.0
DOR,Y188L,Y188L,3,100,55865.9217877095,225.703125,0.75,10.0
DOR,Y188L,Y188L,3,105,58659.21787709497,266.203125,0.75,10.0
DOR,Y188L,Y188L,3,110,61452.513966480445,241.3125,0.75,10.0
DOR,Y188L,Y188L,3,115,64245.81005586592,270.84375,0.75,10.0
DOR,Y188L,Y188L,3,120,67039.1061452514,207.140625,0.75,10.0
DOR,Y188L,Y188L,3,125,69832.40223463687,236.25,0.75,10.0
DOR,Y188L,Y188L,3,130,72625.69832402235,225.703125,0.75,10.0
DOR,Y188L,Y188L,3,135,75418.99441340783,248.484375,0.75,10.0
DOR,Y188L,Y188L,3,140,78212.2905027933,217.265625,0.75,10.0
DOR,Y188L,Y188L,3,145,81005.58659217878,234.5625,0.75,10.0
DOR,Y188L,Y188L,3,150,83798.88268156424,224.015625,0.75,10.0
DOR,Y188L,Y188L,3,155,86592.17877094971,216.0,0.75,10.0
DOR,Y188L,Y188L,3,160,89385.47486033519,254.8125,0.75,10.0
DOR,Y188L,Y188L,3,165,92178.77094972068,208.40625,0.75,10.0
DOR,Y188L,Y188L,3,170,94972.06703910614,229.921875,0.75,10.0
DOR,Y188L,Y188L,3,175,97765.36312849162,203.34375,0.75,10.0
DOR,Y318F,Y318F,2,0,0.0,206.71875,0.75,10.0
DOR,Y318F,Y318F,2,5,3033.7373737373737,258.609375,0.75,10.0
DOR,Y318F,Y318F,2,10,6067.474747474747,205.03125,0.75,10.0
DOR,Y318F,Y318F,2,15,9101.212121212122,216.421875,0.75,10.0
DOR,Y318F,Y318F,2,20,12134.949494949497,203.34375,0.75,10.0
DOR,Y318F,Y318F,2,25,15168.68686868687,234.140625,0.75,10.0
DOR,Y318F,Y318F,2,30,18202.424242424244,252.28125,0.75,10.0
DOR,Y318F,Y318F,2,35,21236.161616161615,217.6875,0.75,10.0
DOR,Y318F,Y318F,2,40,24269.89898989899,278.4375,0.75,10.0
DOR,Y318F,Y318F,2,45,27303.636363636364,254.390625,0.75,10.0
DOR,Y318F,Y318F,2,50,30337.37373737374,218.953125,0.75,10.0
DOR,Y318F,Y318F,2,55,33371.11111111111,232.875,0.75,10.0
DOR,Y318F,Y318F,2,60,36404.84848484849,231.1875,0.75,10.0
DOR,Y318F,Y318F,2,65,39438.58585858586,215.578125,0.75,10.0
DOR,Y318F,Y318F,2,70,42472.32323232323,244.6875,0.75,10.0
DOR,Y318F,Y318F,2,75,45506.06060606061,247.21875,0.75,10.0
DOR,Y318F,Y318F,2,80,48539.79797979798,272.53125,0.75,10.0
DOR,Y318F,Y318F,2,85,51573.53535353536,264.515625,0.75,10.0
DOR,Y318F,Y318F,2,90,54607.27272727273,200.390625,0.75,10.0
DOR,Y318F,Y318F,2,95,57641.0101010101,273.375,0.75,10.0
DOR,Y318F,Y318F,3,0,0.0,219.796875,0.75,10.0
DOR,Y318F,Y318F,3,5,3025.294117647059,186.046875,0.75,10.0
DOR,Y318F,Y318F,3,10,6050.588235294118,197.859375,0.75,10.0
DOR,Y318F,Y318F,3,15,9075.882352941177,183.515625,0.75,10.0
DOR,Y318F,Y318F,3,20,12101.176470588236,299.953125,0.75,10.0
DOR,Y318F,Y318F,3,25,15126.470588235294,255.65625,0.75,10.0
DOR,Y318F,Y318F,3,30,18151.764705882353,239.203125,0.75,10.0
DOR,Y318F,Y318F,3,35,21177.058823529413,203.765625,0.75,10.0
DOR,Y318F,Y318F,3,40,24202.352941176472,247.640625,0.75,10.0
DOR,Y318F,Y318F,3,45,27227.647058823528,238.359375,0.75,10.0
DOR,Y318F,Y318F,3,50,30252.941176470587,231.1875,0.75,10.0
DOR,Y318F,Y318F,3,55,33278.23529411765,291.09375,0.75,10.0
DOR,Y318F,Y318F,3,60,36303.529411764706,259.03125,0.75,10.0
DOR,Y318F,Y318F,3,65,39328.82352941176,271.6875,0.75,10.0
DOR,Y318F,Y318F,3,70,42354.117647058825,224.859375,0.75,10.0
DOR,Y318F,Y318F,3,75,45379.41176470588,210.09375,0.75,10.0
DOR,Y318F,Y318F,3,80,48404.705882352944,243.421875,0.75,10.0
DOR,Y318F,Y318F,3,85,51430.0,223.59375,0.75,10.0
DOR,Y318F,Y318F,3,90,54455.294117647056,245.953125,0.75,10.0
DOR,Y318F,Y318F,3,95,57480.58823529412,241.734375,0.75,10.0
DOR,Y318F,Y318F,3,100,60505.882352941175,193.640625,0.75,10.0
DOR,Y318F,Y318F,1,0,0.0,211.359375,0.75,10.0
DOR,Y318F,Y318F,1,5,2793.2960893854747,215.578125,0.75,10.0
DOR,Y318F,Y318F,1,10,5586.592178770949,250.59375,0.75,10.0
DOR,Y318F,Y318F,1,15,8379.888268156425,239.203125,0.75,10.0
DOR,Y318F,Y318F,1,20,11173.1843575419,217.265625,0.75,10.0
DOR,Y318F,Y318F,1,25,13966.480446927377,229.5,0.75,10.0
DOR,Y318F,Y318F,1,30,16759.77653631285,217.265625,0.75,10.0
DOR,Y318F,Y318F,1,35,19553.072625698325,206.296875,0.75,10.0
DOR,Y318F,Y318F,1,40,22346.3687150838,250.59375,0.75,10.0
DOR,Y318F,Y318F,1,45,25139.664804469274,255.65625,0.75,10.0
DOR,Y318F,Y318F,1,50,27932.96089385475,236.25,0.75,10.0
DOR,Y318F,Y318F,1,55,30726.256983240222,243.421875,0.75,10.0
DOR,Y318F,Y318F,1,60,33519.5530726257,193.640625,0.75,10.0
DOR,Y318F,Y318F,1,65,36312.849162011174,202.5,0.75,10.0
DOR,Y318F,Y318F,1,70,39106.14525139665,243.421875,0.75,10.0
DOR,Y318F,Y318F,1,75,41899.44134078212,234.140625,0.75,10.0
DOR,Y318F,Y318F,1,80,44692.737430167595,208.40625,0.75,10.0
DOR,Y318F,Y318F,1,85,47486.03351955307,276.328125,0.75,10.0
DOR,Y318F,Y318F,1,90,50279.32960893855,194.484375,0.75,10.0
DOR,Y318F,Y318F,1,95,53072.625698324024,229.921875,0.75,10.0
DOR,Y318F,Y318F,1,100,55865.9217877095,190.6875,0.75,10.0
DOR,Y318F,Y318F,1,105,58659.21787709497,205.453125,0.75,10.0
DOR,Y318F,Y318F,1,110,61452.513966480445,221.0625,0.75,10.0
DOR,Y318F,Y318F,1,115,64245.81005586592,237.9375,0.75,10.0
DOR,Y318F,Y318F,1,120,67039.1061452514,252.703125,0.75,10.0
DOR,Y318F,Y318F,1,125,69832.40223463687,194.484375,0.75,10.0
DOR,Y318F,Y318F,1,130,72625.69832402235,275.484375,0.75,10.0
DOR,Y318F,Y318F,1,135,75418.99441340783,246.796875,0.75,10.0
DOR,Y318F,Y318F,1,140,78212.2905027933,227.390625,0.75,10.0
DOR,Y318F,Y318F,1,145,81005.58659217878,277.171875,0.75,10.0
DOR,Y318F,Y318F,1,150,83798.88268156424,232.453125,0.75,10.0
DOR,Y318F,Y318F,1,155,86592.17877094971,255.234375,0.75,10.0
DOR,Y318F,Y318F,1,160,89385.47486033519,298.265625,0.75,10.0
DOR,Y318F,Y318F,1,165,92178.77094972068,253.546875,0.75,10.0
DOR,Y318F,Y318F,1,170,94972.06703910614,223.59375,0.75,10.0
DOR,Y318F,Y318F,1,175,97765.36312849162,286.03125,0.75,10.0
