#"Step","Potential Energy (kJ/mole)","Temperature (K)","Box Volume (nm^3)","Density (g/mL)","Speed (ns/day)"
2000,-2657425.922343012,299.83469124632944,2027.150776816378,0.9975452396702225,0
4000,-2663435.4057101514,301.65951117590004,2003.7824723879635,1.0091787084538621,65.2
6000,-2667231.4349077623,300.8837161153212,1997.5474343986925,1.012328705033076,64.7
8000,-2668191.0014266893,300.7204325565021,1995.5840462450726,1.013324701263238,65.3
10000,-2667873.730816424,301.45921466604557,1991.5585994614758,1.0153728883768596,65.3
12000,-2666944.1082873307,300.225891813978,1988.0084459821578,1.0171861249351657,65.6
14000,-2669247.530141523,299.47518510144795,1993.1345953602754,1.0145700206169204,65.8
16000,-2669530.074440675,299.7357181316362,1992.034432948717,1.0151303481805982,65.8
18000,-2670993.8529495094,300.40154802504253,1993.3309119557748,1.0144700989575768,65.7
20000,-2669435.851006577,300.3568618013007,1997.557329234592,1.0123236904954374,65.6
22000,-2671961.4390917663,299.6803633361639,1992.027057776988,1.0151341065435262,65.7
24000,-2670059.9814751837,300.19452364940935,1995.0994115123508,1.0135708505743566,65.7
26000,-2669696.7342200354,300.51307605796984,1993.6217828429326,1.014322087022606,65.7
28000,-2672957.593856247,300.64098523780063,1992.5917467596387,1.0148464234058183,65.7
30000,-2671580.1072138306,300.65033765832595,1992.1231792954502,1.015085125520275,65.7
32000,-2670485.182389727,299.873883736108,1990.8255606059815,1.01574675728568,65.7
34000,-2670937.5416034516,300.1180167991731,1992.6069090419498,1.0148387011662217,65.5
36000,-2673422.7980410587,299.9113390395015,1988.3989223663848,1.0169863726844062,65.3
38000,-2670813.1112682,299.09271830063625,1989.7175476216996,1.0163123956584028,65.1
40000,-2670978.962771749,299.1150259933497,1992.5538417167345,1.0148657291813588,64.9
42000,-2672205.9665743914,300.35827053360254,1991.0130039570736,1.0156511300970739,64.8
44000,-2672464.0177485216,299.97781498758104,1990.7457312560762,1.0157874889582534,64.7
46000,-2672149.644822182,300.6657350646423,1990.0782927886464,1.0161281668337527,64.5
48000,-2672404.1874016114,300.20586680267917,1990.9035264822871,1.0157069795742122,64.4
50000,-2670496.20105383,299.26189701666726,1992.5520492092244,1.0148666421584838,64.3
52000,-2670640.7510530856,299.1907913886691,1993.2179613064795,1.0145275864268815,64.2
54000,-2669209.492550196,299.95580815308915,1991.5526285441722,1.0153759325884268,64.1
56000,-2671319.0668164585,299.53126763807757,1993.392051881663,1.0144389838407049,64
58000,-2668949.3731309753,299.7601248861508,1992.5908539222628,1.0148468781368114,64
60000,-2669353.428645896,300.28488271721545,1996.841305872811,1.0126866874997296,64
62000,-2671153.7214881796,300.4666389521997,1989.7341001952848,1.0163039409680434,64
64000,-2672191.3968041223,299.913728619402,1990.952076239268,1.0156822113602455,63.9
66000,-2672311.3037508875,300.51060812893746,1990.8255197766164,1.0157467781173877,63.9
68000,-2672727.1397511046,299.7839522324144,1987.89779833249,1.0172427421586934,63.9
70000,-2674185.1187644657,300.89989870769017,1988.162089288867,1.0171075177428166,63.8
72000,-2670630.070421776,300.4141828051251,1990.9190031498633,1.0156990838440227,63.8
74000,-2672233.868887024,300.14089799497566,1991.981062214301,1.0151575463569456,63.8
76000,-2674845.7787972447,299.45740098739407,1988.965452933356,1.0166966975342073,63.7
78000,-2670978.892831074,299.61990876107495,1988.0733677959715,1.0171529080683808,63.7
80000,-2673242.754749622,300.74059854281916,1990.8264408498308,1.0157463081732827,63.6
82000,-2672410.122903142,300.41642017319816,1992.186474934785,1.015052874291383,63.6
84000,-2671205.000290649,300.7766801465764,1988.7358667241697,1.0168140683447733,63.6
86000,-2672953.3846302107,301.14528229104803,1989.194618447517,1.0165795688132286,63.5
88000,-2671589.7930773534,299.5087103386571,1994.4235205252007,1.0139143400066115,63.4
90000,-2668311.8108243514,301.23967032591895,1991.838877276328,1.0152300121142956,63.3
92000,-2668359.7103690226,299.9440927424623,1994.0370149294602,1.0141108677355757,63.3
94000,-2671947.3088568505,300.9779443951892,1990.1456447208564,1.016093778297622,63.2
96000,-2674226.456289405,300.475609300677,1986.7697317342768,1.017820321704715,63.1
98000,-2670515.8313100208,299.9897486010982,1993.5172073034926,1.0143752961341337,63
100000,-2672055.6532412507,299.20537657685156,1991.414681625367,1.0154462685072196,62.9
102000,-2671684.2000140212,298.80633841352943,1993.77595940737,1.0142436505794978,62.9
104000,-2670423.57962876,299.9035501631978,1990.798904838924,1.0157603576090908,62.8
106000,-2675376.8689136095,299.8146209866336,1993.5580981204716,1.0143544898006636,62.8
108000,-2672096.683501413,300.31071693329244,1992.882196411035,1.014698516123376,62.7
110000,-2673109.6347381044,299.9807706846257,1992.5018500200752,1.0148922107583478,62.6
112000,-2672134.215232659,300.85650500301585,1991.7048355790205,1.0152983370746766,62.6
114000,-2672363.9050605986,300.6406077982853,1989.3713451105145,1.016489260527996,62.6
116000,-2676462.452880848,299.6262861481512,1985.3688115650048,1.0185385182478786,62.5
118000,-2673461.0581593085,300.25842118888613,1986.4376961457845,1.017990451666582,62.4
120000,-2672626.9218484126,299.79600036826497,1990.3388173037663,1.0159951611888534,62.3
122000,-2671378.3760149106,300.49448989681,1987.7292329751308,1.0173290073720376,62.3
124000,-2672662.719021799,300.04835523280644,1986.9988868807134,1.0177029392711332,62.2
126000,-2671402.559139367,299.5229600109352,1988.0305002276984,1.0171748407659553,62.1
128000,-2671920.6153223105,300.7585523962596,1991.277257520656,1.015516347545086,62.1
130000,-2672475.3637703024,299.34760943487385,1990.416238926162,1.0159556418198956,62
132000,-2670367.7069440037,301.78432723494564,1991.702520540847,1.0152995171979045,62
134000,-2674347.770618189,299.66520252300137,1987.8338720004494,1.0172754554544157,62
136000,-2675310.826753361,299.35928175406303,1987.8949007522801,1.017244224904304,61.9
138000,-2673023.9700893834,299.9959264746363,1993.107319709337,1.014583904996081,61.8
140000,-2671137.912918145,299.2075996223731,1992.0071733195468,1.0151442397354185,61.8
142000,-2673735.9612542577,300.44354323244545,1990.9792178391256,1.0156683652889675,61.7
144000,-2671369.6360539906,301.2070520105356,1989.2509705601437,1.016550770834892,61.7
146000,-2673824.9884590935,299.3766251975165,1989.4146130190575,1.0164671528365816,61.7
148000,-2671477.633552458,299.8098519630962,1988.78936529953,1.0167867159740236,61.7
150000,-2669656.0127398,300.46954012216713,1989.3388487324344,1.0165058651498509,61.6
152000,-2672487.4125343543,300.15748599161515,1989.2522931416347,1.0165500949672615,61.6
154000,-2673457.2127707247,300.34520833180306,1990.1054727964085,1.016114288990674,61.6
156000,-2672653.294486901,301.29940382215534,1991.3740067494925,1.0154670095386826,61.6
158000,-2673535.706794653,299.24339479962606,1986.930641132845,1.0177378946423778,61.6
160000,-2674616.4831625205,300.01229376843827,1992.2012708390864,1.0150453355826146,61.6
162000,-2674041.4461671934,300.3245014547124,1988.5263018766937,1.0169212273423398,61.6
164000,-2675158.91137477,300.03797534372245,1991.373455770717,1.015467290500934,61.6
166000,-2671416.284776017,301.79216840288353,1992.8248669765112,1.0147277068932752,61.6
168000,-2673459.0918104537,300.06629772648887,1985.7054475995178,1.01836584572578,61.5
170000,-2674286.767731387,299.9788001556693,1985.656771987887,1.0183908095468712,61.5
172000,-2672325.9625621643,300.68737775144797,1991.1615689443722,1.0155753501103586,61.4
174000,-2670237.211555656,299.9447190062424,1991.3538548301315,1.015477285768214,61.4
176000,-2671357.499960944,300.0384188865861,1992.526047973691,1.0148798855419892,61.3
178000,-2673286.6250609756,300.1006227944529,1992.2046596345747,1.0150436089622912,61.3
180000,-2668784.5069783106,300.8293020560563,1995.6994613935628,1.013266098741602,61.3
182000,-2671593.697150247,300.7703814193902,1992.3841767924762,1.0149521518297013,61.3
184000,-2671094.0085095335,299.912950020667,1990.131870206393,1.016100811097134,61.3
186000,-2671883.0362047013,300.25040228965446,1993.1312762264783,1.0145717101662666,61.2
188000,-2673326.345609797,300.3947819535791,1990.305146538727,1.0160123491735262,61.2
190000,-2672651.5386104975,300.86554923459335,1991.280621828711,1.0155146318101007,61.1
192000,-2674438.6171054244,300.5335904176592,1988.5841659018085,1.0168916368646284,61.1
194000,-2670792.76670314,299.3156140733995,1992.0964075090183,1.0150987672507097,61
196000,-2672138.445903927,300.578307097939,1992.4883132849436,1.014899105818636,61
198000,-2674142.857597664,300.4133652407204,1989.973125965217,1.0161818675446361,60.9
200000,-2671983.9990832284,300.2893755426798,1988.0024726007114,1.0171891812898783,60.9
202000,-2674957.032050669,300.2151523543081,1990.5902909926358,1.0158668092862977,60.9
204000,-2670620.529011335,299.96498540697104,1996.6440978380483,1.0127867103088466,60.9
206000,-2673015.003677951,300.90078681350906,1993.1302760049457,1.014572219313352,60.8
208000,-2675900.6090439335,300.18003056922475,1992.2429443960925,1.0150241029564557,60.8
210000,-2672804.2271046303,300.01625003981144,1989.8559798621973,1.0162416918469712,60.8
212000,-2675264.020055009,300.8014137500822,1989.3231430144065,1.0165138904696929,60.7
214000,-2673975.544711923,300.3885228201597,1989.4524921716888,1.016447799313651,60.7
216000,-2671879.1315398384,300.63236165828704,1990.7143440916689,1.0158035046608647,60.7
218000,-2671230.7942965403,302.08396056131267,1996.584160211209,1.0128171142523015,60.6
220000,-2672669.1925253924,301.04579033893697,1990.1198856913647,1.0161069300628949,60.6
222000,-2671638.927645417,300.87301519717784,1990.4225870481123,1.0159524015982702,60.6
224000,-2673732.067637002,300.4678134581793,1989.281647119842,1.0165350946834266,60.6
226000,-2672896.4521683175,300.3351676067877,1985.9094353763387,1.0182612416682337,60.5
228000,-2670898.1943548657,298.77125463950205,1989.9330754805594,1.0162023197783303,60.5
230000,-2676102.3426332455,299.6614576743802,1989.1605303682522,1.016596989853105,60.5
232000,-2675360.564993473,299.7569819329327,1989.8652157575643,1.01623697499386,60.4
234000,-2672284.467093298,300.8056878550087,1989.0266505001557,1.016665416221789,60.4
236000,-2671937.7530134916,300.00393259245556,1992.0316176082633,1.0151317828654245,60.4
238000,-2672822.4376333654,299.04237238731594,1985.1931945188442,1.018628621682884,60.4
240000,-2674131.0594694912,299.97509373014816,1992.2111048452653,1.0150403250884568,60.3
242000,-2674185.968760077,300.33108226549007,1989.7083026926741,1.0163171178259451,60.3
244000,-2674096.810923254,300.08113706213425,1988.892694186247,1.0167338908821033,60.3
246000,-2674969.9945200067,300.70586073182136,1989.4279829219145,1.0164603216935562,60.2
248000,-2672925.3115607165,299.9548301577411,1990.1160277525064,1.0161088998366945,60.2
250000,-2672449.4190114327,300.42477312783006,1989.8570951982922,1.0162411222326793,60.2
252000,-2677272.544680698,299.6534849789434,1988.201328281822,1.0170874441847944,60.1
254000,-2672941.5950775053,299.84276526107817,1992.181770700076,1.0150552711845946,60.1
256000,-2673646.677505968,301.49652929133697,1989.0398282177034,1.016658680645404,60.1
258000,-2673089.6873250566,299.99626611935025,1988.9353407167478,1.016712090187027,60.1
260000,-2673288.2934088316,298.853069676647,1987.9992923502823,1.0171908085119519,60
262000,-2674254.139160542,300.6097395424894,1985.2118219748504,1.0186190637809882,60
264000,-2673254.0317384526,299.90718258416575,1986.0736241050781,1.0181770619999853,60
266000,-2673423.94134729,300.2630281023457,1988.6335554527134,1.0168663814217007,59.9
268000,-2672314.2349590436,300.4577469365385,1988.9935654373987,1.0166823275078198,59.9
270000,-2674706.51151073,299.8975685290949,1987.4838916165297,1.0174545897135427,59.9
272000,-2675200.451309519,300.24805984137356,1986.4040601350755,1.018007689417159,59.8
274000,-2675228.165031016,300.2540378550332,1991.7835477334193,1.0152582140806095,59.8
276000,-2670461.599101592,299.5203777528596,1990.224141725132,1.0160537022499108,59.8
278000,-2674414.7294676173,300.7929839913665,1989.6018223866238,1.016371509491922,59.8
280000,-2675086.69290838,300.5346868773162,1987.1995373247744,1.0176001803167092,59.7
282000,-2673983.652614083,299.5758091876292,1989.680858627572,1.016331136090746,59.7
284000,-2674581.313852368,300.59110598736356,1987.6982644056216,1.0173448574759707,59.7
286000,-2674319.6573749986,299.0094675178039,1987.4117660630802,1.0174915143592784,59.6
288000,-2669619.086872902,300.0178654840302,1997.2479084400557,1.0124805233048835,59.6
290000,-2673430.472582003,299.8616785438191,1989.0621307929343,1.0166472812494989,59.6
292000,-2677109.7593846414,300.457833018439,1986.2842029653152,1.018069118451466,59.5
294000,-2672093.5791874323,299.5712225638856,1987.2738887561188,1.0175621080457602,59.5
296000,-2673659.2949042656,301.2913514815677,1987.5031816131489,1.0174447146623844,59.5
298000,-2678193.762210062,300.0116769686878,1987.3476714046142,1.0175243298409595,59.4
300000,-2675384.5285802986,299.82973523401796,1991.869478310427,1.015214415164517,59.4
302000,-2674974.0825992264,300.5346647160472,1991.6845120650898,1.0153086973650602,59.4
304000,-2674210.013608221,300.7276616065279,1990.8578921606227,1.0157302615468762,59.4
306000,-2673643.51007545,299.69435314170386,1989.9605914011047,1.0161882683732875,59.4
308000,-2674949.2413646057,300.5610069146082,1989.614304809713,1.0163651329901213,59.4
310000,-2674149.1079741344,300.1333660966753,1986.4859419053753,1.0179657277450276,59.3
312000,-2671701.117069125,299.4191449186001,1986.7666669470655,1.0178218917948303,59.3
314000,-2675810.302452067,299.3817880928752,1988.427404530845,1.0169718054072427,59.3
316000,-2675701.6019212212,299.12871838074045,1986.470828844559,1.0179734724235443,59.3
318000,-2673227.206299588,301.37339502850796,1991.694261750388,1.0153037272547023,59.3
320000,-2673676.469580965,301.05600430743186,1989.4436972644894,1.016452292813055,59.2
322000,-2670871.2731323466,300.48023415700817,1992.3612077586336,1.0149638527553333,59.3
324000,-2671360.6503807288,299.8877089505143,1990.8578839523063,1.0157302657347367,59.3
326000,-2673669.2072158977,300.6833700363434,1991.7830705347064,1.015258457319906,59.3
328000,-2675662.1794294566,300.80432579343557,1988.9395204380692,1.0167099535845023,59.2
330000,-2670242.739824876,299.8778662989786,1988.3958900045586,1.0169879236183372,59.2
332000,-2677660.1818469,299.79191207579714,1985.4348826676462,1.0185046234253534,59.2
334000,-2671982.5712073874,299.99273746640847,1987.1657577964681,1.0176174783473144,59.2
336000,-2674710.359171916,298.95825936105535,1988.1463000669855,1.0171155952853368,59.2
338000,-2674747.050111832,299.8671869499107,1988.7288709497245,1.0168176452033277,59.2
340000,-2674237.5997002497,300.266218768207,1991.0860345667281,1.01561387725117,59.1
342000,-2675369.760147454,299.5767399004505,1989.1844170399297,1.0165847822778211,59.1
344000,-2675048.4101220667,300.8213679527503,1988.5597605237645,1.0169041170652842,59.1
346000,-2673054.7043710537,300.7922552691663,1989.776032618138,1.0162825234386825,59.1
348000,-2673753.696582591,300.654930895564,1990.0709917005847,1.0161318947616804,59.1
350000,-2674818.065906929,301.1408619498526,1989.4528340943264,1.0164476246191287,59.1
352000,-2674619.4912167136,299.5712421995354,1989.843102154068,1.0162482686790248,59.1
354000,-2673458.9511205666,301.2248144516905,1991.350078290304,1.0154792115925355,59
356000,-2673810.0944374036,299.29433541000026,1991.4105362872494,1.0154483822693228,59
358000,-2675268.1006424204,299.9936913027867,1988.4420790048246,1.016964300272216,59
360000,-2672032.182540871,299.302819277306,1987.6475002887591,1.0173708402587465,59
362000,-2674403.8839102834,299.08914889143654,1988.1996372494975,1.0170883092527243,59
364000,-2675083.116544867,299.48430355828776,1988.0964033336172,1.0171411225915465,59
366000,-2672695.005800858,300.4004965141528,1988.711220539361,1.0168266697658273,59
368000,-2671867.141259644,299.658802056865,1987.4323470340564,1.017480977666869,58.9
370000,-2673077.158971837,300.2905943602356,1989.801427079195,1.016269553326885,58.9
372000,-2672605.375661621,300.9482587314816,1991.2183971327127,1.0155463661941027,58.9
374000,-2671615.1303595006,299.9765486451489,1993.163496377002,1.014555309277289,58.9
376000,-2675080.428653011,299.82575869364604,1988.7432107346376,1.0168103134642428,58.9
378000,-2672864.8930999003,301.17678096547587,1988.2238167800208,1.0170759400628924,58.9
380000,-2670751.152158685,300.84494241016364,1987.6152645433672,1.0173873402866749,58.9
382000,-2673112.8932429403,300.7255481136013,1986.2466412004724,1.0180883710820448,58.9
384000,-2676629.299218988,301.73330128086843,1990.3473975636357,1.0159907812989306,58.9
386000,-2671561.8547059875,300.82843312197593,1988.3438853135672,1.017014522710728,58.9
388000,-2670137.153975576,300.2123713877624,1988.2254323365814,1.0170751136255674,58.9
390000,-2672280.6366156936,300.947605668935,1989.021055600547,1.0166682759908818,58.9
392000,-2677085.471654622,298.788274967272,1988.8092726435414,1.0167765382645673,58.9
394000,-2673852.8317880314,300.2865933608889,1991.9622516114089,1.0151671327461764,58.9
396000,-2671925.3020310905,300.4156869495905,1987.0599358071145,1.0176716721358454,58.9
398000,-2675176.7804508656,300.6814742760907,1989.1479780558354,1.0166034049831807,58.9
400000,-2671418.482017977,300.3105516392908,1991.3847436204678,1.0154615344850566,58.9
402000,-2672680.783905575,300.40256172701675,1991.1822936143876,1.0155647797752998,58.9
404000,-2674886.6043463666,299.77812632733105,1985.195164335458,1.0186276109451902,58.9
406000,-2674073.7567363344,300.34828899121607,1987.5904313576816,1.0174000516422623,58.9
408000,-2671632.9890704714,299.2623586140827,1991.1312690794377,1.0155908045389122,58.9
410000,-2671525.5640355907,300.26649125381954,1991.9303335988793,1.015183399438197,58.9
412000,-2673677.761638239,299.45630537016297,1990.6661564307105,1.015828094014898,58.9
414000,-2672600.578851152,299.61810968124513,1992.3174448141367,1.0149861472982387,58.9
416000,-2671768.9125255235,300.73089863635033,1994.2507973192119,1.0140021557094507,58.9
418000,-2672072.050496526,301.472282583556,1987.7728354257047,1.0173066919258404,58.9
420000,-2672935.230508724,299.1940480962441,1992.1765924293002,1.0150579096208991,58.9
422000,-2670710.6821485143,300.5343891869458,1992.476676411845,1.014905033241648,58.9
424000,-2672939.210480051,299.42766160047057,1988.374776104398,1.016998722679833,58.9
426000,-2674124.0005006157,299.1992959171535,1986.094397804506,1.0181664123026328,58.9
428000,-2673087.508235665,300.12685049425505,1989.4824740049767,1.0164324812754864,58.9
430000,-2671219.331662301,301.048899773414,1990.9990078024443,1.0156582698345678,58.9
432000,-2671636.6137691215,299.8698764414195,1991.0895534265946,1.0156120823530417,58.9
434000,-2674495.336239353,300.03544340962543,1989.7243437199734,1.0163089243439267,58.9
436000,-2673733.6175307315,299.03616922294225,1990.3250498995496,1.016002188993717,58.9
438000,-2671526.385813227,299.5179143748961,1990.835654301,1.015741607368879,58.9
440000,-2672698.474404115,299.5282991107483,1987.3771977897131,1.01750921252189,58.9
442000,-2674539.1509361267,299.1378929031919,1989.2361968736182,1.0165583205680255,58.9
444000,-2674702.6235630717,299.5708843797767,1987.1369954781937,1.0176322075974165,58.9
446000,-2673803.739934489,299.72255397611326,1988.3381629145435,1.0170174496589806,58.9
448000,-2673775.9432874005,300.6880938818098,1991.8634093012165,1.0152175084216186,58.9
450000,-2674030.9708467536,300.8187015051971,1992.0287720161048,1.015133232970504,58.9
452000,-2674682.3816243485,299.9285765765603,1989.458299560484,1.0164448322207686,58.9
454000,-2672646.7900782228,300.6077842834842,1987.4938106563673,1.0174495118750337,58.9
456000,-2676276.5551140737,300.92066817189675,1987.7531056492776,1.0173167893738244,58.9
458000,-2673786.660269577,300.6620163664964,1989.046920421638,1.0166550556174467,58.9
460000,-2674089.4133797474,300.7100724528278,1989.2122677503658,1.016570549202315,58.9
462000,-2673576.5458765663,300.0941534916994,1990.1929237029829,1.0160696399947413,58.9
464000,-2673100.4827853795,301.03546729099253,1989.3892729011147,1.0164801002259585,58.9
466000,-2674485.0073470157,299.9444913595437,1987.2348982755138,1.017582073091499,58.9
468000,-2672635.6048804596,301.064938451093,1989.6881384703397,1.0163274175527865,59
470000,-2669326.3230188303,299.11133536831125,1989.1004066868463,1.01662771809253,59
472000,-2673725.1275605857,299.55193713402167,1983.2980479412568,1.0196019754096317,59
474000,-2674400.0640966,300.34180751009075,1989.3113667906925,1.0165199079766465,59
476000,-2674888.4478602465,299.6201098992063,1990.3846258039337,1.0159717781633273,59
478000,-2674785.1318143215,299.4575415972659,1987.2230938823536,1.0175881176764783,59
480000,-2674881.507882558,300.4353997098697,1987.1082442521433,1.0176469315933143,59
482000,-2675087.219222741,300.10423002421066,1986.7820210542457,1.0178140259362451,59
484000,-2671837.6542696785,300.5621365979526,1992.3990973928665,1.0149445510957458,59
486000,-2674775.48072586,299.8924135450153,1990.738859706991,1.015790995210998,59
488000,-2671882.3120248,299.97435050114836,1991.0688203265067,1.015622657972899,59
490000,-2676248.051420465,301.693357441782,1991.9561456824752,1.0151702445307313,59
492000,-2674733.8257113285,300.53300800313184,1988.3947078409537,1.016988528249855,59
494000,-2676869.160657691,301.109899140672,1988.5906229364714,1.016888334976109,59
496000,-2674305.038633745,300.23431750879854,1988.48484490231,1.016942428649144,59
498000,-2672325.417362066,300.1994981443569,1989.961029169779,1.016188044823487,59
500000,-2673397.5596406646,301.0672004774888,1987.8558797768108,1.0172641930832602,59
502000,-2671023.9818924814,299.0211746782998,1989.8713374462218,1.0162338486176739,59
504000,-2674006.9959919713,300.5750754485668,1992.1509333499669,1.0150709836561016,59
506000,-2673162.134578597,301.0026833430232,1989.8563890072594,1.0162414828920574,59
508000,-2671127.1132113785,299.77403797730796,1991.731470394846,1.015284759800522,59
510000,-2677514.8215107396,300.7902799725557,1989.228653988564,1.0165621752191978,59
512000,-2674747.0221304055,299.3746738889771,1989.1307884524294,1.0166121902322225,59
514000,-2675536.8442698233,302.15133519977417,1987.8874767919074,1.017248023902438,59
516000,-2674001.840721324,300.71511559025964,1987.5176091674034,1.0174373289472824,59
518000,-2676237.4699248914,299.8722634841554,1985.5676210532667,1.018436534754876,59
520000,-2673278.8688123394,299.9199267441271,1984.345854713819,1.019063588488514,59
522000,-2676749.203744812,298.6399540719666,1987.3203124668241,1.0175383378419172,59.1
524000,-2674546.7573439963,299.2500042598873,1988.4247554463532,1.0169731602708008,59.1
526000,-2674961.080570696,300.9015961102261,1990.7755013579997,1.0157722988491436,59.1
528000,-2672449.6060987655,300.28464699001825,1989.9596486960033,1.0161887497729305,59.1
530000,-2673697.2193254717,300.4542337301681,1990.265999849723,1.0160323331954915,59.1
532000,-2673847.6493210644,299.6143275813049,1987.7476848368076,1.017319563711624,59.1
534000,-2675845.4494147487,298.4004169980836,1988.247958790853,1.0170635903666416,59.1
536000,-2672044.81762713,300.7634120246691,1987.9260240775386,1.0172282987468437,59.1
538000,-2671002.2131973207,300.5812629809209,1988.687953985186,1.0168385660780421,59.1
540000,-2674043.8258050643,300.4880336493216,1984.9972852078429,1.0187291552367217,59.1
542000,-2673284.3721702714,301.2737028647814,1989.3191878397752,1.0165159115078333,59.1
544000,-2673388.675001234,298.6463662202313,1990.4104708358602,1.015958585998481,59.1
546000,-2672597.8964360896,300.8913417186705,1994.367578675903,1.0139427802218537,59.1
548000,-2673105.007018978,302.16536022168106,1985.3190708218294,1.0185640369987912,59.1
550000,-2674920.417256929,300.156141677283,1990.6447851849352,1.0158389997837347,59.1
552000,-2672120.5831627697,300.1041624138555,1986.261115640089,1.0180809519876792,59.1
554000,-2673841.1955222134,301.6888742050733,1987.8018958418627,1.0172918195404737,59.1
556000,-2672097.874934824,300.65275146157353,1989.9990853255442,1.0161686115429365,59.1
558000,-2672196.7465826683,300.22419953605845,1989.862840207608,1.0162381882039628,59.1
560000,-2673909.8855245616,300.27830348656306,1990.3467452531943,1.0159911142767881,59.1
562000,-2672780.4060654026,300.2396431281499,1992.9094043202056,1.0146846630977433,59.1
564000,-2675802.3329061475,301.1250527908001,1985.7922479186502,1.0183213322674889,59.1
566000,-2675217.745039547,301.30714341387386,1984.2390155680587,1.019118458835491,59.1
568000,-2677480.7063450012,299.6626030819578,1986.4763320782645,1.0179706522812477,59.1
570000,-2671777.1201171894,300.5041436046622,1987.216553665195,1.0175914667061827,59.1
572000,-2674982.7575142886,299.9059337060426,1989.0062018549668,1.0166758683914972,59.1
574000,-2674415.205375679,300.97116806721453,1989.514954990967,1.0164158869145836,59.1
576000,-2672698.2854523305,299.98799717111314,1988.9150291916276,1.0167224732214237,59.1
578000,-2671897.4392048456,299.7912875784488,1993.0415087615122,1.0146174069217269,59.1
580000,-2673701.871209318,300.511936285833,1990.4592217786208,1.0159337028266326,59.1
582000,-2672543.068352066,300.6373098487843,1990.3051334115896,1.0160123558746765,59.1
584000,-2671413.042516412,300.8238376909615,1992.3421154033717,1.014973579021874,59.1
586000,-2671756.372024851,300.57087980335046,1990.4829457969115,1.0159215941924948,59.1
588000,-2670170.646760879,300.73875119088103,1989.377374948226,1.016486179531221,59.1
590000,-2673033.6468174364,299.8531284283725,1986.8268906391675,1.0177910400922916,59.1
592000,-2674194.6052008756,301.3453963402917,1988.7430939290664,1.0168103731849327,59.1
594000,-2671686.659341559,300.15552074556194,1991.4507505233842,1.0154278768759473,59.1
596000,-2672689.3427179027,299.26673841033397,1990.443299531351,1.0159418296331737,59.1
598000,-2673200.664442247,299.4331921776826,1987.7144654905087,1.0173365654950641,59.1
600000,-2671411.2189141978,300.5564340727554,1988.8596897410976,1.0167507632326798,59.1
602000,-2674232.925768595,299.51195251237493,1989.473010579389,1.0164373161906122,59.2
604000,-2676492.8369389474,299.9518290539708,1990.2629544034278,1.016033887900561,59.2
606000,-2675840.694946861,300.9926735241955,1986.4376856867748,1.0179904570265146,59.2
608000,-2674498.528199779,299.7418721771096,1988.2291196935905,1.0170732273645666,59.2
610000,-2673718.2383429874,300.117118526997,1988.8489909590508,1.0167562327252662,59.2
612000,-2673901.7368524,298.96061847302525,1987.835741554995,1.0172744987093927,59.2
614000,-2673318.406368792,299.21115836391795,1994.2930365261145,1.0139806791029187,59.2
616000,-2672667.783010889,300.0222451563982,1991.820441245564,1.0152394089511534,59.2
618000,-2670136.3449267056,301.4090422402056,1988.7172815229278,1.0168235707985716,59.2
620000,-2672223.338319758,300.90641579259056,1992.5023776083608,1.0148919420283087,59.2
622000,-2674602.3777229097,300.4915570392818,1989.043248219571,1.01665693258156,59.2
624000,-2676277.949513361,299.96780736252975,1988.134327943941,1.0171217201396214,59.2
626000,-2673353.7271890044,299.73102286725015,1988.4448184212595,1.0169628992332271,59.2
628000,-2671854.696040014,300.65081491465025,1991.2905855577853,1.0155095505262661,59.2
630000,-2670579.3553043474,299.7728465977333,1993.178091887661,1.014547879959813,59.2
632000,-2671093.0354698393,300.24773626321183,1987.4439866251269,1.0174750187253432,59.2
634000,-2674413.9780872855,301.5748122173165,1986.4243348413959,1.0179972989851789,59.2
636000,-2674030.4681166,299.8123371515925,1987.6325735066534,1.0173784805404844,59.2
638000,-2673365.800355844,300.3977894232671,1990.7634154935367,1.0157784655720368,59.2
640000,-2671730.2047000173,299.83650302812373,1990.4774815545677,1.0159243830920652,59.2
642000,-2671183.492101826,300.7639316971178,1989.3640302170027,1.016492998160015,59.2
644000,-2671759.221272446,300.9507845419278,1990.090467919006,1.0161219502857652,59.2
646000,-2673952.7442061976,300.4904874183261,1988.1971176044217,1.0170895982102064,59.2
648000,-2673453.6402098816,299.04595734891944,1990.3883568778049,1.0159698736778322,59.2
650000,-2674402.1883138306,300.58659335108695,1990.9290357876107,1.0156939655596515,59.2
652000,-2669401.1816635095,299.7552050134999,1992.222284528246,1.0150346290227439,59.2
654000,-2674366.622464735,300.28182641231723,1992.201473087395,1.0150452325352044,59.2
656000,-2673955.816993527,299.40173666659246,1989.5503520039993,1.0163978033881431,59.2
658000,-2672263.279567657,300.45864863569847,1990.2985337534528,1.0160157248839472,59.2
660000,-2671981.9436873216,300.23121830641173,1987.1399952023842,1.0176306714117642,59.2
662000,-2674381.396954054,299.8070672141263,1989.6864877621954,1.0163282607308228,59.2
664000,-2671857.665702937,301.1283171910168,1990.391023981031,1.0159685122887914,59.2
666000,-2671722.018119881,301.0494840111315,1993.3977124135563,1.014436103199182,59.2
668000,-2672158.725312894,299.9142931488842,1988.9206222816865,1.0167196140724493,59.2
670000,-2673662.4166213535,301.1303994295433,1989.4100809433692,1.0164694684507005,59.2
672000,-2674720.985732071,300.88142278430627,1990.8454482047473,1.0157366104588759,59.2
674000,-2672405.8307176214,299.8636177207395,1989.389826386733,1.016479817422101,59.2
676000,-2673592.1663263366,301.2989914014014,1991.164454454032,1.0155738783823571,59.2
678000,-2672570.530693,300.46584564555064,1989.2723917021508,1.0165398242805086,59.2
680000,-2673482.5862209275,299.72068384973005,1987.2799502780708,1.0175590043184495,59.2
682000,-2671880.8852795996,300.4725918700633,1991.8609315586461,1.0152187712847027,59.2
684000,-2671731.946637895,301.3661643813022,1990.4524788898304,1.0159371444199634,59.2
686000,-2674017.1093268637,299.4075618166871,1991.1755469392306,1.0155682208007184,59.2
688000,-2672645.174218692,299.9839471255757,1987.6029897059925,1.0173936233644392,59.2
690000,-2675049.794322269,300.23322232406406,1987.5918450513273,1.0173993280067775,59.2
692000,-2673499.66021158,300.1771255183728,1989.4307124781694,1.0164589270807094,59.3
694000,-2673485.1111459304,298.97487124679225,1989.884989199882,1.016226876669929,59.3
696000,-2672504.9908814076,299.5056238080027,1992.534606014629,1.0148755265794993,59.3
698000,-2671780.458948178,300.6074313692115,1992.6715357794424,1.0148057877064967,59.3
700000,-2672661.2187005896,300.0009682032284,1990.4282447695534,1.015949513789729,59.3
702000,-2672638.7220609523,300.3807686858474,1991.3749263724308,1.0154665405929595,59.3
704000,-2673907.8297043312,300.07546897791735,1989.402487818196,1.0164733480979593,59.3
706000,-2671921.150415238,299.7555369399961,1987.3795402573553,1.017508013212771,59.3
708000,-2673858.4747208077,301.04736277261577,1989.8438308332532,1.0162478965297392,59.3
710000,-2672641.612373581,300.1590135861724,1987.47508176078,1.017459099771681,59.3
712000,-2675556.48978287,300.0072718614301,1987.8742447739455,1.0172547950773045,59.3
714000,-2672285.455814924,299.7244573969719,1990.583443502872,1.0158703038082686,59.3
716000,-2670869.8577616997,300.32672874203973,1989.3839164460835,1.0164828371184715,59.3
718000,-2672846.6585272104,299.77230503354076,1986.279346160382,1.018071607810844,59.3
720000,-2671999.144921005,300.3008340164003,1988.9757353818986,1.0166914414964938,59.3
722000,-2673678.538685607,300.38701026907535,1988.3527506638989,1.0170099882084704,59.3
724000,-2676073.2686561774,301.867036391688,1990.5500003131078,1.0158873714244252,59.3
726000,-2673179.606457563,300.71790348332553,1987.609140879144,1.0173904747754072,59.3
728000,-2673668.052470211,300.7425682231286,1987.3243100906773,1.0175362910015953,59.3
730000,-2673832.977389414,300.49191358986894,1987.6861561325259,1.0173510547769526,59.3
732000,-2672487.443125911,300.8252736251688,1992.2217264617504,1.0150349133569678,59.3
734000,-2675369.648871621,301.2387881801072,1988.73524969106,1.0168143838256531,59.3
736000,-2672961.764667524,299.7294666172243,1988.9652250533647,1.016696814019318,59.3
738000,-2670068.075746011,300.72309849577454,1987.7701812266973,1.0173080502993774,59.3
740000,-2672301.638680501,300.17654174500075,1990.27890235716,1.01602574649816,59.3
742000,-2673706.981147183,300.5439759322032,1987.5093172863344,1.0174415736918243,59.3
744000,-2673726.586879423,299.08221077034665,1992.9561504584453,1.014660862980756,59.3
746000,-2673424.6533606444,300.22103409980014,1986.996991152544,1.0177039102278778,59.3
748000,-2672960.945374366,300.72332575553423,1987.9850764563405,1.0171980823475675,59.3
750000,-2675189.8593340367,299.87781918161534,1987.1837273401914,1.017608276318574,59.3
752000,-2677246.6272322796,300.5161647990088,1988.0347040652846,1.0171726898790425,59.3
754000,-2670985.4727350995,300.11516600838024,1991.2280327564426,1.0155414519288832,59.3
756000,-2673766.4916435853,301.32662897436455,1991.5999201672719,1.0153518219347648,59.3
758000,-2673474.208126085,300.09714198440804,1988.8637146675424,1.0167487056019813,59.3
760000,-2672561.5983637143,300.30250560998877,1990.369704680606,1.0159793945574898,59.3
762000,-2673757.6002936065,299.2351704747516,1986.8007002077595,1.0178044568312832,59.3
764000,-2673214.4502021354,301.4350874436087,1985.9809546047322,1.018224572002224,59.3
766000,-2673953.9116344023,299.21492497569363,1987.9206327270606,1.0172310575261352,59.3
768000,-2673055.8645280264,300.5024747416981,1987.0902394347127,1.0176561523860335,59.3
770000,-2672493.470945237,300.22314284327456,1990.057739241288,1.0161386615234231,59.3
772000,-2674218.764907239,300.50705402134804,1989.1426068870276,1.016606150059617,59.3
774000,-2671709.6558094546,299.8546826212218,1987.9768268466123,1.017202303466789,59.3
776000,-2671251.2694938984,301.4721930316773,1989.4783748905613,1.0164345755294821,59.3
778000,-2673338.7184196096,300.63831567810047,1985.803705925725,1.018315456594584,59.3
780000,-2672646.7976101805,300.8154991123001,1990.7513106249364,1.0157846420667034,59.3
782000,-2671961.8130283095,300.8598300204907,1991.7454078153091,1.015277655252656,59.3
784000,-2674178.2750405353,299.1792504879823,1989.0303211251126,1.0166635400324673,59.3
786000,-2674039.0003774613,300.77322318599016,1989.4145825835312,1.0164671683872433,59.3
788000,-2676438.4806288686,300.380467561473,1985.5520534193984,1.018444519761899,59.3
790000,-2672526.1099821143,300.367711063036,1988.96081944659,1.0166990660326949,59.3
792000,-2671241.2112751864,299.92841222048895,1985.7769009170236,1.018329202325367,59.3
794000,-2673403.3056192454,300.63797034125935,1987.6424420703568,1.0173734292977996,59.3
796000,-2673646.9151084777,300.9609531097086,1988.9726587933098,1.0166930141381658,59.3
798000,-2673451.4181918595,301.016507161063,1988.0070569372301,1.017186835655594,59.3
800000,-2673160.650238376,300.1255997505288,1991.9535797069593,1.0151715522429283,59.3
802000,-2672910.975549061,300.4583655687581,1989.9932707115254,1.0161715807129035,59.3
804000,-2674998.7858550996,300.0826846734882,1987.28583011403,1.0175559936392944,59.3
806000,-2673711.6207196116,300.0782031671339,1988.7157323266897,1.0168243628973241,59.3
808000,-2675274.8438416775,299.4637684907871,1987.3180155185064,1.0175395139158796,59.3
810000,-2671205.367447935,300.7165827822109,1987.2460791300618,1.0175763478633708,59.3
812000,-2675321.7816046383,299.44341705415445,1988.860851216731,1.0167501694600003,59.3
814000,-2676425.789332563,300.75727169691305,1986.9038302412641,1.0177516277984249,59.3
816000,-2675580.070318494,300.8221736516238,1993.4256002772615,1.014421911319746,59.3
818000,-2673607.4452010337,300.1730825438993,1990.8283759168414,1.015745320877142,59.3
820000,-2675792.9890744947,299.83841845341954,1987.3607010889523,1.0175176586710926,59.3
822000,-2673679.7408132087,300.10610760883065,1987.5024964137197,1.0174450654305165,59.3
824000,-2671479.314563539,300.7344571068196,1992.5364804381927,1.0148745718634276,59.3
826000,-2670820.127242353,299.6975201712234,1987.7825589586698,1.0173017156193978,59.3
828000,-2674296.612655094,299.33403326239926,1986.7216015482118,1.017844979352483,59.3
830000,-2674800.1974076275,298.7096868752953,1985.3038040748963,1.018571869633452,59.3
832000,-2673117.506314356,301.0157732001469,1987.5786058911142,1.0174061048520628,59.3
834000,-2672159.800257724,300.10849478089625,1991.5664918419045,1.0153688645548355,59.3
836000,-2673049.7717763297,299.4919144387097,1992.7945846239393,1.0147431266171254,59.3
838000,-2671082.678197708,300.19484137858524,1995.242363727166,1.0134982317283479,59.3
840000,-2672368.061032502,301.0399889676953,1991.8848179872307,1.0152065969107331,59.3
842000,-2673372.4134064782,300.0424016454228,1988.0262225602876,1.0171770294371199,59.3
844000,-2674440.2988177836,299.6554290649121,1990.4511922580143,1.0159378011238596,59.3
846000,-2670733.8095235545,299.7195739363876,1992.6483833271554,1.0148175786691056,59.3
848000,-2671781.4550200216,301.4421196034725,1991.3638044205181,1.0154722120679598,59.3
850000,-2676522.7175444253,299.7967170692876,1986.8868265679077,1.0177603376635291,59.3
852000,-2670773.230604183,298.8565805406308,1988.9763694578155,1.0166911173802462,59.3
854000,-2673943.2178125046,300.5492702070907,1991.965940380743,1.0151652528358261,59.3
856000,-2672618.6884406097,299.58987287900175,1988.2294042480696,1.0170730818015137,59.3
858000,-2673460.588641934,299.5275302633154,1992.2699552438132,1.0150103414371368,59.3
860000,-2672897.6790388823,299.63075465460474,1989.3944895252753,1.0164774347945031,59.3
862000,-2677335.798884809,298.6026166495612,1989.450962512051,1.0164485808454413,59.3
864000,-2672411.0846945774,299.5599272328953,1990.3348300049745,1.0159971965631118,59.3
866000,-2675541.868752584,300.98026140826823,1991.6813749979447,1.0153102965624,59.3
868000,-2673510.5809189677,300.8210642244562,1988.7771482939754,1.0167929620679952,59.3
870000,-2671449.557826763,301.4499592483273,1991.6763589500565,1.0153128536269782,59.3
872000,-2674032.2985682283,300.3170754814645,1991.075051454345,1.015619479551969,59.3
874000,-2674986.824377492,300.4235113616127,1986.5979444990878,1.017908335758826,59.3
876000,-2675115.0774133243,301.49729789441034,1988.580691326864,1.0168934136425172,59.3
878000,-2674318.3850959837,300.3062564466365,1987.686826255344,1.0173507117902474,59.3
880000,-2673947.4399636853,299.25088308690835,1990.2445507648,1.0160432830879513,59.3
882000,-2672424.7409885935,300.42163335439756,1989.8246661991789,1.0162576843363718,59.3
884000,-2672744.999184413,300.7279373935214,1991.300368577969,1.0155045614494869,59.3
886000,-2671650.472284427,301.24276542197066,1986.3539645662604,1.0180333634285232,59.3
888000,-2673204.147721771,301.1424815383186,1991.1231464556415,1.0155949475584192,59.3
890000,-2672494.841083523,299.96787737416884,1993.781873293308,1.0142406421655166,59.3
892000,-2673040.208984455,298.5699064316402,1991.7207143454393,1.0152902427243875,59.3
894000,-2674863.202616714,299.7957519591044,1986.2316806553665,1.0180960394508185,59.3
896000,-2675271.2276275903,300.4839179039011,1988.2858995628592,1.0170441826055112,59.3
898000,-2676662.3766181264,300.1528475369497,1988.1888507266015,1.017093827262913,59.3
900000,-2674580.5220593046,300.17648080914245,1986.9872552288293,1.0177088968162957,59.3
902000,-2671909.312675072,301.2025280210714,1991.6863629273964,1.0153077538447186,59.3
904000,-2671114.7589224987,300.6789807530079,1991.6354814048957,1.0153336925291838,59.3
906000,-2673884.0945760775,298.5841488794796,1990.8920524286016,1.015712833370453,59.3
908000,-2674971.6099527664,300.8034107615263,1991.6066130139654,1.015348409818115,59.4
910000,-2674045.7209399715,299.2856840484306,1991.2999094560519,1.0155047955882013,59.4
912000,-2673180.370720813,300.0587613856767,1988.3021811087376,1.0170358543686482,59.4
914000,-2673118.076683851,301.1803297909497,1987.862799671097,1.0172606519129748,59.4
916000,-2674324.6226946637,300.55827128515705,1984.732275238009,1.018865180324874,59.4
918000,-2675294.3825853877,300.5439153764874,1989.1592039067416,1.0165976677660526,59.4
920000,-2673344.231878815,299.56818681098514,1991.8551226840332,1.0152217319812311,59.4
922000,-2673002.3318598885,301.2147936883922,1991.4548298391583,1.015425796863439,59.4
924000,-2674108.302092824,300.53719377098395,1989.9506061741538,1.0161933674297432,59.4
926000,-2675622.8827645555,300.68044392603383,1989.8030411712464,1.0162687289474994,59.4
928000,-2673256.5844090153,299.82060020917385,1990.764180294299,1.015778075335889,59.4
930000,-2671891.642903423,299.80129984082635,1992.648177036346,1.0148176837290666,59.4
932000,-2675026.144164862,299.3506339920133,1983.7884289319334,1.0193499357165348,59.4
934000,-2670875.469295919,299.9073705878254,1990.515200960284,1.015905131762578,59.4
936000,-2672237.0464913435,300.64264533543957,1988.5306558618613,1.0169190007435558,59.4
938000,-2676568.760656992,300.8766158555924,1987.555354999375,1.0174180067088534,59.4
940000,-2675641.576906208,299.6891997414323,1988.3802466933057,1.0169959246325577,59.4
942000,-2672810.2483630218,300.8127799315349,1993.6794291517997,1.0142927583735442,59.4
944000,-2672762.712691039,301.07245833828387,1991.17557007123,1.0155682090026008,59.4
946000,-2675053.7957147285,299.68788172793444,1985.5350492965963,1.0184532417210945,59.4
948000,-2674658.627201287,301.2236306481103,1985.323361134955,1.0185618358668533,59.4
950000,-2673073.84110811,300.09616692701616,1991.5996438566747,1.0153519628026693,59.4
952000,-2673979.519074483,299.7615469086218,1989.8227655260494,1.0162586550628643,59.4
954000,-2672992.3437394984,300.6767987449417,1985.453008326064,1.0184953252617484,59.4
956000,-2673115.666602526,301.27878331268994,1990.8261817966782,1.015746440345687,59.5
958000,-2672579.4009845573,299.9673297095208,1989.5780496057778,1.0163836537639994,59.5
960000,-2673896.0585401915,300.7974132965401,1990.2279468399577,1.0160517596578513,59.5
962000,-2674286.6307211407,299.60639324673105,1991.0720500071209,1.0156210105504417,59.5
964000,-2677138.628728399,299.59130503959165,1989.2782888642737,1.0165368107754695,59.5
966000,-2672810.548810223,300.04169389292736,1988.02999127598,1.0171751011709218,59.5
968000,-2672627.0213771816,298.9932644437601,1987.9003576389323,1.0172414325176475,59.5
970000,-2673686.9903381895,299.3702546466978,1987.9163818238317,1.0172332327437785,59.5
972000,-2673175.9632945675,300.1440384385268,1990.3348767433229,1.0159971727047996,59.5
974000,-2669697.3002642393,300.0922738918334,1992.2471537561,1.01502195834209,59.5
976000,-2673154.3730834853,299.93258075168376,1989.7491087322232,1.016296275059225,59.5
978000,-2673200.382202195,299.6485238755118,1990.4897395021374,1.0159181267685204,59.5
980000,-2676644.0749219973,300.67373353333215,1988.169360320911,1.0171037980288418,59.5
982000,-2673182.1271928586,300.57766642464253,1989.576316587888,1.0163845390836725,59.5
984000,-2673000.8690232094,299.1484994923295,1990.0059465093245,1.0161651079757195,59.5
986000,-2672881.9779908564,300.120913591136,1988.6345190866261,1.0168658886781017,59.5
988000,-2673387.4062059317,300.29288575258863,1990.813455078093,1.0157529337311255,59.5
990000,-2673578.674919611,300.68206442454607,1989.8067401624462,1.0162668397343366,59.5
992000,-2671815.538667105,300.8673708692836,1993.4992164243404,1.0143844506415534,59.5
994000,-2671035.327972049,300.09526879295174,1990.216040743978,1.0160578379978524,59.5
996000,-2673920.3942088615,300.50799853506186,1989.8132118907229,1.0162635343975321,59.5
998000,-2672998.7028835714,300.14102927956094,1991.7747777073687,1.0152626843857289,59.5
1000000,-2671731.6088981126,300.1669424941863,1990.842746048345,1.0157379891108016,59.5
1002000,-2674736.205906559,300.3338484909579,1991.5265942927742,1.0153892061004994,0
1004000,-2674496.1547962613,299.75362589542874,1990.8094953963184,1.0157549540441633,59.6
1006000,-2676622.4917849824,299.97203702779683,1989.8710201663969,1.0162340106535515,59.4
1008000,-2672196.201380443,300.4938427459166,1988.960582530399,1.0166991871373925,59.7
1010000,-2675471.8109146357,301.8274478296632,1984.7576558181559,1.0188521513340083,59.3
1012000,-2672937.4742455147,300.1703592064087,1990.479268030205,1.0159234712894711,59.6
1014000,-2672661.409782285,299.62085649560515,1990.4038509496716,1.0159619649761737,59.6
1016000,-2672796.5520757977,301.1742502467657,1989.961930947056,1.0161875843245831,59.4
1018000,-2673156.923998216,300.41526159288065,1986.3868357787394,1.0180165167648236,59.4
1020000,-2674048.311180182,300.0276956907729,1995.2168773371081,1.013511177895529,59.3
1022000,-2672205.922875656,300.19418011532787,1993.268190755218,1.0145020207947038,59.3
1024000,-2672639.8726513237,299.58199731685613,1987.7755279855728,1.0173053139235793,59.3
1026000,-2674286.1755607277,299.8563769737296,1985.2270529430875,1.0186112487783752,59.2
1028000,-2675674.7916253954,300.13192169291045,1987.1975931912,1.0176011758647527,59.2
1030000,-2675506.106347343,299.85389369785946,1991.131852037614,1.0155905071969946,59.2
1032000,-2674824.693972649,300.3064489476002,1986.4134883352212,1.0180028576032885,59.1
1034000,-2671841.6811643112,300.3475629899205,1986.6933656728147,1.0178594454721708,59.1
1036000,-2672989.720789548,299.48295173143396,1992.1983846246028,1.0150468061382438,59.1
1038000,-2671519.0239834096,300.4652560582558,1989.1995759095987,1.016577035304411,59.1
1040000,-2673499.1051764414,300.61802902541945,1986.3379214011975,1.0180415858347478,59.1
1042000,-2672751.966334589,301.56605604944787,1991.6903404480715,1.015305726216477,59
1044000,-2672358.1074522417,300.0519615551146,1992.3017223816132,1.0149941571548955,58.9
1046000,-2672000.58594683,300.9467739741154,1992.5612903942401,1.0148619353670534,58.8
1048000,-2673131.0256324485,299.5560553142453,1989.9486837150246,1.0161943491586851,58.6
1050000,-2672827.9265098963,300.71636332791127,1989.5872621059104,1.0163789475444112,58.5
1052000,-2673341.6718040034,300.3124700213501,1986.3182945740923,1.0180516451118764,58.4
1054000,-2672426.181940617,300.0272047885228,1989.0522502211204,1.016652331421746,58.3
1056000,-2674349.987045614,299.8394174587918,1985.484635008817,1.0184791017020345,58.3
1058000,-2671823.7365287,299.9494031100975,1986.924336685274,1.0177411238922687,58.2
1060000,-2673511.4332957864,301.1998503010298,1992.4107875428601,1.0149385960717556,58
1062000,-2673463.3826883566,300.04905152355593,1990.7120814996517,1.0158046591969332,57.9
1064000,-2672766.302272681,299.94084212683526,1988.7832987610311,1.0167898175566652,57.8
1066000,-2672529.2132649925,298.55207896335367,1989.435130763276,1.0164566696533277,57.7
1068000,-2671796.870437786,300.75253028361584,1989.794792574591,1.0162729418396381,57.6
1070000,-2675678.686391482,300.61662277114294,1990.039768540709,1.0161478375830784,57.5
1072000,-2675143.0777256675,299.5101867956434,1990.2095217057972,1.0160611661498722,57.4
1074000,-2672540.1258035153,300.0540006476401,1986.9768232918138,1.0177142399461139,57.4
1076000,-2675284.0392792486,301.7016716827106,1988.1159007592878,1.0171311475023546,57.2
1078000,-2669909.2617124803,300.5716493111643,1988.02731312974,1.0171764714456937,57.1
1080000,-2672863.158742536,301.3336271411661,1989.757968783044,1.0162917496662944,57
1082000,-2675727.6288309135,300.3125970669259,1986.7440888413216,1.0178334587049476,56.9
1084000,-2673196.8050154373,300.2846387377168,1991.7161870430696,1.0152925505461303,56.8
1086000,-2674105.7211326957,300.2378776418881,1990.4958411479681,1.015915012583364,56.7
1088000,-2673359.730711393,300.23635927856816,1987.720431997258,1.0173335117731293,56.7
1090000,-2671659.1792346165,300.49862482490585,1992.532085725392,1.0148768102626502,56.6
1092000,-2672112.1393415853,301.16676789546875,1988.632551773211,1.0168668946426789,56.5
1094000,-2673722.1484173574,300.4941131169138,1992.1909353515566,1.0150506016383032,56.4
1096000,-2675386.7192068845,299.47265137318715,1987.1765206950279,1.017611966751551,56.4
1098000,-2672498.640377147,300.43490415560075,1990.0217587776838,1.016157033754765,56.3
1100000,-2674860.1775832754,300.0000741351141,1990.0086333534573,1.0161637359830493,56.2
1102000,-2674810.354546979,299.84152108647123,1986.1177643632566,1.0181544336346415,56.2
1104000,-2673954.846821867,301.1800407519538,1991.0867724576779,1.0156135008676297,56.1
1106000,-2672404.895184893,300.79810490907147,1987.9879599826354,1.0171966069274558,56.1
1108000,-2672240.264066657,300.5423286520893,1989.6870949272611,1.0163279505920997,56
1110000,-2670129.426359888,300.1718206948053,1994.3097243252698,1.0139721944098374,55.9
1112000,-2673891.213164864,298.9954933928311,1990.675345419422,1.0158234049364352,55.9
1114000,-2673220.354939755,301.4347298021256,1988.1778756797432,1.0170994417768606,55.9
1116000,-2677452.5928861015,299.44584040491446,1987.478344409197,1.0174574295087924,55.8
1118000,-2674868.9148861784,301.1274827705349,1990.8037799558572,1.015757870196434,55.8
1120000,-2673224.027240645,300.93158669573495,1990.9005448498694,1.0157085007274738,55.7
1122000,-2672577.570646355,299.774823694737,1991.2333638126613,1.0155387330569163,55.7
1124000,-2674275.4566490483,299.59721262707086,1989.4015957420434,1.016473803899159,55.6
1126000,-2674243.581407467,299.84417847189303,1990.597067577504,1.0158633509733321,55.6
1128000,-2674502.8495102655,300.1833740266906,1985.8585636134876,1.0182873264787815,55.6
1130000,-2674185.4185114857,300.70108090145794,1988.8745133536486,1.0167431851178848,55.5
1132000,-2675183.400197111,299.4546759329881,1989.0963832538248,1.0166297744702728,55.5
1134000,-2672410.831925884,300.4887419870421,1992.502758070714,1.0148917482377733,55.5
1136000,-2671609.306395175,300.16495506187306,1994.3837698384152,1.0139345486504876,55.5
1138000,-2671802.080909554,300.8048911814865,1988.7670314139518,1.0167981345051098,55.5
1140000,-2671389.1684394963,299.83883975814183,1991.827504193598,1.0152358089490585,55.5
1142000,-2673348.6018646304,299.9137550490805,1989.5783919423113,1.016383478880085,55.4
1144000,-2669716.136273116,300.2588401207748,1992.1796528520722,1.0150563502703975,55.4
1146000,-2672512.720157331,301.1028261523573,1987.008814496943,1.0176978545608173,55.4
1148000,-2674482.9455068875,299.4747160888443,1989.450345914659,1.0164488958769502,55.4
1150000,-2677380.8494467437,299.9342889014827,1989.0005255245696,1.0166787698427846,55.4
1152000,-2673358.6231069453,301.41999344899017,1985.583809021764,1.0184282316963669,55.4
1154000,-2672183.3689122256,301.1809013625778,1988.619596231625,1.0168735193693819,55.4
1156000,-2674009.433357803,300.75957787410874,1991.6959768336458,1.015302852959406,55.3
1158000,-2675577.0193893258,300.752300430228,1988.9192629124097,1.0167203089711472,55.3
1160000,-2673514.9023566637,300.9828481684391,1988.2664281639145,1.017054142675622,55.3
1162000,-2672836.2724462114,300.6562122905904,1986.3561368465255,1.0180322501066252,55.3
1164000,-2672915.5024497826,301.0348679603214,1989.7121009003738,1.0163151777545647,55.3
1166000,-2673775.3710377887,300.5355936734631,1989.9091026180827,1.0162145621860004,55.3
1168000,-2672971.9989648666,300.80507501786377,1987.340771567561,1.0175278625778583,55.3
1170000,-2673368.243115369,300.36738902232094,1990.1562716597282,1.0160883526098887,55.3
1172000,-2673681.0887057837,299.4775617746796,1986.6474361085586,1.017882977499019,55.3
1174000,-2675403.149347499,300.22021642178396,1988.3210231378173,1.0170262165793174,55.3
1176000,-2675401.718952447,299.8270127156636,1984.6755822583789,1.0188942845792068,55.3
1178000,-2673076.245551387,299.83585183534854,1993.1790464861915,1.0145473940597045,55.3
1180000,-2673460.8284182195,300.0978714359484,1991.0478232268213,1.015633368479168,55.3
1182000,-2674468.4623897355,299.35815710912965,1987.2476806610905,1.017575527794433,55.3
1184000,-2674541.4528517816,300.9829951005021,1989.7589864044364,1.0162912299047389,55.3
1186000,-2672890.8471463174,300.7126775643806,1991.0834417149342,1.0156151998156633,55.3
1188000,-2672259.5368609466,300.26742183247285,1989.7461733110517,1.0162977743748878,55.3
1190000,-2676766.9896175265,301.112889181708,1987.5246727199176,1.017433713031414,55.3
1192000,-2674320.158543419,301.6642085863615,1989.298754765167,1.0165263526471595,55.2
1194000,-2675453.6031586323,300.4677194601668,1990.3451271446047,1.0159919402561255,55.2
1196000,-2674875.39385459,300.9453772800605,1991.5133953384382,1.015395935694082,55.2
1198000,-2672334.571163941,300.07562495658954,1991.2320914153481,1.0155393819861702,55.2
1200000,-2671954.0409723055,300.1935370935485,1987.8016370515943,1.0172919519808634,55.2
1202000,-2674019.687582949,300.2080223497052,1989.0811588103147,1.0166375557629084,55.2
1204000,-2670326.939066561,299.41313487105623,1993.0259884604545,1.0146253080568375,55.2
1206000,-2673517.6051092763,299.856196091553,1986.0969028798545,1.0181651280835313,55.2
1208000,-2671815.0738452207,300.6715599385815,1990.0807780769771,1.016126897854371,55.2
1210000,-2674556.266877927,300.14552286448696,1991.0285869947904,1.0156431809747102,55.2
1212000,-2672901.278006749,300.8452591717593,1987.1889684640134,1.017605592421339,55.2
1214000,-2673797.249862181,300.88804827097493,1988.5216926961464,1.0169235844569522,55.2
1216000,-2672940.813615795,298.81072706703384,1988.4685441388835,1.0169507651843117,55.2
1218000,-2670661.1549440734,300.18490048068304,1991.2753820067805,1.0155173040250471,55.2
1220000,-2672055.9329708703,300.2358499886197,1990.3335431201795,1.015997853473783,55.2
1222000,-2673436.297920583,299.8990986084398,1986.3009069258824,1.0180605569156234,55.2
1224000,-2674237.273230022,301.4065255728736,1988.538364709921,1.016915058514326,55.1
1226000,-2672342.1345540676,300.7831881340273,1992.3776205736635,1.0149554916827106,55.1
1228000,-2671752.564995669,299.9871503571935,1991.5475277634005,1.0153785331841751,55.1
1230000,-2675525.0650149994,301.0559079871397,1991.5690119068552,1.0153675797409667,55.1
1232000,-2674279.7585019544,299.92076268226623,1987.2775112987897,1.017560253165334,55.1
1234000,-2674307.4048825447,300.41160354481895,1987.0704348730794,1.0176662950732969,55.1
1236000,-2672614.522329442,300.2864682846259,1988.4730479868754,1.016948461813056,55.1
1238000,-2673260.6139682923,300.7322011995288,1991.7525472943362,1.0152740159684805,55.1
1240000,-2673806.045294851,300.8884457282291,1988.9361501560168,1.0167116764147244,55.1
1242000,-2677109.503403986,300.8069773846494,1988.42059568775,1.0169752877698126,55.1
1244000,-2672696.269738665,298.54644534054614,1988.9388542095983,1.0167102941485757,55.1
1246000,-2674926.0572442748,301.1702508949967,1990.3917783782895,1.015968127216933,55.1
1248000,-2672162.2535877153,300.6143947035831,1988.5193400474086,1.0169247875953578,55.1
1250000,-2675785.0682574064,301.2382886726098,1991.2044923517906,1.0155534578563565,55.1
1252000,-2675603.168444164,300.43521366609286,1989.3645402226657,1.0164927375656518,55.1
1254000,-2673291.648558026,299.47950254619496,1991.222656412061,1.0155441939128407,55.1
1256000,-2676488.514681697,301.30298318775414,1989.0551188512466,1.0166508651981716,55
1258000,-2671544.033890499,300.62739336485635,1988.82359820571,1.0167692143895268,55
1260000,-2673375.034164425,300.4787681295567,1990.0278317296618,1.0161539327564926,55
1262000,-2671545.6307061426,300.89144835505556,1991.1627354334578,1.0155747551526786,55
1264000,-2668478.0526775494,300.3558156404762,1989.2761861733275,1.0165378852681735,55
1266000,-2672279.4710868187,300.24163505766523,1992.5268794823676,1.014879462018754,55
1268000,-2673520.3858916573,299.6811461138721,1990.4847047039073,1.015920696465627,55
1270000,-2672988.5522409193,300.59416790722094,1991.1771065437154,1.0155674253492506,55
1272000,-2674179.6067324,298.76948509803344,1986.3869664367146,1.0180164498030586,55
1274000,-2673926.130691638,299.9944033663136,1991.8479008438892,1.0152254128692424,55
1276000,-2672828.1101005618,299.8554788059019,1992.0785459790322,1.015107868908426,55
1278000,-2673928.997412529,299.62625315062735,1994.7460231661162,1.0137504143496525,55
1280000,-2675831.476214623,300.47224189022836,1988.3539361331927,1.0170093818606314,55
1282000,-2673830.0719124563,300.0645007121086,1988.1591116430259,1.0171090410544834,55
1284000,-2674088.870762434,299.8723205549426,1990.2691186766901,1.016030741034406,55
1286000,-2669776.004143808,298.96603778106123,1990.145052600973,1.0160940806119325,55
1288000,-2673069.746836908,298.83046420311206,1990.5795667220227,1.0158722822805712,55
1290000,-2672438.5011621583,300.26491532961955,1991.0673771259278,1.0156233941344297,55
1292000,-2674806.893793607,300.34772404283837,1990.780758552152,1.0157696164281051,55
1294000,-2672606.8069652803,300.45249018784466,1990.1244769366035,1.016104585889875,55
1296000,-2670846.8783035055,300.9556330322595,1987.3347624121334,1.0175309393031253,55
1298000,-2676157.6412380803,301.07263537763936,1987.3375491033742,1.0175295124974189,54.9
1300000,-2676133.2213852312,301.317314132289,1991.2956644855942,1.0155069604037703,54.9
1302000,-2674502.7015928514,301.01204468317417,1989.0331803592132,1.0166620785791884,54.9
1304000,-2672959.755466478,300.99283030789917,1991.7697264235358,1.0152652591713158,54.9
1306000,-2673995.4033623654,299.6982512118748,1988.5994704835705,1.0168838107028342,54.9
1308000,-2676184.0847139433,300.9001792437455,1988.1735201614126,1.0171016699502156,54.9
1310000,-2673078.622125443,300.76747483324823,1986.447567898658,1.0179853927109224,54.9
1312000,-2674341.3358143903,301.55705820151877,1989.2961456187086,1.0165276859157826,54.9
1314000,-2671804.2903044727,299.1988533109776,1987.0908343543567,1.0176558477076436,54.9
1316000,-2670886.77551372,300.8718150495303,1988.8284460073492,1.0167667359980526,54.9
1318000,-2671837.419583034,299.83377564566064,1989.7366546958472,1.0163026361978957,54.9
1320000,-2674892.588756874,300.16418243524635,1993.9491406892682,1.0141555600600456,54.9
1322000,-2675930.2971486934,301.1463767005153,1990.4556204194707,1.0159355409696684,54.9
1324000,-2674194.7978493664,300.2385767532867,1987.3897971292256,1.0175027618779127,54.9
1326000,-2673426.9889099374,300.2517053745037,1988.5870330397954,1.016890170713742,54.9
1328000,-2674697.2469964065,299.8439508726025,1989.1801695653435,1.0165869529801506,54.9
1330000,-2671152.140511809,299.8299047456705,1992.6240449523177,1.014829973887704,54.9
1332000,-2673092.190032037,300.6036048369915,1990.6490605275676,1.015836818053228,54.9
1334000,-2676426.4641359802,300.9597594963,1986.8653646788282,1.0177713313925782,54.8
1336000,-2675472.7188172806,300.3461694864254,1986.9971355869282,1.0177038362512045,54.8
1338000,-2672321.799261095,299.9449916519847,1990.3760061842427,1.0159761779804057,54.8
1340000,-2671503.346328493,299.7486370695645,1991.2276509449428,1.0155416466556915,54.8
1342000,-2673525.307370441,298.87909600495334,1990.753995158777,1.0157832722800533,54.8
1344000,-2672232.7228886764,301.4471941468857,1991.176697355784,1.015567634048928,54.8
1346000,-2676628.6336849555,300.1038253200648,1988.906607465216,1.0167267783800842,54.8
1348000,-2674196.658001296,301.46129182990694,1990.9205418583235,1.0156982988479668,54.8
1350000,-2671884.769864656,300.4809572202678,1990.3965889525857,1.015965671731335,54.8
1352000,-2676737.6938436087,300.1289005096501,1987.0151933903683,1.017694587456381,54.8
1354000,-2673064.2138028815,299.86339641976303,1991.5504555641319,1.0153770404647695,54.8
1356000,-2674852.0896429904,298.23681499227195,1989.5707248495114,1.0163873956578882,54.8
1358000,-2672969.4642012566,300.95620152958645,1992.157585451134,1.0150675941878564,54.8
1360000,-2674866.55429706,299.1152442031423,1989.274748291227,1.016538620039291,54.8
1362000,-2672386.3366636652,299.3754337285736,1991.3681602237064,1.0154699908829539,54.8
1364000,-2675057.3355855197,299.30345462601014,1987.3495827428105,1.0175233512345112,54.8
1366000,-2672259.5179421585,300.7245968240484,1989.4744421804774,1.0164365847749495,54.8
1368000,-2673592.4575894997,300.0295795605128,1989.4112793369964,1.0164688561436601,54.8
1370000,-2675268.638307385,299.3547929197028,1987.5745692463663,1.0174081711428442,54.8
1372000,-2673903.6135167554,300.31248294252254,1991.3676384311418,1.0154702569637521,54.8
1374000,-2673133.0907228068,299.67012758426137,1990.01503150265,1.0161604688885382,54.8
1376000,-2676838.5988735724,300.52440779171405,1987.9435680889915,1.0172193214975849,54.7
1378000,-2674823.200817425,300.0205377878335,1988.6094987237682,1.0168786827201342,54.7
1380000,-2674790.1323251817,299.56892560634776,1989.437942313407,1.0164552331577115,54.7
1382000,-2674345.7458362468,300.71443445943345,1987.07086021607,1.0176660772364627,54.7
1384000,-2675513.884677479,300.7884951243363,1986.699840137704,1.0178561283655254,54.7
1386000,-2675265.117525326,301.6321868981174,1988.6855686666518,1.016839785719757,54.7
1388000,-2675618.0135537256,300.898176336043,1987.6500333772603,1.0173695437073749,54.7
1390000,-2673158.32972572,299.1268633775467,1988.3667282159836,1.0170028389689065,54.7
1392000,-2674604.561674511,300.0141177590216,1985.2538335274642,1.0185975079639593,54.7
1394000,-2673821.1525835693,299.6638104126327,1988.0356021852613,1.017172230358543,54.7
1396000,-2670974.0855317246,299.658244218166,1993.7118395598716,1.014276269710764,54.7
1398000,-2670952.213612985,299.54945642509176,1993.3172614703594,1.014477046175442,54.7
1400000,-2675497.6188346297,299.0185411633771,1991.5255739356242,1.015389726334661,54.7
1402000,-2673871.3399683386,302.0051697221412,1988.4686951230399,1.016950687967379,54.7
1404000,-2671776.863518499,300.69315416727864,1989.9972514012265,1.0161695480147461,54.7
1406000,-2674740.6607161798,299.78571525279074,1987.3571704923697,1.0175194663201763,54.7
1408000,-2675353.99516459,300.5471422522913,1991.9551912173997,1.015170730959617,54.7
1410000,-2671203.1350147296,300.5068911664192,1991.7087371372356,1.0152963482067794,54.7
1412000,-2674247.689525103,301.0934366608852,1992.7988015219844,1.0147409793515287,54.7
1414000,-2674453.269788347,299.93715492599165,1992.8289528413911,1.0147256264135158,54.7
1416000,-2673718.227705298,300.55590910775084,1987.4973579056393,1.0174476959495804,54.7
1418000,-2674050.627614625,300.6075240916308,1984.1466282595916,1.0191659117858323,54.7
1420000,-2674596.6812445577,299.90463781036465,1991.2194536800155,1.0155458273420075,54.7
1422000,-2674135.835583158,300.27353854802715,1988.7942936952686,1.0167841962929614,54.7
1424000,-2670684.118641531,299.97779158624706,1987.7148965380068,1.0173363448797326,54.7
1426000,-2671703.2640099674,301.2095312691709,1992.8125058790447,1.0147340010870591,54.7
1428000,-2670238.236106528,300.79842639399095,1996.9551929864076,1.0126289335930712,54.7
1430000,-2673192.1716321446,301.1567707569662,1990.7944002533523,1.0157626559777475,54.7
1432000,-2674392.8931404743,300.2884412731422,1987.2926854204686,1.0175524835080458,54.6
1434000,-2673386.1096775997,299.1076765155291,1990.3864588548365,1.0159708425018248,54.6
1436000,-2674128.6439792756,300.32775087148286,1987.9007226874473,1.01724124571633,54.6
1438000,-2676356.060097443,300.04768484834983,1983.0377961520041,1.0197357868977137,54.6
1440000,-2673818.2432397064,299.4700811942669,1991.586544811284,1.01535864096661,54.6
1442000,-2671075.967621742,301.3724738729956,1987.7277754755007,1.0173297533276309,54.6
1444000,-2674579.09061921,301.12271349077406,1992.21649548902,1.0150375785391728,54.6
1446000,-2671369.1592849437,300.12313759589347,1987.3359919445495,1.0175303097733028,54.6
1448000,-2673914.810385296,300.65539457533583,1991.2194178631514,1.0155458456090387,54.6
1450000,-2675388.0568874404,301.26795711572447,1991.6544161548322,1.0153240397051726,54.6
1452000,-2675744.0679306034,300.4699655578705,1988.1270029561902,1.0171254675884163,54.6
1454000,-2674334.9335370213,298.7580627264014,1993.6908508951585,1.0142869475470702,54.6
1456000,-2673335.113041548,301.08049638297945,1989.0562023425944,1.0166503114016447,54.6
1458000,-2675140.8543094266,301.11271498379887,1987.1916226836177,1.017604233242545,54.6
1460000,-2674085.3788447753,299.8474991677199,1984.8487190937271,1.0188054072102217,54.6
1462000,-2673798.428240547,300.8562031984463,1988.2059733112608,1.0170850679716739,54.6
1464000,-2674079.103202235,299.9945539150265,1991.3739881754573,1.0154670190101933,54.6
1466000,-2671353.396860294,301.2329503229998,1988.990322860409,1.016683984967227,54.6
1468000,-2674850.02897284,300.350257133087,1990.5812203203877,1.0158714383839604,54.6
1470000,-2674813.89655935,300.42166647720694,1990.467872987789,1.015929287254252,54.6
1472000,-2674358.356879929,298.70505205932477,1986.9214791695383,1.0177425875692723,54.6
1474000,-2674632.811051173,300.9210895581561,1987.1358088554896,1.0176328152788223,54.6
1476000,-2676321.2305700984,299.4557035103152,1987.1652842788058,1.0176177208333588,54.6
1478000,-2673207.0493549667,300.06309995324574,1990.263920959591,1.0160333944716213,54.6
1480000,-2671782.986672351,299.70405059321774,1989.222531776232,1.0165653038834805,54.6
1482000,-2672695.6984020676,299.52303531128956,1989.9127939228974,1.0162126770995192,54.6
1484000,-2674096.474391686,299.42489302113995,1990.6384484501957,1.0158422334710395,54.6
1486000,-2672223.612945836,300.71380575548017,1995.6628252732294,1.013284700149742,54.6
1488000,-2671565.575493606,300.0206918357203,1993.551588536401,1.0143578019927666,54.6
1490000,-2677780.203202611,300.7658655005055,1985.8066110460006,1.0183139668579382,54.6
1492000,-2673351.306420913,299.45231405818924,1987.8825347296438,1.017250552876351,54.6
1494000,-2671044.656863127,299.5543633225093,1991.1050455727222,1.0156041802030151,54.6
1496000,-2673838.38413932,301.97037056773223,1988.7523738375548,1.0168056285483769,54.6
1498000,-2673545.9887118135,300.89406705709865,1994.8569390548482,1.0136940488900754,54.6
1500000,-2673303.73286411,299.6164605000649,1991.2056025328754,1.0155528916424816,54.6
1502000,-2674958.5960593186,301.3573966752242,1988.6802095942346,1.0168425258878457,54.6
1504000,-2673544.19567346,300.1114027440267,1989.4509161178064,1.0164486045491496,54.6
1506000,-2674188.8951657824,299.7416151670032,1990.9630634903235,1.0156766062560358,54.6
1508000,-2675077.3483261,299.4204864320257,1989.4330011413642,1.016457757736412,54.6
1510000,-2674817.2327681053,300.8785736987169,1991.6561917288577,1.0153231345374034,54.6
1512000,-2671827.2959114946,300.62656124019463,1992.6450878373473,1.0148192570015935,54.6
1514000,-2671103.0106951296,300.2702623100183,1993.0634456404757,1.0146062394201107,54.6
1516000,-2673220.696438199,300.75522006642285,1986.2041236370026,1.018110164731761,54.6
1518000,-2675866.2156397216,301.36473172347746,1984.794048365148,1.018833469987787,54.6
1520000,-2671010.8422918525,300.3543796293799,1990.0499531514852,1.0161426371758222,54.6
1522000,-2674596.885880189,299.9745362317252,1985.3706813060558,1.0185375590298862,54.6
1524000,-2671938.7778627817,300.39305781289585,1986.7517202535325,1.0178295490535267,54.6
1526000,-2674245.6260891445,299.92187566299975,1985.9779709126121,1.018226101761706,54.6
1528000,-2675222.1960183736,299.81720510956495,1990.009098549525,1.0161634984387213,54.6
1530000,-2674530.203291809,298.7048278936222,1990.1146669910815,1.0161095946116323,54.6
1532000,-2676081.793432178,300.51667474539545,1988.0700644807357,1.0171545981379402,54.6
1534000,-2677229.356770914,299.8795921967914,1987.9836981747308,1.0171987875773998,54.6
1536000,-2671517.539222732,300.11233725423176,1987.4933464098222,1.017449749534909,54.6
1538000,-2674730.511504682,301.47259122623785,1987.7032592574506,1.0173423010144877,54.6
1540000,-2671290.17467246,299.8603577315507,1988.6765643898993,1.0168443897398414,54.6
1542000,-2672111.227891639,300.456605113951,1990.8925720781854,1.0157125682558212,54.6
1544000,-2676438.8351028785,300.8885974661129,1987.2682344051527,1.0175650033032744,54.6
1546000,-2676764.093491789,301.7018239640031,1989.5379721303996,1.0164041279099711,54.6
1548000,-2674196.194136724,299.911763338651,1988.55933936325,1.0169043324372133,54.6
1550000,-2671028.460806098,300.71068656586766,1988.4318439702015,1.0169695348820191,54.6
1552000,-2673082.4937737957,299.2434828114424,1993.5443641698419,1.0143614779042311,54.6
1554000,-2673386.871622555,300.3904940888952,1989.039415132816,1.016658891785683,54.6
1556000,-2670527.0590388533,299.68100670133987,1993.161857189587,1.014556143653227,54.6
1558000,-2671028.064806143,300.22532063792244,1993.0013680933805,1.0146378421413227,54.6
1560000,-2673559.956032783,300.6300683960422,1990.8195649918425,1.0157498163402154,54.6
1562000,-2674312.474568382,299.81957991678706,1991.7971345852136,1.0152512885947513,54.6
1564000,-2673226.281293135,300.582581290147,1989.4485821752878,1.0164497970065156,54.6
1566000,-2670051.734085856,300.6932887404157,1989.8942414069165,1.0162221516241143,54.6
1568000,-2671080.1078535654,300.9053472149364,1991.8770644873334,1.0152105486627692,54.6
1570000,-2674473.8708834182,300.7549006286307,1989.7229324245952,1.0163096452041351,54.6
1572000,-2675411.7569566555,300.42828055109476,1985.583948132471,1.0184281603449281,54.6
1574000,-2674754.010578135,300.7591689835764,1989.471097918517,1.0164382933849458,54.6
1576000,-2674444.2355346493,300.4544719909267,1986.4748638259082,1.0179714046883566,54.6
1578000,-2673129.964922676,300.21492868421126,1987.1100255032047,1.0176460193717192,54.6
1580000,-2672889.8049783483,300.1783254781313,1989.0186141931945,1.0166695238934333,54.6
1582000,-2675149.1813253015,299.2709300135224,1989.0547254567764,1.0166510662709842,54.6
1584000,-2675210.2146322597,300.5010569439428,1984.9738408704804,1.018741187349944,54.6
1586000,-2674081.169573903,301.0687552636532,1988.6517505669642,1.016857077630837,54.6
1588000,-2673423.461110214,300.4604997056279,1989.2806174161738,1.0165356208685745,54.6
1590000,-2672888.0794411805,300.5210834580439,1991.3677717134665,1.0154701889982871,54.6
1592000,-2669805.5787710957,300.7624952460551,1990.515781908635,1.0159048352623359,54.6
1594000,-2671634.8790751174,300.50843856895773,1993.0710341476606,1.0146023763632475,54.6
1596000,-2670058.7484986037,301.2424441170779,1989.9552066091644,1.016191018165031,54.6
1598000,-2672853.182503827,301.18232635264076,1988.501903918278,1.0169337044748825,54.6
1600000,-2676551.8252181653,300.8067064707461,1985.6349870941272,1.0184019825649417,54.6
1602000,-2674204.227523854,299.9053795361464,1990.5914590324178,1.0158662131957032,54.6
1604000,-2675263.6085108444,299.94079027667624,1988.5902358880455,1.016888532897743,54.6
1606000,-2673761.037294235,301.47082682317483,1988.8683177171436,1.0167463524322502,54.6
1608000,-2673915.1025677826,300.15584648944406,1992.6244713728472,1.0148297567146534,54.6
1610000,-2672446.997386474,301.1583655331625,1990.9068928981742,1.015705262119657,54.6
1612000,-2674729.615463784,299.78069881283164,1988.4975377231942,1.01693593738232,54.6
1614000,-2675145.0253881905,300.61838821102043,1989.3071441931738,1.0165220656899256,54.6
1616000,-2672478.405948378,300.00364241044133,1988.4955360086685,1.016936961078577,54.6
1618000,-2669894.9411612954,300.7419062518217,1989.43135385206,1.0164585993839454,54.6
1620000,-2671898.7123036273,301.6031413460863,1992.6501091389052,1.0148166997470645,54.6
1622000,-2673029.8110379744,299.81596628912916,1988.6254376724562,1.0168705323782756,54.6
1624000,-2673662.6742611025,299.85067561595594,1990.7391310434698,1.0157908567593306,54.6
1626000,-2675444.947286535,299.6528907911759,1987.1632167000744,1.017618779631518,54.6
1628000,-2672731.5747776777,300.4822685251416,1988.8977261513364,1.0167313185178348,54.6
1630000,-2672345.514642613,300.30785156860657,1989.5988410738842,1.0163730324729705,54.6
1632000,-2675725.8495275825,301.3146643719523,1987.8408882220342,1.017271864910499,54.6
1634000,-2674161.008559389,300.138474790804,1991.8498506840497,1.0152244190557373,54.6
1636000,-2675803.6910535637,300.02055556125975,1990.2530276016557,1.0160389555813327,54.6
1638000,-2674568.0565895904,299.802019004429,1987.636943731139,1.017376243626766,54.6
1640000,-2675326.2565440293,299.99806944885376,1988.6902769815945,1.0168373783051825,54.6
1642000,-2673557.69500375,300.9857528091511,1988.913930802372,1.016723034712307,54.6
1644000,-2673334.070160348,301.1945220626797,1990.616076974555,1.015853649981759,54.6
1646000,-2673739.6061897073,301.0089747587127,1991.224951352311,1.0155430234708747,54.6
1648000,-2673842.3356038723,300.18301565881114,1992.4944289955922,1.0148959907136808,54.6
1650000,-2674117.047797855,301.2327068331045,1992.5545785754553,1.0148653538778811,54.6
1652000,-2674125.160297733,299.43359814306376,1992.8217990467897,1.0147292690566825,54.6
1654000,-2676107.5562099256,300.7009032260516,1990.1579690140088,1.0160874860144016,54.6
1656000,-2674634.5104363933,300.18798168407824,1991.615552234767,1.0153438525010086,54.6
1658000,-2675406.1238351613,300.1444277084903,1987.9287660383586,1.0172268956783899,54.6
1660000,-2675548.6780396625,299.97860537228763,1993.092832147194,1.014591279889581,54.6
1662000,-2675854.88519489,300.87915665115634,1986.7912347760227,1.0178093058352646,54.6
1664000,-2675552.092342546,301.212505120203,1987.8937168652355,1.0172448307225372,54.6
1666000,-2674359.9955395386,299.72705070104325,1989.735793885532,1.0163030758762668,54.6
1668000,-2674530.3632849995,300.27314431917455,1987.5462758846586,1.0174226542760116,54.6
1670000,-2675314.750624124,300.42646860146317,1986.56817947386,1.017923587219917,54.6
1672000,-2672449.6224513873,300.1064989524326,1990.2724374971779,1.0160290467821138,54.6
1674000,-2672633.312727457,300.0543248376264,1988.548414441367,1.0169099192262065,54.6
1676000,-2677380.9046797454,300.34654228339934,1987.6487680767257,1.0173701913460562,54.6
1678000,-2673639.873535946,301.4671083457235,1987.9710355001705,1.017205266775024,54.6
1680000,-2674306.4034144524,300.49249740984266,1985.469454147602,1.0184868889736347,54.6
1682000,-2673498.3486210816,300.2970209671119,1989.6640721589822,1.0163397107094125,54.6
1684000,-2672120.595399771,300.3009052433558,1991.0261402079975,1.0156444291061495,54.6
1686000,-2672423.1804489344,299.570114424322,1987.234711618926,1.0175821686707462,54.6
1688000,-2673029.1038143225,301.8340818802581,1988.5243039073493,1.016922249093713,54.6
1690000,-2674266.3986856733,299.6703891490543,1989.777376411466,1.0162818370937223,54.6
1692000,-2673229.539230915,299.21520484371206,1990.3089813368438,1.0160103915869005,54.6
1694000,-2673806.9278215263,300.98045667974424,1988.6058608687379,1.0168805429465895,54.6
1696000,-2672016.9141061064,300.2559422905406,1983.3232904299862,1.0195889985583553,54.6
1698000,-2673257.451629393,300.2549428592909,1989.9957279772743,1.0161703259345212,54.6
1700000,-2673962.1561362986,300.8132333221136,1987.6075251769007,1.0173913017998837,54.6
1702000,-2671428.7544926144,300.2628844932501,1990.7638574090665,1.0157782400865893,54.6
1704000,-2673250.522942541,299.66215417901395,1989.4653411599852,1.016441234572056,54.6
1706000,-2674188.015960388,301.8291675771804,1988.413923291633,1.0169787003701176,54.6
1708000,-2677260.319545068,300.017443498178,1987.3609385519142,1.0175175370913874,54.6
1710000,-2674296.3261379227,300.0629386147147,1986.5080028785233,1.017954422824759,54.6
1712000,-2671709.694959406,300.27698226336696,1988.4229529079134,1.016974082173865,54.6
1714000,-2674019.899478076,299.58749170935374,1989.848157891217,1.016245686630689,54.6
1716000,-2672390.177820213,300.2781891068999,1991.8060703461233,1.0152467339129914,54.6
1718000,-2669366.9589536637,301.21171151434027,1993.0504418059388,1.01461285930859,54.6
1720000,-2671853.09076361,301.0146204178222,1991.0882942860014,1.0156127246140625,54.6
1722000,-2673949.9546920676,300.99632849527853,1988.5357141692689,1.0169164139713505,54.6
1724000,-2672874.811998591,300.0317391963714,1990.3609469371088,1.0159838649461144,54.6
1726000,-2673896.157885652,299.57050055753024,1988.9517331212319,1.016703710719819,54.6
1728000,-2673488.0766417943,300.799340980914,1986.6391736997095,1.017887210862295,54.6
1730000,-2675765.522600863,299.22786217981053,1990.6239333836886,1.0158496407051896,54.6
1732000,-2677569.2774853613,300.63730625555775,1988.2634341072517,1.017055674222036,54.6
1734000,-2673231.534864243,299.8205421788914,1992.3689712659434,1.014959897825597,54.6
1736000,-2670251.076020438,300.808425617556,1990.4029227298108,1.0159624387677177,54.6
1738000,-2672357.6443519797,300.565256541199,1992.2500885027998,1.015020463132046,54.6
1740000,-2675773.337444607,300.45781929531506,1991.6673559230103,1.0153174431931296,54.6
1742000,-2674666.468801299,300.8100965342283,1992.4615122896712,1.0149127574279493,54.6
1744000,-2672070.583767269,301.2199427241232,1991.7499990646545,1.0152753149022744,54.6
1746000,-2672000.7986545004,300.1507809085831,1989.5900802749952,1.0163775078871888,54.6
1748000,-2673948.0029349495,300.61375193140145,1985.5130702576346,1.0184645156954724,54.6
1750000,-2671093.7717865575,299.71333582388854,1990.0630937736935,1.0161359274656896,54.6
1752000,-2674645.261645945,300.13249367841627,1986.996562760807,1.0177041296424223,54.6
1754000,-2673077.6997569967,300.04974068428976,1988.6542936067149,1.016855777300268,54.6
1756000,-2672263.2981005404,299.7157386791838,1993.3082157119175,1.0144816499362816,54.6
1758000,-2675963.0095500182,299.95251113763237,1990.4154522038104,1.015956043381796,54.6
1760000,-2674686.410680173,300.8926907789622,1989.7183522178518,1.01631198468514,54.6
1762000,-2673338.9675866514,299.8884551781125,1990.1524185834714,1.0160903198290172,54.6
1764000,-2673745.0629638955,299.8988218767148,1988.2788522993685,1.0170477874209665,54.6
1766000,-2672852.168931557,300.51109331089475,1988.0878318477912,1.017145507916267,54.6
1768000,-2674254.6921630725,299.6314770350201,1988.2014737305024,1.017087369778841,54.6
1770000,-2674689.26574162,299.01195003921436,1989.033524421871,1.0166619027171668,54.6
1772000,-2674017.65823048,300.7112033351357,1991.4545010781953,1.0154259644958719,54.6
1774000,-2672403.9133030456,299.49084675329556,1991.1965380108402,1.0155575147429083,54.6
1776000,-2672810.6466711313,300.6889182626232,1987.7724663600998,1.017306880807071,54.6
1778000,-2672568.221567828,300.6586109525715,1988.7003670827237,1.0168322191609749,54.6
1780000,-2676117.0231050253,300.4841989471479,1989.1836327610265,1.016585183088478,54.6
1782000,-2671721.8780627623,299.95673125775676,1992.1343247521615,1.0150794463915214,54.6
1784000,-2672175.4088839013,300.9302699916439,1988.8676468946865,1.0167466953692414,54.6
1786000,-2674741.8615994602,299.960331158245,1987.6196538626175,1.0173850935601298,54.6
1788000,-2673970.259497514,299.8133469655644,1987.9979133433844,1.0171915141028036,54.6
1790000,-2675332.3459162284,299.69793954898876,1987.0381094311274,1.0176828506252975,54.6
1792000,-2672350.7575639654,300.06030664784737,1989.9824274087805,1.016177117774909,54.6
1794000,-2674954.7613205723,299.77579993958096,1988.647294803845,1.0168593560008006,54.6
1796000,-2674089.6981125586,299.114221922166,1990.5631533897936,1.0158806587288356,54.6
1798000,-2671070.9753382057,300.95298349842284,1990.0582609490907,1.0161383951355094,54.6
1800000,-2670700.288195025,300.53747958308924,1988.3236735521432,1.0170248608941792,54.6
1802000,-2672125.896842614,301.1602815588011,1989.2850553884678,1.0165333530402867,54.6
1804000,-2675092.251759855,300.46248222517966,1992.3387904573678,1.0149752728765347,54.6
1806000,-2672340.9080342837,300.63323718151594,1990.579407797336,1.0158723633861948,54.6
1808000,-2673850.5118254274,300.8331064740011,1991.1528514436206,1.0155797964183713,54.6
1810000,-2676490.808006976,300.287888964811,1991.9420027297788,1.0151774523232913,54.6
1812000,-2672578.7572713736,299.82507128162837,1990.9996306248586,1.015657952117414,54.6
1814000,-2674023.9569687936,300.71816244640934,1990.081326595131,1.0161266177833794,54.6
1816000,-2674874.3385605346,299.49533337288324,1990.7432694895726,1.0157887450878875,54.6
1818000,-2676140.3724534605,299.96182574833756,1986.7569383096923,1.0178268758066662,54.6
1820000,-2673193.9053951018,301.7773086692531,1992.611610923458,1.0148363064941757,54.6
1822000,-2673446.929791946,300.18619758824354,1989.9043111546016,1.0162170091152,54.6
1824000,-2671091.854265427,300.2358873693202,1991.9486650273561,1.015174056947497,54.6
1826000,-2670213.610097045,301.20383700876846,1992.0719776056603,1.0151112159800033,54.6
1828000,-2673407.1649285685,299.36160532302637,1991.1157456583771,1.015598722433047,54.6
1830000,-2673424.621930523,300.16715616355117,1991.3078734155954,1.0155007342176738,54.6
1832000,-2671520.004173493,299.27706047319396,1989.8131219546237,1.01626358033088,54.6
1834000,-2673805.909968339,299.54552584551516,1992.263230039016,1.0150137677677111,54.6
1836000,-2673585.7083529085,300.75062542006424,1992.4959681110854,1.0148952067511694,54.6
1838000,-2676280.594051739,300.08987822374183,1988.4008389300943,1.0169853924398113,54.6
1840000,-2676138.537606187,299.7234194082298,1987.2995299777174,1.0175489789048786,54.6
1842000,-2671081.2700269185,300.74449666617016,1987.9023472198976,1.0172404144172396,54.6
1844000,-2672553.963421788,298.7373013499428,1990.0708064518608,1.0161319893498408,54.6
1846000,-2673734.0666843057,300.9050568258263,1986.4304622813975,1.0179941588212065,54.6
1848000,-2673905.981917603,301.29103683492343,1988.4702784478648,1.0169498782176494,54.6
1850000,-2675000.134522641,299.59860742117667,1988.6439980040655,1.0168610417634125,54.6
1852000,-2672843.159805052,299.60307330642365,1992.6390190406785,1.0148223477429006,54.6
1854000,-2673046.6143804714,301.12510172152355,1990.0161897929868,1.0161598774316154,54.6
1856000,-2674645.538796192,300.8845907414524,1989.4706668002214,1.016438513647125,54.6
1858000,-2673739.7840036787,299.876040346539,1991.0939800535784,1.015609824430566,54.6
1860000,-2674024.0290809795,300.4640832897821,1986.767572769376,1.0178214277416664,54.6
1862000,-2675231.825837575,300.0543511330059,1989.7146106672453,1.0163138958048066,54.6
1864000,-2672889.835337976,299.99876962652735,1991.7981154585066,1.0152507886279791,54.6
1866000,-2674147.99214221,300.1354295049718,1989.719034793203,1.0163116360381717,54.6
1868000,-2674159.771792177,299.47113328516224,1991.0618402088419,1.0156262184678637,54.6
1870000,-2673057.5088354032,301.3631571004294,1991.4200334809059,1.015443539539124,54.6
1872000,-2673617.675114058,300.4656570461573,1991.9885894308263,1.0151537103356452,54.6
1874000,-2671142.983315926,299.50928897603654,1992.782540482507,1.0147492596042855,54.6
1876000,-2668231.8833563626,300.60079323155463,1992.1191825330693,1.0150871620721436,54.6
1878000,-2674646.177779082,299.86799865483334,1988.2334073462537,1.0170710340321762,54.6
1880000,-2672991.2966416776,300.19818454859427,1988.4907653807486,1.016939400832356,54.6
1882000,-2675447.8667946346,300.595290165123,1988.1076663875128,1.017135360270181,54.6
1884000,-2674504.525109632,300.1833206890051,1992.0324198093474,1.0151313740669488,54.6
1886000,-2670982.1317236386,300.95913076067745,1991.7761012089336,1.0152620097608296,54.6
1888000,-2673849.5738439597,301.74875574890876,1992.6521679951077,1.014815651214014,54.6
1890000,-2672061.274160821,300.317712071166,1987.8386844324184,1.0172729926947552,54.6
1892000,-2672242.325429812,301.7052247188628,1989.0577673227826,1.0166495115065275,54.6
1894000,-2671660.153779499,300.0575617688302,1988.9380717223237,1.0167106941423605,54.6
1896000,-2672943.05102163,300.352525941844,1992.6992790628415,1.0147916591097441,54.6
1898000,-2674184.511212092,300.1457907371835,1993.855721750287,1.014203076705984,54.6
1900000,-2676142.2993021123,300.2711074162143,1987.4044353866718,1.0174952674459212,54.6
1902000,-2674571.987139685,300.0839678466801,1988.1708309140731,1.017103045706221,54.6
1904000,-2674778.830696836,300.0557214789916,1988.6325595429123,1.0168668906697218,54.6
1906000,-2675390.2240091767,300.4856425605047,1988.0419750235617,1.0171689697261073,54.6
1908000,-2673705.3489455357,300.36033252803685,1991.2773723572159,1.0155162889804652,54.6
1910000,-2673273.449011892,299.99802579703044,1988.1730679220275,1.0171019013050415,54.6
1912000,-2671815.0919825304,299.88021016307323,1988.5207508537642,1.016924066112339,54.6
1914000,-2674640.835744763,301.6200774035023,1990.1328999803904,1.0161002853261194,54.6
1916000,-2674052.36553837,300.25124744418116,1992.6723800382752,1.0148053577518497,54.6
1918000,-2674115.00124399,299.6037044476603,1986.0444242625686,1.018192031760729,54.6
1920000,-2677143.9065911695,300.2882557901939,1988.706695964243,1.0168289831832145,54.6
1922000,-2677703.3608074766,300.65035904527156,1988.4119712489444,1.0169796987476496,54.6
1924000,-2674521.618931312,300.28297385707106,1988.5773418601584,1.016895126450242,54.6
1926000,-2671581.4480721466,300.10305728165764,1994.0987354948609,1.0140794793719898,54.5
1928000,-2672014.2954319157,299.5449143659507,1989.8086162944137,1.0162658815262509,54.5
1930000,-2672248.8634574935,300.9399339204228,1988.5871019659373,1.0168901354674529,54.5
1932000,-2674147.5996608194,300.0373028478404,1988.1465587191385,1.017115462961521,54.5
1934000,-2672404.9748256616,300.34118927547604,1990.3563663200102,1.0159862031369742,54.5
1936000,-2674487.1933947317,300.47189959143384,1988.1001662445096,1.0171391974312987,54.5
1938000,-2672376.5255560894,300.1021045290021,1988.59275692429,1.0168872437384426,54.5
1940000,-2673505.0430919006,299.5112605235166,1993.7359841501618,1.0142639865974692,54.5
1942000,-2675145.610017702,300.9973979871053,1991.0262940030293,1.0156443506536106,54.5
1944000,-2675962.7650253195,299.6218240502363,1989.4641659081624,1.0164418350223852,54.5
1946000,-2673495.3530233577,300.12002361973856,1992.80785199961,1.0147363708336932,54.5
1948000,-2675558.5949369837,300.2424992046706,1989.7242087232542,1.0163089932973877,54.5
1950000,-2675082.328520665,298.66500017394225,1990.8968898784292,1.0157103654074482,54.5
1952000,-2674176.5998660345,300.56193103101555,1987.2321141780046,1.0175834987164651,54.5
1954000,-2674329.567618737,301.79190485242225,1988.6440738218575,1.0168610029952085,54.5
1956000,-2671355.474224601,300.21950232383455,1994.1204601732675,1.0140684316188533,54.5
1958000,-2673853.5573858432,301.76399510582144,1991.284317487867,1.0155127470988548,54.5
1960000,-2670618.6213525105,299.34793821391315,1990.8644038373704,1.0157269393180424,54.5
1962000,-2674088.083223313,300.3813913324912,1989.459127848927,1.0164444090356448,54.5
1964000,-2672910.922743326,300.15380800452596,1990.9176942832391,1.0156997515836461,54.5
1966000,-2672999.18342565,299.8653954752538,1985.903974236198,1.0182640418375335,54.5
1968000,-2672349.5838863533,300.79650801063815,1988.7865169622191,1.016788172214558,54.5
1970000,-2674539.044760596,300.7231833096044,1989.6430957407485,1.0163504257803138,54.5
1972000,-2673406.0786160026,300.99631596443817,1986.667679014005,1.01787260590588,54.5
1974000,-2674663.762338657,300.71915924903465,1989.2150464724864,1.0165691291612402,54.5
1976000,-2674832.531835381,300.344913521289,1988.5043263741647,1.0169324656156022,54.5
1978000,-2672351.4505922813,300.43103675366115,1990.557408483175,1.01588359064102,54.5
1980000,-2674790.2364752963,300.96599804758455,1991.2897791538944,1.0155099617727161,54.5
1982000,-2675346.581865594,299.77444887579804,1988.7228425222645,1.0168207274887437,54.5
1984000,-2671190.858116256,299.63532828500917,1988.827168499047,1.016767389110584,54.5
1986000,-2675538.997498166,299.97309555671393,1990.7184080824936,1.015801430929037,54.5
1988000,-2674057.07334245,299.82117248354285,1989.3552175556674,1.0164975011308586,54.5
1990000,-2673185.399189001,300.0406838391343,1990.7864951882095,1.0157666893936783,54.5
1992000,-2671791.1022836473,300.2199766984287,1989.0114045281498,1.0166732090642232,54.5
1994000,-2673245.5335700605,300.48804915264174,1988.34103603584,1.017015980084878,54.5
1996000,-2672961.5700069293,299.13088052307836,1991.2561351682596,1.015527119687242,54.5
1998000,-2671632.9986903053,300.8125973116312,1991.5451249219357,1.0153797582599273,54.5
2000000,-2672438.578571938,300.508609347882,1987.9844231055727,1.017198416649557,54.5
2002000,-2675519.005977582,300.0078431189878,1987.6678332695974,1.0173604329957953,54.5
2004000,-2675401.8790746722,300.2434353275651,1987.429148818482,1.0174826150200855,54.5
2006000,-2672488.81429776,299.7886864787855,1988.8475359399904,1.016756976572983,54.5
2008000,-2672515.1923035327,300.4407042977899,1990.7882621359026,1.0157657878379263,54.5
2010000,-2671213.2116832323,301.36653063753874,1992.8934237440583,1.0146927996319555,54.5
2012000,-2671749.9283943865,299.977802225708,1994.5252002301131,1.0138626512583888,54.5
2014000,-2673692.2853984796,301.7805184532292,1982.9356167226404,1.0197883332436102,54.5
2016000,-2673839.2138433214,300.5479985280901,1987.7057571709909,1.0173410225389892,54.5
2018000,-2673051.0576726943,299.4317451943212,1991.4841880997171,1.015410827557983,54.5
2020000,-2671832.4371689856,300.3847395744242,1990.046801394112,1.01614424650232,54.5
2022000,-2672114.215400355,299.54690465523555,1988.8804638205604,1.016740143156947,54.5
2024000,-2671630.5383031312,300.7437223262942,1989.5118401410946,1.0164174782511275,54.5
2026000,-2672144.4727077875,301.219651760278,1988.7171553743603,1.0168236352978577,54.5
2028000,-2673636.930384636,300.6108908308183,1990.5044456393368,1.0159106210172077,54.5
2030000,-2672701.0875199884,301.1838594629459,1989.0303242567811,1.0166635384317608,54.5
2032000,-2673874.9652518667,299.92689326440046,1988.1152768178554,1.0171314667143605,54.5
2034000,-2672163.0757242925,300.0280311209346,1990.394621561227,1.0159666759553525,54.5
2036000,-2670621.7406319473,299.72223754542335,1992.439654277274,1.0149238915045002,54.5
2038000,-2672541.8031432405,299.68828833288245,1993.2303160923136,1.014521298006044,54.5
2040000,-2670468.8497772794,300.85951162580756,1991.5869783745234,1.0153584199257082,54.5
2042000,-2673494.867347203,300.0346270464413,1986.7856326892402,1.017812175725184,54.5
2044000,-2675129.880206799,299.7692875990383,1986.9310014450425,1.017737710084697,54.5
2046000,-2674703.090291064,300.3468930981546,1987.329847978634,1.0175334555377302,54.5
2048000,-2673671.5403488018,299.4504886234041,1989.0142950900674,1.0166717315701357,54.5
2050000,-2673488.3529454414,300.080764732359,1988.0639767439818,1.0171577128110614,54.5
2052000,-2673288.6345095485,300.261253517148,1990.6924220639946,1.0158146909557908,54.5
2054000,-2672852.9443870485,300.02523500685436,1990.1762234271669,1.0160781661961082,54.5
2056000,-2675865.6272238772,301.57989001575334,1990.007079159003,1.0161645296063784,54.5
2058000,-2672209.4958995543,300.7234166690553,1989.4241990631042,1.0164622549877953,54.5
2060000,-2674063.752185926,300.99538375353103,1990.779715790612,1.0157701484837018,54.5
2062000,-2674994.272172302,301.3720934547712,1986.9854556624382,1.017709818531511,54.5
2064000,-2673055.7805290464,299.261538334523,1989.6139914142511,1.0163652930835976,54.5
2066000,-2675272.7168008704,301.2329689144852,1986.4913697134753,1.0179629462969393,54.5
2068000,-2672293.7391897347,299.7199590416536,1987.9706742880774,1.0172054516001066,54.5
2070000,-2670816.234096352,300.0000143931162,1992.945578640588,1.0146662453704938,54.5
2072000,-2671092.062165031,300.33187703442326,1987.9577799459746,1.01721204942387,54.5
2074000,-2673745.07892943,300.54878303861807,1986.72079005123,1.0178453951019597,54.5
2076000,-2671958.98952529,300.08483832879614,1990.0644399972173,1.0161352400778536,54.5
2078000,-2673378.6747303624,300.5698743237817,1989.7614881619495,1.0162899521062516,54.5
2080000,-2673328.9804755617,301.1385363253493,1987.7692234736141,1.0173085404618725,54.5
2082000,-2675186.2347587496,299.50715952867085,1992.1281650530846,1.0150825850369356,54.5
2084000,-2672766.227242738,299.4341217400176,1993.10981175536,1.0145826364308617,54.5
2086000,-2671705.099059483,300.049988188564,1988.8600961801947,1.0167505554517189,54.5
2088000,-2672184.620634485,300.4063307147693,1991.1147548788488,1.0155992277953927,54.5
2090000,-2672172.0286305174,300.1334222666911,1991.1031529144207,1.0156051455933215,54.5
2092000,-2675256.8545084875,300.46791568315706,1991.6548990713836,1.015323793519559,54.5
2094000,-2674271.578080846,300.5338641398206,1989.188947797697,1.0165824668118102,54.5
2096000,-2672054.2148482874,301.63043750083773,1988.1974243243749,1.017089441303417,54.5
2098000,-2671516.327914307,300.32361177482846,1990.359114132409,1.0159848005059284,54.5
2100000,-2674562.543501299,300.3512231735208,1989.8387020007467,1.0162505159205677,54.5
2102000,-2673690.810941953,300.66287516863866,1993.6794170656974,1.0142927645223994,54.5
2104000,-2673880.005928835,299.346083374737,1991.3035152858638,1.0155029567236393,54.5
2106000,-2673058.5468758233,301.2805355878068,1992.1992935843393,1.0150463430135552,54.5
2108000,-2674406.2217192147,300.8146713731629,1986.5684168205705,1.0179234656027543,54.5
2110000,-2675763.7620868664,300.8803372010412,1987.063040781708,1.0176700819272704,54.5
2112000,-2671135.5057109594,300.574547836424,1995.8590953406367,1.0131850551112394,54.5
2114000,-2671270.371213289,299.5966453136964,1990.7072734549954,1.0158071126134798,54.5
2116000,-2675661.9550489523,299.85391096494345,1990.8197152069263,1.0157497396979447,54.5
2118000,-2675170.63640335,300.085952242043,1990.1385808049124,1.0160973848811585,54.5
2120000,-2671472.0407669134,300.42447158872625,1989.886191069821,1.0162262628797838,54.5
2122000,-2673975.1140471604,300.22879463655977,1987.0903125804352,1.0176561149256351,54.5
2124000,-2672355.843083501,300.73121616500464,1990.747349970417,1.0157866630022245,54.5
2126000,-2672027.2191602793,300.3720675912677,1988.7173982969362,1.0168235110924695,54.5
2128000,-2674041.3077388145,300.0800199519864,1988.8830599629505,1.016738815978774,54.5
2130000,-2673532.5232824143,299.8911751475785,1990.1761058809034,1.0160782262089842,54.5
2132000,-2675160.542315105,300.201240919608,1988.5051101484996,1.0169320647890907,54.5
2134000,-2674907.6609535236,299.8218978909825,1990.5211249995934,1.0159021083021083,54.5
2136000,-2673144.079740111,299.335063218961,1991.887929181138,1.0152050112268538,54.5
2138000,-2671942.4130689893,300.62893057412987,1991.4251158011602,1.0154409480235167,54.5
2140000,-2671251.187996149,301.0989114251496,1986.445867897031,1.0179862639034636,54.5
2142000,-2676174.6112687737,300.1894348326038,1983.9228244504448,1.0192808825953816,54.5
2144000,-2675285.661789706,300.05035201228304,1988.2935467845764,1.0170402709283983,54.5
2146000,-2673107.5732554253,299.48452111015513,1988.3885372639127,1.0169916842759261,54.5
2148000,-2672862.9030444697,300.44663848547873,1992.3688194567621,1.0149599751607918,54.5
2150000,-2675353.5954907294,300.38573401932416,1988.9469546992143,1.0167061533387058,54.5
2152000,-2673204.28285848,298.61307421361204,1989.198223035506,1.0165777266888685,54.5
2154000,-2675736.8360992223,301.24887981384967,1990.98610148096,1.015664853713852,54.5
2156000,-2674506.4217564035,300.16885367279116,1986.996569725622,1.0177041260751685,54.5
2158000,-2673604.550192956,301.11819766647403,1989.4504652530568,1.016448834904644,54.5
2160000,-2673028.5794129223,300.2571993403856,1992.2737555874176,1.0150084052634312,54.5
2162000,-2672412.893968446,300.09761769659207,1991.636333934432,1.0153332579107008,54.5
2164000,-2674627.804427227,301.07097452478166,1988.24802827644,1.0170635548221525,54.5
2166000,-2671304.5010971352,299.9404589899925,1988.0895957521782,1.0171446054682953,54.5
2168000,-2674802.947485253,301.07884543792676,1990.5215112915348,1.0159019111503593,54.5
2170000,-2674712.5781237073,299.9695999622063,1991.8386213675258,1.0152301425497101,54.5
2172000,-2674322.215668114,299.1476789868221,1988.7673300863994,1.0167979818026882,54.5
2174000,-2674506.3340648916,299.614140191563,1989.2011354804065,1.0165762382890466,54.5
2176000,-2675193.664461015,299.5896932254845,1986.4482579553369,1.0179850390809615,54.5
2178000,-2674891.4170272388,300.4356322673961,1987.3532385105343,1.0175214794842082,54.5
2180000,-2675375.4362310264,298.98106954454704,1985.372526147784,1.0185366125875606,54.5
2182000,-2675342.724403303,300.1121148124083,1988.7654039227837,1.016798966594194,54.5
2184000,-2672890.2471800055,301.0050536888704,1991.799051829778,1.0152503113450573,54.5
2186000,-2674864.9794702865,300.65283194662754,1989.058699451187,1.0166490350762005,54.5
2188000,-2672010.604301255,300.293037162212,1992.6003063903602,1.0148420639210811,54.5
2190000,-2672469.0488890205,300.2756220492517,1990.7648322172554,1.0157777426953705,54.5
2192000,-2673520.853918379,299.5437427773421,1991.0582463164262,1.0156280516896545,54.5
2194000,-2669041.948149843,301.11144428472545,1995.1212935634658,1.0135597339524085,54.5
2196000,-2673180.438535968,301.04204877320365,1990.6361699806557,1.0158433961976199,54.5
2198000,-2673980.284839131,300.46588388524606,1994.6768183061413,1.0137855861904392,54.5
2200000,-2674533.701188311,300.5801497411011,1986.155910190941,1.0181348791055218,54.5
2202000,-2672522.9259830546,299.56921464800246,1989.9948730972671,1.0161707624701661,54.5
2204000,-2676466.853904156,299.3878561400722,1987.4728040527862,1.0174602658126555,54.5
2206000,-2673199.8912960086,300.1721286999835,1988.012341391627,1.017184131810485,54.5
2208000,-2673773.98440744,300.1062449353489,1990.0312511522377,1.0161521867237628,54.5
2210000,-2674873.395247165,300.3074632027057,1991.050741467099,1.015631879887169,54.5
2212000,-2675084.211595062,300.49518774349565,1987.7667460426464,1.0173098083730532,54.5
2214000,-2672552.082948895,301.18125719356993,1987.5841830628221,1.0174032500051629,54.5
2216000,-2672898.7779185157,301.1266936938694,1992.729105753287,1.0147764699520228,54.5
2218000,-2671730.5388307963,300.5520631785111,1989.551072550843,1.0163974352838812,54.5
2220000,-2674818.4923716355,300.0844604452716,1987.0173185412505,1.0176934990136532,54.5
2222000,-2673096.5287064984,299.60983420963265,1992.447571497071,1.0149198585875785,54.5
2224000,-2669926.08231752,300.72742401030274,1990.0592224174338,1.016137904202934,54.5
2226000,-2670942.2362776045,300.40354506146787,1993.0600090197427,1.0146079888992148,54.5
2228000,-2672537.658241868,299.9027707621359,1992.5263347966852,1.0148797394506266,54.5
2230000,-2674403.1469215956,300.88351521074844,1984.074388495507,1.0192030194192243,54.5
2232000,-2673475.267186979,300.6839277047029,1992.1644151117432,1.0150641142706816,54.5
2234000,-2675450.97338026,299.56300693397316,1990.146766430291,1.0160932055951475,54.5
2236000,-2675128.8119692616,301.16544083930717,1990.891066678937,1.0157133362802313,54.5
2238000,-2674064.223823186,301.37173043076,1987.6614310640991,1.0173637098871489,54.5
2240000,-2670713.807872506,299.84620952132883,1991.058716256157,1.0156278119759936,54.5
2242000,-2672854.1848819107,300.88392124420915,1990.4751404760607,1.0159255779619178,54.5
2244000,-2672455.3636251073,300.0790292095255,1991.0967344419385,1.015608419484322,54.5
2246000,-2674863.792674618,300.6977230293976,1989.4906242841785,1.0164283172907902,54.5
2248000,-2674292.163005911,299.4885724229681,1987.4522195583022,1.0174708038799476,54.5
2250000,-2673596.885077201,300.53898514607835,1989.106427933159,1.016624640647395,54.5
2252000,-2670924.436002882,299.7797608095392,1988.9760229434066,1.0166912945056197,54.5
2254000,-2676324.4115718007,300.33765777852443,1986.1001947207624,1.0181634405364333,54.5
2256000,-2675072.513692461,300.63383340902584,1989.613878330405,1.0163653508508346,54.5
2258000,-2671436.59647057,301.01545827562023,1990.6436648907322,1.015839571477485,54.5
2260000,-2674573.8978127,300.14039017995407,1988.4711893289345,1.0169494123721308,54.5
2262000,-2674439.3085412197,299.5963392923556,1988.8674610134237,1.0167467903952616,54.5
2264000,-2673025.4797354676,299.5332027458134,1989.2658681582375,1.0165431578933202,54.5
2266000,-2674019.9861061666,299.08244275849194,1992.3710512805897,1.0149588382180248,54.5
2268000,-2672481.72851154,300.6338533626332,1988.5790958324837,1.016894229525441,54.5
2270000,-2671680.2015286833,300.271431599043,1990.4857164438415,1.0159201800853637,54.5
2272000,-2672567.867902061,301.19653374724027,1988.2919020048435,1.017041112257191,54.5
2274000,-2673954.3925734665,300.3230393336529,1988.1441879826434,1.0171166758075323,54.5
2276000,-2674889.399593832,301.5030896329894,1988.6149220059617,1.016875909523578,54.5
2278000,-2675327.022977177,300.1955102491615,1989.2634445874423,1.016544396373983,54.5
2280000,-2675351.5649885964,300.551618624829,1995.02551142099,1.0136083954468553,54.5
2282000,-2674645.23263284,300.570150889983,1992.2246448211445,1.015033426458047,54.5
2284000,-2672169.3209907226,301.52814357395016,1991.0119716018692,1.0156516567200904,54.5
2286000,-2671902.3636405747,300.0749369718142,1990.5700849209134,1.0158771212455522,54.5
2288000,-2676087.332373604,300.9796043971619,1992.1514626665862,1.0150707139507344,54.5
2290000,-2673384.542730391,300.83283378625305,1988.842191440037,1.0167597088448734,54.5
2292000,-2670299.5044223554,301.5977977814759,1990.3798685138613,1.0159742064799169,54.5
2294000,-2674351.3803222124,298.8535129876011,1990.9337157462592,1.0156915780337783,54.5
2296000,-2675824.2616569605,300.744939098145,1988.5734513844554,1.0168971159195164,54.5
2298000,-2670395.6788064484,299.66777894173345,1994.7236071324855,1.0137618065361689,54.5
2300000,-2673803.975428881,298.4063843783499,1986.4312706664057,1.0179937445449976,54.5
2302000,-2670614.97059392,300.8768464496635,1988.4487979863031,1.0169608639432015,54.5
2304000,-2672634.470356239,300.9012632587311,1989.913020196836,1.0162125615455013,54.5
2306000,-2675416.7376751695,300.3643522149311,1988.8095099802063,1.0167764169264746,54.5
2308000,-2674039.8648770247,300.4808312195725,1992.5186286327655,1.0148836645479975,54.5
2310000,-2676144.085401049,300.7701054985894,1989.6744285608174,1.0163344205864184,54.5
2312000,-2673241.1458472013,298.90429008465986,1988.2317265717581,1.017071893824841,54.5
2314000,-2672816.340346085,299.90073253741826,1989.8172568323214,1.0162614685160392,54.5
2316000,-2675508.991202809,301.65763789716084,1990.0010133956775,1.0161676269985382,54.5
2318000,-2675131.9140122123,299.36949993820537,1986.3966664995253,1.0180114785786945,54.5
2320000,-2671934.663969623,300.60888454459104,1990.3710191284108,1.0159787236012348,54.5
2322000,-2670726.8314183746,300.7569582351797,1989.781082529766,1.0162799441916601,54.5
2324000,-2673931.901431063,301.2173565565225,1987.0299624966904,1.0176870231821378,54.5
2326000,-2672151.702398423,300.0339242712167,1985.3436758539394,1.0185514135920022,54.5
2328000,-2673063.166089598,299.99091910735666,1991.6681718553496,1.0153170272451577,54.5
2330000,-2671488.274837667,302.11913065688765,1986.9892091596946,1.0177078960394341,54.5
2332000,-2674459.4964208715,300.2641255622429,1989.2889309030168,1.0165313726392813,54.5
2334000,-2671588.93073505,300.621791576302,1990.2763594307442,1.0160270446488904,54.5
2336000,-2672653.567935856,300.8783037132044,1993.3763335996434,1.0144469829514453,54.5
2338000,-2671814.9465834107,300.59849676749246,1992.3191534715343,1.0149852768234524,54.5
2340000,-2670611.8251296803,301.1801712846721,1991.7184857857062,1.0152913787458526,54.5
2342000,-2672885.614377547,300.49406565710774,1987.9474520662795,1.017217334092567,54.5
2344000,-2675858.7598156165,300.8692821181255,1984.9589782001024,1.0187488153234356,54.5
2346000,-2672701.8995021395,301.7169663461821,1987.3226220954764,1.0175371552781636,54.5
2348000,-2673974.3468824252,299.82740680424905,1989.5907674878392,1.016377156826212,54.5
2350000,-2673016.078629175,301.2952115731373,1990.1736211479536,1.016079494783254,54.5
2352000,-2671463.948212277,300.7484670163233,1991.4045289463688,1.0154514455065955,54.5
2354000,-2672612.1557938177,300.35286760500145,1990.752685275875,1.015783940648932,54.5
2356000,-2674774.83406014,300.8098894289853,1994.5791691419488,1.0138352183718504,54.5
2358000,-2672491.5235578287,300.18924803873153,1994.0835818443177,1.0140871856718625,54.5
2360000,-2668543.849678172,299.24021193940973,1992.0896941960928,1.0151021881186026,54.5
2362000,-2675303.2097581625,300.1969023355426,1988.8783473176022,1.0167412251404297,54.5
2364000,-2673571.039724035,300.5750055419104,1989.2376678685039,1.0165575688468438,54.5
2366000,-2673763.1047342066,299.8198788011953,1990.267391936547,1.0160316225345876,54.5
2368000,-2671613.439864859,300.31798422113974,1987.0021333396242,1.0177012764995033,54.5
2370000,-2674085.5555220377,301.20135535818923,1989.8648729578792,1.016237150063896,54.5
2372000,-2672341.854111554,301.001290790248,1985.4754584647221,1.0184838089465116,54.5
2374000,-2675293.664560931,300.86401504576094,1987.7394193463356,1.0173237939668973,54.5
2376000,-2677503.416340856,300.833443981792,1989.4577710046515,1.0164451022681413,54.5
2378000,-2673390.5577224176,300.42384516509736,1993.157276068884,1.0145584755335106,54.5
2380000,-2673209.3473481573,301.068009577007,1986.9354047641812,1.0177354546394892,54.5
2382000,-2673362.05595915,299.4755311429732,1988.3132340636048,1.0170302007064362,54.5
2384000,-2674113.1510187183,299.49332791132326,1986.116638430304,1.0181550108281483,54.5
2386000,-2673887.979958037,300.6962696383545,1988.381923728491,1.016995066880871,54.5
2388000,-2673123.645264633,299.58506004532035,1991.2028731297128,1.0155542836921376,54.5
2390000,-2673340.1643827353,300.5464393158253,1990.846799391068,1.0157359210791537,54.5
2392000,-2674887.0510407537,300.00167975663663,1990.8253371478247,1.0157468712971374,54.5
2394000,-2672898.5798591655,298.933103330953,1991.5040744779565,1.015400688063897,54.5
2396000,-2672459.577956939,300.2139525763748,1990.6745184401532,1.0158238269365607,54.5
2398000,-2672795.413163407,299.41043021228865,1989.6071680655928,1.016368778703709,54.5
2400000,-2674936.631450003,300.1311322989589,1985.1026883785746,1.0186750636858375,54.5
2402000,-2675193.9430660717,299.49871404611895,1988.8076766704155,1.016777354204715,54.5
2404000,-2674301.7706815284,299.90150342007774,1988.4613987525502,1.0169544195203242,54.5
2406000,-2675280.865925893,300.48963208573764,1990.7871007477024,1.0157663804168116,54.5
2408000,-2672949.7313218806,298.9623685274086,1987.5954881440687,1.0173974632007197,54.5
2410000,-2674368.8791112024,299.5390410919172,1986.4364113537056,1.0179911100848738,54.5
2412000,-2673474.200230101,299.43054243427883,1990.0239504470442,1.0161559146324368,54.5
2414000,-2672283.5234275814,300.26967030088593,1989.7059227232105,1.0163183334848414,54.5
2416000,-2670223.8000783958,300.58574418353766,1990.6567102155598,1.015832914399389,54.5
2418000,-2674026.922031531,300.69012321406456,1987.629480722231,1.017380063598266,54.5
2420000,-2671155.655776752,299.4506123268132,1991.4524887572463,1.0154269905625,54.5
2422000,-2673498.249353653,300.89415841177447,1992.475359403457,1.0149057040847953,54.5
2424000,-2670159.829713125,299.7412681241469,1990.1946151876318,1.0160687764278393,54.5
2426000,-2673423.1267220285,300.40233301598954,1987.9604403196975,1.0172106881471807,54.5
2428000,-2671940.4467707593,299.9512923017764,1989.1518019139974,1.0166014507093923,54.5
2430000,-2671756.4368682094,299.053090553443,1991.7551367718004,1.0152726960124598,54.5
2432000,-2672924.9492791034,300.4392385221604,1987.1349850644838,1.0176332371508978,54.5
2434000,-2675015.8689359836,300.82484579710905,1987.8652873687493,1.0172593788705049,54.5
2436000,-2674760.441619592,299.33800254734564,1989.5599396452926,1.0163929053916785,54.5
2438000,-2676680.643904524,299.4454504437161,1988.898799737882,1.0167307696970178,54.5
2440000,-2675501.2838542815,300.49988686266835,1991.451421769625,1.0154275346119395,54.5
2442000,-2673688.84867735,300.16879064792766,1990.4149653658092,1.0159562918757123,54.5
2444000,-2674748.9756379165,300.7823257362898,1989.3498650348658,1.0165002361068,54.5
2446000,-2674523.9531489685,298.9306724104447,1992.694531795868,1.014794076683964,54.5
2448000,-2676161.526705539,301.21096622691107,1988.503322693859,1.0169329789037,54.5
2450000,-2675070.6498863865,300.5667497105889,1991.7852653157343,1.0152573385898707,54.5
2452000,-2672677.866469335,299.79788917660375,1991.0476794054591,1.015633441842441,54.5
2454000,-2676199.570632886,299.95816962433844,1989.8294989849978,1.0162552161069442,54.5
2456000,-2673926.9023198243,300.59833288539926,1994.0979651278744,1.0140798711347647,54.5
2458000,-2671183.5474239644,300.79169631816626,1992.8097843503522,1.0147353868829945,54.5
2460000,-2674425.56274643,299.9711309412218,1986.4957865977356,1.0179606829019976,54.5
2462000,-2675305.4354971964,300.86883582056544,1988.9210347055996,1.0167194032448323,54.5
2464000,-2673645.7636553925,300.7983000690003,1988.2114066230988,1.0170822885185826,54.5
2466000,-2672935.3584503457,299.89211558483805,1987.8041496695519,1.0172906661066852,54.5
2468000,-2672092.66426182,299.4352768739267,1991.8039634609806,1.0152478078180036,54.5
2470000,-2671953.8790703155,300.62315439909787,1990.9005040540326,1.015708521540507,54.5
2472000,-2671490.3955744877,300.98670819485886,1989.2126001032937,1.0165703793561163,54.5
2474000,-2671713.8536246866,300.405610654412,1987.5590408615967,1.017416119940955,54.5
2476000,-2675663.292697465,299.5608680083084,1994.248209489944,1.0140034715258288,54.5
2478000,-2673866.5782148335,299.82877005515076,1993.1242492721983,1.01457528713796,54.5
2480000,-2674830.907886533,300.3787857217949,1990.543654359609,1.0158906101245686,54.5
2482000,-2675669.2500216886,299.10567399112233,1990.5254170886794,1.0158999177536663,54.5
2484000,-2673954.8970864285,299.64083433459695,1989.4047213261783,1.0164722069016445,54.5
2486000,-2674194.642533498,300.39386360343076,1989.1035052548768,1.0166261344192127,54.5
2488000,-2675981.2922362853,301.59968525506787,1989.79480424284,1.0162729358801663,54.5
2490000,-2672727.90844083,299.506077222976,1990.217471283007,1.0160571076704312,54.5
2492000,-2671384.3921640217,301.2752672685469,1992.3860145530489,1.0149512156461333,54.5
2494000,-2673647.7206812557,300.3887262711544,1987.4580061761822,1.0174678414451552,54.5
2496000,-2674030.421412833,301.4843218869485,1989.7036086835858,1.0163195154703815,54.5
2498000,-2674882.5770132113,299.01969856874905,1988.2799846174569,1.017047208216018,54.5
2500000,-2672349.5817081053,300.4137923730125,1990.315017522115,1.016007310252083,54.5
2502000,-2671684.948292209,299.7857612916592,1990.9901450630318,1.0156627909591953,54.5
2504000,-2673242.0739761274,300.51055443925844,1991.1597659573567,1.0155762697096802,54.5
2506000,-2674374.414430488,300.0679193248325,1991.7096144010293,1.0152959010117066,54.5
2508000,-2670825.9976101853,300.4123534318729,1989.0660559378482,1.0166452750376422,54.5
2510000,-2674111.9208387192,300.1047118850864,1989.6304213592393,1.016356900155105,54.5
2512000,-2674555.5756448396,300.1034787834262,1989.73310877064,1.016304447361976,54.5
2514000,-2675794.191154886,300.7310645936206,1990.9387422778586,1.0156890137128858,54.5
2516000,-2673461.3125739824,299.9496189245377,1988.1813529011686,1.0170976629250648,54.5
2518000,-2676779.0237535518,299.9799271817933,1989.9853208806005,1.016175640236445,54.5
2520000,-2675406.0883871447,300.28897397079385,1989.2915848514144,1.01653001646715,54.5
2522000,-2675877.7385630347,299.7094945659725,1987.0987048996997,1.0176518169534223,54.5
2524000,-2674967.279841643,301.9065526001172,1989.6397116314624,1.0163521544555578,54.5
2526000,-2671125.4362675846,301.0304775023711,1986.0697305439155,1.018179058070216,54.5
2528000,-2670703.088443201,300.81073803684,1992.663677840386,1.0148097895268353,54.5
2530000,-2671614.5106542967,299.8915333040556,1988.5599174724987,1.0169040368052866,54.5
2532000,-2672803.8409632035,300.3426123706963,1992.7039249831444,1.0147892931580773,54.5
2534000,-2677204.3555996865,300.89423813776796,1989.2562086100368,1.0165480940838365,54.5
2536000,-2671891.285813533,300.75926996677515,1992.623329597678,1.0148303382131236,54.5
2538000,-2672110.5142708607,300.1323968973798,1990.3509426375256,1.0159889716872117,54.5
2540000,-2673803.902919419,300.95597267298274,1991.5355856261924,1.0153846218475406,54.5
2542000,-2673591.2316698115,300.52598213716107,1990.0316688129942,1.016151973457362,54.5
2544000,-2674525.898782568,298.910748372533,1989.1364907348743,1.0166092758973475,54.5
2546000,-2673579.74725152,301.04634303726885,1993.0424891079458,1.0146169078472906,54.5
2548000,-2674385.4811254013,300.83991103896506,1989.8583457720788,1.0162404835517849,54.5
2550000,-2671021.698941119,300.75770687870454,1987.8525135373334,1.017265915723578,54.5
2552000,-2674381.0434265323,300.6901562152316,1991.3103181677818,1.0154994874769636,54.5
2554000,-2672081.9858511966,299.7932726130388,1989.024982325209,1.0166662688886943,54.5
2556000,-2676397.485850228,300.2234826979951,1992.562261114501,1.0148614409548777,54.5
2558000,-2673494.930312464,300.9216680642361,1991.486339169871,1.0154097307792194,54.5
2560000,-2674962.306112269,300.00639069698445,1988.7618818893598,1.0168007673125097,54.5
2562000,-2674671.1642529983,300.1263443708163,1985.4167926550942,1.0185139034724902,54.5
2564000,-2673286.750309307,300.21689443260595,1990.605273204755,1.0158591634048029,54.5
2566000,-2671405.297531303,301.1563011354667,1989.534258764679,1.0164060249772022,54.5
2568000,-2671328.0776434354,299.98579197041465,1992.7328527491704,1.0147745618371191,54.5
2570000,-2673101.70304941,301.11232546877034,1991.3056259346645,1.015501880359434,54.5
2572000,-2673041.6723268665,299.8707342030128,1988.224124859583,1.0170757824648096,54.5
2574000,-2670465.835250687,300.06700654733527,1992.614572694426,1.0148347980676335,54.5
2576000,-2674704.011433864,300.8310457675779,1985.441185865791,1.0185013899694852,54.5
2578000,-2676602.3402374946,300.32150010264337,1986.3010059998167,1.0180605061361774,54.5
2580000,-2673181.529761074,299.4322606467338,1988.4427606488514,1.0169639516538627,54.5
2582000,-2676373.9589657504,299.61109266352236,1987.5198261063429,1.0174361940673162,54.5
2584000,-2672955.6334772464,300.51879868520973,1989.9870554507531,1.0161747544880022,54.5
2586000,-2676480.041420426,301.4889153825935,1986.2710220735767,1.0180758743567195,54.5
2588000,-2675695.2288945895,300.66327682705605,1990.5280456602231,1.0158985762173733,54.5
2590000,-2669140.9399202224,299.9238029740625,1992.0585803063836,1.0151180429623492,54.5
2592000,-2673243.857407935,301.0016227084804,1986.8177359666904,1.0177957297744165,54.5
2594000,-2668341.5504384357,301.49115804172675,1987.1433654457207,1.0176289454854675,54.5
2596000,-2674974.1623365153,300.40930352108643,1987.5007666284835,1.0174459509453713,54.5
2598000,-2673417.081406176,299.70649641373353,1990.6793588938747,1.015821356901293,54.5
2600000,-2675720.1889732946,299.35847549277355,1990.9053741432738,1.0157060369467101,54.5
2602000,-2672224.5102605782,301.636426975542,1990.8023391179165,1.0157586053485128,54.5
2604000,-2674473.185163809,300.2182854774075,1992.9166068000902,1.014680995987012,54.5
2606000,-2674140.9306373037,299.94086468528474,1992.3317463718909,1.0149788614217616,54.5
2608000,-2671690.2462043967,300.0601337576031,1990.877548395428,1.0157202330885533,54.5
2610000,-2674488.3909570575,299.2651532095313,1989.1704318433005,1.01659192954778,54.5
2612000,-2673978.786392942,300.26947149150567,1988.0122552643759,1.0171841758782583,54.5
2614000,-2672417.547978727,301.19472861276154,1989.9488501812677,1.0161942641504422,54.5
2616000,-2674769.284407437,300.2837215169047,1992.3379794122025,1.0149756860548187,54.5
2618000,-2673708.439108422,300.20524429333744,1988.8916135370494,1.0167344433167638,54.5
2620000,-2673947.639817085,300.6796279958819,1989.2765984232328,1.0165376746048362,54.5
2622000,-2673592.149156641,298.98772739980075,1988.7655605444797,1.0167988865179993,54.5
2624000,-2675013.5080504846,300.11312733870557,1989.147819970468,1.0166034857766346,54.5
2626000,-2672138.8544194642,300.160304896601,1995.035637036232,1.0136032509730286,54.5
2628000,-2672756.1679092534,301.2470621467622,1990.252088739509,1.0160394348776591,54.5
2630000,-2672926.118163187,300.0037476254259,1991.4767364993616,1.015414626967509,54.5
2632000,-2671989.269866811,300.9344808902094,1989.4318609301804,1.0164583403029857,54.5
2634000,-2676476.7462725155,301.6459430711548,1991.968755294326,1.015163818273938,54.5
2636000,-2672043.4677840173,300.7990017114987,1990.9024660187413,1.015707520595304,54.5
2638000,-2672963.761432197,300.3224598870143,1992.6814333914117,1.0148007471848446,54.5
2640000,-2676135.3369872067,299.57627655669137,1988.2754911405955,1.0170495067295375,54.5
2642000,-2671656.4188188035,299.18395101148815,1988.058704955334,1.0171604100354794,54.5
2644000,-2673685.2947569955,300.2437543306249,1987.5055817699288,1.0174434859730903,54.5
2646000,-2672968.55187626,300.61698647617,1988.911335764868,1.016724361284467,54.5
2648000,-2671874.20945877,301.04604649229566,1992.9009360919808,1.0146889746925383,54.5
2650000,-2673862.2807309814,300.63121063606377,1988.5946464646775,1.016886277503559,54.4
2652000,-2672253.317768283,300.88177163735105,1988.304296533513,1.0170347723095048,54.5
2654000,-2673899.953673091,301.8027374199867,1990.832450205417,1.0157432421288497,54.4
2656000,-2673790.6537752487,299.9345267680057,1988.7565241786574,1.0168035065740968,54.4
2658000,-2676395.072311884,299.9085348804814,1993.3009223317026,1.0144853618697438,54.4
2660000,-2676258.4595651105,300.5644173862546,1986.6254968086987,1.0178942184902884,54.4
2662000,-2674272.8493437264,299.7132269613848,1990.4440768450754,1.0159414328847611,54.4
2664000,-2671593.5779848415,300.60793910108566,1992.11928710828,1.0150871087856987,54.4
2666000,-2672332.1098617055,299.655440442531,1990.7283881861754,1.0157963384193502,54.4
2668000,-2671704.3826491497,300.28388293604434,1991.9631350623583,1.0151666825117562,54.4
2670000,-2673323.3130311947,300.4654506434479,1993.2724478438404,1.0144998540939023,54.4
2672000,-2673514.826025229,300.1955201919127,1992.2037955024666,1.0150440492444428,54.4
2674000,-2671184.121182557,300.5712542563484,1990.5766852241045,1.0158737528262116,54.4
2676000,-2670767.126124585,300.57996654463864,1991.218923077453,1.015546097955757,54.4
2678000,-2673592.3725514915,299.7247560488679,1992.4666738556043,1.0149101282551842,54.4
2680000,-2674519.6645007078,300.7519081656099,1990.0270176138963,1.0161543484628774,54.4
2682000,-2674535.1431374494,299.3781715447911,1993.0055206369905,1.0146357280840135,54.4
2684000,-2671415.0398382638,300.1327278261554,1991.0942821324109,1.01560967034734,54.4
2686000,-2673184.9482606407,300.14929790959667,1991.4752415099817,1.0154153892336182,54.4
2688000,-2671232.2045744397,299.4442096874139,1987.451541019205,1.017471151256327,54.4
2690000,-2676382.409608323,300.85449102599904,1986.833261960982,1.0177877762682048,54.4
2692000,-2670536.6076726373,299.6967377040192,1991.3894176972012,1.0154591510511135,54.4
2694000,-2675319.8234143984,299.85167782024445,1988.2635781696947,1.0170556005298321,54.4
2696000,-2675473.172604887,300.0298496123292,1990.3297599027935,1.0159997846817772,54.4
2698000,-2672829.8134066258,300.4449114626925,1991.3317315800066,1.0154885674937209,54.4
2700000,-2674829.8919676226,300.6817101208317,1990.3606655130916,1.0159840085996066,54.4
2702000,-2672899.951875115,300.5618620771238,1987.3901355672738,1.017502588604612,54.4
2704000,-2671523.4035668876,299.6572315862125,1991.8796302681567,1.015209240949332,54.4
2706000,-2671051.318577351,300.6860159141933,1988.6433326584977,1.0168613819772538,54.4
2708000,-2674730.509190345,299.93801776945253,1992.9991192263597,1.0146389870417691,54.4
2710000,-2674081.2878257465,299.91730622937104,1986.77158898445,1.017819370238034,54.4
2712000,-2674093.3233400993,300.720025102785,1987.0540207933227,1.0176747015159795,54.4
2714000,-2675770.4273547363,300.6170204789904,1988.8713800054963,1.016744786936088,54.4
2716000,-2671248.905057192,300.3239894056851,1986.4657203523732,1.0179760902938029,54.4
2718000,-2670729.721704364,300.1770147474552,1993.9290772412241,1.0141657647647266,54.4
2720000,-2670665.2531869635,300.5171289254915,1991.078402777569,1.0156177700918374,54.4
2722000,-2674088.9213535283,300.39071214290306,1985.4088927612142,1.0185179561146347,54.4
2724000,-2675295.5648252983,300.70750951988293,1988.8057896209732,1.0167783189591166,54.4
2726000,-2675973.536536565,300.42387553044983,1987.1526108930482,1.0176242108542355,54.4
2728000,-2671247.639584573,300.63187930981894,1993.6219184196295,1.0143220180434092,54.4
2730000,-2672276.031677829,301.3597457348427,1990.9887451916827,1.015663505075357,54.4
2732000,-2674812.654030133,300.2722462292412,1992.2103836452457,1.0150406925431736,54.4
2734000,-2672200.011288313,299.6547736579532,1988.0193486285773,1.01718054650824,54.4
2736000,-2674863.1165016554,300.9324044306067,1992.0662211370188,1.0151141493442761,54.4
2738000,-2671317.2814311218,299.89379364278136,1988.2432020177407,1.0170660236407678,54.4
2740000,-2673400.396311462,299.9416884187059,1989.1452032164016,1.0166048231356677,54.4
2742000,-2671047.4838425517,300.44132713923017,1992.5312017235076,1.0148772605205996,54.4
2744000,-2670693.305103034,300.81546328389186,1988.6465757143023,1.0168597236945567,54.4
2746000,-2675113.047468897,299.2207981956435,1989.1561016321925,1.0165992532449746,54.4
2748000,-2671744.2064681724,301.37721366280743,1989.4498658075304,1.016449141173084,54.4
2750000,-2672771.8613889627,300.36440858935737,1987.7683233583325,1.0173090011267056,54.4
2752000,-2671756.6958891805,300.83709727953664,1988.5197987220924,1.0169245530301019,54.4
2754000,-2673159.630490303,300.10643427804985,1991.235559526884,1.0155376132331821,54.4
2756000,-2675016.1186983865,299.8693081562994,1988.5267969653742,1.0169209741568213,54.4
2758000,-2671535.2339562383,299.95232007084894,1991.5264864323015,1.0153892610936721,54.4
2760000,-2673290.493436694,300.6620833508729,1987.5422223590688,1.0174247292753344,54.4
2762000,-2673973.3348488715,299.56454258796293,1989.9917923681523,1.016172335615777,54.4
2764000,-2672155.589490786,300.9248941977209,1987.5222547708845,1.017434950805158,54.4
2766000,-2676944.737642003,298.63879097017696,1990.0992941246404,1.016117443726063,54.4
2768000,-2674953.1239618286,299.27881368853036,1991.2532636641424,1.0155285841369721,54.4
2770000,-2672741.328155726,300.60831150657236,1989.1204626241972,1.0166174676214264,54.4
2772000,-2672125.5485006943,300.8305767383521,1989.4149878471603,1.0164669613227664,54.4
2774000,-2674223.0230882615,299.94770503936905,1983.5494960790525,1.0194727237733523,54.4
2776000,-2675190.7825617883,300.1808310627852,1987.6197927653104,1.0173850224612555,54.4
2778000,-2675180.4139708728,300.94234519328194,1988.9388997820552,1.0167102708527438,54.4
2780000,-2673722.205049921,299.33935406827976,1991.0016401493338,1.0156569270105171,54.4
2782000,-2675331.604474662,299.98375536225325,1985.568247115889,1.018436213635192,54.4
2784000,-2674951.0208023787,300.7106241784973,1989.7432605519193,1.016299262119906,54.4
2786000,-2674815.020771902,300.42732749708307,1986.224290773484,1.0180998273460282,54.4
2788000,-2674012.0531763323,302.04859903088857,1990.4129671322378,1.015957311823835,54.4
2790000,-2671992.9048084505,301.6143436330077,1987.906804866996,1.017238133375306,54.4
2792000,-2675699.67607186,299.83659082269077,1989.3621862022048,1.0164939403856907,54.4
2794000,-2671695.066355832,300.52560840475354,1986.851007512487,1.0177786859009168,54.4
2796000,-2671244.768336246,300.39335283357093,1986.827420030834,1.0177907689011,54.4
2798000,-2676057.850318441,300.54862072314563,1986.1742076325413,1.0181254996344664,54.4
2800000,-2672806.1598801874,299.33151238120723,1987.8400258391457,1.0172723062326567,54.4
2802000,-2672281.125003986,300.5560895788252,1989.4241688464851,1.01646227042646,54.4
2804000,-2673563.3557714205,300.45259747869545,1987.8090170899611,1.017288175132297,54.4
2806000,-2671510.4528144933,298.8695275864343,1987.9238784639635,1.0172293966655672,54.4
2808000,-2672300.9412059914,299.7864584040999,1994.2862026360435,1.0139841537458694,54.4
2810000,-2675458.717442084,300.46665935318896,1988.867057062703,1.0167469969025782,54.4
2812000,-2674626.6125032473,299.10119382865054,1991.5354940335753,1.015384668546048,54.4
2814000,-2673045.598902585,300.44000175077525,1991.77275935327,1.0152637131976707,54.4
2816000,-2672313.1233220845,299.63502896238447,1991.3237722400258,1.0154926264111446,54.4
2818000,-2671361.9177171383,299.9634346454217,1993.5356747722758,1.0143658992899476,54.4
2820000,-2671521.3008096907,300.62544675592017,1990.2833700725919,1.0160234657606653,54.4
2822000,-2672491.86439706,301.0436357792455,1989.8231214833756,1.016258473265442,54.4
2824000,-2676510.142680574,300.539821121386,1987.5551778260324,1.0174180974028633,54.4
2826000,-2671198.4474203456,300.3834407962696,1987.553089239586,1.0174191665394112,54.4
2828000,-2673861.712513931,300.8977250869899,1987.2720276622388,1.0175630609996513,54.4
2830000,-2674024.5112882424,301.8704505916233,1990.8988054356143,1.015709388134629,54.4
2832000,-2671584.559865471,300.4236967991544,1989.4013435746938,1.0164739327426957,54.4
2834000,-2672721.7659212947,300.09379890281195,1994.3899717107804,1.013931395659976,54.4
2836000,-2674017.6618030295,300.3883506685113,1990.8746297921355,1.015721722124765,54.4
2838000,-2673800.3718663827,300.3332767054089,1992.5085981053974,1.0148887735941428,54.4
2840000,-2672440.167870505,300.5287831737041,1990.9906150974566,1.0156625511808295,54.4
2842000,-2670061.3934938833,301.07297727912453,1988.713750314726,1.0168253762950803,54.4
2844000,-2673785.0814125948,299.4817500776756,1985.7497500054392,1.0183431258150393,54.4
2846000,-2674366.8262225445,300.642407708921,1991.976835891094,1.0151597001891686,54.4
2848000,-2671574.624447774,300.27848100719075,1990.7938510822926,1.0157629361812721,54.4
2850000,-2669821.577779902,299.7731955600989,1994.1249421095977,1.0140661524285937,54.4
2852000,-2674109.6327615846,300.5610937620493,1991.2877209548565,1.0155110114058776,54.4
2854000,-2673455.747040324,301.4752340770413,1992.5916182267554,1.0148464888688744,54.4
2856000,-2669591.1264022123,300.69115484992705,1990.4524671655558,1.0159371504040933,54.4
2858000,-2670849.0458052754,300.2712414230712,1987.875825532356,1.01725398615652,54.4
2860000,-2675938.7684817147,302.07608825798667,1987.7241960793945,1.017331585285085,54.4
2862000,-2676057.6540731583,300.40445929638855,1988.9951768634774,1.0166815038213497,54.4
2864000,-2675820.895220535,301.0562650523494,1989.1406061673315,1.0166071725835861,54.4
2866000,-2674436.246262934,300.91341001260776,1986.0217356493522,1.018203663740769,54.4
2868000,-2675413.796410816,299.35545770845584,1987.7199450171577,1.0173337610140631,54.4
2870000,-2673194.851251846,300.08920051012404,1989.141949416393,1.0166064860782162,54.4
2872000,-2671625.655529553,300.65433855373703,1987.5523307273502,1.0174195548184393,54.4
2874000,-2673439.4627912566,299.97355584825584,1986.881608778354,1.0177630104243192,54.4
2876000,-2675071.8230046593,300.1279872060047,1993.2553762642706,1.0145085429529361,54.4
2878000,-2670900.0443149153,300.9936617729628,1988.601503406202,1.0168827711551376,54.4
2880000,-2671450.3096227814,300.21031765981877,1991.5023917218691,1.0154015460451358,54.4
2882000,-2676454.211166173,300.54020633679005,1984.416582300931,1.0190272675318306,54.4
2884000,-2674995.2409567516,300.877460685949,1988.7854991514469,1.0167886925813623,54.4
2886000,-2673676.997515803,298.1951690609746,1986.7055500768504,1.0178532029714968,54.4
2888000,-2672710.5852872096,300.0997090144136,1990.2667829893778,1.016031933402249,54.4
2890000,-2676273.1884707306,300.83634289054686,1986.4606409491894,1.0179786932706187,54.4
2892000,-2673958.938260166,299.7494081766494,1986.3852616656316,1.018017323493092,54.4
2894000,-2674416.7522627283,300.4718650815997,1989.0186113349491,1.0166695253544005,54.4
2896000,-2673360.899791332,300.76923303306177,1990.3779521918993,1.0159751846527723,54.4
2898000,-2670925.7277843338,299.0497503244525,1992.5611049405188,1.0148620298233397,54.4
2900000,-2673244.1755199376,300.19428226435156,1988.819278580305,1.0167714227662137,54.4
2902000,-2673461.019540703,301.1512014816559,1991.3414163300006,1.0154836287359483,54.4
2904000,-2673967.2690387107,299.63194449435434,1987.260456554384,1.0175689859059158,54.4
2906000,-2672231.060510291,300.1385649395081,1990.777371333483,1.015771344714682,54.4
2908000,-2675827.479150867,300.7028887780598,1989.7335272736398,1.0163042336014627,54.4
2910000,-2672998.678483559,300.3862591438204,1989.7466169340796,1.016297547786692,54.4
2912000,-2673755.56378437,300.02684255185176,1990.612279897896,1.0158555877142958,54.4
2914000,-2672107.400986688,301.01355521578233,1990.9818595157064,1.0156670176788314,54.4
2916000,-2675640.7656601537,300.3112554257452,1993.222899987404,1.014525072694956,54.4
2918000,-2672768.37424447,299.8125603500673,1987.9349479920618,1.0172237323708677,54.4
2920000,-2676217.119175082,301.4253122861281,1989.5203558809285,1.0164131276815132,54.4
2922000,-2672262.758109385,299.8524311492678,1989.7481753656207,1.0162967517914132,54.4
2924000,-2673732.995770648,300.7993431212588,1989.112776340187,1.016621396011349,54.4
2926000,-2670849.9720165394,299.6131579639883,1992.814149513761,1.0147331641540052,54.4
2928000,-2673201.447803259,301.7909448695455,1993.6375266053203,1.0143140769176047,54.4
2930000,-2673824.713506112,301.30701219649796,1990.4621265071294,1.015932220250526,54.4
2932000,-2671847.2467596196,300.057128552455,1989.9572596054293,1.0161899697825323,54.4
2934000,-2673062.9034362957,299.47510782372126,1990.3547422337765,1.0159870321596458,54.4
2936000,-2675517.9824297354,300.32616268956536,1990.251780420515,1.0160395922769692,54.4
2938000,-2674847.811514916,300.5674276534869,1990.523185784264,1.015901056540689,54.4
2940000,-2675050.020462569,302.04325630175975,1993.19645724991,1.0145385318901499,54.4
2942000,-2670710.1237265263,300.16038258138076,1990.2799921532276,1.0160251901639419,54.4
2944000,-2675150.2528802305,300.16578572959133,1991.1190176337218,1.0155970535152423,54.4
2946000,-2673888.685085714,301.24428747542555,1987.944418325797,1.0172188864364744,54.4
2948000,-2671249.314992398,302.0303421464404,1990.2406718930158,1.0160452633015393,54.4
2950000,-2676279.4822366945,301.04116219892194,1990.2223043070273,1.0160546402935977,54.4
2952000,-2674765.835079441,299.50779630746155,1985.551318153824,1.0184448969000712,54.4
2954000,-2672752.743665235,300.1977380275068,1990.0596366043808,1.0161376927162789,54.4
2956000,-2671033.606987875,299.64845620477706,1993.4504842633162,1.0144092484214728,54.4
2958000,-2675471.8300748374,299.85528480641244,1989.7949909276235,1.016272840532307,54.4
2960000,-2670022.1812787056,300.50797100600977,1991.7565879837016,1.0152719562755723,54.4
2962000,-2675036.5300266016,300.8925042632504,1988.7063391858696,1.0168291656046127,54.4
2964000,-2672582.697506413,299.57930682215874,1987.7682959669032,1.0173090151452144,54.4
2966000,-2672794.7578149065,298.44326755535917,1988.941861930337,1.0167087566573623,54.4
2968000,-2674535.507679444,300.78460035373735,1989.7190481789737,1.016311629200968,54.4
2970000,-2671545.4357499257,300.9495359039781,1991.505800494912,1.01539980802689,54.4
2972000,-2673840.7825420294,300.09420903649084,1989.1813010913215,1.016586374704784,54.4
2974000,-2673053.8824072815,300.32183702905417,1989.4957040489116,1.0164257220518513,54.4
2976000,-2673515.9961642157,299.695228584727,1989.7535719279192,1.0162939954155426,54.4
2978000,-2672589.490626266,300.40286384543487,1986.377895582648,1.0180210986056224,54.4
2980000,-2671237.9623090494,300.33075558637074,1987.5211006673885,1.0174355416040346,54.4
2982000,-2674550.6536683403,299.8706247834381,1989.597893578189,1.016373516494931,54.4
2984000,-2673888.1637411118,300.0889034943332,1988.5538536145839,1.0169071377329186,54.4
2986000,-2675349.0646619927,301.39180029390764,1988.6070325176147,1.0168799438202025,54.4
2988000,-2675807.0963929184,300.4916126069231,1985.993166561419,1.018218310895902,54.4
2990000,-2670313.4426308908,299.4326373600003,1991.1329924022984,1.0155899255464707,54.4
2992000,-2672069.475848209,300.70231386190386,1990.9692345534556,1.015673458138852,54.4
2994000,-2672924.0536466893,300.3260252253421,1987.792572411878,1.017296590988554,54.4
2996000,-2673003.974372508,300.3584283144739,1989.780131481337,1.0162804299395218,54.4
2998000,-2672443.7928786445,300.96982651124046,1988.3372385617254,1.0170179224575215,54.4
3000000,-2673810.174878193,300.4544602121689,1988.8419951086482,1.0167598092157657,54.4
3002000,-2673143.8342908807,301.6345563251482,1987.7236923932526,1.0173318430753522,54.4
3004000,-2674664.4354905877,300.92278736165076,1987.7308824509566,1.017328163163388,54.4
3006000,-2674519.875376517,300.94526077726425,1987.5367078185582,1.01742755218163,54.4
3008000,-2674130.480476439,300.2070576320883,1988.5472577981864,1.0169105107142482,54.4
3010000,-2670273.958339801,299.6308178737371,1989.4239699395473,1.0164623720545698,54.4
3012000,-2673683.3000876047,300.7413742131795,1990.2346012683383,1.0160483624484662,54.4
3014000,-2673940.338595934,301.6172570955855,1989.3713540166161,1.016489255977334,54.4
3016000,-2672673.2133501302,301.4926770144283,1988.5650409414948,1.016901416787235,54.4
3018000,-2671696.673817454,298.602033239994,1988.1007680460723,1.0171388895414932,54.4
3020000,-2674234.5219745394,300.10923884901433,1988.8688664462336,1.016746071911845,54.4
3022000,-2672884.614713859,300.68449167594554,1987.465214984543,1.0174641509500322,54.4
3024000,-2672302.603557501,300.84282159352455,1992.0258018459479,1.0151347465645704,54.4
3026000,-2677395.224571524,299.8887687034562,1986.6689472975743,1.0178719560990246,54.4
3028000,-2674796.6332467627,298.9318107512227,1987.7756989730174,1.017305226415499,54.4
3030000,-2670148.4271230698,299.940543951333,1991.9835053658037,1.0151563012745046,54.4
3032000,-2670191.504133882,300.5725896043017,1989.0674431135524,1.0166445660291918,54.4
3034000,-2672143.8066474944,298.83126653707217,1990.7224977951782,1.0157993440806683,54.4
3036000,-2676017.863891199,300.3809694218343,1986.1193124207402,1.0181536400460685,54.4
3038000,-2673107.9369350113,299.5185165301418,1992.5834846952441,1.0148506313732966,54.4
3040000,-2671982.4886465482,300.0341619222394,1988.8531113972804,1.0167541262442863,54.4
3042000,-2673898.358522337,301.0627475516317,1988.7741327501715,1.0167945038135688,54.4
3044000,-2670649.757259041,300.93441603663365,1992.7155344245682,1.0147833810563989,54.4
3046000,-2671148.7967556547,300.3265564670434,1994.4106860152187,1.0139208647879965,54.4
3048000,-2672429.508123189,300.1393353992986,1991.2357540301896,1.0155375140357754,54.4
3050000,-2673250.238011403,299.9594074203981,1991.2077995843686,1.0155517711054902,54.4
3052000,-2671930.560149433,299.9570929599995,1987.8801831383637,1.0172517562474341,54.4
3054000,-2673967.0682346653,299.61309182828865,1987.0378637349822,1.0176829764612256,54.4
3056000,-2672101.796489792,299.53566108977685,1988.4205778581913,1.0169752968887185,54.4
3058000,-2674513.5761619285,300.3231234504459,1989.9469344260738,1.016195242457655,54.4
3060000,-2673355.0780728217,300.39740251746565,1991.955654265487,1.0151704949740095,54.4
3062000,-2671867.9514797237,299.50302212539026,1988.9254448617712,1.0167171488157571,54.4
3064000,-2673565.1369418018,300.601022384802,1987.8726554418267,1.0172556083868063,54.4
3066000,-2678696.079604326,300.2245743317838,1986.6779226748658,1.017867357575662,54.4
3068000,-2672993.1130750813,300.34548467992715,1988.846650821803,1.0167574290714658,54.4
3070000,-2670405.7380858045,300.51164324859803,1988.3086981494118,1.0170325208500473,54.4
3072000,-2672575.063787041,301.35653277879396,1986.3489624445035,1.0180359270902628,54.4
3074000,-2671309.486137364,300.28726836145773,1991.1382797692013,1.0155872286988363,54.4
3076000,-2674383.300905809,299.82717681852165,1990.0586511237505,1.0161381959094953,54.4
3078000,-2675921.5846736133,299.71290493329803,1988.1886947551302,1.0170939070529355,54.4
3080000,-2674429.083553398,299.92752594622203,1987.18111257427,1.01760961530445,54.4
3082000,-2676247.127783004,300.4680049362376,1988.1250268753413,1.0171264785520782,54.4
3084000,-2674013.6845149603,300.65280708267125,1989.9166999696838,1.0162106823555876,54.4
3086000,-2673010.9239034634,299.0862993344053,1988.5588512381469,1.0169045820534275,54.4
3088000,-2673026.844317425,300.47999929376226,1990.4609414294155,1.0159328251147604,54.4
3090000,-2672877.6208061296,301.30988225908254,1991.0854957916372,1.0156141520698356,54.4
3092000,-2674274.7792222574,300.2442783842737,1986.0924076424078,1.018167432555364,54.4
3094000,-2672591.3122086637,299.9919838232803,1988.5324269514742,1.016918095023008,54.4
3096000,-2675734.3050563913,300.13092437459835,1988.2348451595064,1.0170702985264009,54.4
3098000,-2675157.568263501,300.9960055407102,1988.0472510723266,1.0171662702766433,54.4
3100000,-2673896.7540268023,299.89493581220285,1988.7097053609336,1.0168274444760979,54.4
3102000,-2673901.834414892,301.14255339146143,1988.8263158645802,1.0167678250113532,54.4
3104000,-2676396.1101127174,300.34211242026885,1991.7406000160036,1.0152801059991061,54.4
3106000,-2676137.3765555955,300.43795811247276,1986.3210159807984,1.0180502503058246,54.4
3108000,-2676929.651100319,300.0240561244845,1986.068545061551,1.0181796658202962,54.4
3110000,-2675034.2341605034,300.0034928118063,1990.2637360425024,1.016033488872144,54.4
3112000,-2671111.98834553,300.1232356494959,1994.0339262574353,1.0141124385493043,54.4
3114000,-2671910.0168765765,301.4604121678538,1994.1773583766044,1.0140394980480367,54.4
3116000,-2672873.4160268065,300.5811248842161,1992.6685408801611,1.014807312918072,54.4
3118000,-2672777.1735967975,299.59235534780646,1985.4515588372872,1.018496068819322,54.4
3120000,-2674969.125045009,300.09936092893383,1987.638415404109,1.0173754903483494,54.4
3122000,-2674391.566148173,299.3576366211486,1988.6139472838545,1.0168764079468293,54.4
3124000,-2674271.5606480353,299.79706845249257,1989.4441063385507,1.0164520838078028,54.4
3126000,-2675969.234680515,299.97245556807707,1986.9471934334838,1.0177294163578723,54.4
3128000,-2672497.089150589,300.0052732861573,1990.7175355953607,1.0158018761321672,54.4
3130000,-2672546.6213413216,299.28803276113786,1988.5293696047813,1.0169196585257765,54.4
3132000,-2673292.9265365526,301.4990871775129,1988.9143639294437,1.0167228132999233,54.4
3134000,-2674430.0410652272,300.19138686194725,1990.8563837585307,1.0157310311300887,54.4
3136000,-2671842.3061384056,300.65574487929246,1990.3725719826455,1.0159779309522174,54.4
3138000,-2674622.1083376985,300.94832698848387,1991.5140472781638,1.0153956032952478,54.4
3140000,-2672704.0279862806,298.7841583856433,1989.979311878684,1.0161787087112444,54.4
3142000,-2673229.1063254457,301.1092271489605,1989.1548707251736,1.0165998823257838,54.4
3144000,-2675025.9642392136,300.36994065542495,1987.0721013578807,1.0176654415937416,54.4
3146000,-2672498.8285581004,299.40440777274557,1990.2833083206924,1.0160234972845086,54.3
3148000,-2675868.4681479875,299.5077202097118,1990.4509844628417,1.0159379071837287,54.3
3150000,-2674089.55493246,301.6034312374496,1990.1682964073384,1.0160822133270895,54.3
3152000,-2671837.4100253265,300.27204869732435,1990.998374924999,1.0156585926812458,54.3
3154000,-2672438.4087440595,299.83183788957217,1991.5296224492693,1.0153876621830078,54.3
3156000,-2673093.632210212,300.12035978495413,1989.0318479375642,1.0166627596253792,54.3
3158000,-2676145.419672299,300.19376191358793,1992.7193720703722,1.014781426752527,54.3
3160000,-2673655.1390980184,298.7435130312714,1990.7081211779696,1.0158066800422667,54.3
3162000,-2676005.9693243764,300.6992973560785,1988.291328446969,1.0170414056407258,54.3
3164000,-2673666.895254664,300.67077620901193,1991.5018415865945,1.0154018265410896,54.3
3166000,-2674370.5073877443,300.27387484825994,1989.114578032921,1.0166204751798384,54.3
3168000,-2674513.5829309877,300.2120949780485,1990.777526576294,1.0157712655038225,54.3
3170000,-2675657.4862547796,299.2394276572488,1987.2749530021797,1.0175615631103632,54.3
3172000,-2675201.862930814,299.90547401362215,1984.6098735800113,1.0189280192681889,54.3
3174000,-2671377.6836746577,300.7217359987026,1991.4255484389444,1.015440727418673,54.3
3176000,-2676066.9233323094,300.6400054984492,1989.3637949727993,1.0164931183613006,54.3
3178000,-2673178.213207878,299.9122336056829,1986.7401682708798,1.0178354672654206,54.3
3180000,-2674514.2995004337,300.2555847859853,1987.9817125406387,1.017199803574971,54.3
3182000,-2673393.356297219,300.23402814330825,1985.4967794205438,1.0184728721127072,54.3
3184000,-2674493.7394989114,300.39201538308396,1989.621737744115,1.016361335999357,54.3
3186000,-2675967.5597532373,299.0768644717688,1989.884486608669,1.0162271333414605,54.3
3188000,-2676487.557897486,301.54442145764864,1988.0708358334994,1.0171542034915342,54.3
3190000,-2675510.033458339,300.89129107388976,1988.1964938747783,1.0170899172877899,54.3
3192000,-2675674.5431831162,300.0417596185392,1984.9008493035308,1.018778649934338,54.3
3194000,-2672506.9850957077,300.2475090463799,1989.493149857445,1.0164270269801474,54.3
3196000,-2674930.355377158,301.0192069682724,1988.3854296671168,1.0169932737062508,54.3
3198000,-2673385.671273701,301.26511343917383,1990.9978502282906,1.0156588603423684,54.3
3200000,-2672657.22494578,300.0680292687527,1990.1918259552483,1.016070200437273,54.3
3202000,-2674009.2544768527,300.2338237524498,1991.0173568790217,1.0156489095990555,54.3
3204000,-2674490.1145107467,301.3217667669452,1987.3404270026635,1.0175280389967438,54.3
3206000,-2676553.957398813,299.7587679325701,1985.5140534152526,1.0184640113872072,54.3
3208000,-2671397.305107599,300.7771083857028,1987.8345681447977,1.0172750992021549,54.3
3210000,-2674885.8180165756,299.5678293426269,1988.015172082714,1.0171826834643676,54.3
3212000,-2675911.876601251,299.91057432821077,1986.9315498054082,1.0177374292058603,54.3
3214000,-2670695.812682908,299.31860574732286,1992.5343782766013,1.0148756425753653,54.3
3216000,-2672365.0858241264,299.87354409949234,1990.3745991773487,1.015976896179627,54.3
3218000,-2671481.9492501877,300.3466150561342,1987.7924091941677,1.0172966745188157,54.3
3220000,-2673231.9016955644,301.5047657474964,1987.6581401486706,1.0173653943105725,54.3
3222000,-2674384.239684213,301.15235840947787,1988.1026345742373,1.0171379346016665,54.3
3224000,-2673719.8567698393,300.9127365317997,1990.224163736943,1.0160536910123916,54.3
3226000,-2675559.392108133,300.2977153897138,1991.1269868512584,1.0155929887248487,54.3
3228000,-2674777.8003802057,300.37553737279666,1992.1330626915867,1.0150800894669132,54.3
3230000,-2671474.198371619,300.294861229621,1989.343004530579,1.0165037416381295,54.3
3232000,-2670966.155664701,299.93425371119156,1993.7654033917158,1.0142490205050843,54.3
3234000,-2676186.498211095,300.01220178460403,1987.3450466334968,1.0175256737286136,54.3
3236000,-2672704.5424394123,301.5484732507895,1989.4689200682494,1.0164394060690327,54.3
3238000,-2671823.401368743,301.30902202114635,1996.5689170842243,1.0128248467676948,54.3
3240000,-2672997.481352199,300.5821278144416,1993.1127696321123,1.0145811307406474,54.3
3242000,-2671502.5351086836,299.65011481199633,1987.992824559146,1.0171941178688135,54.3
3244000,-2670360.428147139,301.3608588404283,1989.9283972645337,1.0162047088160384,54.3
3246000,-2670938.886784155,300.76251454422794,1993.4806071912512,1.0143939199670216,54.3
3248000,-2671733.77456831,299.7347230043121,1991.0250263723478,1.0156449972863368,54.3
3250000,-2672110.4490496293,299.32479287476735,1991.7643193236408,1.0152680153411209,54.3
3252000,-2673356.466706155,300.10896715511257,1989.4917845187945,1.0164277245286952,54.3
3254000,-2671368.218601264,300.05123015475607,1991.0305906922895,1.0156421588700217,54.3
3256000,-2672533.290294323,300.381982893425,1990.4173179227191,1.015955091074768,54.3
3258000,-2674900.0549994726,300.53680551628673,1988.7918113369994,1.0167854654165789,54.3
3260000,-2674218.318553442,301.32975641026087,1988.4820724305107,1.0169438465368101,54.3
3262000,-2673968.343516864,300.85709075186895,1990.355540692426,1.015986624582398,54.3
3264000,-2670918.225185368,300.0952838654517,1989.3594627293005,1.0164953319862318,54.3
3266000,-2676302.068362221,300.40620623202193,1989.3976658264123,1.0164758118719033,54.3
3268000,-2677077.942836592,299.12403517128524,1987.254221125054,1.017572178743265,54.3
3270000,-2673011.280249601,300.9099541120056,1992.9134140302688,1.014682621568354,54.3
3272000,-2674333.341646973,299.8559156836335,1989.60258611409,1.0163711193482605,54.3
3274000,-2673569.6421267465,299.6828524998971,1988.9356804903546,1.016711916500197,54.3
3276000,-2676282.1884176545,300.7132329730485,1989.0488815924703,1.0166540532115935,54.3
3278000,-2672333.1738280673,300.74544843594083,1992.6087914429302,1.014837742456527,54.3
3280000,-2674309.641555574,299.1536866736819,1989.8994181636572,1.016219507905128,54.3
3282000,-2672686.175638372,299.3700302308009,1989.5153199697004,1.0164157004519918,54.3
3284000,-2676338.517432129,299.90321984117145,1986.6469883230054,1.0178832069274453,54.3
3286000,-2675287.9886344783,301.0778668075042,1989.4187553442796,1.0164650363703962,54.3
3288000,-2672645.4019795097,299.13376425160305,1988.615748759942,1.016875486764075,54.3
3290000,-2675179.932191767,300.83172200389987,1987.869334889486,1.017257307618457,54.3
3292000,-2671741.8665313423,299.54813540812165,1990.1016806661155,1.0161162251921323,54.3
3294000,-2674450.0396883264,300.7502301818598,1988.925694047507,1.0167170214347234,54.3
3296000,-2677178.8431325443,300.7966109016491,1988.7214234468433,1.0168214530530613,54.3
3298000,-2674764.4633920453,298.95318053381453,1987.7629049603825,1.0173117741863058,54.3
3300000,-2674302.6331761815,301.62562168043087,1988.8453735087194,1.016758082072239,54.3
3302000,-2672752.4699309655,299.9180135119932,1987.0795541061666,1.0176616247337877,54.3
3304000,-2673813.823824968,301.1867674396851,1986.7251300300834,1.0178431716300642,54.3
3306000,-2673944.964244716,299.615540775214,1989.0092243821518,1.0166743234361428,54.3
3308000,-2672863.047678804,300.3396723901421,1992.382542831417,1.0149529841961056,54.3
3310000,-2673126.9242904577,299.8743593547345,1988.6248469479954,1.0168708344414312,54.3
3312000,-2675121.776924411,300.74579735515886,1986.4590708264552,1.0179794978940375,54.3
3314000,-2676325.197713971,299.8111765416014,1985.6596938294838,1.0183893110138458,54.3
3316000,-2673523.1651774533,299.07480443650024,1992.0438508638103,1.0151255488829203,54.3
3318000,-2670260.69068671,300.2705577998636,1994.5810870608739,1.0138342435036112,54.3
3320000,-2672224.293775169,299.1072119905537,1988.6143802129372,1.0168761865688816,54.3
3322000,-2675808.4087774325,300.63427140967707,1989.8294602539345,1.016255235887858,54.3
3324000,-2672780.7903529666,301.1209704666286,1987.2910888691042,1.0175533009901023,54.3
3326000,-2673668.8753024805,301.5698593074404,1990.2636571527084,1.016033529145538,54.3
3328000,-2673573.454253979,300.2817485248564,1989.4793882869483,1.0164340577804005,54.3
3330000,-2672082.9790586513,300.33616221865316,1988.4713089485704,1.0169493511959307,54.3
3332000,-2674243.046334902,298.93719500068863,1990.1082188816495,1.0161128868878007,54.3
3334000,-2675944.8022528663,300.895977361634,1990.73271057797,1.0157941328647144,54.3
3336000,-2672400.548574161,300.7767042174132,1988.1811054200675,1.0170977895294513,54.3
3338000,-2674897.612359278,300.1683118128862,1987.776500014413,1.0173048164581429,54.3
3340000,-2672129.687618155,299.5967981099553,1989.2359642826068,1.016558439428901,54.3
3342000,-2672731.979037784,300.2349254323521,1991.8251082380266,1.0152370301706821,54.3
3344000,-2673915.111012414,301.5905180247545,1987.3778089560763,1.0175088996133923,54.3
3346000,-2674197.3029596284,300.52530257587273,1988.045417896007,1.0171672082054768,54.3
3348000,-2674398.926128868,300.3084762540119,1989.8560095323492,1.0162416766940932,54.3
3350000,-2672842.8362946175,301.0665976215856,1989.4396003425977,1.0164543860284758,54.3
3352000,-2674473.745120207,299.02189293257817,1989.8842161211091,1.0162272714785419,54.3
3354000,-2672651.3011576775,299.9249236006266,1988.8007296572287,1.0167809058756205,54.3
3356000,-2674293.748108281,299.9468325375208,1989.5519213470861,1.016397001661458,54.3
3358000,-2673421.9519681856,300.4429112181697,1986.2356381169807,1.018094010952327,54.3
3360000,-2674766.723579863,300.9953734472844,1989.6426324329504,1.0163506624474774,54.3
3362000,-2673829.8447338417,301.4055656579162,1985.3962073972773,1.018524463768322,54.3
3364000,-2675113.4863339867,299.6267259499326,1985.5820373921288,1.018429140385911,54.3
3366000,-2672106.300362967,300.63981870628174,1989.113981646507,1.016620779988233,54.3
3368000,-2674430.0745536797,299.75551006349957,1989.889975151003,1.0162243303695817,54.3
3370000,-2671776.910410786,299.96485199412905,1987.609252630199,1.0173904175737924,54.3
3372000,-2673551.0480119362,301.28325069169165,1990.059688599274,1.0161376661673411,54.3
3374000,-2669780.4487049244,300.4299371522916,1991.9025841661796,1.0151975420793302,54.3
3376000,-2673599.2609100156,300.97069874477256,1989.373073736052,1.0164883772701914,54.3
3378000,-2676233.1977522876,300.6475477124937,1986.706880224242,1.0178525214946283,54.3
3380000,-2673040.9606792815,299.9638147566902,1986.5790034550753,1.0179180410091864,54.3
3382000,-2673246.505302964,300.50732823351575,1990.4381592793675,1.0159444532750992,54.3
3384000,-2672368.8063512463,301.0374238063773,1993.721990428587,1.014271105607993,54.3
3386000,-2674861.966956185,300.6895000525287,1989.4128291077386,1.0164680643051482,54.3
3388000,-2676072.2034498528,299.13926092387686,1986.7291785580849,1.017841097483962,54.3
3390000,-2671818.017778041,301.06535395220163,1985.6431183657253,1.018397812176497,54.3
3392000,-2671311.056904521,300.9584164623588,1989.8712164390545,1.0162339104164364,54.3
3394000,-2673150.762112217,300.52512562446213,1991.7191618252723,1.0152910341304289,54.3
3396000,-2670558.510152554,300.48905994178045,1988.6980592703962,1.016833399158069,54.3
3398000,-2671231.1456296723,300.8540952111279,1990.4107803227266,1.0159584280281553,54.3
3400000,-2672455.677499555,300.14694477067246,1990.8161680850535,1.0157515495024745,54.3
3402000,-2676149.7643326446,299.64330854988145,1988.4123862810786,1.0169794864781738,54.3
3404000,-2673421.708230434,300.4692782908987,1988.6988282427333,1.0168330059779935,54.3
3406000,-2673386.731928814,300.34341338628855,1991.0196072067554,1.0156477616731883,54.3
3408000,-2673807.715969542,299.8063326632916,1989.6324744774731,1.0163558513679993,54.3
3410000,-2674892.6134447195,301.8171266046566,1987.6806089477116,1.0173538939827567,54.3
3412000,-2674245.704038011,299.6024704581909,1990.5914664118943,1.0158662094297064,54.3
3414000,-2673266.0364978537,299.50885989833,1989.0214307667509,1.0166680842284541,54.3
3416000,-2674603.7906586193,300.70715366945547,1988.89816336489,1.0167310950128203,54.3
3418000,-2672221.0127952266,300.9267295943503,1991.4755274710412,1.0154152434275279,54.3
3420000,-2672709.521067558,300.09343279584755,1990.3582513721637,1.0159852409046832,54.3
3422000,-2674410.9533068966,300.0677105950191,1988.5365202312212,1.0169160017598464,54.3
3424000,-2673798.5132874716,300.47505317568147,1988.598791587183,1.0168841578612196,54.3
3426000,-2674186.631230697,299.8717725638926,1984.4855998892479,1.0189918272119622,54.3
3428000,-2672154.634652864,301.14373779391747,1989.1011340692328,1.0166273463280766,54.3
3430000,-2672633.7084914055,300.6692344089298,1987.2146973046824,1.01759241729125,54.3
3432000,-2673804.7399253957,299.892248122031,1990.4357367474133,1.0159456897671177,54.3
3434000,-2674895.7912184875,299.44603147210563,1988.438932976759,1.0169659092722094,54.3
3436000,-2674078.1033694707,299.9325930531628,1988.1382613543922,1.017119707826252,54.3
3438000,-2673920.318578601,301.3437375725339,1986.1552857430418,1.0181351992074752,54.3
3440000,-2672598.3728964794,300.96209648233673,1986.9570655240552,1.0177243598233603,54.3
3442000,-2675183.181343952,300.56049137085756,1985.4153836652436,1.0185146262813112,54.3
3444000,-2675814.5733803883,300.3109764246398,1991.6501050811735,1.0153262374489993,54.3
3446000,-2671962.178041203,300.85430540526437,1993.3851911508457,1.0144424752847216,54.3
3448000,-2673402.6834955495,300.37572722464444,1992.4504832159248,1.0149183754082913,54.3
3450000,-2676697.5954988804,299.2432910098726,1988.6386360519489,1.0168637835185592,54.3
3452000,-2672494.6049929094,300.74991924972613,1987.6004463392096,1.01739492523834,54.3
3454000,-2671486.3337641936,300.6231037562249,1991.6264326029539,1.0153383056199414,54.3
3456000,-2674062.5668746475,300.1840918602029,1988.8161912781306,1.0167730011325997,54.3
3458000,-2673741.00716218,299.3497648830636,1989.6792118197395,1.0163319772826656,54.3
3460000,-2672115.1727841683,300.53151062505185,1988.7054191131715,1.0168296360396731,54.3
3462000,-2672142.685901379,300.74883068795947,1988.282140913312,1.0170461052263393,54.3
3464000,-2674096.039328918,300.07728799054803,1989.9918836092052,1.016172289024314,54.3
3466000,-2675307.5732816383,299.9081426211115,1986.5511945581766,1.0179322904168688,54.3
3468000,-2676519.1382325627,300.4709888117459,1986.0431961363352,1.0181926613886982,54.3
3470000,-2673566.3749589007,300.30523293454706,1987.8019340208637,1.0172918000017135,54.3
3472000,-2672878.46974618,299.3841365815469,1988.2115498403784,1.0170822152548706,54.3
3474000,-2673221.9699139707,299.61503012469353,1990.8830539063592,1.0157174242551388,54.3
3476000,-2671838.699303763,299.9498518672494,1991.7514453407025,1.0152745776775702,54.3
3478000,-2672479.0903011337,299.3952696430689,1993.8017338180748,1.0142305391793214,54.3
3480000,-2675372.433059104,300.43007284771795,1988.9723043662739,1.0166931953088592,54.3
3482000,-2673380.5311151184,300.082521610853,1989.1550218700445,1.0165998050799905,54.3
3484000,-2670418.5247947816,299.79666291633663,1990.0465438188357,1.0161443780236834,54.3
3486000,-2672637.068743158,300.54343617383887,1991.650216783273,1.0153261805042249,54.3
3488000,-2673780.5563237853,300.61546170890085,1989.2506197813152,1.0165509500905803,54.3
3490000,-2672205.082231961,300.4144569833221,1990.0324173787947,1.0161515912240835,54.3
3492000,-2674507.6366269644,300.901108309589,1988.5413223656867,1.0169135460063121,54.3
3494000,-2677802.6733425558,300.4561500861849,1989.1619227267815,1.0165962782632274,54.3
3496000,-2673653.3522649854,299.94703862812844,1990.0299570312052,1.0161528475298536,54.3
3498000,-2672812.939866923,300.30029653973764,1995.6779932666368,1.0132769987591852,54.3
3500000,-2671106.205752656,299.5566689793828,1991.2920854108993,1.0155087856383962,54.3
3502000,-2672408.765532065,298.90846143944145,1989.5206731276037,1.0164129656054464,54.3
3504000,-2674536.469297059,300.83565269442477,1989.5372536836558,1.016404494946193,54.3
3506000,-2673473.59402206,301.17761919677713,1989.810142133226,1.0162651022268125,54.3
3508000,-2673968.2952506505,301.04731553866327,1987.9960382735778,1.0171924735137174,54.3
3510000,-2675035.980650464,300.17213789240753,1990.534336376008,1.0158953656577299,54.3
3512000,-2672530.616373569,300.09101045675555,1988.2070666256202,1.0170845086769564,54.3
3514000,-2670599.3556180745,299.4457092670005,1992.314546428681,1.0149876238828934,54.3
3516000,-2669890.6466313116,300.43904849941873,1988.9939297182095,1.0166821413042035,54.3
3518000,-2671565.8489559516,301.4005136232611,1992.2474732524756,1.0150217955631977,54.3
3520000,-2673154.3974113185,300.55705293232546,1991.2478917182164,1.0155313238082422,54.3
3522000,-2672978.2732500173,301.00021250356474,1991.6416487917306,1.01533054841154,54.3
3524000,-2675094.462744035,298.44569696255707,1988.9612319641453,1.0166988551657326,54.3
3526000,-2672174.7175209876,301.43881143846966,1990.5166643594196,1.015904384883781,54.3
3528000,-2673053.8368470054,300.68708264784743,1989.2501350926925,1.0165511977772193,54.3
3530000,-2676331.21904435,298.95863898165425,1986.3669258588377,1.0180267206335265,54.3
3532000,-2673351.8307720553,300.28506605368426,1987.8306613475615,1.0172770985110613,54.3
3534000,-2675078.4368164837,300.1930036797339,1987.4536488025778,1.0174700721827212,54.3
3536000,-2674708.949732514,299.84316301594185,1989.8404923681635,1.0162496015448585,54.3
3538000,-2671279.1268219836,300.4879431704072,1991.6747694480785,1.0153136639208142,54.3
3540000,-2671213.630530406,300.4749074059716,1990.0411394953885,1.016147137551001,54.3
3542000,-2672102.0467614494,300.7014783096378,1989.5802423656014,1.0163825335853838,54.3
3544000,-2671229.120724827,300.0914242554021,1991.4023428470862,1.0154525602374709,54.3
3546000,-2669618.0571966637,300.60638008786975,1989.8693843187557,1.0162348460872852,54.3
3548000,-2670780.978082087,301.48488254604536,1992.2289242174634,1.0150312461211106,54.3
3550000,-2674795.0775584076,300.297916700136,1988.7282601138513,1.0168179575178387,54.3
3552000,-2674233.7454035394,300.81891593302197,1987.7948974812668,1.017295401084522,54.3
3554000,-2674666.993809687,300.0207854604919,1988.7404252420426,1.0168117376408539,54.3
3556000,-2674150.8619007897,300.3972529160832,1988.1072219695798,1.0171355876388004,54.3
3558000,-2672438.2599000484,298.9027174796517,1989.7115603886614,1.016315453839937,54.3
3560000,-2672676.5124700237,300.273846969662,1989.5300747331662,1.0164081625044967,54.3
3562000,-2676443.2782481033,299.70336798577307,1990.3136379611328,1.0160080144848314,54.3
3564000,-2674108.174949255,299.27596926610465,1991.8047180933477,1.0152474231724362,54.3
3566000,-2676480.5675423015,299.8302484074079,1988.7178828793685,1.0168232633274072,54.3
3568000,-2672882.7844627667,300.53487712501544,1989.2146512227625,1.016569331149833,54.3
3570000,-2673126.2074722555,300.9924772106341,1988.3404298178093,1.0170162901592574,54.3
3572000,-2674743.3442458063,300.7982103634782,1991.5543987880378,1.0153750300456608,54.3
3574000,-2675290.089652417,300.8263162015038,1987.2675422406578,1.0175653577207608,54.3
3576000,-2673007.1896368023,300.5537305402793,1988.7230868797014,1.0168206025504312,54.3
3578000,-2675111.3392158486,300.8750038101129,1991.3737378461587,1.0154671466613427,54.3
3580000,-2672156.940941997,301.8628977715056,1993.5605266978187,1.014353254102874,54.3
3582000,-2674254.3187627513,299.7903902254931,1990.5196945184555,1.0159028383771778,54.3
3584000,-2674563.9939310774,300.51715547795453,1988.5609773747756,1.0169034947958053,54.3
3586000,-2671488.206205519,300.2601969747735,1985.6999381785447,1.0183686712313063,54.3
3588000,-2675815.6125740204,300.51875322387014,1991.1124063610603,1.0156004256950417,54.3
3590000,-2675968.549749583,299.1464986789355,1988.484341718388,1.0169426859853818,54.3
3592000,-2673609.71228854,300.08890392961433,1988.5643100559944,1.016901790543566,54.3
3594000,-2673719.850335099,300.7959210745209,1988.4546208414322,1.0169578859442467,54.3
3596000,-2671410.387074502,298.8097076978755,1990.4728979338574,1.0159267225421762,54.3
3598000,-2673711.1811266765,299.7630912087122,1992.7624377610418,1.0147594962593613,54.3
3600000,-2673381.3714689594,300.4291741484788,1986.373444907565,1.0180233795871514,54.3
3602000,-2676619.085429484,300.6680036727566,1988.2575841519829,1.0170586666563401,54.3
3604000,-2672270.959618088,300.95874352260944,1992.4808390783526,1.0149029129145122,54.3
3606000,-2672742.082741497,300.8040138507861,1990.8998241848083,1.0157088683931996,54.3
3608000,-2671321.13627531,300.0059328009015,1992.4562113189215,1.0149154576242245,54.3
3610000,-2672275.6405758783,300.175160534344,1990.7168409112712,1.0158022306081964,54.3
3612000,-2674319.63194244,301.5032149809996,1988.5575075902093,1.0169052691654368,54.3
3614000,-2673343.9260173813,300.5472638008487,1988.8620597720364,1.016749551619861,54.3
3616000,-2674569.609519858,298.8195458110501,1990.4216570879664,1.015952876269172,54.3
3618000,-2674387.0179210436,299.7268862752583,1991.1826468484546,1.0155645996149927,54.3
3620000,-2673351.0659519974,301.6424915112898,1988.7806192233816,1.01679118750495,54.3
3622000,-2674601.0241725817,300.32407170545923,1987.3690308800856,1.0175133938820977,54.3
3624000,-2673560.6064654887,299.32269043143157,1989.9673395592633,1.0161848223875078,54.3
3626000,-2676692.0473123677,300.22161318409,1988.9150076603703,1.0167224842280846,54.3
3628000,-2673953.7820176873,299.9995253909784,1990.6180236078278,1.0158526565744392,54.3
3630000,-2672531.9121256173,300.3290211833124,1991.8857853211634,1.0152061038885944,54.3
3632000,-2672801.295693673,300.25547036244024,1988.5917719229174,1.0168877474292175,54.3
3634000,-2673001.9203567,299.6332917451112,1987.6053609548892,1.0173924095955722,54.3
3636000,-2674851.089780487,300.58991381830936,1988.1867273881883,1.0170949134960938,54.3
3638000,-2675061.891185837,298.941276288641,1987.6520108713821,1.0173685315370946,54.3
3640000,-2673474.7442789003,300.59718194741686,1990.1817234727212,1.0160753581730342,54.3
3642000,-2672799.7872449253,299.9840234723314,1990.6395871519005,1.0158416523807756,54.3
3644000,-2673949.968791861,299.69684183142465,1988.6272914360936,1.016869584469321,54.3
3646000,-2672933.287436975,299.9404796663593,1988.9605643901991,1.0166991964101388,54.3
3648000,-2677812.1420796383,299.8797212345135,1987.0474271521493,1.0176780784770534,54.3
3650000,-2671644.7789014354,300.0293597630749,1991.6204903548387,1.0153413350084028,54.3
3652000,-2674793.74530752,300.26495213909203,1988.428968759808,1.0169710053903567,54.3
3654000,-2676648.5879144687,299.85753621529824,1990.4973936449042,1.0159142202161147,54.3
3656000,-2670615.616133414,300.31084754408033,1990.6490116577659,1.0158368429916993,54.3
3658000,-2673460.5874575265,299.0122449774223,1988.643134291058,1.0168614834093235,54.3
3660000,-2674470.190496709,299.6330963938032,1987.2218918620588,1.0175887331898108,54.3
3662000,-2674839.031480871,299.8419836708259,1986.9359168900735,1.0177351923216795,54.3
3664000,-2673677.759601256,300.4899964248179,1988.4865897001014,1.0169415363328906,54.3
3666000,-2672999.656692939,300.298375509644,1988.3318029799389,1.017020702719894,54.3
3668000,-2675187.288208762,300.51984027315444,1988.5902343010764,1.0168885337092584,54.3
3670000,-2671724.6978350356,300.15875339550684,1989.5030008154133,1.0164219941755142,54.3
3672000,-2674362.983178431,300.4464216764021,1990.4233522784823,1.015952011009187,54.3
3674000,-2672241.198809486,301.38225441674405,1992.3486795093472,1.0149702350318368,54.3
3676000,-2674923.1488651093,300.85184675617154,1992.65204525609,1.014815713722406,54.3
3678000,-2671330.3855407983,300.8119383837243,1991.4144019250489,1.0154464111297918,54.3
3680000,-2672081.72055104,300.2992338679977,1990.0434963310076,1.0161459341141053,54.3
3682000,-2675594.6511080023,300.46334570769795,1989.4940438057163,1.016426570264438,54.3
3684000,-2673077.6549535412,301.2830297212929,1988.3909678683447,1.0169904411076887,54.3
3686000,-2672853.5247075465,300.48924840920415,1986.6345976641037,1.0178895554746987,54.3
3688000,-2675063.079465328,299.92351674899237,1985.70376266525,1.0183667098423432,54.3
3690000,-2674188.184430372,299.75235937544136,1989.6027335182353,1.0163710440481448,54.3
3692000,-2671634.662869906,299.3363213632179,1989.0902839664432,1.0166328918336252,54.3
3694000,-2675992.190786965,299.9051484619863,1989.5058624204837,1.0164205322052895,54.3
3696000,-2672597.5026950818,300.4145813561877,1987.7604899857656,1.0173130101411023,54.3
3698000,-2672944.410527637,299.8146480202203,1989.1990070623224,1.01657732601292,54.3
3700000,-2674281.6799743567,301.0191906919937,1988.3115992876326,1.017031036901596,54.3
3702000,-2674866.4132643696,301.0859161754912,1986.5107913374952,1.017952993925326,54.3
3704000,-2674531.622183468,300.21231395454777,1987.064119365814,1.0176695295330296,54.3
3706000,-2673471.890785152,299.99449278092925,1987.8577987102915,1.0172632110903228,54.3
3708000,-2673143.9928992447,298.7616277399151,1989.5342503104766,1.0164060292962542,54.3
3710000,-2675328.5454750527,300.788950094671,1991.9731763955735,1.0151615651602532,54.3
3712000,-2673719.5026760194,300.1791336517598,1989.3117977482746,1.0165196877613127,54.3
3714000,-2678250.511912113,301.11787363253126,1986.6677242693595,1.0178725827192217,54.3
3716000,-2674015.1370217428,300.9715203765273,1986.9287767897526,1.0177388495898505,54.3
3718000,-2673842.643532399,299.6315883274618,1987.0899868336624,1.0176562817515955,54.3
3720000,-2674623.0590660106,299.7902622660085,1988.4222322069925,1.0169744507747314,54.3
3722000,-2672052.8682011534,299.7729440266916,1987.1687109028808,1.0176159660787865,54.3
3724000,-2674522.4882502127,300.7344303510298,1985.1872889493136,1.0186316519169505,54.3
3726000,-2674375.391576851,300.5041562318026,1986.416108900236,1.018001514610417,54.3
3728000,-2673326.9133161083,299.2683339358066,1990.2524915982706,1.0160392292151164,54.3
3730000,-2673615.391138416,300.29288735689374,1991.029296476527,1.0156428190612574,54.3
3732000,-2672595.5417636316,299.78814597331365,1986.5850862645061,1.0179149242026106,54.3
3734000,-2672911.1915028915,299.90313880971297,1988.673405052189,1.0168460051658925,54.3
3736000,-2672516.2831695024,300.1671754689195,1987.4389870693926,1.0174775782620622,54.3
3738000,-2671654.113755353,300.2546252607743,1990.099720246716,1.0161172261540137,54.3
3740000,-2676371.5013875198,299.26521713602745,1983.7268706123575,1.0193815678278058,54.3
3742000,-2672380.838521298,301.5434467191867,1988.5438900691795,1.0169122329186417,54.3
3744000,-2673491.290686097,300.59361329987274,1987.9063382374466,1.0172383721558576,54.3
3746000,-2673736.751092635,299.870529490457,1991.2063981676843,1.015552485853694,54.3
3748000,-2672811.4664013144,300.07601537547373,1989.8135209608206,1.0162633765452176,54.3
3750000,-2675882.2606968693,301.0360929181625,1987.8062456268203,1.0172895934680566,54.3
3752000,-2674434.1939284764,301.4122791801966,1987.5988010758902,1.017395767401533,54.3
3754000,-2672209.006984217,301.11119251627827,1986.3718465626105,1.0180241987452234,54.3
3756000,-2674929.6996822134,300.3078959949157,1988.6465684122886,1.016859727428314,54.3
3758000,-2674403.9885465745,300.0615343443738,1991.5812931349583,1.0153613184043602,54.3
3760000,-2675333.4555909056,301.02863042523126,1988.5998450900006,1.0168836191453348,54.3
3762000,-2673539.412984943,300.0864004764468,1988.9235724866005,1.0167181059545691,54.3
3764000,-2672277.014154738,300.24109164489465,1988.5284411883574,1.016920133311499,54.3
3766000,-2675186.579384787,300.30179843337027,1988.7672637414917,1.0167980157228806,54.3
3768000,-2675540.251623431,301.29502648360244,1985.09808409636,1.018677426424241,54.3
3770000,-2674320.702633824,300.2859128464881,1987.3573304213776,1.0175193844371269,54.3
3772000,-2673714.762797991,299.5445528758166,1988.4120250517403,1.0169796712300374,54.3
3774000,-2674758.194200808,301.18863744567074,1990.4927971525676,1.0159165661888983,54.3
3776000,-2673015.3763661403,301.00081488399184,1990.8054863683678,1.015756999542847,54.3
3778000,-2671051.6377821714,301.143248124668,1988.0628358526594,1.0171582965282293,54.3
3780000,-2674500.7707148474,299.7379114655573,1990.828178179902,1.0157454217649904,54.3
3782000,-2676060.47703607,300.74756806642085,1986.230344082282,1.018096724547473,54.3
3784000,-2674122.7898211386,300.34916944880433,1990.2522619352185,1.0160393464598874,54.3
3786000,-2673941.431134131,299.54989081109295,1990.0685808782878,1.016133125731031,54.3
3788000,-2676279.0962887798,300.6547016289887,1988.3671802945928,1.017002607741378,54.3
3790000,-2671853.090472685,299.6938650952898,1990.9851353522204,1.015665346566856,54.3
3792000,-2676064.1766321603,300.15516805552903,1990.4895164719724,1.0159182406000105,54.3
3794000,-2673389.9766223393,300.8689920984619,1990.5999446660735,1.0158618827080268,54.3
3796000,-2674187.782249145,299.9437969983004,1988.3013772299753,1.0170362655606,54.3
3798000,-2672267.0710616186,299.65406051702786,1988.9762759314538,1.0166911651874635,54.3
3800000,-2672220.577524742,300.6639729399997,1990.9596730131066,1.0156783358884536,54.3
3802000,-2670942.9255423713,301.12183874134377,1990.1725424590488,1.0160800455061958,54.3
3804000,-2670174.02494891,300.32949472098005,1991.3387999532952,1.0154849629577847,54.3
3806000,-2675413.5964178797,300.15866614136434,1991.1208398692904,1.0155961240603155,54.3
3808000,-2675283.9994190447,300.013388284069,1987.7568265272193,1.0173148850606053,54.3
3810000,-2671915.514933821,300.1136688017131,1991.280658364015,1.0155146131778021,54.3
3812000,-2670714.4509141427,299.92628236102155,1990.048876069651,1.0161431871466238,54.3
3814000,-2673467.066568872,299.91367364843643,1991.1719349481627,1.015570063044112,54.3
3816000,-2674188.6944051255,300.44209661328284,1989.5231798927782,1.0164116849424962,54.3
3818000,-2673898.95726786,300.79106500991355,1987.6294685345467,1.0173800698366051,54.3
3820000,-2672960.7189367767,300.04971291268134,1988.5127176144151,1.0169281743055383,54.3
3822000,-2672334.3730364777,299.32777285868633,1989.1088585921307,1.0166233983484667,54.3
3824000,-2671254.73208113,299.9636827646182,1990.0202830928201,1.0161577872785188,54.3
3826000,-2674861.882620096,299.8382586342036,1989.8334500920066,1.016253198182727,54.3
3828000,-2672413.1443373095,299.0054952892275,1990.7657657072953,1.0157772663869962,54.3
3830000,-2673028.707454568,298.9064177891432,1987.3054843159327,1.0175459301381848,54.3
3832000,-2675378.7050725333,300.6498564093366,1986.1541326496902,1.0181357903020485,54.3
3834000,-2675968.3514490835,300.8756540295613,1986.8575516166673,1.0177753336476323,54.3
3836000,-2674762.2265289333,298.7079737394141,1985.1392533493474,1.0186563003553215,54.3
3838000,-2675706.781376809,299.7716753158478,1987.023565803842,1.0176902993543055,54.3
3840000,-2677944.7639950626,300.5450346181345,1983.945866256352,1.0192690445343433,54.3
3842000,-2672920.599158477,299.5984571891243,1986.4754055686972,1.0179711270716962,54.3
3844000,-2671608.9813311584,299.96451616280194,1990.8902574890067,1.015713749113134,54.3
3846000,-2673665.080649739,300.2400972171763,1989.0158923646081,1.0166709151342896,54.3
3848000,-2674416.3976787236,301.25072531970153,1985.9806257879452,1.0182247405886282,54.3
3850000,-2675712.5813721456,299.651284871998,1986.7210125902309,1.0178452810898282,54.3
3852000,-2674170.885498861,300.3154115828517,1988.796211208132,1.0167832159528118,54.3
3854000,-2675285.9277749006,301.5358974501825,1989.7473207969538,1.016297188276665,54.3
3856000,-2674375.3854079973,300.3275835218542,1989.9384923733046,1.0161995535325419,54.3
3858000,-2672478.3490298,300.37842633895576,1990.0119763713471,1.0161620289312385,54.3
3860000,-2674818.3761186264,300.0026850754493,1989.5592059316562,1.0163932802190938,54.3
3862000,-2677078.3183345795,300.0808726320127,1988.226279485269,1.0170746802675255,54.3
3864000,-2676004.412890572,299.8556261320359,1987.0222779732312,1.0176909589406296,54.3
3866000,-2671403.087163834,299.7899740052324,1990.6087109819891,1.015857409018074,54.3
3868000,-2672798.7990841568,299.92294644984,1987.055036535051,1.0176741813015713,54.3
3870000,-2674402.5226103216,301.03122984981184,1988.365908099616,1.0170032584393223,54.3
3872000,-2672997.005538173,298.9062060863778,1990.5621391647078,1.0158811763372175,54.3
3874000,-2673488.8351872656,301.00076335676937,1989.8365143360595,1.0162516332060088,54.3
3876000,-2671735.3710930627,300.314769629844,1989.0174679412453,1.0166701097904616,54.3
3878000,-2673870.1184795424,300.0250805932055,1990.6611762751693,1.015830635372499,54.3
3880000,-2673586.377445437,298.0231689341474,1991.7128786568148,1.0152942370241136,54.3
3882000,-2673545.6798432786,299.77509516558933,1990.0580503954664,1.016138502645751,54.3
3884000,-2672473.5050227065,300.32277136046764,1991.8283010422942,1.0152354027949084,54.3
3886000,-2673576.7898748256,300.90830060663205,1990.7250584636195,1.015798037458585,54.3
3888000,-2675745.345498463,299.1470451238152,1985.0992511121242,1.018676827556142,54.3
3890000,-2672257.204439236,300.9723591556015,1992.4141252474915,1.0149368958402578,54.3
3892000,-2672655.8110796977,299.91173741922137,1992.0941021339804,1.0150999419860578,54.3
3894000,-2675050.620022336,300.16865740152775,1987.86750060399,1.017258246282792,54.3
3896000,-2674586.2783803437,300.30234515667473,1993.0505773596644,1.0146127903015336,54.3
3898000,-2673712.6276075393,298.4151734662784,1989.2582130077196,1.0165470697991907,54.3
3900000,-2676687.9992991835,302.05754684415064,1987.799655988932,1.0172929658250385,54.3
3902000,-2673252.9967725687,300.7219668412313,1989.202532908176,1.0165755241376007,54.3
3904000,-2676316.0815625507,300.6057332632602,1993.2806724599657,1.014495668094422,54.3
3906000,-2676408.676428383,300.6693621448013,1992.2135288223294,1.0150390900629782,54.3
3908000,-2674362.8066116404,299.4852898119398,1988.4755611931114,1.016947176506228,54.3
3910000,-2676411.512487663,300.9499520952768,1992.0021037957385,1.0151468232155678,54.3
3912000,-2674451.9086402617,299.5522754901281,1987.8342682340517,1.0172752526816167,54.3
3914000,-2674757.0811126847,301.090070003275,1986.2424292244332,1.0180905300147922,54.3
3916000,-2674885.185722396,300.12731933124763,1985.9576333711975,1.0182365290815873,54.3
3918000,-2672958.161261106,300.8742501966703,1987.496769247337,1.0174479972980117,54.3
3920000,-2671843.7628225405,301.7297661681021,1987.8885772239296,1.017247460786219,54.3
3922000,-2675614.679019168,299.6928430525672,1988.0895671784303,1.0171446200871703,54.3
3924000,-2673608.2196319997,300.54081764986876,1990.5330369847338,1.015896028819581,54.3
3926000,-2672145.046808904,300.9685354668464,1988.896630858294,1.0167318784356918,54.3
3928000,-2669028.310644567,300.6514378725513,1993.5436949960358,1.0143618183954541,54.3
3930000,-2672814.8902960382,299.6348578214957,1984.574901269236,1.018945974885447,54.3
3932000,-2671221.3774716426,299.5282221950221,1985.9219712046256,1.0182548140500989,54.3
3934000,-2674344.9504353553,299.2938604990224,1989.0143057123005,1.0166717261406502,54.3
3936000,-2672773.940918073,299.38541653170046,1989.9431340478102,1.0161971831796008,54.3
3938000,-2673892.6745768767,302.8513782264492,1992.0549542731367,1.015119890728529,54.3
3940000,-2672574.1296025813,299.70910480792736,1988.0961994545141,1.0171412268992859,54.3
3942000,-2672472.251372801,301.0548289527311,1989.2137407836549,1.0165697964213396,54.3
3944000,-2675378.759275133,301.154187393736,1985.2410312915988,1.0186040765998796,54.3
3946000,-2673356.7486378215,300.5506621218719,1991.831067979855,1.0152339924880733,54.3
3948000,-2673952.187281372,301.17876779535266,1990.165386992837,1.016083698733451,54.3
3950000,-2672803.5870443024,300.3523793373294,1990.9116930869568,1.0157028132029005,54.3
3952000,-2674892.6078727916,300.9747633134634,1990.1453180550373,1.0160939450809734,54.3
3954000,-2673404.6267597377,300.1061335096086,1990.305757921333,1.016012037074606,54.3
3956000,-2673523.74339604,299.6290001223393,1988.7756042739177,1.0167937514726544,54.3
3958000,-2675416.8296032436,300.7271467912994,1986.1043403798717,1.018161315291321,54.3
3960000,-2672474.6120605543,299.3821097848425,1989.9426498972532,1.0161974304191042,54.3
3962000,-2677468.16673344,299.1715151170306,1989.23140683553,1.0165607684245486,54.3
3964000,-2672425.3431400713,300.1004346344454,1989.0014866929528,1.016678278541247,54.3
3966000,-2673569.997698646,299.3632089369545,1990.6295237290296,1.0158467878637953,54.3
3968000,-2675615.863766296,301.0363646097011,1991.5878252365655,1.0153579881754766,54.3
3970000,-2675463.0526043773,300.7262878426653,1986.5270205590111,1.0179446776102392,54.3
3972000,-2673783.934347961,300.7019189235938,1992.3204271228483,1.0149846279633024,54.3
3974000,-2672685.570896143,300.17899872648013,1991.5937790036794,1.0153549528150216,54.3
3976000,-2675076.681017425,300.55257054558956,1985.51272076831,1.0184646949652758,54.3
3978000,-2674545.589773655,301.15092900495983,1987.1569911238528,1.0176219677355811,54.3
3980000,-2674277.315863399,299.76858580085326,1990.0670964982164,1.0161338836591254,54.3
3982000,-2674633.792563645,299.39078951379156,1988.488113931852,1.0169407568187627,54.3
3984000,-2672407.7307609282,300.97849445329376,1988.7703871403496,1.0167964188237204,54.3
3986000,-2671537.202676259,299.6686604743999,1990.8850895365426,1.0157163857094902,54.3
3988000,-2671726.567645928,300.23485466404003,1990.9021292221257,1.0157076924203525,54.3
3990000,-2671336.3384967763,300.3063616824632,1990.4809086287305,1.015922633942807,54.3
3992000,-2672846.243672494,301.27299692234766,1987.981886171104,1.0171997147326748,54.3
3994000,-2670062.4280383755,300.14634541397305,1992.055022263782,1.0151198560815664,54.3
3996000,-2671819.7138268948,301.0365149384235,1989.970626297803,1.0161831440040308,54.3
3998000,-2675659.630265733,300.07650961490384,1990.302838439902,1.0160135274147788,54.3
4000000,-2672944.851747019,299.76378524412485,1991.3503406335622,1.0154790778118945,54.3
4002000,-2675716.3244405836,300.04978153168724,1992.6520767325221,1.0148156976921228,54.3
4004000,-2676483.1958408486,300.5980158551344,1990.8968696182549,1.0157103757437291,54.3
4006000,-2671059.725149438,299.97512019527824,1990.3724129144862,1.0159780121479465,54.3
4008000,-2672761.059733765,300.45474601224805,1988.665509353817,1.016850042400566,54.3
4010000,-2672757.7428462747,301.48365200371387,1988.0759825026996,1.0171515703144036,54.3
4012000,-2673442.765832655,300.11866466692635,1991.040677625223,1.0156370134631718,54.3
4014000,-2671642.92804816,299.6824853690478,1991.2763279786147,1.0155168215953847,54.3
4016000,-2672640.051489463,300.6609302530119,1990.648742629437,1.0158369802780436,54.3
4018000,-2673543.296713978,300.1617501831949,1991.4339404152356,1.015436448313885,54.3
4020000,-2675072.5144201275,299.58946072626185,1992.6875492570466,1.0147976326047297,54.3
4022000,-2675486.031807266,299.9806441241031,1988.9411820754676,1.0167091041861906,54.3
4024000,-2673008.6630583033,299.6712215230936,1990.2084218914981,1.0160617276380997,54.3
4026000,-2671693.8080661595,302.17469398799454,1989.171158313744,1.0165915582755611,54.3
4028000,-2674497.1568314284,299.66598723156284,1986.6768713156948,1.0178678962360739,54.3
4030000,-2672680.8598315213,300.0531882748321,1986.0243629668105,1.018202316756154,54.3
4032000,-2671881.921040116,300.1581098419428,1987.6611412102393,1.0173638582458366,54.3
4034000,-2676128.959149828,299.98415256517944,1988.0591065772342,1.017160204551701,54.3
4036000,-2674964.256349614,301.474010429263,1987.5673054542315,1.0174118893774171,54.3
4038000,-2674070.4541010633,300.2938308550813,1988.255573481065,1.017059695181199,54.3
4040000,-2671028.0313614737,300.68727418159756,1986.6579368238363,1.0178775973582637,54.3
4042000,-2676182.6113999374,300.7767766660372,1987.8700025136031,1.017256965973626,54.3
4044000,-2675709.03984211,300.7448452187498,1992.0176276578225,1.0151389121413585,54.3
4046000,-2674741.2784483414,299.97284834844004,1989.827293972875,1.0162563422625046,54.3
4048000,-2676314.977302959,300.4616433832948,1982.593298071827,1.0199644120020175,54.3
4050000,-2677760.87955389,299.5254360520824,1987.7691259292258,1.0173085903835348,54.3
4052000,-2671948.842968188,300.68509329392214,1988.1038594361673,1.0171373079475168,54.3
4054000,-2672826.227700686,299.5021791928082,1989.794518918816,1.0162730816073158,54.3
4056000,-2673169.740657311,300.164525506117,1989.3082703757636,1.0165214902188084,54.3
4058000,-2673428.1601260807,300.20372668021497,1988.3289003824698,1.0170221873845877,54.3
4060000,-2673802.693594441,299.5654088835411,1985.7617848314705,1.0183369540866611,54.3
4062000,-2674847.619895989,300.4524732949451,1987.8425446987153,1.0172710172140218,54.3
4064000,-2673154.2739674766,299.3020520131924,1989.9340403293377,1.016201827057694,54.3
4066000,-2672595.33308783,300.7677803435085,1993.3007676871916,1.014485440575675,54.3
4068000,-2674530.7007531654,300.7038677213179,1991.2827051860952,1.0155135693392112,54.3
4070000,-2673444.504598489,298.5210824248298,1986.485623712066,1.0179658908017746,54.3
4072000,-2671193.939502191,300.4461413030044,1992.8203191334237,1.0147300226175497,54.3
4074000,-2673259.7800061256,300.6006280181303,1991.837617220824,1.0152306543584995,54.3
4076000,-2673137.570597738,300.2123934183408,1988.6370736931726,1.0168645824104623,54.3
4078000,-2672520.1093897354,300.2049613383511,1988.437771641579,1.0169665032250623,54.3
4080000,-2671788.8540071733,300.97677630692664,1992.629628743206,1.0148271301086695,54.3
4082000,-2672713.0819850694,299.6123069066219,1991.8010159309558,1.0152493102137612,54.3
4084000,-2673643.628157798,300.0147424586423,1988.9318563666084,1.0167138713344817,54.3
4086000,-2672448.797393812,300.01248873392456,1987.980249106588,1.0172005523775955,54.3
4088000,-2674642.630113952,300.69445947485315,1986.4309147589388,1.0179939269382396,54.3
4090000,-2674183.9530112445,299.8672849674977,1988.9716449078614,1.0166935324010857,54.3
4092000,-2672405.627727963,300.2718730412644,1990.4939997685203,1.0159159523927908,54.3
4094000,-2671767.5760722104,300.3899921805472,1990.5835711870006,1.015870238646214,54.3
4096000,-2674828.6791199464,298.6609182672597,1992.3074882672156,1.0149912196865418,54.3
4098000,-2672950.7936939,299.779859877197,1989.5586702668902,1.016393553870772,54.3
4100000,-2674407.141859345,299.7313754519272,1987.6774732535398,1.0173554989265765,54.3
4102000,-2674373.480409654,301.3732470987261,1992.5517414633591,1.014866798902726,54.3
4104000,-2675247.046232296,299.60680878700424,1989.1711758606002,1.016591549308014,54.3
4106000,-2676120.3972914647,300.13597277009234,1988.6384819756472,1.0168638623034223,54.3
4108000,-2674067.2842018735,299.00672436937515,1989.0432133229144,1.0166569504182403,54.3
4110000,-2675837.7421756163,300.3627961166306,1988.072515955166,1.0171533438937068,54.3
4112000,-2673739.0107479207,301.10528263626753,1991.4961321639546,1.0154047375977988,54.3
4114000,-2673997.5665977225,299.91080137520044,1990.626757962298,1.0158481992761756,54.3
4116000,-2677241.868437577,298.32185570687636,1989.7015602888562,1.0163205617697766,54.3
4118000,-2675577.33059584,300.52177052915516,1990.067232674671,1.0161338141270473,54.3
4120000,-2671034.3289815616,301.32111021929376,1989.9560387065296,1.0161905932461626,54.3
4122000,-2671341.347070975,300.51190733332027,1990.3779500525175,1.0159751857448054,54.3
4124000,-2674551.2705376036,299.8370342830318,1986.8698564424292,1.0177690304928966,54.3
4126000,-2671462.356089074,299.4304743324507,1988.6899892097395,1.016837525445853,54.3
4128000,-2673184.820674693,300.7917532762048,1989.4431731426325,1.0164525605989714,54.3
4130000,-2675122.706726497,299.2279376120629,1987.0316524872683,1.0176861576290006,54.3
4132000,-2674786.871288644,299.10882169801937,1987.9404529060791,1.017220915521311,54.3
4134000,-2673787.692733867,301.9812296490775,1988.5571728024186,1.0169054403686955,54.3
4136000,-2671161.39584847,300.4167669225865,1991.2767713950445,1.0155165954606507,54.3
4138000,-2675717.578488251,298.65121351022145,1991.8093115208287,1.0152450818512129,54.3
4140000,-2672926.025648566,300.8457583155682,1989.3743999963885,1.016487699605787,54.3
4142000,-2673866.8764954302,299.8208878862415,1991.0750816626996,1.015619464143111,54.3
4144000,-2672883.4178593345,300.7774012264241,1989.9323501966608,1.0162026901603587,54.3
4146000,-2672430.01185737,300.304652299013,1991.1349481009877,1.0155889280310144,54.3
4148000,-2670990.4506716095,299.81120815111206,1988.17816872464,1.017099291862831,54.3
4150000,-2673279.2739944793,298.8520206975486,1991.9352598908686,1.0151808887693268,54.3
4152000,-2671101.0929814745,300.9787075256784,1990.3845357632138,1.0159718241237077,54.3
4154000,-2673439.2988173403,299.07453003539894,1990.4309217178527,1.0159481474301668,54.3
4156000,-2673694.160073975,299.99069672075,1987.8227520108628,1.017281146149152,54.3
4158000,-2675965.8867898155,300.4536510144486,1986.782082135171,1.0178139946449307,54.3
4160000,-2674452.73516912,299.6668403334629,1986.4297900398801,1.0179945033276883,54.3
4162000,-2670558.6144094095,300.7930123056643,1988.8589476023358,1.0167511426312053,54.3
4164000,-2674857.7031536773,301.1137147906519,1988.3955257802766,1.016988109905065,54.3
4166000,-2669254.1455997042,300.67685529288667,1992.046843750992,1.0151240237399486,54.3
4168000,-2673411.599767968,301.25057217695854,1988.3160807274783,1.0170287446285227,54.3
4170000,-2675009.2325706724,300.5203072223216,1986.3761512468375,1.0180219925806417,54.3
4172000,-2675104.6048630346,299.96732414649307,1989.458806359387,1.0164445732894831,54.3
4174000,-2673825.2327475175,300.2921519341282,1986.8500592548635,1.0177791716529208,54.3
4176000,-2675721.720176108,301.12214959833824,1989.1154867200205,1.0166200107573764,54.3
4178000,-2672159.6471901834,300.2636602290938,1988.8753813883966,1.0167427413653887,54.3
4180000,-2674900.6326087303,299.83362955401043,1988.2735998970265,1.0170504741458624,54.3
4182000,-2672374.2450703364,300.32677536216,1992.3834196144753,1.0149525375483504,54.3
4184000,-2672691.727695154,300.8741838830112,1988.6184962250454,1.016874081854124,54.3
4186000,-2674534.020462528,299.97869928967015,1989.7704205824982,1.0162853898064217,54.3
4188000,-2676173.3903232254,299.5092777411469,1989.243173994928,1.0165547550659224,54.3
4190000,-2675590.411187077,299.2566493322675,1986.4870568089234,1.0179651564180723,54.3
4192000,-2674444.3697625846,299.95091314570993,1987.8508899833641,1.017266746563619,54.3
4194000,-2670288.0768415146,299.5211103186252,1992.8578749913693,1.0147108998004832,54.3
4196000,-2674815.9734158665,300.5432321231649,1989.3954659539133,1.0164769358903412,54.3
4198000,-2670671.8134322185,300.4445331929144,1986.5883246397966,1.0179132648801947,54.3
4200000,-2672653.018914098,298.8937400083715,1990.4301199820106,1.0159485566492772,54.3
4202000,-2676929.0317422375,300.4063210503427,1990.599282370967,1.0158622206968726,54.3
4204000,-2672923.3210568577,299.59426350686556,1989.3567571045032,1.0164967144707793,54.3
4206000,-2675473.440276284,300.6526063597416,1989.6560514559417,1.0163438077788542,54.3
4208000,-2674702.6495869067,300.46713318320707,1987.4319715088263,1.0174811699198787,54.3
4210000,-2672408.359623341,300.1694654828704,1995.3643157262966,1.0134362890873472,54.3
4212000,-2674074.382317584,301.2764023501794,1990.1600649009836,1.0160864159474434,54.3
4214000,-2671888.282660382,300.9137292157725,1988.1365372988091,1.0171205898435973,54.3
4216000,-2673895.9526757672,300.7051386730634,1990.4777905187516,1.0159242253991487,54.3
4218000,-2672054.0785845555,300.65608493211204,1990.815763855947,1.0157517557477478,54.3
4220000,-2673859.9685677234,300.4806026702129,1991.0222441836447,1.0156464165151002,54.3
4222000,-2672725.0699327756,300.40898286228213,1989.0282419205566,1.0166646027883495,54.3
4224000,-2674282.339718353,299.45823640397623,1991.7150624057524,1.015293123838923,54.3
4226000,-2673232.1678870097,300.2974814112422,1988.2221240877245,1.0170768059604134,54.3
4228000,-2673318.511260219,299.9531800228433,1992.498032655084,1.0148941551587594,54.3
4230000,-2672605.4684785344,300.4307844652245,1990.9119035458932,1.0157027058331403,54.3
4232000,-2673229.318022797,300.22761557798214,1990.4059318481113,1.0159609028241605,54.3
4234000,-2674050.535589235,300.4368724953644,1987.0725377190884,1.0176652181143706,54.3
4236000,-2675044.0206171107,301.0194937072556,1985.5584388017874,1.018441244533342,54.3
4238000,-2676139.4404968657,300.2661986912046,1986.2085885444105,1.018107876065987,54.3
4240000,-2675188.8817087766,300.185079018865,1987.5966776941787,1.0173968543019034,54.3
4242000,-2673365.239792267,301.1996939799348,1987.7701836993228,1.0173080490339284,54.3
4244000,-2675283.7591011375,301.9615815988922,1988.4557251080344,1.016957321188082,54.3
4246000,-2672622.8348035812,300.28393611312396,1990.2608959086044,1.0160349387680643,54.3
4248000,-2670948.782326281,299.68341864405005,1989.9548133811072,1.0161912189710078,54.3
4250000,-2673797.3556015324,300.7472591779488,1989.5870551307678,1.0163790532774961,54.3
4252000,-2675722.108308479,301.1780547457619,1989.0456118468676,1.016655724465435,54.3
4254000,-2675968.669849081,301.0837673653387,1987.6613224856417,1.0173637654618997,54.3
4256000,-2671003.5342459213,300.1736756624975,1992.695272261881,1.0147936995964408,54.3
4258000,-2674298.9151727483,300.857252711623,1988.3566887795664,1.017007973930554,54.3
4260000,-2676109.548077965,299.636642781938,1989.5139234716546,1.0164164139039173,54.2
4262000,-2671722.203512499,300.61930705637127,1990.134897485033,1.0160992654630738,54.2
4264000,-2672696.1160394773,300.0792719189285,1986.478480654491,1.0179695512436258,54.3
4266000,-2676975.7541074436,301.0441189172732,1985.8510998641266,1.0182911536747798,54.2
4268000,-2674819.1965528075,301.38951865478384,1989.541317551671,1.016402418822575,54.2
4270000,-2675145.2789607793,299.51894249055766,1990.6515854895408,1.0158355295558559,54.2
4272000,-2671622.0640155375,300.0691277366945,1992.4917564858606,1.0148973519837605,54.2
4274000,-2676322.7256576326,300.22640036036216,1986.7697565240635,1.0178203090049298,54.2
4276000,-2672143.428237362,299.39453467294084,1988.9158905817692,1.0167220328836903,54.2
4278000,-2672573.930538846,299.2792762753379,1991.2595385505574,1.0155253839883258,54.2
4280000,-2670626.815611502,300.06965904189457,1990.6102120938704,1.0158566429637168,54.2
4282000,-2674341.0676844753,300.11124106321336,1989.1434934792474,1.0166056969424306,54.2
4284000,-2671131.1514512505,300.53275087208056,1991.5396894879302,1.0153825294975258,54.2
4286000,-2671772.4776634593,300.3703786798545,1991.00116944765,1.0156571671266121,54.2
4288000,-2673067.3456081674,299.4097577184339,1991.9762610375199,1.0151599931485744,54.2
4290000,-2672433.5362952743,301.2131674792205,1989.7611541532701,1.0162901227044485,54.2
4292000,-2674658.355136456,300.8126361092951,1988.2099675686593,1.0170830246766376,54.2
4294000,-2675390.555228049,300.9818852044271,1991.0832812807655,1.015615281650201,54.2
4296000,-2674008.4778401386,299.9600090672042,1988.2596917631463,1.017057588545564,54.2
4298000,-2674684.1872872207,298.52929050667314,1986.759256389863,1.0178256882424004,54.2
4300000,-2675272.1219925694,300.53434756265517,1988.7322030278087,1.0168159415472067,54.2
4302000,-2671576.913456831,299.7447660702337,1988.70981600839,1.016827387902047,54.2
4304000,-2672347.7146006506,300.3844552614669,1987.5284797659178,1.01743176417031,54.2
4306000,-2678293.7814127672,299.84130524107115,1987.2876945937799,1.0175550389649664,54.2
4308000,-2672490.781169139,300.0030487011417,1992.4504805642673,1.014918376758998,54.2
4310000,-2673353.895720616,299.9736558278098,1992.4314684251776,1.0149280612925187,54.2
4312000,-2672953.442358868,300.81531207975087,1991.6635606241116,1.0153193779743095,54.2
4314000,-2674170.8469706792,299.6123324941565,1990.2191023196442,1.016056274985042,54.2
4316000,-2675047.5256975926,300.6492184073822,1988.7885384677022,1.0167871386995184,54.2
4318000,-2673836.0211743023,300.30536498634183,1990.5239771173656,1.0159006526690735,54.2
4320000,-2672364.2505445704,300.74687183515647,1992.3891534339496,1.0149496166558054,54.2
4322000,-2672621.7496984545,299.80500796741546,1993.6535051603332,1.014305947484262,54.2
4324000,-2670472.7228155565,299.78109781337065,1993.5637205882529,1.0143516290065093,54.2
4326000,-2671539.084133519,298.25740514284007,1991.5114786548693,1.015396912938113,54.2
4328000,-2674823.134604046,300.05972494430375,1987.6990893893826,1.0173444352324879,54.2
4330000,-2672889.2455167733,300.414844557385,1989.347429878996,1.016501480402532,54.2
4332000,-2674209.6376498174,300.7391756476846,1990.6308192074214,1.0158461267630277,54.2
4334000,-2673561.611845836,298.88539014015925,1987.4519800004412,1.0174709265209634,54.2
4336000,-2673725.1146990582,300.4645887673235,1989.2250477144169,1.016564018148883,54.2
4338000,-2675860.0396541525,300.84834702364424,1986.5153308057882,1.0179506677588634,54.2
4340000,-2674954.1225033496,300.07959460818336,1992.133980287703,1.0150796219112384,54.2
4342000,-2673575.2205238547,300.23815183513045,1988.5844782499362,1.016891477140864,54.3
4344000,-2671266.0759811234,298.8193174507566,1986.4795227775007,1.0179690172086757,54.3
4346000,-2676224.9006860983,299.9824686301441,1990.7296101152465,1.0157957149137422,54.3
4348000,-2674432.759978799,299.10274183854284,1988.649879708404,1.0168580342576359,54.3
4350000,-2673999.5056722164,301.2022436736831,1990.058996664324,1.0161380194740353,54.3
4352000,-2675908.950375879,299.8126221002188,1989.2343172199749,1.0165592811273394,54.3
4354000,-2674245.639612118,299.713463309287,1991.1673414446043,1.0155724059032987,54.3
4356000,-2672855.6494554803,301.1304099891365,1990.912004888341,1.0157026541313081,54.3
4358000,-2672465.4506084844,300.5931767320682,1993.09475843706,1.014590299305546,54.3
4360000,-2673859.4583991207,300.1169047305387,1990.777455103222,1.0157713019721342,54.3
4362000,-2675066.027359493,300.21077277415947,1989.8441433477647,1.016247736923161,54.3
4364000,-2672337.4319630116,300.17577892556994,1992.8991663448514,1.0146898757631644,54.3
4366000,-2674111.113265069,299.7826674616587,1987.8887477221226,1.017247373538452,54.3
4368000,-2673615.679853864,300.77293411750657,1987.9844658226739,1.0171983947923602,54.3
4370000,-2672723.367011726,300.68808500410256,1986.9163737466533,1.0177452026799865,54.3
4372000,-2673733.292732792,298.78486844584205,1993.282729476701,1.0144946211608705,54.3
4374000,-2676400.001324134,299.6716346600168,1990.6313555121267,1.015845853079477,54.3
4376000,-2675302.4595512226,300.31217906501286,1990.7086960515724,1.0158063866992744,54.2
4378000,-2674212.530810144,299.68950711011837,1990.249166379737,1.0160409267676305,54.2
4380000,-2670851.213144291,300.11556339978836,1986.4417481427508,1.0179883751424523,54.2
4382000,-2674567.4302021973,300.5446174253569,1992.6066214814548,1.0148388476213805,54.2
4384000,-2674407.917275643,300.7200708314598,1989.709005693535,1.0163167587423774,54.2
4386000,-2675169.818258865,300.81530325998466,1989.577559826237,1.0163839039698366,54.2
4388000,-2673637.245791992,301.5585801829737,1990.0754033344967,1.0161296421827486,54.2
4390000,-2673858.929183921,299.1609185959828,1986.5184665372471,1.0179490609175548,54.2
4392000,-2674823.9507381096,300.08039371313953,1985.6206685741981,1.0184093263689795,54.2
4394000,-2675760.2740877587,300.7377058568939,1987.3850915131836,1.0175051710623932,54.2
4396000,-2672971.792834893,300.8004961202088,1987.8542755863893,1.0172650140113808,54.2
4398000,-2675928.297041796,300.87314617450227,1986.7945417489166,1.0178076117155581,54.2
4400000,-2677436.3624934983,300.40180460769477,1988.10356294327,1.0171374596367915,54.2
4402000,-2673257.6145803817,299.82863825405,1991.2209847301872,1.015545046488639,54.2
4404000,-2674016.1625324935,299.47692742278963,1993.546635449323,1.0143603222260191,54.2
4406000,-2675179.8712300267,300.17158373164483,1992.754270913624,1.01476365501897,54.2
4408000,-2671648.357935302,300.44987626367543,1989.8515154212712,1.0162439718919718,54.2
4410000,-2673636.1879213694,301.18842310333423,1989.0150222521345,1.0166713598861064,54.2
4412000,-2675396.403404856,301.1013007650242,1989.0899404604984,1.0166330674010717,54.2
4414000,-2673391.998299714,300.7154717584235,1989.6329054594103,1.0163556312113,54.2
4416000,-2677098.3020007815,300.4843294069855,1986.1358409532306,1.0181451670176016,54.2
4418000,-2672492.890455678,300.87393473429245,1993.4220392201423,1.0144237234871136,54.2
4420000,-2672807.2148296013,300.3371705727228,1989.2181204319565,1.016567558246382,54.2
4422000,-2672689.8169495575,300.99449912686197,1991.9143640570421,1.0151915383492174,54.2
4424000,-2674982.2889157645,301.7118963461524,1989.0829799596672,1.0166366249576857,54.2
4426000,-2673073.370602878,300.4430610824459,1988.5872035953657,1.0168900834979124,54.2
4428000,-2673073.1294874307,300.0159286192431,1987.7096783455002,1.0173390156203088,54.2
4430000,-2671925.813886175,300.14869391108624,1990.5848350770575,1.0158695936356268,54.2
4432000,-2671947.0985774547,299.50328766114154,1991.386629845142,1.0154605726484285,54.2
4434000,-2673119.7867224943,300.23812327676995,1989.0261592945267,1.0166656672952972,54.2
4436000,-2672259.0070440527,298.5547132271378,1993.8396094480297,1.0142112725239651,54.2
4438000,-2670296.7089103516,299.97697885788864,1992.4528691159944,1.0149171600752414,54.2
4440000,-2672266.707045343,300.9583884001123,1990.9112634652556,1.0157030323829206,54.2
4442000,-2671405.4835026283,300.4786205893526,1989.425493636107,1.0164615935483006,54.2
4444000,-2672702.68033717,301.03070251269844,1995.1629609955437,1.0135385665429302,54.2
4446000,-2672949.9281959515,300.8250894699474,1987.9692555412043,1.0172061775454646,54.2
4448000,-2672543.3994851056,300.3605721452028,1991.3346936881064,1.0154870569556278,54.2
4450000,-2675499.1322160754,299.37989014905884,1989.5392150112723,1.0164034929542791,54.2
4452000,-2672860.3323610835,300.3845282273282,1989.3985093265635,1.01647538088862,54.2
4454000,-2674800.8419145048,299.4534300909606,1989.0784743180927,1.0166389278332646,54.2
4456000,-2674501.5506517105,299.7562730989453,1991.3133914671732,1.015497920202837,54.2
4458000,-2675187.4159853496,300.55449676307455,1986.7396271364453,1.017835744496424,54.2
4460000,-2671748.117306672,300.3616230144881,1993.797299052638,1.0142327951130325,54.2
4462000,-2669647.555378342,299.2608425428768,1995.0683130019836,1.013586649804588,54.2
4464000,-2675171.977665022,300.7008073565005,1990.1955833552554,1.0160682821423024,54.2
4466000,-2673651.474324938,300.68829542262176,1989.6746879942234,1.0163342880667146,54.2
4468000,-2671528.5876295194,300.05177081332926,1992.699654550318,1.0147914678909828,54.2
4470000,-2671417.8893353343,300.88386412175083,1989.985565842057,1.0161755151481684,54.2
4472000,-2675640.1501221117,299.5903439091089,1992.0652615856475,1.015114638311276,54.2
4474000,-2673829.933284018,300.6091744978012,1992.9252619519389,1.0146765892898486,54.2
4476000,-2672774.8564089164,299.5732359666783,1988.628642353022,1.0168688936885957,54.2
4478000,-2672634.3236449696,300.25397325283615,1990.8242715290203,1.0157474149910144,54.2
4480000,-2673626.269648887,300.4160227087218,1989.0674598784196,1.016644557460397,54.2
4482000,-2672353.757190084,301.2523448888757,1989.6255925852015,1.016359366829152,54.2
4484000,-2671363.8206599336,300.064576580044,1989.729996552149,1.016306037005545,54.2
4486000,-2675027.27136964,300.65776866342486,1991.029392405263,1.0156427701271067,54.2
4488000,-2675726.7260871977,300.26403366363365,1985.0236877537434,1.0187156052506698,54.2
4490000,-2676454.4239885285,299.89250475053376,1989.3881127387444,1.01648069301223,54.2
4492000,-2672627.069294337,300.66694700945243,1992.4186635865324,1.0149345840130186,54.2
4494000,-2672602.485247817,299.680852065405,1989.474066794838,1.0164367765621676,54.2
4496000,-2672568.788873153,300.5184645187168,1986.044048498173,1.0181922244051536,54.2
4498000,-2676215.7070142403,301.044134132293,1989.0436658148017,1.0166567191367304,54.2
4500000,-2674096.8340381496,299.59678256688545,1989.4962296897513,1.0164254535040342,54.2
4502000,-2673850.167903753,301.25461744789936,1989.3306768618636,1.016510040802728,54.2
4504000,-2672296.9301095903,299.7490237204373,1988.4418745664025,1.016964404829749,54.2
4506000,-2673333.0995030645,300.8122324639912,1992.1082337925684,1.015092741049096,54.2
4508000,-2674493.8097013365,300.7441494007061,1991.5513210075335,1.0153765992251436,54.2
4510000,-2673289.5145295355,300.53530636700964,1990.0415544126681,1.0161469256875828,54.2
4512000,-2671800.361164978,300.0849345528401,1990.1531600036903,1.0160899412903588,54.2
4514000,-2673130.007251274,299.56741194733337,1991.713338137856,1.0152940027994166,54.2
4516000,-2673251.95696521,300.0030704988645,1991.7783328706048,1.015260872223948,54.2
4518000,-2673699.3614698406,299.1184964817231,1991.9386073654418,1.0151791827467616,54.2
4520000,-2673252.2213046607,299.97462282952864,1989.8687815271146,1.01623515393566,54.2
4522000,-2674252.2510906495,299.9113131238214,1991.6330967241981,1.0153349082383736,54.2
4524000,-2671944.9619046394,300.5539759802595,1990.8860662616753,1.0157158874008534,54.2
4526000,-2672296.110017337,301.33180972016936,1989.9644140758096,1.0161863162995914,54.2
4528000,-2674820.6562901326,300.3692397202274,1987.5427035853395,1.0174244829352141,54.2
4530000,-2674906.408954542,300.08189348438276,1987.9995423153089,1.0171906806134678,54.2
4532000,-2669820.5907753594,300.64344632326134,1985.7756238870652,1.0183298572014179,54.2
4534000,-2673048.912626207,300.0926465988856,1991.623335463365,1.0153398845552783,54.2
4536000,-2673088.871865513,300.4707523281121,1989.3775972185792,1.0164860659606538,54.2
4538000,-2672847.9485801663,300.72117974852017,1990.0998900131315,1.0161171394736515,54.2
4540000,-2675682.292671049,299.57787858332887,1992.9593286504473,1.0146592448910172,54.2
4542000,-2675497.0108046904,300.2543035471827,1990.6400455381645,1.0158414184621116,54.2
4544000,-2674218.782505678,299.91316768180644,1988.2353049863632,1.0170700633046255,54.2
4546000,-2676263.9516028706,301.13901308618483,1988.191708314316,1.0170923654145345,54.2
4548000,-2675069.4948928375,299.44963599219415,1985.7439045986266,1.018346123497586,54.2
4550000,-2673059.3556174766,300.40687265970377,1989.2764525858884,1.0165377491289953,54.2
4552000,-2671082.346764181,300.07185057502016,1994.704448602171,1.013771543410379,54.2
4554000,-2673106.4426720645,300.5208437062869,1988.1139566140182,1.0171321421388553,54.2
4556000,-2673655.161848055,300.97114253617985,1990.320671232111,1.0160044241791155,54.2
4558000,-2674812.428690994,299.4984471830039,1988.1041895247959,1.0171371390703217,54.2
4560000,-2672567.6979267243,299.2653959517562,1988.7896749181573,1.0167865576786987,54.2
4562000,-2675305.53193119,300.4505845739178,1988.291907087076,1.0170411096575527,54.2
4564000,-2671858.645772271,300.94446611887247,1989.6735617470472,1.0163348633588851,54.2
4566000,-2673693.004321879,300.23925581848397,1993.5654755448702,1.0143507360621211,54.2
4568000,-2673001.248900069,300.59584499590665,1987.2765949365848,1.017560722377199,54.2
4570000,-2672340.998202296,301.06905915882777,1989.4000248444352,1.016474606541286,54.2
4572000,-2670215.39235441,301.1966227208719,1992.4552816125654,1.0149159311973885,54.2
4574000,-2672910.7538762335,299.88874441605293,1990.245229331438,1.016042936671809,54.2
4576000,-2673961.866805356,300.4555782225658,1986.7830420595872,1.0178135028828794,54.2
4578000,-2676616.41854077,300.07934296592487,1987.2085926739103,1.01759554329725,54.2
4580000,-2674262.2834402993,301.17831296690804,1992.1165420235316,1.0150885075493163,54.2
4582000,-2673892.400271345,299.2995133935326,1989.352422196474,1.0164989294728675,54.2
4584000,-2673055.3190058675,300.50657560129196,1989.9086975252023,1.0162147690604586,54.2
4586000,-2672986.6852238923,300.2497140718672,1990.8698607109914,1.0157241552618614,54.2
4588000,-2675568.761681864,300.0195090176522,1988.6543812290743,1.0168557324964536,54.2
4590000,-2673435.4078826625,299.9901314242972,1991.7386723285686,1.0152810886293733,54.2
4592000,-2672857.528261833,300.6159230621282,1987.0475087653217,1.0176780366783864,54.2
4594000,-2674903.6785931904,301.39628677861674,1990.5983319797554,1.0158627057101028,54.2
4596000,-2673260.2076511905,301.50402390229516,1986.3015653367945,1.0180602194531798,54.2
4598000,-2675195.0713527575,300.0106542760515,1991.6814551997945,1.0153102556774665,54.2
4600000,-2676456.4148795716,300.5435941802836,1986.7065330048483,1.0178526993860935,54.2
4602000,-2676269.178481236,299.37337436250164,1984.6088180253032,1.0189285612058534,54.2
4604000,-2673936.406646842,298.4541088159897,1988.4716287234203,1.016949187655842,54.2
4606000,-2673110.035448132,300.1550467221173,1991.5618907437358,1.015371210357818,54.2
4608000,-2674059.152018482,300.48823733438763,1990.155866842335,1.0160885592923126,54.2
4610000,-2672166.331830615,299.5356415075205,1990.4527118041754,1.015937025539302,54.2
4612000,-2673772.146362588,299.80693802027156,1988.0823465468088,1.01714831431373,54.2
4614000,-2673398.8560951464,301.187697644156,1988.393054864969,1.0169893736851223,54.2
4616000,-2675671.3585329223,300.66326782041625,1987.4180092062713,1.0174883180788834,54.2
4618000,-2674795.5804554503,300.6422814806655,1985.0606186056373,1.0186966526631334,54.2
4620000,-2674399.0290869046,299.8394343099826,1986.4415217210353,1.0179884911764114,54.2
4622000,-2674725.4273025617,299.43848150427596,1987.577551888673,1.0174066443774346,54.2
4624000,-2675656.540757671,300.9528573896994,1986.9915408063928,1.017706701804226,54.2
4626000,-2671174.6070623305,301.0159370142967,1991.8294221713152,1.0152348313554767,54.2
4628000,-2672002.546062518,301.5486132492006,1991.9993598904496,1.0151482215426926,54.2
4630000,-2671549.305760877,300.8577050101924,1988.150269446162,1.0171135645950382,54.2
4632000,-2672480.008957999,299.54079338930364,1990.7369349590194,1.0157919773305455,54.2
4634000,-2672404.5373356156,299.7129733552314,1990.6771417529044,1.015822488284731,54.2
4636000,-2677048.459277073,300.3915970566613,1989.9379498226517,1.0161998305963222,54.2
4638000,-2677494.089657612,301.73625261512296,1985.8143656204984,1.0183099903575894,54.2
4640000,-2673385.3895594627,299.59502442359565,1988.216027833659,1.0170799245141957,54.2
4642000,-2673752.4911987614,300.3794904573339,1989.2605477006348,1.0165458767301156,54.2
4644000,-2672710.015646454,300.101236148078,1989.6951944238954,1.0163238134032286,54.2
4646000,-2676304.3014429137,299.6696589764011,1988.6120218663318,1.0168773925087413,54.2
4648000,-2676184.3641477525,300.9256981309451,1986.294403281711,1.01806389031051,54.2
4650000,-2673665.463027345,299.6968105024045,1988.6790527530165,1.0168431173987504,54.2
4652000,-2674357.138428785,300.2938490697098,1988.4154988553198,1.0169778945452228,54.2
4654000,-2672401.6378267426,301.99779627033456,1989.1732907378862,1.0165904684738871,54.2
4656000,-2674992.742191594,299.69253304977696,1989.135351882428,1.0166098579431897,54.2
4658000,-2675703.8751083687,301.1620159059013,1988.8058298184073,1.0167782984081513,54.2
4660000,-2674950.547608953,300.5876882534046,1988.0628860180645,1.0171582708619595,54.2
4662000,-2674441.178326484,300.39185063290927,1988.4272713423522,1.0169718735258733,54.2
4664000,-2674357.8215867803,300.01920237561865,1988.6568595338651,1.0168544652700733,54.2
4666000,-2673441.1159886047,300.30057971194424,1989.5655160136591,1.0163900566384207,54.2
4668000,-2675914.5492854007,301.06044776859886,1986.361260425994,1.0180296242151325,54.2
4670000,-2674355.6270274036,300.69566431337387,1991.9863861634913,1.0151548331620992,54.2
4672000,-2672244.652621789,300.9684625649115,1993.415392962788,1.0144271056828948,54.2
4674000,-2675933.1579474397,301.41172137167996,1991.1406761365383,1.0155860064245432,54.2
4676000,-2673568.389100982,299.02205968113174,1989.2070368780956,1.0165732224035442,54.2
4678000,-2673070.7393648867,300.8538395940955,1989.1310194552452,1.0166120721704777,54.2
4680000,-2672699.694696892,300.74175256445653,1990.0408852488965,1.0161472673733816,54.2
4682000,-2676745.2883877326,300.35032144229376,1989.933628220008,1.0162020375100667,54.2
4684000,-2673856.2421664614,300.1773488138972,1985.8920823748713,1.0182701393767133,54.2
4686000,-2672447.132578559,300.1824090915762,1987.682453061895,1.0173529501112935,54.2
4688000,-2673874.896761788,300.7442369380818,1988.2666853287894,1.01705401112858,54.2
4690000,-2673863.129985297,300.6303734134695,1990.2182369924117,1.0160567167562748,54.2
4692000,-2674350.3287419043,300.62634715666616,1988.0379237908269,1.0171710425176659,54.2
4694000,-2672657.659897741,301.8325377174653,1989.139559805717,1.0166077073568842,54.2
4696000,-2673736.067538969,300.6764088066524,1991.062609076407,1.015625826274241,54.2
4698000,-2675182.103585774,299.72922993456496,1988.2661220014577,1.0170542992863452,54.2
4700000,-2673319.5679416787,300.8147705481891,1991.2236336178257,1.0155436955280166,54.2
4702000,-2672482.3370127454,301.0260010312778,1988.7250341198796,1.0168196069407331,54.2
4704000,-2675217.13377396,300.3486139372299,1988.4935585202174,1.0169379723874081,54.2
4706000,-2671266.4792792536,301.2015304097596,1989.088497339696,1.016633804987323,54.2
4708000,-2675136.4518580586,300.8721074520922,1990.719412275068,1.0158009185211871,54.2
4710000,-2673634.427852815,301.0858124698064,1991.6192180292521,1.0153419836488395,54.2
4712000,-2671538.234872807,299.80547372760276,1991.4851649568468,1.0154103294818118,54.2
4714000,-2675647.3728870153,300.84653171888965,1989.3089547403556,1.0165211405137953,54.2
4716000,-2673923.839710366,300.3166031142751,1993.0316283011125,1.0146224368906285,54.2
4718000,-2675121.1748540923,299.3727375535169,1989.3963186974445,1.0164765001832259,54.2
4720000,-2673295.9164145235,301.0007236530344,1984.908528766195,1.0187747083559264,54.2
4722000,-2672930.923133252,300.3041947004053,1990.5872397292494,1.0158683664535186,54.2
4724000,-2673127.2991697695,300.27005821112647,1991.6663401640328,1.0153179610096872,54.2
4726000,-2673786.455258716,300.0292006014506,1990.2264209447524,1.0160525386589196,54.2
4728000,-2672960.258300215,300.4377927072291,1993.4034013876085,1.0144332080999439,54.2
4730000,-2673515.3162572924,299.4313552562732,1990.5349831000028,1.0158950355937448,54.2
4732000,-2674099.026231263,300.48358717624666,1989.810353316729,1.0162649943680793,54.2
4734000,-2673319.420649739,299.32218150431686,1988.5361395351804,1.0169161964437086,54.2
4736000,-2674214.3096795753,299.58899371263794,1988.5000849082296,1.0169346347301242,54.2
4738000,-2672141.707822969,300.3162816756016,1991.716713125784,1.0152922823715163,54.2
4740000,-2673291.1205147356,300.17830099568886,1991.1240204801188,1.0155945017525156,54.2
4742000,-2671738.2274911534,300.14263426882775,1992.8781554326727,1.0147005736373975,54.2
4744000,-2672119.4141754974,299.916912892573,1990.335815340879,1.015996693583409,54.2
4746000,-2672351.59089618,300.64741107416893,1990.3082503164142,1.0160107647574144,54.2
4748000,-2674180.099779444,299.3226949263036,1990.94136214407,1.0156876771746137,54.2
4750000,-2674318.9191280752,299.20320533785303,1991.1765557827955,1.0155677062559578,54.2
4752000,-2673097.912650196,299.5091639736267,1992.4712946600882,1.0149077745443509,54.2
4754000,-2675427.0934991483,301.091006469122,1988.211739743526,1.0170821181087215,54.2
4756000,-2672058.929084711,300.9521793844522,1993.2089479669876,1.0145321741453792,54.2
4758000,-2674784.4250776507,299.4599798867461,1991.3665883977146,1.0154707924139903,54.2
4760000,-2673238.8182824943,300.2015257311656,1990.0369293609458,1.0161492873181734,54.2
4762000,-2673899.3581299204,300.63260060134473,1987.5119877605675,1.0174402066301298,54.2
4764000,-2671990.7872193754,301.3813489598151,1989.9492997244904,1.016194034585174,54.2
4766000,-2671248.8736469243,300.4513514669431,1988.9587369475296,1.0167001305469106,54.2
4768000,-2674456.738268411,300.63613414185056,1989.663625531331,1.0163399388512009,54.2
4770000,-2672910.0509584043,300.50487532225003,1986.8313695924887,1.0177887456657844,54.2
4772000,-2677811.8652585093,300.01247499246085,1989.1945941268048,1.016579581242349,54.2
4774000,-2674473.1904539242,301.6119711658414,1985.7322959204982,1.018352076793705,54.2
4776000,-2672334.850833494,300.0986632611232,1986.9598270206202,1.0177229453799048,54.2
4778000,-2674437.056582216,299.5784706314512,1986.6012439383553,1.017906645169563,54.2
4780000,-2672622.8293192945,301.11808577802117,1989.6551012699026,1.0163442931472462,54.2
4782000,-2671160.335644398,300.40866372396374,1986.7346182923036,1.0178383106069449,54.2
4784000,-2674578.5561115313,300.1880448677265,1989.7313217750961,1.016305360114114,54.2
4786000,-2676754.1506268773,300.0624697647728,1985.041072021421,1.0187066837099428,54.2
4788000,-2674756.593059318,300.71471629032925,1985.8174094035053,1.0183084295319915,54.2
4790000,-2673851.786591867,299.5736231240139,1986.4564136022234,1.0179808596152267,54.2
4792000,-2673551.7903516553,300.46978110633444,1987.2750428600052,1.0175615170996866,54.2
4794000,-2673799.065278137,300.76334237609507,1985.5237725558554,1.0184590260049808,54.2
4796000,-2674300.793549575,300.5164915266095,1989.1626533195526,1.0165959048810456,54.2
4798000,-2673536.8902982175,300.7130527029822,1988.8425025325525,1.016759549804459,54.2
4800000,-2671920.1521758307,301.39867803579796,1990.1403463435424,1.0160964834577046,54.2
4802000,-2673752.304192962,300.28195726791256,1990.6984219358862,1.015811629337846,54.2
4804000,-2675592.0563237686,301.3211207261947,1989.2988549482138,1.0165263014538928,54.2
4806000,-2674454.805370871,298.9290636359694,1990.2630029415584,1.0160338631217325,54.2
4808000,-2676409.23218493,300.8120221977828,1987.538881773197,1.0174264393272519,54.2
4810000,-2675010.420333594,299.3802871821401,1987.7742159087186,1.0173059854197408,54.2
4812000,-2672929.0898631513,300.32841075242925,1989.3300684657045,1.016510351681659,54.2
4814000,-2671017.419281522,299.42364511751447,1989.4090797773124,1.0164699799868848,54.2
4816000,-2674912.006749319,300.77343190210195,1986.7091947445222,1.0178513356943566,54.2
4818000,-2675206.5243129805,300.85624092499967,1991.2589381795628,1.015525690172506,54.2
4820000,-2673401.448541295,301.7811405218434,1989.645855186947,1.0163490162006585,54.2
4822000,-2671310.2646557353,300.8961599070797,1995.094323586668,1.0135734354010995,54.2
4824000,-2673974.8079546094,300.0457355641833,1985.7277980300348,1.018354383472445,54.2
4826000,-2673642.9559980556,300.8566558923431,1988.930709179144,1.0167144577608478,54.2
4828000,-2675792.609698059,300.4461391318987,1988.6876539198847,1.0168387195048358,54.2
4830000,-2674371.099659579,300.88209758888394,1989.595407318527,1.016374786586562,54.2
4832000,-2673464.94447189,300.659657024712,1987.5624549722909,1.017414372287065,54.2
4834000,-2675113.02628907,301.294906004436,1987.4513276603845,1.0174712604848861,54.2
4836000,-2677476.8214343544,300.9330978587616,1986.5615711828132,1.0179269733396457,54.2
4838000,-2675707.9118417203,300.02641764090924,1987.9723401415429,1.0172045992164023,54.2
4840000,-2677684.7820820995,300.9330307326746,1988.1223499060886,1.017127848093701,54.2
4842000,-2673299.08960934,300.62530821125654,1987.2318917494895,1.0175836126133824,54.2
4844000,-2673458.995889919,299.01447975048416,1993.9322532447327,1.0141641493668003,54.2
4846000,-2672303.1016909312,301.0202736795276,1992.7333570020144,1.0147743050526592,54.2
4848000,-2671714.799417088,299.7281783609534,1993.0617044555986,1.0146071258036264,54.2
4850000,-2674496.473846948,301.1662171620722,1988.7571560547526,1.016803183511109,54.2
4852000,-2675201.1472159494,299.4317572797833,1985.8614046785467,1.0182858696698942,54.2
4854000,-2675205.5768144485,300.7164894099116,1984.062509695655,1.019209121499485,54.2
4856000,-2672826.75510101,298.80445150441636,1988.5673092206878,1.0169002568484615,54.2
4858000,-2671331.1982048787,301.0572686643981,1992.1319619675883,1.015080650334886,54.2
4860000,-2674083.963712979,300.37061248393184,1989.8830483835957,1.016227867838568,54.2
4862000,-2675535.823926119,301.1596574494436,1989.9383370601595,1.0161996328461296,54.2
4864000,-2673840.6947014984,300.0285066182735,1990.3162536892553,1.0160066792192766,54.2
4866000,-2677988.91903596,300.5670039730306,1989.1292357312354,1.016612983803231,54.2
4868000,-2671875.2054653373,300.67493630716683,1989.1314233126998,1.0166118657656327,54.2
4870000,-2675624.451843906,300.2470043027505,1988.9372951682024,1.0167110911035324,54.2
4872000,-2674723.404492814,299.41547615153667,1990.6187071875568,1.0158523077299915,54.2
4874000,-2672789.890694769,300.32160313051406,1988.679062953425,1.01684311218312,54.2
4876000,-2676204.385209838,301.4196296338469,1994.6530518821166,1.0137976655132512,54.2
4878000,-2671439.0674447063,299.105044479075,1989.712316147382,1.0163150678096244,54.2
4880000,-2672219.816106694,300.61077226419985,1991.651813503912,1.0153253665104047,54.2
4882000,-2673423.8992935587,301.5625785577662,1995.5529717503991,1.0133404806253885,54.2
4884000,-2673677.080593614,299.78627363843196,1992.5615117092527,1.014861822645724,54.2
4886000,-2669584.2726715803,300.18360392238105,1992.5404979058594,1.0148725256185547,54.2
4888000,-2675133.710853914,300.68604737280407,1989.756574341134,1.0162924618940243,54.2
4890000,-2676507.311594449,300.2572511012302,1989.6601873092786,1.0163416951322046,54.2
4892000,-2673615.606788885,300.08794814729424,1987.8207546511155,1.017282168311944,54.2
4894000,-2676154.582188396,298.91651309663456,1987.971978108706,1.0172047844612,54.2
4896000,-2675504.5584528316,300.4617504780744,1986.8171612508563,1.0177960241866721,54.2
4898000,-2675457.18257023,299.1924859142374,1987.516115139647,1.0174380937610106,54.2
4900000,-2673725.0424136072,300.9327830766116,1988.490219376408,1.0169396800659785,54.2
4902000,-2678422.755434824,300.60999778862157,1984.9190292849314,1.0187693188852454,54.2
4904000,-2675427.9326612614,300.6509231959549,1988.1321355465504,1.0171228417627596,54.2
4906000,-2673034.465879852,301.0110135809603,1991.5495413527472,1.015377506568791,54.2
4908000,-2672282.0640837513,301.3585206747375,1986.7598741929423,1.017825371739207,54.2
4910000,-2673063.5324292704,300.82359302171193,1989.9869769569138,1.0161747945704043,54.2
4912000,-2675196.787809536,299.4674437427432,1989.1944910768732,1.0165796339061064,54.2
4914000,-2673113.717444269,299.4996484239256,1989.7162482239046,1.0163130593681589,54.2
4916000,-2672584.200715551,300.765706104882,1986.7272184385565,1.0178421016933943,54.2
4918000,-2673466.397501271,299.783479353077,1989.4957850178148,1.016425680685151,54.2
4920000,-2671640.542323038,298.9031723778401,1992.4929831643492,1.014896727162112,54.2
4922000,-2671424.766880609,299.9772243704316,1990.7625624572345,1.0157789008303253,54.2
4924000,-2673853.1639331803,299.47983882133764,1989.371779042473,1.0164890388061538,54.2
4926000,-2671956.021007048,300.4835507916222,1991.4799425774463,1.0154129922542927,54.2
4928000,-2675562.384796299,300.5954987647099,1988.9570378010835,1.016700999103838,54.2
4930000,-2675586.0953020733,300.2183897236187,1988.35245687121,1.0170101384786592,54.2
4932000,-2673499.7007073555,299.5902340286263,1988.2406233920526,1.0170673427127879,54.2
4934000,-2675912.855735693,301.1239192652346,1991.2459041628172,1.0155323374574161,54.2
4936000,-2672961.3786007836,299.8505549112013,1993.4154822868802,1.0144270602268517,54.2
4938000,-2676395.1085661333,300.08605221004836,1990.2635286986076,1.0160335947216146,54.2
4940000,-2676934.83857359,299.5770280656899,1987.887749289031,1.0172478844593733,54.2
4942000,-2674857.821893584,300.6135615220756,1990.0214797526485,1.0161571762322483,54.2
4944000,-2674763.5277851615,300.6537494324122,1987.6065489467587,1.0173918015004182,54.2
4946000,-2676182.0805010498,299.92256176050284,1986.0127938863918,1.018208248069649,54.2
4948000,-2671957.1339574233,300.52512761514055,1990.6844557290674,1.0158187560501,54.2
4950000,-2672769.226674946,299.18500123157736,1989.43725527272,1.016455584184666,54.2
4952000,-2673326.3389105536,299.3403928879653,1990.0766916242392,1.0161289843842827,54.2
4954000,-2677065.3457158133,301.18196211896526,1989.7342179946304,1.016303880799234,54.2
4956000,-2673853.9947454426,300.6867009265049,1992.157693362295,1.0150675392036936,54.2
4958000,-2674456.830461396,301.7828924622608,1989.6585014409977,1.0163425562941704,54.2
4960000,-2674482.149051586,301.31150517221164,1986.5960935887222,1.0179092841434,54.2
4962000,-2673647.1282129977,300.17607531815065,1986.5374986523873,1.0179393084091086,54.2
4964000,-2674882.9569301363,301.8281867474124,1986.6413392403397,1.017886101313194,54.2
4966000,-2675031.123560127,300.29391533757223,1989.0682926386962,1.0166441318233255,54.2
4968000,-2675365.992171338,300.46466088070093,1987.1676790921813,1.017616494462502,54.2
4970000,-2673833.8067397308,300.2818217934891,1992.0437075804793,1.0151256218986726,54.2
4972000,-2677354.233988961,300.49355420684014,1989.560328878638,1.0163927065467353,54.2
4974000,-2674525.6558600124,300.1852295671293,1990.0921042448235,1.0161211147934897,54.2
4976000,-2674057.893232342,300.37642533655156,1990.504750306605,1.0159104655216162,54.2
4978000,-2674726.6488725077,299.9395962394828,1987.5435351819651,1.017424057240505,54.2
4980000,-2677663.5463242773,299.55176914189684,1987.374575736176,1.0175105549782455,54.2
4982000,-2671888.6624159776,299.2669031856538,1988.3413426932657,1.0170158232327844,54.2
4984000,-2673670.872555433,299.51851368040747,1988.622611828274,1.0168719773571573,54.2
4986000,-2674892.223573599,299.9469393397833,1988.124121344873,1.0171269418224578,54.2
4988000,-2674036.068673834,300.75337404725894,1985.8297187634253,1.0183021174475013,54.2
4990000,-2673071.602388533,300.98751120460736,1984.2674662995466,1.0191038465586084,54.2
4992000,-2672929.0594907496,300.41460389699847,1985.8943167900557,1.0182689936771452,54.2
4994000,-2672361.6034434047,299.21338854584457,1991.676551246496,1.015312755598487,54.2
4996000,-2674220.396090286,300.7063965815153,1988.7243652416748,1.0168199489330596,54.2
4998000,-2673794.7314224597,300.49330976663464,1990.3941096146307,1.015966937270777,54.2
5000000,-2675600.7053887174,300.6983985582003,1988.9867608690715,1.0166858057031003,54.2
