#"Step","Potential Energy (kJ/mole)","Temperature (K)","Box Volume (nm^3)","Density (g/mL)","Speed (ns/day)"
2000,-2662818.556570938,299.7471887142047,2028.3723742580441,0.9984181494596522,0
4000,-2669488.012796752,300.7931398463965,2010.3259267225183,1.007380825866117,63.8
6000,-2670892.1776134744,300.61417587922136,2001.8027756778858,1.0116699891356684,63.7
8000,-2672878.700404238,300.4097222735916,1997.78823632636,1.013702931821131,63.7
10000,-2674780.6047534924,299.2214968654497,1999.5687553968028,1.0128002784880061,63.5
12000,-2674849.785910204,300.93539961705505,1995.6788065370547,1.0147744144439286,63.2
14000,-2676192.9191711247,300.37110646264796,1994.9078652377473,1.0151665786732684,63.1
16000,-2674692.5936393104,300.6165528216743,1994.2852297048407,1.0154835236991286,63
18000,-2673744.199660767,300.48753054743514,1998.2940944123495,1.0134463180292537,62.8
20000,-2674476.0095614325,300.7883465452383,1994.72381641372,1.0152602458834652,62.6
22000,-2675215.0414395034,299.307788399136,1993.5186321760325,1.0158740227630694,62.5
24000,-2675257.0915058553,301.16202199036525,1996.1833439089435,1.0145179291778401,62
26000,-2678341.7424004097,299.59734034372167,1994.90682185786,1.0151671096275863,61.3
28000,-2678228.6725506205,300.69665595651185,1992.588169359565,1.016348397256972,60.6
30000,-2679646.859703591,300.2716372675697,1994.3442645542602,1.0154534642364896,59.9
32000,-2674472.013869118,301.22716602206407,1993.6511015196386,1.0158065224041153,59.2
34000,-2676067.3207338452,301.30054717033323,1997.2152068825446,1.0139937776074106,58.7
36000,-2675058.9949554037,301.12258355401406,1998.7037936819022,1.0132385792850036,58.1
38000,-2675818.4369354583,300.9317048562376,1999.3233053531258,1.012924616493733,57.6
40000,-2679884.843658611,300.46604035602155,1996.3504987979854,1.0144329833569612,57.2
42000,-2676850.7688645367,301.1396012651361,1996.3834889526072,1.0144162198938491,56.8
44000,-2675884.869494289,300.12620339919044,1992.8799819160188,1.016199575839354,56.4
46000,-2674875.9742809683,299.58057362100635,1996.4525349704093,1.0143811369659304,56
48000,-2676788.520539893,300.92508975187945,1993.244482764461,1.0160137453450102,55.8
50000,-2678697.646351427,300.5937590520952,1992.5581973664628,1.0163636851352345,55.4
52000,-2675940.1056253426,299.1541696042159,1993.5112166050335,1.0158778016662824,55.2
54000,-2674551.809361946,298.65112214745085,1996.3754922571352,1.014420283246472,55
56000,-2676665.694217153,299.7961905168583,1995.4812351041653,1.0148748866666657,54.8
58000,-2675666.2043980304,298.5940639712339,1994.7197085410621,1.0152623366833842,54.6
60000,-2676179.816058047,300.3739095862315,1995.4010337746395,1.0149156776223858,54.4
62000,-2677932.9183181133,301.06792907568666,1995.1164908626706,1.0150604245901123,54.2
64000,-2679871.3932254594,300.8938026998752,1988.7840104854224,1.01829247502221,54
66000,-2679840.4556323383,299.6145592965604,1994.4155750073303,1.0154171566346468,53.9
68000,-2676895.458823612,300.5240242413595,1995.279990285559,1.0149772473947187,53.8
70000,-2675596.072265124,299.30294942279437,1995.178384423422,1.0150289358247238,53.7
72000,-2675481.4804205988,301.70065465059963,1994.2267186012402,1.0155133182360814,53.6
74000,-2677528.687288901,299.8233987199149,1992.2784554081306,1.0165063958928022,53.6
76000,-2676408.387878109,299.6070555964556,1993.5510303592591,1.0158575132921688,53.5
78000,-2677811.1770724207,300.70060132255907,1992.1966089865903,1.0165481575395199,53.4
80000,-2676500.362865217,299.8769552394137,1993.8185534407044,1.0157212093482635,53.4
82000,-2679713.847502228,301.0546763054586,1991.8299319478792,1.016735294434159,53.3
84000,-2677413.6344739143,301.0514070788205,1990.6809974518799,1.0173221098277707,53.2
86000,-2679466.443467401,299.8521133027095,1993.4369614455006,1.0159156429272238,53.1
88000,-2676515.9853775576,300.24305308534105,1994.8099360394863,1.01521641522529,53
90000,-2678318.9262574334,301.6061159664061,1993.4228884169897,1.0159228150179482,53
92000,-2676296.45543365,300.821015338488,1996.6696259453474,1.0142708468172141,52.9
94000,-2675411.094142897,300.6237223388068,1995.587401558438,1.0148208947101303,52.9
96000,-2678845.43074991,300.79140750038977,1987.2074852040978,1.019100324148488,52.8
98000,-2675868.453292735,300.0392884688801,1992.5787115861337,1.0163532213539135,52.8
100000,-2674615.5760082807,300.74944524998267,1992.8991372331038,1.0161898083479977,52.7
102000,-2676382.4683431312,299.9861149505114,1992.6300523448497,1.0163270346839663,52.7
104000,-2676328.790753886,298.9227652689698,1992.1530611754356,1.016570378948134,52.7
106000,-2675288.6244795136,299.9580389791622,1994.7355109174307,1.0152542937335949,52.6
108000,-2675238.6964782868,301.30228711152284,1994.9670097303613,1.0151364821794813,52.6
110000,-2680036.5388461985,299.91290870238583,1990.5129645693157,1.0174079889803578,52.5
112000,-2678395.7292900644,300.4707782306236,1993.9618864925135,1.0156481957055707,52.5
114000,-2678444.8369720355,299.98987433980255,1992.2073711842747,1.0165426659966286,52.5
116000,-2676696.8071974646,300.09351353976353,1992.6284153580914,1.0163278696183098,52.4
118000,-2674856.304035077,300.8123009795579,1992.4024508551518,1.0164431344945317,52.4
120000,-2678376.769590441,300.34629543273667,1996.989567624304,1.0141083484632374,52.3
122000,-2675042.081312755,299.53248502337624,1996.9935776540055,1.0141063120998546,52.3
124000,-2676691.5945655573,300.6783473448855,1991.6428137650398,1.016830818420392,52.3
126000,-2677692.0499120504,299.53566791633244,1992.4996114622254,1.0163935695001722,52.3
128000,-2679317.755708305,298.75948425449127,1993.2252786499355,1.0160235343259818,52.2
130000,-2677838.9435108155,300.77561402445457,1993.5061470801063,1.0158803850633018,52.2
132000,-2675263.0974304844,299.89781274116166,1994.0817005887402,1.0155871706379334,52.2
134000,-2677521.27157362,300.17218305132917,1992.8216031344887,1.0162293449330528,52.2
136000,-2675548.8158032633,300.1195470996197,1991.6894715824922,1.016806997886427,52.1
138000,-2679684.832230715,300.8898998717643,1992.6257879742066,1.01632920970107,52.1
140000,-2677686.1677866243,300.3627247999874,1993.0168851673084,1.016129771600902,52.1
142000,-2679842.3694715537,300.1866550580311,1994.692081665234,1.015276398265503,52.1
144000,-2676225.2406713683,299.41739995170445,1995.4681504305845,1.0148815413990975,52.1
146000,-2676352.3838925734,299.9173918519174,1995.2209417884326,1.0150072856124523,52.1
148000,-2675691.09782107,301.2097515636379,1990.5224220427665,1.0174031550187115,52
150000,-2676352.5092106517,298.9731124545496,1994.274253679583,1.015489112686092,52
152000,-2679597.31315146,300.0105812581941,1991.7899112541118,1.0167557235224032,52
154000,-2675733.953677049,299.55522312178465,1993.6650673524143,1.0157994065729474,52
156000,-2679319.74254046,300.98445755971306,1992.8588195952816,1.0162103669406328,51.9
158000,-2677474.301761059,299.9996050233818,1992.7293746479068,1.0162763785622528,51.9
160000,-2679115.6335003376,300.46138218873347,1991.6315208642761,1.016836584029846,51.9
162000,-2680681.2083524913,300.4604782700004,1993.9543432520488,1.0156520379593286,51.9
164000,-2678527.4445806295,300.5419521821693,1994.7253901794104,1.0152594448801042,51.9
166000,-2674615.1654784996,300.733235299493,1995.1856366156335,1.0150252463510188,51.9
168000,-2675256.9980439935,299.5555564640538,1994.1816439556194,1.0155362719640337,51.9
170000,-2676946.25309634,301.09441168158247,1993.8394980716105,1.0157105395296278,51.9
172000,-2678909.3443816435,300.9766264456829,1991.5386537938014,1.016883999948453,51.9
174000,-2676331.714049749,299.660121008731,1996.816720180771,1.0141961311994925,51.9
176000,-2677626.353435831,299.818103614618,1990.9349841137773,1.0171923284693583,51.9
178000,-2677815.1243200153,300.0159593393209,1991.627561662663,1.0168386054223602,51.8
180000,-2678187.902444208,299.3997019346572,1993.3316922051965,1.0159692941426048,51.8
182000,-2678639.203891333,301.12678417490974,1990.1833969788006,1.017576468277295,51.8
184000,-2679728.0479970705,301.7050893555626,1989.5789007809005,1.0178856397838407,51.8
186000,-2676468.0007451177,300.36874639712875,1995.0871547406375,1.0150753502220158,51.8
188000,-2680067.6866246313,300.4577731004512,1996.7694531675022,1.0142201389896328,51.8
190000,-2679629.950741602,300.0932074880403,1995.034461380385,1.0151021606516841,51.7
192000,-2678287.0472991,300.28573552058765,1992.626945659968,1.0163286192293526,51.7
194000,-2678176.5503350515,299.8857978373112,1994.7151935489817,1.0152646347063923,51.7
196000,-2678431.3423693776,300.69738413293095,1993.0939825507394,1.0160904654029488,51.6
198000,-2680487.1578368656,299.791425789535,1991.6343607618567,1.0168351341092121,51.6
200000,-2676468.2782743145,300.104078611099,1993.5045368407227,1.0158812056335964,51.5
202000,-2677908.7342566308,299.13054449888625,1993.5697181697963,1.0158479905989977,51.5
204000,-2679153.1076317597,300.0408246766076,1993.945263083019,1.015656663107446,51.5
206000,-2678767.013636112,301.1006305704186,1991.9499150071586,1.0166740524269255,51.4
208000,-2680120.5661986712,301.0762052988653,1991.8978297725878,1.0167006369764497,51.4
210000,-2675714.7035878226,299.8273522855906,1996.005904944908,1.0146081167919663,51.4
212000,-2675801.7937701177,299.4352157217056,1993.9788907110103,1.0156395344785558,51.4
214000,-2680322.9616549257,300.18972930625455,1992.0745808879976,1.016610428018739,51.3
216000,-2676356.6053896956,300.2838863015174,1992.0717240977021,1.0166118859194613,51.3
218000,-2678508.1185556836,299.4746686451851,1991.0272853761187,1.0171451728443945,51.3
220000,-2677633.427689301,301.4935740875671,1993.6356272435487,1.015814406929435,51.3
222000,-2680165.4101418294,300.40439063067976,1991.1923310861066,1.01706086383788,51.3
224000,-2678329.6835766137,300.5092105063151,1990.3606986465306,1.017485822393365,51.2
226000,-2678568.9945467617,300.7827543610972,1991.692592574137,1.0168054045450865,51.2
228000,-2678209.528147027,300.82097659525675,1991.0410570546026,1.0171381374313164,51.2
230000,-2679408.7573083695,301.1902688104868,1993.0998113688613,1.0160874938475433,51.2
232000,-2676127.7351798415,300.54385979176107,1993.3494768598125,1.015960229669362,51.2
234000,-2675809.330245681,300.5088219197792,1995.5602386989483,1.0148347080928761,51.1
236000,-2677708.30353898,299.1431195802741,1993.7100731595006,1.0157764760211354,51.1
238000,-2676448.600890411,300.8249430101831,1996.129274858661,1.0145454093724429,51.1
240000,-2674763.77835558,301.3670974356888,1995.641105964012,1.0147935850136363,51
242000,-2675850.698044626,300.10683285305805,1993.6080589390735,1.015828453963773,51
244000,-2677400.8281486556,298.89205336169255,1994.3586394404385,1.0154461450774983,50.9
246000,-2676979.8025255986,299.69911033445993,1993.537220870115,1.01586455026803,50.9
248000,-2679085.093422588,300.0068508043644,1991.7209872854278,1.0167909085910423,50.9
250000,-2678828.850728955,299.4728163713502,1994.0895525374085,1.0155831716508659,50.8
252000,-2678270.566588536,300.42459849965866,1989.3146786006002,1.0180208360732632,50.8
254000,-2675723.9057264607,300.1093502809552,1994.0835366390656,1.015586235537111,50.8
256000,-2676451.0188423134,300.49005924876855,1993.6503419754597,1.0158069094077509,50.8
258000,-2675308.4948756583,300.0617431560124,1996.1335450010477,1.014543239050038,50.7
260000,-2678615.128217796,299.98726732168876,1995.3395307795067,1.014946960696278,50.7
262000,-2676873.406352697,300.96861381598904,1994.1204464193797,1.0155674377433714,50.7
264000,-2677900.619507473,301.5814618269652,1992.4729055522248,1.0164071926290574,50.7
266000,-2677448.4661857076,299.8394847792506,1992.7460086749604,1.0162678954095072,50.7
268000,-2677581.364414571,299.39543598561164,1994.76691236351,1.015238311689395,50.6
270000,-2679554.683452174,300.5127050782276,1991.1084418131134,1.0171037145910915,50.6
272000,-2678383.312198814,301.2176085313374,1992.083670993881,1.0166057891089546,50.6
274000,-2677529.421410503,300.4456433302925,1992.6348290014016,1.016324598389509,50.6
276000,-2678863.6803463176,300.01320494056563,1995.0674522099443,1.0150853747217996,50.6
278000,-2678287.844667198,300.0820385690801,1989.647856636976,1.017850362598763,50.5
280000,-2677910.518452041,301.2972277318456,1991.3966410608941,1.016956517132074,50.5
282000,-2677758.8115267493,301.647683283284,1995.868593628082,1.0146779195720812,50.5
284000,-2676469.9465196207,300.57523690941593,1992.3437760842828,1.016473068870684,50.5
286000,-2679472.428603044,299.95431318561384,1990.7748061421792,1.0172741718819815,50.5
288000,-2675363.4531879835,300.0412142649172,1995.8487038398102,1.0146880314252218,50.5
290000,-2679599.079850193,300.63530637946286,1991.6557738078577,1.0168242017293359,50.4
292000,-2678847.621450832,301.42745149655383,1991.9275213090461,1.0166854821057492,50.4
294000,-2679101.055793287,300.0431778901745,1993.3929699344567,1.0159380628238022,50.4
296000,-2678115.6845185403,299.7815399528045,1990.3611498877053,1.0174855917158832,50.4
298000,-2679770.4658427443,299.9357828944229,1991.3475155852057,1.0169816049041818,50.4
300000,-2676140.451474456,299.45135716857703,1994.4191957751257,1.0154153131958414,50.4
302000,-2682574.3531770743,299.5874470204199,1991.9166095418138,1.0166910515333427,50.4
304000,-2676300.979666671,301.4200274408433,1992.9907467629166,1.0161430983114887,50.4
306000,-2680291.2538821474,300.4807147019292,1993.7236239507374,1.0157695720677467,50.4
308000,-2676748.9215972945,299.54867335961694,1992.1730196348747,1.0165601945020666,50.4
310000,-2676759.1683749687,300.6776947345806,1995.0394115357806,1.0150996419478386,50.4
312000,-2680159.9939375725,301.06937137960455,1996.09481423722,1.0145629245050096,50.4
314000,-2677931.2161170617,300.6990502911986,1997.3761469596059,1.0139120743003214,50.4
316000,-2679267.8968841303,300.96578042432395,1994.4418691668914,1.0154037696610025,50.4
318000,-2676123.3016019836,300.37612975304984,1991.0999642489594,1.0171080451431211,50.4
320000,-2678038.7437506393,301.10310639306255,1994.4031813480005,1.0154234666598385,50.4
322000,-2677980.1219054013,300.0690272226457,1992.84861563547,1.0162155702308693,50.4
324000,-2677132.601702409,301.0646864518989,1992.6222211928948,1.0163310289239982,50.3
326000,-2678579.3051371947,299.9483102249541,1991.787560098222,1.016756923726308,50.3
328000,-2678991.775535699,300.1096550168408,1993.9643697612564,1.0156469308246852,50.3
330000,-2678845.3217858803,300.10152988886836,1993.6010923997803,1.0158320037254915,50.3
332000,-2680566.85727372,300.0972126366309,1990.2795556091487,1.0175273049528823,50.3
334000,-2681386.629533801,299.23202886661414,1992.3176491729462,1.0164863987238615,50.3
336000,-2680017.076093901,300.42404355525065,1990.6060208847116,1.0173604274650627,50.3
338000,-2680901.4947605543,300.61781527296165,1991.5484785540032,1.016878983429116,50.3
340000,-2677427.0620249975,300.3034377969769,1995.3777454758495,1.014927522827937,50.3
342000,-2678926.9670398943,299.94903506800694,1993.2657702711326,1.0160028946096467,50.3
344000,-2677664.778986506,300.73102078420305,1992.4831390010154,1.0164019723334612,50.3
346000,-2679453.269868577,301.4785571240031,1993.1766037592017,1.0160483463945278,50.3
348000,-2678631.0830844324,301.3998740140628,1992.1906880755707,1.0165511787820265,50.3
350000,-2678796.171335995,299.76276117518387,1992.646164137506,1.0163188170431485,50.2
352000,-2675871.4456775077,299.77419662566905,1995.6531607034822,1.0147874551547387,50.2
354000,-2679391.249094017,300.2101984732713,1993.2507385728481,1.0160105565904862,50.2
356000,-2677827.304427037,300.3591554277246,1993.8823778400915,1.0156886959980018,50.2
358000,-2680039.7998573612,300.4421105997418,1992.2100527753028,1.0165412976912689,50.2
360000,-2680000.776499074,301.29155203723144,1991.803835445668,1.0167486156429986,50.2
362000,-2677041.9223154075,301.1104567494091,1995.0286527388366,1.0151051161804572,50.2
364000,-2679428.294633312,300.79568279343584,1995.7767122761582,1.0147246332041442,50.2
366000,-2677149.75662905,299.60134148930723,1994.7075423137471,1.0152685290259258,50.2
368000,-2677311.4530959167,300.87637535034514,1996.1154207444106,1.014552450863064,50.2
370000,-2679768.995898409,300.4834035544482,1991.722753468944,1.0167900069397762,50.2
372000,-2680014.2368555535,300.66851729448194,1991.6121955081983,1.0168464507745385,50.2
374000,-2679767.639511237,300.89345312102296,1995.4065296797705,1.0149128822620435,50.2
376000,-2677567.125458166,299.2405806222829,1994.9420282862743,1.0151491941154225,50.1
378000,-2679106.9099991787,300.2007100602046,1995.7494896497365,1.014738474354927,50.1
380000,-2679373.8083944414,299.33808819667655,1993.2846233786183,1.0159932849374738,50.1
382000,-2680159.0948179103,300.27723249565656,1994.6217986252075,1.0153121728227583,50.1
384000,-2677781.0113439,298.80832545383555,1993.3645673904698,1.0159525384626238,50.1
386000,-2679279.6018156,299.9437651590528,1993.6281244428503,1.0158182298354967,50.1
388000,-2678522.977527803,300.57766078304155,1990.857184646998,1.0172320786942248,50.1
390000,-2678343.646200048,300.79684193392114,1990.2183368550266,1.0175586039077464,50
392000,-2678916.8844475355,298.9416806798556,1995.5764520064824,1.0148264629428585,50
394000,-2677778.4123508316,300.3980917426079,1993.8825995306506,1.0156885830682862,50
396000,-2678459.1932062134,300.28387268438956,1993.5861285722767,1.0158396285452362,50
398000,-2677536.5012150016,301.73671763292475,1993.6005352968884,1.0158322875952723,50
400000,-2676033.366942335,299.4675332902639,1994.9941079884957,1.0151226934518225,50
402000,-2676934.912706537,299.47409234534456,1993.9726556474016,1.0156427103381058,50
404000,-2680016.179987695,299.535938042201,1995.9927738693684,1.0146147916136385,50
406000,-2678461.9007022716,299.964303331498,1994.9889449761056,1.0151253205796853,50
408000,-2678706.7933702916,301.23781603952364,1995.0322431926795,1.0151032892986722,49.9
410000,-2679556.124734482,301.3559051007789,1994.4804823480915,1.0153841114241353,49.9
412000,-2677682.6308184266,300.4723013838172,1991.2682160544498,1.0170221048043993,49.9
414000,-2677966.6085661836,299.5861894328615,1990.323358495324,1.017504911288793,49.9
416000,-2679031.785097789,300.1380943151393,1994.4243259164691,1.0154127013022682,49.9
418000,-2678617.757065395,299.83315426875373,1988.250347682212,1.0185657931269156,49.9
420000,-2679243.4327604026,299.34333332970755,1992.4346546258848,1.016426705698942,49.9
422000,-2675294.0571643226,300.43729674496893,1999.3948398157863,1.0128883760190086,49.9
424000,-2679442.718160318,301.62969265803133,1995.0365767349679,1.0151010843300603,49.9
426000,-2677323.7426417097,299.53224927681396,1992.5464870560031,1.0163696583631465,49.8
428000,-2678760.051804086,301.6163303348576,1992.883754653198,1.0161976520673766,49.8
430000,-2681291.2926400416,299.50011922715817,1993.726653660078,1.0157680284827448,49.8
432000,-2675247.1426810063,300.220385857812,1994.6658393865077,1.0152897554733629,49.8
434000,-2677276.228707252,300.797071164436,1993.6827222809218,1.0157904112269474,49.8
436000,-2679337.0780277494,299.81921370635405,1992.2504371892592,1.0165206916350207,49.8
438000,-2678840.002024051,300.16889720791005,1990.1011653479686,1.0176185148696693,49.8
440000,-2678710.753864715,300.27088007129544,1994.6709376779183,1.0152871604372886,49.8
442000,-2678541.2117938343,299.80099949995656,1993.341119265105,1.0159644893436128,49.8
444000,-2678433.515856549,299.9372671709351,1989.9046880437334,1.0177189915124667,49.8
446000,-2678139.6037654616,300.85359708771205,1992.2989394262554,1.0164959445819948,49.8
448000,-2678303.1555026155,300.17364967923214,1996.1478269333802,1.014535980250017,49.8
450000,-2678960.9393910654,301.10298334821715,1992.9080639154402,1.0161852566058593,49.8
452000,-2680376.3763388656,301.01633925567404,1993.6446629619222,1.0158098029932014,49.8
454000,-2676922.5995329823,299.99339659546285,1990.9980522039023,1.0171601072537846,49.8
456000,-2676575.2310974505,299.69765091632496,1994.4761660489582,1.0153863088440065,49.7
458000,-2679346.8056660406,300.2557553199264,1994.7316982826185,1.0152562342421187,49.7
460000,-2678877.736194849,300.62552854110936,1993.7853943547009,1.015738102032417,49.7
462000,-2675681.647779055,300.4991194222953,1994.4889016898965,1.0153798251802308,49.7
464000,-2680152.7250599638,300.21824932542245,1992.217885548263,1.0165373009712078,49.7
466000,-2681524.0585085936,299.512929997554,1992.864251535145,1.0162075970612505,49.7
468000,-2677048.174469808,300.6190622521095,1993.5251605823896,1.0158706959736417,49.7
470000,-2678797.7690075375,301.29037891152444,1995.6676438050781,1.0147800905668243,49.7
472000,-2681045.2999905627,300.3884930677661,1991.4257644759339,1.0169416447490536,49.7
474000,-2679022.064284129,301.41228418607955,1992.8639662687347,1.0162077425252154,49.7
476000,-2679643.141138848,300.5142031473808,1993.558883891461,1.015853511368896,49.7
478000,-2678745.000951506,300.8148086411611,1990.147698302515,1.0175947212607133,49.7
480000,-2679514.6025177985,300.3125166419311,1993.26595970936,1.0160027980496333,49.7
482000,-2677488.1648224704,300.1262971935598,1991.6404406758963,1.016832029999614,49.7
484000,-2682201.4768048543,300.181852291175,1987.4749724031112,1.0189631670546853,49.7
486000,-2680765.690549873,300.22341579540216,1992.5300010495334,1.016378067710436,49.7
488000,-2677084.943765793,299.99733637126246,1994.465153988447,1.0153919151066444,49.7
490000,-2677828.765390698,300.3983442062296,1989.0765764522407,1.0181426981227253,49.7
492000,-2677254.9376548603,301.2758091693337,1995.0436319533612,1.015097494554014,49.7
494000,-2679683.0165628567,300.2431289887087,1989.01048223085,1.0181765306990231,49.6
496000,-2676808.5414961483,298.87532935372025,1993.8169247582036,1.015722039057019,49.6
498000,-2674530.5605169293,298.8096642611224,1994.5592651955685,1.0153440048938471,49.6
500000,-2677885.87997221,299.39472153625377,1995.3601787115247,1.0149364580531615,49.6
502000,-2677797.87601606,300.1705173980184,1991.698751543382,1.0168022602577238,49.6
504000,-2677096.329444006,300.73241140978047,1989.6751290429852,1.0178364109601563,49.6
506000,-2680468.073276704,300.5114066735565,1988.7780183894185,1.0182955430902467,49.6
508000,-2679557.6293592677,300.9159439697784,1989.17089982551,1.0180944193882209,49.6
510000,-2681396.3344952315,300.0728428582349,1991.4199111718215,1.0169446338065988,49.6
512000,-2677047.6545535773,301.26035074166754,1993.3009541548458,1.01598496107702,49.6
514000,-2678004.422297301,300.3358938186782,1990.9173562383023,1.0172013348400366,49.6
516000,-2676827.1684199665,299.89504669269047,1991.3017685789514,1.0170049684468523,49.6
518000,-2679757.189167466,300.24289992783196,1991.7379510453877,1.0167822485176155,49.6
520000,-2679605.360064827,300.4056167402075,1988.8947320946281,1.018235786762315,49.6
522000,-2677104.0876399614,300.17246829928354,1996.8175346676314,1.0141957175165153,49.6
524000,-2678923.2020632215,299.93917592289876,1996.5851729756193,1.014313749161818,49.6
526000,-2679758.1773900874,300.61661709174376,1990.9028966434248,1.0172087226032647,49.6
528000,-2679636.7269392535,300.44432115189977,1991.8763013476444,1.0167116255922277,49.6
530000,-2676861.2959581222,299.89354807048784,1993.0664842241172,1.0161044843971552,49.6
532000,-2680489.1701597925,300.94725022749634,1993.0934373634373,1.0160907433425623,49.6
534000,-2678441.564247569,300.5325381917076,1992.8890092652134,1.016194972678626,49.6
536000,-2676764.526185002,300.2060351679316,1996.1891588240728,1.0145149738789252,49.6
538000,-2675357.8501386326,300.3938295950494,1997.4693825038237,1.013864748096043,49.6
540000,-2676407.968444893,301.02236056924403,1997.7722901348727,1.0137110231842668,49.6
542000,-2677549.8072877806,300.30908453730774,1994.8096917392418,1.0152165395567587,49.6
544000,-2676908.7186428737,301.457718788596,1995.025151980875,1.0151068974298383,49.6
546000,-2678160.8032719605,300.83235089690123,1995.7221815762305,1.0147523593300518,49.6
548000,-2674840.503671054,299.952624132824,1991.419131973123,1.016945031714765,49.6
550000,-2680218.0437104944,300.1712054261582,1991.8417055197074,1.0167292846162168,49.6
552000,-2679178.0461457577,300.97960118949817,1993.6855476828032,1.0157889716738835,49.6
554000,-2680959.1234136466,301.4847803716126,1989.3535583065968,1.0180009399865972,49.6
556000,-2680320.078170033,300.32272438061534,1994.1795474507503,1.0155373396094929,49.5
558000,-2676654.6834322587,299.9855083435863,1992.2760647599991,1.0165076156580541,49.5
560000,-2678175.42142101,299.853712904893,1991.8347417134348,1.0167328392814818,49.5
562000,-2681590.4891608153,300.71553627559064,1990.8738556468077,1.0172235606880526,49.5
564000,-2678383.8945846315,299.81172563569504,1993.6746891738005,1.0157945041480396,49.5
566000,-2679262.461965902,300.6473582393589,1991.9327790232576,1.0166827985605194,49.5
568000,-2676684.7379758246,300.8065796937606,1990.2418246644802,1.0175465952049343,49.5
570000,-2678875.0768861175,300.3372693216175,1990.8640645046657,1.0172285634306557,49.5
572000,-2678901.350711927,300.7023544961298,1991.5234012558524,1.0168917879873927,49.5
574000,-2678861.078175606,300.1869095335094,1993.1897664034327,1.0160416366054597,49.5
576000,-2680134.8820721135,299.51387382429795,1992.8506408226383,1.0162145375259135,49.5
578000,-2676918.4769320264,300.00784255341074,1994.6595280411652,1.0152929679736316,49.5
580000,-2677998.2372279447,301.4231992670131,1991.772306915645,1.0167647101479491,49.5
582000,-2677379.879813364,299.28181493136054,1992.452265229345,1.0164177218512622,49.5
584000,-2677903.9343510494,301.0393900739413,1986.479318175041,1.0194738871896718,49.5
586000,-2679498.113774268,301.4089944696209,1991.815541338587,1.0167426402149666,49.5
588000,-2679193.621250283,301.04916825645455,1994.0738831537494,1.0155911520785166,49.5
590000,-2682283.466899013,299.21228062238725,1991.6658453301964,1.0168190598187659,49.5
592000,-2679656.247950718,300.45106302795807,1990.0845457603953,1.0176270132020944,49.5
594000,-2680142.412266586,299.73077994625424,1987.834052259536,1.018779102822909,49.5
596000,-2680086.200501714,301.30621549715846,1992.173973047763,1.0165597079975723,49.5
598000,-2677705.3529733997,299.9466273590164,1991.8011096491823,1.016750007071987,49.5
600000,-2680148.182815727,300.02584752541793,1990.739067780435,1.017292434301671,49.5
602000,-2675089.244606808,299.9767614255439,1996.35549820081,1.0144304429481374,49.5
604000,-2679521.627081191,300.4090454987941,1990.9658912713517,1.0171765378806208,49.5
606000,-2679228.4584006052,300.03443095552774,1988.7711366468116,1.01829906669721,49.5
608000,-2678227.833109582,299.81112951091586,1993.437111516923,1.0159155664463033,49.5
610000,-2678542.153526325,299.1531744133427,1990.4003566758145,1.0174655493450784,49.5
612000,-2677043.5530734006,301.6307912334407,1996.1970040390577,1.0145109867533761,49.5
614000,-2679979.040912252,300.57336389357863,1992.750103556131,1.0162658070913273,49.5
616000,-2677188.006563874,300.3015932006016,1994.4943657639044,1.0153770434674287,49.5
618000,-2679509.4883940183,301.5183250064272,1990.9715459892525,1.01717364891599,49.5
620000,-2680286.823843552,300.91743330126167,1990.0200914202912,1.0176599729083258,49.5
622000,-2678072.0967846774,300.24658165835984,1993.0789984831395,1.0160981044218904,49.5
624000,-2678708.669723036,300.3929402666781,1996.2078525635834,1.0145054733258505,49.5
626000,-2682034.097574927,299.8704195119407,1989.4489717501197,1.0179521169322878,49.5
628000,-2677886.10297847,299.6790151980783,1991.7760987867862,1.0167627744681484,49.5
630000,-2674947.85324122,301.09931388652774,1994.3488342784897,1.0154511374909274,49.5
632000,-2676534.861971574,301.00821303996304,1994.708756062874,1.0152679112508813,49.6
634000,-2677177.700002972,301.4976047177486,1995.292095936771,1.0149710894188662,49.6
636000,-2679469.871871598,300.9397261098514,1996.1146991306089,1.0145528176330953,49.6
638000,-2678189.3884843625,301.5575198124739,1991.2015818882603,1.0170561387367576,49.6
640000,-2680754.9853455015,299.58429342569406,1991.1529037713258,1.017081002913465,49.6
642000,-2680427.8458475824,300.66670678808987,1990.6666555491738,1.0173294391989034,49.6
644000,-2678497.257517386,300.0524667852239,1995.39803745549,1.0149172016347499,49.6
646000,-2680600.2032749224,301.2155703393497,1990.175167564113,1.0175806759766322,49.6
648000,-2675913.3715460654,299.2615987117346,1992.0573476322597,1.0166192226990292,49.6
650000,-2680066.249244686,300.44332803225086,1992.0057125197177,1.0166455746555756,49.6
652000,-2676687.3868068326,300.90050629689017,1995.072916480057,1.0150825945223245,49.6
654000,-2678464.357994983,299.51423999572387,1993.161362014853,1.0160561161363242,49.6
656000,-2678929.211097371,299.86873456174175,1993.9043929155682,1.0156774815870286,49.6
658000,-2677118.9840581343,300.7512183874302,1995.0938891664239,1.0150719238421093,49.6
660000,-2676116.3585257623,300.84592098985524,1994.944617686461,1.0151478764710682,49.6
662000,-2677583.00863038,301.00530534342784,1998.5182279472797,1.0133326601688724,49.6
664000,-2680099.393533958,300.2108560987623,1993.0861727003626,1.0160944469239752,49.6
666000,-2674492.790465694,300.10892171180814,1995.146801099147,1.0150450038093006,49.6
668000,-2675876.7079783157,300.25669969691177,1994.2271634533754,1.0155130917055857,49.6
670000,-2676103.3000509646,300.9086783340114,1993.0533384913438,1.0161111863944194,49.6
672000,-2675876.645273406,300.2885312060131,1991.8411099470932,1.016729588624461,49.6
674000,-2679964.82882753,299.58306916695494,1991.2928025182325,1.0170095476470014,49.6
676000,-2680198.677047625,298.5860449014212,1990.967800342626,1.0171755625446512,49.6
678000,-2682378.4269300867,299.52905194909346,1993.1717094219537,1.0160508413543168,49.6
680000,-2680871.8786393777,299.702959067439,1992.516205013431,1.016385105037651,49.6
682000,-2679930.999193145,298.80598017395056,1989.9280260586456,1.017707055633033,49.6
684000,-2674015.367021436,299.97980436820933,1994.4428512510667,1.0154032696657418,49.6
686000,-2678010.468721103,299.92801024309983,1993.5017008356506,1.0158826508514514,49.6
688000,-2680879.9576955345,300.52750453932777,1988.92976779908,1.0182178501771904,49.6
690000,-2683035.4468755443,300.7392492839444,1990.1327429047967,1.017602368255029,49.6
692000,-2680983.0189840477,299.38128390816945,1990.26386019923,1.0175353292698959,49.6
694000,-2680829.5799892563,300.0000449893375,1991.4580997986534,1.0169251326586042,49.6
696000,-2679640.0132954773,300.32291540027705,1991.81061218762,1.016745156356781,49.6
698000,-2677035.658917444,300.5037125638665,1994.607222034723,1.0153195927245784,49.6
700000,-2677397.1169274654,300.09184783091894,1994.537206575227,1.015355234109249,49.6
702000,-2677940.9318386577,300.9343117754727,1995.533934014038,1.0148480854185018,49.6
704000,-2681445.4705653284,300.2173183488915,1989.7873665604404,1.017778998075814,49.6
706000,-2680976.590935705,300.3445065442549,1990.3206907567562,1.0175062751077533,49.6
708000,-2679336.929659009,300.54347908761525,1993.3657073499435,1.0159519574630025,49.6
710000,-2677569.6410244815,298.41261523049076,1995.7482087725957,1.0147391256171001,49.6
712000,-2677710.8209418654,298.1246313231385,1994.1896056599535,1.0155322174852044,49.6
714000,-2680572.8360073306,299.13101933307485,1991.6709112091876,1.0168164735067982,49.6
716000,-2676457.2884695455,300.50315657789935,1992.0485724721677,1.0166237010016945,49.6
718000,-2678843.468723597,300.06419796462654,1992.7414490750689,1.0162702207362513,49.6
720000,-2678262.849743789,300.26507950035244,1994.1153681618068,1.0155700240094994,49.7
722000,-2675585.938147219,300.21856676564346,1991.5225776699824,1.0168922085187577,49.7
724000,-2677969.634614613,300.00035475774274,1990.7648486473825,1.0172792601284815,49.7
726000,-2677707.953458866,300.8045561079319,1993.4443827925338,1.01591186079886,49.7
728000,-2679809.0604619086,299.9051206968846,1990.6821556034345,1.0173215179637307,49.7
730000,-2680919.7839172333,300.2823677526621,1990.6064950528469,1.0173601851269118,49.7
732000,-2679334.6615186427,300.4747392315015,1992.4075061438994,1.0164405554972509,49.7
734000,-2678532.2714627907,300.2387731308463,1990.571516154483,1.01737806247431,49.7
736000,-2677816.5688141007,300.428963331957,1990.282436729665,1.017525831986664,49.7
738000,-2681358.9533642028,301.07667107571024,1990.0509083123238,1.0176442139559392,49.7
740000,-2680272.3529446237,300.34762826427396,1989.1214649176145,1.0181197217162783,49.7
742000,-2680311.481939696,300.76048226079706,1991.1480667564608,1.017083473666902,49.7
744000,-2680445.007662041,300.5935253299842,1992.5161872539547,1.0163851140967828,49.7
746000,-2679642.729758272,300.47576338953553,1994.378453368024,1.0154360567332565,49.7
748000,-2680431.8306007907,300.65327003957435,1993.408268257043,1.0159302660525835,49.7
750000,-2678210.70220384,300.8433532599164,1990.3691610442995,1.0174814963769043,49.7
752000,-2679207.447270265,300.06651456555363,1987.4486247011816,1.01897667549836,49.7
754000,-2678695.692422604,298.9747556703642,1992.0209283113613,1.0166378091411579,49.7
756000,-2678313.2277296428,301.0619817420945,1995.1319001163065,1.0150525848460148,49.7
758000,-2678557.4619332906,300.33260393795564,1994.5244751051825,1.0153617153356815,49.7
760000,-2679263.592037879,300.78759546759125,1991.056911163308,1.01713003830642,49.7
762000,-2677365.1101308074,299.712755517399,1994.719190388125,1.0152626004103107,49.7
764000,-2677675.0705835056,300.3395178622035,1992.8481020284391,1.0162158321351566,49.7
766000,-2681120.021952085,299.03335398102035,1991.996889759223,1.0166500774840987,49.7
768000,-2676697.9941058904,300.7544635922216,1993.0916902070762,1.0160916340539201,49.7
770000,-2677840.7965491414,299.3203236725885,1993.5321683056568,1.0158671249549114,49.7
772000,-2678022.1319748405,301.1523548685897,1994.7289897739893,1.0152576127904256,49.8
774000,-2677832.404395284,300.2158205576192,1994.8844392085712,1.0151784998259044,49.8
776000,-2681012.9072009753,299.74844619134325,1992.0852670201862,1.0166049746209362,49.7
778000,-2676928.517108435,298.8518350286018,1991.8922120850484,1.016703504353743,49.7
780000,-2678874.29034297,300.9603188878017,1989.08466020721,1.0181385603319817,49.8
782000,-2682488.8700722456,301.89289668925005,1989.1978505159434,1.0180806257137898,49.8
784000,-2678128.52307494,299.5835886378672,1992.2451158761432,1.016523406775264,49.8
786000,-2678665.398370674,300.2594934823305,1992.0228803261386,1.0166368129216634,49.8
788000,-2677811.7346654497,299.20174816805843,1992.2390587894963,1.016526497353338,49.8
790000,-2676378.79294898,301.01962627388906,1994.3049160826386,1.0154734995588208,49.8
792000,-2678414.0646394417,300.8393710572664,1991.7432381462231,1.0167795494597385,49.8
794000,-2676303.952668462,300.4076276304052,1993.9056805711361,1.015676825666953,49.8
796000,-2675177.5410230514,299.19859224850325,1994.9071519527026,1.015166941649128,49.8
798000,-2680425.462603925,300.8849040497165,1989.70954127512,1.0178188073742445,49.8
800000,-2679106.487998193,300.01101322517934,1993.056847643032,1.0161093973394362,49.8
802000,-2681660.374726845,299.6767003607692,1990.3048444518856,1.0175143762359238,49.8
804000,-2679339.103173755,300.7037815549457,1994.3130246235553,1.015469370814577,49.8
806000,-2676207.700051328,300.55128729298707,1993.7008211992256,1.0157811898294986,49.8
808000,-2681619.0156927817,300.92473448754333,1992.8016373888884,1.016239526466524,49.8
810000,-2682629.3790418133,300.3433594072331,1990.2298665391713,1.017552709046304,49.8
812000,-2678798.0612225365,299.4011079354711,1993.5967400178044,1.0158342214703417,49.8
814000,-2677913.079138549,300.15678039383727,1993.8183350672161,1.0157213205954014,49.8
816000,-2677705.653474981,300.06775518041826,1992.356895573003,1.0164663754880923,49.8
818000,-2680524.645277623,300.8859125647102,1990.4200466750383,1.0174554841852594,49.8
820000,-2676952.0162071194,299.5184476641833,1992.9142251764026,1.0161821149841712,49.8
822000,-2677489.398820156,300.7126971898939,1996.9883208728784,1.0141089815871351,49.8
824000,-2677825.7652572,300.46507777863627,1993.9808597021115,1.0156385315676224,49.8
826000,-2676451.308452323,299.89689035360715,1995.1332952272214,1.0150518750633934,49.8
828000,-2678656.713164393,300.4904676567494,1991.2401956391466,1.0170364161776888,49.8
830000,-2680619.6569853052,300.7672018029175,1991.7565522016985,1.0167727527157728,49.8
832000,-2679198.6680973284,300.39994180362606,1991.3780046264733,1.0169660343826394,49.8
834000,-2676671.7527240478,301.6135675627207,1995.382037065466,1.0149253399615297,49.8
836000,-2676955.9350810815,299.35919110380127,1996.7212155327861,1.0142446409482468,49.8
838000,-2677916.454218723,300.70998967787153,1994.0265902815004,1.0156152391307387,49.8
840000,-2678992.66069285,299.7759921031299,1993.9222378462603,1.0156683916165574,49.8
842000,-2676552.91694781,300.0407906005114,1992.68020974771,1.0163014528950436,49.8
844000,-2676531.931518005,299.9780885150104,1993.1203244044434,1.0160770363560108,49.8
846000,-2678687.152129762,300.74953935480494,1987.7578961195263,1.0188181348821677,49.8
848000,-2678910.2527020946,300.81383722051856,1991.9938688646955,1.0166516192522255,49.8
850000,-2680648.868714312,300.86216748827616,1993.3845555524392,1.0159423512542223,49.8
852000,-2678629.493446864,299.4024267994178,1988.5574531659147,1.0184084895800234,49.8
854000,-2681105.0970878024,300.7628108415567,1990.6753888531896,1.0173249760667793,49.8
856000,-2680970.4255090747,300.6086852890602,1992.6616193171717,1.016310934425366,49.8
858000,-2681772.381066434,299.2036920773294,1988.385202326183,1.0184967127861282,49.8
860000,-2674790.3004045915,299.6521059610347,1994.1957285578899,1.0155290994361434,49.8
862000,-2678005.2865816336,300.95747749318076,1994.5459058183822,1.0153508056215192,49.8
864000,-2681413.2344531044,299.39611109524765,1996.0807169765508,1.014570089825475,49.8
866000,-2681142.133791009,299.5368258120492,1994.072563871757,1.0155918239954482,49.8
868000,-2679441.6581679936,298.74792703140014,1991.3789224223326,1.016965565678665,49.8
870000,-2677037.459728904,299.6859334515451,1996.0453307727212,1.0145880762827184,49.8
872000,-2677653.906624466,300.33333215928064,1994.5048654692202,1.0153716982010794,49.8
874000,-2679003.4484741166,301.12380526556467,1995.002547961238,1.0151183989170254,49.8
876000,-2674244.624665983,300.3789037585282,1993.9217740952668,1.0156686278430893,49.8
878000,-2680500.620350605,300.5849378684422,1993.8371010546314,1.0157117606300916,49.8
880000,-2676222.13561886,300.1241146423682,1989.8864658706166,1.0177283111656052,49.8
882000,-2681067.064688811,302.29889886856705,1989.7647272699157,1.017790578236077,49.8
884000,-2677805.4252715223,300.98645451226065,1993.7988770876932,1.015731233272595,49.8
886000,-2679702.928709762,299.2308311779203,1993.8980025395224,1.0156807367992011,49.8
888000,-2677648.4551815093,300.999650990951,1989.7986212957874,1.0177732412956342,49.8
890000,-2676934.687524343,300.7923528101899,1988.5024423948475,1.0184366632624282,49.8
892000,-2682262.506395502,299.353416947345,1989.380857995049,1.0179869702590845,49.8
894000,-2678832.1399117783,301.2289170120925,1993.2811236056848,1.01599506880316,49.8
896000,-2678758.429360615,300.63560167988845,1990.594460808727,1.0173663356317317,49.8
898000,-2678166.551999077,299.904065459321,1989.7827032145983,1.017781383389271,49.8
900000,-2681276.447701266,301.1871112234971,1995.9488014865199,1.0146371444064695,49.8
902000,-2678263.887646856,299.88845032768734,1992.8807884476025,1.016199164576895,49.8
904000,-2676922.4384340476,300.98567461377064,1993.0304277955722,1.016122867005983,49.8
906000,-2676830.859650137,300.0037237203145,1993.6245416111335,1.0158200554078132,49.8
908000,-2677310.298255408,300.6772621732657,1991.3215659700702,1.0169948575509156,49.8
910000,-2678252.4593458846,299.1694234101022,1997.1583385619294,1.0140226506928007,49.8
912000,-2677743.1653490346,300.7180645258533,1993.135314424062,1.0160693946195976,49.8
914000,-2680124.858080892,299.7063334438438,1993.5311231244323,1.0158676575602132,49.8
916000,-2678666.4102112316,299.9217811028932,1989.5713390670185,1.0178895084362594,49.8
918000,-2679867.231825212,300.469263006328,1989.2191676371535,1.0180697156298468,49.8
920000,-2676403.467263192,299.4635546177296,1992.13090963292,1.0165816827243368,49.8
922000,-2677771.32172974,300.42547872088613,1992.4134562799775,1.0164375200029858,49.8
924000,-2676439.0244352967,301.161155584765,1994.6003113265745,1.015323110510745,49.8
926000,-2675086.6254130546,300.50300394787917,1989.3633526994843,1.0179959279805437,49.7
928000,-2678892.459143799,300.2571983386394,1988.4326863009574,1.0184723909810445,49.7
930000,-2679900.571916636,301.0341727715059,1990.4324040380209,1.0174491674338284,49.7
932000,-2680970.455601806,299.6167186907803,1993.5132483311615,1.0158767663155146,49.7
934000,-2678509.9361457042,300.0095660598183,1991.7681845270395,1.0167668145591393,49.7
936000,-2677822.1088416446,300.72935176777315,1994.576062103876,1.0153354543850575,49.7
938000,-2678321.5565606896,299.5625045063954,1993.4035887021023,1.0159326509692774,49.7
940000,-2678557.9718608893,299.8256710882463,1993.6933137820026,1.0157850148376613,49.7
942000,-2677976.492618846,300.13011560765915,1989.9165447623618,1.0177129275356849,49.7
944000,-2677706.2738204245,299.3836917954246,1992.5590125729846,1.0163632693150255,49.7
946000,-2677430.4788358323,299.62243966402883,1992.2870130946615,1.016502029582609,49.7
948000,-2680180.244329579,300.6089396036471,1992.4216876762537,1.016433320741319,49.7
950000,-2678571.0494916383,301.43683940604535,1996.9550565626948,1.0141258741234054,49.7
952000,-2676076.7740287464,299.64754837998026,1994.9234897813615,1.0151586277345155,49.7
954000,-2676792.075097086,299.2560220463743,1995.9669719215126,1.0146279075811446,49.7
956000,-2679408.772887733,300.3847058969338,1993.267978573834,1.0160017689998637,49.7
958000,-2676399.853835428,300.36929871312987,1995.1018574804705,1.0150678697073097,49.7
960000,-2675343.2671715505,299.46697538266574,1995.4602108469146,1.0148855794334664,49.7
962000,-2676101.646508822,300.38834332652993,1992.9235506782402,1.016177359955722,49.7
964000,-2677131.194420511,298.9397020478918,1991.6698669985726,1.0168170066124964,49.7
966000,-2682190.4650538117,301.0077901550153,1987.5757757314552,1.018911488582874,49.7
968000,-2678622.016733106,300.280590410438,1989.638914652626,1.0178549370981587,49.7
970000,-2679257.0282349866,300.0569877145374,1991.8559750734994,1.0167220008198983,49.7
972000,-2680131.6197793223,299.9985953839086,1997.0191095724406,1.0140933467358673,49.7
974000,-2675025.7362888027,299.5638317821782,1993.1894819734875,1.016041781595522,49.7
976000,-2677659.957648203,300.0707309331965,1992.9520762030397,1.0161628152043314,49.7
978000,-2677172.092051901,300.54160876082545,1991.1717585445576,1.017071371985552,49.7
980000,-2675639.13878477,300.6940198472709,1991.8617511771283,1.0167190524769045,49.7
982000,-2681518.2882403266,300.65728278419397,1991.106760280556,1.0171045735570918,49.7
984000,-2678089.224985821,301.35633941421133,1994.6681863656956,1.015288560856663,49.7
986000,-2677775.424364442,300.8832043383516,1995.3743038127618,1.0149292733960311,49.7
988000,-2679322.205960788,299.90132681041905,1993.402845279062,1.0159330298529246,49.7
990000,-2680516.0314675365,301.82714892951617,1989.6426152890492,1.0178530439385407,49.7
992000,-2676732.464608958,300.08875840365863,1993.7833215080186,1.0157391580495538,49.7
994000,-2677693.572652122,299.8423057405554,1992.266746793731,1.0165123699328966,49.7
996000,-2678556.3643901907,299.6158519308526,1992.8151885392467,1.0162326160341355,49.7
998000,-2676257.5548611823,299.84966883099133,1992.3075899397636,1.0164915310005056,49.7
1000000,-2679532.547149891,301.0052673163891,1992.8862533335446,1.0161963779589838,49.7
1002000,-2678329.1935953107,299.8907218260193,1988.7727930948413,1.0182982185563423,49.7
1004000,-2680133.2547114026,299.74405575790695,1991.2225578960554,1.017045424827652,49.7
1006000,-2679155.751509439,299.944256222575,1992.0047715921191,1.016646054870228,49.7
1008000,-2674507.0339672714,299.48132229423163,1990.0707423574268,1.017634071602299,49.7
1010000,-2682638.4522659928,300.89371559341566,1991.0436903962682,1.0171367921709136,49.7
1012000,-2679218.931753574,300.7378828133317,1991.7235996341715,1.0167895749660085,49.7
1014000,-2678355.227227535,300.63006148571804,1991.0839212976484,1.0171162403852563,49.7
1016000,-2679574.6284654588,299.96065433388475,1994.3969201846141,1.0154266544566943,49.7
1018000,-2678649.2666597553,300.1030743183394,1997.268401025593,1.0139667714573968,49.7
1020000,-2677129.3660382833,300.4811532849282,1993.4195578738888,1.015924512390039,49.7
1022000,-2677599.2326616365,300.3515254625252,1992.9807505445767,1.0161481949930662,49.7
1024000,-2678556.6102870274,299.47419310745295,1992.52019656977,1.0163830689436553,49.7
1026000,-2678712.6914403643,300.4478528345339,1994.0339140077367,1.0156115089594913,49.7
1028000,-2679337.131691631,299.7754695913267,1992.0611613587705,1.0166172764195895,49.7
1030000,-2678446.4599463567,299.6964727538924,1990.4690745341888,1.0174304229246707,49.7
1032000,-2678878.7390224673,299.56911405393924,1992.7490806009264,1.0162663287798865,49.7
1034000,-2679452.5028899536,299.9506625051166,1994.4704466461624,1.0153892205959973,49.7
1036000,-2675980.7639702037,299.1556580138374,1996.4554303371235,1.014379665856015,49.7
1038000,-2678203.2552873455,301.0408017689887,1993.47941515826,1.0158940076945926,49.7
1040000,-2678509.4527809527,300.8542750995128,1990.884155894822,1.0172182978730715,49.7
1042000,-2679631.016347699,300.2046632797106,1988.7896390371352,1.0182895931126599,49.7
1044000,-2679008.5390234105,300.1238758835329,1991.6441348136975,1.0168301439610523,49.7
1046000,-2676706.711082708,301.10451422467764,1995.1696983231664,1.0150333548188106,49.7
1048000,-2678366.3144049793,300.2744964027357,1993.4232667064284,1.0159226222275468,49.7
1050000,-2680207.800286619,300.57196754139494,1995.8565620318668,1.0146840363418175,49.7
1052000,-2679987.29872152,298.65748302343184,1990.5661763564533,1.0173807916442508,49.7
1054000,-2683119.7269118577,300.23973777827655,1992.8981647367577,1.016190304229269,49.7
1056000,-2676388.786738042,300.6361852931924,1996.7858337377215,1.0142118188664009,49.7
1058000,-2674821.267755933,300.45422066673854,1991.9183174828174,1.0166901797865848,49.7
1060000,-2677661.9307521638,301.16867361355145,1996.3898043361546,1.014413010887526,49.7
1062000,-2678956.5624967758,299.07694164510656,1994.2887951202974,1.0154817082044718,49.7
1064000,-2679722.195858339,300.10065540568047,1989.4898687427901,1.017931191376989,49.7
1066000,-2677669.2051469106,299.66085795404206,1993.533002822077,1.015866699700955,49.7
1068000,-2680404.653382404,299.79893337901467,1991.6344443196188,1.016835091448538,49.7
1070000,-2678112.1222715806,300.4353949132342,1989.827875569059,1.017758278083542,49.7
1072000,-2676494.194423601,300.5657100237282,1996.932249702299,1.0141374564027934,49.7
1074000,-2679506.4753332045,300.93564011590496,1992.2631207661339,1.0165142200408808,49.7
1076000,-2682181.7721312493,299.9294134787075,1989.369554466573,1.0179927544255711,49.7
1078000,-2678980.921621412,300.98828012079883,1991.2500960177651,1.0170313595323137,49.7
1080000,-2677989.0491235163,300.1279786569825,1994.0628203559702,1.0155967864444087,49.7
1082000,-2680062.1860026866,299.91396431963204,1993.4011211246423,1.015933908564893,49.7
1084000,-2678950.995269453,301.05981053178834,1991.968796017199,1.0166644158136262,49.7
1086000,-2678601.381952392,300.3152269229755,1992.6754171272032,1.0163038972204677,49.7
1088000,-2675839.190264268,299.6117282018116,1994.9799077260566,1.0151299190928422,49.7
1090000,-2679556.251224518,300.33914274963684,1991.1918447715777,1.017061112237589,49.7
1092000,-2681963.3460721727,300.25778907273775,1989.446526938043,1.0179533678840453,49.7
1094000,-2678527.9562998824,300.63952668735925,1989.2144365863853,1.0180721369572925,49.7
1096000,-2679086.944473561,301.33146270794305,1988.6574930748645,1.0183572582880962,49.7
1098000,-2680978.9942511003,299.99839030810455,1988.567421327351,1.0184033845681828,49.7
1100000,-2677320.329294121,299.67883988641756,1992.5439942671328,1.0163709299009294,49.7
1102000,-2678369.2495329157,300.62116392290704,1995.9510325675978,1.014636010241504,49.7
1104000,-2680778.450028155,299.5354625562524,1992.6405945003737,1.0163216577596517,49.7
1106000,-2676980.8255235013,299.41702613686215,1991.6415484205256,1.0168314644409064,49.7
1108000,-2679366.552690275,300.4021375461293,1992.546265111619,1.0163697715738367,49.7
1110000,-2680058.0242418367,300.0679886605797,1994.0654283722934,1.0155954581565005,49.7
1112000,-2678301.158919364,300.5064084000577,1992.3334243303086,1.0164783502553165,49.7
1114000,-2679182.0867015813,300.6663102183077,1990.9756117202644,1.0171715717662628,49.8
1116000,-2679031.055076303,300.936173553382,1993.1402217441573,1.0160668929502696,49.8
1118000,-2677205.971078124,300.97590534476046,1992.8066572365942,1.01623696657561,49.8
1120000,-2678780.2938656863,300.8535200935298,1992.177606176811,1.016557854100313,49.8
1122000,-2677982.199083792,299.93024443137693,1991.720957949239,1.0167909235674222,49.8
1124000,-2678988.0374766532,299.9192667411084,1991.7560128438404,1.0167730280528977,49.8
1126000,-2678189.53109546,299.5590877958448,1991.6679683732584,1.0168179759279343,49.7
1128000,-2680196.348541027,299.47028479444987,1991.5913032124918,1.016857117750591,49.7
1130000,-2679950.7739984244,301.73651605497633,1992.1699132067042,1.016561779643577,49.7
1132000,-2678925.6287956685,299.09290497651773,1992.2963133749863,1.0164972844281046,49.7
1134000,-2679175.3121159,300.83031822166197,1992.5162228969152,1.0163850959152623,49.7
1136000,-2678353.9980551805,301.3633896501049,1992.8979187145171,1.0161904296774484,49.7
1138000,-2680466.012926029,300.3808924981659,1991.4689150281151,1.0169196099619797,49.7
1140000,-2677713.915970687,300.4251362506689,1994.407904962674,1.0154210617008657,49.7
1142000,-2675512.973365074,300.31195220211043,1993.5988229152917,1.0158331601341677,49.7
1144000,-2677337.22435382,300.33183271610807,1990.9879644479659,1.017165260907696,49.7
1146000,-2677516.135120064,299.25899126379375,1996.5433716068808,1.0143349857167803,49.7
1148000,-2677892.7015973274,301.2302925562391,1987.7450480994992,1.018824720131022,49.7
1150000,-2679484.465678951,300.2076740909434,1992.2896155454514,1.0165007017653636,49.7
1152000,-2679064.3202082496,301.30801198922353,1991.6298554412435,1.0168374343199051,49.7
1154000,-2678529.9942461643,299.55457992721836,1993.1489111802323,1.0160624632519843,49.7
1156000,-2680673.1771988403,301.77961987857486,1991.4164990857219,1.0169463762359956,49.7
1158000,-2678219.9384481255,300.6487537363585,1995.1283487479943,1.0150543916598906,49.7
1160000,-2679974.024935439,299.92127304367654,1995.7970654072615,1.0147142850460817,49.7
1162000,-2679105.7775815446,300.4764580260336,1993.40622419123,1.0159313078012748,49.7
1164000,-2681833.291918259,301.4637964072076,1988.8397794622213,1.0182639211236002,49.7
1166000,-2677301.4521436803,301.1189737074794,1992.8262372349693,1.0162269818023353,49.7
1168000,-2678478.414280191,300.53752577742955,1992.5936028469157,1.0163456258357688,49.7
1170000,-2678112.267104609,300.81737601781765,1993.3147825442052,1.0159779127995736,49.7
1172000,-2675779.6617239937,298.9529590646132,1998.6074436835268,1.0132874260636828,49.7
1174000,-2675905.0572042726,300.3707407443759,1992.9729506541478,1.0161521718882758,49.7
1176000,-2679963.934480505,300.8176172433973,1995.5048396380134,1.0148628818605945,49.7
1178000,-2678850.510578364,300.24940443065884,1997.8508983873812,1.0136711372988159,49.7
1180000,-2676648.279248748,300.16386917967145,1993.2580620452234,1.0160068236442183,49.7
1182000,-2678280.7380729653,300.5090172563792,1992.5465881251919,1.0163696068091916,49.7
1184000,-2677499.203904258,300.10575389181247,1995.4809482743217,1.0148750325444829,49.7
1186000,-2678852.4699481763,301.2679818298087,1994.816177653536,1.015213238697492,49.7
1188000,-2675593.6695466843,300.1831174846773,1995.8275453827332,1.0146987884834704,49.7
1190000,-2677233.656568574,299.3675956273797,1993.6257281311314,1.015819450835554,49.7
1192000,-2679111.6841725055,298.70749537001507,1993.3996112463126,1.015934678072715,49.7
1194000,-2675526.06628572,299.6252287622049,1996.0484533450272,1.01458648908446,49.7
1196000,-2680115.224012349,299.31557810430365,1995.208948989254,1.0150133866168345,49.7
1198000,-2680640.282205794,300.81768100400853,1994.3853630550325,1.0154325386843084,49.7
1200000,-2677655.3573851567,301.0386227545362,1993.4870878118018,1.0158900976603598,49.7
1202000,-2677333.9245141614,299.8723876988833,1996.1197967773019,1.0145502266904955,49.7
1204000,-2676406.7474764735,300.9455337510235,1997.0363553913014,1.0140845893238557,49.7
1206000,-2677441.51041124,301.0724588280188,1997.3531887254023,1.0139237285390383,49.7
1208000,-2678800.1466291547,300.27924162762616,1994.2210182327397,1.0155162210237256,49.7
1210000,-2677454.8101848904,301.7254762112512,1991.441473697949,1.0169336227397279,49.7
1212000,-2680947.508661786,300.96496712022787,1993.8845952373958,1.0156875664514966,49.7
1214000,-2681407.720098827,301.30856691326284,1989.7143434877717,1.017816350849583,49.7
1216000,-2677463.0329485927,301.2390465407342,1992.577882082785,1.016353644458279,49.7
1218000,-2680136.176530607,301.31151203830757,1991.8107383167621,1.0167450919725542,49.7
1220000,-2679830.106767807,299.87163074278465,1992.6652535942192,1.0163090808498618,49.7
1222000,-2677422.1961565856,299.71461726418613,1992.9457817287064,1.0161660246297042,49.7
1224000,-2675148.1084445994,300.7354117176803,1992.5097512100438,1.0163883971418073,49.7
1226000,-2676232.59677249,299.43385104371345,1991.510904676931,1.0168981689057466,49.7
1228000,-2683862.194724219,300.2000696779891,1987.246264687403,1.019080437240303,49.7
1230000,-2679571.2191562504,300.18107113848373,1991.9799245930503,1.0166587360239216,49.7
1232000,-2678715.321464548,299.4466154959548,1988.4874332888721,1.0184443504238117,49.7
1234000,-2677527.8715376053,299.89476203505757,1989.5362254942956,1.017907473295014,49.7
1236000,-2677915.4700234327,300.7587879327784,1992.2901444846834,1.0165004318914688,49.7
1238000,-2678430.133700937,300.6037765606346,1993.2808790790068,1.015995193440837,49.7
1240000,-2681147.3175671846,300.51699979066444,1989.7084297013523,1.0178193759905652,49.7
1242000,-2678408.5427808594,299.84326190489674,1990.577191624423,1.01737516175856,49.7
1244000,-2681255.9794740938,299.654693469821,1994.2758132883664,1.0154883185302737,49.7
1246000,-2677931.1399722993,300.0792881437102,1992.500770242552,1.0163929783953205,49.7
1248000,-2679967.754604133,299.8971528693381,1988.8561379189143,1.0182555458439917,49.7
1250000,-2678832.0038767215,300.13648296765575,1990.0586769541244,1.0176402413527843,49.7
1252000,-2677599.4003435504,300.3706682689898,1992.2519189240911,1.0165199355990484,49.7
1254000,-2676845.2769058496,300.2624388043913,1994.3467697331428,1.015452188684708,49.7
1256000,-2678091.047738062,302.0316257841217,1990.8381629110038,1.0172417979774926,49.7
1258000,-2678064.0176906697,300.48753611788203,1990.573577362432,1.0173770089951655,49.7
1260000,-2678674.9246406425,299.6863803641474,1993.913244413628,1.0156729727312483,49.7
1262000,-2681097.419297373,300.00808955981074,1991.8633524025897,1.0167182351535515,49.7
1264000,-2677613.4913876913,299.79320960329443,1994.4710106384593,1.0153889334663795,49.7
1266000,-2680787.871645909,300.41741651585085,1989.1524735842293,1.0181038503663222,49.7
1268000,-2679769.4636551198,300.9047559984849,1990.7944529858655,1.0172641325599354,49.7
1270000,-2679319.943419857,299.6520995687401,1992.2387959884547,1.0165266314458088,49.7
1272000,-2677623.8557977546,300.2339749617433,1992.886245075346,1.0161963821699374,49.7
1274000,-2679050.1129925493,301.2826003766242,1991.7102635602873,1.0167963831755882,49.7
1276000,-2677499.030065432,300.83948408585877,1994.6591684384396,1.0152931510134833,49.7
1278000,-2678709.915820893,298.99571718054904,1992.381228754373,1.016453961267202,49.8
1280000,-2683513.9096667524,301.20602181425556,1994.0566734897575,1.0155999171164982,49.8
1282000,-2677232.8657708336,299.8017700373816,1994.0544278134194,1.015601060870987,49.8
1284000,-2681125.7432500143,301.0620406596049,1993.3190209721902,1.0159757525085351,49.8
1286000,-2679815.0175853875,299.99055705833035,1991.5420232665715,1.016882279491185,49.8
1288000,-2676369.6392264366,300.16364679269026,1993.3384815116465,1.015965833753441,49.8
1290000,-2681194.0141742006,300.883213887363,1988.9009949814174,1.0182325804209873,49.8
1292000,-2677574.5914533306,299.5782603619163,1992.9230106829034,1.0161776352955283,49.8
1294000,-2678992.771280827,300.91873920839714,1991.9344557646955,1.0166819427521503,49.8
1296000,-2678558.4793506786,300.4105554480876,1995.325851720207,1.0149539187175198,49.8
1298000,-2677040.8209377527,300.68233217596935,1991.1556343141183,1.0170796081539824,49.8
1300000,-2679554.4619482066,299.7000247478148,1991.5385960227773,1.0168840294464654,49.8
1302000,-2674949.772112917,300.90754395319044,1993.0695276734255,1.0161029327892224,49.8
1304000,-2678863.254279552,301.08438130629634,1993.5702396281806,1.0158477248835285,49.8
1306000,-2679212.2695719507,299.76127448608366,1993.121790162363,1.0160762891247224,49.8
1308000,-2677689.8692878913,299.94838986566776,1992.90624352754,1.016186184823808,49.8
1310000,-2677488.156472314,299.93226588115766,1993.1140108856011,1.016080254948364,49.8
1312000,-2678908.878319038,300.31320827432467,1990.9392261847374,1.0171901611495422,49.8
1314000,-2677881.9774120282,300.2849749914455,1991.2267171231563,1.0170433004473103,49.8
1316000,-2679104.3915513903,299.9867652666835,1992.0590622621996,1.016618347661843,49.8
1318000,-2676924.3434679676,300.9590764893621,1993.9820401791887,1.0156379302893854,49.8
1320000,-2677823.1925913654,299.38512153106177,1994.6946385447409,1.0152750968435378,49.8
1322000,-2678704.411254391,300.96965503188517,1993.0864491057282,1.0160943060098884,49.8
1324000,-2678449.1984489597,301.28465983371046,1991.994398236559,1.0166513490773883,49.8
1326000,-2680443.187326489,300.9777097267102,1992.725080330956,1.0162785686349942,49.8
1328000,-2677587.239513714,300.24231217509725,1994.2450281193283,1.015503994627795,49.8
1330000,-2676658.4313169066,300.51515854074484,1993.5921201735225,1.0158365755105048,49.8
1332000,-2677809.4861391876,300.09883980940003,1990.6143646152907,1.0173561631628154,49.8
1334000,-2679223.545362396,301.0395549027379,1992.1261481138042,1.0165841125268469,49.8
1336000,-2678583.1344998926,300.44784994241223,1994.3327138093205,1.015459345523941,49.8
1338000,-2680573.021842219,300.3347883569793,1992.8227543388264,1.0162287578825349,49.8
1340000,-2676669.800630683,300.89457394269846,1995.1016306930603,1.0150679850922153,49.8
1342000,-2678746.308366468,301.15987542183063,1995.206203571336,1.0150147832824692,49.8
1344000,-2678444.992110431,299.86303361187856,1992.5569969649816,1.0163642974361495,49.8
1346000,-2680212.3013944533,300.7307368751405,1990.6050234884503,1.017360937215352,49.8
1348000,-2680235.84018448,299.90321456769624,1989.8767372615416,1.0177332868913367,49.8
1350000,-2679586.3876634147,299.8714702060227,1990.6513662230802,1.0173372528632167,49.8
1352000,-2675977.249768639,299.9009036516037,1996.133393924299,1.0145433158354344,49.8
1354000,-2678531.760877667,301.5892853078163,1994.3325032411508,1.0154594527394707,49.8
1356000,-2677089.817152472,301.3042302776586,1992.8748549070597,1.0162021901853158,49.8
1358000,-2678570.895905642,300.2484514196132,1991.3456727419452,1.0169825460455026,49.8
1360000,-2676672.6662118696,300.0355579627689,1992.54146100524,1.016372222086711,49.8
1362000,-2680727.1247400865,299.90662622283395,1994.8737421038961,1.0151839435141174,49.8
1364000,-2678861.1831489205,299.9045169798225,1990.1740690553659,1.0175812376467348,49.8
1366000,-2678958.520725431,299.79057849060484,1993.9116942354137,1.0156737623720933,49.8
1368000,-2677690.154208295,300.6781142862622,1992.0881059946998,1.0166035258317965,49.8
1370000,-2679989.815311689,300.05915094566745,1996.8215541510058,1.0141936760006791,49.8
1372000,-2679302.1135172267,300.75601887408845,1993.3978742604584,1.0159355633270775,49.8
1374000,-2680255.209464876,300.4394994959551,1988.4023708392376,1.0184879187541123,49.8
1376000,-2677108.6559737083,300.5134776826325,1997.3057257651578,1.013947822908267,49.8
1378000,-2677343.0012597702,301.30142678299103,1994.2945718613219,1.015478766725853,49.8
1380000,-2677448.2718253992,300.78762902894704,1996.3609012919528,1.0144276974224475,49.8
1382000,-2678290.167697154,300.738331981282,1994.156913556934,1.0155488660666914,49.8
1384000,-2678386.964693323,300.4295930992609,1991.5494889632757,1.0168784675172797,49.8
1386000,-2678986.582824258,300.9218179971642,1992.8909433531333,1.0161939864679015,49.8
1388000,-2677760.462695295,299.01161244690104,1997.703683109426,1.0137458370050305,49.8
1390000,-2681123.3490717616,300.0916540724051,1987.9824478644996,1.018703054696101,49.8
1392000,-2679025.1235796344,299.7849894150516,1990.4893595319536,1.0174200543317635,49.8
1394000,-2680837.592932135,300.5470080032353,1989.0523172954715,1.0181551157364364,49.8
1396000,-2679690.320492534,300.27655225284724,1993.802948501006,1.0157291591149313,49.8
1398000,-2677461.5687214006,300.35361055361454,1994.7019310180779,1.0152713850776554,49.8
1400000,-2678066.250678027,299.7329232130455,1995.9048146713012,1.0146595055212166,49.8
1402000,-2680698.5262734033,299.878749932101,1993.159525846155,1.0160570521629753,49.8
1404000,-2678749.6080036834,300.1797347232128,1992.5199489884244,1.0163831952347309,49.8
1406000,-2678061.4501423277,299.22312039193326,1994.4343258066408,1.0154076101266098,49.8
1408000,-2679062.569280574,300.26890489538266,1992.0784215435033,1.0166084680304197,49.8
1410000,-2679166.3573943824,299.5511080309541,1994.505225464083,1.015371514933274,49.8
1412000,-2677894.4493146315,301.01435632454894,1994.9098264797221,1.0151655806395332,49.8
1414000,-2677993.886417033,298.83030798258625,1995.0000906205705,1.0151196492887598,49.8
1416000,-2676600.6739069205,300.3343124664305,1994.0216724129393,1.0156177439491787,49.8
1418000,-2677925.6754609924,299.7752183836812,1991.650131606893,1.0168270823188534,49.8
1420000,-2682612.1179124676,299.76496703918826,1992.240779765182,1.0165256192378997,49.8
1422000,-2676828.380324051,301.05722871381676,1991.9380797486367,1.016680093076665,49.8
1424000,-2681190.116506951,301.02199105211105,1991.5555231287458,1.016875386502031,49.8
1426000,-2678277.624012988,300.54631698255827,1993.0861711311486,1.0160944477239755,49.8
1428000,-2678292.9105854016,299.7968638072027,1990.7240127902387,1.0173001276471707,49.8
1430000,-2678371.8987361323,299.94984028176407,1991.5684714362753,1.0168687752228243,49.8
1432000,-2680034.7765975557,300.7691293468364,1991.2680259238862,1.0170222019118622,49.8
1434000,-2678649.191832369,300.0879341015402,1991.380935455836,1.016964537655488,49.8
1436000,-2678603.2576780617,300.1953139884134,1989.7017930766317,1.0178227709139929,49.8
1438000,-2678252.7907579336,300.23855193871344,1993.836728546934,1.0157119503951029,49.8
1440000,-2677329.504250426,300.9264715711682,1991.2845246074721,1.0170137754276998,49.8
1442000,-2676308.635122109,300.9614008011887,1994.6027980119175,1.0153218447002788,49.8
1444000,-2680336.518115476,300.94734794104954,1992.1362599619758,1.0165789524660587,49.8
1446000,-2678472.8554871324,299.03869471946166,1993.662165859012,1.0158008849253615,49.8
1448000,-2677976.1404279657,300.1541110650594,1990.4564652372449,1.017436868221288,49.8
1450000,-2678515.023061106,299.56602166211053,1993.7642498279852,1.0157488742696243,49.8
1452000,-2680846.2643728666,300.4386343348482,1993.9308657139773,1.0156639967537875,49.8
1454000,-2681093.96357652,300.1815442406689,1991.0889761176436,1.0171136582105915,49.8
1456000,-2681622.18063752,300.48403875321765,1986.1245598558191,1.0196559839473576,49.8
1458000,-2680066.427066993,299.7246983650126,1988.7770861265965,1.0182960204283473,49.8
1460000,-2677391.542203551,299.61595359137664,1996.4247826849592,1.014395237870263,49.8
1462000,-2676602.1693663,300.5256144329248,1994.1972481956186,1.0155283255727074,49.8
1464000,-2678072.5878004637,300.03869218944436,1991.0575566510176,1.0171297085595794,49.8
1466000,-2678294.5387142356,298.9345708954046,1993.3651597526473,1.0159522365551408,49.8
1468000,-2681692.844211988,300.7491235926211,1992.290268245719,1.0165003687464802,49.8
1470000,-2679796.2054239754,299.9745886220867,1993.84469188246,1.015707893682415,49.8
1472000,-2674155.45773641,298.8953770784775,1993.618510188691,1.0158231286336326,49.8
1474000,-2677709.828200644,300.0621617868818,1995.0818800788325,1.0150780339109575,49.8
1476000,-2677525.3437690344,300.71041098275606,1994.9223825774925,1.0151591911587219,49.8
1478000,-2675731.14629188,301.07116349198714,1992.9647194799434,1.0161563687139712,49.8
1480000,-2681425.333061639,300.6526237375353,1991.0210891066831,1.0171483383083768,49.8
1482000,-2677545.8431140427,300.9983925782611,1990.6468485239561,1.0173395616723453,49.8
1484000,-2678876.8603776637,300.40886044315533,1991.1630155934743,1.0170758378204356,49.8
1486000,-2679120.267089419,300.6473667921636,1994.4694703783794,1.0153897176162816,49.8
1488000,-2679280.3769382853,299.9539205917419,1992.9617114615494,1.0161579024198275,49.8
1490000,-2680824.4878691435,302.09898629461134,1988.8224648076696,1.0182727861119782,49.8
1492000,-2679610.701707756,299.8049759602231,1990.5827316051968,1.0173723303068718,49.8
1494000,-2681283.8822035324,300.7622437990195,1993.5471246840311,1.0158595035182716,49.8
1496000,-2676878.2058134507,300.04787518715625,1994.763091030667,1.0152402565637118,49.8
1498000,-2677875.5684237145,300.17659654854657,1992.0255406127053,1.0166354552356291,49.8
1500000,-2678518.8854811843,301.0196729732548,1993.958314823451,1.0156500149809349,49.8
1502000,-2678787.625524698,300.96599810287495,1993.7688854832443,1.015746512580842,49.8
1504000,-2681522.7828194126,301.13143828336666,1994.222292862176,1.0155155719451985,49.8
1506000,-2681195.8853019234,299.34572217666783,1990.9985538837418,1.0171598509558992,49.8
1508000,-2679848.5519298483,300.9433557181477,1989.8136167626012,1.0177655712381297,49.8
1510000,-2677500.156622691,301.2830708787166,1990.8150363656537,1.0172536148907383,49.8
1512000,-2676943.8418548275,299.84030570962113,1993.5243549477755,1.0158711065131938,49.8
1514000,-2677543.182130575,300.80007205271755,1995.045074270904,1.0150967606894299,49.8
1516000,-2681142.9057436567,299.93619894661447,1991.6215813942163,1.0168416586970808,49.8
1518000,-2677449.9878384005,300.62724291999956,1994.8919886404185,1.015174658003419,49.8
1520000,-2677359.63450934,299.49358093837833,1992.7143643275158,1.016284033765789,49.8
1522000,-2678403.659117276,299.6751691767787,1994.188666770141,1.0155326956109048,49.8
1524000,-2678954.9349067025,300.4175950216229,1993.1719825217435,1.0160507021373932,49.8
1526000,-2678232.227270825,300.0120012453191,1989.5854994708159,1.017882263848648,49.8
1528000,-2679032.7468739003,300.4511898032448,1988.808034756621,1.0182801743204069,49.8
1530000,-2678661.542267179,301.21733503674795,1992.713538223553,1.0162844550788634,49.8
1532000,-2681246.983330205,299.82207463209477,1992.4817613033797,1.0164026751226265,49.8
1534000,-2677834.6284288242,300.91180392581265,1994.3031950750708,1.0154743758737073,49.8
1536000,-2679288.1109213848,300.32389408451394,1993.2110056794104,1.0160308098597397,49.8
1538000,-2678280.2499126345,300.8818392365858,1994.6715418879214,1.015286852894595,49.8
1540000,-2679952.3935077153,301.6079126048015,1993.919492416767,1.015669790091254,49.8
1542000,-2678772.923071064,299.9989206426883,1995.455184242333,1.0148881359571826,49.8
1544000,-2677520.866217114,300.7757647387896,1994.3895381696327,1.015430412947517,49.8
1546000,-2678057.007911779,300.3809753994658,1995.302957128222,1.0149655645459241,49.8
1548000,-2676636.716757767,299.6625750390114,1994.026464952682,1.0156153029643238,49.8
1550000,-2676217.9890469033,301.1012592341122,1989.5988594796863,1.0178754288446927,49.8
1552000,-2677647.7308346964,300.9156622521731,1990.8120629157704,1.017255134246934,49.8
1554000,-2677762.745197799,299.193751050292,1993.4040115214398,1.0159324354806119,49.8
1556000,-2681472.278497439,301.4167446549033,1992.0882143917988,1.0166034705145308,49.8
1558000,-2680541.3643347435,300.07705930627304,1988.9178333058842,1.0182239599891703,49.8
1560000,-2677607.9939525966,300.49063058284867,1993.5986616016962,1.0158332423311027,49.8
1562000,-2678794.6334501486,300.38357949451745,1991.0964217459004,1.0171098547533048,49.8
1564000,-2678967.0504125673,300.17438969852253,1995.0263868136851,1.015106269123711,49.8
1566000,-2676389.9713258874,299.66897280527394,1994.0657545356187,1.0155952920386124,49.8
1568000,-2676972.8898003493,300.2371687000778,1996.0222482481322,1.0145998092452337,49.8
1570000,-2680208.7431712262,299.9784325946871,1991.6499328519353,1.01682718379222,49.8
1572000,-2676966.8650292885,300.4230379439962,1993.8200129508741,1.015720465823058,49.8
1574000,-2678251.2732985895,300.6400939767545,1997.5380590512352,1.0138298908225476,49.8
1576000,-2678720.4226000775,301.92026249938243,1992.8188236772658,1.0162307623052493,49.8
1578000,-2679681.253830323,299.85771199003193,1992.2647321476832,1.0165133978648757,49.8
1580000,-2678727.3811426423,300.5005974967704,1990.5244855365722,1.0174021003192475,49.8
1582000,-2676919.7138945833,300.06923245943443,1992.8149065134342,1.0162327598527252,49.8
1584000,-2681086.451706901,300.5650885271098,1991.6979317303085,1.0168026787889544,49.8
1586000,-2677070.95462827,300.6120939217543,1995.746246295898,1.0147401234402915,49.8
1588000,-2676333.565264851,299.16138420314064,1992.205915843333,1.0165434085986604,49.8
1590000,-2679643.67936999,299.32683642461234,1993.812571481971,1.015724256777318,49.8
1592000,-2680403.253440043,300.04568357484715,1995.0879374625756,1.015074951983056,49.8
1594000,-2679802.902301036,299.79277674824806,1990.7288433930037,1.0172976591177043,49.8
1596000,-2680019.4295171443,300.2712508694516,1989.7579549742736,1.0177940423653096,49.8
1598000,-2679622.2046694625,300.217746819729,1990.3551093259257,1.0174886796998053,49.8
1600000,-2680873.093722688,300.6179695331425,1990.2239458805136,1.017555736133918,49.8
1602000,-2678234.732693404,301.31132402941284,1989.4355513727962,1.0179589838556709,49.8
1604000,-2681402.0295983534,301.3681212588296,1992.833492741348,1.0162232819240589,49.8
1606000,-2680390.4845277388,298.9592502613978,1989.880926222912,1.0177311444287562,49.8
1608000,-2679584.3464279473,300.2698132170832,1990.680842661395,1.0173221889322557,49.8
1610000,-2681191.0615855716,301.20496111207353,1993.729726315761,1.0157664630221088,49.8
1612000,-2675731.3091943935,301.24696423276606,1994.9772516751664,1.0151312706053583,49.8
1614000,-2678820.830109345,300.2519893781057,1992.9468000442637,1.0161655054097873,49.8
1616000,-2676935.2337701153,300.1584988440291,1997.1186743541384,1.014042789909182,49.8
1618000,-2678401.488864759,300.61309057655893,1993.6197219143785,1.0158225112144903,49.8
1620000,-2678206.182708854,301.129600613597,1992.5317931669854,1.0163771535624764,49.8
1622000,-2679705.534185309,300.76702042764106,1994.7827630007512,1.0152302445582317,49.8
1624000,-2677345.0665940456,300.2034069276838,1995.9413648489922,1.0146409248224666,49.8
1626000,-2678031.2064739056,299.59093511256356,1990.5915220802046,1.0173678375789845,49.8
1628000,-2679762.074854685,300.7686859236374,1991.4201897405235,1.0169444915518664,49.8
1630000,-2678159.7243385315,300.2889759655758,1992.5159076626246,1.0163852567167062,49.8
1632000,-2679252.734193111,300.3506025042619,1993.0359641289517,1.016120044380076,49.8
1634000,-2677824.792246707,299.89886584164395,1995.9588452345602,1.0146320387100995,49.8
1636000,-2678464.077716816,298.8902245465289,1996.801100487208,1.014204064604967,49.8
1638000,-2678524.5566903185,299.442106254435,1994.2377470452782,1.0155077022899301,49.8
1640000,-2677533.5140929874,300.79839941202897,1993.0946019184298,1.0160901496459325,49.8
1642000,-2678250.0803304445,300.48785494239985,1995.9506234564456,1.0146362182120332,49.8
1644000,-2679571.5777116474,300.0700035601498,1992.8249583653665,1.016227633952837,49.8
1646000,-2676310.497261675,300.7242600672029,1995.5735347626962,1.0148279464743555,49.8
1648000,-2677565.15284382,299.5652523866213,1992.283113123465,1.0165040194246202,49.8
1650000,-2680312.4744416866,300.3098078255471,1992.0738223821643,1.0166108151052673,49.8
1652000,-2678048.072814906,301.1233608788958,1990.723102234339,1.0173005929598162,49.8
1654000,-2679193.9943861645,301.38220387105315,1989.781959715063,1.0177817636922397,49.8
1656000,-2679341.855246866,299.76892187491296,1993.7588563001298,1.0157516220792853,49.8
1658000,-2678060.8334012683,300.3991950238788,1994.3017187701723,1.0154751275903513,49.8
1660000,-2675433.790723607,301.3121663589046,1993.072053167475,1.0161016452482594,49.8
1662000,-2679572.356761297,299.89623552568224,1994.4366576584214,1.015406422934209,49.8
1664000,-2677993.189954901,300.964901925856,1995.1747225595075,1.0150307987682494,49.8
1666000,-2679602.5155755673,300.34472529210484,1989.258879402003,1.018049391806957,49.8
1668000,-2677725.89879065,299.8647580036659,1993.6364612998316,1.0158139819540672,49.8
1670000,-2680107.034259841,299.43282968396113,1991.83719118667,1.0167315889484285,49.8
1672000,-2677071.2318265904,298.22254343875636,1992.8407828552474,1.0162195644251317,49.8
1674000,-2678011.9779170398,299.8006616252362,1990.7250615568387,1.0172995917065646,49.8
1676000,-2678539.294688374,299.9020385066518,1996.0888383574927,1.014565961897883,49.8
1678000,-2678782.265614802,300.1553577576013,1994.1747806314713,1.015539767121372,49.8
1680000,-2681783.8558400087,300.16976118929375,1990.9161740982338,1.017201938820491,49.8
1682000,-2678796.584393522,300.8524452444049,1991.1878031514946,1.017063176620773,49.8
1684000,-2677498.6515379883,301.49049812476846,1993.9421360238568,1.0156582559412681,49.8
1686000,-2678766.8121829685,302.1089378197602,1996.1008122649791,1.0145598758731234,49.8
1688000,-2678143.9568799622,300.4815514093069,1992.9584533019718,1.0161595636710175,49.8
1690000,-2679173.121466933,299.4530382426956,1990.9078444450872,1.017206194637431,49.8
1692000,-2676571.0102584567,299.88243448434804,1996.631008831104,1.014290463968802,49.8
1694000,-2677841.9851607755,300.3721545519261,1995.2980714673615,1.0149680497773812,49.8
1696000,-2680197.185769785,301.4671464374217,1990.7957252327856,1.017263482462518,49.8
1698000,-2679601.9578320105,299.5040822054527,1995.8210875050972,1.0147020717440063,49.8
1700000,-2678907.4709201083,300.65545971459824,1995.3540336495166,1.0149395837378086,49.8
1702000,-2678484.515668886,300.1290986209323,1995.0308043450123,1.0151040214071674,49.8
1704000,-2678218.202903943,301.0929624991159,1992.3219491778473,1.0164842048532883,49.8
1706000,-2677386.320847854,300.39635844018005,1993.8336238912907,1.0157135319893749,49.8
1708000,-2681358.104265364,300.4481709693941,1992.053430634216,1.01662122168934,49.8
1710000,-2679486.7508872524,301.25499977883413,1992.3521662528378,1.0164687883119934,49.8
1712000,-2680505.7469149195,300.3030621884999,1992.6048340755208,1.0163398972488105,49.8
1714000,-2678331.8180076294,300.19194970268705,1994.2473595369781,1.015502807431069,49.8
1716000,-2678956.3881718386,300.18557997875155,1992.9510543309036,1.0161633362349227,49.8
1718000,-2680168.2308157366,301.85184127726507,1987.8123749428312,1.0187902127231905,49.8
1720000,-2678777.3067466896,301.245966705782,1991.9594226250135,1.0166691998439543,49.8
1722000,-2678341.0962897744,299.9616175083614,1994.0257725293718,1.0156156556356482,49.8
1724000,-2676559.0444833506,300.4410210572359,1998.1704663327969,1.0135090205984982,49.8
1726000,-2676901.0164060798,300.69190237169516,1996.7680024705294,1.0142208758434303,49.8
1728000,-2679812.5724701528,300.4901175048618,1994.7327124835035,1.0152557180457558,49.8
1730000,-2677011.199411992,299.4958429806328,1994.7640698020732,1.0152397584155104,49.8
1732000,-2678301.768040454,300.91584388769525,1995.5530207910786,1.014838378746249,49.8
1734000,-2678973.137869062,300.4735858883356,1992.1191895773948,1.0165876634878523,49.8
1736000,-2677805.7522528227,300.60745173322636,1997.1825954124702,1.014010334845497,49.8
1738000,-2675499.695224948,299.7427599801426,1997.7267291328558,1.013734142307267,49.8
1740000,-2681526.477275189,299.6607646929558,1991.4785150417072,1.0169147078543226,49.8
1742000,-2679127.3837419115,301.09884173936433,1992.8605199818385,1.0162094998701934,49.8
1744000,-2679436.4306027927,300.63850786950366,1992.4796746186073,1.016403739581156,49.8
1746000,-2677189.1608168017,301.02795183757434,1997.2648658345868,1.0139685661949263,49.8
1748000,-2682015.5818818174,300.2069041778973,1993.4003188749134,1.0159343174304354,49.8
1750000,-2679245.1448853295,300.8574442522232,1989.3716781095693,1.0179916677240728,49.8
1752000,-2678442.0672232676,299.97462422142564,1992.700193907454,1.0162912607293355,49.8
1754000,-2679493.73271187,300.5970010840757,1993.6349794870698,1.0158147369800061,49.8
1756000,-2679034.991437169,300.99354956829836,1994.0832728659477,1.0155863698767102,49.8
1758000,-2680567.2525297664,300.6922629736354,1991.315736466817,1.0169978347657902,49.8
1760000,-2683088.186714448,300.76796664102295,1989.4945270307066,1.0179288079491864,49.8
1762000,-2678952.2258285135,300.0630561307655,1992.1823227390073,1.0165554473635952,49.8
1764000,-2680168.122098526,301.0384086759363,1990.563925528441,1.0173819420464838,49.8
1766000,-2679421.3424080703,300.39907296594544,1992.2833940617604,1.0165038760841159,49.8
1768000,-2679432.816181954,300.15074758580954,1991.863291389545,1.0167182662967909,49.8
1770000,-2678920.8686242905,299.5178806415775,1992.2972689338358,1.0164967968889254,49.8
1772000,-2678955.955462901,299.51932217866573,1991.764942099108,1.016768469771082,49.8
1774000,-2679893.921335291,300.01282827350457,1990.3899152403274,1.0174708868926678,49.8
1776000,-2678640.4660180267,301.6056432817102,1990.844064633248,1.0172387824331546,49.8
1778000,-2679088.60030289,298.7918589431519,1991.425240672358,1.016941912234701,49.8
1780000,-2677142.8172473237,299.37990685726317,1987.6082933865275,1.0188948189943816,49.8
1782000,-2679291.3038254306,300.7946212626271,1994.3707152045088,1.015439996627774,49.8
1784000,-2677877.9703531843,300.7096001433334,1996.8606420224387,1.0141738235026223,49.8
1786000,-2680370.6573634706,300.774298633687,1994.3536967613975,1.015448661694479,49.8
1788000,-2678299.5105551444,300.5928980362178,1995.8751999113094,1.0146745610205437,49.8
1790000,-2676766.497633122,299.5978731390525,1993.9656486971223,1.0156462793855352,49.8
1792000,-2678268.415378537,299.7131332837192,1995.7002417873746,1.0147635150397312,49.8
1794000,-2678276.2261842955,300.9582791279918,1994.4691549465342,1.0153898782034994,49.8
1796000,-2680045.1756113525,300.0203745517344,1992.6353800382421,1.016324317338444,49.8
1798000,-2678762.0534900967,299.6232525331454,1993.0003463034368,1.0161382039285727,49.8
1800000,-2681683.4087210707,300.7699116570834,1993.1387113148699,1.0160676629404286,49.8
1802000,-2679672.36602824,301.25992755770034,1993.272842542241,1.0159992897604937,49.8
1804000,-2675808.996629756,298.9217184710877,1993.5767767873913,1.0158443938062462,49.8
1806000,-2677235.7377350572,302.05777634525634,1993.1188983751956,1.016077763335005,49.8
1808000,-2679910.8295153324,300.43612696133056,1994.6342900581835,1.0153058144120863,49.8
1810000,-2678104.0909468215,301.6575410198984,1989.2379155448757,1.0180601206603694,49.8
1812000,-2680091.64411447,300.71425277761557,1992.0997714290522,1.0165975727556187,49.8
1814000,-2678944.488793131,299.61025463734984,1994.0248887280288,1.0156161057817248,49.8
1816000,-2679235.577608928,300.45884902145235,1992.2546713554655,1.0165185312096379,49.8
1818000,-2680913.6379351,299.2069772126172,1991.4073033286527,1.0169510722074389,49.8
1820000,-2677189.6635542735,299.8630001863625,1992.9763932806063,1.0161504166078998,49.8
1822000,-2682695.389522109,299.942448194392,1989.393879182122,1.0179803072252245,49.8
1824000,-2680826.2582523488,300.7930208407033,1988.4792324474133,1.0184485506691627,49.8
1826000,-2678221.742459161,299.3671840720017,1994.6828339262468,1.015281105285071,49.8
1828000,-2680597.016099239,299.4296258944877,1991.5732074569437,1.0168663570784555,49.8
1830000,-2677739.131527981,299.62005486695244,1993.2800180848851,1.0159956322983392,49.8
1832000,-2677952.988331884,300.1938270316802,1991.7512974526353,1.0167754352222063,49.8
1834000,-2678518.3308446333,300.6610695970006,1996.084498897764,1.0145681675500668,49.8
1836000,-2678855.4879823085,301.17523834340136,1994.177809287993,1.0155382247708733,49.8
1838000,-2681080.6335642617,299.7725764171692,1991.9322256368891,1.0166830810090857,49.8
1840000,-2679179.8417060617,300.64093542693035,1989.3482816963833,1.0180036401644428,49.8
1842000,-2675704.050531544,300.1363370939687,1991.7834983808089,1.0167589971340385,49.8
1844000,-2679350.6371375676,301.06379388229135,1993.5105800531373,1.0158781260482785,49.8
1846000,-2679959.4948803913,300.9203673344356,1991.8158014699407,1.0167425074282705,49.8
1848000,-2677617.735614946,300.48476510822906,1996.3778129099685,1.0144191040521884,49.8
1850000,-2677734.3295992687,300.7985705831631,1992.5081925530076,1.016389192220559,49.8
1852000,-2680704.722837614,299.71214983311614,1993.397882599357,1.0159355590771564,49.8
1854000,-2679470.2156707346,301.2623836911804,1990.796525565738,1.0172630735058639,49.8
1856000,-2679936.9891235847,300.4246802105733,1991.4981401440098,1.0169046867276277,49.8
1858000,-2678739.1884942446,300.82041388105046,1993.731224705344,1.0157656996223745,49.8
1860000,-2678582.2392856777,300.3353327416885,1994.5053662779335,1.0153714432471432,49.8
1862000,-2675873.4078252744,301.2354145372727,1993.3374310619868,1.015966369147473,49.8
1864000,-2676577.612902321,301.85419367485827,1991.9681325261488,1.0166647544474277,49.8
1866000,-2678966.0906845834,299.18880703587524,1996.9355760066203,1.0141357671495979,49.8
1868000,-2681285.454638576,300.3962785151436,1992.5981728278332,1.0163432948690043,49.8
1870000,-2678968.2753448226,301.13739804300695,1995.5489144341752,1.014840467038123,49.8
1872000,-2677977.8085360676,299.87229386511444,1995.1595718796523,1.0150385066262535,49.8
1874000,-2675801.374027105,301.6227073772027,1996.0180848645066,1.0146019255428085,49.8
1876000,-2675991.7986474894,300.1367297701349,1994.0688614959536,1.0155937096387517,49.8
1878000,-2678161.74471166,299.48871447891787,1996.5170124897381,1.0143483775258875,49.8
1880000,-2676274.2716163583,300.2506400557068,1994.8665143096903,1.0151876217254523,49.8
1882000,-2681170.1428805217,300.2668955278124,1992.949739516907,1.0161640066310451,49.8
1884000,-2680136.649390338,300.32889721989807,1991.9280260391502,1.0166852244901314,49.8
1886000,-2680718.788876308,300.4047314723652,1993.8823664941006,1.0156887017776781,49.8
1888000,-2676793.580041155,301.14668963221857,1998.4551129402275,1.0133646631383553,49.8
1890000,-2675653.0459221397,300.5565489830262,1996.159820219897,1.014529884735735,49.8
1892000,-2681669.565399479,300.4192001047802,1991.5198531483218,1.0168935996898496,49.8
1894000,-2680420.684388092,300.7869023568228,1993.963375399408,1.015647437313707,49.9
1896000,-2676776.9439171962,299.7251384609994,1993.2818241111263,1.0159947117487456,49.9
1898000,-2676750.678674247,300.2858002731224,1990.1414578680572,1.017597912105835,49.9
1900000,-2678134.6097562816,300.5414700678252,1992.2402364325947,1.016525896469272,49.9
1902000,-2679329.5450338665,299.17979919773245,1994.3404171172328,1.0154554232266522,49.9
1904000,-2679512.043216577,298.71560353280563,1990.9947302924488,1.0171618043531085,49.9
1906000,-2680298.872141773,300.16717977140377,1990.9827084038045,1.0171679461472554,49.9
1908000,-2679867.236145351,300.079528324574,1991.818919585821,1.0167409157569958,49.9
1910000,-2677851.388138255,301.5129324675668,1992.0971087598607,1.0165989315563648,49.9
1912000,-2679712.3413996957,301.15651962974033,1992.483748137617,1.016401661601871,49.9
1914000,-2679394.4678317495,299.48003612036496,1992.5538476423728,1.0163659038464679,49.9
1916000,-2678922.7886339314,299.1499526581509,1993.9164177635623,1.0156713562714343,49.9
1918000,-2678882.573769998,301.3255703772405,1990.0510130028592,1.01764416042077,49.9
1920000,-2678579.7887416165,301.19427331145977,1994.6626195783294,1.0152913943661892,49.9
1922000,-2679692.7384568267,300.1321763527239,1991.5345560064627,1.016886092291951,49.9
1924000,-2676746.8110046443,300.0452466424478,1991.629769779209,1.0168374780551237,49.9
1926000,-2681354.2356412634,300.490818976474,1992.4516145682446,1.016418053775746,49.9
1928000,-2680970.2098815404,300.02749871107045,1992.7630641426151,1.016259197474198,49.9
1930000,-2680098.9302485604,300.28790076077837,1994.5311098491406,1.0153583377674031,49.9
1932000,-2679743.6721039116,300.02194432887376,1994.691201439051,1.0152768462911765,49.9
1934000,-2682064.317775229,300.4539238102908,1990.4865560691212,1.0174214872976375,49.9
1936000,-2678220.607990628,298.0347021591854,1989.4515462477689,1.017950799626854,49.9
1938000,-2677425.5484073497,300.50300403021873,1992.3008290607183,1.0164949804676702,49.9
1940000,-2681886.2061519846,300.99860801126067,1988.874783322453,1.0182459998505906,49.9
1942000,-2680010.6394947153,300.23885616225965,1992.9788729798997,1.0161491522957165,49.9
1944000,-2679881.9646949098,299.64799946711577,1992.8129961095283,1.0162337340610614,49.9
1946000,-2681611.654997183,300.5316587151959,1990.7474680315056,1.0172881416869632,49.9
1948000,-2678890.686365893,300.543168087427,1995.3204758306254,1.0149566532557877,49.9
1950000,-2679166.8335925993,300.6164914469577,1993.0711740259178,1.0161020934496052,49.9
1952000,-2678129.060388157,300.2517751974461,1994.3589658215178,1.0154459788975805,49.9
1954000,-2677334.193946326,299.9046631052266,1994.4543790155317,1.0153974007274231,49.9
1956000,-2678893.7645706944,300.94099260051115,1997.3561439657942,1.0139222283617335,49.9
1958000,-2677527.511123555,300.13964496106263,1995.1889318155897,1.0150235699628363,49.9
1960000,-2676419.9797108397,298.9621303652708,1993.3628366162084,1.015953420582262,49.9
1962000,-2679490.4746313784,299.45482061042867,1995.0188593929115,1.0151100992288662,49.9
1964000,-2681010.443802323,300.48587283643667,1992.7494241400746,1.016266153581106,49.9
1966000,-2680958.500122737,299.79295533921464,1992.9214491299003,1.0161784315212095,49.9
1968000,-2677442.7780336775,300.4372021504882,1994.9640956060148,1.0151379650301973,49.9
1970000,-2679707.4856182393,301.4545361422525,1993.8099463205588,1.0157255941365426,49.9
1972000,-2678603.6637705006,300.7652286688187,1994.235709961246,1.0155087396169198,49.9
1974000,-2679374.5244385693,300.902952732412,1992.3664485630497,1.016461501739503,49.9
1976000,-2678707.142995421,301.6305015491595,1989.8479007483654,1.017748035696673,49.9
1978000,-2676438.6030142233,301.5639668217626,1992.753740618045,1.0162639522602028,49.9
1980000,-2678210.4906527195,301.1299682084053,1991.8896945389959,1.0167047893636012,49.9
1982000,-2677930.1392949168,299.9404665710592,1993.5338129649408,1.0158662868676474,49.9
1984000,-2680624.378426438,300.5055813502552,1991.3275038227132,1.0169918250183003,49.9
1986000,-2679316.33238931,300.4002783254555,1993.8333526230338,1.0157136701808838,49.9
1988000,-2680622.7966422513,298.6917586583894,1988.5324544195196,1.0184212924565879,49.9
1990000,-2678347.9166898318,299.53928322290375,1993.0206298561761,1.016127862393447,49.9
1992000,-2680899.7203616686,300.36898313037585,1991.3575409276314,1.0169764849854226,49.9
1994000,-2677781.7333764657,299.8342656751403,1990.9910526219048,1.0171636832093702,49.9
1996000,-2680447.1685360037,298.98135699340617,1990.906922459562,1.0172066657038468,49.9
1998000,-2677623.067154672,299.5852895737596,1992.17405456617,1.0165596664006407,49.9
2000000,-2679903.741591634,301.0326800042043,1994.129506302078,1.0155628237392014,49.9
2002000,-2681051.6561179087,300.84896089852083,1993.2518131319857,1.0160100088606812,49.9
2004000,-2678202.2190461624,300.63513696217876,1991.1541967010069,1.0170803424853478,49.9
2006000,-2677368.9845864493,299.94802674268,1990.7656857496236,1.0172788323700792,49.9
2008000,-2678316.019987656,300.70063431790675,1991.7881545530443,1.0167566202723213,49.9
2010000,-2677580.9907700494,299.99194554178655,1989.9578377289383,1.0176918093063914,49.8
2012000,-2678479.274502203,300.3557208575154,1991.8470158892085,1.0167265739621654,49.8
2014000,-2676537.806253722,299.5286195012274,1989.3019942347555,1.0180273272690492,49.8
2016000,-2683338.3646205403,301.054933538583,1987.6933142223745,1.0188512371759333,49.8
2018000,-2682737.271589542,300.3262441049627,1991.562249801205,1.0168719519181217,49.8
2020000,-2680282.419040257,300.3624104855509,1991.7999704165175,1.016750588613727,49.8
2022000,-2680104.5279437453,300.3750721923962,1991.1809302294585,1.0170666871987484,49.8
2024000,-2681516.987655377,299.25910101511175,1992.740944499142,1.01627047806297,49.8
2026000,-2680449.4216373023,300.8296551493247,1987.5906678619076,1.0189038543335025,49.8
2028000,-2676445.7659688406,300.1565311472521,1995.10036015229,1.0150686315184732,49.8
2030000,-2677726.095666783,300.29859258872784,1992.8776569132576,1.01620076139473,49.8
2032000,-2679184.5222399216,299.90493121875517,1992.0686185996972,1.0166134707474908,49.8
2034000,-2677954.7506760303,300.3656502268689,1991.713689100812,1.016794634391496,49.8
2036000,-2678459.284779912,299.23015683245364,1992.9197368305256,1.0161793046129153,49.8
2038000,-2678852.192855384,300.98866769894624,1998.4228136931733,1.0133810415120341,49.8
2040000,-2681203.9135493524,299.1170574205089,1992.8798161343914,1.0161996603739145,49.8
2042000,-2679701.56962022,300.0135041350165,1993.9063133298284,1.015676503345721,49.8
2044000,-2679088.9704113994,299.69006066900215,1993.0929219506713,1.0160910061030861,49.8
2046000,-2675627.9863055833,299.8811747133286,1996.252685851048,1.0144826888277543,49.8
2048000,-2677467.144484818,301.17000180215655,1994.7420081170076,1.0152509868850195,49.8
2050000,-2677414.7801862974,300.4680073362604,1993.5961108125957,1.0158345420810109,49.8
2052000,-2679208.975357022,300.6889485677747,1993.9075852205192,1.015675855457374,49.8
2054000,-2679960.8094394375,300.8169029876922,1993.0918539463562,1.0160915505785337,49.8
2056000,-2678108.967408322,300.4328349417719,1993.715472326372,1.0157737252039931,49.8
2058000,-2676184.5684543718,300.9931954817196,1992.1047565481706,1.0165950287829795,49.8
2060000,-2679904.361320939,300.1323528943152,1991.341121561739,1.0169848703438278,49.8
2062000,-2679060.5287182666,300.6056115485446,1992.4450434534463,1.0164214059383243,49.8
2064000,-2678294.226023974,300.0575947368784,1989.921447222139,1.0177104202524454,49.8
2066000,-2679079.5463017114,300.61106891694516,1993.3401447265721,1.0159649860458666,49.8
2068000,-2679985.0887306016,300.9489779600952,1988.4373307032126,1.0184700121303782,49.8
2070000,-2679130.069696678,299.8062360264228,1990.069466232323,1.0176347241565975,49.8
2072000,-2679961.615584638,301.1542187802834,1991.1553786578763,1.0170797387428623,49.8
2074000,-2677167.4331664946,299.56304808260927,1994.276920509466,1.0154877547318961,49.8
2076000,-2678958.545684617,300.302881759356,1992.1960938521572,1.0165484203946478,49.8
2078000,-2678260.7970139273,301.3398548983466,1992.161637707372,1.01656600247177,49.8
2080000,-2677743.5055360086,299.7744805535723,1992.1268602825473,1.0165837491065024,49.8
2082000,-2678595.4711903986,300.6221599989857,1991.0699646344433,1.017123369993487,49.8
2084000,-2679016.7580727506,300.7072061433079,1993.300059039258,1.0159854173173997,49.8
2086000,-2677734.9748848695,300.87690913749674,1993.7322294482346,1.0157651877264688,49.8
2088000,-2676842.9008577336,300.1251992607023,1994.8807988496071,1.0151803523747653,49.8
2090000,-2675742.7488480695,300.81503902496183,1994.666927026589,1.0152892018622224,49.8
2092000,-2678004.6688018404,300.5225500388788,1991.6761535550595,1.0168137971160442,49.8
2094000,-2676644.5634478144,301.03955453302257,1996.029751089217,1.0145959954838761,49.8
2096000,-2679075.750635637,301.5410224254661,1999.4077234571118,1.0128818492409102,49.8
2098000,-2677384.5564029794,299.46166977049353,1995.8257306440303,1.0146997111157097,49.8
2100000,-2678960.9352891482,300.0298367069585,1995.4802104095754,1.0148754078128037,49.8
2102000,-2679131.2998077534,300.58114755434946,1990.357871107243,1.0174872678525857,49.8
2104000,-2679118.2874563504,300.87375648115625,1988.1288458634056,1.0186280414045843,49.8
2106000,-2677690.790426165,300.6412462395642,1992.4736473224302,1.016406814234807,49.8
2108000,-2680469.263202101,299.8805550448694,1991.3295855044576,1.0169907618827292,49.8
2110000,-2678665.0820339303,300.36434954701406,1994.5876245782388,1.0153295685618344,49.8
2112000,-2679435.86115478,300.0783086165631,1991.7837844779551,1.0167588510881422,49.8
2114000,-2677616.8151236326,298.09824255837236,1995.7114003037218,1.01475784124578,49.8
2116000,-2677662.4812742714,301.0910745315339,1991.9057151864306,1.0166966121347034,49.8
2118000,-2676628.511080567,299.625116080759,1995.873923637732,1.0146752098602907,49.8
2120000,-2680270.513615193,301.2093620772979,1994.4383565437302,1.0154055579994525,49.8
2122000,-2679378.3693291917,299.4029234677998,1992.8788148499766,1.0162001709442885,49.8
2124000,-2679842.830923857,300.7393821744111,1992.3685576426003,1.0164604257346848,49.8
2126000,-2679717.2790460736,301.57054791212255,1992.1828447657153,1.0165551809878983,49.8
2128000,-2676951.4233071133,302.3882469284922,1993.311807843904,1.0159794289847441,49.8
2130000,-2679931.7269560657,300.8892702425573,1991.473801342274,1.0169171148306426,49.8
2132000,-2676851.9074138924,298.7406209105731,1996.0542370044177,1.0145835492732234,49.8
2134000,-2678471.7298855223,299.8241725789942,1989.190359777934,1.0180844595224559,49.8
2136000,-2676796.6772200856,300.6553443249415,1992.2996517550391,1.0164955811430314,49.8
2138000,-2681791.897979349,300.2221559431768,1991.8085404326332,1.0167462139116643,49.8
2140000,-2680029.2287622467,299.4781594472398,1992.78104540622,1.0162500275633526,49.8
2142000,-2680572.7994285636,299.6360006019504,1991.0800632748017,1.0171182112038915,49.8
2144000,-2679722.0996638034,300.6536408167981,1994.4855087117312,1.0153815525237295,49.8
2146000,-2677990.483567873,299.83197494776357,1994.0698524829625,1.0155932049221437,49.8
2148000,-2680904.0913042743,301.59771043634197,1992.2263697191738,1.0165329719068352,49.8
2150000,-2679235.7267159764,299.9774075907697,1991.0024797427202,1.0171578453199577,49.8
2152000,-2680167.486675486,300.76474560553,1990.2961284616272,1.0175188321785669,49.8
2154000,-2680418.676513726,299.6729246569943,1989.3713235489201,1.017991849158168,49.8
2156000,-2677892.385447109,299.48233575443754,1995.2595443461844,1.0149876481284605,49.8
2158000,-2678146.8118276093,299.7713990283251,1995.136961326793,1.01505000988756,49.8
2160000,-2679339.511284679,300.0040209363875,1997.2099494624642,1.013996446826663,49.8
2162000,-2678294.0810103174,300.31797663080397,1992.5255567506117,1.0163803347267535,49.8
2164000,-2677718.1689535417,300.964227763819,1992.3762821886307,1.0164564848649722,49.8
2166000,-2676972.417457372,300.49176307901894,1994.817633636129,1.0152124977110586,49.8
2168000,-2680164.5189346634,301.40566885048395,1993.8979443127985,1.0156807664595768,49.8
2170000,-2679129.0585244745,300.50039111214846,1992.0907835129667,1.016602159441001,49.8
2172000,-2678700.720571615,299.97621063845725,1993.816421556721,1.015722295406014,49.8
2174000,-2675052.1650521904,300.6619571875329,1992.861106902591,1.0162092005846874,49.8
2176000,-2676383.5366966147,299.63774186368227,1995.7656708376103,1.014730247099525,49.8
2178000,-2683101.6681361385,299.4392535087695,1993.1712629385845,1.0160510689563351,49.8
2180000,-2678924.1899502426,299.93278092744896,1993.339086687992,1.015965525306928,49.8
2182000,-2679023.5018049795,302.08215434683666,1995.8215316909655,1.014701845914034,49.8
2184000,-2681001.551505221,300.7077843121901,1989.6879952709485,1.0178298291667676,49.8
2186000,-2676409.446508037,300.7038987808039,1995.096047673605,1.0150708256292988,49.8
2188000,-2677269.967522392,300.7613268658754,1992.512776102377,1.0163868541326446,49.8
2190000,-2679673.8962658253,300.4940657678871,1991.8558465040367,1.016722066446837,49.8
2192000,-2680365.5905365814,299.82986361558295,1990.2000548341293,1.017567951223166,49.8
2194000,-2677376.357261203,300.9688641660704,1992.528405112585,1.0163788817893258,49.8
2196000,-2675637.4490196574,299.7173215265388,1991.3596025091852,1.0169754321469704,49.8
2198000,-2678314.944427157,301.20839768658186,1992.0277700915155,1.0166343174165489,49.8
2200000,-2681007.5469357837,300.9697621141297,1991.1096011299724,1.0171031223858793,49.8
2202000,-2676279.607047662,300.45943234327177,1993.2151750266378,1.0160286845572168,49.8
2204000,-2677941.1121088564,300.06720213643797,1992.486547922827,1.0164002333832753,49.8
2206000,-2680101.232170783,299.8526970124302,1991.4355041092208,1.0169366711314427,49.8
2208000,-2681657.237847792,300.7248590407087,1991.3304727772181,1.0169903087443812,49.8
2210000,-2681106.1097167265,301.25223517883995,1993.6117051273818,1.0158265960784973,49.8
2212000,-2676304.692088183,299.85920737266423,1991.0047792830283,1.0171566705385158,49.8
2214000,-2674506.352029817,300.7018253173405,1990.6472753267865,1.0173393435506273,49.8
2216000,-2678755.3290127646,299.11751634218564,1995.50364407958,1.0148634898914946,49.8
2218000,-2680288.582231259,301.63295043148463,1994.8452992686869,1.0151984181751967,49.8
2220000,-2680139.0572876465,300.84389123480395,1991.0967178506087,1.0171097034944463,49.8
2222000,-2678703.1874196287,300.2462051021233,1989.351547224273,1.0180019691077191,49.8
2224000,-2677193.596558029,300.84102270933926,1991.9575217109102,1.016670170045778,49.8
2226000,-2676518.1197159607,299.90003288849346,1993.3844026138197,1.0159424292004628,49.8
2228000,-2675887.4821574725,300.5862175137392,1998.6260117250488,1.0132780122149234,49.8
2230000,-2677888.9601304755,300.5329024434948,1992.8411132212623,1.016219395959916,49.8
2232000,-2678244.1177992783,300.5927512087858,1988.872181742763,1.018247331785411,49.8
2234000,-2678579.81781264,300.48242126516914,1991.9928752239832,1.0166521263757453,49.8
2236000,-2677499.198358547,299.61236974468665,1991.4382756370223,1.016935255838641,49.8
2238000,-2682416.3225640673,300.6504675326735,1990.356190931819,1.0174881267727676,49.8
2240000,-2678596.7485321704,301.1072684492543,1990.95244975401,1.0171834051446154,49.8
2242000,-2678261.737217903,300.54165991080777,1994.6155555543965,1.0153153507112354,49.8
2244000,-2678516.8319246974,299.25447424735626,1995.5187388792183,1.0148558131101435,49.8
2246000,-2681231.697988689,299.4781854950544,1990.9292096498552,1.0171952787201124,49.8
2248000,-2678818.1149305925,300.26023824141873,1993.9829386882666,1.0156374726325608,49.8
2250000,-2677370.967590958,299.2520469581899,1991.7407636994192,1.0167808126597255,49.8
2252000,-2676384.603420779,300.71921768537084,1997.6204073372814,1.013788097520104,49.8
2254000,-2677179.2891536783,299.9958274732834,1993.477822662426,1.0158948192446169,49.8
2256000,-2679074.3019916844,300.1718193639113,1991.8785563738143,1.016710474562555,49.8
2258000,-2678691.029942712,299.94762937593373,1992.1231384080113,1.0165856483852653,49.8
2260000,-2678344.1114664283,301.19327881906605,1991.2152202725542,1.0170491726377004,49.8
2262000,-2678716.624599496,301.16831637883377,1993.4877398573171,1.0158897653751044,49.8
2264000,-2676742.169525191,300.926253881259,1996.8648387977496,1.0141716920315378,49.8
2266000,-2677190.8336133864,300.1008080435929,1992.5171147674216,1.01638464097117,49.8
2268000,-2681882.7921628933,299.54185825515157,1990.457747288373,1.017436212891585,49.8
2270000,-2679843.88209497,299.75084225242506,1994.7020960698626,1.0152713010689431,49.8
2272000,-2678345.8679835834,300.3983485871678,1989.9337258385865,1.0177041406081828,49.8
2274000,-2678924.9377943836,300.94825265236733,1992.9959452033352,1.0161404478498228,49.8
2276000,-2679741.135264419,300.55216273510024,1990.907527837833,1.0172063564002733,49.8
2278000,-2680475.0190302934,301.5693051688471,1991.4769141176243,1.0169155253396946,49.8
2280000,-2680578.7146023046,299.7152511270377,1990.2994883163324,1.017517114489618,49.8
2282000,-2679209.039778026,300.5202626722853,1995.8623559468208,1.0146810907514092,49.8
2284000,-2683544.3714881297,299.41682820768096,1989.0551022258255,1.0181536901896608,49.8
2286000,-2680234.933733398,300.1118214778468,1995.0830651883848,1.0150774309392336,49.8
2288000,-2678431.6789837927,300.8161107817123,1988.5547837153736,1.018409856699057,49.8
2290000,-2679167.4801108446,299.8357525613406,1995.1399006393644,1.0150485144790158,49.7
2292000,-2678445.4948825054,299.3587177906181,1993.0134649701092,1.0161315153744686,49.7
2294000,-2680611.0637027603,300.425396186463,1991.5945292351007,1.0168554706261368,49.7
2296000,-2681006.3067063577,299.69240120737925,1993.0290697770122,1.0161235593760711,49.7
2298000,-2678807.814440381,300.50628711674614,1994.303422550375,1.0154742600461253,49.7
2300000,-2680256.1580243967,299.8778100552684,1992.1429217317482,1.0165755530036693,49.7
2302000,-2683181.9339197986,299.3993605101952,1990.3368616976622,1.0174980081484446,49.7
2304000,-2681562.8337995317,300.2135671442501,1989.8634447629047,1.017740085457522,49.7
2306000,-2680849.286280643,298.85129047575015,1992.837241840638,1.0162213701161575,49.7
2308000,-2680021.892166838,300.45567095868955,1991.5212506908438,1.0168928860886035,49.7
2310000,-2679343.6060767286,300.79976340603633,1988.7492866100768,1.0183102545689864,49.7
2312000,-2679959.5760179944,300.11639828582076,1992.5641599632238,1.0163606437441772,49.7
2314000,-2678255.292430332,300.0322679624995,1995.529563813397,1.014850307931179,49.7
2316000,-2676763.6696122363,300.01754009713443,1998.4569532004407,1.013363729991075,49.7
2318000,-2677394.039645361,300.46883168148634,1991.4499611758968,1.016929288610392,49.7
2320000,-2676659.1894888654,299.8888309390545,1995.2626309106713,1.0149860779968995,49.7
2322000,-2677828.367837386,301.30768560288664,1991.507099083082,1.0169001121081673,49.7
2324000,-2678401.9317190032,299.9291965257034,1993.4691755669965,1.0158992259039001,49.7
2326000,-2680296.9343165327,299.5811522086898,1990.3840739686564,1.0174738729112687,49.7
2328000,-2677731.7783197444,300.45779190514423,1994.6910872197327,1.0152769044276118,49.7
2330000,-2681219.9745622072,300.4753042140438,1988.4309372696912,1.018473286833157,49.7
2332000,-2678725.851425031,300.3428421299901,1990.5064107148921,1.0174113388534418,49.7
2334000,-2680109.277690785,299.1278627321416,1992.3480779525407,1.0164708741069886,49.7
2336000,-2677346.642218061,300.7427464892191,1993.153752602492,1.0160599952098575,49.7
2338000,-2677520.2347776443,301.7005512571409,1992.1991273834099,1.0165468724914482,49.7
2340000,-2677951.7324883174,300.03036661330265,1993.5604435608727,1.0158527166121312,49.7
2342000,-2676238.243437115,300.1579566413468,1992.6840353970008,1.0162995017513279,49.7
2344000,-2682644.4842466284,300.2478967052752,1992.7027222542406,1.0162899712561415,49.7
2346000,-2676784.3697099686,299.09534908850196,1990.708823088356,1.0173078899504695,49.7
2348000,-2678657.8665849976,301.3315271653608,1991.096610666413,1.0171097582472317,49.7
2350000,-2681583.7688619494,300.9033869881149,1989.8364769245147,1.0177538786764453,49.7
2352000,-2677748.194207322,299.42406891491424,1989.8632876260492,1.0177401658271021,49.7
2354000,-2676349.338769123,301.2881685877281,1989.3707073093353,1.0179921644975225,49.7
2356000,-2680902.195181176,300.3761046306257,1992.0681581889087,1.0166137057092355,49.7
2358000,-2680010.225080315,300.4971940914417,1987.9375087686612,1.018726083384882,49.7
2360000,-2677628.2934948094,301.22027822635823,1992.046019310569,1.0166250039859475,49.7
2362000,-2677897.8914454,300.64649378485717,1995.8297539695461,1.014697665616974,49.7
2364000,-2675428.169018902,299.814785506862,1993.598770787741,1.015833186695628,49.7
2366000,-2678016.193480367,300.8615401418766,1994.0598628122939,1.015598292754179,49.7
2368000,-2677678.392217919,299.8270453080578,1990.148789680831,1.0175941632216263,49.7
2370000,-2678882.494889589,300.02760423662215,1994.3749466608604,1.0154378421733017,49.7
2372000,-2677691.2427569143,300.04866166060964,1992.8802470562014,1.0161994406403916,49.7
2374000,-2680221.1840844117,300.8356562448832,1991.2856926426246,1.0170131788745058,49.7
2376000,-2677350.263587225,301.1952391653689,1993.2425624524394,1.0160147241839361,49.7
2378000,-2676373.22446502,299.3930097117064,1992.2817219757708,1.0165047292174207,49.7
2380000,-2676162.118446136,299.93955225956466,1993.5868077963964,1.015839282444041,49.7
2382000,-2673761.6673842594,299.3131345863024,1996.2010332155864,1.0145089390418542,49.7
2384000,-2679941.523657972,300.85685461640213,1990.8668168754343,1.0172271571134983,49.7
2386000,-2677317.4455187116,300.0260013685445,1996.7247031766378,1.014242869385006,49.7
2388000,-2678159.008484157,300.64914773629914,1993.394825536919,1.0159371171119207,49.7
2390000,-2677984.8642463163,300.23381555670187,1997.9772949529881,1.013607010168476,49.7
2392000,-2678005.0635860916,299.5393543637598,1991.5707328097594,1.0168676205964546,49.7
2394000,-2675888.254556194,300.592711860917,1994.9539463366336,1.0151431295146631,49.7
2396000,-2679723.402715696,300.3660040671434,1990.1198455104093,1.017608963043329,49.7
2398000,-2682739.5881042257,300.5780020169671,1990.851647391965,1.0172349079725664,49.7
2400000,-2678739.8951124176,300.72462933367416,1993.8965709130468,1.0156814660624212,49.7
2402000,-2680435.397292476,300.76874183196327,1990.4244972403012,1.0174532091670203,49.7
2404000,-2680328.525015017,301.0131380650363,1991.450404875735,1.0169290620361526,49.7
2406000,-2682275.8369936123,300.6739922047692,1989.6306038852888,1.0178591887193131,49.7
2408000,-2679772.0098997205,300.5711160423602,1991.575938374788,1.0168649627161186,49.7
2410000,-2680964.762605535,299.55279818627554,1993.9752969356703,1.0156413649828349,49.7
2412000,-2680390.824568024,300.13248956011205,1993.7462393422156,1.0157580500264405,49.7
2414000,-2682738.420998482,299.8110570596439,1991.5728179758764,1.01686655594148,49.7
2416000,-2678581.0577690676,300.31456158718055,1991.9366349475797,1.0166808304999584,49.7
2418000,-2678331.0263529997,300.39369028450756,1992.9162536762947,1.016181080658064,49.7
2420000,-2678261.401703207,299.69335948874027,1990.8731947661897,1.0172238983606563,49.7
2422000,-2678571.3451211415,301.1015773248717,1992.1906395852795,1.0165512035250714,49.7
2424000,-2676889.052512476,300.1995647119919,1994.4521143581887,1.0153985536892631,49.7
2426000,-2677348.3509116564,299.52863837432403,1992.902490382854,1.0161880985620857,49.7
2428000,-2679719.1095520984,299.64850946642247,1991.1137489261139,1.0171010036036605,49.7
2430000,-2679896.8126013577,301.3185700737211,1992.9005871554289,1.016189069025475,49.7
2432000,-2677592.210670037,300.6590771355011,1992.9131625327632,1.0161826568238665,49.7
2434000,-2682345.2011923883,301.1450570216899,1991.660499141624,1.0168217892530442,49.7
2436000,-2682804.259416191,300.7150897245302,1991.2736195754185,1.017019345012769,49.7
2438000,-2679750.7649352197,302.36772300240017,1995.1220270460253,1.0150576079400275,49.7
2440000,-2676979.6614862513,300.0017232599781,1993.252782627063,1.0160095146851755,49.7
2442000,-2680158.4718865026,300.44154703461453,1988.7168450910808,1.0183268660496752,49.7
2444000,-2683311.169183029,299.53178556537165,1987.4517019820485,1.018975097760685,49.7
2446000,-2678304.6509457473,300.5494810300949,1993.9386459080158,1.0156600337116002,49.7
2448000,-2676478.4434042647,301.0685349250762,1994.4222204280138,1.015413773261705,49.7
2450000,-2678272.380743051,298.89649690651123,1993.5694195858637,1.0158481427461388,49.7
2452000,-2678291.8308663387,301.05669072818756,1996.0886819316333,1.0145660414055493,49.7
2454000,-2680079.6690691244,300.03265895193255,1990.8660879380157,1.0172275295619229,49.7
2456000,-2678410.520094579,300.1520917828956,1994.52215275327,1.0153628975873894,49.7
2458000,-2679430.3419766296,299.87297769210227,1991.4961575556733,1.016905699083772,49.7
2460000,-2681108.454585802,301.19568328886123,1994.5697858159044,1.015338649328521,49.7
2462000,-2679039.492219573,299.93495107577434,1992.14020898299,1.016576937300847,49.7
2464000,-2681393.991914315,299.3002945078373,1990.259061967008,1.0175377824032077,49.7
2466000,-2680006.9250447974,300.04560372889824,1990.1223921214057,1.0176076608851372,49.7
2468000,-2678964.52738725,301.06889004592716,1989.6539315479365,1.0178472548470954,49.7
2470000,-2676631.846487997,301.27895732326783,1991.6964050876793,1.0168034581719523,49.7
2472000,-2678802.718305258,301.6307717300962,1991.7537547932443,1.016774180768155,49.7
2474000,-2676133.558022449,301.669673352226,1993.4964151495828,1.0158853444287927,49.7
2476000,-2676850.178334417,300.38223813753643,1993.5555897787797,1.0158551899455814,49.7
2478000,-2677965.3521823045,300.39426746194357,1994.3095942198158,1.0154711175192699,49.7
2480000,-2678291.467370674,300.2775759724809,1994.397660671247,1.0154262774456906,49.7
2482000,-2678302.5040768124,300.11344361272563,1991.441094908014,1.0169338161696122,49.7
2484000,-2681766.8833235186,300.71428220260515,1991.7735571225226,1.0167640719397406,49.7
2486000,-2675917.2850024384,299.13965347000794,1996.8752756945044,1.0141663913473287,49.7
2488000,-2675051.6055249665,300.769691516984,1995.167321931338,1.0150345637986005,49.7
2490000,-2679980.309847731,300.3774610229656,1992.582717528502,1.0163511780498165,49.7
2492000,-2678667.9696990103,300.70720722993485,1993.020886020104,1.0161277317900468,49.7
2494000,-2679425.9739820976,300.3538064274108,1993.039311349844,1.0161183378516485,49.7
2496000,-2678630.0535259545,300.2538512414468,1995.5350386319049,1.0148475236547114,49.7
2498000,-2678554.319728479,300.50039876272916,1995.3807502910513,1.014925994463163,49.7
2500000,-2678571.7742788475,300.1304327615503,1990.6341329471886,1.0173460601338562,49.7
2502000,-2677303.6520734765,299.6830669271812,1996.6460852727728,1.0142828051798318,49.7
2504000,-2677898.2785209715,300.3776132712451,1994.631635326998,1.0153071657212507,49.7
2506000,-2679798.0717726946,299.46205310807983,1991.2239459472764,1.0170447158611158,49.7
2508000,-2677920.257625103,301.9110442847972,1993.0568330419803,1.0161094047834114,49.7
2510000,-2675358.687854342,300.30711125275764,1992.3057750207693,1.0164924569877765,49.7
2512000,-2680159.6708320603,300.141290750299,1992.6843851940278,1.0162993233494964,49.7
2514000,-2680338.4090721905,300.26934878170186,1992.986616427678,1.0161452042020211,49.7
2516000,-2682280.7605330795,300.2278472258799,1993.8359752461843,1.015712334146115,49.7
2518000,-2678341.821573993,300.23701537075254,1996.1256893977284,1.0145472317090567,49.7
2520000,-2678279.7515425105,300.9872232893998,1995.2017501980577,1.0150170488376755,49.7
2522000,-2679309.685084559,300.37909855962977,1988.4458372631775,1.0184656551214677,49.7
2524000,-2681602.7209363524,300.91939432133336,1988.2445618219604,1.018568757188505,49.7
2526000,-2677650.261372838,300.8541877179898,1990.4425129714584,1.0174440000774025,49.7
2528000,-2679336.8030822556,301.9199604664224,1996.1754706975614,1.0145219305866464,49.7
2530000,-2682371.92536466,299.8456561914598,1991.4923789717022,1.0169076285230285,49.7
2532000,-2678425.3891976066,301.2891027289046,1994.7410247680386,1.0152514873740548,49.7
2534000,-2676462.733839147,300.6180173655576,1992.516246047382,1.0163850841061797,49.7
2536000,-2681394.5912871473,302.0437182982786,1990.6429631379892,1.0173415473407603,49.7
2538000,-2677137.960711701,300.60430749945,1992.6061857425238,1.0163392078235174,49.7
2540000,-2676534.4072922114,300.5279619607774,1996.0680104554076,1.0145765483510514,49.7
2542000,-2682104.123159947,300.43413250911243,1992.3513906149935,1.0164691840311741,49.7
2544000,-2678439.9677455127,300.5037802152261,1993.4272897059527,1.0159205719615318,49.7
2546000,-2678957.538713107,300.40916073392657,1994.4536265267452,1.01539778382741,49.7
2548000,-2676920.0801497363,300.01498300693015,1992.6231255789824,1.0163305676447774,49.7
2550000,-2677194.000661906,300.6857347614888,1991.018467651801,1.017149677526732,49.7
2552000,-2678261.440842375,299.91000918641186,1997.846616215446,1.0136733099951882,49.7
2554000,-2680404.914282188,300.8375057955353,1993.8250199729969,1.0157179150802438,49.7
2556000,-2678997.241242787,300.76775502341263,1992.3744910980108,1.0164573986317784,49.7
2558000,-2677161.887908239,299.45532293220634,1991.0011319192708,1.0171585338927431,49.7
2560000,-2679918.6003249176,301.07015858675317,1991.2389380307095,1.0170370585082267,49.7
2562000,-2680781.4961632825,301.10168369081555,1992.3939989306862,1.016447446342791,49.7
2564000,-2673726.638248522,299.16381400943163,1993.3463841211544,1.0159618059631272,49.7
2566000,-2674935.5213577636,300.8087221846305,1993.8283547085962,1.0157162162626487,49.7
2568000,-2677762.1087851264,301.3588130289613,1991.905630154707,1.0166966555360895,49.7
2570000,-2678369.689456651,300.4902902441285,1995.719871983628,1.0147535336754971,49.7
2572000,-2676288.14662347,299.82746748159235,1996.6834224053864,1.014263838521833,49.7
2574000,-2677660.8811623063,301.7333503624772,1996.1084921498539,1.0145559724264537,49.7
2576000,-2681539.8701541238,300.51147695395815,1990.3073242679536,1.0175131084676405,49.7
2578000,-2679330.29095898,300.728336642138,1992.2611546348817,1.0165152232228039,49.7
2580000,-2680728.2634982634,301.4091227649059,1992.824623731829,1.0162278045969793,49.7
2582000,-2678677.5631851144,299.8985535005182,1993.1634319669568,1.0160550609356007,49.7
2584000,-2683328.1564965397,300.43440006420434,1991.0911257595874,1.0171125601040543,49.7
2586000,-2680010.327530019,300.3351755739201,1991.2102733520394,1.0170516993730654,49.7
2588000,-2679659.558128588,301.39314229640837,1991.6769468528846,1.0168133921125242,49.7
2590000,-2679699.459857395,300.34209411338753,1987.6566176956503,1.018870047417763,49.7
2592000,-2678032.004910307,300.42126295977675,1995.0034753290506,1.0151179270440982,49.7
2594000,-2680277.114529088,299.4635160016136,1994.853501382159,1.015194244047815,49.7
2596000,-2678660.642153153,299.83468923871203,1993.7920023340089,1.0157347355948183,49.7
2598000,-2679122.68248835,299.2632775101463,1990.5285626654818,1.0174000164106844,49.7
2600000,-2680257.5833142158,302.0047377494764,1991.105249447455,1.017105345327071,49.7
2602000,-2680508.5331308395,299.3382387520031,1993.8933886761297,1.0156830870814162,49.7
2604000,-2680086.2513532173,302.1565557041195,1993.9728385321505,1.0156426171845991,49.7
2606000,-2679288.6221330017,300.7830021214426,1991.8124805998393,1.0167442026028046,49.7
2608000,-2679041.0194320064,298.4599328079237,1988.924243058144,1.0182206785352128,49.7
2610000,-2677605.5372629613,299.9980046326351,1991.1387459662844,1.0170882347724095,49.7
2612000,-2680078.591683125,300.27903774837523,1991.0224534276988,1.0171476413213332,49.7
2614000,-2679011.664206853,301.21709186420156,1994.6308974608066,1.0153075413099535,49.7
2616000,-2677566.5142809134,299.7482519064952,1994.9196042655124,1.0151606049645399,49.7
2618000,-2680063.0745149665,300.0011908850297,1993.5487760439466,1.0158586620291221,49.7
2620000,-2680905.646983223,300.8815875965939,1991.2925359616627,1.0170096837849982,49.7
2622000,-2680478.811343828,300.45248606339095,1992.5413693623916,1.0163722688326644,49.7
2624000,-2677383.3465768155,300.8701970272377,1995.1429984257427,1.015046938449897,49.7
2626000,-2679841.9973441213,301.1436009976443,1989.370353740905,1.017992345424061,49.7
2628000,-2680488.170112718,300.04187772222133,1994.0843227632329,1.0155858351644316,49.7
2630000,-2677759.6763516627,301.48336029704615,1993.0102119866428,1.0161331739003503,49.7
2632000,-2678368.7446543053,299.85811674921456,1993.9852009645447,1.0156363203408787,49.7
2634000,-2677618.463481229,300.46279653775395,1992.3846839671032,1.0164521985229413,49.7
2636000,-2677659.8458236586,301.32919124822416,1993.6529030143495,1.0158056045060826,49.7
2638000,-2675485.6201858185,301.71010925674074,1994.3886330725181,1.015430873772013,49.7
2640000,-2678244.190013066,300.23724304151796,1995.1836762733944,1.0150262436511108,49.7
2642000,-2681014.459866632,298.7941820745199,1991.3240226731557,1.0169936028809694,49.7
2644000,-2681046.927059224,300.42116069543465,1993.5802427706212,1.0158426276874024,49.7
2646000,-2680203.8719241563,301.36293910026575,1987.1938874296156,1.019107297547747,49.7
2648000,-2678958.5555770826,299.4865866821089,1990.1346288659304,1.0176014039190044,49.7
2650000,-2676125.43597308,299.860676841798,1995.443647482696,1.0148940035849143,49.7
2652000,-2677857.3248219453,300.41338224454057,1991.748831401054,1.0167766941262564,49.7
2654000,-2680095.180173084,301.35239408827937,1993.7823164651222,1.0157396700720636,49.7
2656000,-2678785.219939729,300.75826030726904,1991.7392147658477,1.0167816033887145,49.7
2658000,-2679072.78042282,300.32767752928504,1994.2005727621465,1.0155266325677383,49.7
2660000,-2679165.6371420603,300.6746016183922,1991.1833376101865,1.017065457544655,49.7
2662000,-2678146.0051081125,298.4864816394961,1994.2736867118228,1.015489401387483,49.7
2664000,-2680949.4041452464,300.4566727155936,1995.2638546889489,1.0149854554637388,49.7
2666000,-2678700.2764741294,300.6576609451304,1991.6680773688506,1.0168179202817758,49.7
2668000,-2680435.382582858,300.57461492254714,1995.9052525820978,1.0146592829002519,49.7
2670000,-2676445.150104752,300.211190392367,1997.3084217553526,1.0139464542696737,49.7
2672000,-2677969.416770842,300.402982948432,1998.6408446741316,1.013270492153877,49.7
2674000,-2678562.6090127323,299.99183806864824,1992.0074394157268,1.0166446933128905,49.7
2676000,-2680463.4509794824,299.939271998507,1992.959950021478,1.0161588005318283,49.7
2678000,-2677940.362973947,301.67903532886817,1990.117570962286,1.017610126090473,49.7
2680000,-2677511.9765139725,300.31522599824984,1994.460745439228,1.0153941595254652,49.7
2682000,-2675878.487015415,299.43863040670504,1994.7460766618317,1.0152489161481995,49.7
2684000,-2679203.7695651203,300.5189097765741,1993.054414323963,1.016110637906856,49.7
2686000,-2678076.67598233,300.0507448462801,1992.5214968605471,1.0163824056667305,49.7
2688000,-2680693.597478196,300.8069192745425,1993.9163794928827,1.0156713757659497,49.7
2690000,-2674176.7583198044,299.0250101055939,1996.1452424799759,1.0145372937921942,49.7
2692000,-2675447.0194355436,300.44991325916084,1998.409263465844,1.0133879127489396,49.7
2694000,-2680485.0248071533,300.1399445024666,1992.4521946716434,1.0164177578451488,49.7
2696000,-2676913.573902108,300.01331874934056,1992.2045986078863,1.0165440807319401,49.7
2698000,-2679243.2185352016,300.276170259695,1991.5524754551493,1.0168769426268653,49.7
2700000,-2680810.305555189,300.4018303251866,1991.0056435033725,1.0171562290292258,49.7
2702000,-2678723.007985411,301.4379975283509,1994.4353361366875,1.015407095747026,49.7
2704000,-2676256.2229461893,300.50356557840587,1994.8285610499959,1.0152069365077843,49.7
2706000,-2677384.824966021,301.63523686480306,1989.6562013064352,1.0178460937080727,49.7
2708000,-2678472.1593637336,299.641749595155,1991.6698518364942,1.016817014353267,49.7
2710000,-2680775.755448047,300.74831899031705,1988.1758322181354,1.018603968272965,49.7
2712000,-2680366.609924473,300.07904647464676,1992.7407651550088,1.01627056952602,49.7
2714000,-2679335.302223431,299.7353346859666,1990.921365611738,1.0171992863713821,49.7
2716000,-2681302.0858499836,301.13354231162896,1992.5245204750954,1.0163808633275537,49.7
2718000,-2679742.6108511947,301.27863100754143,1990.6810256558063,1.0173220954143727,49.7
2720000,-2679274.734232135,299.5386908625261,1995.4595728225665,1.014885903931,49.7
2722000,-2680662.970562419,300.9348533714852,1992.7453408370636,1.0162682359960338,49.7
2724000,-2676888.3892953303,299.37857324475516,1993.6015204817868,1.0158317855979482,49.7
2726000,-2678576.620958263,300.62277380765863,1994.744410718224,1.0152497640500324,49.7
2728000,-2678325.8363993913,301.1595603822564,1992.0710459637955,1.0166122319909485,49.7
2730000,-2678786.150055267,301.02599588131545,1992.837762655874,1.0162211045332874,49.7
2732000,-2676089.0206311196,300.48490540917095,1993.817725189187,1.0157216312888562,49.7
2734000,-2678896.54945256,299.6617184941349,1993.427935668202,1.015920242756585,49.7
2736000,-2678291.5704967026,300.0535361366925,1990.6740846207074,1.017325642588883,49.7
2738000,-2678907.8133346736,300.76121855949754,1992.9976513430047,1.0161395779654419,49.7
2740000,-2679836.3490749095,300.24077091574486,1992.2001638838956,1.0165463436031636,49.7
2742000,-2676999.904482413,301.0185406619759,1993.7817656257876,1.0157399506992484,49.7
2744000,-2678042.9515423235,300.2506389432228,1992.951517650676,1.0161630999980844,49.7
2746000,-2679537.095736202,300.46994855910117,1991.8099542736243,1.0167454921974908,49.7
2748000,-2677743.4717796836,301.0716669005583,1994.6268732915967,1.0153095896977504,49.7
2750000,-2680129.0258149393,298.63817703744,1993.8622829481747,1.01569893248963,49.7
2752000,-2677263.7289396897,300.8622557409115,1996.03192433302,1.0145948908099314,49.7
2754000,-2681804.738125013,299.73714912995894,1991.2723997992653,1.01701996799933,49.7
2756000,-2678955.2502916437,301.2898343918696,1991.5940727384495,1.0168557037013017,49.7
2758000,-2677741.9685465973,300.8714816557838,1990.8888939864296,1.0172158770079518,49.7
2760000,-2678155.5131269954,300.5789304117363,1991.7100048941409,1.0167965152283476,49.7
2762000,-2679853.082529204,301.09038269317784,1992.4398143427559,1.0164240735120205,49.7
2764000,-2675533.7422194295,301.01627233114937,1998.036459512597,1.013576995895169,49.7
2766000,-2677054.11407925,300.501152748092,1993.5224523880977,1.015872076030945,49.7
2768000,-2677700.2668423653,299.69458130453415,1994.812889629908,1.015214912060008,49.7
2770000,-2678135.079022888,298.5120478789603,1994.7968118331626,1.0152230945570486,49.7
2772000,-2677827.5700496957,300.05665208282846,1994.7557779422475,1.0152439785941707,49.7
2774000,-2679771.398436157,299.1070389975305,1992.5477484184476,1.016369014960489,49.7
2776000,-2680583.8623251785,300.30581223643736,1992.676027778145,1.0163035857764982,49.7
2778000,-2678420.5988418367,300.3136626929305,1992.7579536255205,1.0162618037164621,49.7
2780000,-2678395.061956333,300.43772851715477,1992.2564628369391,1.0165176171334884,49.7
2782000,-2679793.911383517,299.75739318756007,1992.4736681292857,1.0164068036207499,49.7
2784000,-2679632.0334193893,300.1524568866568,1993.2854544927784,1.0159928613120448,49.7
2786000,-2678240.115697438,300.28523076499124,1989.9215920049562,1.0177103462058186,49.7
2788000,-2676392.267138241,301.2667687522107,1995.4037371863792,1.0149143025949132,49.7
2790000,-2678769.26238925,300.1755563195856,1994.4474999251495,1.0154009029557314,49.7
2792000,-2676270.197958231,301.0920612642,1991.7494132264278,1.0167763971077277,49.7
2794000,-2678946.15610368,299.0415965474336,1992.1828288320787,1.0165551891183873,49.7
2796000,-2680781.0731210373,299.68870685891676,1991.1059096501692,1.0171050080794606,49.7
2798000,-2679945.986124739,301.02508588375866,1989.8444292775132,1.017749811253892,49.7
2800000,-2682256.3426866233,300.0734262821942,1991.0618701998396,1.0171275049923663,49.7
2802000,-2681452.9910517186,300.933254855834,1993.0039141231089,1.0161363848664786,49.7
2804000,-2679890.55551734,299.7671342686609,1991.5356469478145,1.0168855352529194,49.7
2806000,-2681204.9203626253,300.7606656014234,1990.0464193536561,1.0176465094615972,49.7
2808000,-2678502.712979613,299.8294203877033,1995.634372694773,1.0147970089266152,49.7
2810000,-2676389.850530347,300.8188278295569,1998.3548592830166,1.0134155017134443,49.7
2812000,-2678139.7935677543,300.2588194642958,1995.2240030433159,1.0150057282955771,49.7
2814000,-2676862.9277394526,301.2100645126108,1995.8238998101535,1.0147006419326048,49.7
2816000,-2680745.4880584907,300.60892655227144,1996.264380513386,1.014476745710896,49.7
2818000,-2678003.259825537,299.6780356706005,1995.1341606517474,1.0150514347667932,49.7
2820000,-2677607.2658827696,300.42287060904977,1994.9850701658277,1.0151272922325487,49.7
2822000,-2680385.2894927505,300.4263753059976,1990.6163520552602,1.0173551474300249,49.7
2824000,-2681126.1061794367,300.51601251255744,1989.5955999124901,1.017877096436518,49.7
2826000,-2684657.0476622134,300.12500907852154,1990.0448805386816,1.017647296363291,49.7
2828000,-2682038.1689011212,300.25538903940026,1992.6134586608066,1.0163354982470447,49.7
2830000,-2678578.207903683,299.35744367102274,1993.917412514738,1.015670849560239,49.7
2832000,-2679196.242210634,298.44663148031736,1993.896059421714,1.0156817266137494,49.7
2834000,-2678858.519848205,298.1076697294857,1990.053274242172,1.0176430041014837,49.7
2836000,-2679876.303033851,301.27622349938156,1989.1379614810583,1.0181112781206565,49.7
2838000,-2677895.1527871694,300.52013025950095,1992.0353105888548,1.016630469127151,49.7
2840000,-2679484.2936005797,300.6595911041243,1993.5320220574592,1.0158671994802935,49.7
2842000,-2679188.5321411286,299.574310815972,1993.67754426075,1.015793049458619,49.7
2844000,-2679068.15690984,299.98592503093425,1995.9849449110166,1.0146187712914247,49.7
2846000,-2678764.568800593,300.08018802711706,1992.256610507088,1.0165175417871164,49.7
2848000,-2679444.9251114074,301.45803543825554,1993.6649556712562,1.0157994634760164,49.7
2850000,-2682256.219412172,301.4098982489112,1992.6382330153017,1.0163228622072948,49.7
2852000,-2679033.98836679,300.16099597398687,1992.8809170313648,1.0161990990101517,49.7
2854000,-2677010.4101062976,300.43913145273785,1994.463133968688,1.015392943509575,49.7
2856000,-2679141.642172089,300.39613910032574,1993.420339077183,1.0159241142584658,49.7
2858000,-2679211.312800074,300.696451950824,1993.2982638137496,1.0159863323450051,49.7
2860000,-2677231.0332473703,300.27186282065736,1992.6368373289426,1.0163235740620233,49.7
2862000,-2679106.4454718214,300.5083044558479,1992.6174504276994,1.0163334622444025,49.7
2864000,-2679520.368061453,300.4057284395641,1996.4388898320296,1.0143880699960641,49.7
2866000,-2677441.9746879973,300.3531831095486,1992.4342175803852,1.0164269286547183,49.7
2868000,-2679881.655276986,300.3706583990849,1993.0396622342575,1.0161181589590285,49.7
2870000,-2680324.7346527185,299.03873056794384,1992.1589358891597,1.0165673811652516,49.7
2872000,-2678263.514298329,299.91066831079905,1995.280168643123,1.014977156666172,49.7
2874000,-2676982.987880977,299.9958675392552,1992.763560151697,1.0162589445220658,49.7
2876000,-2674484.833770832,299.2658424304154,1993.2109761860463,1.0160308248938565,49.7
2878000,-2681979.532729609,300.9298865703084,1990.5008121295339,1.0174142004771047,49.7
2880000,-2680781.373397773,299.9378614153468,1990.1528429525217,1.0175920907247178,49.7
2882000,-2676959.7442569416,300.5428631889231,1996.4387067366715,1.0143881630265923,49.7
2884000,-2680040.909538949,300.8317753534702,1993.3860757973405,1.0159415764513888,49.7
2886000,-2677295.22745109,300.9617083194107,1991.7541470015415,1.0167739805490312,49.7
2888000,-2680704.3529533744,299.9887181501968,1994.0808567266365,1.0155876004176607,49.7
2890000,-2679002.7027708385,301.0314136131636,1989.1148992413366,1.0181230823288339,49.7
2892000,-2681338.625434343,300.7794328311397,1991.0708652707701,1.0171229099102865,49.7
2894000,-2682245.200949095,299.4744404677771,1991.2304513574707,1.0170413931452253,49.7
2896000,-2679017.1846587975,300.06218780917567,1993.0047706246974,1.0161359481778962,49.7
2898000,-2678758.726436693,299.11766808184245,1993.6240062683594,1.015820328183384,49.7
2900000,-2679091.781457117,300.00429387481796,1992.2944775755268,1.016498221079381,49.7
2902000,-2680714.7163536474,299.81495758635594,1991.7802527728354,1.0167606539438714,49.7
2904000,-2677991.7846465968,300.3874688380313,1991.6049114414645,1.0168501697739056,49.7
2906000,-2682250.799334055,300.1041278717503,1993.1163526799874,1.0160790611138775,49.7
2908000,-2679035.7602957524,299.7293593607101,1993.312243749971,1.015979206806007,49.7
2910000,-2676964.5291505754,300.42965467293675,1990.9653380753418,1.0171768205063354,49.7
2912000,-2678246.5587419327,300.6844725558906,1991.7751011078167,1.0167632837640206,49.7
2914000,-2680979.6342967823,300.22827565400524,1994.4605111465535,1.015394278805547,49.7
2916000,-2676217.5570561476,300.18226846246694,1994.0586241372914,1.0155989236264122,49.7
2918000,-2678168.78826762,300.26991403993935,1995.7740993792997,1.014725961696586,49.7
2920000,-2680270.184192937,300.19554396709833,1994.8052194381876,1.0152188156456499,49.7
2922000,-2676518.130088361,300.0898609510204,1992.2031785855163,1.0165448053143271,49.7
2924000,-2679362.274136763,301.0779188775934,1995.176783620375,1.0150297502194312,49.7
2926000,-2675680.083212642,302.36078758478317,1995.5448414213768,1.0148425383813093,49.7
2928000,-2677809.293317722,299.84138569011566,1994.3741122569065,1.0154382670110214,49.7
2930000,-2679153.505404733,299.8637147181182,1993.0225908011769,1.0161268626201072,49.7
2932000,-2681758.0048546623,298.95412781843413,1991.4141895608993,1.016947555630474,49.7
2934000,-2680862.9538464397,299.4276777624091,1992.898704094522,1.0161900292076989,49.7
2936000,-2678687.733748641,299.33732519464144,1992.52996595887,1.0163780856099813,49.7
2938000,-2677791.3151775133,300.124572197067,1990.941406296392,1.017189047310572,49.7
2940000,-2677159.6111344825,300.41734993425723,1990.678900664267,1.0173231813759733,49.7
2942000,-2677260.900611423,299.5151698090544,1992.2083888781526,1.0165421467089608,49.7
2944000,-2681276.078054875,300.1844728688277,1990.2560582435237,1.0175393180860766,49.7
2946000,-2678077.53365089,300.4480493050481,1991.9242319008624,1.0166871610318307,49.7
2948000,-2680191.551841678,300.4920490120799,1994.2343094030794,1.0155094528124813,49.7
2950000,-2682054.5124597456,300.1636833883122,1991.285356911536,1.0170133503431205,49.7
2952000,-2679626.3733514156,299.94222143601274,1990.4917730868144,1.0174188206672237,49.7
2954000,-2680053.89832779,300.8555321702031,1993.109589543946,1.016082508932781,49.7
2956000,-2677980.8102170695,301.5022412490139,1992.2221747192177,1.0165351124089472,49.7
2958000,-2678940.551128518,300.79208636553915,1994.027301146405,1.0156148770668745,49.7
2960000,-2682639.2163070105,299.46015480547504,1991.90918820332,1.0166948394612674,49.7
2962000,-2679536.211404998,299.5801420251255,1991.1595265044866,1.0170776200322864,49.7
2964000,-2678651.2089576405,300.46089393362234,1992.0103663050209,1.0166431995423162,49.7
2966000,-2680677.447078388,299.74290100079037,1988.7722637329507,1.0182984896020923,49.7
2968000,-2680741.395896679,300.6041957120397,1990.9529106753641,1.0171831696586076,49.7
2970000,-2679541.8540571425,298.9097688401498,1991.1931390714035,1.0170604511354615,49.7
2972000,-2680237.576910924,300.8248187584988,1994.9189870322161,1.0151609190579594,49.7
2974000,-2680730.822273681,299.75600210571383,1989.8384539617498,1.017752867470078,49.7
2976000,-2678409.3945648726,299.99150947197666,1994.0309299791209,1.015613028802418,49.7
2978000,-2682891.427721277,301.5056069409764,1993.5109442636824,1.0158779404493345,49.7
2980000,-2678385.8664640356,300.477636533016,1992.5442829962592,1.0163707826239563,49.7
2982000,-2676823.012135729,301.0333968202122,1991.9924304828517,1.0166523533580423,49.7
2984000,-2679372.6908243783,299.32270425980505,1988.3776074254056,1.0185006030841515,49.7
2986000,-2677310.487854764,300.84810898286156,1994.890791468167,1.0151752672292154,49.7
2988000,-2676869.237206463,301.50822169841285,1996.422736213559,1.0143962776955493,49.7
2990000,-2679624.498154776,300.21757199562245,1996.03556085131,1.014593042349438,49.7
2992000,-2680242.642723607,300.05644478409033,1994.3983231757425,1.0154259401387113,49.7
2994000,-2680736.7751762234,299.9300948923755,1992.502789046432,1.0163919485859272,49.7
2996000,-2678431.7592263427,301.7529781788504,1989.8046619785855,1.0177701515223372,49.7
2998000,-2679284.6427850295,299.93577210107344,1992.6150592748334,1.0163346818521033,49.7
3000000,-2681407.8339938764,300.1166948904734,1987.7507453656794,1.0188217999884264,49.7
3002000,-2678886.1257884614,300.8311822744331,1993.6253580795799,1.0158196393893175,49.7
3004000,-2680137.093608735,300.97324877672486,1991.831716513829,1.016734383498174,49.7
3006000,-2678714.4741982576,299.95006499799536,1993.932229132169,1.0156633022593862,49.7
3008000,-2678829.2695581317,301.6475290894566,1993.7104902604403,1.0157762635121854,49.7
3010000,-2678580.49746537,301.46153933981793,1990.622751293747,1.0173518769468508,49.7
3012000,-2680211.13118721,300.34947493267015,1990.1843554955983,1.0175759781899645,49.7
3014000,-2678968.865153495,299.3492531522999,1997.8776961392086,1.013657540817097,49.7
3016000,-2680119.8622510843,300.44447172661296,1992.2431325666146,1.016524418740383,49.7
3018000,-2679424.2961639557,300.2388484779083,1996.3443125159017,1.014436126887138,49.7
3020000,-2678283.647039937,301.5108998330639,1993.886131939492,1.0156867836539296,49.7
3022000,-2678707.4257813524,300.15792081460575,1991.3039204721133,1.0170038694252441,49.7
3024000,-2680218.070419606,300.3661276157301,1990.7112728111308,1.0173066380751519,49.7
3026000,-2683068.1918253433,301.26211801799707,1986.2762285950203,1.0195781247174691,49.7
3028000,-2676899.7756495383,300.1921911230088,1994.636254572666,1.015304814438797,49.7
3030000,-2677290.5226199534,301.0143905193339,1993.0795864869067,1.0160978046498605,49.7
3032000,-2681966.5828493983,299.1414188352707,1991.3636140661788,1.016973383472947,49.7
3034000,-2677093.389809545,301.6673542524989,1992.2183764979932,1.0165370504621674,49.7
3036000,-2677375.342806546,301.38811891924365,1994.14179550585,1.0155565651779932,49.7
3038000,-2679189.075593265,300.9568587691961,1990.2712970947941,1.0175315271229284,49.7
3040000,-2678396.606003212,301.4289160324647,1992.600706060836,1.0163420027715113,49.7
3042000,-2677922.250854103,299.6016409360104,1996.6076170503097,1.0143023471550587,49.7
3044000,-2679740.941638736,299.7296303619075,1992.812341828551,1.016234067711344,49.7
3046000,-2679454.472244596,300.24775416622555,1995.1130224492251,1.0150621892265943,49.7
3048000,-2678862.6172475405,299.67495359167594,1993.853089494368,1.015703615774104,49.7
3050000,-2677579.977941841,299.978538091384,1995.2050615278715,1.0150153642708708,49.7
3052000,-2682072.7171364594,300.1703226097872,1988.0380774480957,1.0186745491924167,49.7
3054000,-2679582.0833401326,301.1254045547932,1992.4081101548704,1.016440247356944,49.7
3056000,-2679098.0796376895,299.9967380194449,1991.6382420850287,1.016833152491424,49.7
3058000,-2677763.9753285833,299.7728599758903,1990.9771060369842,1.0171708083338344,49.7
3060000,-2680078.9134757556,300.2780361827558,1991.4510323271115,1.016928741629811,49.7
3062000,-2679152.619717559,301.1035576889807,1989.7364479893665,1.017805043662054,49.7
3064000,-2678940.390026156,299.9374737270457,1991.4334736694836,1.016937707986881,49.7
3066000,-2679477.251370169,300.9214669469853,1993.7192345498233,1.015771808400632,49.7
3068000,-2677429.840129636,299.65330070807164,1993.6400510815783,1.0158121528623572,49.7
3070000,-2681181.2445791606,300.8139495155437,1993.624814944559,1.0158199161350805,49.7
3072000,-2679154.0150645636,300.85930979454616,1989.7140396960308,1.0178165062509095,49.7
3074000,-2681837.5708430987,301.0530612824181,1990.5434791881976,1.017392392326803,49.7
3076000,-2678749.948865844,299.82436302112086,1987.472098248436,1.018964640613863,49.7
3078000,-2678182.341352392,300.2960942693097,1992.5576489557109,1.0163639648685576,49.7
3080000,-2679067.7556509897,300.5723207580752,1986.947498200945,1.0192336708219292,49.7
3082000,-2677737.835753845,300.50534473157586,1989.851855258426,1.0177460130863791,49.7
3084000,-2683062.327493679,299.11082028725053,1989.8014073769295,1.0177718162293816,49.7
3086000,-2680939.321328871,301.3818479928138,1987.8407426644308,1.018775673954313,49.7
3088000,-2678545.2246852126,299.7144749849152,1993.7555292169102,1.0157533171166795,49.7
3090000,-2677493.4305821657,300.2184618718692,1990.9149044660276,1.0172025875033348,49.7
3092000,-2679190.501445079,300.703993873977,1994.3829001474269,1.0154337926644355,49.7
3094000,-2679428.6156236585,299.34527146602244,1990.5268482892723,1.0174008926643183,49.7
3096000,-2679945.012353778,300.32453054095214,1992.802146912912,1.0162392666321731,49.7
3098000,-2678368.8704061434,300.5792561969406,1990.9532233828363,1.0171830098955486,49.7
3100000,-2678573.3563103713,300.37027048719057,1992.442145392616,1.0164228843506689,49.7
3102000,-2679625.695247069,301.5681644462686,1991.640566483389,1.0168319657686025,49.7
3104000,-2677123.4137629047,300.1581310214206,1992.4035887276043,1.0164425539983668,49.7
3106000,-2681104.025220694,300.759854678715,1993.134642325845,1.016069737244934,49.7
3108000,-2681807.1856349744,300.4816585277421,1988.7371956146371,1.0183164456256386,49.7
3110000,-2677604.9363488797,299.2656983685637,1992.9550288358698,1.016161309723452,49.7
3112000,-2676033.182983298,299.9733899689598,1992.9197725600268,1.0161792863946308,49.7
3114000,-2677809.746489389,300.702515228082,1992.653173454346,1.0163152420604602,49.7
3116000,-2678031.6866489965,300.29163012399243,1992.779424683327,1.0162508540771473,49.7
3118000,-2675656.1997701135,300.89880210231445,1995.3417315205713,1.0149458412712593,49.7
3120000,-2676696.1657917816,300.47198538299966,1992.1059965038091,1.0165943960190902,49.7
3122000,-2678799.558004629,299.2553876579392,1992.7808748999578,1.0162501145157095,49.7
3124000,-2678356.418021951,300.0521905843907,1991.9871255619605,1.0166550608355351,49.7
3126000,-2679312.7672737185,299.1044515802449,1992.5445170307485,1.0163706632460376,49.7
3128000,-2681499.549656756,300.4722132768794,1992.9055433955377,1.0161865418223976,49.7
3130000,-2676470.8082604595,300.84339845665005,1989.9175526463064,1.0177124120688412,49.7
3132000,-2678637.809115896,300.69566581329263,1990.2405095965767,1.017547267557276,49.7
3134000,-2679030.447661262,299.3628376889536,1990.9979803035014,1.0171601439862274,49.7
3136000,-2678742.723823322,300.6246918035021,1991.8761808588936,1.0167116870931958,49.7
3138000,-2678665.1023319233,301.2499913073128,1992.1865613270909,1.0165532845341247,49.7
3140000,-2679187.9482504893,300.7579960148823,1990.3534106468414,1.0174895480816362,49.7
3142000,-2682392.0964733753,300.32230603003865,1989.5017167748517,1.0179251293156744,49.7
3144000,-2679239.4093125127,301.1695152146585,1996.293486667967,1.014461954540571,49.7
3146000,-2676894.8461987507,300.7158426688136,1992.4889750013265,1.0163989952920314,49.7
3148000,-2678111.0343398172,299.7633812456318,1996.5336786393457,1.014339910209761,49.7
3150000,-2678739.514095299,300.2904899130543,1991.680681591964,1.0168114854149564,49.7
3152000,-2675416.584148232,300.693262862972,1996.5954564101728,1.014308524954269,49.7
3154000,-2678699.2685232665,300.3802242116562,1995.4824171142689,1.014874285512599,49.7
3156000,-2681003.738454204,299.50498152106394,1990.2132136809546,1.0175612232903435,49.7
3158000,-2678973.0288342126,301.0777112594293,1993.6846120480577,1.0157894483829126,49.7
3160000,-2677609.562398536,300.3063239272315,1997.0569361390021,1.0140741386357948,49.7
3162000,-2680490.974507604,299.5144182852414,1988.3300603838584,1.0185249585427623,49.7
3164000,-2679503.0825124104,301.30710298337715,1991.8006558969942,1.016750238697847,49.7
3166000,-2677469.698660845,300.4019670393117,1989.676900096811,1.0178355049622678,49.7
3168000,-2677638.1994869933,299.45624714457364,1994.4117378980238,1.0154191102265495,49.7
3170000,-2676525.873546373,300.60672952541205,1993.6910278532828,1.0157861795176975,49.7
3172000,-2678542.5941214133,300.86043181284634,1991.5970373951006,1.0168541900276176,49.7
3174000,-2681150.9139899295,298.48128173614236,1991.2426290114313,1.0170351733214986,49.7
3176000,-2682481.9574963674,302.0131553045528,1993.4726954199066,1.0158974321417609,49.7
3178000,-2677332.1359333303,300.0829544957622,1996.8041506846782,1.0142025153680672,49.7
3180000,-2677398.899344329,300.3030565612461,1991.9459000651514,1.0166761016228198,49.7
3182000,-2680266.5719764493,300.96907193091045,1991.1688659093027,1.017072849517949,49.7
3184000,-2677665.609943839,301.70118390071934,1992.8280870267129,1.0162260385156099,49.7
3186000,-2680690.2771965247,301.42226219086496,1991.6530822149111,1.016825575902817,49.7
3188000,-2677346.6019513365,300.39371933265693,1994.8763308637099,1.0151826261054362,49.7
3190000,-2675636.523086872,300.70968834118753,1995.9402513426667,1.014641490876028,49.7
3192000,-2678946.418807907,300.4741645900726,1993.9460621005746,1.0156562561117306,49.7
3194000,-2682655.1061086096,300.9286236052308,1992.746711858586,1.0162675367974772,49.7
3196000,-2681905.988090191,300.4590878997999,1992.5263240279123,1.0163799433414302,49.7
3198000,-2679075.120703863,300.39913390246704,1989.8495093551383,1.017747212942804,49.7
3200000,-2677896.652747251,298.8645141196573,1993.8906306777494,1.0156844919991515,49.7
3202000,-2679850.659930669,299.5311034401076,1992.4959378629483,1.0163954434426037,49.7
3204000,-2680329.7727772184,302.11770723726147,1985.6127724536027,1.01991879807427,49.7
3206000,-2675834.931336712,300.60022945415733,1993.309389143188,1.0159806617839202,49.7
3208000,-2676530.634905182,300.0844436339699,1994.8933929194943,1.0151739433845148,49.7
3210000,-2679809.7836155053,300.0563489116856,1992.06509705934,1.0166152679002898,49.7
3212000,-2676721.834960282,299.9211514727112,1994.237008560356,1.0155080783420862,49.7
3214000,-2679427.0988584366,300.68477086480135,1993.0691419911045,1.0161031294170908,49.7
3216000,-2680724.1951742284,300.04998097900994,1993.968888909726,1.0156446289536285,49.7
3218000,-2679860.254772097,299.35359472111946,1995.7762366570769,1.0147248750260425,49.7
3220000,-2678429.0010426454,300.6362628071659,1992.2782641900826,1.0165064934566679,49.7
3222000,-2680507.4533033967,299.44008605695296,1993.8441207539897,1.0157081846277751,49.7
3224000,-2678834.004193265,299.79856598285033,1994.6434164892103,1.0153011689108355,49.7
3226000,-2681186.924593672,301.0462945210522,1991.935796926525,1.0166812582245581,49.7
3228000,-2679268.6038339175,300.7176467614424,1996.1742790201142,1.0145225362366226,49.7
3230000,-2677692.3213975076,300.73263514992436,1992.5743999971605,1.016355420567826,49.7
3232000,-2679285.453888187,299.92716533351097,1991.428503996514,1.0169402457871732,49.7
3234000,-2679999.8831489068,299.81769888092595,1991.1524052743243,1.0170812575458217,49.7
3236000,-2680008.4957656506,300.2974754059672,1989.321884237907,1.0180171486413934,49.7
3238000,-2680059.256330814,301.2961837462713,1991.4943271948491,1.0169066337107646,49.7
3240000,-2680194.068091564,300.1096493956146,1993.4698249141245,1.0158988949878078,49.7
3242000,-2677901.486637326,300.4727045771545,1993.6809144907738,1.015791332305082,49.7
3244000,-2680551.802381959,300.100740765348,1990.9272910829782,1.017196258945346,49.7
3246000,-2679437.2682906296,301.1121913610459,1990.0101180004217,1.0176650731588737,49.7
3248000,-2679099.8168859947,300.49158270368963,1990.389760050433,1.017470966224466,49.7
3250000,-2676460.07340041,300.8821320568621,1995.8918890830284,1.0146660765539848,49.7
3252000,-2677252.67166196,300.7701848289877,1994.2383841393103,1.0155073778683859,49.7
3254000,-2677522.709629718,299.64406804992825,1993.2191937096075,1.0160266360634114,49.7
3256000,-2679414.100487409,301.37177556145394,1994.1868815478651,1.0155336047291057,49.7
3258000,-2678475.459250804,300.3353073866096,1992.231615634548,1.0165302951869681,49.7
3260000,-2678157.2557419725,299.2963795160979,1990.3598219725293,1.0174862705552288,49.7
3262000,-2676628.3721061666,300.9576055005483,1993.6447128193315,1.0158097775896553,49.7
3264000,-2678536.413707869,301.22316721848813,1990.91747457221,1.0172012743807708,49.7
3266000,-2678570.8233438805,299.9745002727686,1991.5817480041744,1.0168619964263466,49.7
3268000,-2675676.6993012186,300.12078836443646,1992.1533065326537,1.0165702537454804,49.7
3270000,-2678700.4690115936,301.44064663570174,1990.9126210670313,1.0172037541438705,49.7
3272000,-2680280.323752295,299.73909075154376,1991.6084770747234,1.0168483492781475,49.7
3274000,-2677101.2028596643,299.91301277638894,1992.6020200123505,1.0163413325804243,49.7
3276000,-2680551.35530678,300.1382655344574,1995.1237387367535,1.01505673708442,49.7
3278000,-2679532.963813806,299.30797304431314,1994.202394512874,1.0155257048603066,49.7
3280000,-2680578.3338104207,299.97664835354163,1991.263474993171,1.017024526264031,49.7
3282000,-2679619.3862757087,299.97888557196836,1989.8085102461935,1.017768183166143,49.7
3284000,-2681874.5936278366,299.52829449370165,1992.4792369890404,1.0164039628248016,49.7
3286000,-2679723.4041402023,299.96815338724485,1997.7498028165487,1.013722433843617,49.7
3288000,-2675768.857541973,300.73691903229644,1995.5769826993899,1.0148261930654192,49.7
3290000,-2680749.0369362514,299.4046385988405,1994.6234812854877,1.0153113163074905,49.7
3292000,-2680774.1685871016,299.83648467132457,1990.4260127850355,1.0174524344605789,49.7
3294000,-2679182.125861913,300.65991185584903,1994.625413165457,1.015310332935083,49.7
3296000,-2677711.0825857352,300.82972915731386,1991.739311599225,1.0167815539553393,49.7
3298000,-2680854.1074672993,300.4218464761976,1992.489639576855,1.016398656282038,49.7
3300000,-2676656.8214303497,300.3279907584463,1996.6264252687386,1.014292792428217,49.7
3302000,-2676180.448378686,300.77319829141976,1993.8037010056862,1.0157287757567575,49.7
3304000,-2678297.3392151073,300.8133316451091,1992.0143295606817,1.0166411768576118,49.7
3306000,-2676753.736123666,301.09896564551485,1996.7211754967263,1.0142446612847664,49.7
3308000,-2680487.324473044,299.8884729759242,1996.065738927256,1.0145777029418779,49.7
3310000,-2676298.745688714,300.45332356859245,1997.0333369528278,1.0140861220734014,49.7
3312000,-2679670.4688072354,299.38561020011207,1992.9786917348913,1.0161492447061184,49.7
3314000,-2678788.940660216,300.09058568371034,1994.4978715291536,1.0153752587206988,49.7
3316000,-2676663.165576635,299.9853926799879,1994.7985094435282,1.0152222305834488,49.7
3318000,-2678068.7264367864,301.3389053597881,1994.1813642704624,1.0155364143936174,49.7
3320000,-2677210.846644763,299.6808439878781,1998.4118017768474,1.013386625579955,49.7
3322000,-2677883.459008038,300.3975845002013,1992.4568690691667,1.0164153732812853,49.7
3324000,-2679915.6375626586,300.1725028209989,1991.9810490486216,1.0166581621291149,49.7
3326000,-2679759.693628732,300.28208365905505,1994.7774965769652,1.0152329248735636,49.7
3328000,-2679639.109340368,300.77768698187964,1993.8960682466354,1.015681722118374,49.7
3330000,-2680104.905851852,299.7386856959569,1992.2034195844678,1.0165446823418287,49.7
3332000,-2674781.095704315,300.350190493723,1992.1979971603082,1.0165474492035826,49.7
3334000,-2680430.4899592604,300.1222020140446,1993.792576120435,1.0157344432801558,49.7
3336000,-2679683.7488176115,300.2776561956854,1991.9429429570423,1.0166776109136133,49.7
3338000,-2679112.6787939966,300.4641575124733,1994.1301486602213,1.0155624966015517,49.7
3340000,-2677042.425260626,301.28161506136087,1996.7299012247777,1.0142402290262589,49.7
3342000,-2677511.5053233877,300.88147708863227,1994.6671314595228,1.0152890978054872,49.7
3344000,-2680551.839522861,299.8645703880859,1992.3743959447352,1.0164574471764953,49.7
3346000,-2679873.591234153,299.2172728498898,1993.9203171491629,1.015669369986312,49.7
3348000,-2678044.362646574,300.3531689389172,1994.6190730463961,1.0153135602121515,49.7
3350000,-2679467.9214875363,299.36870242444377,1990.086373473182,1.0176260786045166,49.7
3352000,-2680686.308373304,299.76385050733705,1994.0691660000944,1.0155935545526116,49.7
3354000,-2679283.011350937,299.4657397069728,1992.5382694544767,1.016373850062239,49.7
3356000,-2676108.5633839704,299.42920087958186,1993.8308854839927,1.0157149270110735,49.7
3358000,-2677642.738947913,301.3403460414514,1995.197104016002,1.015019412490865,49.7
3360000,-2676390.0996374227,299.7396140390836,1993.0269887601175,1.0161246203603458,49.6
3362000,-2676926.4264307413,300.45043619068906,1995.077610175836,1.015080206400246,49.6
3364000,-2675788.9005139507,300.7742465809463,1997.306562681405,1.0139473980413871,49.7
3366000,-2679512.7542084437,300.1312366339263,1993.6167820133523,1.0158240092043096,49.6
3368000,-2678826.833939029,300.75634445899766,1990.9028511125086,1.0172087458663008,49.6
3370000,-2677322.8688446153,299.47157374205483,1992.8836578557796,1.0161977014256567,49.6
3372000,-2678881.397920847,299.4034492670377,1995.0171495409686,1.0151109692404225,49.6
3374000,-2676745.920902217,300.2308205645497,1992.827726180864,1.01622622252597,49.6
3376000,-2677913.376683643,301.3660985609002,1994.8113251145967,1.0152157082853224,49.6
3378000,-2680206.7934828214,300.96502523133057,1990.276481933699,1.0175288763670678,49.6
3380000,-2678668.563497266,299.971412614397,1994.184774134095,1.0155346779242933,49.6
3382000,-2678380.2223993354,300.5722805366737,1990.374411612225,1.0174788122810485,49.6
3384000,-2674311.4935489204,300.4864823390075,1994.97295363306,1.0151334576409956,49.7
3386000,-2679635.2346063573,302.0023162182661,1991.9382606402876,1.0166800007500383,49.7
3388000,-2682425.194665322,299.83226752503214,1991.1025681361396,1.01710671500843,49.7
3390000,-2678103.0287661664,300.4434453608836,1989.4927059505728,1.0179297397092901,49.7
3392000,-2679552.4008036405,299.3406967283225,1993.1581068117284,1.0160577755476035,49.7
3394000,-2680648.832687514,299.69376941982273,1992.9553491669294,1.0161611463941385,49.7
3396000,-2678931.8990325592,300.5582873299698,1995.3465056850055,1.0149434128617956,49.7
3398000,-2675050.1634930056,300.5751535114714,1995.4315477517498,1.0149001576143002,49.7
3400000,-2677285.0185790006,301.1983470547103,1994.2113365174114,1.0155211512629547,49.7
3402000,-2678856.788213916,300.1432170375547,1993.8371171612537,1.0157117524249653,49.7
3404000,-2677735.03931381,299.2836834249585,1993.258314509781,1.016006694957579,49.7
3406000,-2676767.460514901,301.80480811887173,1992.5811854558758,1.0163519595104815,49.7
3408000,-2678585.2207014114,300.75902251442295,1987.5073231257604,1.0189465813574032,49.7
3410000,-2679123.3490911834,299.4114750690891,1989.8355624673588,1.0177543463996757,49.7
3412000,-2677871.3636526596,301.10406038603355,1991.075635262871,1.0171204732031318,49.7
3414000,-2677547.276537882,301.0924052724141,1990.9990558275488,1.0171595945232874,49.7
3416000,-2679106.8805659153,300.62281552468505,1995.2100976048744,1.0150128022872784,49.7
3418000,-2676641.397734454,300.17279263691967,1992.9251520998357,1.0161765434030445,49.7
3420000,-2677847.592565516,299.5806177779498,1991.9968438749827,1.016650100901915,49.7
3422000,-2678605.582245432,300.37093849794826,1995.4439787558483,1.0148938350975303,49.7
3424000,-2680328.9863975644,300.08891783337,1989.216393617139,1.0180711353576235,49.7
3426000,-2680290.3940559663,300.33748298100727,1990.2700922254164,1.0175321431159954,49.7
3428000,-2680691.0535322335,301.2430143639067,1991.9801626801475,1.0166586145099972,49.7
3430000,-2680106.005142173,300.77206283479154,1992.3205353599046,1.0164849261848117,49.7
3432000,-2679861.951386895,299.9388962770754,1994.010909000919,1.015623226121911,49.7
3434000,-2680009.393682128,300.5871704563454,1994.183265545143,1.015535446170834,49.7
3436000,-2676857.596876573,299.3804923072245,1993.517622941999,1.0158745370573128,49.7
3438000,-2680342.145109514,300.2403338464604,1993.7736506165106,1.0157440849394217,49.7
3440000,-2680936.347492283,301.2058139662065,1986.5493526746186,1.0194379463038208,49.7
3442000,-2679676.175495291,300.2535158079146,1990.9507822931741,1.0171842570559262,49.7
3444000,-2678996.8573639765,299.28596664860953,1993.714977929679,1.0157739770931429,49.7
3446000,-2676118.2487993483,300.76110555588303,1992.7547414005794,1.0162634418816838,49.7
3448000,-2680094.4773468077,299.8785899023152,1993.5331918160325,1.01586660339322,49.7
3450000,-2682435.2556598336,301.9446627280198,1991.6352284304444,1.0168346911185018,49.7
3452000,-2678413.69086699,300.00416522346046,1989.8822201881871,1.0177304826263909,49.7
3454000,-2675695.2091680374,299.07046530813886,1993.6555780476508,1.0158042415255106,49.7
3456000,-2674423.9925615694,301.6632619921437,1994.1496521792435,1.0155525640258047,49.7
3458000,-2678248.348708134,300.10380725381515,1990.980030334621,1.0171693143408531,49.7
3460000,-2680220.1329599246,301.3126853936637,1990.4909049522855,1.0174192644052014,49.7
3462000,-2677025.541033618,299.89731232779167,1994.158361545333,1.0155481286613754,49.7
3464000,-2677197.5267663747,300.75389986252316,1992.6723939495896,1.0163054391032178,49.7
3466000,-2678338.8583054077,299.3383017258791,1990.5562123167977,1.0173858843025188,49.7
3468000,-2678384.418345554,299.7978635788726,1995.1332159614035,1.0150519153909847,49.7
3470000,-2679413.78893286,299.4523351238269,1991.4137585857466,1.0169477757148868,49.7
3472000,-2678676.0596368834,300.6320761717576,1993.8830737953533,1.0156883414767657,49.7
3474000,-2677411.8133705333,299.95847587089605,1991.2847419973364,1.0170136643996373,49.7
3476000,-2679342.3032318074,300.64096119102004,1993.2424735887082,1.016014769480412,49.7
3478000,-2680068.2714273,299.52601754133013,1994.1350943390278,1.0155599778925983,49.7
3480000,-2679670.800923528,299.5581944767138,1990.9138291496852,1.0172031369066037,49.7
3482000,-2680368.518176429,299.47761552267247,1995.102412344976,1.0150675874034398,49.7
3484000,-2675544.917062776,300.5521162159959,1990.7393846904756,1.0172922723567224,49.7
3486000,-2681512.3720482346,300.7595836179115,1991.2034908498683,1.0170551636876826,49.7
3488000,-2679192.3848253246,300.0310553197914,1992.47116474589,1.0164080806560014,49.7
3490000,-2680095.578521222,301.16868721564845,1990.3416079118979,1.0174955817993638,49.7
3492000,-2679873.857909538,300.35439062042553,1992.7449469297953,1.016268436882477,49.7
3494000,-2680295.8868153226,300.521277031744,1993.917531041998,1.01567078918428,49.7
3496000,-2679587.4354485516,299.66713869001654,1991.224183396913,1.0170445945804985,49.7
3498000,-2676917.908848323,300.33477423176555,1994.6723256959556,1.015286453936841,49.7
3500000,-2680297.3224084787,300.2922893798548,1994.2496717529248,1.0155016300149118,49.7
3502000,-2673911.588836495,300.4661846361014,1994.0642130669758,1.0155960771228068,49.7
3504000,-2680752.710335903,300.0405146261671,1988.6058144894866,1.0183837226895045,49.7
3506000,-2680425.357305303,298.88944129593574,1991.2628710859979,1.0170248347056814,49.7
3508000,-2679899.9603986703,300.76519077875986,1989.2185649009828,1.0180700241064782,49.7
3510000,-2676752.199726293,300.63714835824845,1992.1222659799937,1.0165860935877595,49.7
3512000,-2680714.2594163436,300.25772429469606,1993.2974683814443,1.0159867377778935,49.7
3514000,-2680340.2245655414,300.16808248067156,1991.5643562126404,1.0168708764064514,49.7
3516000,-2678977.3911933005,300.50746305796,1993.458065871172,1.0159048875887788,49.7
3518000,-2677854.952339893,301.03700206146823,1994.3375692023496,1.0154568732974214,49.7
3520000,-2676115.98276354,300.1796552184301,1994.6580393114582,1.015293725746028,49.7
3522000,-2677216.130796537,300.0075412487149,1996.2147101850203,1.0145019881824706,49.7
3524000,-2681737.217445787,300.6016519655561,1993.3879699834965,1.015940611068584,49.7
3526000,-2680902.197788572,299.7456358344054,1993.8151282043634,1.015722954286974,49.7
3528000,-2680219.8082745094,300.6164500961521,1991.0019567396132,1.0171581125104099,49.7
3530000,-2679043.64521219,299.64617521866455,1990.2916182995134,1.017521137958707,49.7
3532000,-2677343.3494684007,300.60817159752594,1992.754877732005,1.016263372355499,49.7
3534000,-2678337.5462574884,300.1616529600923,1995.4207973023747,1.0149056254498463,49.7
3536000,-2679486.8925331086,299.85309732590366,1990.3146205328667,1.0175093783813942,49.7
3538000,-2677362.6212883275,300.5123777385867,1991.361923413035,1.0169742468766445,49.7
3540000,-2679688.180327432,299.58371700383447,1989.1162328084797,1.0181223997465556,49.7
3542000,-2678776.2991575245,299.3802382367529,1989.960841041375,1.0176902733734199,49.7
3544000,-2680461.981654465,300.1353825581068,1990.86012569016,1.0172305759651226,49.7
3546000,-2676946.6274802126,300.1514365064097,1997.1586125313734,1.0140225115895667,49.6
3548000,-2678676.0440112595,299.9315359111432,1993.536731523979,1.0158647996285681,49.6
3550000,-2679960.0692413263,300.08993382914457,1993.0623340857235,1.0161066002237205,49.6
3552000,-2681855.797800284,300.25447810406394,1992.1138628227538,1.0165903817627238,49.6
3554000,-2677193.721281484,301.02450536298056,1992.277441345535,1.016506913291179,49.6
3556000,-2680086.9032901432,300.7766696550867,1992.1067115555272,1.016594031120179,49.6
3558000,-2678485.3178288005,301.1340801904139,1990.3465059094842,1.0174930778680689,49.6
3560000,-2679088.159572998,299.87648671715385,1993.9719408104918,1.0156430744449831,49.6
3562000,-2677527.9315862507,299.9257399329775,1991.8456977119627,1.0167272468184196,49.6
3564000,-2679059.4990647566,301.3539857549162,1991.6984535536385,1.0168024123875024,49.6
3566000,-2680736.7857415527,300.5373299754714,1991.4728791880004,1.0169175857155204,49.6
3568000,-2678298.1221816037,300.08051039445473,1993.4287595958274,1.0159198228545696,49.6
3570000,-2679022.277698951,300.16306254067393,1991.814073613332,1.0167433894309053,49.6
3572000,-2680680.365263669,300.39984691560346,1994.0348099769722,1.0156110526200819,49.6
3574000,-2676750.195240192,299.819177349056,1992.2111143645625,1.016540756007049,49.6
3576000,-2678171.52117748,300.3736839419791,1989.4879190715358,1.0179321889357897,49.6
3578000,-2676875.107729532,300.3163655862278,1990.9063670469457,1.0172069494788272,49.6
3580000,-2678478.627334105,301.38328583294515,1996.0803715825452,1.0145702653827484,49.6
3582000,-2679428.8174661677,299.78245422170085,1994.74721418536,1.0152483371928707,49.6
3584000,-2682031.0196828917,299.82756143561573,1991.7229982969236,1.0167898819531975,49.6
3586000,-2677847.9672707506,300.5164704941462,1994.4693232447148,1.0153897925224278,49.6
3588000,-2679264.8168087173,300.77611302758197,1994.7258139837254,1.0152592291756046,49.6
3590000,-2678938.4263727963,301.2161794350043,1993.6238967116997,1.0158203840062914,49.6
3592000,-2676763.1987919174,300.5480091918906,1993.36248785614,1.0159535983341696,49.6
3594000,-2676168.3620565105,300.62469712161317,1990.6094667416962,1.017358666356923,49.6
3596000,-2678637.0706696026,300.8400614040401,1993.0007052455446,1.0161380209207154,49.6
3598000,-2676492.829756601,299.77852785104193,1996.5686051029847,1.014322166113264,49.6
3600000,-2677988.7661610637,300.60351879278966,1995.8480335198344,1.014688372215525,49.6
3602000,-2679831.625703631,300.28759072852,1993.4443263310618,1.0159118895731167,49.6
3604000,-2682714.7331291847,300.53468894005437,1994.1254274713535,1.0155649009951206,49.6
3606000,-2681761.032552406,299.69186332979416,1987.3022920721912,1.0190517066279472,49.6
3608000,-2680911.214481415,299.1543236069023,1989.771058090918,1.0177873399489674,49.6
3610000,-2677238.276780909,299.84562446911593,1992.7695455903802,1.0162558921091,49.6
3612000,-2679574.6174211837,300.3205182995111,1991.254187880283,1.0170292696170606,49.6
3614000,-2681878.287052829,300.60485569312743,1991.2271527407709,1.0170430779503563,49.6
3616000,-2675733.411499273,300.6525784243775,1994.532781675543,1.0153574866894501,49.6
3618000,-2677393.5982996672,300.8591886013755,1995.7308339904798,1.014747959910238,49.6
3620000,-2677767.7257874217,299.8710571796902,1994.5784876434823,1.0153342196698665,49.6
3622000,-2680585.2771723755,300.47271699898084,1993.2482410144862,1.01601182966105,49.6
3624000,-2676771.905721456,301.1981034934059,1992.667022451578,1.0163081786892016,49.6
3626000,-2680837.2436043974,301.200526590338,1990.0424069745652,1.0176485612689163,49.6
3628000,-2679114.3362257034,300.76238885008166,1989.4337666221243,1.0179598970818413,49.6
3630000,-2679843.459545899,300.400742983683,1992.1213642316743,1.0165865537528969,49.6
3632000,-2677730.678370716,300.770481407549,1993.1804341259415,1.0160463938177686,49.6
3634000,-2677327.908957457,299.758445711783,1992.3980653654785,1.0164453717988873,49.6
3636000,-2678189.352586055,301.03635251552754,1994.3674418987237,1.015441663244239,49.6
3638000,-2679057.3507241476,300.5356482159009,1990.2974981173572,1.0175181319563638,49.6
3640000,-2681673.2175478917,300.63668289585826,1988.5619820277163,1.0184061701998137,49.6
3642000,-2680309.637512045,301.0284563519781,1993.178919390246,1.0160471659721029,49.6
3644000,-2681362.344955962,300.5768113090858,1988.4530023410273,1.0184619852405616,49.6
3646000,-2675068.874625856,299.20962743298827,1995.5181821137783,1.0148560962629851,49.6
3648000,-2678916.290539289,300.05590423268353,1996.2904395366043,1.0144635030120646,49.6
3650000,-2680780.981521951,299.0848878070474,1989.6704157660238,1.0178388220855707,49.6
3652000,-2677127.2264031917,299.80604324841175,1993.4563875461008,1.0159057428965013,49.6
3654000,-2678686.229386173,300.5809282384296,1991.0562202239323,1.017130391272442,49.6
3656000,-2677612.224711938,299.57346752881915,1998.0019941231658,1.0135944800248067,49.6
3658000,-2679600.574638929,299.9917978092216,1991.3005829342567,1.0170055739840351,49.6
3660000,-2678978.019842522,300.4714518950004,1991.9415240841474,1.0166783350996837,49.6
3662000,-2676947.174047727,301.03325385887433,1993.6576606437195,1.0158031804055592,49.6
3664000,-2680922.353869738,300.82495421428223,1991.5223246803293,1.0168923376979306,49.6
3666000,-2678020.084587332,300.54627146907825,1993.0391235744432,1.0161184335858595,49.6
3668000,-2678576.6363704856,301.38289632806726,1993.7508207671385,1.015755715923704,49.6
3670000,-2678875.1768744513,298.93924783734093,1994.3423566755616,1.015454435665506,49.6
3672000,-2679744.5371093173,300.1895362145919,1990.2266171799108,1.017554370361799,49.6
3674000,-2680009.578533137,299.8658035973101,1990.4691588519354,1.017430379825565,49.6
3676000,-2682731.2876931317,299.95418546134937,1987.2232656312156,1.0190922315306785,49.6
3678000,-2677529.1047618072,300.20320277935014,1991.9407859728026,1.01667871182866,49.6
3680000,-2678126.5854552314,301.3067111857852,1990.6227361836031,1.0173518846692247,49.6
3682000,-2680971.3437614664,299.49946520775586,1989.8761930232229,1.017733565245063,49.6
3684000,-2679492.2755426113,300.4738686815013,1993.0707929039174,1.016102287752218,49.6
3686000,-2681742.2558373027,300.4201325564665,1987.2630727223884,1.0190718179790301,49.6
3688000,-2678813.5840937626,299.79765092220265,1990.2732733763155,1.0175305167447148,49.6
3690000,-2680964.2960708104,299.91372285451024,1991.415051886152,1.016947115270461,49.6
3692000,-2679338.728478376,301.963992925776,1992.5090190477995,1.0163887706212762,49.6
3694000,-2678199.3885319773,300.54129322712697,1993.9011566228028,1.0156791301289712,49.6
3696000,-2677341.8212861307,299.6603594667742,1993.881592585448,1.0156890960088487,49.6
3698000,-2678383.6061273273,300.6108514315853,1993.363216761818,1.015953226834214,49.6
3700000,-2678755.7856607437,298.4928043867105,1994.033245318904,1.0156118495396074,49.6
3702000,-2678154.6278525293,299.81839396960993,1995.4301276933365,1.0149008798733696,49.6
3704000,-2681581.4733265135,301.1741977764893,1990.0502482753682,1.0176445514764565,49.6
3706000,-2677715.5702622607,299.76716763229314,1994.5091101232058,1.0153695373177303,49.6
3708000,-2677699.264530016,301.4440496296517,1990.9006311869803,1.0172098800904945,49.6
3710000,-2673773.582682358,300.95784883425597,1995.3273738501218,1.0149531444627575,49.6
3712000,-2678797.4989002272,300.65878642614234,1996.1084078781294,1.0145560152589879,49.6
3714000,-2676439.5979336463,300.6336627325042,1993.5111981575126,1.0158778110669957,49.6
3716000,-2677560.314472409,299.53202337442775,1991.2045260235222,1.0170546349480698,49.6
3718000,-2677866.3147161826,299.77352409960486,1995.9530136934839,1.0146350031428144,49.6
3720000,-2680100.2551589105,299.98640341028397,1989.8938343935004,1.0177245425452797,49.6
3722000,-2681272.530112393,299.79639611942224,1991.409745413447,1.0169498251106242,49.6
3724000,-2680794.655446222,299.7506241957678,1988.7518758184071,1.0183089288041054,49.6
3726000,-2681323.849192811,300.1042991078832,1987.7772018598766,1.0188082398907383,49.6
3728000,-2680141.3630854506,301.1211360398707,1988.7642504389878,1.0183025926148739,49.6
3730000,-2680325.6819329932,300.76003596695557,1992.1434455813876,1.0165752856872077,49.6
3732000,-2682088.141126804,300.1513965904767,1989.7103126785494,1.0178184127696062,49.6
3734000,-2682726.6704846825,301.32802039898127,1987.7325730009711,1.018831114320532,49.6
3736000,-2677978.97641794,300.6216811482752,1989.2553300729708,1.0180512082616915,49.6
3738000,-2677840.4710694216,300.86635926199966,1994.266352367973,1.0154931360683779,49.6
3740000,-2677781.8041383587,298.60116336304475,1997.4731411230994,1.01386284031991,49.6
3742000,-2680227.4259247966,300.22662249553724,1994.8482944441037,1.015196893900216,49.6
3744000,-2679313.5560364593,301.1147610948243,1997.5054897185419,1.0138464213218021,49.6
3746000,-2681402.63239938,300.9589169549794,1992.3243616639973,1.0164829740024726,49.6
3748000,-2680511.56315792,300.96135847154744,1990.0116123460477,1.0176643089706943,49.6
3750000,-2682833.9819601644,299.23218570866186,1986.2082629629647,1.01961301344136,49.6
3752000,-2681118.8980845157,298.7704064544621,1988.3214941074382,1.0185293466491936,49.6
3754000,-2677956.6095044166,300.24037319324407,1994.4875870734375,1.0153804944423708,49.6
3756000,-2680561.0445356164,300.69316691087477,1995.7429484089664,1.014741800258538,49.6
3758000,-2680528.7408409007,300.78107840516543,1990.5387097672206,1.017394830045092,49.6
3760000,-2677606.6223938763,300.0257524184694,1996.0015907541958,1.0146103097826604,49.6
3762000,-2678152.1471624933,300.8639961212751,1993.5710878946873,1.0158472926392978,49.6
3764000,-2678676.8692912012,301.1950258298055,1992.7321833660676,1.0162749461400014,49.6
3766000,-2682861.664426204,300.02018190105014,1989.2219913328067,1.0180682704824258,49.6
3768000,-2679076.3110408224,300.08653562763817,1987.5757326379137,1.0189115106743616,49.6
3770000,-2678837.927431278,300.4868468790298,1991.034382747557,1.0171415470621572,49.6
3772000,-2677397.8072476313,301.4887044446159,1992.7082723016838,1.0162871407075689,49.6
3774000,-2679322.9571633283,299.57355200510347,1994.265791200925,1.0154934218182954,49.6
3776000,-2680545.5424296856,299.5969038868781,1990.8559264587611,1.0172327215681858,49.6
3778000,-2680085.6667873487,300.3640199329905,1991.6520490517105,1.016826103377868,49.6
3780000,-2680196.9128613546,300.66210497339284,1990.8378823736082,1.0172419413213414,49.6
3782000,-2679108.895970037,300.02246841251974,1997.1138711318822,1.0140452287650568,49.6
3784000,-2677055.241771169,300.4677853619433,1996.0873712193038,1.0145667076109663,49.6
3786000,-2679382.6652153656,300.0586581123509,1992.94573460276,1.0161660486583493,49.6
3788000,-2678296.146069918,299.41021647116787,1993.182681626712,1.0160452481299829,49.6
3790000,-2680520.246946808,300.45409018670495,1991.2445710172344,1.0170341814351995,49.6
3792000,-2678679.966471432,300.9754945867266,1989.5871421182812,1.0178814234623765,49.6
3794000,-2678959.8597323764,301.62991566771007,1992.101440372475,1.0165967210701583,49.6
3796000,-2680711.7492773756,300.1833116552939,1991.8216816223996,1.0167395058538773,49.6
3798000,-2679346.3083941396,298.9795831159896,1993.1880156530024,1.016042529062829,49.6
3800000,-2677621.0356553253,299.15656442447886,1988.8923860946527,1.0182369878233417,49.6
3802000,-2677976.4405952115,300.0882636551562,1990.8405000600164,1.0172406037855601,49.6
3804000,-2677627.655383153,299.73624898998855,1995.194948518703,1.0150205090612043,49.6
3806000,-2679952.8700128626,300.24259859242045,1993.6760556263296,1.0157938079291302,49.6
3808000,-2678707.082976535,300.58134538218974,1995.8168801496706,1.0147042108241546,49.6
3810000,-2676199.812212253,299.9392035595433,1994.440481587175,1.0154044761015746,49.6
3812000,-2679810.8891393524,300.8585575946475,1990.1189392508252,1.0176094264417006,49.6
3814000,-2680787.026161045,300.18528854976506,1993.8306044793646,1.0157150701629514,49.6
3816000,-2676566.851744836,300.665957197279,1992.6865823007572,1.0162982027929057,49.6
3818000,-2680240.871179385,299.7380386940829,1989.3663726406496,1.0179943826202464,49.6
3820000,-2681655.363932058,300.85007683912335,1990.8625868526449,1.0172293184349703,49.6
3822000,-2680894.0688371174,301.4408665339892,1991.928396255102,1.0166850355309858,49.6
3824000,-2678429.3079109676,300.0563226286779,1990.3328529962332,1.0175000574768838,49.6
3826000,-2676879.6776484456,300.2771833435609,1992.5665333681507,1.016359433126956,49.6
3828000,-2678847.7229352016,301.9853059828642,1992.3457050884035,1.0164720847138011,49.6
3830000,-2677452.281352835,300.18456657643725,1990.99534738152,1.0171614890939924,49.6
3832000,-2681410.8192540593,300.2045494404495,1991.6865639149719,1.016808482325161,49.6
3834000,-2677610.4083351064,299.2815554999508,1993.8709800669478,1.0156945020854855,49.6
3836000,-2675539.41661885,299.2634782318728,1993.730389469268,1.015766125158426,49.6
3838000,-2678449.8684736025,300.790705729243,1993.2384769326973,1.0160168066985285,49.6
3840000,-2675794.6494182236,300.7509824879823,1993.5644797134428,1.0158506599259318,49.6
3842000,-2680457.7355974056,300.9519506467368,1994.9448982454037,1.0151477337058141,49.6
3844000,-2679020.7725390326,300.01553728534975,1993.1648663076319,1.0160543297521816,49.6
3846000,-2678281.505608771,300.5317914943,1993.8134562957512,1.015723806019592,49.6
3848000,-2676318.0264733676,299.3288879304069,1993.399236071994,1.0159348692800725,49.6
3850000,-2681548.9997018054,300.42542371301795,1992.6502993430217,1.0163167079489541,49.6
3852000,-2679245.179081334,300.35372334147655,1991.6549383611411,1.0168246282602695,49.6
3854000,-2681967.381552348,299.9655853902257,1994.2621237283124,1.0154952893232079,49.6
3856000,-2677636.294793321,300.59320543815016,1992.9146317116513,1.0161819076928793,49.6
3858000,-2678976.212179983,301.2552798439814,1992.4975016138815,1.0163946457556194,49.6
3860000,-2680038.1034166254,300.78692743634036,1989.5603707128573,1.0178951200139674,49.6
3862000,-2682310.5532212146,301.0634594554387,1990.2098959606599,1.0175629195855576,49.6
3864000,-2678785.0856136195,301.12239386682955,1998.4782368766043,1.0133529377267074,49.6
3866000,-2680256.1105044056,300.046827698954,1994.5740164818762,1.015336495706425,49.6
3868000,-2677262.0445928853,298.6510596915408,1993.8844768687602,1.0156876267486465,49.6
3870000,-2677668.18745701,300.30628610723585,1994.171801117055,1.015541284450709,49.6
3872000,-2680735.720092699,300.9972984510126,1994.628325547512,1.0153088504676198,49.6
3874000,-2677478.6264933255,300.3625726376909,1990.8154605969835,1.0172533981198408,49.6
3876000,-2678202.480043603,301.1538796142567,1991.3783866195008,1.016965839304729,49.6
3878000,-2677542.034997657,299.3321061363417,1992.9805132477,1.016148315982103,49.6
3880000,-2678340.6413499583,300.5567460520817,1991.3523190698659,1.016979151769449,49.6
3882000,-2677104.8849337064,300.38627723186363,1992.4908126611983,1.016398057874586,49.6
3884000,-2679129.207719477,301.6241470174457,1993.7992907806702,1.0157310225187444,49.6
3886000,-2679942.704465963,300.8765006049303,1990.1925246067772,1.0175718013622477,49.6
3888000,-2682472.1961008105,299.9072090743464,1988.6056032852987,1.018383830849165,49.6
3890000,-2679277.4416295364,300.58496366395053,1991.4565640281285,1.0169259168904439,49.6
3892000,-2679028.561793063,300.2204595465961,1991.916070152176,1.0166913268424416,49.6
3894000,-2678035.087092178,301.34282735199554,1992.0289480851281,1.0166337162261225,49.6
3896000,-2679890.1251597963,300.6462166278512,1988.9144065784124,1.0182257143009719,49.6
3898000,-2679619.086862404,300.2571146349152,1988.6127054738467,1.0183801937638939,49.6
3900000,-2682356.8058982138,299.4511141667295,1991.89106258381,1.0167040910835892,49.6
3902000,-2680789.8869238123,300.1350464611656,1989.6423200885797,1.0178531949559844,49.6
3904000,-2680948.550839925,300.1805447155022,1988.4840383824674,1.0184460891972598,49.6
3906000,-2678980.966300497,300.98229385140246,1992.54514224816,1.016370344330987,49.6
3908000,-2680915.486230489,299.7119595393302,1993.202609919318,1.016035089580669,49.6
3910000,-2679486.5616239533,299.4954722534285,1992.523448933003,1.0163814099182988,49.6
3912000,-2679495.309338443,300.3708412206851,1993.6501230207152,1.015807020969825,49.6
3914000,-2681283.6723266374,301.48090401485865,1993.6895436234036,1.0157869357338314,49.6
3916000,-2676953.5276724566,300.2982293169035,1995.8193660836794,1.0147029469383795,49.6
3918000,-2677100.455283189,298.5592281671417,1989.1474781921931,1.0181064071540524,49.6
3920000,-2678199.828068465,300.2468587660765,1993.090799148436,1.0160920883218492,49.6
3922000,-2679732.8368721996,301.162977190491,1992.4653703621532,1.0164110365209014,49.6
3924000,-2682066.9087992515,299.21995243553823,1989.2715516055193,1.018042906554065,49.6
3926000,-2680287.4387886673,300.2464519186671,1992.5415923119924,1.0163721551086684,49.6
3928000,-2678327.666757576,301.58632153746515,1990.3246089473894,1.0175042720256737,49.6
3930000,-2680083.017812604,300.9655317426266,1992.6308484664323,1.0163266286278783,49.6
3932000,-2679358.866851395,301.2275735315383,1993.0634143676648,1.0161060494727496,49.6
3934000,-2675981.4600602407,300.8741327065997,1990.503847144823,1.0174126491775892,49.6
3936000,-2680502.2086266,300.26193222393374,1992.4527561184852,1.016417471432064,49.6
3938000,-2676463.425702093,300.9956549794376,1990.3520860647354,1.017490225222358,49.6
3940000,-2675140.5626788065,300.68329978975726,1994.4995214598414,1.0153744187612097,49.6
3942000,-2681408.7202191018,300.3160699585882,1988.4007370095044,1.0184887556255808,49.6
3944000,-2679669.996125277,299.6656446592958,1991.174470590906,1.017069986700264,49.6
3946000,-2675448.809600938,300.3091692016885,1996.4322885647769,1.0143914241026804,49.6
3948000,-2678706.425297901,300.3606087675823,1993.8567527888813,1.0157017496312741,49.6
3950000,-2677415.264605701,300.64450099279844,1992.1314340233612,1.0165814151286814,49.6
3952000,-2678872.5244237203,299.7455206871304,1994.9867509368867,1.0151264369904909,49.6
3954000,-2680741.9080834854,299.8491538402264,1990.123784457477,1.0176069489435664,49.6
3956000,-2680617.9234946854,300.53883542472903,1990.213588023097,1.0175610318957862,49.6
3958000,-2679820.858048141,299.3075996773943,1995.1179421853824,1.0150596861975507,49.6
3960000,-2681046.5692968536,300.8643636565052,1990.6766465754652,1.0173243333143334,49.6
3962000,-2676876.515931148,300.80436513973365,1991.6610510063567,1.0168215075042575,49.6
3964000,-2678895.8167717345,300.6239411730187,1990.052672416114,1.0176433118541808,49.6
3966000,-2679123.9949040227,299.0585115783652,1989.1408604245091,1.0181097943408597,49.6
3968000,-2682034.2646891233,300.6833306113054,1991.9473721616907,1.0166753502749724,49.6
3970000,-2676400.336759893,299.36349967836514,1994.069603505627,1.015593331727993,49.6
3972000,-2681907.9820014164,299.41532485418435,1994.3679611087973,1.0154413988860307,49.6
3974000,-2680737.7530888617,299.8981949653563,1993.391474267709,1.0159388250949355,49.6
3976000,-2676933.7509405576,300.92318229344755,1993.9227728889189,1.015668119075452,49.6
3978000,-2679526.26976821,300.0053337207898,1993.5135903704333,1.0158765920153487,49.6
3980000,-2680506.2078223005,301.36491373538337,1991.902441882088,1.0166982828778912,49.6
3982000,-2679004.9831513204,299.56612433507615,1991.5722755374366,1.0168668329023087,49.6
3984000,-2682031.1087076534,300.7006361695303,1990.7081191589905,1.0173082496781918,49.6
3986000,-2678535.175635284,300.1017811343655,1994.2607595414374,1.0154959839792796,49.6
3988000,-2678275.5520488024,299.69226288542217,1992.5815235521798,1.0163517870583951,49.6
3990000,-2673018.8141074106,300.37253408838,1996.570104659351,1.0143214042901465,49.6
3992000,-2680003.639305832,298.7051839541535,1990.904532497966,1.0172078867994976,49.6
3994000,-2679248.45199031,302.5603031067332,1994.3050864734241,1.01547341279811,49.6
3996000,-2681635.994933877,300.6600642138336,1991.6115596197637,1.0168467754366919,49.6
3998000,-2681940.396324711,299.6601493445988,1993.3242769311964,1.0159730736032673,49.6
4000000,-2676645.316564331,301.05488388709864,1992.9071360975536,1.0161857297010877,49.6
4002000,-2679324.562386416,300.5097950849973,1993.557190098558,1.0158543744720347,49.6
4004000,-2680782.293010056,300.11205812812113,1990.8591101378818,1.0172310948621273,49.6
4006000,-2681167.9925845284,301.1068238145134,1992.0698645607388,1.0166128348959067,49.6
4008000,-2677298.715351904,300.7955903486704,1994.290507892657,1.0154808360702494,49.6
4010000,-2681162.157531034,300.1067117102291,1997.5611995298432,1.0138181462467588,49.6
4012000,-2677520.433465589,300.5986274964407,1994.5688344336438,1.0153391336312747,49.6
4014000,-2680457.6678734776,300.11588197018006,1990.1240779906773,1.0176067988517068,49.6
4016000,-2676350.445999056,299.4589128150973,1989.4957884047346,1.0179281625650802,49.6
4018000,-2681832.9601345565,299.504060628552,1989.5863235051931,1.0178818422685605,49.6
4020000,-2679670.0815479867,301.19372843860674,1988.264548455138,1.0185585182290404,49.6
4022000,-2680520.520658767,299.6309037924919,1989.9699326212276,1.0176856238497092,49.6
4024000,-2682475.685553668,300.36326497010975,1989.9258219758046,1.0177081828663368,49.6
4026000,-2680959.0300271343,301.47904222643797,1993.3092312506126,1.0159807422610485,49.6
4028000,-2678494.296423111,300.06899012927533,1991.7799563566448,1.0167608052579356,49.6
4030000,-2680115.830817299,300.79661260431567,1991.9098941488855,1.0166944791381345,49.6
4032000,-2678679.0581106804,298.5126666115237,1991.3471461999195,1.016981793549362,49.6
4034000,-2677950.3514439166,299.66497138259155,1992.691396349733,1.016295747566105,49.6
4036000,-2679540.973138176,301.3493755675733,1990.893846613818,1.0172133465409354,49.6
4038000,-2678929.553665431,300.6659249873737,1993.5358537583481,1.0158652469198497,49.6
4040000,-2679657.897963835,300.3200607962685,1990.350659569709,1.0174909544630766,49.6
4042000,-2677016.67941284,300.64469107173994,1995.4990403406032,1.0148658312439636,49.6
4044000,-2678236.2668339107,299.48715488501296,1996.5459331909585,1.014333684317045,49.6
4046000,-2679250.4210995734,300.999123662203,1992.8727026143442,1.0162032876786824,49.6
4048000,-2681128.1288980115,300.77339621382947,1991.3756445461215,1.0169672396407043,49.6
4050000,-2679277.4038179573,301.2518466024206,1990.1333509135898,1.017602057365717,49.6
4052000,-2681584.4146445096,300.29685997774726,1992.3611500816803,1.0164642049152448,49.6
4054000,-2679914.6098942105,300.3213803297297,1993.2087771741262,1.0160319458320746,49.6
4056000,-2680305.855645811,300.0364833483711,1991.8334544991112,1.016733496340972,49.6
4058000,-2678048.8407036886,299.05440278217907,1993.9433734686058,1.0156576256219763,49.6
4060000,-2677632.947345445,301.2603597285569,1994.471771809432,1.0153885459529575,49.6
4062000,-2678391.1899901796,298.89706859737225,1993.2877910144482,1.015991670370452,49.6
4064000,-2679536.2375392113,300.1406501580667,1994.6137149264364,1.0153162876434387,49.6
4066000,-2681311.5183701757,301.23280437982703,1991.33236926081,1.0169893401941463,49.6
4068000,-2679258.7290167697,301.1347428716538,1992.939574298002,1.0161691896931428,49.6
4070000,-2677892.669735046,300.68904702103936,1993.0386478963178,1.0161186761026377,49.6
4072000,-2682821.6129160915,299.9278542046561,1990.1371977865888,1.0176000903727467,49.6
4074000,-2678720.8747134916,300.43575681920936,1990.9400728402911,1.0171897285851916,49.6
4076000,-2679903.0497748256,301.0837794101788,1992.5782947691305,1.0163534339595135,49.6
4078000,-2679849.868711846,299.815411496305,1990.5915025049608,1.017367847583661,49.6
4080000,-2678816.1780275274,300.54438168960934,1992.8835679435904,1.0161977472730714,49.6
4082000,-2675988.604944747,300.21346394357556,1995.8159092599844,1.014704704439747,49.6
4084000,-2677655.586371865,299.1346034737885,1996.5023749612033,1.0143558143080853,49.6
4086000,-2678831.6570805814,300.2727751179353,1992.9433991108472,1.0161672394837333,49.6
4088000,-2678070.6238529216,299.5072060735385,1991.8491396202503,1.0167254899173233,49.6
4090000,-2675584.1575733535,300.8816221464437,1997.573171811964,1.0138120700153412,49.6
4092000,-2677068.9371920098,300.5746545782135,1994.8668802480195,1.0151874354994612,49.6
4094000,-2678882.879794959,300.48455364757615,1992.3027145849203,1.0164940184522733,49.6
4096000,-2677843.842807751,299.280355107757,1994.2656569015883,1.0154934902044166,49.6
4098000,-2679761.105364429,300.35876569958475,1996.0921078730937,1.0145643000811624,49.7
4100000,-2676481.464800233,300.0782266147789,1994.6237600590587,1.0153111744050591,49.7
4102000,-2677567.4513577316,300.52512523754103,1999.3822910545446,1.0128947332296592,49.7
4104000,-2677392.7900531664,299.45686995211366,1991.7380542129586,1.016782195850572,49.7
4106000,-2677279.261627743,299.95719507194934,1994.3670152243076,1.0154418804875924,49.7
4108000,-2675198.450360462,301.45134003451756,1994.8075256199213,1.0152176419589367,49.7
4110000,-2675769.2388526592,299.88800292185533,1993.6626779950052,1.0158006239844308,49.7
4112000,-2679205.721856367,300.49856271723974,1989.8127246093902,1.0177660275638991,49.7
4114000,-2680647.8095432166,301.0365126921639,1991.143980541546,1.0170855609201093,49.7
4116000,-2677619.997805875,299.67277505361227,1995.8926976107225,1.0146656655170467,49.7
4118000,-2678134.0731904656,300.45387070714827,1992.1731340993542,1.0165601360934715,49.7
4120000,-2681049.786686104,301.1303259629782,1990.573361567676,1.0173771192873193,49.7
4122000,-2680775.808009969,300.7545184091935,1988.653892661027,1.0183591020013625,49.7
4124000,-2678556.555586299,301.4419432958718,1990.2226158381698,1.0175564161544373,49.7
4126000,-2677869.709612662,301.5735189907778,1990.364465466274,1.0174838967733335,49.7
4128000,-2675814.584310662,301.10371954281266,1990.293753327469,1.017520046443411,49.7
4130000,-2680948.2796806805,300.8129221400133,1992.1130518851894,1.0165907955903062,49.7
4132000,-2679098.6303901784,300.29005612547263,1993.7129525449654,1.0157750090035205,49.7
4134000,-2680816.3873868063,300.2717538941397,1991.4404238251932,1.01693415885966,49.7
4136000,-2678606.9202152025,300.18027383146114,1991.2776878433313,1.0170172671975082,49.7
4138000,-2678216.9575699084,300.7971332056858,1991.194032190929,1.0170599949486046,49.7
4140000,-2678839.11168457,300.48507863969263,1991.8929794445414,1.0167031126775365,49.7
4142000,-2676765.822067175,299.18152894781525,1995.4476278921304,1.014891979130045,49.7
4144000,-2678440.865888333,299.0923010069309,1995.8871792199295,1.0146684709469955,49.7
4146000,-2682553.222981967,301.63560368320583,1992.1163369464762,1.0165891192007273,49.7
4148000,-2682854.6618371718,300.67932679706644,1988.586473380141,1.0183936275496652,49.7
4150000,-2678495.72909707,299.56112178579735,1990.7165541027334,1.0173039392012244,49.7
4152000,-2678891.7973734997,300.8688427110485,1990.2232713075489,1.0175560810276796,49.7
4154000,-2677317.322775651,298.8264442234123,1995.028940800236,1.0151049696098515,49.7
4156000,-2675714.4827731904,301.1922920408738,1994.9519012036008,1.01514417019276,49.7
4158000,-2678372.013617493,299.8134231432152,1991.3152374204508,1.0169980896370754,49.7
4160000,-2678910.889158394,299.19865623247085,1992.971173867424,1.0161530778149204,49.7
4162000,-2680132.1459789164,300.274855542891,1995.3786465751248,1.0149270644936472,49.7
4164000,-2678739.924581973,299.53621198038127,1989.6969041102402,1.017825271848336,49.7
4166000,-2676471.3415671233,299.5870513027769,1992.22335093607,1.01653451224244,49.7
4168000,-2679813.7102149203,299.63404011806165,1992.9764259959054,1.0161503999274895,49.7
4170000,-2682137.1697825417,300.4415520505236,1994.9191213561085,1.0151608507041274,49.7
4172000,-2678259.912983151,300.17185865058855,1991.7094909323523,1.0167967776132778,49.7
4174000,-2677894.0283048823,299.9789101496929,1990.4628304422893,1.0174336146090193,49.7
4176000,-2682107.284974184,300.31891029674483,1990.3943206238644,1.0174686349019701,49.7
4178000,-2676448.9773731846,300.35171598461295,1991.0699153682922,1.0171233951607366,49.7
4180000,-2678603.848474672,300.8886782383388,1995.086546076947,1.0150756599025708,49.7
4182000,-2677862.7525233366,300.72136743588175,1993.1548031848172,1.0160594596495134,49.7
4184000,-2680757.927252533,299.5759802713518,1991.9738062972287,1.0166618586648306,49.7
4186000,-2677575.340744648,299.1401761448251,1991.2278995819217,1.0170426964924513,49.7
4188000,-2677686.094858393,300.6564950152546,1993.914989462923,1.01567208382705,49.7
4190000,-2677208.429778237,299.72619040466174,1989.793571775833,1.0177758241094315,49.7
4192000,-2679527.1085735355,300.16628733065744,1990.598696428705,1.0173641708673404,49.7
4194000,-2678929.40566124,300.00512387886056,1993.454663696053,1.0159066214061536,49.7
4196000,-2677554.6256006192,299.5497017088946,1996.854810503061,1.0141767852473988,49.7
4198000,-2676131.044054808,300.39431891444104,1995.0375152915447,1.0151006067802442,49.7
4200000,-2679305.3014934473,300.6542279882167,1993.324143817387,1.0159731414497568,49.7
4202000,-2679515.354890574,300.0541870328042,1991.1507593141437,1.0170820983034805,49.7
4204000,-2680133.862238439,299.98870894705715,1990.0588311532183,1.0176401625012443,49.7
4206000,-2679629.65112211,300.47379041117716,1991.7890058367425,1.0167561857140759,49.7
4208000,-2680362.0841276348,300.29459420576876,1994.0628436001834,1.0155967746058912,49.7
4210000,-2679586.608821232,299.0587977792487,1991.5418111047768,1.016882387821107,49.7
4212000,-2680196.218412759,300.9972026499866,1991.9711041026237,1.0166632378104337,49.7
4214000,-2680678.6417253576,300.2348121188546,1993.9060394742846,1.0156766428450934,49.7
4216000,-2680286.073645696,300.0427574259945,1992.4322314644012,1.0164279418594526,49.7
4218000,-2678262.8811048064,300.369979573672,1991.9135427371334,1.016692616858749,49.7
4220000,-2678213.0207553636,299.6301994537285,1989.60799941714,1.017870752889551,49.7
4222000,-2679883.7975761965,298.7054544283513,1989.0218008203797,1.0181707367342634,49.7
4224000,-2680190.9127747025,300.3283329741365,1990.0986970133333,1.0176197770296964,49.7
4226000,-2678228.273994481,298.45385422945265,1991.3868678786482,1.0169615080765952,49.7
4228000,-2676263.416787248,298.62690886891215,1989.3980494769016,1.0179781732742226,49.7
4230000,-2681776.151542479,299.7371987872467,1991.0305909615527,1.0171434841409246,49.7
4232000,-2677740.482452173,299.7857157074501,1992.120849563232,1.016586816390085,49.7
4234000,-2680883.463081129,299.52269586985256,1990.5601836619242,1.0173838545269278,49.7
4236000,-2683763.1372317467,300.38750360269665,1993.2880928750517,1.0159915165101745,49.7
4238000,-2683520.664796816,300.9127197235063,1991.1565103491314,1.017079160676678,49.7
4240000,-2680440.7640911154,300.0719936118149,1991.5660716705224,1.0168700005132612,49.7
4242000,-2679350.4816095065,300.2063522659177,1993.3685109367823,1.0159505285703911,49.7
4244000,-2678198.933385467,300.18216053805776,1992.877683153012,1.016200748014652,49.7
4246000,-2676695.287116997,300.4324560515513,1993.4805196247069,1.0158934448494412,49.7
4248000,-2679207.8793354332,299.44017387276483,1994.5188891377984,1.0153645590176619,49.7
4250000,-2678739.7391444184,300.2039549795888,1993.5421276421403,1.0158620498865796,49.7
4252000,-2677215.7709384207,300.4168450320266,1997.0258758453024,1.0140899108102868,49.7
4254000,-2680200.105815785,300.7156210042985,1990.792434469005,1.0172651639908208,49.7
4256000,-2679980.2882401086,300.0205596496595,1991.1775762446196,1.01706840036903,49.7
4258000,-2682234.809083035,299.0391454485714,1991.1416702783713,1.0170867410146007,49.7
4260000,-2679717.251633538,299.77665882214455,1992.8663737388463,1.0162065149016277,49.7
4262000,-2680270.5045112986,300.5636955615968,1992.4612494763942,1.0164131387016924,49.7
4264000,-2677690.608943807,301.96851551827797,1990.2956523825787,1.0175190755692392,49.7
4266000,-2679850.416415436,299.9086832855195,1991.558632843764,1.0168737987041079,49.7
4268000,-2677252.150638161,300.6945226447431,1992.7500500108565,1.0162658343984308,49.7
4270000,-2676939.3228380345,300.3657465490351,1995.4316718690873,1.0149000944867537,49.7
4272000,-2677905.563804621,300.5550103727295,1995.3517756134004,1.014940732292296,49.7
4274000,-2678965.599289499,301.7891229649687,1992.492674795549,1.0163971079741114,49.7
4276000,-2678289.6745660547,300.4494889354085,1991.8890502771471,1.0167051182092801,49.7
4278000,-2677960.974287465,300.1150623345485,1993.6702719525408,1.0157967547654776,49.7
4280000,-2679253.2029141113,300.7033955577908,1994.6213969501512,1.0153123772854071,49.7
4282000,-2677897.9516727645,300.23054446932804,1995.8172471134503,1.01470402425412,49.7
4284000,-2677090.594661936,301.3092495740662,1998.493034452456,1.0133454344896673,49.7
4286000,-2679133.7483578287,300.9433979595223,1993.6576466917647,1.0158031875143223,49.7
4288000,-2677675.455520628,299.1374501508231,1995.4077856858505,1.014912243426834,49.7
4290000,-2676659.9735877253,299.34069284315643,1993.6417422424233,1.0158112911720631,49.7
4292000,-2677065.2381710988,299.7344688114244,1992.6061680984412,1.0163392168229743,49.7
4294000,-2675571.840318769,300.8772664495215,1993.9485048099223,1.015655011870455,49.7
4296000,-2678814.872881077,299.98807550599946,1993.0273164566443,1.0161244532876186,49.7
4298000,-2677911.6667271033,300.603372021216,1992.951465602496,1.0161631265363322,49.7
4300000,-2676039.429234633,300.6765231106705,1993.517871291991,1.0158744105009188,49.7
4302000,-2680618.546889648,299.4658215028367,1992.200973728313,1.0165459303695632,49.7
4304000,-2678100.9902972244,300.6531322073336,1992.209604425732,1.0165415264653161,49.7
4306000,-2679883.7324680816,300.1372977948133,1990.505490683596,1.0174118091110107,49.7
4308000,-2679238.5445024297,300.07032979556203,1993.2235306094333,1.0160244253701936,49.7
4310000,-2681178.751613738,301.0442759977914,1993.337425189316,1.015966372140662,49.7
4312000,-2680085.340614507,300.48077959113647,1993.6650339491275,1.0157994235923755,49.7
4314000,-2678820.990100285,299.86672123894243,1992.4208431681197,1.0164337515670705,49.7
4316000,-2678615.2664197236,301.48015583563523,1991.6612742372367,1.016821393536103,49.7
4318000,-2676753.6849768516,299.6289767056454,1997.7624462954843,1.0137160181767981,49.7
4320000,-2675201.1816683486,300.1021166490575,1993.429219700955,1.015919588369234,49.7
4322000,-2678472.940344548,300.3774224031995,1995.0491948668462,1.0150946640977248,49.7
4324000,-2678026.225627955,300.4329177224454,1992.0438594995776,1.016626106229679,49.7
4326000,-2679657.332936147,301.52118236478043,1990.2220203679753,1.0175567206051521,49.7
4328000,-2678040.6069295034,300.60258504944875,1994.7459584028625,1.015248976337463,49.7
4330000,-2680791.286478622,301.3003332290216,1995.0846766450265,1.0150766110475837,49.7
4332000,-2676950.563468892,299.78979347044066,1993.0006118691936,1.0161380685289598,49.7
4334000,-2680570.5872408077,299.48459736826027,1991.6564335115593,1.0168238649229075,49.7
4336000,-2679518.9754300155,301.46687105802494,1991.2067844534492,1.0170534814030723,49.7
4338000,-2677768.4697227553,299.9208251335467,1992.1192166536334,1.0165876496707225,49.7
4340000,-2677698.9347660653,299.70538151547413,1991.4076076641084,1.016950916792612,49.7
4342000,-2681382.890007384,300.1992663896606,1993.8525962990855,1.015703867016464,49.7
4344000,-2679758.392986018,300.0647404691351,1993.9303137310121,1.0156642779217004,49.7
4346000,-2678423.6078078393,301.0161222808096,1995.4750315876083,1.0148780417014633,49.7
4348000,-2679594.0667807795,301.4669498364787,1989.2837618478836,1.0180366577971682,49.7
4350000,-2680558.6654158365,299.9350634935359,1989.3638037387539,1.0179956971750277,49.7
4352000,-2678949.5782359354,300.8148516719266,1990.009317918459,1.01766548231046,49.7
4354000,-2676738.6624197178,300.75806684169197,1993.3188376143764,1.015975845964278,49.7
4356000,-2676347.5667469595,300.15714903930586,1996.2852299622666,1.014466150390782,49.7
4358000,-2677121.0255810414,300.14944018553695,1994.3887637173107,1.015430807255014,49.7
4360000,-2676482.0341235083,300.9099362533056,1991.0925107634619,1.0171118526005964,49.7
4362000,-2678023.032588603,300.80055828296776,1991.8654352135973,1.0167171720134949,49.7
4364000,-2679181.1987117566,301.4043911953976,1994.032206218136,1.0156123787803335,49.7
4366000,-2677686.8373654727,300.6248323281239,1990.7363524471818,1.0172938218726426,49.7
4368000,-2677345.153815059,301.1917050256483,1990.8731705917426,1.0172239107124352,49.7
4370000,-2678677.6564814933,301.39962002192755,1990.4843504461087,1.0174226146856753,49.7
4372000,-2681172.598830126,299.7828464306216,1994.173107432094,1.0155406192041223,49.7
4374000,-2679855.3423733413,300.69569273706765,1993.7620159750036,1.01575001233607,49.7
4376000,-2680206.566982189,299.14807970459754,1994.8583826342033,1.0151917599521907,49.7
4378000,-2681238.4868102353,301.81974408979454,1990.8465497063016,1.0172375126654332,49.7
4380000,-2680048.8238373697,299.732734724842,1994.4816942367331,1.0153834944555888,49.7
4382000,-2680043.943374086,300.4122339149737,1993.829824868229,1.015715467319604,49.7
4384000,-2677688.768847285,301.2028448552174,1989.005384424008,1.0181791402783258,49.7
4386000,-2678355.066702135,298.87105848839457,1991.1149209807234,1.0171004048949135,49.7
4388000,-2679790.526296651,299.4508530472534,1990.8325047375804,1.0172446890948983,49.7
4390000,-2677092.5443092026,301.1326702671095,1998.6086776958073,1.0132868004238857,49.7
4392000,-2678678.941145787,300.4423910100975,1995.8475575316793,1.0146886142077778,49.7
4394000,-2677524.0318682287,300.92927064703076,1992.0489834220944,1.0166234912772154,49.7
4396000,-2677988.709946165,299.7231360985644,1990.9226287005956,1.0171986410358649,49.7
4398000,-2680257.5388991646,300.293816027419,1992.1259423583524,1.0165842175240858,49.7
4400000,-2677502.6957834717,300.0837733549978,1992.7416712054724,1.0162701074528702,49.7
4402000,-2678690.80451297,300.7649233513626,1994.3885209790283,1.0154309308437364,49.7
4404000,-2679217.74818231,300.5375528689316,1990.6654673085454,1.0173300464491883,49.7
4406000,-2678374.437762318,299.48305881249945,1992.9661405205447,1.0161556441660584,49.7
4408000,-2679476.452360647,300.2689561606406,1992.177263815865,1.0165580287984761,49.7
4410000,-2680579.9736801013,300.40906645021937,1992.3032897588405,1.016493724992511,49.7
4412000,-2678691.6927748006,300.36588214870386,1990.3063783344396,1.0175135920614033,49.7
4414000,-2679213.051431721,300.5703274244221,1993.0969519493658,1.016088951589168,49.7
4416000,-2675504.130091913,301.15736781701673,1994.1841484336044,1.0155349965611387,49.7
4418000,-2677582.679422369,300.36926136514654,1993.718887689212,1.0157719851212483,49.7
4420000,-2676522.007210288,300.6945184158421,1994.8958956972272,1.0151726697567802,49.7
4422000,-2678082.6570593826,301.1649090001996,1992.9490659679386,1.0161643500599014,49.7
4424000,-2678257.7533411793,299.9811723104299,1992.1054528698453,1.016594673441774,49.7
4426000,-2678631.526725244,299.9557309503504,1992.74034732715,1.0162707826125652,49.7
4428000,-2677987.7113679945,301.13393913865656,1996.4266934509003,1.0143942669997184,49.7
4430000,-2680500.0610965025,299.9774321624786,1997.288833415209,1.013956398513942,49.7
4432000,-2679820.6106147766,300.26767671884494,1992.2555950788762,1.0165180598936245,49.7
4434000,-2677504.9124204777,300.3596278964917,1997.7197791286426,1.0137376690564308,49.7
4436000,-2677788.2947313935,299.9275713216903,1992.5504589721895,1.0163676323491606,49.7
4438000,-2678982.100111354,300.80688773065333,1993.417516389626,1.015925552811269,49.7
4440000,-2681052.80809691,299.1247749140083,1992.3613146387945,1.016464120961388,49.7
4442000,-2680744.8995033633,300.39066813037704,1991.316554717937,1.0169974168716007,49.7
4444000,-2679488.4361266103,300.40614524493094,1993.6367249863533,1.0158138475983682,49.7
4446000,-2681158.849907918,299.7032440051703,1992.7908727177678,1.0162450159960235,49.7
4448000,-2675625.7724194694,299.9867953303898,1994.1519540184781,1.0155513917787593,49.7
4450000,-2679595.6830926873,299.72934427758497,1993.0014324292608,1.0161376501638206,49.7
4452000,-2677299.007550124,300.75529051961763,1994.7444301189628,1.0152497541757872,49.7
4454000,-2679796.945171695,300.2151278648707,1990.7722829498732,1.0172754612199864,49.7
4456000,-2679131.6732917465,300.7012705426991,1993.7621859562546,1.0157499257367457,49.7
4458000,-2678808.06745659,300.71820101168,1992.9135575678426,1.016182455396266,49.7
4460000,-2677189.555368075,299.5504710343115,1995.2655200585787,1.0149846082953118,49.7
4462000,-2678252.047554124,301.00644770820503,1994.494668191211,1.0153768895047486,49.7
4464000,-2681433.131350167,299.7374613078203,1992.50864053915,1.0163889637004593,49.7
4466000,-2678507.644249618,300.6851152601174,1992.9262801018958,1.0161759682441707,49.7
4468000,-2678121.883012278,299.96125836505655,1993.2941044654829,1.0159884523738463,49.7
4470000,-2680002.2018073145,299.74699242264035,1991.928372211912,1.0166850478026876,49.7
4472000,-2677699.012012299,300.2599265341754,1992.0514154690522,1.0166222501064053,49.7
4474000,-2680845.9386015125,299.675998838467,1992.131110610313,1.016581580165858,49.7
4476000,-2678755.222654147,301.9420200432878,1992.5221237740222,1.0163820858791515,49.7
4478000,-2677841.0756202005,301.26622384030026,1992.3753248904354,1.016456973252851,49.7
4480000,-2677956.891791774,300.1656378700633,1992.1710122273444,1.0165612188371147,49.7
4482000,-2679061.79422321,300.048717778985,1991.3950949641182,1.016957306685687,49.7
4484000,-2681125.152120346,300.973192732336,1991.8510831072206,1.0167244978789332,49.7
4486000,-2679869.5909955017,300.61031379779604,1992.2907588220032,1.0165001184461808,49.7
4488000,-2678373.877099147,300.70315388263,1996.2478748466253,1.014485133754942,49.7
4490000,-2678426.1972522996,300.044978774293,1989.3013434353181,1.0180276603164349,49.7
4492000,-2678207.3644470237,299.42577779183966,1994.6755307343467,1.0152848225777487,49.7
4494000,-2679314.2335457224,299.718663668508,1992.9543835399356,1.0161616387449124,49.7
4496000,-2680449.9093849845,300.58495157429246,1991.2174418263746,1.0170480379401896,49.7
4498000,-2676998.9066719376,300.1523103709508,1989.892772098957,1.017725085852559,49.7
4500000,-2676715.029349709,300.03304546237285,1989.0619833901326,1.0181501678847302,49.7
4502000,-2678892.996505197,300.5794379396772,1993.967611361258,1.0156452796839777,49.7
4504000,-2678474.7896456625,299.7122146826906,1992.8456699468122,1.0162170723314705,49.7
4506000,-2680146.3167194407,300.6584444183436,1994.0401380152136,1.015608338926198,49.7
4508000,-2679921.266042605,299.6430292629187,1994.135320248094,1.015559862843131,49.7
4510000,-2677782.1685013715,299.9718741915787,1991.4505641081578,1.0169289807245292,49.7
4512000,-2677637.0269872006,300.5780201197844,1990.8692844687553,1.0172258963059915,49.7
4514000,-2680998.1479257755,299.9184028171429,1992.1167624873551,1.0165889020446675,49.7
4516000,-2682848.6490246784,300.7461248951497,1990.6222759545547,1.0173521198795383,49.7
4518000,-2679427.9873799514,301.10055101271075,1993.0038783345105,1.016136403113356,49.7
4520000,-2679155.4849637,300.3537574131396,1994.8685350937965,1.0151865933494093,49.7
4522000,-2679512.252312472,299.5644167283724,1992.0850594085398,1.016605080569742,49.7
4524000,-2679729.892079396,299.1941134992161,1993.3982846623976,1.015935354165703,49.7
4526000,-2679480.0771738887,301.198933282897,1992.0239085886624,1.0166362881440587,49.7
4528000,-2680566.2782029603,299.6463145733863,1996.107509885417,1.014556471679248,49.7
4530000,-2677126.954929102,301.0271512860781,1996.1683695546326,1.01452553963353,49.7
4532000,-2681913.214409834,300.1891499951154,1997.8741555443144,1.0136593372018712,49.7
4534000,-2680002.3120406102,300.6715565910614,1993.3514591221895,1.0159592193609537,49.7
4536000,-2678920.378424259,300.9109748190028,1989.5708265892295,1.0178897706263548,49.7
4538000,-2678973.428223936,300.39599320578844,1994.3928972427086,1.0154287027002706,49.7
4540000,-2680816.7476763353,299.434164860419,1992.1858416011876,1.0165536517888836,49.7
4542000,-2678619.1222123094,299.75618752542215,1992.3539184194883,1.016467894383111,49.7
4544000,-2683666.1015109494,300.81551421342317,1989.5654137558245,1.0178925399083874,49.7
4546000,-2679639.578143729,300.1464880325693,1989.360442524038,1.017997417176112,49.7
4548000,-2681060.6351990905,300.64524051229273,1990.990239497962,1.0171640986208212,49.7
4550000,-2676810.9436270446,300.1768272248844,1993.7077686608197,1.0157776501428326,49.7
4552000,-2677792.1995929554,299.6683944152825,1993.5070078217639,1.0158799464340105,49.7
4554000,-2679531.4863941893,301.0588730936979,1990.2185807946678,1.0175584791863297,49.7
4556000,-2678705.5870926976,300.7389079389442,1989.174356555433,1.0180926501730525,49.7
4558000,-2675583.249753382,299.59243248237857,1994.5216794490555,1.0153631385351531,49.7
4560000,-2679909.455734292,301.9057567569853,1995.726348265407,1.0147502407241236,49.7
4562000,-2678992.5822442025,300.17377011475156,1989.5742858098936,1.0178880008480895,49.7
4564000,-2678716.0359928645,299.90244324831656,1991.0838951603125,1.017116253737134,49.7
4566000,-2677578.3436912466,300.22985050250145,1993.3218759395606,1.0159742973608956,49.7
4568000,-2678266.2877501547,300.4664416267443,1991.477037769122,1.016915462199058,49.7
4570000,-2679923.8816819135,300.71820123294583,1994.0537872696052,1.0156013871094172,49.7
4572000,-2678730.905764574,300.8099101825996,1991.1334875209268,1.0170909208318526,49.7
4574000,-2679553.0186527427,300.05085208142435,1992.7785347742629,1.016251307901208,49.7
4576000,-2680107.0947309285,300.7408686802504,1992.6849704144174,1.0162990248782906,49.7
4578000,-2677616.052592069,299.8967599214628,1990.5061140953685,1.0174114904651674,49.7
4580000,-2679682.7000088803,300.6442573436993,1991.9834396246877,1.0166569420393181,49.7
4582000,-2679007.241227895,300.9191758512958,1990.5674957263898,1.0173801173131198,49.7
4584000,-2678147.057642013,300.4497392295949,1990.1967379691005,1.0175696471035216,49.7
4586000,-2678223.1167988554,300.2377083071003,1992.0950018350632,1.0166000067548349,49.7
4588000,-2676391.867392186,300.3655150620522,1994.3120456113015,1.0154698693107673,49.7
4590000,-2679932.9671635013,301.1171873518542,1991.7184997433335,1.0167921785045295,49.7
4592000,-2676619.593254458,300.02064335145485,1993.8018583298715,1.0157297144953996,49.7
4594000,-2675909.992868567,300.3134473053076,1993.926393068382,1.015666275025,49.7
4596000,-2677885.0284409467,300.7284127688944,1993.0536557865296,1.0161110246289862,49.7
4598000,-2677623.736594407,299.88922765656855,1992.9974399946539,1.0161396857224414,49.7
4600000,-2678597.2059243005,299.93877629675995,1990.00593676077,1.0176672113944825,49.7
4602000,-2681663.8029308543,300.74382749882756,1990.326178487433,1.0175034696377452,49.7
4604000,-2680069.4647246655,299.74000924355,1992.6946745316964,1.016294075657994,49.7
4606000,-2679550.0277949516,300.64870516469557,1991.5380859650968,1.016884289883116,49.7
4608000,-2679821.382720342,300.04074818946657,1990.5245426946249,1.0174020711044742,49.7
4610000,-2679017.2796771005,301.57892493210943,1990.1801858946149,1.0175781101003463,49.7
4612000,-2681722.107037088,300.80437175083625,1990.2558088566743,1.0175394455877391,49.7
4614000,-2680031.744593814,301.0009986848878,1991.8724187523283,1.0167136073857193,49.7
4616000,-2678461.909163529,298.6937041572426,1991.4293668381822,1.0169398051697789,49.7
4618000,-2680231.643540092,299.6191533597541,1992.6515970595817,1.016316046071572,49.7
4620000,-2680241.5673039183,299.8516398149711,1991.1395252458099,1.0170878367108842,49.7
4622000,-2679241.5043605193,300.9204411093998,1990.2678697429021,1.0175332793687732,49.7
4624000,-2677630.305641137,300.2132060391217,1991.510029345784,1.0168986158643998,49.7
4626000,-2675969.8829661757,300.10209439777896,1994.5461002178524,1.0153507066598266,49.7
4628000,-2679602.9613728877,299.1984069570216,1991.0238573318761,1.017146924113542,49.7
4630000,-2677843.196822347,299.9607618165368,1990.320924446564,1.0175061556391576,49.7
4632000,-2677315.5913943183,300.79232214720275,1989.7725498925477,1.0177865768784282,49.7
4634000,-2680083.1596220117,300.5135746900323,1994.5097812133217,1.0153691956776607,49.7
4636000,-2680212.588846581,300.53118523653274,1991.7666414229216,1.016767602290506,49.7
4638000,-2678858.3998138513,300.23825671450425,1997.461167788242,1.0138689176942701,49.7
4640000,-2678186.0246360693,299.4901331668266,1993.456478439102,1.0159056965755895,49.7
4642000,-2678389.28258623,300.8373212146076,1994.0707186820785,1.015592763761292,49.7
4644000,-2678455.7298379876,299.7873597763703,1993.0086066955698,1.0161339923561805,49.7
4646000,-2678696.8116936795,300.1883908439209,1992.6161078208054,1.01633414704079,49.7
4648000,-2678232.48161708,300.20574033842513,1994.2910070328735,1.0154805819110908,49.7
4650000,-2679968.5902005658,300.5607007003244,1992.0198376425878,1.0166383657697071,49.7
4652000,-2680213.820217736,299.60494780425057,1995.150615157372,1.0150430633839933,49.7
4654000,-2675983.154243868,299.56206054374576,1995.8212181830907,1.014702005305575,49.7
4656000,-2680608.015496174,299.2307580880768,1994.4207543455975,1.0154145196840811,49.7
4658000,-2678200.2073987834,299.76605141683325,1989.387715111799,1.0179834614128942,49.7
4660000,-2678320.35599841,300.55305694709136,1988.7617655016259,1.018303864973485,49.7
4662000,-2677392.4881438576,299.7376601009964,1994.160772876357,1.0155469006647453,49.7
4664000,-2678392.5138153676,300.1271348714064,1991.1625513810384,1.0170760749378178,49.7
4666000,-2679107.96272712,300.55791350431497,1992.3365375397857,1.0164767619142037,49.7
4668000,-2678264.141065916,300.285039310075,1993.7140067963378,1.0157744718742263,49.7
4670000,-2679019.1834770273,301.15572431281674,1995.2450264468043,1.014995033431194,49.7
4672000,-2678903.744888991,300.19264458588407,1990.419749041602,1.0174556363284304,49.7
4674000,-2679823.8375188783,300.6985134228163,1994.6085823968317,1.0153189002567355,49.7
4676000,-2678650.691246692,301.10776487627567,1991.2352028935786,1.0170389662551744,49.7
4678000,-2681238.817061417,300.1740088662021,1987.4446722130967,1.0189787019664296,49.7
4680000,-2677333.0125495605,300.40952406460804,1993.6217721558028,1.0158214665422152,49.7
4682000,-2678650.926898487,300.3451893491938,1992.3443856045847,1.0164727578998616,49.7
4684000,-2677738.8778312635,300.85152670843297,1994.4316459794702,1.0154089744836727,49.8
4686000,-2679318.1468492076,300.7650962739853,1991.914715639775,1.016692018197849,49.8
4688000,-2680173.6680035256,300.0369326281496,1990.701766521542,1.0173114960662708,49.8
4690000,-2676939.4659121167,300.3405852021449,1990.0290853215765,1.0176553736120613,49.8
4692000,-2679144.6961153075,300.33052266202964,1992.2377891544402,1.016527145176446,49.8
4694000,-2679767.094899783,300.462494860593,1991.0213684297826,1.0171481956112511,49.8
4696000,-2682138.2814821526,300.55437004338677,1993.810697453769,1.0157252114797402,49.8
4698000,-2676589.249203002,299.8312916476221,1997.587871642951,1.0138046095845417,49.8
4700000,-2679754.9184249863,299.5110296127911,1991.1773814471403,1.0170684998691362,49.8
4702000,-2679316.3243434727,300.2767497435009,1988.920943302166,1.0182223678330113,49.8
4704000,-2682072.896726571,300.6270282341824,1989.4706067102381,1.0179410469755978,49.8
4706000,-2680351.8447269797,301.18449662767057,1991.3522806680023,1.0169791713811949,49.8
4708000,-2680730.411404304,300.4004161258587,1992.3860732717067,1.0164514897437855,49.8
4710000,-2679074.8696527127,301.01956375916916,1994.0633840858607,1.0155964993310354,49.8
4712000,-2681185.6546747703,299.33709079233614,1990.8867231627166,1.0172169861601308,49.8
4714000,-2678130.975145392,301.4878612468689,1994.3537850165612,1.0154486167583254,49.8
4716000,-2677952.218722623,300.5210582101358,1990.3404831664645,1.0174961567881753,49.8
4718000,-2678278.521136496,299.4265835617034,1995.5068216610534,1.0148618738552133,49.8
4720000,-2680098.0689599384,300.4799585610619,1992.5419952519294,1.0163719495737624,49.8
4722000,-2678445.0341515467,299.7304553716595,1992.4853305509216,1.0164008543851313,49.8
4724000,-2680626.755895173,301.2952494621354,1989.2502539629636,1.0180538060946767,49.8
4726000,-2680337.510309728,299.2778722386912,1989.3511552496468,1.018002169691181,49.8
4728000,-2679967.942727348,300.00668917651524,1988.7248383743113,1.0183227730877407,49.8
4730000,-2681555.349386964,300.7636320881314,1993.2980453927828,1.0159864436744257,49.8
4732000,-2680939.5469310246,300.2583076770975,1989.6539296428136,1.017847255821699,49.8
4734000,-2678860.4623008687,300.07698934281603,1991.3272229738852,1.0169919684507605,49.8
4736000,-2679659.339607831,300.23627270522934,1996.0921280209388,1.014564289840511,49.8
4738000,-2679762.251581937,300.38556978176706,1992.4694428183177,1.0164089590539638,49.8
4740000,-2678177.9077801816,300.2666531913031,1989.3364518723056,1.0180096938432774,49.8
4742000,-2680720.585138049,300.21360444566307,1994.8048360130335,1.01521901078275,49.8
4744000,-2678988.4435651973,301.2432300405514,1996.3070840631253,1.014455044761921,49.8
4746000,-2682397.37619357,299.9323053663431,1991.9262026529882,1.016686155152004,49.8
4748000,-2681777.869803585,299.8255114062937,1992.5854894904505,1.0163497641647878,49.8
4750000,-2678450.067180531,300.64210218950416,1993.7467710750796,1.0157577791234627,49.8
4752000,-2677914.645381963,301.1212259995853,1993.9403910453025,1.0156591447852295,49.8
4754000,-2677995.729152089,299.78658394217865,1995.5207171770253,1.0148548070133327,49.8
4756000,-2681258.2206338346,299.48297257800414,1993.3928511360625,1.0159381233697253,49.8
4758000,-2678515.8341874704,300.38964702981394,1993.1977934287236,1.0160375447928256,49.8
4760000,-2683802.928927755,300.7506111387314,1992.5001906684988,1.0163932740414643,49.8
4762000,-2677948.600531414,300.47569361757473,1994.0710803889224,1.0155925795417537,49.8
4764000,-2676644.167624267,300.696400094546,1994.3151144855246,1.015468306694467,49.8
4766000,-2678859.3728178926,299.852930001558,1995.4377710872654,1.0148969923618991,49.8
4768000,-2677761.532005014,301.68424890892624,1993.9657685281913,1.0156462183483894,49.8
4770000,-2680813.341077635,299.60183261292235,1991.2891504730105,1.0170114128531964,49.8
4772000,-2680732.6125511676,300.40477565582074,1988.8397307628575,1.0182639460571352,49.8
4774000,-2681082.103647463,299.7658847219644,1992.407395925264,1.016440611726058,49.8
4776000,-2681537.52222088,300.7495210319639,1993.9982964418177,1.0156296502036097,49.8
4778000,-2680838.355203839,300.67947251870964,1992.0246973867859,1.016635885578369,49.8
4780000,-2679341.3394805044,300.3407251964809,1995.2337108325337,1.0150007897955848,49.8
4782000,-2678536.5014021825,300.32453379313085,1991.9761991923287,1.016660637382578,49.8
4784000,-2677347.871589996,299.0779425629685,1993.6098918237283,1.0158275200316167,49.8
4786000,-2679581.457757598,300.2028404108991,1993.8219591002098,1.015719474388642,49.8
4788000,-2675719.7750721537,300.0063756658031,1996.6080958480184,1.0143021039197233,49.8
4790000,-2677343.207384398,299.47654817143234,1992.9959362342247,1.0161404524227753,49.8
4792000,-2680102.1255959943,300.0915730984685,1992.6525468899724,1.0163155616279251,49.8
4794000,-2679202.218956316,300.2858498674795,1993.091355283639,1.0160918048001841,49.8
4796000,-2680680.1197508723,300.44416276417076,1993.3796258317914,1.01594486372697,49.8
4798000,-2678406.6433464102,299.95649953618505,1992.9109179366685,1.0161838013404643,49.8
4800000,-2678565.4507732634,300.2821093380859,1989.4695159837474,1.0179416050616894,49.8
4802000,-2676688.1753471084,298.93460178595535,1992.5832730521838,1.0163508946954614,49.8
4804000,-2677353.425780801,301.1420671053864,1995.1446258463025,1.0150461104857305,49.8
4806000,-2679646.5500930697,300.6914705794433,1994.9870070070854,1.0151263066920841,49.8
4808000,-2679841.375884665,300.04623182580985,1993.6679995605584,1.0157979125753043,49.8
4810000,-2678762.6757229157,298.87060806663965,1989.0403250343702,1.018161254366124,49.8
4812000,-2677664.0755259003,300.87150375393816,1994.0349131489943,1.0156110000720322,49.8
4814000,-2681233.0519842356,299.1029712026316,1992.0611048281194,1.0166173052691245,49.8
4816000,-2681885.7312464193,299.5845566369556,1990.9312837109387,1.0171942190526297,49.8
4818000,-2679399.44298655,299.84679019084706,1995.0649215152237,1.0150866623346342,49.8
4820000,-2679648.2960219495,300.0262785183566,1992.1772773424257,1.0165580218962122,49.8
4822000,-2679725.901374651,300.0033524658875,1992.9353274431564,1.0161713551036244,49.8
4824000,-2678569.800694762,299.11660063980486,1992.8332538942086,1.0162234037215165,49.8
4826000,-2678839.428707335,300.51783288528145,1993.2620806676582,1.0160047752694186,49.8
4828000,-2681464.487398358,301.95930002618934,1993.0330900075403,1.016121509710677,49.8
4830000,-2677825.478131393,300.3160436109976,1992.2549491267007,1.016518389480986,49.8
4832000,-2680037.622876035,300.09661413100554,1994.342251360521,1.0154544892885111,49.8
4834000,-2675158.575034337,300.72059375210176,1995.5759796555092,1.0148267031513358,49.8
4836000,-2679714.740040999,299.69574587036436,1995.0798301547784,1.0150790768932216,49.8
4838000,-2679735.0136344917,300.57992178854283,1989.173053088796,1.0180933173094795,49.8
4840000,-2677828.1181408595,301.43440621009546,1996.2689856873856,1.014474405424108,49.8
4842000,-2678275.6032828894,300.8684029017664,1994.5297383935108,1.0153590359364415,49.8
4844000,-2676118.1279765423,298.33906826144874,1995.141183068348,1.0150478620301335,49.8
4846000,-2681667.3282005712,300.6804435422036,1992.5674026449333,1.0163589897303327,49.8
4848000,-2678485.6569963023,300.2265542489102,1990.899458326231,1.017210479340013,49.8
4850000,-2677936.303374827,300.01196826130666,1991.381795648103,1.0169640983700468,49.8
4852000,-2678262.723160781,300.7246344090178,1992.1288189171125,1.016582749614878,49.8
4854000,-2680329.542319428,299.66354863350455,1993.7571316193107,1.0157525007456545,49.8
4856000,-2681198.3742088396,300.40386530838686,1991.890176707139,1.0167045432543196,49.8
4858000,-2680418.745534869,299.4404669484376,1990.7301116853823,1.017297010998273,49.8
4860000,-2679089.961114116,300.3361302904738,1989.989989627492,1.0176753666488996,49.8
4862000,-2679001.8309227284,301.14967829821285,1993.4469889180716,1.0159105326502513,49.8
4864000,-2682826.2761391867,299.7396659662585,1988.458709963856,1.018459061872403,49.8
4866000,-2681024.7706317715,299.6339891987205,1994.9042967502414,1.0151683946046184,49.8
4868000,-2677107.487777723,299.93676555399844,1995.2316409034117,1.015001842795974,49.8
4870000,-2677909.047508221,300.58921756107054,1991.325846222361,1.0169926715728765,49.8
4872000,-2678696.186140511,300.5274692146161,1992.9490988951977,1.0161643332709591,49.8
4874000,-2678085.3291221745,299.55700886186355,1994.052865337429,1.0156018566634661,49.8
4876000,-2681067.1579224896,300.6260941089713,1991.6236308193058,1.0168406123443587,49.8
4878000,-2677892.1282148547,300.8561353865569,1996.402038001499,1.0144067947100928,49.8
4880000,-2680195.1587750316,299.7838602559414,1990.144486342906,1.0175963635902856,49.8
4882000,-2680073.8165527303,300.69326595619134,1993.2374582219743,1.016017325967927,49.8
4884000,-2680697.452744048,301.09545836411877,1991.3887965179413,1.0169605231599745,49.8
4886000,-2682529.1960572284,299.5537373429024,1990.1016572755532,1.0176182633274347,49.8
4888000,-2680239.045639809,299.991522406634,1992.5348262251878,1.0163756064221094,49.8
4890000,-2676842.3993274607,299.6781434776869,1991.505871876645,1.0169007387427063,49.8
4892000,-2680518.993152309,300.60772788337545,1991.7708083385114,1.0167654751457782,49.8
4894000,-2680185.3914861754,300.2455458712227,1991.2529019583094,1.0170299263996745,49.8
4896000,-2677682.2063313704,301.0032049781978,1991.521592332134,1.0168927116427935,49.8
4898000,-2679996.746766994,300.83407578219317,1993.6220945073708,1.0158213022926097,49.8
4900000,-2681126.4292569254,300.39840487098866,1989.0326617825906,1.0181651770900666,49.8
4902000,-2681688.2508910596,299.912528111828,1990.6727873628638,1.0173263055474957,49.8
4904000,-2679297.097026948,300.48978018114656,1990.1045415011613,1.0176167885101104,49.8
4906000,-2680741.495199533,300.4636069760189,1992.0575529564726,1.016619117914636,49.8
4908000,-2677401.5890178625,300.75872125703165,1994.522663667692,1.0153626374933038,49.8
4910000,-2679732.721825149,299.82380205083723,1993.9296078734137,1.0156646374701743,49.8
4912000,-2679800.7479455117,301.00830853002935,1991.3098878355124,1.017000821767165,49.8
4914000,-2679925.391939761,300.1086754169751,1992.0780637047187,1.0166086506447185,49.8
4916000,-2678593.844831262,300.3216339681421,1992.0751210577396,1.0166101523553432,49.8
4918000,-2678017.580106102,300.0136793996535,1992.4967930348569,1.0163950072096148,49.8
4920000,-2677199.4445694406,300.4457871584444,1991.697233411223,1.0168030352953075,49.8
4922000,-2679872.8067559022,301.3830511696262,1987.6300476238878,1.018883667382056,49.8
4924000,-2679140.43548795,299.11081865280937,1993.721541045973,1.0157706332747596,49.8
4926000,-2681324.643184593,299.4156154462598,1992.3373138078578,1.016476365867585,49.8
4928000,-2682569.839270942,301.2947833632562,1990.6866910259369,1.0173192001791564,49.8
4930000,-2679457.6749724466,301.9957731756878,1995.4811912606583,1.0148749089648834,49.8
4932000,-2681581.529199403,300.01006819867644,1988.672814314258,1.0183494126056742,49.8
4934000,-2678396.1929748766,299.895817062403,1991.6522252850189,1.0168260134030092,49.8
4936000,-2680401.0217706766,299.6356869381579,1992.411245385583,1.0164386479006626,49.8
4938000,-2678814.6764335763,299.6006670438428,1990.7382551135643,1.017292849584723,49.8
4940000,-2680460.7757564895,300.49789230347676,1989.0464958456582,1.0181580956260068,49.8
4942000,-2679258.7125923056,299.57827550601655,1986.915216367256,1.01925023052794,49.8
4944000,-2681536.2395506166,301.4853565497163,1989.1577096824797,1.0181011703918967,49.8
4946000,-2680181.233236719,300.23790959509574,1992.1308564842632,1.0165817098460246,49.8
4948000,-2678222.280103799,299.78342047001723,1989.0779028024851,1.0181420192082318,49.8
4950000,-2677710.526462786,302.1666436223965,1996.7024287254599,1.0142541838918409,49.8
4952000,-2678277.4958186634,300.4644922385863,1991.9853888271032,1.0166559472176802,49.8
4954000,-2677606.02036516,299.8969681642001,1992.003683379391,1.01664661025433,49.8
4956000,-2676952.9243200384,301.4777527005318,1990.303538814685,1.0175150437243727,49.8
4958000,-2679790.997002937,300.74657348253277,1993.064416771262,1.0161055384263677,49.8
4960000,-2680024.579423804,299.76003078211335,1990.6343606863963,1.017345943744031,49.8
4962000,-2675598.329694586,299.5345351555834,1997.7055090339861,1.0137449104303113,49.8
4964000,-2679026.5942238104,299.6050177838676,1995.7470017009068,1.0147397393536455,49.8
4966000,-2681085.0737247486,300.74064059936444,1994.170676227349,1.0155418573063577,49.8
4968000,-2678925.3170267455,300.06601143667723,1994.390190569983,1.0154300807822465,49.8
4970000,-2679641.513271801,299.364975783403,1992.318401704992,1.016486014779915,49.8
4972000,-2679607.0532313343,299.6368113337681,1993.5985569904371,1.0158332956355123,49.8
4974000,-2679863.306793753,299.30246251133156,1987.506113781206,1.0189472013592693,49.8
4976000,-2679504.094173966,299.5970940236899,1995.1630831874802,1.015036720249649,49.8
4978000,-2677400.8033497483,299.1167812589338,1992.000440867869,1.0166482651175923,49.8
4980000,-2678358.6950044353,300.3794835954502,1992.18672564768,1.016553200686244,49.8
4982000,-2678242.273451047,300.30244897768983,1993.6371097499293,1.0158136515505685,49.8
4984000,-2677718.4372939207,299.48956018297764,1993.1477661657675,1.0160630469549277,49.8
4986000,-2677214.939755462,299.8108394737142,1994.3941199320955,1.0154280801784303,49.8
4988000,-2679133.0192311276,300.12481165956785,1992.4524493861068,1.0164176279066381,49.8
4990000,-2677464.911939349,300.14968389001933,1992.4199548655963,1.0164342047349202,49.8
4992000,-2677900.689141631,301.05102830438204,1995.8197630181592,1.0147027451312853,49.8
4994000,-2679119.762398362,300.0613250036897,1996.9409877641503,1.01413301881757,49.8
4996000,-2677375.2059234213,301.02897057725534,1993.4481817535664,1.0159099247517596,49.8
4998000,-2678426.5575003307,301.1487641082462,1996.0477052477358,1.0145868693406044,49.8
5000000,-2679809.438453246,300.87851892819873,1994.6976600853773,1.015273558918757,49.8
