#"Step","Potential Energy (kJ/mole)","Temperature (K)","Box Volume (nm^3)","Density (g/mL)","Speed (ns/day)"
2000,-2616828.733824175,301.14334021526,1989.0526258584553,1.0019471382228617,0
4000,-2623112.43611319,300.7943255592301,1972.7664338682566,1.0102187223176555,37.7
6000,-2624450.5232024714,301.31065131645073,1966.4711793298923,1.0134527305570125,37.6
8000,-2625966.549416568,299.4522545477457,1969.1752015540924,1.0120610825693477,37.7
10000,-2627515.9847105574,299.5500891303847,1965.9542950631471,1.0137191852619007,37.6
12000,-2627778.6575482916,300.59774192713144,1964.3218030051542,1.0145616584841821,37.7
14000,-2629586.710414676,300.7413923588144,1962.9749915079872,1.0152577566576904,37.7
16000,-2632244.4031804744,300.9056167645015,1964.0813141567055,1.0146858848912916,37.7
18000,-2631922.136540808,301.01924253138725,1959.7032202246678,1.0169527537057736,37.7
20000,-2631173.815816246,300.41093132765377,1960.2084751310033,1.016690628337559,37.7
22000,-2631094.8748431467,300.65284242810446,1961.1559006463983,1.0161994697090007,37.7
24000,-2627089.765539959,299.59043567417166,1961.9488458573867,1.0157887604774039,37.7
26000,-2629355.52713958,300.597181502624,1960.1656135629223,1.0167128595991841,37.7
28000,-2632841.496827442,301.1106100767792,1958.4252174038115,1.0176163830730651,37.7
30000,-2630043.4095363487,299.8779565854028,1960.6235264593518,1.0164754015027708,37.7
32000,-2627543.6967263147,299.97894948910664,1965.5870343963236,1.0139085939105315,37.7
34000,-2628755.2687022276,299.5656166290345,1962.9732497131538,1.0152586575210696,37.7
36000,-2631420.379684262,301.1210489481614,1964.8862045668398,1.0142702318442354,37.6
38000,-2631406.57755146,299.7393338883372,1960.908445471651,1.0163277081374371,37.6
40000,-2629731.1063595507,299.7146683901265,1960.9064376895114,1.0163287487605803,37.5
42000,-2628544.5795428157,300.3800587525351,1958.4992932574542,1.017577894010283,37.5
44000,-2632069.1525514442,299.9073433066787,1958.4870145078933,1.0175842737227991,37.5
46000,-2632015.919431273,301.1631793892972,1962.8036008789336,1.015346408250487,37.5
48000,-2627976.6682983767,300.05051363545397,1961.3182945913647,1.016115330055986,37.5
50000,-2630182.977757808,300.29749904604836,1958.419806550164,1.0176191946118882,37.4
52000,-2630682.549029628,300.4304841057426,1956.545086608528,1.0185942557081993,37.4
54000,-2632267.406964965,300.5584387563743,1959.7666648481927,1.0169198313248804,37.4
56000,-2628340.369717112,300.89270460113636,1963.9061945109695,1.014776363465672,37.4
58000,-2630831.1654655077,300.63132181686905,1960.7439598622796,1.0164129672461306,37.4
60000,-2630183.302320596,300.1388014716437,1962.6259757261923,1.015438300981492,37.4
62000,-2631113.599659482,301.1979729671461,1964.264982422428,1.0145910068588477,37.4
64000,-2630498.238747213,299.427360762687,1959.5058708810964,1.017055174913778,37.4
66000,-2632166.9048675783,299.47172082859174,1960.3602042118785,1.0166119379345195,37.4
68000,-2631287.8598066755,299.35207602481125,1959.1964140289138,1.0172158197019527,37.3
70000,-2633619.772592323,299.5571428392185,1961.325020485972,1.0161118455317244,37.3
72000,-2632439.284648139,301.0466737673833,1961.5017518676514,1.0160202938161926,37.3
74000,-2632116.4694948774,299.75477709395534,1960.535894508104,1.0165208358776672,37.3
76000,-2628988.733867716,300.96586281898664,1961.8429074969943,1.0158436124716073,37.2
78000,-2630721.6474351753,300.6129620508528,1958.6029285911543,1.0175240510270667,37.2
80000,-2629697.810622694,300.183127103437,1958.836937768541,1.017402494218758,37.1
82000,-2635035.856406048,300.4372533266947,1957.3623624182028,1.0181689525241553,37.1
84000,-2634400.1443551388,299.75753679878244,1959.8612873890859,1.01687073420819,37.1
86000,-2632615.7213984895,299.6058271763962,1961.0543163366874,1.0162521097204473,37
88000,-2629734.2777191475,300.41313394047637,1959.6686736097947,1.0169706813665051,37
90000,-2631068.1433266196,299.52487111361245,1956.412342629791,1.0186633680580222,37
92000,-2632250.386797074,300.727623060867,1961.2838136047478,1.0161331942013248,36.9
94000,-2631039.6314786095,300.65061490477586,1962.8165451969653,1.0153397122773697,36.9
96000,-2631621.1517648455,300.4020256260916,1958.8990772753389,1.0173702205350657,36.8
98000,-2631224.2582874876,300.74119252563247,1960.4063005163625,1.0165880336788449,36.8
100000,-2632632.515255606,300.03858572830626,1957.6323091527554,1.01802855262236,36.8
102000,-2630939.8450788073,300.12136944600684,1960.9617001401955,1.0163001072948377,36.7
104000,-2629306.306740433,300.02645559839084,1963.954007858288,1.014751658276791,36.7
106000,-2628402.7146567553,300.8617493145914,1961.8899034124063,1.0158192785370677,36.7
108000,-2630418.8234020583,301.96664708294077,1963.6316460206615,1.0149182461447142,36.6
110000,-2628218.621537473,300.72857024468266,1960.7102016720323,1.0164304671613598,36.6
112000,-2630821.316167474,299.17474259170075,1959.3194575282735,1.0171519394635469,36.6
114000,-2632093.6906240974,300.02536284207815,1957.8274670146584,1.017927074693874,36.6
116000,-2632704.554404203,299.62710387163344,1958.3606916984204,1.0176499123484501,36.5
118000,-2627263.0413617175,301.1700107819744,1963.7642153682414,1.0148497312748102,36.5
120000,-2629109.1563813277,299.7346309263721,1962.0810345697976,1.0157203250733797,36.5
122000,-2630518.250941219,300.3979613229415,1962.5265459819702,1.0154897473024331,36.4
124000,-2632321.412819704,299.2986708900652,1959.0220824321168,1.0173063408143619,36.4
126000,-2631446.8586414754,301.41429857505227,1960.9346467405314,1.016314128350066,36.4
128000,-2633635.5584812444,301.65030778552733,1963.2951277427078,1.0150922080395053,36.4
130000,-2632982.5198811516,300.6668019656148,1959.6282747856164,1.0169916467813642,36.4
132000,-2632708.3172310535,300.47176922427906,1959.2135770256587,1.0172069087429807,36.4
134000,-2631024.430649733,300.14966697882045,1964.0747296688144,1.0146892865881934,36.4
136000,-2631847.4852864463,300.2945826741528,1964.1427800547772,1.0146541313040225,36.4
138000,-2632318.852676481,300.20904940929324,1958.9160375121428,1.0173614121739478,36.4
140000,-2632470.3100497443,299.22933752210156,1958.74679185624,1.0174493173591457,36.4
142000,-2630371.4558390193,300.3189587859757,1962.161650207726,1.01567859408656,36.4
144000,-2630479.3723167554,299.3019351366746,1959.065054320763,1.0172840263053566,36.4
146000,-2633408.2687178478,300.63377890824984,1957.1504386889435,1.0182792016686102,36.4
148000,-2632386.432333812,300.9755039531767,1960.4154839081727,1.0165832715627021,36.4
150000,-2631701.8204041254,301.26107887939156,1959.181024883396,1.0172238098172477,36.4
152000,-2631913.6307186615,299.2417079212729,1959.1065318569365,1.0172624887144632,36.4
154000,-2630964.1052513234,300.4489879591945,1962.5845271266617,1.0154597464249389,36.4
156000,-2632451.3153741397,300.4360784443523,1963.8739183395635,1.0147930412653716,36.4
158000,-2631033.2180520035,299.9010486365811,1959.5399105317997,1.017037507397687,36.4
160000,-2629131.352401944,300.3779514547422,1956.7277243852923,1.018499181780453,36.4
162000,-2634271.6676285174,300.9574896475878,1958.1904160295242,1.0177384027312593,36.4
164000,-2628992.7572166678,300.0483915184549,1963.1622198550535,1.0151609307154923,36.4
166000,-2631132.288508566,300.999421551794,1959.32603900795,1.0171485227964459,36.4
168000,-2632251.8692480996,300.1000336767521,1961.9413721206354,1.0157926299802844,36.4
170000,-2631083.6747276857,300.4755675385224,1966.2206481614598,1.0135818622986483,36.4
172000,-2631598.4240527116,299.8781548522418,1961.2388585673489,1.0161564857578569,36.4
174000,-2630942.306956589,298.9466336251069,1960.189610776431,1.016700412703519,36.4
176000,-2630476.961263111,300.66016207218166,1961.5498438141276,1.0159953837208704,36.4
178000,-2631730.316413196,301.8276111437063,1960.546116731333,1.016515535771328,36.4
180000,-2630562.811047772,300.60304498551756,1961.440583633378,1.0160519787766638,36.4
182000,-2630907.9431032334,299.84322805805135,1961.0883774445103,1.0162344589745234,36.4
184000,-2634389.6692724004,300.55393929856757,1961.3407629173887,1.0161036898499871,36.4
186000,-2630606.566524051,301.07876769952696,1961.9744240497291,1.0157755176746555,36.4
188000,-2629496.6425575484,299.6432721383637,1962.8017409407933,1.0153473703861278,36.4
190000,-2632543.8989901766,300.3690447440467,1958.2798688094347,1.0176919131917423,36.4
192000,-2629753.881846817,299.4418787440925,1960.4980951358466,1.016540434901802,36.4
194000,-2634067.3348068967,300.7108124877598,1955.294311240824,1.0192458366990507,36.5
196000,-2633697.3835541215,299.4801373202551,1958.5314433964318,1.0175611900299495,36.5
198000,-2631026.137142027,300.2477343688472,1958.7338894412014,1.0174560194198206,36.5
200000,-2630602.1593691967,299.3807580549026,1961.9435929231004,1.015791480163957,36.5
202000,-2630915.442895772,300.2372063632543,1960.2093476398513,1.0166901757983593,36.5
204000,-2630813.3006458115,300.6561239583288,1961.8363004560692,1.015847033613483,36.5
206000,-2632429.7782288436,301.69689262133255,1959.2575169781028,1.0171840960076415,36.5
208000,-2630661.580521105,299.8516355948736,1961.7460004884704,1.0158937934662866,36.5
210000,-2631402.6170778684,300.0393794025261,1960.54553977774,1.0165158349137242,36.5
212000,-2629604.0520168897,301.03733102815926,1964.267487570704,1.0145897128900132,36.5
214000,-2633366.0035126656,299.88183012496154,1966.7350901301854,1.013316738108145,36.5
216000,-2632819.5951283053,300.5479330091419,1962.072505597764,1.0157247403282808,36.5
218000,-2630608.320436865,300.49789193030904,1960.584755235505,1.0164955026461777,36.5
220000,-2632392.448082244,300.38330059561935,1961.0102681030696,1.0162749367862058,36.5
222000,-2628928.6981218103,301.3045943757169,1961.9817561071677,1.0157717216534046,36.5
224000,-2632063.8229376227,300.3461256787078,1959.8519469648306,1.016875580494709,36.5
226000,-2633804.30993231,301.35563027725755,1955.7003958894409,1.0190341989204217,36.5
228000,-2632830.583947208,299.4632009704709,1961.4239989163716,1.0160605699504952,36.5
230000,-2630760.0126261283,300.4026143675168,1960.8885877137657,1.0163380004047728,36.5
232000,-2630925.012497101,300.06109649074716,1962.3043238372288,1.0156047469520122,36.5
234000,-2633193.395257475,299.42382715679804,1960.0620394878135,1.0167665849874434,36.5
236000,-2629045.8437395133,300.8711456949166,1960.8417307617935,1.016362287169036,36.5
238000,-2632731.921390338,300.36353650085266,1960.335095141042,1.0166249592701195,36.5
240000,-2629758.264113037,300.2807815377165,1963.3114435447342,1.0150837722696435,36.5
242000,-2632654.9382725228,300.4154055342763,1959.919979181523,1.0168402829822716,36.5
244000,-2631185.6700637527,299.5225220406802,1960.7860877465525,1.016391129408681,36.5
246000,-2632405.9569899105,299.612386775502,1957.2309243880393,1.0182373277576682,36.5
248000,-2632211.355022216,300.5793714863116,1959.647408755702,1.016981716889048,36.5
250000,-2631467.807562204,301.85682879509886,1959.3421487339238,1.0171401597935943,36.5
252000,-2634524.5022359844,300.2969344336031,1957.9450335321872,1.0178659523746971,36.5
254000,-2632869.7095871214,300.5214403823707,1958.1413289736677,1.017763915589337,36.5
256000,-2632977.065701179,300.64998520174447,1959.7044887895963,1.016952095407237,36.5
258000,-2630862.3777228054,300.60702793101666,1960.7128286483203,1.0164291053409562,36.5
260000,-2633539.3106832486,301.2013385427295,1958.465364537401,1.0175955226679674,36.5
262000,-2632446.843483977,298.8462265938957,1954.4285785401826,1.019697321322491,36.5
264000,-2632235.913053913,300.2954103957819,1957.5482129587901,1.0180722870887995,36.5
266000,-2632158.191994205,300.9913726850266,1962.481908095345,1.0155128452561122,36.5
268000,-2631814.0833997913,300.0631083652383,1959.7897406292993,1.0169078574794501,36.5
270000,-2630947.6156338938,300.49187720887943,1962.031259550595,1.0157460930107858,36.5
272000,-2631019.8049961533,301.2581972621694,1960.019900953366,1.0167884444868014,36.5
274000,-2633713.692324871,300.9056018782113,1959.3359125013544,1.0171433971775223,36.5
276000,-2634212.297099691,299.7311837251796,1957.7982549608953,1.017942263051692,36.5
278000,-2631289.7609640565,301.0379447317427,1964.1221438586626,1.0146647918434941,36.5
280000,-2634019.6447544303,301.79984311113185,1960.026452189997,1.0167850459501664,36.5
282000,-2629429.897819152,301.08162510519423,1960.760922822002,1.0164041740413987,36.5
284000,-2634070.1671200152,299.9358984302515,1958.9228666968727,1.017357865454912,36.6
286000,-2632691.732918177,299.6543641305082,1960.2508172558312,1.016668667453208,36.5
288000,-2632061.071997272,299.6558715239197,1960.828385296316,1.0163692045657433,36.5
290000,-2628101.116664458,299.4157534057511,1965.1271601782519,1.0141458663025016,36.5
292000,-2631912.89542876,300.18586452273195,1960.032293465264,1.0167820157341028,36.5
294000,-2630807.808907995,300.524607840769,1960.6745339535228,1.0164489576120488,36.5
296000,-2631910.1273651216,300.6212070454898,1959.5632086092498,1.017025415407741,36.5
298000,-2633441.6544325035,300.542156545534,1959.0423584390066,1.0172958117360666,36.6
300000,-2634276.897259902,298.90332988425735,1959.9428603897925,1.0168284119554363,36.5
302000,-2633788.6855917256,300.05961643328567,1960.5981487517302,1.016488558617889,36.5
304000,-2631557.2016859446,300.34887968923135,1958.3703613387625,1.0176448876049997,36.5
306000,-2634764.685226828,300.22607451412136,1957.8140532418054,1.01793404892237,36.5
308000,-2634203.735699553,300.50697193070147,1962.3107940119721,1.0156013982774785,36.5
310000,-2633271.9493892565,300.51106429437147,1958.6543882888916,1.0174973176327429,36.5
312000,-2631117.5302175637,300.3782038001246,1962.3147281400857,1.0155993621586257,36.5
314000,-2633637.648793593,300.97380574670456,1961.9047086628595,1.0158116127932793,36.6
316000,-2631177.164802607,301.28295429255996,1955.3342521359777,1.0192250169384114,36.6
318000,-2633882.2575236037,299.0787544395681,1962.7043291049445,1.0153977635349616,36.6
320000,-2630974.4352145344,299.1110580561093,1959.5983746823606,1.017007164326001,36.5
322000,-2632509.1751832105,300.1013324464889,1955.840355992558,1.0189612767460101,36.5
324000,-2634005.4085259475,301.4647732818571,1959.3695628581054,1.0171259286821293,36.5
326000,-2635465.7368663233,301.59513987569073,1958.7341687790001,1.0174558743190054,36.5
328000,-2630377.3912974764,300.12754951123674,1959.8855243309838,1.0168581590671435,36.5
330000,-2632152.4399986193,300.38396556342235,1959.0025130225454,1.017316503172149,36.5
332000,-2634114.136397211,301.4142356580103,1957.64001007947,1.0180245479211703,36.5
334000,-2632110.891875334,300.7631689626893,1953.2860306017876,1.020293779318919,36.5
336000,-2634261.6982493736,301.2224176932606,1958.0457635206699,1.0178135891319322,36.5
338000,-2631211.4308675956,301.3259093184286,1961.6413957450573,1.0159479661146773,36.5
340000,-2631257.3111419696,299.5265763351901,1962.4947184410257,1.0155062164124935,36.5
342000,-2633952.623873757,300.8932670539936,1963.539228489885,1.014966015110512,36.5
344000,-2634787.9482920896,299.8339430262523,1960.359540249183,1.0166122822552364,36.5
346000,-2631977.4209957756,300.12518098686826,1960.1282653335838,1.0167322320176748,36.5
348000,-2631413.334868517,300.4907502888203,1957.0088458984058,1.018352875834168,36.5
350000,-2631915.0725373477,299.85785125862526,1959.5287724194595,1.017043288317146,36.5
352000,-2631396.5117250886,300.2187464914625,1959.8814655785156,1.0168602648963152,36.5
354000,-2632671.7609169725,300.2917450953762,1957.8239116786576,1.0179289232118909,36.5
356000,-2630792.8075478077,300.46575619607677,1960.8734176657345,1.016345863174569,36.5
358000,-2631535.0108758975,299.6487279035842,1965.7505828896676,1.0138242377239604,36.5
360000,-2631374.78296135,301.75909289806077,1961.488912807055,1.0160269442469112,36.5
362000,-2632317.959912181,299.67553192470683,1960.224592933927,1.0166822686734465,36.5
364000,-2632839.168496562,301.36172698972945,1960.1084346170478,1.016742518453022,36.5
366000,-2635689.551333163,301.9407755194765,1959.864742354225,1.0168689416084957,36.5
368000,-2631607.421128694,300.6864955095332,1961.2702509004152,1.016140221032058,36.5
370000,-2632745.7606315594,299.6624058743499,1957.6128514322452,1.018038671331498,36.5
372000,-2631746.52208581,301.0395241459084,1960.2484231667509,1.0166699091301945,36.5
374000,-2630858.325613234,299.686009016123,1959.5116703960057,1.017052164762453,36.5
376000,-2629193.395714635,300.3690744210714,1963.1363081292423,1.0151743299744138,36.5
378000,-2630332.1326232348,300.18626757283204,1962.3658375459795,1.0155729110866425,36.5
380000,-2631496.8120091856,299.62969315377654,1962.2920063355166,1.0156111220038233,36.5
382000,-2631003.285137022,301.0972923382796,1962.329468099807,1.015591733524426,36.5
384000,-2633176.6193582173,300.3099705221874,1961.5614689079848,1.0159893624761214,36.5
386000,-2630340.347519636,299.83944324798694,1962.3235281794957,1.0155948077035202,36.5
388000,-2632072.2011243366,299.6833853758271,1961.2585392550623,1.0161462889081996,36.5
390000,-2633300.3889572863,301.34896698482765,1960.2996014280147,1.0166433665556869,36.5
392000,-2631868.407134697,300.66592140159344,1958.9730705008637,1.0173317930011174,36.5
394000,-2631907.0603298694,300.02333322297136,1960.8004188406292,1.0163837008112806,36.5
396000,-2631705.5617820956,300.4017080684419,1964.4200231720422,1.0145109308321327,36.5
398000,-2632587.1337774154,301.0285729813351,1961.5676058726765,1.0159861838495852,36.5
400000,-2631980.5328488834,301.06225486517957,1960.0541794215292,1.0167706623506296,36.5
402000,-2630852.5049946867,299.08745155408786,1964.1564814796823,1.0146470533509595,36.5
404000,-2630293.421941653,299.4066735888605,1963.7108588105975,1.0148773060513834,36.5
406000,-2629346.7938671615,300.74780840423057,1962.4997372029272,1.015503619426714,36.5
408000,-2633440.092196215,301.23133709345547,1961.2239540024382,1.0161642081652194,36.5
410000,-2629912.1150419544,300.1179898161996,1961.7324025472017,1.0159008352341246,36.5
412000,-2634653.78973883,300.5862745792395,1959.8272839639326,1.01688837713427,36.5
414000,-2633120.61416531,300.5561381046761,1962.0719853325722,1.0157250096589834,36.5
416000,-2630489.425614368,300.6042404593885,1960.5390067993576,1.0165192221842414,36.5
418000,-2630556.435703257,300.7108146121702,1960.5398496315124,1.0165187851846633,36.5
420000,-2631113.100164905,299.89348492838076,1962.354105792275,1.0155789825959722,36.5
422000,-2633984.6317017414,300.0693033318873,1959.6730588624878,1.0169684056433177,36.5
424000,-2634344.2065014094,300.6083539593454,1959.6902016463869,1.0169595095077981,36.5
426000,-2630477.6870238,300.9935972839089,1963.9758782453548,1.0147403582339602,36.5
428000,-2628890.729745554,299.9289351629943,1962.632280578292,1.015435038939811,36.5
430000,-2632777.429344274,300.89742518570114,1958.5304212584383,1.017561721085246,36.5
432000,-2628882.8676442765,301.0197097924294,1963.7656901024561,1.0148489691504745,36.5
434000,-2633813.3933930714,300.11281219500995,1957.847685100224,1.0179165628768145,36.5
436000,-2633324.966453979,299.5860247352159,1961.4026172931553,1.01607164622014,36.5
438000,-2633346.539431926,300.5789467754337,1961.8427738466366,1.0158436816758596,36.5
440000,-2632973.476398725,299.75390654172963,1962.1644717893516,1.0156771335463761,36.5
442000,-2631584.733574167,299.2062590721981,1963.2361938958659,1.015122679813052,36.5
444000,-2632077.6782237105,300.7295238193819,1965.1942245966823,1.0141112574572912,36.5
446000,-2632490.830382455,300.81104100970435,1961.211471180892,1.0161706759004219,36.5
448000,-2631403.4744613077,300.37413965611233,1963.0121960341892,1.0152385147070364,36.5
450000,-2633826.5114092845,300.5326642092948,1958.9144727239611,1.0173622248460357,36.5
452000,-2629140.34027916,301.72716749516195,1964.9471872994843,1.0142387536595912,36.5
454000,-2632391.4084587228,300.27822289970123,1961.1841041315656,1.0161848559016533,36.5
456000,-2634372.331860548,300.9219687453399,1958.0242877802343,1.0178247525789788,36.5
458000,-2633319.6624052525,300.0176181566808,1958.3798886515413,1.0176399368693443,36.5
460000,-2632682.3138743322,301.2910382372299,1957.7340346488952,1.0179756550081964,36.5
462000,-2631605.604477804,300.6862520291762,1965.7745203840045,1.0138118922531563,36.5
464000,-2629712.9069545344,300.23597429662664,1961.4807324349201,1.0160311815959533,36.5
466000,-2632808.2893115524,300.55598628182895,1962.0667215221576,1.0157277346345543,36.5
468000,-2634925.0540260356,300.02888250236515,1958.9685555437934,1.0173341377091827,36.5
470000,-2635851.7833294366,299.68559245649624,1959.4681997571652,1.0170747279800352,36.5
472000,-2629694.8236799333,300.35318406668637,1959.9706973825985,1.0168139701858596,36.5
474000,-2634495.6766140927,299.7865258543037,1960.6316317874139,1.0164711993535944,36.5
476000,-2632448.274563646,299.5892127694843,1960.4466361824013,1.016567117651513,36.5
478000,-2631477.734970875,299.8328005205448,1962.0249757983083,1.0157493461278018,36.5
480000,-2634216.734374292,300.1108218896163,1956.697048121821,1.0185151493771107,36.5
482000,-2635040.3031752426,299.36797581272594,1959.170579048994,1.0172292334141417,36.5
484000,-2633104.0849584322,301.40848021280163,1961.4297971884498,1.0160575663275049,36.5
486000,-2631166.8148574065,300.04545336807894,1963.1057194087055,1.0151901482177048,36.5
488000,-2630961.343975574,299.4528696325441,1959.449472326677,1.0170844486676762,36.5
490000,-2634178.8657882623,299.7593275810978,1959.3950695498331,1.0171126881070587,36.5
492000,-2632562.6186620463,299.7207576114029,1958.1753086820456,1.0177462545960152,36.5
494000,-2633262.9845916815,299.44142555705,1956.3819255999906,1.0186792058214043,36.5
496000,-2632287.38997934,298.90266418558423,1961.9656069610169,1.01578008257774,36.5
498000,-2632048.502190491,299.62887049423614,1961.7567496288495,1.0158882270345675,36.5
500000,-2633553.0171120986,300.3375139267919,1959.6690986816131,1.0169704607753973,36.5
502000,-2629811.1926313173,300.4776301906403,1954.9136812815768,1.0194442881728936,36.5
504000,-2634837.7863132805,300.17184700048716,1963.3855864417549,1.015045439884953,36.5
506000,-2633164.1525692586,299.7723662640793,1960.2214300370679,1.0166839091315625,36.5
508000,-2634322.1508615073,299.9351537107712,1957.623584081166,1.01803308994612,36.5
510000,-2628645.450104652,300.9809550106618,1960.8219633714555,1.0163725332956253,36.5
512000,-2632648.0077623315,299.8308768487874,1959.741823936771,1.0169327213980242,36.5
514000,-2631080.867675891,299.75657665943277,1960.0781248317933,1.016758240911736,36.5
516000,-2631876.7846686244,301.02248433714783,1960.070545949175,1.0167621723474563,36.5
518000,-2633796.076181095,299.7699990449337,1959.3856483602608,1.0171175786253999,36.5
520000,-2630208.5863587484,300.0855691464299,1958.9197050880446,1.0173595074250248,36.5
522000,-2633765.5916083492,300.2868260318129,1961.2121413718246,1.0161703286517185,36.5
524000,-2633164.889379399,300.9024597136854,1956.5159887435996,1.0186094045330698,36.4
526000,-2629827.183504265,299.94900134497885,1959.4180367969518,1.0171007660577478,36.4
528000,-2632610.3987983093,300.8472901854338,1958.6751340076087,1.0174865405963776,36.4
530000,-2633764.10089436,300.30956836125733,1961.654775595831,1.0159410366425043,36.4
532000,-2631581.779278945,299.4950238310101,1964.3843920970903,1.0145293325844378,36.4
534000,-2627490.7613555845,300.71739681231765,1965.5723623344188,1.0139161622554782,36.4
536000,-2632386.3483559005,300.3462517114885,1960.3390769004438,1.0166228943436804,36.4
538000,-2631054.7778533697,300.7773405964736,1961.8004736869182,1.0158655852030327,36.4
540000,-2631134.531011615,300.31827079530353,1959.3735091277658,1.0171238801430558,36.4
542000,-2634104.3520934954,300.65730953711113,1960.3396971481566,1.0166225726861504,36.4
544000,-2633319.7111298386,300.1659209907689,1963.432852503714,1.015021004518808,36.4
546000,-2630040.81021324,299.00416551496477,1961.761004732241,1.0158860235503357,36.4
548000,-2630385.889063852,300.7883194812219,1956.9484815223882,1.0183842881255472,36.4
550000,-2633445.597230699,300.1641238968947,1954.8749067840185,1.0194645086176521,36.4
552000,-2631965.1317294743,299.76853868463735,1960.981106201534,1.0162900498893082,36.4
554000,-2630978.6460400764,301.01127280452783,1956.3195529884974,1.0187116839931036,36.4
556000,-2634262.2689467687,300.66975327248525,1958.4823872431361,1.017586677947559,36.4
558000,-2633425.3429861143,299.8524315707083,1957.5932360747847,1.0180488722210796,36.4
560000,-2633282.6901644096,300.3944610958982,1957.3342404539228,1.018183581048156,36.4
562000,-2632751.8293662947,300.42735568666194,1961.559229283748,1.0159905224892205,36.4
564000,-2631529.856096916,298.61665730254884,1961.9910222994095,1.0157669243144059,36.4
566000,-2633902.02206479,300.97623043653635,1960.5159974444314,1.0165311524370946,36.4
568000,-2631367.4788767993,300.4840968397044,1961.6150271056388,1.0159616228032815,36.4
570000,-2631610.126832394,299.55768655370827,1960.3870663335733,1.0165980078520054,36.4
572000,-2633161.6150988657,301.0229867935768,1959.8479098587,1.0168776751647186,36.4
574000,-2631958.0460564774,300.59366246213426,1961.919180477262,1.0158041198051508,36.4
576000,-2632029.5852678567,301.40030254935914,1957.3667556842684,1.0181666672666303,36.4
578000,-2631818.4862699416,300.1386490956321,1957.9545753605853,1.0178609919418187,36.4
580000,-2634670.934890466,300.74130752339926,1957.3528235725662,1.0181739144075488,36.4
582000,-2632913.6784490664,300.38175745547915,1956.957912956801,1.0183793800871286,36.4
584000,-2632350.7779956535,299.91094349720294,1960.507958366038,1.016535320731127,36.4
586000,-2632698.887158526,300.53318011860046,1959.0485470190863,1.0172925981267842,36.4
588000,-2635818.2984011825,300.36673436189255,1953.3284918359132,1.0202716002879875,36.4
590000,-2632664.738118075,301.0540285148605,1961.5743263581398,1.0159827030126434,36.4
592000,-2633986.8841870334,301.16563511123286,1959.815292501977,1.0168945991381162,36.4
594000,-2631862.6149322,300.35007122902,1957.5341730559621,1.0180795889465037,36.4
596000,-2632207.5357289203,300.2354024740245,1957.473865221473,1.018110954972093,36.4
598000,-2632506.051924305,299.62624655078787,1960.4793394353082,1.0165501600376903,36.4
600000,-2633220.9317117874,301.3208550273666,1959.1534132445602,1.0172381462220754,36.4
602000,-2632100.646511404,300.5004337706387,1960.2354312089187,1.0166766473680502,36.4
604000,-2633254.72786076,300.24409476359943,1963.5018747765662,1.0149853238517177,36.4
606000,-2630282.123158777,300.5178449473897,1959.7100093508468,1.0169492306230064,36.4
608000,-2631451.467393419,301.7197044830066,1960.631370388664,1.0164713348733587,36.4
610000,-2631384.5365146995,299.27580693241424,1963.0885806258502,1.015199011354946,36.4
612000,-2633770.562745571,300.2024049953569,1960.1352275684362,1.0167286206706199,36.4
614000,-2635101.2010008115,300.03520324529114,1959.2906406987343,1.017166899517684,36.4
616000,-2631401.383968124,301.27692319422374,1958.557493972714,1.0175476555508831,36.4
618000,-2633029.89497626,302.4740714652113,1957.3316134663573,1.0181849475798102,36.4
620000,-2632495.298237046,300.59135039466815,1958.3117860922996,1.0176753264761371,36.4
622000,-2635085.5607829783,299.6979168788128,1956.3502416336364,1.0186957037863371,36.4
624000,-2632482.4257690385,300.206283386633,1959.313483517814,1.0171550407928525,36.4
626000,-2632866.0242178477,300.83353634232265,1961.3390571009427,1.0161045735760208,36.4
628000,-2630538.44856376,300.76415880232184,1962.468988495404,1.0155195307221108,36.4
630000,-2631215.1671090648,300.24853935071224,1959.253030908252,1.0171864250375493,36.4
632000,-2633879.8784691524,300.1383218015496,1960.8792739636463,1.0163428277892521,36.4
634000,-2632049.679246366,300.7267766893867,1959.9629559637865,1.0168179863754376,36.4
636000,-2636803.727317428,300.75465811932196,1960.455017708702,1.0165627715257635,36.4
638000,-2634379.8724524677,300.04841614284004,1960.0001267458538,1.0167987027441472,36.4
640000,-2633377.3354868554,302.16290678949787,1961.0833493232826,1.01623706454968,36.4
642000,-2630086.9023169335,299.9350860806915,1961.4147712474655,1.0160653501074846,36.4
644000,-2630177.8194862977,300.19546009394855,1960.6312896346628,1.016471376739531,36.4
646000,-2632235.0877679605,298.39053325362016,1958.810253355373,1.017416354054578,36.4
648000,-2630495.7707087547,300.42123477438525,1960.7612441870856,1.0164040074546645,36.4
650000,-2629699.412674481,299.67137061917845,1959.8252209565458,1.0168894475604549,36.4
652000,-2630651.774965128,299.6277814942769,1965.4937702314635,1.013956704639595,36.4
654000,-2631533.5872228425,299.576215383506,1960.6416737557295,1.0164659932153624,36.4
656000,-2631932.030648526,300.86275178065824,1961.1964341010794,1.016178467185013,36.4
658000,-2632329.5615563635,300.6525836328654,1961.3547946627564,1.0160964205337566,36.4
660000,-2632868.122526802,299.80994981066135,1958.7349231996361,1.0174554824386655,36.4
662000,-2632503.1902368404,301.14696554604467,1959.928000858946,1.0168361212147285,36.4
664000,-2632919.9192059375,299.1573857740034,1961.7193831539955,1.015907577489182,36.4
666000,-2632838.765007781,300.4104241792926,1957.571869222851,1.0180599842011073,36.4
668000,-2631515.150445739,300.92367056808905,1962.7910001711216,1.0153529265621246,36.4
670000,-2631840.761575481,300.85095397274307,1960.3070986075495,1.0166394784108919,36.4
672000,-2631303.1274956055,300.35242719659016,1959.3837852783508,1.0171185457526037,36.4
674000,-2627353.7860949226,301.01019352653964,1964.2866359123652,1.0145798224238698,36.4
676000,-2629632.6548877954,301.1190393136633,1962.8523149712614,1.0153212093711321,36.4
678000,-2634018.4682237096,299.0136869583502,1959.0136606679334,1.0173107141958633,36.4
680000,-2633354.3138455506,298.9830688230241,1961.5175421182014,1.0160121148350423,36.4
682000,-2635114.1165905483,299.5332740113907,1956.1819131548818,1.0187833620439763,36.4
684000,-2633371.796425933,300.5523053674265,1960.6776240815175,1.0164473556366194,36.4
686000,-2632700.0310829803,301.1326378857587,1959.0147936024466,1.0173101258662485,36.4
688000,-2632967.946177665,301.8838657209643,1960.443108068505,1.0165689471178,36.4
690000,-2631920.0149997696,301.9929749572262,1957.8126169617847,1.0179347956937028,36.4
692000,-2635478.136643516,300.3139634169981,1957.8392208327866,1.0179209636048852,36.4
694000,-2632989.983209001,298.69543179242794,1961.2012808869708,1.0161759558673291,36.4
696000,-2633944.2666790336,301.3976799021428,1958.8400542656261,1.0174008755404487,36.4
698000,-2633318.450102171,300.5015085821184,1960.0334843903127,1.016781397932835,36.4
700000,-2634898.4205456246,298.59565712038307,1957.8103516887556,1.0179359734892108,36.4
702000,-2634528.896937296,300.64155864213797,1958.861814719082,1.0173895735158585,36.4
704000,-2632000.542337464,301.0349878279634,1960.8971508197467,1.016333562125077,36.4
706000,-2632830.649914451,301.25159308529703,1958.981292983616,1.0173275229281202,36.4
708000,-2634428.989257466,300.9679080564308,1954.5731953884404,1.0196218749728048,36.4
710000,-2631932.3560537267,299.9516468149608,1961.2873073149958,1.0161313841274306,36.4
712000,-2631028.586564189,300.57220355543706,1961.3593169440394,1.0160940777331362,36.4
714000,-2632315.720302798,300.2358366788864,1961.1806335294314,1.0161866541925753,36.4
716000,-2633751.512493858,299.5905819837129,1959.619892115372,1.016995997168728,36.4
718000,-2633797.785554666,301.03355279491353,1957.8462656760287,1.0179173008588631,36.4
720000,-2632474.1053490564,301.06526129566254,1959.210157267834,1.0172086842550525,36.4
722000,-2631611.3230485544,300.547266744762,1957.8773437055215,1.017901143123549,36.4
724000,-2630649.10004431,300.0960563836579,1956.1252169408951,1.0188128903988076,36.4
726000,-2632801.2252274808,300.29343365750543,1957.0598475555519,1.0183263372056781,36.4
728000,-2635733.518369062,300.7610325736772,1959.0119760120272,1.0173115890340594,36.4
730000,-2630277.366875926,299.60057535919583,1960.4242589230264,1.0165787212551511,36.4
732000,-2632544.9448437784,301.1540889009752,1959.0255274391436,1.0173045518496733,36.4
734000,-2634119.7960650306,299.2278305781903,1958.6313889076796,1.0175092656740246,36.4
736000,-2631733.638673952,299.8041279367376,1960.048775585621,1.0167734655777145,36.4
738000,-2634472.1839794517,299.9572756666015,1960.4259366657318,1.0165778512617984,36.4
740000,-2631391.0924216267,301.3339474588865,1958.5210753036076,1.0175665768338014,36.4
742000,-2631542.571651792,300.4213575979892,1958.8839432735142,1.0173780805631325,36.4
744000,-2631044.4870327543,300.5733370571912,1962.4631203581844,1.0155225673182604,36.4
746000,-2632312.0499025434,300.2003307611915,1958.673541655538,1.0174873677872112,36.4
748000,-2634914.192184819,300.6959459348919,1957.9956717503874,1.0178396280477648,36.4
750000,-2633374.8636160716,299.8132436423901,1960.2975129766176,1.01664444966182,36.4
752000,-2631165.849298671,300.5295833601712,1963.2304539066756,1.0151256477749624,36.5
754000,-2633192.3271058146,298.5259654726133,1959.8394272977566,1.0168820764063364,36.5
756000,-2631160.0002036467,300.07073052999556,1962.3908017993892,1.015559991631718,36.5
758000,-2631500.735072069,300.58300362099385,1960.6262996908085,1.0164739637369105,36.5
760000,-2632368.490376929,299.0631241578414,1961.4942117188411,1.0160241994837005,36.5
762000,-2632016.338710837,301.121439261593,1960.9591003140513,1.016301454698559,36.5
764000,-2628610.359798098,300.1696602453375,1962.1667650330305,1.0156759464937728,36.5
766000,-2633127.984892167,299.53157721436673,1959.2344102986713,1.0171960924010826,36.5
768000,-2633757.343386775,299.1448855303507,1959.3070034146215,1.0171584048749567,36.5
770000,-2632323.1329669002,300.4437826013337,1960.071042665686,1.016761914682021,36.5
772000,-2630503.4017375465,300.65280242507913,1960.8317085544254,1.0163674820022077,36.5
774000,-2634130.900953388,299.9254125362833,1959.5738796394735,1.017019877107267,36.5
776000,-2632304.8603505846,300.65411083942024,1957.934548719663,1.0178714030848306,36.5
778000,-2631944.2264373824,300.8996147431665,1962.608946851521,1.0154471115861678,36.5
780000,-2632328.7708896324,299.86834506225944,1960.9182649572188,1.0163226187793335,36.5
782000,-2630895.774839863,300.5454424839602,1959.7071391818472,1.016950720037469,36.5
784000,-2633303.5518365633,300.6154743934069,1964.5624584558093,1.014437376462967,36.5
786000,-2629408.7221156713,299.5978747841771,1965.7469494519528,1.0138261116514373,36.5
788000,-2631345.09343433,300.29867691188144,1960.0592259944876,1.016768044466812,36.5
790000,-2630542.41738816,300.7450391790888,1960.7972025051065,1.0163853680061326,36.5
792000,-2632389.0557869207,299.89545783066706,1959.0965452071073,1.017267674290582,36.5
794000,-2631517.7581106015,300.51787176214737,1961.4010315675773,1.0160724676792772,36.5
796000,-2631521.57709587,300.39360345332744,1965.2897667594161,1.0140619566445412,36.5
798000,-2633730.815202009,302.3312670154392,1958.0635949260593,1.0178043202569245,36.5
800000,-2631326.064780697,300.21026066386173,1962.7265857424495,1.0153862492771375,36.5
802000,-2633988.246914765,299.98645191356763,1960.8410092520355,1.0163626611490297,36.5
804000,-2633545.897892276,301.37828251509586,1957.3999327419224,1.018149409794789,36.5
806000,-2632589.493615115,300.65890283595945,1960.2289756769487,1.0166799955425145,36.5
808000,-2633968.1150053274,300.7363852897714,1957.4298213476545,1.0181338633542711,36.5
810000,-2635492.411873987,300.32994953057005,1959.578159826761,1.0170176556926593,36.5
812000,-2630546.872078128,300.7368511717639,1962.629636188333,1.0154364071073814,36.5
814000,-2629203.4047906995,301.26853976554673,1963.6920001123046,1.0148870526231055,36.5
816000,-2634974.674715083,299.86502434724684,1959.7877340419884,1.0169088986709873,36.5
818000,-2633354.7103031985,300.5806223825577,1958.0035973460715,1.0178355080423807,36.5
820000,-2635450.1223568916,301.41886722857646,1957.2579906806166,1.0182232468804628,36.5
822000,-2631319.2861626726,298.6523862746222,1962.3066721310304,1.015603531577083,36.5
824000,-2633338.752869159,298.97640199795404,1958.934769747301,1.0173516836962528,36.5
826000,-2630635.0629854053,301.345071772357,1959.4316118744962,1.0170937195133898,36.5
828000,-2632520.1356392596,300.2683765048951,1961.4363601316704,1.0160541666107197,36.5
830000,-2630389.3064275887,300.08575380216536,1968.3717218316717,1.0124742009598813,36.5
832000,-2631801.3748512287,300.90224682170606,1961.4499089672058,1.0160471481542526,36.5
834000,-2631113.5745485034,300.7504857394884,1959.7067081472921,1.0169509437142565,36.5
836000,-2632325.280949453,300.497150600968,1960.657379101521,1.0164578510738138,36.5
838000,-2632117.7386337332,299.60633747744095,1960.2249777480922,1.0166820690873053,36.5
840000,-2630804.7430826947,301.0133823082105,1960.2457031155502,1.016671319868758,36.5
842000,-2632109.4483871385,299.72437596534024,1962.5762777141615,1.01546401476672,36.5
844000,-2630259.140272191,300.3691479585735,1958.9150730243236,1.01736191308014,36.5
846000,-2632226.1626343764,300.2107353415051,1961.5917837436273,1.0159736611712968,36.4
848000,-2632259.423545027,300.7340588996931,1960.2574756508984,1.01666521414071,36.4
850000,-2631883.487039147,299.5877248051868,1960.7901650171445,1.0163890159231406,36.4
852000,-2632123.5834961906,300.5962096573698,1963.0981043415136,1.0151940862487052,36.4
854000,-2630871.1580104213,300.6319946702872,1961.5555782756064,1.0159924135341192,36.4
856000,-2634414.1821065545,300.76997632216126,1957.301083973565,1.018200828973977,36.4
858000,-2633471.2622174826,299.522066943412,1960.59480861948,1.0164902903404263,36.4
860000,-2631950.4480967782,300.02460357884064,1956.5603904608959,1.0185862884529138,36.4
862000,-2632055.9310618266,299.77891181686596,1963.2346691633827,1.0151234682009858,36.4
864000,-2632318.8132668845,301.0068927381221,1959.4006802117485,1.0171097756474068,36.4
866000,-2631932.8090708572,299.23892722969435,1959.9741089279366,1.0168122003119904,36.4
868000,-2633545.5441029575,299.76675871344656,1957.8829246836535,1.017898241579259,36.4
870000,-2630796.615978943,299.95979524234104,1964.70433717256,1.0143641201106124,36.4
872000,-2631467.8510568608,299.9514629103438,1961.5571142542658,1.0159916179709136,36.4
874000,-2633856.956230674,300.08870983613286,1961.214912596411,1.0161688927885806,36.4
876000,-2631147.486240765,301.24929666757146,1962.8661289156782,1.0153140639063731,36.4
878000,-2632036.387666516,301.3082760288569,1962.1148617637361,1.015702813882219,36.4
880000,-2632435.6464008503,300.8663906998668,1961.921748333201,1.015802790272694,36.4
882000,-2629807.587669505,300.71148284956,1960.288382095603,1.016649185117883,36.4
884000,-2634436.534441961,298.7726884053681,1960.3725889603766,1.0166055154395086,36.4
886000,-2632498.3290426433,301.19383629951795,1961.7426532763568,1.0158955268292258,36.4
888000,-2633717.8393915836,300.1600478695373,1962.577411695209,1.0154634280296364,36.4
890000,-2633482.603451863,299.66588995955397,1961.0948935007336,1.0162310823705187,36.4
892000,-2631627.50734327,301.2630371721793,1960.496830213274,1.016541090778885,36.4
894000,-2631471.3927533906,299.40991728222957,1957.5228360138547,1.0180854851797205,36.4
896000,-2632565.962700883,301.13371058159925,1956.8069674140384,1.0184579365471296,36.4
898000,-2630647.3035819978,300.3506726971606,1960.5254717478963,1.016526240017053,36.4
900000,-2629924.9016074277,300.79370130061375,1959.45615303189,1.0170809809496733,36.4
902000,-2629482.0044012815,299.7310542317079,1962.7465272442023,1.0153759329543783,36.4
904000,-2629106.425626546,299.3389014035608,1962.7096727513988,1.0153949990269275,36.4
906000,-2632554.131152779,300.90087930424244,1961.2418236981775,1.016154949467489,36.4
908000,-2630437.1797080953,300.19622494972754,1965.8084451905863,1.0137943964628418,36.4
910000,-2631845.2297453973,301.00413911388404,1960.5307657872302,1.0165234950818585,36.4
912000,-2630039.986312395,300.69795290132953,1960.6962938985837,1.0164376769901882,36.4
914000,-2632553.147205984,300.7922763451478,1963.1360804803167,1.0151744476959248,36.4
916000,-2632140.186935859,300.8955368830997,1957.1450670945162,1.018281996445031,36.4
918000,-2630672.8483576514,299.6851688404376,1960.033512086993,1.0167813835649844,36.4
920000,-2632106.8548749797,301.5901186450961,1963.9824608577048,1.0147369571636617,36.4
922000,-2631865.7743382007,300.2631891122603,1959.6834480593823,1.0169630142189978,36.4
924000,-2633450.601168154,299.5126935529259,1959.0397669496813,1.0172971574521066,36.4
926000,-2635666.6505560484,300.81248245924155,1959.5870106271395,1.017013062163409,36.4
928000,-2635145.8359033503,300.0284489165621,1960.1911502745868,1.0166996142056735,36.4
930000,-2634558.344197778,300.8338265104365,1954.9605119492435,1.0194198675994994,36.4
932000,-2632026.87594386,299.7558137840116,1962.724405621366,1.0153873771303215,36.4
934000,-2632643.456149256,302.0698412341423,1959.1378210581026,1.0172462421133786,36.4
936000,-2633821.2589491196,300.52620075163327,1960.427606245347,1.0165769855028932,36.4
938000,-2630499.209570246,300.26264485851857,1962.7986680499912,1.0153489599794192,36.4
940000,-2632850.53814858,301.4834873613754,1965.257480175142,1.014078616342903,36.4
942000,-2629241.403856296,300.13884054104483,1963.373603719208,1.0150516348383005,36.4
944000,-2628406.0891808216,300.21095345175235,1961.9316630728965,1.0157976568521794,36.4
946000,-2632417.5704241004,300.484472174763,1962.7924817140577,1.01535216015968,36.4
948000,-2632549.399286445,300.4822381331839,1962.6362125046555,1.015433004627097,36.4
950000,-2628339.8619144224,300.2295594556422,1962.9614083606075,1.0152647819591958,36.4
952000,-2632628.218172513,299.95320747175913,1957.4307634463053,1.0181333733330875,36.4
954000,-2633252.097596068,301.19610676952067,1956.8931509352421,1.0184130826463802,36.4
956000,-2630359.602307109,301.52442621277896,1962.8555700830013,1.015319525607926,36.4
958000,-2628348.493877109,300.5068788795643,1965.106507492141,1.0141565246745374,36.4
960000,-2632716.4852927644,300.3093953356993,1959.7369229962237,1.0169352645591747,36.4
962000,-2631554.1428827383,299.6225574462043,1962.0294872133766,1.0157470105528599,36.4
964000,-2630067.600972023,300.21784707110106,1961.3952147774316,1.0160754809834154,36.5
966000,-2634481.2337959744,300.6617099183851,1955.5900324283332,1.0190917079787185,36.5
968000,-2630555.057345886,300.5896911101112,1962.1962088752457,1.0156607057129707,36.5
970000,-2631193.8258004226,301.1301250498499,1962.3447144376205,1.0155838429359192,36.5
972000,-2630725.186251074,299.834321868541,1960.7693465310056,1.0163998074426412,36.5
974000,-2632232.7532004956,299.9683477505049,1961.9483449393508,1.0157890198251651,36.5
976000,-2631447.4440881647,300.1121082635628,1963.9986706142174,1.014728582087219,36.5
978000,-2632964.8015354387,300.625450926128,1960.6935001012237,1.0164391253149256,36.5
980000,-2630778.941495454,299.99761459039223,1960.2535545710807,1.0166672477681673,36.5
982000,-2632256.8535049874,299.98550322463393,1963.775009719314,1.0148441529146461,36.5
984000,-2632672.2395761777,300.255344825474,1960.7076928574854,1.016431767730308,36.5
986000,-2631725.1218279153,300.8074709335817,1961.8802347494618,1.01582428476224,36.5
988000,-2631634.7799246144,301.252961146786,1962.031224752944,1.0157461110255745,36.5
990000,-2632940.087103991,299.45353909489614,1960.4894451620619,1.0165449200308265,36.5
992000,-2631808.4699184615,300.61788161402694,1956.6174966082826,1.0185565598325703,36.5
994000,-2632987.4525766633,300.88352003200936,1959.2654559186906,1.0171799743792627,36.5
996000,-2631075.865685804,300.37585946920666,1961.360831637931,1.0160932930373945,36.5
998000,-2631129.7433378324,301.1264251336978,1962.1332963195373,1.0156932711920077,36.5
1000000,-2630040.5834320504,300.54549672597517,1960.9670437753934,1.0162973378770435,36.5
1002000,-2631742.774289215,300.8610786885009,1961.8117354011797,1.0158597536608196,36.5
1004000,-2632172.943073498,299.8940227536261,1960.255692495426,1.0166661389548282,36.5
1006000,-2630577.9234612416,301.5105214531304,1959.5954093058729,1.0170087033218154,36.5
1008000,-2630581.4081470296,300.3749972113318,1961.8615967911314,1.0158339352343841,36.5
1010000,-2633280.697700875,299.97339932267073,1960.389360126689,1.0165968183609995,36.5
1012000,-2632447.840334963,301.54166928051717,1960.0157125050198,1.0167906173091168,36.5
1014000,-2634726.394482985,300.37673887469026,1958.584384574963,1.0175336850171188,36.5
1016000,-2633786.812660007,300.3654443170656,1956.6531894262296,1.0185379795578158,36.5
1018000,-2631335.046348458,300.84077740047474,1962.9404144608814,1.0152756403463739,36.5
1020000,-2634402.846510105,300.4500752061986,1956.694259982164,1.0185166006832944,36.5
1022000,-2632089.443556832,300.4131123334305,1957.2780083266446,1.0182128332179954,36.5
1024000,-2632384.8450194,299.8858562436941,1957.664079426343,1.0180120313785077,36.5
1026000,-2633385.9285474364,300.0121056828526,1959.4936397162646,1.0170615233750513,36.5
1028000,-2633961.111814026,300.8051673453889,1960.2906526690183,1.0166480075493374,36.5
1030000,-2634808.151803799,301.40691607381615,1958.6865487264197,1.0174806109478778,36.5
1032000,-2632391.0103620794,300.42957989726773,1959.136705525986,1.0172468213332209,36.5
1034000,-2633083.4043427203,300.56160499639566,1961.4144625606668,1.0160655100155336,36.5
1036000,-2632636.060128581,298.99876660749277,1962.3339973578795,1.0155893894397476,36.5
1038000,-2631662.8255995177,299.75125777970715,1961.2348141356656,1.016158581261902,36.5
1040000,-2631833.502456259,300.25997612373277,1962.2677267040085,1.0156236884153595,36.5
1042000,-2630850.5291237235,300.3450457504653,1957.522296025858,1.0180857660214473,36.5
1044000,-2633612.1827358007,299.61869571112373,1960.7865374249516,1.0163908963138861,36.5
1046000,-2631651.9966690093,300.98301967137274,1961.7825999520614,1.01587484071999,36.5
1048000,-2630924.701403698,301.77219164931574,1958.3680306860726,1.0176460987036071,36.5
1050000,-2632259.7016548533,300.9422819939495,1957.36687716064,1.0181666040780712,36.5
1052000,-2633294.093608143,300.182454150592,1956.4885778479857,1.018623675506269,36.5
1054000,-2634637.2072286196,299.07233902539105,1957.9079769093416,1.0178852171589206,36.5
1056000,-2630910.6828548983,299.5747255779345,1963.939515198333,1.0147591465169374,36.5
1058000,-2634770.3348380364,300.4837600031073,1960.2008242351321,1.01669459660144,36.5
1060000,-2633935.500150783,301.3147807618845,1961.4474823217495,1.016048405178067,36.5
1062000,-2631391.8914544005,299.52193779690305,1960.7809268605038,1.01639380460749,36.5
1064000,-2634272.9468162283,299.7688033568392,1958.041235674953,1.0178159427610673,36.5
1066000,-2632011.4596129097,300.1443708884317,1959.9000915026386,1.0168506011577298,36.5
1068000,-2634993.7219830006,300.87599248206374,1956.9524944979485,1.0183821998013438,36.5
1070000,-2633708.4531270973,300.97476957294765,1958.392691212615,1.017633284272293,36.5
1072000,-2631206.605152199,299.60414180846936,1959.1519875455385,1.017238886478798,36.5
1074000,-2632306.9501102734,302.1771587114139,1960.0560702707267,1.016769681480735,36.5
1076000,-2628290.333415441,301.1477731381155,1961.3836048304918,1.0160814954022122,36.5
1078000,-2632893.994364543,300.1249718201955,1963.356206281713,1.0150606292822608,36.5
1080000,-2629794.162878979,300.65844500342814,1962.5828866984223,1.0154605951986926,36.5
1082000,-2632783.605385417,300.02580533434895,1963.9883507754603,1.0147339140105704,36.5
1084000,-2630588.2877475806,300.28287662848084,1963.6454434383345,1.0149111148924848,36.5
1086000,-2632530.0287148263,300.65846330190334,1961.2776651679649,1.0161363796914868,36.5
1088000,-2633353.2298636325,299.3932044708145,1962.4761313411293,1.0155158345246267,36.5
1090000,-2634117.5230950117,299.9161197339211,1959.507776046816,1.0170541860640891,36.5
1092000,-2630928.2922691405,301.7684708414906,1959.6474472494428,1.0169816969122758,36.5
1094000,-2629903.965759922,301.3208925757874,1963.2675380270853,1.0151064730873443,36.5
1096000,-2630470.7802809644,300.64323774823424,1964.8488401553793,1.0142895196436323,36.5
1098000,-2631736.870607596,300.8442817897951,1962.9159662357804,1.015288285659684,36.5
1100000,-2632512.642829651,300.49642682122266,1962.6550769044081,1.015423244616616,36.5
1102000,-2629892.340360027,300.7038094985222,1962.0053333529565,1.01575951521383,36.5
1104000,-2634814.101912992,299.84948342031953,1962.1763071184876,1.0156710072502184,36.5
1106000,-2635213.958617719,299.7768265243436,1964.881302249265,1.014272762416834,36.5
1108000,-2631154.8527616393,300.5452676262541,1959.5550684990478,1.0170296401927916,36.5
1110000,-2630389.719084434,298.8502042872391,1961.205813108048,1.016173607549751,36.5
1112000,-2634087.765098257,300.56254243065575,1961.8714943430796,1.015828810398648,36.5
1114000,-2630940.590689238,299.8059442260654,1959.7470356304616,1.0169300169970217,36.5
1116000,-2631861.3274735417,299.87659676191873,1960.8120847641533,1.016377653799118,36.5
1118000,-2631816.57998015,299.6091975765801,1959.8675155292028,1.0168675027584295,36.5
1120000,-2629504.1227988116,301.8029879584769,1964.4859280736316,1.0144768958502055,36.5
1122000,-2630154.8557275627,299.7731898058925,1964.1733214307587,1.014638354217053,36.5
1124000,-2635210.709947778,300.78509493883377,1961.0167905852709,1.0162715565830285,36.5
1126000,-2631430.287681762,300.77143695853925,1958.5282049725351,1.0175628725660835,36.5
1128000,-2630092.7247110065,300.4341649862658,1960.3828702573844,1.016600183816078,36.5
1130000,-2629805.5429140925,299.49881131514076,1961.3481121145535,1.0160998824961014,36.5
1132000,-2632591.4990073647,300.0456269148008,1958.24450450284,1.0177102918818162,36.5
1134000,-2631796.314322477,299.7490737982364,1960.8759553266473,1.0163445478740452,36.5
1136000,-2635442.625606358,300.43883394039284,1955.8869308019312,1.0189370125994097,36.5
1138000,-2634355.075955311,300.00516028082893,1959.467657852692,1.0170750092591583,36.5
1140000,-2633874.5267675538,299.92419111847363,1960.4641400862856,1.0165580412839552,36.5
1142000,-2634270.2868459336,300.3407879938529,1960.4947175352358,1.0165421862289354,36.5
1144000,-2635272.6692480985,300.2889521096087,1959.2847777489137,1.0171699432806727,36.5
1146000,-2635577.7715162076,299.596658077545,1958.4808099857667,1.0175874974583141,36.5
1148000,-2635341.735719055,300.52809695465396,1959.666743762757,1.016971682862225,36.5
1150000,-2630782.999263704,300.51788594572395,1960.6895635213298,1.0164411660733907,36.5
1152000,-2631523.769764332,300.240753005875,1962.225768641975,1.015645405387179,36.5
1154000,-2631459.2379076704,301.55051807963935,1960.9328071085313,1.0163150817962963,36.5
1156000,-2631399.5501981247,301.4291577578197,1963.4097094617625,1.0150329687428694,36.5
1158000,-2631734.08547817,299.72538971833364,1963.165776764414,1.0151590914233348,36.5
1160000,-2631633.807106966,300.394541873304,1959.605976886349,1.0170032188920657,36.5
1162000,-2631112.7974369917,299.67066963498587,1961.5307580261845,1.0160052694044701,36.5
1164000,-2632875.2427217923,300.52818115287573,1961.4164714345052,1.0160644693658547,36.5
1166000,-2629820.1266200263,300.13207685430325,1958.8079107418907,1.017417570821804,36.5
1168000,-2632331.5934786983,299.89863156150443,1955.439705845197,1.019170051777254,36.5
1170000,-2630958.71616742,299.1589235610555,1961.8527517359985,1.0158385151434297,36.5
1172000,-2632736.5170124806,300.45575012609817,1959.6714905167123,1.0169692195338655,36.5
1174000,-2630707.812764317,301.161875530507,1960.0401169176666,1.0167779572734443,36.5
1176000,-2633222.8992456906,300.8362723111563,1960.9272727081286,1.01631795018141,36.5
1178000,-2634114.932678895,300.2898721034758,1959.2209682698938,1.0172030712867561,36.5
1180000,-2637299.782225404,301.4769565151047,1957.7708617190597,1.0179565061580393,36.5
1182000,-2632212.8435460664,301.1851518073026,1958.9257372839813,1.017356374630468,36.5
1184000,-2632278.8521228004,300.80638053391067,1962.9617104124493,1.015264625734754,36.5
1186000,-2631408.5772666764,299.48487123359985,1961.759596115028,1.0158867529947295,36.5
1188000,-2632412.9675529785,300.2146850894872,1960.1770596757783,1.0167069226813552,36.5
1190000,-2632807.420043761,299.74567597904206,1958.1200454560399,1.0177749780348129,36.5
1192000,-2633523.975757055,300.5024703426212,1957.4794099444514,1.0181080710882688,36.5
1194000,-2634303.4319118448,300.45150077704716,1958.9930545072755,1.0173214150342187,36.5
1196000,-2635450.334732298,298.1419492987282,1959.2667436428972,1.0171793058397287,36.5
1198000,-2634306.3632224947,300.73353918398095,1958.4538221663586,1.0176015199832784,36.5
1200000,-2629638.3134997208,300.2856740002805,1957.7649278518695,1.017959591522695,36.5
1202000,-2632467.990547579,300.3298358738142,1960.3340818370184,1.016625484767366,36.5
1204000,-2632258.359090062,300.13160826100017,1959.7192797772357,1.0169444199579885,36.5
1206000,-2632714.434244279,300.54527391960426,1959.415548196661,1.0171020578497132,36.5
1208000,-2631144.0852769837,299.70432702051556,1961.1428858799459,1.0162062135311174,36.5
1210000,-2630899.198801033,300.6350246969394,1961.255322421018,1.016147955582568,36.5
1212000,-2631326.1415740848,300.0222683814453,1965.6707960329443,1.013865388993726,36.5
1214000,-2632866.2486402486,301.2082301670227,1959.9666618300587,1.0168160637960622,36.5
1216000,-2635833.349435866,300.2939460118736,1957.606487068621,1.0180419810713925,36.5
1218000,-2634337.230898747,300.1052651620656,1961.5373264561965,1.0160018671956952,36.5
1220000,-2631423.7281170506,300.5262138801621,1962.9555970077863,1.0152677876623628,36.5
1222000,-2632041.900419172,300.66387364982444,1959.0940358007676,1.0172689773101942,36.5
1224000,-2630331.481496865,300.08453737332957,1961.6967895568275,1.0159192780775133,36.5
1226000,-2629867.2477683127,300.7077856890705,1964.1002854748313,1.0146760840023745,36.5
1228000,-2633481.9302415196,300.280938835988,1962.7042004937089,1.0153978300715092,36.5
1230000,-2630808.7682491113,299.6339895711446,1962.519138435653,1.0154935802777099,36.5
1232000,-2631047.2097329088,300.6606726882445,1961.483404443892,1.0160297975187662,36.5
1234000,-2630538.7168998197,299.8557786855422,1957.6372774192678,1.0180259689786866,36.5
1236000,-2633188.7912439536,299.54577036013865,1960.8521048682642,1.016356909991148,36.5
1238000,-2632528.10167438,299.4675191272444,1957.608518971458,1.018040924393119,36.5
1240000,-2634737.7587469984,299.9778499196213,1959.4600572361658,1.0170789544261418,36.5
1242000,-2633810.0558361094,299.99137602534245,1957.2597861867318,1.0182223128061618,36.5
1244000,-2632796.411422925,299.435712074588,1961.2110270176038,1.0161709060366504,36.5
1246000,-2632509.423772378,300.8291076586304,1960.6665607957827,1.0164530910572944,36.5
1248000,-2630392.367960641,299.8142679904887,1960.7523833170542,1.0164086007036062,36.5
1250000,-2633049.658809921,300.08684643094034,1961.8722147950425,1.0158284373591322,36.5
1252000,-2632709.3001984954,301.17971595652745,1958.4574623774986,1.0175996285536915,36.5
1254000,-2633016.1675803326,300.7809248998555,1958.0788942703734,1.0177963676975126,36.5
1256000,-2633471.683905108,300.552851630589,1959.951548922346,1.0168239043201515,36.5
1258000,-2633169.8213115036,298.9825100855879,1957.0903085644673,1.018310487529503,36.5
1260000,-2630567.3647913374,298.4892200669532,1962.7737904653359,1.0153618292310003,36.5
1262000,-2632262.240252938,300.2001104607662,1959.273981676325,1.0171755481325953,36.5
1264000,-2632533.9846843723,299.2435832724704,1959.9830498134056,1.0168075619038024,36.5
1266000,-2634228.104936132,300.8880058259748,1960.6568196675603,1.016458141099603,36.5
1268000,-2634399.773830684,300.5975108783301,1959.9200368967013,1.0168402530386427,36.5
1270000,-2631479.016590189,299.4773608462906,1960.074485775982,1.0167601286155001,36.5
1272000,-2634026.5281917807,300.5358922629942,1958.057351324137,1.0178075657006835,36.5
1274000,-2630212.846243579,299.10981554484374,1967.1710235068201,1.0130921828549588,36.5
1276000,-2630448.831085,299.80513490329236,1965.1624771163254,1.0141276405694262,36.5
1278000,-2631124.3552870676,300.25429410848744,1961.9113414613914,1.015808178553601,36.5
1280000,-2630177.529379217,300.2016674645846,1960.70876969677,1.0164312094966352,36.5
1282000,-2629957.1966689583,300.1944585514886,1959.5621738071836,1.017025952476692,36.5
1284000,-2634100.8746818975,299.1624713674218,1958.326281739376,1.0176677935831209,36.5
1286000,-2632783.3987508863,300.3436489536249,1955.042137590696,1.0193773054475121,36.5
1288000,-2633142.3144886494,300.3874715800101,1961.3650613919137,1.0160911017958263,36.5
1290000,-2632408.530253796,299.32104751807003,1959.9725500361194,1.0168130090479182,36.5
1292000,-2633519.6045948397,300.0018924338989,1958.6165602158867,1.0175169692396961,36.5
1294000,-2632746.6779463086,299.9994248881041,1959.573338886032,1.017020157758666,36.5
1296000,-2633882.1384991407,299.7338188812512,1962.9108512241057,1.015290931328198,36.5
1298000,-2630377.0899452306,300.04745992139897,1965.4766550905972,1.013965534056005,36.5
1300000,-2630675.6197735816,300.445318180679,1963.573260279778,1.0149484241650284,36.5
1302000,-2633675.9975673407,299.7335798346778,1961.2776495493458,1.016136387783481,36.5
1304000,-2630349.0864488706,299.80618687090083,1963.9208247475885,1.0147688038847937,36.5
1306000,-2632131.0666786376,299.59889006826035,1957.0862705558993,1.018312588584799,36.5
1308000,-2634500.1165957823,300.1776468087138,1958.4450016754256,1.0176061030810795,36.5
1310000,-2633177.5754752606,299.88142356836715,1960.128534768359,1.016732092259993,36.5
1312000,-2631918.0006439537,301.6220348548113,1962.030924479181,1.015746266477715,36.5
1314000,-2629972.072598785,300.74970891625514,1959.9625409786786,1.0168182016674714,36.5
1316000,-2634609.0391040575,299.9772235141591,1958.5742812703775,1.0175389339641943,36.5
1318000,-2634590.480172038,299.8049763650377,1964.5507223889545,1.014443436629668,36.5
1320000,-2632887.190022176,300.1790115492277,1963.8620377292743,1.0147991803731176,36.5
1322000,-2630198.398561213,300.0148587750724,1960.2125279970373,1.016688526264005,36.5
1324000,-2631989.092158217,300.8777112272709,1958.8618286373526,1.0173895662870165,36.5
1326000,-2629679.5372147486,298.7009959356928,1959.0269246224402,1.0173038263053178,36.5
1328000,-2631484.1349717285,299.8613385818707,1959.3363178278266,1.0171431867618108,36.5
1330000,-2634981.5619119145,300.18256907100255,1959.409202393469,1.017105351867868,36.5
1332000,-2630876.3778820895,299.4599130429371,1960.2775052901923,1.0166548261025536,36.5
1334000,-2635014.575345412,300.4219883836033,1958.1712086748737,1.0177483855470397,36.5
1336000,-2633039.2647236623,299.6292573642772,1959.636189019397,1.0169875395344727,36.5
1338000,-2633113.177292252,300.23592646383696,1959.3370103628001,1.0171428272487582,36.5
1340000,-2630893.264863163,300.9336501120967,1962.7699647667014,1.0153638083056926,36.5
1342000,-2633975.797439294,301.7358531114166,1961.053443786918,1.0162525618909615,36.5
1344000,-2633511.2241335027,300.63552736142924,1959.5425501651725,1.0170361373809218,36.5
1346000,-2633899.4200916626,300.54069545625964,1960.8919720553604,1.0163362462872498,36.5
1348000,-2633716.339262981,299.2944992387351,1962.1758534419043,1.0156712420844975,36.5
1350000,-2630086.342743125,301.0793231254939,1960.3137702020017,1.0166360184513654,36.5
1352000,-2632922.5444854423,299.880842338554,1963.3366258406313,1.015070752525817,36.5
1354000,-2630539.8430472948,301.3967321034557,1961.4357074744685,1.016054504697289,36.5
1356000,-2634093.5360559113,300.309520401101,1959.4083821440113,1.0171057776495076,36.5
1358000,-2631281.9657307174,299.9140334857371,1958.864420317361,1.0173882202274462,36.5
1360000,-2632236.2954583075,300.2733303142136,1959.6564687137757,1.0169770151406223,36.5
1362000,-2629834.806849299,299.9956695572089,1959.872223208992,1.0168650602080762,36.5
1364000,-2634009.910759382,300.3940866635495,1959.4381282781294,1.0170903370165845,36.5
1366000,-2632420.175314348,300.17079233651054,1958.326897697902,1.0176674734929692,36.5
1368000,-2630779.916073097,298.69899152853594,1961.1115361489608,1.0162224582937593,36.5
1370000,-2631420.195644371,300.23720334508226,1965.9901755223839,1.0137006842997103,36.5
1372000,-2631836.815052826,300.13807453292236,1963.7116723304412,1.0148768856114385,36.5
1374000,-2630572.619022839,300.6751533050294,1963.0306737513422,1.0152289584171788,36.5
1376000,-2631834.2204824667,300.4501605779567,1964.1605613361962,1.014644945776624,36.5
1378000,-2629061.212960679,300.7135182475142,1962.1391198873364,1.0156902566460115,36.5
1380000,-2632744.645413587,300.0158895712338,1960.7946003133377,1.016386716862172,36.5
1382000,-2634344.3994428497,299.9703972636669,1961.687862065635,1.0159239014483272,36.5
1384000,-2633625.319271406,300.28321230733576,1961.5929154310948,1.0159730750330362,36.5
1386000,-2629141.347098913,300.37643622567475,1959.3480163613606,1.017137113780605,36.5
1388000,-2632185.1588891484,299.8593436629953,1959.6285207338128,1.0169915191412229,36.5
1390000,-2630589.0824250467,301.3447321668936,1961.2825752419383,1.016133835792482,36.5
1392000,-2633746.679258192,299.33014872656236,1957.2386882850792,1.0182332886540972,36.5
1394000,-2631392.6062280275,300.7060961689448,1962.43182958801,1.0155387597193324,36.5
1396000,-2634136.1787680294,299.83982961772523,1961.1929119739555,1.0161802921506855,36.5
1398000,-2632433.5727883615,301.5253658223406,1957.420815106536,1.01813854786513,36.5
1400000,-2633926.766061671,299.2421842805963,1958.143430551048,1.017762823274244,36.5
1402000,-2631196.158768216,300.0537254253278,1958.683116157563,1.0174823940705424,36.5
1404000,-2634186.4396962,299.55705766365656,1955.577778149704,1.0190980939347658,36.5
1406000,-2631770.7248535585,298.16941785056014,1958.0939250710705,1.0177885548473948,36.5
1408000,-2634841.079400206,301.0108187143257,1960.6618973407976,1.0164555087016833,36.5
1410000,-2632822.1213655043,301.15871131375997,1958.09777678995,1.0177865527842505,36.5
1412000,-2630321.4663872346,301.8589107763742,1959.323938203164,1.0171496133922595,36.5
1414000,-2629928.9913576785,299.8297351321758,1958.307372263148,1.0176776202146411,36.5
1416000,-2632097.881319849,300.78265467513285,1963.1718974424286,1.0151559264116818,36.5
1418000,-2632556.1294377614,300.778705436827,1960.054936244507,1.0167702697517356,36.5
1420000,-2632414.8640613165,300.86290633200537,1959.559290950015,1.01702744870116,36.5
1422000,-2631402.502326347,300.45596840822924,1958.4659219956143,1.0175952330193319,36.5
1424000,-2636199.356729351,300.5744088763576,1959.4653540464121,1.0170762050668762,36.5
1426000,-2631215.637671536,300.71557016650047,1958.993841547837,1.0173210063176619,36.5
1428000,-2631897.327172568,300.75911563164965,1958.1151661589479,1.017777514160663,36.5
1430000,-2633122.417968549,299.3463166294846,1958.4668688875881,1.0175947410259396,36.5
1432000,-2633098.4039361402,300.29891723469694,1957.0908111504662,1.0183102260247272,36.5
1434000,-2631242.294204181,300.2279044941517,1961.9825916448035,1.0157712890728576,36.5
1436000,-2632322.7013539337,300.01174426565234,1962.7164755656142,1.0153914796477306,36.5
1438000,-2633654.2526315115,300.5505858922397,1956.9691765409302,1.0183735186755334,36.5
1440000,-2635081.7186271343,299.08956723731677,1957.8742192755515,1.0179027675184191,36.5
1442000,-2632418.944606295,300.19706919282913,1960.6395979486788,1.0164670693882998,36.5
1444000,-2630432.060615383,301.47116924357493,1962.5806099080748,1.01546177323483,36.5
1446000,-2629964.6123956554,299.56780680295685,1962.7753481312884,1.015361023436006,36.5
1448000,-2631272.672474617,301.16408607038,1960.8892294948735,1.0163376677666422,36.5
1450000,-2633085.441016024,298.7739171458001,1959.5523397254567,1.0170310564568878,36.5
1452000,-2632177.798877649,300.37006744503196,1960.2966645743513,1.0166448896582096,36.5
1454000,-2633677.1085175443,300.91680337918547,1956.404591471791,1.018667403941371,36.5
1456000,-2635183.9500375446,299.5740528937497,1958.2187175383576,1.017723693683625,36.5
1458000,-2632523.8698028624,300.6441151772578,1957.395896346215,1.018151509346502,36.5
1460000,-2633092.894238716,300.51708286692343,1959.4869761479467,1.0170649820655282,36.5
1462000,-2633842.364319265,300.3910151506615,1961.3300901373789,1.0161092190830336,36.5
1464000,-2631033.156070426,300.1889375793155,1958.7606935498259,1.0174420963296977,36.5
1466000,-2633655.83452701,300.1262706401342,1961.001385123448,1.0162795403268368,36.5
1468000,-2630652.412866447,300.61858405516307,1962.6818193250585,1.0154094090191805,36.5
1470000,-2631461.4586524814,299.3094293340173,1961.6597850436442,1.015938442256035,36.5
1472000,-2633130.2588211987,300.84125066682884,1957.2396554901923,1.0182327854758382,36.5
1474000,-2631291.5440520216,300.9360217778742,1961.5681831567756,1.0159858848476573,36.5
1476000,-2633613.958606353,300.4715281045319,1956.8419502932213,1.0184397293582754,36.5
1478000,-2636431.941046022,298.93508100572444,1962.3283285416305,1.0155923232962025,36.5
1480000,-2632278.7998777945,301.2124685873126,1959.9410356730978,1.016829358628701,36.5
1482000,-2635216.1320968233,300.58093747853246,1959.9023761030264,1.0168494158449786,36.5
1484000,-2635134.027719835,301.28792305253563,1958.545149073792,1.0175540692518705,36.5
1486000,-2632344.166112,300.1134228701886,1960.803345402893,1.0163821838258107,36.5
1488000,-2632145.699081965,300.32701307312345,1958.472824066421,1.0175916467993629,36.5
1490000,-2633968.352732606,299.94508750182564,1958.576483828708,1.0175377896694096,36.5
1492000,-2635619.118820375,301.13931500349565,1958.877961732669,1.017381187182668,36.5
1494000,-2632657.598640153,301.0519252772725,1959.3703533164721,1.0171255183484222,36.5
1496000,-2629858.5320178717,300.5360861667172,1963.5604141562344,1.0149550642219134,36.5
1498000,-2631702.667467147,300.49478628202684,1959.2007131114156,1.0172135876209303,36.5
1500000,-2631978.7479412258,300.629451756288,1960.2996609494987,1.0166433356868747,36.5
1502000,-2631329.8544685226,300.2308589032174,1958.5370493751595,1.017558277434353,36.5
1504000,-2635853.362582406,300.71950906671333,1957.1314568986907,1.0182890777360338,36.5
1506000,-2633794.4294078704,300.78516031571957,1960.0271230857197,1.0167846979158304,36.5
1508000,-2632631.2119029444,300.41572710414874,1960.5418079025976,1.0165177698432224,36.5
1510000,-2634138.6528857704,300.34446355972665,1959.1328538028572,1.0172488212757473,36.5
1512000,-2633469.351476362,300.39758701309603,1961.1844537370594,1.016184674754078,36.5
1514000,-2632209.9215958696,299.44410382682094,1957.403449135158,1.0181475807320586,36.5
1516000,-2633914.337662207,300.3311210211073,1956.8828079714863,1.0184184653956991,36.5
1518000,-2631953.656443434,299.8385750036745,1962.7114076796363,1.015394101473956,36.5
1520000,-2633510.554198213,299.9422271961783,1961.0762149020254,1.0162407616335878,36.5
1522000,-2632857.031152811,300.23881865802605,1961.589199558728,1.015974999608414,36.5
1524000,-2634339.6793376915,299.72609196680037,1958.8687640695612,1.0173859641894711,36.5
1526000,-2631050.8288391475,299.90842861052175,1959.8023193645627,1.0169013305891612,36.5
1528000,-2632233.7378355823,300.44625471470926,1960.2512578827996,1.0166684389255483,36.5
1530000,-2633673.016775273,301.05862768191076,1958.129084399036,1.0177702798716108,36.5
1532000,-2631781.611954443,301.71547639812,1961.467350893642,1.0160381131735756,36.5
1534000,-2631521.299407929,300.0562103110599,1960.9769856651571,1.0162921853861298,36.5
1536000,-2630334.9299058635,300.84505107496744,1959.1964464596467,1.0172158028638991,36.5
1538000,-2631453.6246765535,300.11502527900967,1958.289495176876,1.0176869105216455,36.5
1540000,-2631690.771314986,300.0089291174481,1962.7737487092288,1.0153618508318383,36.5
1542000,-2632403.0847815555,300.3432463544842,1961.9287605282768,1.0157991596580318,36.5
1544000,-2632896.3270242717,299.7943541494113,1961.4679117032215,1.0160378226748612,36.5
1546000,-2636573.2861426324,299.49295474750403,1954.205608893706,1.0198136660664696,36.5
1548000,-2630582.8238968067,300.607200543282,1961.6267406237776,1.0159555561624418,36.5
1550000,-2632436.8397530727,299.9063240318309,1961.4754962096345,1.0160338939256126,36.5
1552000,-2631992.778623376,300.2985597241512,1957.7453160350913,1.0179697889864985,36.5
1554000,-2632279.6536024027,300.04016013724663,1961.5395813869475,1.0160006992285153,36.5
1556000,-2629776.2708908934,299.4627242904504,1960.9622903977406,1.0162998013844133,36.5
1558000,-2631432.2913939524,300.8098726356826,1962.3773692641166,1.0155669431720398,36.5
1560000,-2632909.2962612025,299.87113891542697,1957.5410384507586,1.018076018386206,36.5
1562000,-2633840.975014303,300.3951875406146,1957.3182826903028,1.0181918821676275,36.5
1564000,-2632008.4053012524,300.312475601967,1958.9590993334157,1.0173390485445513,36.5
1566000,-2629834.0843124855,300.7742354776441,1961.425133725058,1.016059982095093,36.5
1568000,-2632662.1825598553,300.8552322333959,1959.229300978596,1.0171987450668083,36.5
1570000,-2633343.660725368,300.81577871070056,1957.6564773452646,1.0180159845797414,36.5
1572000,-2632578.469371747,299.1729728001216,1960.7048213665555,1.0164332563147038,36.5
1574000,-2631766.793130571,300.43978905272377,1962.6094990291551,1.0154468258914415,36.5
1576000,-2632935.1196600404,301.32572254418807,1960.548714872701,1.016514188673424,36.5
1578000,-2632670.14736351,300.2186784558813,1959.4021481612708,1.0171090136467063,36.5
1580000,-2634279.6646452863,300.30622301223434,1960.7952407824177,1.0163863848722465,36.5
1582000,-2632232.7172698155,301.2814211176336,1957.996607893363,1.017839141405748,36.5
1584000,-2635208.559852831,300.33472088952817,1957.088491289173,1.018311433092516,36.5
1586000,-2633504.8159512356,299.72499399674945,1957.0733436896778,1.0183193147459042,36.5
1588000,-2632778.3787879217,300.93804487136714,1959.706776306439,1.0169509083444197,36.5
1590000,-2634520.2638387494,300.545875073821,1961.510875914595,1.0160155677568214,36.5
1592000,-2633233.8167062774,299.5736472038353,1960.239254003929,1.0166746646782299,36.5
1594000,-2632247.0802688096,299.24314116508344,1957.7445918405447,1.0179701655464304,36.5
1596000,-2631423.65328791,300.16996312800575,1960.6684902615502,1.016452090780372,36.5
1598000,-2633630.127560869,300.4383936493512,1959.0001285004355,1.0173177414638976,36.5
1600000,-2634454.45650978,299.76384333925273,1959.869659976996,1.0168663901235862,36.5
1602000,-2631337.0441744924,299.62200189202656,1957.0505733287482,1.0183311629314618,36.5
1604000,-2630658.351540087,301.07601040777644,1961.7261247252077,1.0159040862713242,36.5
1606000,-2632314.8982332256,300.6885895747314,1961.8535801612861,1.0158380861887293,36.5
1608000,-2631103.9642593917,299.90043141181087,1960.3773259666527,1.0166030589396078,36.5
1610000,-2634539.10214887,300.07649022990347,1959.1857006692496,1.0172213821144023,36.5
1612000,-2632568.3394499235,300.58955003623186,1957.6103744961595,1.0180399594411007,36.5
1614000,-2633726.6943624318,300.1003662178605,1958.2077137359488,1.0177294126021814,36.5
1616000,-2635081.004243592,300.7001323499938,1954.9433805937151,1.0194288008731474,36.5
1618000,-2633021.727474928,299.9290193615814,1961.9415471712887,1.015792539348041,36.5
1620000,-2633005.5248055942,300.90331336967614,1958.4067253123194,1.0176259918305395,36.5
1622000,-2631494.2278566677,299.47263409221546,1961.6997260094263,1.0159177573560878,36.5
1624000,-2630651.2602497395,300.5340202869839,1963.3394672778084,1.0150692834677038,36.5
1626000,-2634068.745789198,299.95321792790673,1960.8971010587504,1.0163335879162165,36.5
1628000,-2633147.803100111,300.13515336356215,1959.017384603211,1.017308780369606,36.5
1630000,-2634651.2044488974,300.7119853778695,1958.9160056069027,1.017361428743908,36.5
1632000,-2634014.269566601,300.2288840985247,1958.279354059329,1.017692180700573,36.5
1634000,-2630898.5097487215,300.2862286011008,1957.737507338464,1.0179738492944959,36.5
1636000,-2633004.491619084,299.758604591784,1958.454493026762,1.01760117140813,36.5
1638000,-2630290.0674595796,301.31014250159285,1959.3418317145672,1.0171403243657553,36.5
1640000,-2633790.180705324,300.5458054668484,1962.2464994284712,1.0156346752734746,36.5
1642000,-2633347.177465737,299.8717596781659,1961.2276264536563,1.0161623053705444,36.5
1644000,-2631812.6326260604,300.91334452679314,1960.72754701966,1.016421475427746,36.5
1646000,-2630749.3382406533,299.71871933625613,1958.7733759621578,1.0174355087272995,36.5
1648000,-2630396.598413963,300.0984827564112,1957.6244299385535,1.0180326500707302,36.5
1650000,-2633102.284626549,300.5076127778483,1961.5898608112418,1.0159746571229453,36.5
1652000,-2631615.8545788825,299.9356943090855,1963.906120149109,1.0147764018894323,36.5
1654000,-2634977.300059952,300.63649467617034,1959.1484859462446,1.0172407045967162,36.5
1656000,-2629721.8555784933,300.09335943053065,1961.643344983107,1.0159469565914951,36.5
1658000,-2634523.2919634804,299.57852220347445,1956.6160492586553,1.0185573132800632,36.5
1660000,-2633916.9886309,300.1925670923206,1958.3730565405917,1.0176434870759468,36.5
1662000,-2634844.9046871793,299.22530718632754,1960.4422883967597,1.0165693721508902,36.5
1664000,-2631336.6160821617,299.884710813536,1964.9062049150298,1.0142599078105763,36.5
1666000,-2631213.1045778375,302.0553211449833,1962.1187160700022,1.0157008186768892,36.5
1668000,-2631168.1766682826,299.2254234901338,1961.0361394992635,1.016261529357856,36.5
1670000,-2634237.142230451,299.56332847171507,1959.6726457049037,1.0169686200506631,36.5
1672000,-2630934.4750491343,301.216354878175,1960.833631331572,1.01636648536071,36.5
1674000,-2631026.0664756875,299.9641026805474,1958.8467342661354,1.0173974060304314,36.5
1676000,-2633586.013451362,301.1201217626957,1956.9817561843,1.0183669724848794,36.5
1678000,-2633631.537574712,299.99223056607855,1958.9651186787928,1.0173359225495855,36.5
1680000,-2635237.9098219257,300.48243979151727,1959.9361944135899,1.0168318703098538,36.5
1682000,-2635824.0596849956,300.81650935498544,1959.5117165133931,1.0170521408259854,36.5
1684000,-2633078.9960533474,300.356639378093,1958.4466982060192,1.0176052215662097,36.5
1686000,-2634635.65722508,299.83414699475793,1959.9520422775943,1.016823648367251,36.5
1688000,-2632159.327888716,300.2725877395266,1960.5622108429773,1.0165071912697201,36.5
1690000,-2634584.090089144,300.32717235062046,1959.6484918247381,1.0169811548181396,36.5
1692000,-2633376.262699317,301.03738247759145,1959.4962875310873,1.0170601490470699,36.5
1694000,-2630771.3773221057,300.98514647659863,1961.7769746163972,1.0158777537101238,36.5
1696000,-2630584.500308754,301.0160158994485,1960.1245178652553,1.016734175859407,36.5
1698000,-2630591.105398409,300.399414700227,1960.7685722209421,1.0164002088202493,36.5
1700000,-2630311.123145638,300.5285493167697,1959.6909973034772,1.0169590966105377,36.5
1702000,-2633475.8428255524,298.1821722176087,1960.0212773504534,1.0167877304615662,36.5
1704000,-2634172.2080459204,300.8034214988963,1959.7672134852114,1.0169195466380767,36.5
1706000,-2632199.3458854333,300.33107312382515,1962.284456684791,1.0156150294440613,36.5
1708000,-2632190.515537489,300.2630705724604,1962.5743763942396,1.0154649985368052,36.5
1710000,-2630097.618115101,300.91846707140365,1963.0773177946073,1.0152048358912695,36.5
1712000,-2632601.708945144,301.038794276511,1956.261463544356,1.0187419337304553,36.5
1714000,-2632682.7252053935,300.52112500827025,1957.7617275573016,1.017961255550807,36.5
1716000,-2633396.1616054308,300.00862804549513,1961.4371652921375,1.0160537495253998,36.5
1718000,-2632700.1542214677,299.2589691023107,1958.0393993350197,1.0178168973159458,36.5
1720000,-2634657.006449718,300.3687075025381,1959.4972379749913,1.017059655727355,36.5
1722000,-2633719.378079541,298.98315771022015,1959.9980817976527,1.016799763612878,36.5
1724000,-2633351.731834756,299.05920160120206,1959.552072621065,1.0170311950872748,36.5
1726000,-2635013.7182482593,301.7708832683771,1956.921065231828,1.018398555599101,36.5
1728000,-2632734.371457346,299.7951165115837,1960.3783708709811,1.0166025170784283,36.5
1730000,-2633135.1396021824,301.60698893742017,1958.3168951356795,1.0176726714679498,36.5
1732000,-2630151.4447936825,299.60465216610345,1959.10985540039,1.0172607629735224,36.5
1734000,-2629989.2158616073,299.8653504736436,1963.887926622431,1.0147858028136345,36.5
1736000,-2633110.7336954903,299.570273482866,1958.97687075411,1.0173298194615077,36.5
1738000,-2630863.0275453907,301.0009379913913,1959.4084882898374,1.0171057225504643,36.5
1740000,-2631769.243366545,300.54284479956203,1961.7997761778893,1.0158659463894424,36.5
1742000,-2630995.3938259277,299.3433685447912,1960.7139454515868,1.016428526392993,36.5
1744000,-2631573.8261758927,299.9041653400212,1958.466571526035,1.0175948955312841,36.5
1746000,-2631308.001176914,299.4771146932536,1961.8521786140104,1.0158388119034993,36.5
1748000,-2634953.458497001,300.50213616258384,1959.6792028689586,1.0169652172334722,36.5
1750000,-2634527.343560055,300.21089890678326,1958.763069605257,1.0174408621330477,36.5
1752000,-2631216.4532254823,301.7549680518319,1961.452251988921,1.0160459344512276,36.5
1754000,-2632501.6556266695,298.9097229235158,1959.002987571589,1.0173162567373162,36.5
1756000,-2633011.3863135595,301.43658863896655,1958.6770311077055,1.0174855550976027,36.5
1758000,-2631185.7035630476,300.25533453728264,1962.0035585201674,1.0157604340721498,36.5
1760000,-2632711.4338959586,298.81933412054855,1958.5083647003903,1.01757318078058,36.5
1762000,-2638471.057747815,299.89197675491636,1958.3032213085792,1.0176797773543125,36.5
1764000,-2632457.617900012,301.1725831611442,1959.3365378094052,1.0171430725635813,36.5
1766000,-2629743.032505989,299.97902338579377,1961.7366474411112,1.015898636982247,36.5
1768000,-2633274.791319197,301.1268014258077,1962.7015566573823,1.0153991978523924,36.5
1770000,-2635785.6426050123,301.4551584468468,1959.6785304691641,1.0169655661719295,36.5
1772000,-2632716.368120797,299.69855171699476,1957.898968675473,1.0178899004179827,36.5
1774000,-2632458.152253721,299.9734906926234,1954.3440430991789,1.0197414284811321,36.5
1776000,-2634727.2038229536,301.33378364953364,1956.707604871429,1.0185096543254344,36.5
1778000,-2634958.1762242243,300.83588537541823,1957.4430577382627,1.0181269786495264,36.5
1780000,-2633007.295673605,300.5710078074931,1959.6136572202945,1.0169992329408983,36.5
1782000,-2630618.9098837115,300.2832772139448,1960.1751355499478,1.0167079206901641,36.5
1784000,-2631140.3818475213,300.40701000221134,1958.675335465485,1.0174864359436697,36.5
1786000,-2632796.4310593307,300.9868054917614,1961.1056830216853,1.01622549131714,36.5
1788000,-2633204.7329562698,299.03159587463546,1959.1076168848215,1.0172619253160275,36.5
1790000,-2632337.1588982046,299.2607557633084,1959.2043914391904,1.0172116778431608,36.5
1792000,-2629611.4877037667,300.461571026533,1961.181553148482,1.0161861776917613,36.5
1794000,-2635658.7008473985,300.79131049151454,1959.6981919071857,1.0169553630674246,36.5
1796000,-2632190.2797988895,299.66152268848737,1961.909748403145,1.015809003383386,36.5
1798000,-2632430.301821409,300.17838764019103,1960.6339792395195,1.0164699823403824,36.5
1800000,-2630807.319896983,300.14650343951166,1960.9643456346353,1.0162987362264198,36.5
1802000,-2633658.6510080937,299.4543338589908,1963.8512895181887,1.0148047343964075,36.5
1804000,-2636387.7831796594,299.0533075974358,1956.6019809657196,1.0185646368761725,36.5
1806000,-2631783.990337031,300.19997990501804,1958.6481662937886,1.0175005498943797,36.5
1808000,-2632525.91411509,300.74790978563976,1957.455566300425,1.0181204725991102,36.5
1810000,-2633417.4689519685,300.8833176300468,1956.2102112177195,1.0187686245707581,36.5
1812000,-2631613.383211689,300.45831397527957,1962.7519062208037,1.01537315028818,36.5
1814000,-2633056.8638935853,300.0197272312696,1962.9312983638422,1.0152803554126966,36.5
1816000,-2633030.235416578,301.03921717348726,1958.394906892693,1.0176321329468956,36.5
1818000,-2634791.6681624856,300.41184588543547,1962.0518394524229,1.0157354388810345,36.5
1820000,-2632197.88786475,299.67575257336335,1962.0838580213542,1.0157188634451615,36.5
1822000,-2629457.829811873,299.94473249491733,1958.896951797672,1.0173713244204334,36.5
1824000,-2633878.2866469007,300.75600196396033,1960.531618110072,1.0165230531577467,36.5
1826000,-2633250.0137447193,300.20635447559766,1958.0132771606598,1.017830476177115,36.5
1828000,-2634767.6198969204,301.1487335460644,1958.1786807267545,1.0177445020052498,36.5
1830000,-2632497.896135524,299.9964479815102,1957.1607395252163,1.0182738423094508,36.5
1832000,-2631556.426634105,300.0507031911652,1962.9527232811813,1.0152692739956901,36.5
1834000,-2634490.308886403,301.3967419442695,1958.9606918634627,1.0173382215024316,36.5
1836000,-2630250.960296383,300.343050946461,1962.3420745006483,1.0155852091999211,36.5
1838000,-2630490.3534105085,300.0331239260443,1961.2924712587505,1.0161287087256778,36.5
1840000,-2632960.5818529017,300.1861302912333,1961.8017694867444,1.0158649142084046,36.5
1842000,-2631847.7258561924,300.18029280870707,1964.0523047753813,1.0147008719716701,36.5
1844000,-2634616.4917170964,300.6486320604276,1960.6359935013033,1.0164689380687038,36.5
1846000,-2634574.08439485,300.86608957005296,1958.2362817884957,1.017714565289011,36.5
1848000,-2632809.59740741,299.8843820341174,1959.1068452086747,1.0172623260071714,36.5
1850000,-2633561.570806969,299.3140153277954,1955.324824673002,1.0192299310611135,36.5
1852000,-2635417.5820399057,299.7802290824605,1956.9369855694968,1.018390270585835,36.5
1854000,-2632700.396548776,300.1577112923018,1957.3681262301664,1.0181659543480275,36.5
1856000,-2634183.9445117656,300.2269960618751,1959.3688427253785,1.0171263025094823,36.5
1858000,-2634372.503293503,298.8131822873196,1956.3909340542568,1.018674515181677,36.5
1860000,-2634015.8138266075,300.04056770432993,1957.7826688600544,1.0179503669904055,36.5
1862000,-2631726.067554148,300.4826021913318,1962.0457378263507,1.0157385976442157,36.5
1864000,-2634224.2188306227,300.71228113315766,1960.0425224520682,1.016776709395234,36.5
1866000,-2631657.525709916,300.16430505487307,1961.7638824048836,1.0158845333672184,36.5
1868000,-2631816.4489742536,300.9233439776218,1961.9732881508473,1.015776105765371,36.5
1870000,-2636009.150264332,301.6682127976466,1958.6060598694355,1.0175224242829108,36.5
1872000,-2633300.447498588,300.2646085412469,1956.2537249473019,1.0187459636950897,36.5
1874000,-2634683.2221641988,299.377134790645,1957.1254992229287,1.0182921775046279,36.5
1876000,-2633033.1634973977,300.07342893762285,1960.5693974699998,1.0165034651797085,36.5
1878000,-2636004.352543136,299.0184250153876,1959.7796975594456,1.0169130687165397,36.5
1880000,-2632424.4841447733,300.03401136076303,1961.8726401521494,1.0158282171155566,36.5
1882000,-2632582.608689869,300.9080762352558,1960.8358847087559,1.0163653173603349,36.5
1884000,-2630706.6882940046,298.7175232498429,1958.7427371882043,1.0174514235158891,36.5
1886000,-2633072.5550712775,300.10170333889755,1958.4531615042195,1.0176018632597021,36.5
1888000,-2633842.42305818,300.37168370282535,1958.5218806730613,1.017566158397303,36.5
1890000,-2634216.305283703,301.7988194153217,1960.2398034430425,1.0166743797126732,36.5
1892000,-2633795.9329600334,300.0706113775818,1958.7055575340576,1.017470736521814,36.5
1894000,-2631648.1693051923,300.87253172814343,1960.5054754417988,1.0165366081441027,36.5
1896000,-2629376.983722098,300.25704557463325,1958.1708856842413,1.0177485534196173,36.5
1898000,-2632716.8961793017,299.55838226208914,1959.4973741505323,1.0170595850466537,36.5
1900000,-2633566.438031113,300.3816387157462,1959.9556758833498,1.0168217632550993,36.5
1902000,-2630337.1591566596,300.68701394145455,1962.2891051283736,1.0156126235655627,36.5
1904000,-2630564.1044651475,298.5275319416386,1960.4618265450274,1.0165592409242328,36.5
1906000,-2632025.99118744,300.99824278552745,1959.4888659280277,1.0170640011826166,36.5
1908000,-2631529.9966091607,300.0821133281538,1959.450022286997,1.0170841632018148,36.5
1910000,-2630483.2000556383,299.68761573606764,1959.6460252294412,1.0169824348865302,36.5
1912000,-2630843.3307478875,300.8060784359596,1960.5094423452065,1.01653455127947,36.5
1914000,-2630371.1069245525,300.3993943442523,1961.341930103091,1.016103085171282,36.5
1916000,-2631175.0272549726,300.3027624732763,1962.010190317317,1.0157570006969387,36.5
1918000,-2632920.515686881,300.34385711072593,1959.9723890435787,1.0168130925691508,36.5
1920000,-2634749.119152304,300.02274335556007,1958.8197313717844,1.017411431146795,36.5
1922000,-2630816.1141722575,299.2974538424541,1959.7398981261088,1.0169337207244549,36.5
1924000,-2633291.5037342217,299.54854495664836,1963.854692023358,1.0148029761816226,36.5
1926000,-2632774.5124790873,301.0009130430247,1960.9873700799762,1.0162868036076484,36.5
1928000,-2633768.905869039,299.39654542373995,1959.3984787338343,1.017110918418891,36.5
1930000,-2632537.710858606,300.6381276076698,1958.017748959183,1.0178281516155412,36.5
1932000,-2633564.022861898,301.1384773709887,1959.5208811724028,1.017047384083582,36.5
1934000,-2631344.6124788728,300.38845225878237,1959.136621259579,1.017246865087053,36.5
1936000,-2632449.23618784,300.4741466037161,1959.7355984179783,1.0169359519020642,36.5
1938000,-2633463.7403433863,300.8103606224889,1962.6807262075856,1.0154099745527145,36.5
1940000,-2631097.6932059918,300.9751380193516,1958.254166633968,1.0177052704446308,36.5
1942000,-2631058.964425722,300.2065531131063,1961.2612738078221,1.0161448721129587,36.5
1944000,-2630444.302816186,300.79156209170003,1960.5267777148358,1.0165255628777872,36.5
1946000,-2634808.2736079935,300.4816451353091,1958.8805587568552,1.017379838369675,36.5
1948000,-2633635.916778937,299.7043753543691,1958.5430130334612,1.017555179024041,36.5
1950000,-2632118.035369631,299.757480315861,1959.5059092943388,1.0170551549759013,36.5
1952000,-2633414.1339124627,301.12348553174036,1957.6297143784302,1.0180299019859966,36.5
1954000,-2632227.5500393994,301.1494118213184,1958.0528472262504,1.0178099069576685,36.5
1956000,-2633367.0196353514,300.3491397083637,1958.059837070207,1.017806273599641,36.5
1958000,-2633519.461601699,301.0061636352749,1958.4792302921362,1.0175883182362233,36.5
1960000,-2631979.247696195,300.25511575005265,1960.4293192264026,1.0165760972397457,36.5
1962000,-2632804.047235949,300.5741486075113,1961.9452045489325,1.015790645749323,36.5
1964000,-2632986.1205744017,300.563681420629,1959.003565532142,1.0173159566007177,36.5
1966000,-2633644.9077578187,299.9846867269969,1960.113635424711,1.0167398207103067,36.5
1968000,-2633308.775522709,300.37854110097027,1958.5003787852652,1.0175773300026802,36.5
1970000,-2634457.2394194026,301.3255733992068,1961.014681514259,1.0162726495829433,36.5
1972000,-2635248.237535972,301.56417540925867,1957.6981842576188,1.017994296709882,36.5
1974000,-2631274.9426340386,301.0220922702878,1960.2747843873663,1.0166562372409365,36.5
1976000,-2632959.578239577,299.7576397885704,1959.0551282050517,1.0172891806671767,36.5
1978000,-2632272.6810536217,299.66928368175195,1961.9271849373656,1.015799975429349,36.5
1980000,-2632299.2580926046,301.1565389419552,1958.734504800982,1.0174556997738904,36.5
1982000,-2632753.2105314136,300.5381020628981,1957.9537384912264,1.0178614269963653,36.5
1984000,-2633627.9897041228,299.2639616083095,1957.0149860521117,1.018349680742036,36.5
1986000,-2634641.7589449827,300.6355444066399,1954.6257796118696,1.0195944446457077,36.5
1988000,-2633404.0768584814,300.97896566935935,1959.0363368043531,1.0172989386733253,36.5
1990000,-2632716.6361098513,300.9004561966189,1957.942499878047,1.0178672695330329,36.5
1992000,-2629797.40641007,300.8417570407668,1964.9334898813318,1.014245823849186,36.5
1994000,-2633972.497321466,300.3970417807172,1962.1588984532189,1.0156800184860577,36.5
1996000,-2634322.836358959,301.3533577760841,1956.8320535505145,1.0184448801508255,36.5
1998000,-2633441.84318834,300.74096974583796,1959.4935517524518,1.0170615690320575,36.5
2000000,-2635020.336596111,299.5239039704443,1958.481604938073,1.0175870844171466,36.5
2002000,-2633569.574488433,299.46160981692725,1959.7815884255701,1.0169120875630864,36.5
2004000,-2631201.0176073965,299.1550755326634,1961.1877091509937,1.0161829879692106,36.5
2006000,-2633607.7983851507,300.5906400988683,1959.2746457816725,1.0171752033561636,36.5
2008000,-2635569.478057444,299.7193442554051,1960.0660833786728,1.016764487255569,36.5
2010000,-2632629.342015989,300.3063735109147,1958.4617913329907,1.0175973792662558,36.5
2012000,-2630407.4604027458,300.73400126064524,1962.9594928681736,1.0152657726734795,36.5
2014000,-2635505.2513726875,299.5662179083997,1958.756895950368,1.0174440689264819,36.5
2016000,-2634468.509514883,300.16967540305836,1956.2739298956137,1.0187354417997534,36.5
2018000,-2631599.926710747,299.7849936160148,1960.8576495332888,1.0163540360657448,36.5
2020000,-2634558.6231841333,300.04141564006545,1961.7573603252235,1.015887910787885,36.5
2022000,-2633869.6616815366,299.5835299480368,1958.4476472079368,1.0176047284668366,36.5
2024000,-2633250.8862494957,300.45732945349954,1960.3511464203573,1.0166166351842996,36.5
2026000,-2634621.795099007,300.4971800785529,1959.939385426517,1.016830214787409,36.5
2028000,-2633260.8182731885,300.4952247768525,1958.4642114691699,1.017596121788984,36.5
2030000,-2632838.7070918903,300.54955315903214,1959.9397003175995,1.0168300514197468,36.5
2032000,-2630337.495003026,300.5932586878239,1960.6747478791885,1.0164488467091464,36.5
2034000,-2632716.9745135326,299.58566317313966,1960.8444207296045,1.0163608928810406,36.5
2036000,-2632203.467002334,301.575694026695,1959.937003784038,1.0168314504016296,36.5
2038000,-2636703.778046904,300.6107776195179,1962.4628226506088,1.015522721374051,36.5
2040000,-2634693.0288469624,299.5164365277861,1960.677921601329,1.0164472013975052,36.5
2042000,-2630641.6835387144,298.7558574322979,1961.7981779124602,1.01586677400945,36.5
2044000,-2631807.776212482,299.07846344068884,1959.3374121358838,1.0171426186779384,36.5
2046000,-2631295.4829263743,300.34731202975024,1959.9476563258006,1.0168259238053168,36.5
2048000,-2633491.510548465,299.90002171434486,1958.703264729614,1.017471927545216,36.5
2050000,-2634643.849363474,299.16623496794944,1956.9568736127749,1.0183799209506188,36.5
2052000,-2635938.1508502793,301.2505915084783,1959.6653928662845,1.016972383912243,36.5
2054000,-2632735.1362466495,300.4849709500882,1957.283148063504,1.018210159437232,36.5
2056000,-2631985.1908845715,299.96405564995115,1961.0791949580164,1.0162392173541024,36.5
2058000,-2631184.810581073,299.1817171444742,1961.49660934294,1.016022957552364,36.5
2060000,-2631834.204828676,301.1516027910732,1958.3520826319607,1.0176543860157778,36.5
2062000,-2633262.502399761,301.10552840023985,1957.9343324750716,1.017871515503915,36.5
2064000,-2631705.6646553297,300.92906747979015,1960.6322630850118,1.016470872063343,36.5
2066000,-2634235.209270831,300.16933530645554,1958.4878927224818,1.017583817423142,36.5
2068000,-2634731.4080009237,300.0294624697549,1962.4263157238945,1.0155416130966441,36.5
2070000,-2628410.048979195,300.69234692836517,1963.668784873466,1.0148990510036382,36.5
2072000,-2634548.5535608716,301.3580134710844,1959.8572720013995,1.0168728175896091,36.5
2074000,-2633551.0113526545,300.3439298822035,1959.7472199358765,1.0169299213593255,36.5
2076000,-2635003.0731125735,300.33635890001045,1958.6415241613915,1.0175040004356262,36.5
2078000,-2632047.9098996446,300.0231962675006,1959.5190504194936,1.0170483342975936,36.5
2080000,-2633313.848022772,299.7632371640596,1960.195250711153,1.0166974874214805,36.5
2082000,-2635686.305923125,299.68327290450344,1959.9222860129992,1.0168390861597305,36.5
2084000,-2633721.926021572,299.00621378665625,1957.0590159837177,1.0183267699016227,36.5
2086000,-2631926.88240142,300.3156565528202,1961.1476084044493,1.0162037664645511,36.5
2088000,-2634608.881390473,300.40484120585836,1958.5400808827467,1.0175567024164769,36.5
2090000,-2634584.6775632743,300.66809491469587,1953.7754361160469,1.0200382036818563,36.5
2092000,-2633420.8840205036,300.2767888549637,1958.6880638397324,1.0174798238912517,36.5
2094000,-2636460.553520888,298.25761650984737,1959.9024447098504,1.016849380249937,36.5
2096000,-2633099.7963054813,300.7357706466846,1959.758541074099,1.0169240467559186,36.5
2098000,-2632154.8994715773,300.66072709142674,1961.200945715276,1.0161761295330711,36.5
2100000,-2632858.4230229035,301.70904908771496,1963.1488353846821,1.0151678519387608,36.5
2102000,-2633669.2946234364,301.23853191665376,1965.309076619025,1.0140519931256982,36.5
2104000,-2631812.6587116737,299.35226966497606,1960.8294567307785,1.0163686492023036,36.5
2106000,-2633362.87452654,300.2110459164682,1963.6954292196342,1.0148852803744264,36.5
2108000,-2631255.462806158,299.87683135644266,1960.770061465088,1.0163994368439273,36.5
2110000,-2633037.959466722,300.9295111032484,1960.052268911734,1.0167716534212967,36.5
2112000,-2632907.8788009174,299.5451353587035,1961.069611180019,1.0162441837311222,36.5
2114000,-2631069.129499752,300.37271066540035,1955.8591148510397,1.0189515037770658,36.5
2116000,-2634433.71684506,300.4814527748692,1960.1747895020749,1.016708100179062,36.5
2118000,-2633052.078526074,300.7794783429612,1958.5647305939062,1.0175438958554215,36.5
2120000,-2634748.726254193,300.5443608498884,1960.9298224894092,1.0163166286713514,36.5
2122000,-2631935.1644894723,300.7015841538211,1961.0153848251155,1.0162722851005466,36.5
2124000,-2632093.310576372,299.69204588484996,1957.5744391111105,1.0180586477000022,36.5
2126000,-2634952.562795358,299.2989364785906,1958.314321510515,1.0176740088977831,36.5
2128000,-2632321.534628324,300.46973407947416,1961.6029580024858,1.015967873683754,36.5
2130000,-2634972.379071325,299.7947480491774,1958.6567633359698,1.017496083825944,36.5
2132000,-2633498.019036649,300.2650737825346,1957.3412401473477,1.018179939898227,36.5
2134000,-2632431.203319948,299.87875913147775,1957.8551925839672,1.017912659629998,36.5
2136000,-2634430.2780944537,299.6721998785031,1957.3446077375925,1.018178188130644,36.5
2138000,-2630117.447974613,300.1903696839265,1962.9423124450204,1.0152746586684867,36.5
2140000,-2634284.0751389973,301.5675319881687,1959.8896467514842,1.0168560202135974,36.5
2142000,-2630460.3560599126,299.61286373865306,1960.987395847433,1.0162867902535972,36.5
2144000,-2632630.65096806,299.9058197118123,1960.1491468000027,1.016721400770474,36.5
2146000,-2634930.577091882,300.81042054959516,1959.6445271979292,1.0169832123090237,36.5
2148000,-2630341.390346857,301.8077955361284,1963.0882341882375,1.0151991905130278,36.5
2150000,-2631724.5336411837,299.28615320607906,1960.7307233969073,1.016419828828338,36.5
2152000,-2631885.6800121665,300.0849379776539,1958.8995336466505,1.0173699835149561,36.5
2154000,-2630159.6143488064,299.030472155309,1958.7349787412786,1.0174554535878257,36.5
2156000,-2634427.7900298852,300.79241467678753,1960.9212991496136,1.0163210461928347,36.5
2158000,-2634658.3625820987,299.55766721780935,1960.0598787548352,1.0167677058517166,36.5
2160000,-2631174.642939627,299.6090654044656,1959.2923415453433,1.0171660165229235,36.5
2162000,-2633327.5708493404,299.70078386234997,1957.0358603355173,1.0183388187439129,36.5
2164000,-2630702.072046656,301.30331115110414,1961.804455269849,1.0158635234516367,36.5
2166000,-2632789.2036462054,299.2088763129367,1961.9749581131773,1.0157752411733814,36.5
2168000,-2632410.0898342673,300.3397874826262,1960.2725945552768,1.016657372953622,36.5
2170000,-2630319.959748579,300.21331268481055,1960.4041753338583,1.0165891357144,36.5
2172000,-2633118.125408722,301.04555143884113,1960.475288604507,1.016552260483803,36.5
2174000,-2630632.3255079687,300.5071728429305,1963.1911507379218,1.015145970632788,36.5
2176000,-2630816.08594089,300.6244329366825,1961.4153618736138,1.0160650441474233,36.5
2178000,-2633628.2751154304,299.56232008935405,1961.07945492469,1.0162390826383325,36.5
2180000,-2632310.204116389,300.2416292764316,1958.6168703263313,1.0175168081348651,36.5
2182000,-2632176.7710846476,299.8193065004125,1957.313662840152,1.018194285407338,36.5
2184000,-2634600.940427417,299.6821533529039,1958.5643467514158,1.017544095275259,36.5
2186000,-2632508.2566439584,300.6476053960914,1958.9520078941014,1.0173427313290686,36.5
2188000,-2631801.784646442,301.05215801514095,1961.864941215387,1.015832203525141,36.5
2190000,-2632479.6007824466,299.5649084191999,1961.1702774129424,1.0161920202474695,36.5
2192000,-2632882.9626068193,298.93885469093607,1960.0910224083536,1.016751550550367,36.5
2194000,-2633729.4326097555,299.28619592977407,1957.9330669042342,1.0178721734367773,36.5
2196000,-2633646.077691324,299.8339651446754,1958.7797281630599,1.0174322092471877,36.5
2198000,-2632849.198583789,300.7097998776886,1958.952520527231,1.0173424651033265,36.5
2200000,-2635004.8646704126,299.5773521905213,1956.862122231814,1.018429230967281,36.5
2202000,-2634971.327542804,300.65465403854483,1955.9770805952487,1.018890050412582,36.5
2204000,-2633727.0175891984,300.0283703258708,1959.768851730041,1.016918696556605,36.5
2206000,-2632723.4507965147,300.5553288945937,1957.3112881758614,1.0181955207088584,36.5
2208000,-2632932.0864537954,300.42937876810777,1960.1173529551493,1.0167378923761559,36.5
2210000,-2631887.490612855,300.60710377838046,1957.0278846398267,1.018342968894553,36.5
2212000,-2632498.7740298063,300.0753381738517,1956.3605504734128,1.0186903358745845,36.5
2214000,-2634482.0897442847,300.18381320364347,1959.914762967147,1.0168429892514432,36.5
2216000,-2631622.997041382,300.2841413297788,1961.6837031089467,1.0159260553039655,36.5
2218000,-2632375.0214339998,301.53798311461134,1957.3278357493257,1.0181869127154137,36.5
2220000,-2633288.0063190144,300.87078614726033,1959.0197454311603,1.017307554403912,36.5
2222000,-2629315.058496356,300.700852136752,1961.6707638497573,1.015932756393052,36.5
2224000,-2633220.886360064,300.5867062197494,1959.1234892607195,1.017253683689732,36.5
2226000,-2634939.8300901353,300.4026857423741,1960.7688570991604,1.0164000611484423,36.5
2228000,-2632577.723604195,300.52345405496055,1957.7489244171607,1.0179679127377683,36.5
2230000,-2632159.081236258,299.85670043841486,1958.9834195813307,1.0173264185561464,36.5
2232000,-2631870.914600989,300.0068121755997,1957.8670019055237,1.0179065198575301,36.5
2234000,-2632226.6310823467,299.9610865718729,1955.1370703592406,1.0193278090151314,36.5
2236000,-2633712.493937064,300.2579506220381,1956.9835312388084,1.018366048789377,36.5
2238000,-2634567.83306841,300.7305080815033,1956.0093920642928,1.0188732192897578,36.5
2240000,-2634599.4734770674,298.9845571531437,1958.9024267585055,1.0173684809566252,36.5
2242000,-2632986.360200966,300.8448769682299,1961.5604832144563,1.0159898730156374,36.5
2244000,-2632685.461074779,299.5315572656783,1963.1477970913381,1.0151683888530092,36.5
2246000,-2632379.458942009,301.0252991715477,1962.103993208993,1.015708440098604,36.5
2248000,-2634898.600840358,301.32611047776294,1955.0896049056691,1.0193525561452228,36.5
2250000,-2634698.0017261915,300.8189937445222,1956.1957705134757,1.0187761451556716,36.5
2252000,-2629542.1103816424,300.86337725450846,1962.5992389703226,1.0154521344353196,36.5
2254000,-2632544.4647827614,300.0753752573815,1961.667186001641,1.0159346093338184,36.5
2256000,-2633058.0247590058,299.67809268818803,1959.5966378221378,1.017008065735636,36.5
2258000,-2634252.7600784693,299.688720360851,1956.0382119585315,1.0188582074059187,36.5
2260000,-2633698.2388168816,299.69158863682514,1961.196855965596,1.0161782485992872,36.5
2262000,-2630034.3478394262,301.24758704702043,1960.8303985921223,1.0163681610018236,36.5
2264000,-2632907.691118488,299.96326906580396,1959.159109470814,1.0172351886171482,36.5
2266000,-2632779.820042575,300.9401828805261,1956.7468492121664,1.0184892271864128,36.5
2268000,-2633128.0017855056,299.91630071962595,1956.9716750090329,1.0183722185168314,36.5
2270000,-2633929.4243930727,299.68852177924884,1956.134077618916,1.018808275493782,36.5
2272000,-2631162.597630821,300.3634030471157,1964.3285722744124,1.0145581622050248,36.5
2274000,-2630710.22724228,299.65331570717007,1963.2562434556833,1.0151123129732882,36.5
2276000,-2631421.398723481,299.3708941885489,1962.9116754251604,1.0152905050207552,36.5
2278000,-2630878.5110013764,299.88516865775745,1965.3190010753294,1.014046872371922,36.5
2280000,-2634438.2074564304,300.05974731367945,1961.071910449967,1.0162429922298322,36.5
2282000,-2632674.9026140627,300.19855516856046,1960.1227403786872,1.0167350978584755,36.5
2284000,-2633792.9847730733,299.9061283647262,1961.1986622136556,1.016177312707363,36.5
2286000,-2632204.317639664,299.2576811549916,1956.3172261787006,1.0187128956311216,36.5
2288000,-2634524.992831316,299.94595923154753,1959.3151656316402,1.0171541675435725,36.5
2290000,-2631883.338797845,300.68352433019083,1963.563673807084,1.014953379326648,36.5
2292000,-2631320.0255244747,300.82412989704005,1957.5702729784828,1.018060814348836,36.5
2294000,-2634808.3341600895,300.21304085203786,1961.0668907856086,1.016245593466308,36.5
2296000,-2633028.062673766,300.35132197067946,1959.8487542246685,1.0168772370610633,36.5
2298000,-2634014.980516264,300.49948105144375,1958.017136594936,1.0178284699383782,36.5
2300000,-2632867.956768524,299.77048391336535,1957.954309853521,1.0178611299681672,36.5
2302000,-2634619.0843339562,301.2508148571774,1959.8240652162244,1.016890047236802,36.5
2304000,-2635201.5110429395,299.6801192574053,1958.0125010950744,1.0178308795980349,36.5
2306000,-2632172.9653844275,301.1749499366837,1959.6401287430606,1.0169854949499513,36.5
2308000,-2635813.907845011,299.8367340458359,1960.4370505910363,1.0165720881742757,36.5
2310000,-2631443.6872584615,300.9505320411424,1962.9022177713698,1.0152953968926002,36.5
2312000,-2634055.5209474247,302.0349354532392,1958.0311649084147,1.0178211777067223,36.5
2314000,-2633814.681593947,299.9338034824985,1961.230568219312,1.016160781168638,36.5
2316000,-2633259.473171925,300.38356721434815,1959.1684891415512,1.017230318524972,36.5
2318000,-2633285.2464610133,301.19575401135137,1959.491628293223,1.0170625673912408,36.5
2320000,-2636503.7959185,299.6426575690298,1959.6171847961057,1.0169974022048125,36.5
2322000,-2632696.9532271996,298.7306001805749,1959.4661242580253,1.017075805282519,36.5
2324000,-2634203.370020639,301.1486294701047,1959.0285882138917,1.0173029624190226,36.5
2326000,-2632456.3432759196,300.7621843972965,1959.7181201488233,1.016945021716798,36.5
2328000,-2631851.8067475446,301.1803233486765,1958.3520284984465,1.017654414146169,36.5
2330000,-2633083.8678078763,300.77910593613757,1958.5706322959204,1.0175408297209865,36.5
2332000,-2632512.702307917,299.82031877349124,1959.560127964921,1.0170270142836997,36.5
2334000,-2631919.7595284227,300.71636942767475,1962.441813103989,1.0155335933763778,36.5
2336000,-2635158.3781623915,299.2038481667308,1956.2500243645027,1.0187478908279937,36.5
2338000,-2631713.489338672,300.00561047643913,1959.7565109112195,1.0169251002140598,36.5
2340000,-2628241.287132859,299.3344184927968,1963.7541215487474,1.014854947666154,36.5
2342000,-2632652.3842701484,300.8835158924882,1960.960490609552,1.0163007341540369,36.5
2344000,-2632640.8592213374,299.6682787554565,1960.0318590257014,1.0167822411030591,36.5
2346000,-2631087.09617796,301.200156199268,1963.297721744626,1.015090866851612,36.5
2348000,-2631029.2539343275,300.9618903160438,1959.9016686343934,1.0168497828986311,36.5
2350000,-2631265.583594838,300.9579832618671,1959.8812286578575,1.016860387819684,36.5
2352000,-2632687.6223911922,299.44909835824245,1961.2253049611145,1.0161635081967608,36.5
2354000,-2631254.5343412776,300.3149745122585,1961.173258139799,1.0161904757685032,36.5
2356000,-2633865.387552269,301.10291646759276,1957.3493372713526,1.0181757279116004,36.5
2358000,-2634034.875121504,301.1793847751886,1958.5944485413058,1.0175284565611888,36.5
2360000,-2633017.905287726,299.1193880143568,1956.7493238095576,1.0184879391569481,36.5
2362000,-2633306.194315834,300.2041631763124,1961.5083744411297,1.0160168634617068,36.5
2364000,-2631967.086879013,300.6875448431395,1956.7431111045294,1.018491172879916,36.5
2366000,-2632794.3244620357,299.828781832425,1959.2730566129153,1.017176028388207,36.5
2368000,-2634287.1772870477,300.63642077322305,1959.8681629694038,1.0168671668374156,36.5
2370000,-2631959.234247474,299.9039872996113,1959.339041418283,1.0171417728760985,36.5
2372000,-2634498.134833187,300.9606172960701,1962.3428600992738,1.0155848026234962,36.5
2374000,-2635079.534609668,301.25857881949173,1958.551224161325,1.0175509129749427,36.5
2376000,-2635274.6133725345,300.02652978386544,1957.904434408355,1.017887058852173,36.5
2378000,-2632615.7162646335,299.4197326360504,1959.219425354033,1.0172038723500427,36.5
2380000,-2633213.085989073,301.0521767050028,1957.2018687990283,1.0182524439732115,36.5
2382000,-2633850.7818326335,300.89931557772167,1958.836563911089,1.0174026883970329,36.5
2384000,-2632430.072100986,300.69609448044446,1961.0841982990173,1.016236624609055,36.5
2386000,-2635801.9543894064,300.1078560752807,1960.8641423500671,1.0163506707124825,36.5
2388000,-2631512.888827104,300.29659803910056,1960.4732458905116,1.0165533196798588,36.5
2390000,-2633460.534665307,300.45070880558904,1958.3803048696957,1.017639720588464,36.5
2392000,-2632550.055271866,300.78624925087837,1960.5632753260218,1.016506639359622,36.5
2394000,-2632543.948146729,300.12663600134726,1957.8286971311609,1.017926435123673,36.5
2396000,-2636868.117088314,299.08824580668954,1956.2327559464775,1.0187568837069787,36.5
2398000,-2632960.045803543,300.0185954598703,1957.816242982166,1.017932910403227,36.5
2400000,-2628980.1591237523,299.5349989541126,1962.8552451702437,1.0153196936744544,36.5
2402000,-2630008.824142998,300.2529917375647,1960.8197303441787,1.0163736907643897,36.5
2404000,-2631439.1552366354,300.23012167284014,1957.0704654140513,1.0183208123944127,36.5
2406000,-2632660.942000648,300.2245770244031,1961.0540342110799,1.0162522559228155,36.5
2408000,-2631327.2499269843,299.49187251214505,1958.964903636034,1.0173360342262792,36.5
2410000,-2630778.2653517146,300.6771655607481,1959.6824382776304,1.0169635382379276,36.5
2412000,-2632126.7044450957,299.9908572784065,1956.9918920156038,1.0183616980655625,36.5
2414000,-2634432.239276236,299.35060082311264,1960.9718652542567,1.0162948390874278,36.5
2416000,-2634881.411479229,302.0078093745768,1958.9534103989417,1.0173420029666185,36.5
2418000,-2632625.946258357,299.69268815077913,1960.4240675109677,1.0165788205119546,36.5
2420000,-2634161.9585058223,300.5863187407204,1958.1153908067972,1.0177773973945468,36.5
2422000,-2635947.215920262,300.4538853426733,1956.9083833251336,1.0184051554152038,36.5
2424000,-2634863.781835079,300.1764219667589,1956.4801762712611,1.0186280497110614,36.5
2426000,-2634231.437814994,299.33197292760485,1960.6537167695603,1.0164597497293708,36.5
2428000,-2631977.465094235,300.04113188101303,1959.8588453453522,1.0168720012600545,36.5
2430000,-2633694.8038287833,300.29686177174204,1959.904775114027,1.0168481711758675,36.5
2432000,-2634579.0656761527,299.8439000036264,1961.935246575893,1.015795801483123,36.5
2434000,-2634172.9206736777,301.1967963944237,1957.6312495619918,1.0180291036421967,36.5
2436000,-2632167.6214845646,299.1247462355019,1957.304355418581,1.0181991271497217,36.5
2438000,-2633664.625874674,300.3338522706718,1961.681928054427,1.0159269745784465,36.5
2440000,-2632929.021023363,300.0158687151074,1961.260982788903,1.016145022892169,36.5
2442000,-2631830.7548611443,300.6936594430271,1960.6304236973212,1.0164718256770315,36.5
2444000,-2632730.37340164,299.97425961395555,1958.5377337343614,1.0175579218755306,36.5
2446000,-2631388.125255555,299.7053411474745,1956.3025710432826,1.0187205270556559,36.5
2448000,-2632905.2484009694,299.84651452771396,1958.471265880765,1.0175924564087429,36.5
2450000,-2633212.650391033,300.66418587309715,1958.1954071315606,1.0177358086917694,36.5
2452000,-2632411.532138463,300.1197316725191,1963.4148527435354,1.0150303098037465,36.5
2454000,-2632311.2508073617,300.97352100872627,1959.296134379724,1.0171640474779327,36.5
2456000,-2635843.288570607,299.68067338952903,1960.2566156395528,1.016665660175995,36.5
2458000,-2630917.70159008,298.15966552837364,1959.5186507521785,1.0170485417367912,36.5
2460000,-2632051.445982389,299.744612594453,1958.2857843012325,1.0176888389988878,36.5
2462000,-2634376.5392192397,301.0741087414282,1960.933321275452,1.0163148153131936,36.5
2464000,-2632087.5881445874,301.0509700601943,1959.9732513485658,1.0168126452145758,36.5
2466000,-2630561.3368728366,300.80895983418526,1961.8176773707564,1.0158566768164117,36.5
2468000,-2631951.9381646942,302.3657772661719,1961.0617586638969,1.016248252992991,36.5
2470000,-2633077.5776663963,299.7398150974973,1960.4207135437794,1.01658055971619,36.5
2472000,-2632897.7087864056,300.2437157698737,1960.9800789496564,1.016290582268945,36.5
2474000,-2632301.1243349537,300.4224891085467,1961.5833327730645,1.0159780382290338,36.5
2476000,-2635488.879362736,299.969030225989,1958.9476047602855,1.0173450180141088,36.5
2478000,-2630203.658074217,300.4885972264805,1964.3097828085895,1.0145678668891234,36.5
2480000,-2629700.7266387697,300.4023451913512,1957.227943086452,1.0182388787638106,36.5
2482000,-2631601.712489795,300.97167518589913,1960.5666962419562,1.0165048656970546,36.5
2484000,-2630916.3674621843,300.01235363003747,1960.340925315665,1.0166219357648905,36.5
2486000,-2632425.240527738,300.1318130453352,1960.662344224232,1.0164552770263364,36.5
2488000,-2631738.458047306,300.45573438143833,1959.112591225585,1.01725934240809,36.5
2490000,-2634000.302492542,299.9284606890327,1957.7001832495962,1.017993257244059,36.5
2492000,-2631513.571985338,300.9627258625223,1960.8521823259694,1.0163568698429544,36.5
2494000,-2633994.7361231167,300.60995658961116,1959.8271209108816,1.0168884617370142,36.5
2496000,-2634185.6517862156,299.68193165182765,1958.5061214564366,1.0175743462938556,36.5
2498000,-2634897.7756752726,300.2299777222317,1954.4873011222626,1.0196666845106714,36.5
2500000,-2636227.126248434,299.67771280994646,1956.655393749951,1.01853683209596,36.5
2502000,-2634258.612195147,301.53786390389484,1956.4869442821011,1.0186245260046023,36.5
2504000,-2630833.490364017,300.62818239691245,1960.745640819426,1.0164120958701577,36.5
2506000,-2634302.1972670685,300.5878271708564,1959.7236927265656,1.016942129979961,36.5
2508000,-2633555.910621397,299.8840269481293,1957.6185450584408,1.0180357104218447,36.5
2510000,-2630946.224510031,299.38941502364776,1958.715864136689,1.0174653826740392,36.5
2512000,-2630401.451426793,300.0551866851183,1963.579879970683,1.014945002534505,36.5
2514000,-2631866.8197438084,300.3631499290807,1958.3120793653331,1.0176751740710464,36.5
2516000,-2632739.925821351,300.632968253046,1961.2528721449107,1.0161492250991575,36.5
2518000,-2634625.1932540666,300.42747703147,1954.1062189227484,1.0198655359442024,36.5
2520000,-2636061.4408629164,300.62922007303115,1959.3468262823058,1.0171377315750447,36.5
2522000,-2633841.554996468,301.00929414970204,1956.069291473779,1.018842019012527,36.5
2524000,-2634081.661488561,300.35857462603025,1960.7754966936543,1.0163966194059986,36.5
2526000,-2633133.5949021224,301.2928015754657,1962.6492776875152,1.0154262449792895,36.5
2528000,-2634933.960100416,300.4747592476225,1962.3135067955238,1.0155999942679972,36.5
2530000,-2633443.2953728866,299.7178286799336,1960.6920592877068,1.0164398722446761,36.5
2532000,-2632527.1807318125,300.42738388271,1961.7640696083347,1.0158844364253417,36.5
2534000,-2632060.488092337,299.9896485114984,1960.8566300772363,1.016354564471676,36.5
2536000,-2632310.613702718,299.91581651850925,1959.8956656915036,1.016852897396653,36.5
2538000,-2632468.7227162495,300.76296563521504,1958.92035371037,1.0173591705649334,36.5
2540000,-2634246.4804180358,300.02228761548605,1957.9459738697199,1.017865463526909,36.5
2542000,-2631426.291810585,300.7302064917107,1958.970412278867,1.0173331734679858,36.5
2544000,-2632796.5633494016,299.7518814073179,1956.8758309808939,1.0184220964365347,36.5
2546000,-2632518.9421836976,300.96940436537096,1957.1608649701086,1.0182737770428418,36.5
2548000,-2635146.0219087135,301.0941357610174,1957.5874230752884,1.018051895287897,36.5
2550000,-2632646.0295554623,300.21058433247896,1957.7024791935862,1.017992063367295,36.5
2552000,-2632106.849821016,300.29552363118376,1960.381664306882,1.0166008091889454,36.5
2554000,-2635008.4374639206,300.7729978468455,1959.8333350211547,1.0168852374541513,36.5
2556000,-2632247.190127367,300.60747493323055,1960.0159818451327,1.0167904775844911,36.5
2558000,-2630738.3344529364,300.897291126451,1961.3441636755997,1.0161019280363135,36.5
2560000,-2633941.0404730756,300.2470718941703,1961.3330092638641,1.0161077067690514,36.5
2562000,-2630842.640576942,299.739304839354,1965.5430245575888,1.0139312960102322,36.5
2564000,-2630670.3302203733,300.59796591327296,1958.9503243228262,1.0173436056590492,36.5
2566000,-2633633.0784665924,299.94819740503834,1955.1970838643656,1.0192965214098078,36.5
2568000,-2632798.35289276,299.37685753169467,1957.7684357726876,1.0179577675472047,36.5
2570000,-2632400.152285492,299.95322053231837,1962.0316271516654,1.0157459027032771,36.5
2572000,-2634914.639715029,301.4973366433941,1959.4543973188424,1.017081892275985,36.5
2574000,-2633922.733627647,300.92290533977035,1957.9703980955599,1.01785276641158,36.5
2576000,-2633115.1224096064,299.9852270225332,1957.6729667347138,1.0180074098778782,36.5
2578000,-2632808.1246473677,299.0718094257376,1962.5672656713298,1.0154686777432993,36.5
2580000,-2633410.279457476,299.409791124558,1959.3143481729157,1.0171545919173077,36.5
2582000,-2633975.1289395,300.0765317624604,1957.7158554952605,1.0179851078283166,36.5
2584000,-2632233.572915513,300.3388030716335,1958.3044774551302,1.017679124567702,36.5
2586000,-2633307.185533462,300.0280320438399,1960.1854995132226,1.0167025451154779,36.5
2588000,-2631695.9036527537,299.5157952927507,1960.4697996378559,1.0165551066492773,36.5
2590000,-2631330.412916323,300.512852534339,1959.7122804059043,1.0169480521093455,36.5
2592000,-2633903.3503997214,300.3364817162455,1962.8546689482064,1.015319991735025,36.5
2594000,-2634347.635502765,300.62232790245264,1960.543924109997,1.0165166726158663,36.5
2596000,-2630460.568577897,300.38410067734293,1961.3108719178606,1.0161191755923795,36.5
2598000,-2631491.294848174,300.5544468304687,1959.8336378794231,1.0168850803121896,36.5
2600000,-2631896.014577627,300.9821947218719,1960.9775309831964,1.0162919027707236,36.5
2602000,-2633737.4399362057,302.0037221949072,1954.2603412411013,1.0197851044697,36.5
2604000,-2635386.626999164,300.197622115123,1958.477840584192,1.017589040302381,36.5
2606000,-2634616.38030022,300.9636202771175,1955.5228738969354,1.0191267066501128,36.5
2608000,-2629738.8652952034,299.3247470863974,1963.5214500628174,1.0149752049766454,36.5
2610000,-2635135.055269785,299.9091076712824,1959.0728711975178,1.0172799672507011,36.5
2612000,-2634639.754242856,301.62647334527657,1957.467972671238,1.0181140197833853,36.5
2614000,-2635619.0197132677,301.3182729458514,1956.657332494536,1.0185358228835981,36.5
2616000,-2631983.8921412453,300.4642052699179,1956.9764561469065,1.018369730506325,36.5
2618000,-2632529.240362216,298.35677408999953,1959.7016882358157,1.016953548704467,36.5
2620000,-2635504.7605710886,300.0065359517734,1959.916111084227,1.0168422898218128,36.5
2622000,-2631941.9817347974,301.2502822204805,1961.3943366716235,1.0160759358750018,36.5
2624000,-2631048.5805327334,299.24713540859864,1967.0764422277407,1.0131408945127383,36.5
2626000,-2633046.722273452,300.3621590044562,1960.1620739275127,1.0167146955661621,36.5
2628000,-2631837.0824627504,299.71675114560486,1963.7149794572415,1.0148751764394954,36.5
2630000,-2633006.517203832,300.543454580487,1959.468275887351,1.0170746884641682,36.5
2632000,-2632318.458356239,300.05246131407273,1954.821429315004,1.0194923978053054,36.5
2634000,-2635066.385803653,300.930814185894,1956.764126783354,1.0184802342680097,36.5
2636000,-2630855.0700374395,299.4628583417007,1961.1702004820306,1.0161920601096797,36.5
2638000,-2632273.8818870913,300.0966844537906,1960.0165224404293,1.0167901971418807,36.5
2640000,-2631681.087327199,300.70195143886224,1960.849845898344,1.0163580808710564,36.5
2642000,-2633369.1764683872,298.9599479765052,1961.1432756470506,1.016206011565377,36.5
2644000,-2633684.6620442513,300.21036348949764,1957.081284631437,1.0183151828713446,36.5
2646000,-2633715.855930252,299.92487210200693,1958.995103746135,1.0173203508485187,36.5
2648000,-2635080.0819020253,300.1526709565757,1957.3186601167035,1.0181916858314328,36.5
2650000,-2633086.1968292817,300.0593726151315,1958.2963356854418,1.0176833556480027,36.5
2652000,-2633255.7485723216,299.91537913707555,1958.8071866179812,1.0174179469366122,36.5
2654000,-2632676.730259197,300.183092433752,1958.3422859903983,1.017659476849656,36.5
2656000,-2632192.4462518394,300.34100851500415,1959.05619042702,1.0172886290817138,36.5
2658000,-2632937.3279635254,300.7777014437178,1958.8877335389361,1.0173761120312488,36.5
2660000,-2633190.9445231818,300.86847683460337,1959.3438938180593,1.0171392538805681,36.5
2662000,-2633518.626685003,301.26210328623534,1959.4492503863034,1.0170845638694874,36.5
2664000,-2636365.5084036645,301.51652051361856,1958.9600527502153,1.0173385534103403,36.5
2666000,-2634283.3779983316,300.5534420681397,1959.3884608184378,1.0171161186797546,36.5
2668000,-2631249.0649827477,300.9686686614173,1959.4218037721232,1.0170988106884011,36.5
2670000,-2633223.5151751805,299.99858124382774,1959.2238670620522,1.0172015662722773,36.5
2672000,-2632236.9944815338,300.6406031750496,1956.4254328344562,1.0186565523052982,36.5
2674000,-2634452.7631416004,299.6215014614513,1959.0258336855602,1.0173043928186547,36.5
2676000,-2631241.6939606536,299.637016339299,1961.7691984026812,1.0158817805255762,36.5
2678000,-2633363.382784907,300.19208324408277,1964.3602140482544,1.0145418197747065,36.5
2680000,-2629651.056087466,299.4291988403912,1964.819807212578,1.0143045071806573,36.5
2682000,-2631775.008479556,300.89997500652606,1962.0285385475495,1.0157475016794968,36.5
2684000,-2633040.219845878,300.3020757908716,1957.0156282173448,1.0183493465859104,36.5
2686000,-2634444.5436716992,300.56715149568305,1958.7172262016593,1.0174646751426317,36.5
2688000,-2634189.8927314915,301.01943589669025,1960.495248752862,1.016541910785714,36.5
2690000,-2632150.2365257405,300.7184778952063,1960.3453963868526,1.0166196170974484,36.5
2692000,-2633480.2050079145,301.09747397851675,1959.0750487185687,1.0172788365392744,36.5
2694000,-2633330.6374315787,300.62243500615756,1960.2617830320933,1.016662980171419,36.5
2696000,-2632891.2309641093,301.23889056613535,1960.9683715976764,1.0162966497158925,36.5
2698000,-2631472.205479013,299.8023943304569,1962.4321821790893,1.0155385772570233,36.5
2700000,-2629898.9132487327,300.15229784078304,1962.4600747219629,1.0155241433565987,36.5
2702000,-2631236.019012984,301.0892195688424,1959.4715650524563,1.0170729812046013,36.5
2704000,-2633960.26516081,300.2008314833274,1957.4675013691153,1.018114264916088,36.5
2706000,-2632281.994744068,301.75256557098874,1961.380450146197,1.0160831296676787,36.5
2708000,-2630651.6566590816,300.7237013297453,1962.2001261221028,1.0156586780942511,36.5
2710000,-2636082.2092490923,300.3406420116569,1961.0561669663819,1.0162511506931828,36.5
2712000,-2632323.216599457,299.9239831944922,1962.021820962921,1.0157509794032056,36.5
2714000,-2631716.9119204637,299.9087784175752,1960.7635341768507,1.0164028203891498,36.5
2716000,-2632568.742826512,301.039318359813,1961.747459183182,1.015893038079095,36.5
2718000,-2631979.326502893,300.6485956237215,1962.343415708733,1.0155845150751914,36.5
2720000,-2635770.134845551,300.4527580552538,1960.7688467568762,1.0164000665095527,36.5
2722000,-2631855.204950379,300.20861331048775,1964.2524735199424,1.0145974680547165,36.5
2724000,-2628680.543253951,299.33184273070566,1963.946519925142,1.0147555272174675,36.5
2726000,-2631759.0792164616,299.6091339562811,1959.7986964668382,1.0169032104401494,36.5
2728000,-2631568.194154855,300.2856760949049,1959.480573080159,1.0170683055667225,36.5
2730000,-2630846.0634568036,301.47647392545855,1958.4162823130748,1.0176210258524372,36.5
2732000,-2633521.800907206,300.76713667264596,1955.8568182474921,1.0189527002489225,36.5
2734000,-2631809.2223827653,300.7623874550783,1960.3166313831443,1.0166345346197443,36.5
2736000,-2632407.0247336607,299.26652563672076,1961.3901655761783,1.0160780966637026,36.5
2738000,-2630422.86598045,300.62999744313777,1960.5992314563532,1.0164879972809038,36.5
2740000,-2632967.4469519537,300.5338639979752,1957.7814353131448,1.0179510083743244,36.5
2742000,-2634442.7789553106,300.2402325970999,1958.8108802720174,1.017416028430878,36.5
2744000,-2631727.6278864015,300.890497339686,1961.3637342037337,1.016091789350142,36.5
2746000,-2636307.2610598765,300.0140031423782,1960.294096921834,1.016646221290445,36.5
2748000,-2633649.6372876,301.0346347563626,1960.1524176475523,1.0167197041979665,36.5
2750000,-2631959.014513582,299.1719109337682,1961.5929261490649,1.0159730694818492,36.5
2752000,-2632137.032573605,300.5084845358893,1963.0021341877605,1.0152437185597707,36.5
2754000,-2633438.8575766496,300.0641650500409,1962.8142317546044,1.01534090899271,36.5
2756000,-2631356.790740559,300.6291886083628,1961.0949256885203,1.0162310656909441,36.5
2758000,-2631817.766040953,300.3064107794564,1959.3508382452019,1.01713564888584,36.5
2760000,-2631200.3227977734,299.73051788514925,1956.9099471374109,1.0184043415839452,36.5
2762000,-2634559.3182814494,299.05944352730535,1963.1302398024714,1.015177468028853,36.5
2764000,-2635116.566556627,300.7033340707044,1958.536874561851,1.0175583682586473,36.5
2766000,-2635309.169228038,300.89878972412333,1958.6779653214319,1.0174850697962978,36.5
2768000,-2635862.086214004,300.42849208457676,1955.4266075918995,1.019176878598286,36.5
2770000,-2634546.100280497,301.36868308423914,1958.6480799159797,1.017500594766896,36.5
2772000,-2634444.43695917,299.99688672759953,1959.1312368894207,1.0172496608332293,36.5
2774000,-2633182.512835849,301.06203210856694,1958.7088530036904,1.017469024657435,36.5
2776000,-2633017.7727307994,299.443785852689,1962.3397013390393,1.0155864374010461,36.5
2778000,-2633269.937840758,300.08343973468766,1959.9307427288481,1.0168346986989756,36.5
2780000,-2632511.9136156086,299.4486768671337,1960.2482854588754,1.0166699805514805,36.5
2782000,-2632884.904333396,299.5228602166375,1957.8211156795355,1.0179303769342727,36.5
2784000,-2631636.046412874,300.0147446759078,1959.9891108230822,1.0168044175595619,36.5
2786000,-2631915.408261789,299.5716477431199,1958.414935226979,1.0176217258180629,36.5
2788000,-2632148.8626078963,300.55495905754384,1963.799872747361,1.0148313043046695,36.5
2790000,-2633485.027861258,299.6390238928259,1960.0371064209146,1.0167795189820097,36.5
2792000,-2634222.0348156206,299.4449189033138,1958.8456092461297,1.0173979903503134,36.5
2794000,-2631951.8317008764,300.72997648321524,1958.1654973596342,1.017751353979418,36.5
2796000,-2634134.3023263626,299.99504710165695,1959.6898860237543,1.0169596732966917,36.5
2798000,-2633464.7656142823,299.46221808781553,1958.8793989151616,1.0173804407546687,36.5
2800000,-2634222.074126214,299.40911400896533,1962.1483775888403,1.0156854644716153,36.5
2802000,-2632022.5896424167,301.42047624696966,1959.5333000110131,1.017040938391987,36.5
2804000,-2632600.391125364,301.0052926414746,1962.7268573902838,1.0153861087443505,36.5
2806000,-2631929.4593366254,300.65890786581105,1957.200934167222,1.0182529302243188,36.5
2808000,-2631687.592970239,299.3142793477943,1958.5649100056607,1.0175438026446557,36.5
2810000,-2626960.194724409,299.9223170103852,1959.396134210875,1.0171121354468613,36.5
2812000,-2633754.260004744,299.8586498809571,1958.2155424872371,1.0177253438210503,36.5
2814000,-2631871.614961814,298.4381212386306,1961.3704651388302,1.016088302376106,36.5
2816000,-2633168.2632067204,299.86011979318295,1962.6915418264202,1.015404379028909,36.5
2818000,-2635268.786010543,300.66833457330057,1960.6292495094244,1.0164724344249196,36.5
2820000,-2632383.3385480046,301.057288207473,1962.5119897444229,1.0154972793379398,36.5
2822000,-2633804.2691508625,300.9071629728679,1958.4479367142806,1.0176045780400529,36.5
2824000,-2632069.1698584575,300.9130057504546,1961.229975652686,1.0161610881917678,36.5
2826000,-2633411.5467649717,300.43644200961535,1959.415069837259,1.0171023061586804,36.5
2828000,-2633286.0520939007,300.54470681469536,1960.1106929316866,1.016741347027081,36.5
2830000,-2634104.726857448,299.4746432964242,1959.0040355222077,1.0173157125336385,36.5
2832000,-2630402.1184995454,300.4954160733094,1959.82837578352,1.0168878106261707,36.5
2834000,-2632592.50502106,300.71106963381095,1960.7481675095341,1.0164107860852338,36.5
2836000,-2632494.6327354945,301.0146907558411,1959.9486363108142,1.0168254153868062,36.5
2838000,-2633300.0344872475,300.82925176800967,1959.6842810054193,1.016962581968088,36.5
2840000,-2631589.2237499803,300.8081382724638,1958.6316931881524,1.0175091076003033,36.5
2842000,-2633450.180769667,301.98421575145295,1962.2119376609853,1.015652564334704,36.5
2844000,-2633584.828637017,301.3477651296987,1958.626439722851,1.0175118367826945,36.5
2846000,-2631746.040791301,299.3837990280223,1960.5619116665262,1.0165073463859713,36.5
2848000,-2632751.5144737475,301.57123491242,1960.5980334937967,1.0164886183743354,36.5
2850000,-2630509.939846402,299.37647269140314,1964.2798540934534,1.0145833253344212,36.5
2852000,-2633082.024941761,300.70862622705545,1958.9824763387408,1.0173269083949363,36.5
2854000,-2630556.4540284034,301.26196916694494,1959.4386766453301,1.0170900523743611,36.5
2856000,-2634064.6959202737,299.71520600338494,1960.9273032322099,1.016317934361256,36.5
2858000,-2634053.726100551,299.5008451295262,1956.7172588224666,1.0185046292548527,36.5
2860000,-2632797.7635774594,301.2531118570758,1958.0880443586873,1.0177916115647754,36.5
2862000,-2635448.928207854,300.44172293878944,1958.7240874131392,1.017461111067245,36.5
2864000,-2634110.781432025,300.49577396015593,1958.9304283861707,1.0173539383404155,36.5
2866000,-2632997.875784401,300.301954036744,1961.1855112955986,1.016184126782061,36.5
2868000,-2629152.0737390406,299.70382671960573,1962.4653865506368,1.015521394625181,36.5
2870000,-2633495.3086055964,300.0299036432057,1959.3360503816064,1.0171433256002202,36.5
2872000,-2631107.1894491874,299.20870293861293,1961.0139629943264,1.016273021947531,36.5
2874000,-2635370.3630320355,299.09152607487005,1958.2971972687071,1.0176829079024055,36.5
2876000,-2635036.875422202,299.99570250517024,1957.348806923696,1.0181760037883931,36.5
2878000,-2632511.040866468,299.82112712135097,1955.4606896540367,1.0191591151884212,36.5
2880000,-2633347.9368838817,301.4564728132905,1961.0000741739268,1.0162802197205778,36.5
2882000,-2635559.260547016,300.6035082031124,1959.6047407055125,1.0170038604499594,36.5
2884000,-2632186.0771298464,299.82409043820724,1959.482924593992,1.0170670850150354,36.5
2886000,-2633678.944903165,301.67573044651937,1957.946621448292,1.0178651268742873,36.5
2888000,-2633215.6021351274,299.8136972693237,1959.6906281319466,1.0169592881878922,36.5
2890000,-2635408.1108497027,299.5490260103589,1958.2322636976025,1.0177166535344668,36.5
2892000,-2630111.3498148844,299.5953521798175,1961.545397295841,1.0159976868243616,36.5
2894000,-2632224.3841923773,300.7212657618066,1958.415031222556,1.0176216759373258,36.5
2896000,-2630337.8147602174,299.3664486271168,1959.4158974306874,1.017101876567808,36.5
2898000,-2633377.515392747,299.2942635222661,1957.2979298796126,1.01820246975693,36.5
2900000,-2634391.266163055,301.3786894569993,1959.7512419261168,1.0169278343178014,36.5
2902000,-2631300.284120137,300.9659771321388,1960.947186595126,1.0163076292299067,36.5
2904000,-2634746.800872121,299.5821522079016,1957.968491397511,1.0178537576113322,36.5
2906000,-2633209.264606867,300.55384219206735,1957.0740217146454,1.0183189619509088,36.5
2908000,-2633331.7699573915,300.5732092757715,1956.5506791958119,1.0185913441673213,36.5
2910000,-2634988.399994459,299.39041224558866,1957.9664893662698,1.0178547983722608,36.5
2912000,-2633190.4244548175,300.9844221478899,1956.835280907643,1.0184432004563844,36.5
2914000,-2629686.0990996417,298.42325774889355,1958.1118361797237,1.0177792450005032,36.5
2916000,-2632244.9814471323,300.1516516428746,1960.1511663988535,1.0167203532138325,36.5
2918000,-2634600.8995377272,301.17017527629764,1959.8818934523765,1.0168600428993013,36.5
2920000,-2634108.668228073,301.2533258119804,1958.4858197583737,1.0175848944872234,36.5
2922000,-2632957.4235881865,300.3983144019031,1961.0247087423716,1.01626745311722,36.5
2924000,-2631379.2423736732,300.2471401757887,1961.4581914657524,1.0160428577701577,36.5
2926000,-2633477.391512569,300.71277966620113,1958.1647191275858,1.0177517584636337,36.5
2928000,-2635207.042405354,300.5965750994567,1958.1441756773281,1.0177624359882433,36.5
2930000,-2631790.649084909,300.0219570863722,1962.8186271800816,1.0153386352954679,36.5
2932000,-2633014.404261872,299.29703758802924,1960.7884940746944,1.0163898820683457,36.5
2934000,-2633526.8993426766,299.28303227390103,1960.0733060773134,1.0167607405673933,36.5
2936000,-2632613.7480105534,299.90595883395275,1955.5665783960148,1.0191039304262275,36.5
2938000,-2634760.4341087043,300.2173520699393,1953.2572171858028,1.0203088301523842,36.5
2940000,-2631649.5529220644,300.57958643248327,1962.302924501645,1.0156054711887461,36.5
2942000,-2634384.0811639503,300.01344752509164,1958.6604815499265,1.017494152267016,36.5
2944000,-2631174.024124978,299.61699594935413,1960.5811011570183,1.0164973971632398,36.5
2946000,-2633643.9380276445,299.66971715389,1957.8397223624243,1.0179207028493564,36.5
2948000,-2630219.617027214,300.3935694924476,1960.6787696745205,1.0164467617428123,36.5
2950000,-2630776.1210124176,300.5968353752316,1963.9048031492428,1.0147770824012288,36.5
2952000,-2629424.8044128846,299.9762248906646,1963.3124473962903,1.0150832532521912,36.5
2954000,-2633107.5378152225,300.9294709198866,1958.6302682743367,1.0175098478435276,36.5
2956000,-2633361.074427299,300.4501488925119,1959.9063956754162,1.0168473303883232,36.5
2958000,-2632972.3963552713,299.42232679448466,1959.3155801337875,1.0171539523599693,36.5
2960000,-2632909.2113936003,299.62637605529113,1959.0574514827256,1.0172879742476102,36.5
2962000,-2637465.4672818445,299.55612353930906,1957.4913674518018,1.018101851886005,36.5
2964000,-2631721.158289481,299.9621771565647,1963.7201035062294,1.014872528266718,36.5
2966000,-2633077.6646614224,300.71869446645485,1958.258502218788,1.0177030172449046,36.5
2968000,-2634620.8753778506,300.6936212370889,1960.6608444301417,1.016456054556842,36.5
2970000,-2631408.252880994,300.46001247011986,1962.5894178945007,1.0154572159018327,36.5
2972000,-2635064.695900509,300.7018706827806,1960.1993784347803,1.0166953464932222,36.5
2974000,-2634541.503407711,299.818167291552,1956.0818456998832,1.0188354800361037,36.5
2976000,-2633583.161956895,301.3347864261897,1956.9343437004786,1.0183916454166835,36.5
2978000,-2635678.8711692486,300.4632701154411,1959.7233843603012,1.0169422899977718,36.5
2980000,-2631423.3706518896,300.2335000858874,1961.0303919414926,1.0162645079051926,36.5
2982000,-2634183.9898551404,299.92526076277863,1960.6291399458667,1.0164724912272665,36.5
2984000,-2632665.111663865,300.42918664271474,1960.6855341673395,1.0164432549352693,36.5
2986000,-2635058.1101268325,300.1909112310286,1957.4732451913028,1.0181112774590084,36.5
2988000,-2634070.815583393,300.171523383927,1960.6354524088492,1.0164692185918738,36.5
2990000,-2632095.528333159,300.4157113301306,1957.4275615925096,1.018135038740416,36.5
2992000,-2633142.783567507,301.25947036758356,1958.3401220316553,1.0176606013596927,36.5
2994000,-2636805.324078787,300.4368342132328,1957.8499058123252,1.017915408294115,36.5
2996000,-2634002.798701359,299.4832201676752,1962.4811233074279,1.0155132513554124,36.5
2998000,-2635444.6700551677,300.99439146494404,1958.2742959125333,1.01769480936013,36.5
3000000,-2633105.3808720894,298.8724373315467,1961.7954880110572,1.015868166907679,36.5
3002000,-2630412.159262089,299.94089397396044,1959.6736200887074,1.0169681143961797,36.5
3004000,-2634030.291293774,300.5108791313178,1957.3923978864188,1.0181533290951257,36.5
3006000,-2639013.9962801114,300.9315041946647,1953.4662511955255,1.0201996502544506,36.5
3008000,-2630372.655560201,299.74802546352305,1959.491194989076,1.017062792295251,36.5
3010000,-2632883.943665715,300.93926517295245,1960.8860021603411,1.0163393405113343,36.5
3012000,-2633170.1352566723,301.0149961926049,1958.519315196882,1.0175674913133075,36.5
3014000,-2634753.2741576824,300.26367237085424,1956.4777868399087,1.018629293753705,36.5
3016000,-2634883.5308361426,300.3675889519738,1958.560106419268,1.0175462982839512,36.5
3018000,-2634376.540603984,299.20709572635434,1961.522274600882,1.016009663545144,36.5
3020000,-2633327.006877782,300.15066130722505,1959.6516421167494,1.016979519942053,36.5
3022000,-2631404.172773199,298.7970851162295,1959.3792762205005,1.0171208864154957,36.5
3024000,-2636463.233583508,300.4716266823761,1959.8845584591145,1.0168586601959917,36.5
3026000,-2636952.0003238767,300.7069904036952,1962.749533552082,1.0153743777214685,36.5
3028000,-2634420.289081188,300.3333199493335,1961.0713773483424,1.0162432684873903,36.5
3030000,-2632235.2111458834,300.40394401059007,1963.9733865224337,1.0147416456504939,36.5
3032000,-2632181.2357824016,301.1722366818154,1961.7044719767086,1.0159152995381509,36.5
3034000,-2630015.1633634735,300.86185875775277,1962.0084965929966,1.0157578775597753,36.5
3036000,-2631128.483125737,299.7605269646531,1961.598900546489,1.0159699751556404,36.5
3038000,-2633203.7152330186,300.1635125144124,1961.482566286442,1.0160302316765604,36.5
3040000,-2631662.0623917766,300.83004077681295,1961.7511456768527,1.015891129027958,36.5
3042000,-2631706.5600580033,300.75283854211085,1961.687196724535,1.0159242460169857,36.5
3044000,-2634930.001560889,300.1175155218381,1960.4430021600137,1.0165690020356342,36.5
3046000,-2636023.1026968583,300.6255959564998,1960.572707032982,1.0165017492615853,36.5
3048000,-2635010.3976549227,299.37099445549444,1961.2226462842934,1.0161648857305001,36.5
3050000,-2631109.7057764437,299.7030407383515,1961.2316449540804,1.0161602232867344,36.5
3052000,-2633529.6272114143,300.72908693703494,1959.5014469426958,1.017057471104705,36.5
3054000,-2633552.788295824,301.24971360017764,1957.492446689191,1.018101290569109,36.5
3056000,-2633311.676510865,299.7333963015212,1959.1684566162266,1.0172303354126193,36.5
3058000,-2629679.1010281835,300.648382606983,1963.1622104647074,1.015160935571287,36.5
3060000,-2630522.244430201,299.476533222301,1961.3150272618857,1.0161170227894456,36.5
3062000,-2634074.053107204,300.2439483891476,1957.8756267206215,1.0179020357854058,36.5
3064000,-2633739.8863098193,299.8090069264281,1958.8776783655912,1.0173813343548663,36.5
3066000,-2633222.192561647,300.1389981870647,1961.5610283263013,1.0159895906751413,36.5
3068000,-2633250.0430585556,299.8269851397198,1960.6626726041998,1.016455106786164,36.5
3070000,-2632629.904325815,299.46739688117833,1957.2472128987715,1.018228853830853,36.5
3072000,-2633057.1426842976,299.3374459350784,1958.0352194959937,1.017819070060719,36.5
3074000,-2633550.1165710744,300.4650744182607,1961.5916600358937,1.0159737252436527,36.5
3076000,-2633770.8462322783,299.5815317916227,1960.3798321713218,1.0166017592856882,36.5
3078000,-2633129.672343973,298.9747255592397,1959.960440099003,1.0168192915939056,36.5
3080000,-2633473.3300881926,300.08773237030397,1958.8173569998337,1.0174126643976422,36.5
3082000,-2633967.4633874055,300.13222381468415,1956.2607901912227,1.0187422843856833,36.5
3084000,-2632841.5807787385,300.64370297219267,1959.232897642786,1.0171968777429672,36.5
3086000,-2633365.9646862783,299.7882277349978,1960.434344191125,1.0165734915625693,36.5
3088000,-2638008.1777011175,300.14696061849014,1958.5009973664553,1.0175770086067775,36.5
3090000,-2630247.7571773604,299.5774302320797,1963.404349455231,1.0150357397377203,36.5
3092000,-2631884.6946606524,300.4150063931076,1961.5345148143756,1.0160033235215047,36.5
3094000,-2632535.7351444587,300.17905421180126,1961.0379424071957,1.0162605950434642,36.5
3096000,-2632898.902164731,300.57450948670066,1960.1739323646982,1.0167085447613002,36.5
3098000,-2634003.92820435,300.61586598225296,1960.4470333909512,1.016566911683617,36.5
3100000,-2632856.1577205714,301.2879727907908,1958.0958150827669,1.017787572447934,36.5
3102000,-2633375.8093184885,299.6478536120654,1961.8623710051727,1.0158335343536151,36.5
3104000,-2633463.821595859,300.13100840446623,1960.1695484890254,1.0167108186073863,36.5
3106000,-2630884.0896437634,300.54108091038967,1960.5497164532264,1.0165136693696766,36.5
3108000,-2635278.4006190635,299.6512451136232,1961.056767504008,1.0162508394849281,36.5
3110000,-2634830.32626733,300.3175607115545,1960.173593355738,1.0167087205994547,36.5
3112000,-2633192.191483872,301.5075457128751,1954.9871776578939,1.0194059628775187,36.5
3114000,-2630095.275573073,299.6536297469924,1961.4769427542597,1.0160331446237287,36.5
3116000,-2633320.568971509,300.84815400423656,1961.874000502586,1.0158275127469998,36.5
3118000,-2634127.5790763684,299.05935514062656,1962.1726413461229,1.0156729047482425,36.5
3120000,-2633488.6540618706,300.179994956252,1961.226431099619,1.0161629247144888,36.5
3122000,-2634451.666065175,300.51303058087535,1959.4016803051663,1.0171092565068947,36.5
3124000,-2633094.979094006,300.36604309893175,1962.3189507845984,1.0155971767263992,36.5
3126000,-2634680.9938829113,300.24244439562744,1961.432961082436,1.0160559273734915,36.5
3128000,-2633002.3324449603,300.0841361582141,1962.4271155401639,1.0155411991976016,36.5
3130000,-2634534.4057531655,300.0773378641719,1961.4416285377515,1.0160514375027656,36.5
3132000,-2633052.041350061,299.0430350828147,1959.810399546598,1.0168971379652905,36.5
3134000,-2632404.656631576,300.7153719651523,1958.7368637972074,1.017454474405542,36.5
3136000,-2631915.600107899,300.30027658583515,1956.7328113939234,1.0184965339411065,36.5
3138000,-2634166.6192310005,299.93504519791634,1957.1553390534073,1.0182766520808926,36.5
3140000,-2633817.3651549704,299.67174894839064,1961.083590287483,1.0162369396815958,36.5
3142000,-2634389.7837041337,299.4999470023262,1959.9660815335578,1.0168163648496413,36.5
3144000,-2633249.975558929,300.2788933124936,1958.5055957567001,1.017574619429948,36.5
3146000,-2632930.7444346603,301.25232324785674,1960.4060307526331,1.0165881735675082,36.5
3148000,-2631302.884343464,299.15078332942267,1958.1966578647593,1.017735158646761,36.5
3150000,-2633962.2936806753,301.18632707157246,1959.3739586127026,1.0171236468124751,36.5
3152000,-2631635.4293575212,299.29910981780165,1960.6300245751218,1.0164720325985135,36.5
3154000,-2634029.7550299373,300.48918586813375,1961.1301178214342,1.0162128296043071,36.5
3156000,-2633945.3662128802,299.64237439531877,1960.0498158067874,1.0167729259642455,36.5
3158000,-2632231.3565053716,301.29723163084253,1957.204682720299,1.0182509800066495,36.5
3160000,-2633960.503214767,299.61108941912664,1959.5927851160784,1.0170100652495997,36.5
3162000,-2632762.042737076,300.2910292399097,1958.7624823263175,1.017441167183607,36.5
3164000,-2633486.508344639,299.7945940603096,1956.4304375948002,1.0186539464718276,36.5
3166000,-2633452.524663314,299.76636175800036,1954.4437188536722,1.0196894221249033,36.5
3168000,-2632010.0998786334,299.6016905019296,1959.9381827426555,1.0168308387485627,36.5
3170000,-2632037.9346095584,300.0619590437499,1963.2544031160814,1.0151132645317757,36.5
3172000,-2632166.9892571215,300.19775980321475,1958.0573319106443,1.0178075757919098,36.5
3174000,-2634815.5309431255,300.70305971835114,1958.4959945240455,1.0175796079367878,36.5
3176000,-2632250.02271726,300.69173306060577,1962.8701002198493,1.0153120097098287,36.5
3178000,-2632242.1917413604,299.8141090773492,1960.1227305180103,1.0167351029733065,36.5
3180000,-2634247.313328773,300.46926843582906,1957.636870775168,1.0180261804450008,36.5
3182000,-2631341.9332987107,300.36161560704505,1962.1245817865447,1.0156977822677082,36.5
3184000,-2632821.219850365,299.8523927078278,1955.9164503251598,1.0189216343685006,36.5
3186000,-2634943.9033627193,301.36043859990093,1957.7168918311415,1.017984568948309,36.5
3188000,-2632690.389962746,300.64106160049135,1960.3470137211712,1.0166187783613552,36.5
3190000,-2630305.3013585918,300.837555556407,1962.6988328437965,1.0154006070131274,36.5
3192000,-2634848.041173706,300.4521582443531,1959.3256337620835,1.0171487331725197,36.5
3194000,-2633038.5881624836,300.52689191903454,1962.2117633787045,1.0156526545442566,36.5
3196000,-2632446.004493514,299.79086849551834,1961.9076510556379,1.0158100893185367,36.5
3198000,-2633286.3792747557,300.17688862574244,1958.2686236206316,1.017697757199847,36.5
3200000,-2635387.862701487,300.02069008184986,1957.0698070398225,1.0183211549658309,36.5
3202000,-2632634.9457599428,300.04236634157877,1959.1548406836428,1.0172374050629511,36.5
3204000,-2633304.050791079,300.539049443634,1960.9529767606134,1.0163046283474637,36.5
3206000,-2631279.795819586,300.5781838017802,1961.1429460369602,1.0162061823595334,36.5
3208000,-2633126.084449211,300.96045318896813,1960.193749527391,1.0166982660433685,36.5
3210000,-2632062.2593610566,298.9919470232128,1957.8680347050224,1.0179059828993058,36.5
3212000,-2632747.4602823537,300.88685937065014,1958.3524409442878,1.0176541998194102,36.5
3214000,-2632072.0687329657,299.94820573117977,1962.9572676565103,1.0152669235804688,36.5
3216000,-2632346.5281275343,299.6455995047936,1961.4646482278865,1.0160395131536455,36.5
3218000,-2632421.9498784654,299.743216888769,1958.1143281004054,1.0177779497619597,36.5
3220000,-2634136.620349696,299.6314868660455,1956.8138645163933,1.018454346829804,36.5
3222000,-2633061.147447156,300.99045632392836,1960.5195073411205,1.0165293325524605,36.5
3224000,-2632810.8137700893,299.5848730145343,1963.432687939539,1.0150210895923095,36.5
3226000,-2631296.3184758015,301.3140523935444,1960.9193465009394,1.0163220582272905,36.5
3228000,-2635352.6948385797,300.42866135883514,1958.5221324356846,1.0175660275919771,36.5
3230000,-2629356.332403511,300.09191065127277,1962.1768994902247,1.0156707006240424,36.5
3232000,-2632419.2363880128,300.518106886543,1959.8389659976167,1.016882315756534,36.5
3234000,-2631478.0240686946,300.77976290498765,1961.702208672463,1.0159164716454159,36.5
3236000,-2633561.712721724,300.96956089289677,1958.6416785175475,1.0175039202484188,36.5
3238000,-2635286.0791260786,299.91265412649926,1955.794542295395,1.0189851455023362,36.5
3240000,-2634463.354147833,299.2501854119113,1964.3383222945197,1.0145531264317218,36.5
3242000,-2634035.686982125,301.96343256568224,1959.9142323074163,1.0168432645684025,36.5
3244000,-2630813.7898223195,300.40265354845576,1961.7164788525276,1.0159090815301073,36.5
3246000,-2634107.050081359,301.33974298929985,1960.2144368432105,1.0166875362182397,36.5
3248000,-2633108.526436154,300.3039820391995,1960.7151658598432,1.0164278937372218,36.5
3250000,-2631793.3857626673,299.2980925530303,1959.4740078377536,1.0170717132669227,36.5
3252000,-2634070.4877100773,300.5737697233186,1957.9413079036965,1.0178678892000637,36.5
3254000,-2631321.3950570635,301.57809660433725,1958.961843905032,1.0173376232182307,36.5
3256000,-2634285.562943179,299.9827283149812,1956.7064587573354,1.0185102509035588,36.5
3258000,-2632457.5716145206,300.1068094694312,1958.260768688079,1.0177018393667214,36.5
3260000,-2633100.9072997887,300.95314072177916,1959.996013166491,1.0168008367699979,36.5
3262000,-2630903.3957948294,300.13573896712603,1958.8869232547202,1.0173765328640163,36.5
3264000,-2628690.103990428,299.6962961592797,1963.551809236287,1.0149595120837098,36.5
3266000,-2632299.650881011,301.73656052978475,1961.6543013307887,1.015941282264436,36.5
3268000,-2633024.99204514,300.11479365451515,1961.626117896082,1.0159558786824452,36.5
3270000,-2632400.5272562522,300.47592958918517,1960.7614368180768,1.0164039076001345,36.5
3272000,-2630918.0943125077,301.3456736316383,1963.9757195549187,1.0147404402256002,36.5
3274000,-2630661.0977195166,300.5400948276914,1959.995568905718,1.0168010672423178,36.5
3276000,-2632596.7471328974,301.12166793105484,1962.8298930111723,1.0153328076719914,36.5
3278000,-2631910.1701785643,300.82805287517175,1961.2846791538557,1.016132745764038,36.5
3280000,-2632636.277440805,300.408896922778,1960.7316675433879,1.0164193393941028,36.5
3282000,-2631109.4088330623,300.3547689707879,1957.7551992776298,1.0179646500179875,36.5
3284000,-2633562.9904179983,301.4330586054351,1958.8606682872648,1.017390168947579,36.5
3286000,-2633404.885654157,300.1240084196329,1960.1336435927797,1.016729442284692,36.5
3288000,-2631390.809494555,300.5003336786098,1961.9481000010164,1.015789146640788,36.5
3290000,-2631718.272325121,299.7537257467507,1957.7842251885972,1.0179495577770146,36.5
3292000,-2632617.506203875,298.87810021581896,1957.9052856126475,1.0178866163231908,36.5
3294000,-2635161.3004310783,299.76061086453785,1958.7090759680702,1.017468908836585,36.5
3296000,-2637082.626267627,300.8634175742822,1957.2728078297614,1.0182155386214755,36.5
3298000,-2633973.8171262555,299.65009756495573,1957.961278224871,1.0178575074070804,36.5
3300000,-2632635.614314489,299.1709402615201,1960.0394055200243,1.0167783263136991,36.5
3302000,-2630918.804162951,299.3066792583792,1962.0811345792315,1.0157202733009973,36.5
3304000,-2634717.374069743,299.80760872347446,1959.8584306949167,1.0168722164013175,36.5
3306000,-2633852.4801272135,300.58190423786186,1958.4111388675412,1.0176236984670977,36.5
3308000,-2632617.513253648,299.42475261477057,1960.6208193872635,1.016476804972611,36.5
3310000,-2634403.025797317,300.39450850177445,1957.1185476693288,1.0182957944100324,36.5
3312000,-2631006.3801457807,300.1861150198152,1961.7467722155282,1.01589339382616,36.5
3314000,-2633562.7944341246,300.17020094922367,1958.6363850572645,1.0175066701802749,36.5
3316000,-2631398.5340995863,300.4019810068509,1958.74954813731,1.017447885641499,36.5
3318000,-2632942.1443985254,299.6152563142458,1962.4009821239065,1.0155547232230817,36.5
3320000,-2632420.1418467574,300.63864867307296,1958.734361705157,1.0174557741043693,36.5
3322000,-2632444.7022050023,300.17288644426174,1956.8298872050204,1.0184460076394701,36.5
3324000,-2632265.1279489063,300.61357224256847,1960.0515963820258,1.0167720022943287,36.5
3326000,-2633362.348152254,298.75264823455086,1960.525822623057,1.0165260580894273,36.5
3328000,-2634019.7119313683,299.87478555671515,1961.0569484170878,1.0162507457328984,36.5
3330000,-2632793.1674729176,299.77117581412716,1960.4320171652237,1.0165746982317243,36.5
3332000,-2631621.2230801843,301.7481277813378,1960.7125838936308,1.0164292322212507,36.5
3334000,-2631257.9026409183,300.5021151384589,1959.0521314655489,1.0172907368027304,36.5
3336000,-2629305.8123658895,300.9050456718128,1960.5978786321004,1.0164886986636965,36.5
3338000,-2631710.9400572646,298.9777789826568,1961.6602377542456,1.0159382077984596,36.5
3340000,-2633168.879090499,299.32595203486767,1959.3027625275029,1.0171606065020147,36.5
3342000,-2629675.8853937164,299.2941108598746,1962.266516153647,1.0156243149681816,36.5
3344000,-2636238.4010593835,299.24548242544705,1957.7124976047153,1.0179868538878494,36.5
3346000,-2635684.339861322,300.6869313152135,1959.7447847064466,1.016931185022682,36.5
3348000,-2630468.290297985,300.05641692729284,1958.436416139288,1.0176105641367972,36.5
3350000,-2630881.473993942,299.03825105549373,1961.8932440800118,1.0158175488228913,36.5
3352000,-2633492.5678422768,299.19306208820933,1960.4412372514664,1.0165699172129354,36.5
3354000,-2632586.9690149464,301.4399026470826,1961.2605746180889,1.016145234368781,36.5
3356000,-2630522.119635539,299.31111973150036,1962.7229840632008,1.0153881125536228,36.5
3358000,-2632184.469807733,299.83662352109565,1961.8474328387783,1.015841269251911,36.5
3360000,-2633067.7052146774,300.51924224509156,1959.761701903351,1.0169224065956528,36.5
3362000,-2632000.247476833,299.7805503974893,1961.395509272054,1.0160753284242994,36.5
3364000,-2634362.1383932643,299.4454539526276,1959.5175685701477,1.017049103421807,36.5
3366000,-2634358.399766378,299.54094587493756,1960.5595937104283,1.0165085481956027,36.5
3368000,-2629806.230152607,301.03274854156746,1960.806679946714,1.016380455368352,36.5
3370000,-2630954.9652027115,300.413824611258,1962.1864326301406,1.0156657660618946,36.5
3372000,-2633170.2555735707,299.79694094138466,1959.5615324229702,1.0170262853595229,36.5
3374000,-2632165.7032886706,300.3690135920636,1960.853601935194,1.0163561340258658,36.5
3376000,-2633644.5221563224,300.81895373145824,1955.9499579659725,1.0189041790854543,36.5
3378000,-2636551.0187423155,301.0363667506917,1957.8274680443037,1.0179270741585336,36.5
3380000,-2634611.438194081,300.04753842801347,1958.733254686386,1.0174563491406268,36.5
3382000,-2634956.386001507,301.4554577155835,1955.222677351959,1.0192831790150119,36.5
3384000,-2632187.7564481758,299.8300446522452,1959.6017993480211,1.0170053869702578,36.5
3386000,-2634925.3385046143,301.08218907817223,1960.1408188183084,1.0167257204791051,36.5
3388000,-2631270.178255992,300.7547149175781,1964.432073404141,1.014504707612532,36.5
3390000,-2633806.1782267075,300.2569940713525,1962.030054193307,1.0157467170261791,36.5
3392000,-2633399.2283960767,299.87315844210815,1961.3436580983441,1.0161021899577887,36.5
3394000,-2634941.4622953814,299.91309149386706,1957.2265632490785,1.0182395966183944,36.5
3396000,-2635007.348958999,300.8449780435957,1958.3112017524372,1.0176756301399568,36.5
3398000,-2633355.1414749436,299.4440375439026,1961.2557244200843,1.0161477473024727,36.5
3400000,-2632531.1228603497,300.2310907565307,1959.0471577405465,1.0172933195503446,36.5
3402000,-2632651.766414771,299.09364341694214,1961.3402460318841,1.0161039576307915,36.5
3404000,-2634177.355465211,300.61169336273616,1958.3481883703273,1.0176564096663498,36.5
3406000,-2632747.465363277,300.17228712750125,1957.8628532501748,1.0179086767723116,36.5
3408000,-2633963.112108739,300.3940832597092,1958.1478276642563,1.0177605378398706,36.5
3410000,-2632125.4185619336,299.68985898607485,1957.4928331543438,1.0181010895667533,36.5
3412000,-2632298.5912439674,300.74081971425943,1960.0108191612023,1.016793155818615,36.5
3414000,-2632611.498776555,300.6327895374063,1959.5625661870508,1.0170257488289416,36.5
3416000,-2632083.306116525,299.91879015874645,1962.9913866870804,1.0152492770826607,36.5
3418000,-2635705.8400287963,300.20435636418586,1959.2398059658835,1.0171932910841701,36.5
3420000,-2631628.306067895,300.0086274189852,1959.1095666806777,1.0172609128902192,36.5
3422000,-2631911.386208281,301.37759592048695,1962.919546795549,1.0152864336732415,36.5
3424000,-2632142.099792894,300.3188346497108,1965.077163441822,1.0141716688432476,36.5
3426000,-2633524.481426332,300.412224903362,1960.1416582143383,1.0167252850842807,36.5
3428000,-2631960.9654202815,299.446855108156,1959.716177737923,1.0169460296816848,36.5
3430000,-2634376.6681592166,299.8632203729399,1959.2493077414067,1.017188357999709,36.5
3432000,-2633990.901507465,299.29338292822524,1961.037591993927,1.0162607766367182,36.5
3434000,-2632998.7422791347,299.69275966819487,1960.4943661446616,1.0165423684295827,36.5
3436000,-2634065.201042669,300.5532509496841,1960.4316640388945,1.0165748813440962,36.5
3438000,-2633347.5224003866,299.8448613993925,1960.7502796692997,1.0164096911870262,36.5
3440000,-2631504.64306402,299.57699126976706,1959.042898984944,1.0172955310402647,36.5
3442000,-2633148.9902373496,299.95616583317917,1961.8574192937501,1.0158360983088068,36.5
3444000,-2634088.3971808385,301.0593573664234,1957.778316836046,1.017952629833138,36.5
3446000,-2632004.111181449,300.2373812202,1959.0109309919576,1.0173121317114944,36.5
3448000,-2633442.9202818424,300.7484809585297,1962.675919949139,1.0154124611184878,36.5
3450000,-2635701.329157265,301.035220003499,1959.3531204404662,1.0171344641569942,36.5
3452000,-2632525.026788609,300.6241630334621,1962.0197909172855,1.015752030371627,36.5
3454000,-2630808.832866514,299.3344642992417,1963.2162652757975,1.0151329843294554,36.5
3456000,-2633796.103545556,300.6319830891151,1960.9984883297473,1.0162810415784636,36.5
3458000,-2635189.495612357,300.82283004654363,1960.3380675170158,1.0166234178055868,36.5
3460000,-2634265.6507106572,299.2636183956071,1960.5083062288109,1.0165351403621923,36.5
3462000,-2632864.1865403894,301.16962793176697,1960.8478241344435,1.0163591288035134,36.5
3464000,-2633599.486148944,302.0547470353663,1957.8252997851325,1.0179282014959492,36.5
3466000,-2634513.4060904067,300.16791049526614,1958.0557247618733,1.0178084111962213,36.5
3468000,-2630445.283594016,300.6499889063319,1960.2859107663555,1.016650466805851,36.5
3470000,-2632765.5710743647,299.92766480011363,1958.8887805970414,1.0173755682270704,36.4
3472000,-2632728.589980157,300.38005564243264,1960.4509493484286,1.0165648811136605,36.4
3474000,-2632268.6578887384,300.2153684360915,1959.6512506817687,1.0169797230809323,36.4
3476000,-2636444.316016659,299.59680166510293,1955.9231869758878,1.0189181249673054,36.4
3478000,-2636322.3880771846,300.5675272688993,1957.2176728605052,1.0182442218298873,36.4
3480000,-2631994.285863217,300.70149606537416,1958.602075354655,1.017524494296616,36.4
3482000,-2634148.6122501995,299.62925859277453,1955.5031250190916,1.0191369989419428,36.4
3484000,-2631558.5689542852,300.1746057607369,1959.657648144141,1.0169764030676034,36.4
3486000,-2635486.5112208687,300.1177281710847,1956.8529289835694,1.0184340155234433,36.4
3488000,-2633567.5951413717,300.3079348298701,1959.720213186004,1.0169439355904588,36.4
3490000,-2633750.1970236246,300.06832632082654,1958.8518278179067,1.0173947605182563,36.4
3492000,-2631466.9531822503,300.33465641774444,1957.6654493366907,1.0180113190069346,36.4
3494000,-2631115.464990733,300.13534165407793,1962.8646028796868,1.0153148532658642,36.4
3496000,-2633020.922489779,301.2007013360556,1961.4628882059067,1.0160404248465895,36.4
3498000,-2632607.346713323,300.32249846335714,1959.9232117967435,1.0168386058485168,36.4
3500000,-2630377.174775498,300.55487195181433,1961.947199572375,1.0157896128335793,36.4
3502000,-2633207.267424768,300.099312848458,1957.8335986324685,1.017923886711103,36.4
3504000,-2632885.77284519,299.58260632621335,1962.1419014048015,1.0156888168112137,36.4
3506000,-2632968.5875493176,300.56992835253465,1958.0483374848513,1.0178122511589767,36.4
3508000,-2631535.433502041,300.0987533654395,1957.7894074964827,1.017946863244089,36.4
3510000,-2630325.330862293,300.48335105428635,1959.8768900097618,1.0168626388791295,36.4
3512000,-2633675.2722529583,300.27226199643815,1958.1223201703503,1.0177737957045347,36.4
3514000,-2633379.797725644,299.99074149657304,1962.3680621603237,1.0155717597949407,36.4
3516000,-2635170.773219526,299.67727634941986,1958.4295158960185,1.017614149540504,36.4
3518000,-2632764.5702850614,299.72549853311205,1957.545692506889,1.018073597915025,36.4
3520000,-2634422.2180506308,300.7179677919174,1960.2292993921587,1.0166798276464533,36.4
3522000,-2633166.194191316,300.9278507511849,1961.2560247291658,1.0161475917091218,36.4
3524000,-2635126.440588303,299.38477039421696,1958.3589927854084,1.0176507951787608,36.4
3526000,-2633690.8134649377,300.77391315374604,1959.3709501892283,1.0171252085068827,36.4
3528000,-2633527.5219373778,299.9086113380933,1960.4648753886383,1.0165576600083055,36.4
3530000,-2633768.511826735,300.60168638903957,1959.7851784590557,1.0169102247321566,36.4
3532000,-2631618.8957950994,299.4058422356858,1960.1000005376445,1.016746893376307,36.4
3534000,-2632747.0660152826,300.3822396011111,1959.4442197695676,1.0170871751010693,36.4
3536000,-2634438.847279858,300.8948228026289,1957.443182087237,1.0181269139717637,36.4
3538000,-2634631.903861139,300.51661983813045,1956.6831935187429,1.018522361133807,36.4
3540000,-2632037.350117659,300.7532986141506,1957.5968969112694,1.0180469684019324,36.4
3542000,-2632218.5628612936,300.6557319096962,1962.3502627308621,1.0155809715030875,36.4
3544000,-2632048.0651857425,299.776744447161,1960.237107362868,1.0166757780310853,36.4
3546000,-2633556.704875754,300.78184745669705,1957.6201286994942,1.0180348868692457,36.4
3548000,-2630782.338335201,300.0522442759508,1962.724183791137,1.0153874918910282,36.4
3550000,-2633946.259244172,300.6429813967145,1960.6856646880965,1.0164431872717241,36.4
3552000,-2632528.532264728,299.98131817069236,1960.5941353271733,1.0164906394157807,36.4
3554000,-2631677.4461563975,301.3779887077415,1959.4149247755374,1.0171023814580005,36.4
3556000,-2633517.962458566,299.6419880773208,1959.4564037819157,1.017080850794656,36.4
3558000,-2630175.733485639,300.6914937161976,1959.7811705070915,1.0169123044170694,36.4
3560000,-2632055.1698988955,299.6252097573137,1962.1373470699184,1.0156911743357853,36.4
3562000,-2633634.9553548787,300.7730255028314,1957.2311724702538,1.0182371986944412,36.4
3564000,-2633184.251151612,300.5937991699416,1963.9744359856975,1.014741103416308,36.4
3566000,-2632069.2391628884,299.64519169346914,1960.893350922523,1.0163355316167273,36.4
3568000,-2633662.434635723,301.47777824575763,1963.0886289323112,1.015198986373562,36.4
3570000,-2634258.5124520287,300.05666887901975,1956.9321355536965,1.0183927945409652,36.4
3572000,-2632910.3875295017,299.20548639970656,1961.3515513904651,1.016098100741144,36.4
3574000,-2629019.0536560714,300.8347266438684,1962.317111090426,1.0155981288600766,36.4
3576000,-2631808.287256861,300.06939837650276,1959.737337275257,1.0169350495839584,36.4
3578000,-2633323.17210781,300.7533664747951,1957.9453376940917,1.0178657942517706,36.4
3580000,-2634132.6138429586,299.779647915944,1955.995257350861,1.018880582027946,36.4
3582000,-2635327.1135545652,300.8298291061699,1957.3103006336264,1.0181960344296925,36.4
3584000,-2632095.524026485,299.43576899334397,1960.3741743710668,1.0166046932815385,36.4
3586000,-2634226.0627676006,299.9721170933432,1955.2645239664303,1.0192613642939314,36.4
3588000,-2631139.2474305704,300.80998594144984,1960.3306558848492,1.016627261462677,36.4
3590000,-2633332.6731327195,300.4475472492324,1959.3447704974733,1.017138798776873,36.4
3592000,-2633344.843974026,299.51960915515383,1959.184568004511,1.0172219702013083,36.4
3594000,-2632780.428606812,298.7134812723074,1961.4821950219641,1.0160304239882392,36.4
3596000,-2636010.5646254253,298.85331206501604,1961.1698347904774,1.0161922495949784,36.4
3598000,-2632241.91309309,299.69330506475904,1958.479478474588,1.0175881892853886,36.4
3600000,-2634768.891828209,300.8500513064245,1957.5016333745339,1.0180965125520465,36.4
3602000,-2630590.3543613404,300.00404248337657,1963.795165641001,1.0148337367981242,36.4
3604000,-2633825.202657353,300.11983485797936,1964.3352068679746,1.0145547355082836,36.4
3606000,-2633878.9279575367,299.1726285666714,1959.958397288994,1.016820351396312,36.4
3608000,-2632681.6661744695,299.91841058269165,1959.8615335731772,1.016870606476004,36.4
3610000,-2634129.548763031,299.29952495428967,1958.9349188723338,1.0173516062497783,36.4
3612000,-2633494.9448783454,300.1267420294612,1963.6190595997991,1.0149247515756552,36.4
3614000,-2632088.3347246516,300.6034097026996,1960.5813904798354,1.0164972471588118,36.4
3616000,-2632608.098885283,300.19231250346047,1960.8409471150599,1.0163626933564873,36.4
3618000,-2633538.4978725296,300.9932078447102,1960.837294116948,1.0163645868185358,36.4
3620000,-2630890.1163342055,300.386545044918,1963.659691045642,1.014903751063058,36.4
3622000,-2632140.625078408,300.3107826078776,1958.7891484784518,1.017427316156827,36.4
3624000,-2632636.3405997083,301.44252899266985,1962.321008925213,1.0155961115378862,36.4
3626000,-2633311.984308189,299.51739169152756,1960.0330345905754,1.0167816312697215,36.4
3628000,-2635396.283320643,300.37577539806296,1957.8964236042696,1.017891223573918,36.4
3630000,-2636725.7559191957,298.35146486711324,1955.9038823008752,1.018928181639029,36.4
3632000,-2630430.220469404,300.54411649530044,1962.6527670139794,1.0154244396911973,36.4
3634000,-2633169.38116703,300.09905866535433,1959.1373432778075,1.0172464901920606,36.4
3636000,-2636439.8645403944,300.0984279155588,1961.894447094377,1.0158169259335685,36.4
3638000,-2632258.6616183426,300.82111443022615,1961.778892060638,1.0158767607904038,36.4
3640000,-2632746.1772528924,300.31660744066977,1959.9026376275015,1.0168492801591518,36.4
3642000,-2629615.477568699,299.86854433382786,1958.1362251418361,1.0177665683648704,36.4
3644000,-2634589.536024727,300.49745313480855,1957.9493930584447,1.0178636860171695,36.4
3646000,-2636500.4481970444,301.0651893562276,1958.7163010944746,1.0174651556940422,36.4
3648000,-2630903.3028524816,299.1006037041376,1958.57456639299,1.017538785834343,36.4
3650000,-2634926.479012266,300.324051065421,1955.9813566219252,1.0188878229879588,36.4
3652000,-2630775.5434191395,299.23844869387995,1958.6792753755913,1.017484389255811,36.4
3654000,-2633371.0190256294,300.02087410272475,1957.777609793912,1.0179529974619208,36.4
3656000,-2629933.5239616446,301.1727512384836,1961.0129900807383,1.016273526149103,36.4
3658000,-2633599.910633445,298.7105471396472,1957.93640375152,1.0178704387103619,36.4
3660000,-2635791.245796602,300.5548958770909,1956.1114154544837,1.018820078707281,36.4
3662000,-2632871.923745934,301.12223292258733,1959.8318563636283,1.0168860046755865,36.4
3664000,-2634161.578093497,300.656249909209,1958.6514512149677,1.0174988434094896,36.4
3666000,-2635316.9607598186,300.7403154449683,1955.3130957608714,1.019236044894406,36.4
3668000,-2632882.086006837,300.9259688196009,1955.7958671066758,1.0189844552651603,36.4
3670000,-2631539.490737466,300.2202117037345,1963.262532094583,1.0151090614087754,36.4
3672000,-2632744.544888189,300.48629135172865,1957.8685714730066,1.0179057038308583,36.4
3674000,-2631654.210916182,300.1092858284423,1961.1308873014762,1.0162124308774827,36.4
3676000,-2634288.391861595,300.78701082562634,1955.8868353077778,1.0189370623479561,36.4
3678000,-2630379.63905379,300.7149233708149,1954.8721238685266,1.0194659599062248,36.4
3680000,-2631795.5009798203,299.61623335359945,1958.4566315570132,1.017600060241891,36.4
3682000,-2633000.2029346023,300.31743999636296,1958.5232763099002,1.0175654332832162,36.4
3684000,-2632021.873335395,301.31906677848866,1959.9108408718782,1.0168450241170068,36.4
3686000,-2632706.262497699,301.99614112120634,1959.3002963149918,1.0171618868234735,36.4
3688000,-2635539.3709421176,300.4726133697235,1958.603392858674,1.0175238098330766,36.4
3690000,-2633348.1834951565,300.36814702753304,1956.0592894778808,1.0188472286980153,36.4
3692000,-2635619.8937187996,301.3397640830597,1960.1466832440474,1.0167226786085475,36.4
3694000,-2632262.3219282106,300.6448183924965,1959.720179060552,1.016943953298942,36.4
3696000,-2631139.1135469787,299.71703581543426,1961.97678377336,1.0157742959734037,36.4
3698000,-2633676.2492820807,299.23145755094384,1961.079819876253,1.016238893519033,36.4
3700000,-2632938.47029393,300.5905087541902,1958.10885478632,1.0177807946591546,36.4
3702000,-2634410.248018151,300.795591437041,1956.5362374013328,1.0185988627026645,36.4
3704000,-2634312.0120013673,299.48934341019367,1959.6936431650574,1.0169577235729654,36.4
3706000,-2633950.7480563167,300.1267121752672,1958.3751850674932,1.0176423810153947,36.4
3708000,-2632332.445863273,300.64293817644864,1959.3270589569872,1.017147993308706,36.4
3710000,-2631526.0543709807,300.40259940831055,1960.165036189958,1.0167131590752518,36.4
3712000,-2634329.132509427,300.0089525357835,1962.119222087931,1.0157005567341801,36.4
3714000,-2631282.880996166,300.70862100472857,1962.9692271792596,1.015260737998086,36.4
3716000,-2634687.666376427,299.89086081353105,1959.78662560111,1.0169094738271691,36.4
3718000,-2631951.064074803,301.1071594089002,1960.1326474792847,1.0167299589731513,36.4
3720000,-2633772.7411318086,300.6066940991779,1957.2897566015242,1.0182067215811208,36.4
3722000,-2631543.546427546,299.6665934153276,1956.687638010441,1.0185200476249514,36.4
3724000,-2631925.975302648,298.9793279759415,1959.1646020177125,1.0172323367832725,36.4
3726000,-2631339.7578726485,301.1583188168864,1959.8238121162274,1.0168901785623152,36.4
3728000,-2632506.3901872523,299.90279470052394,1961.409476818445,1.0160680927708294,36.4
3730000,-2632742.9694968276,299.6864126892751,1959.919983090873,1.0168402809540336,36.4
3732000,-2632212.9038783293,299.6342255291733,1957.0327461137047,1.0183404392241873,36.4
3734000,-2630309.0824302975,299.73861513408684,1959.6330204832873,1.016989183904469,36.4
3736000,-2636684.6072586942,300.22202052083213,1958.968776677893,1.0173340228695429,36.4
3738000,-2635489.773375392,299.54594980527366,1955.5816703791274,1.019096065605473,36.4
3740000,-2634441.621688828,300.0153275477359,1955.6863062454422,1.0190415405012465,36.4
3742000,-2633279.9540357217,299.20310652811185,1964.3194742619603,1.014562861268957,36.4
3744000,-2631603.2829670515,300.7093224437659,1964.2059288830726,1.0146215103763618,36.4
3746000,-2633947.250959467,300.4675438590261,1957.5099703907613,1.0180921764887447,36.4
3748000,-2631868.2443373986,300.5635950711865,1959.0191916125461,1.017307841998777,36.4
3750000,-2632176.723268114,298.97923801474275,1960.1857015953294,1.0167024403002087,36.4
3752000,-2633794.398280086,301.36426307019383,1958.6680899709186,1.0174901998240744,36.4
3754000,-2635457.5576902814,300.43230875277436,1957.713625751569,1.017986267265449,36.4
3756000,-2633737.541623922,300.5251450952091,1958.80776767437,1.0174176451320103,36.4
3758000,-2633128.4981279634,299.4472868470497,1958.2921037353847,1.0176855549037354,36.4
3760000,-2631776.4409743194,300.7957633449571,1963.4013362469284,1.0150372975008033,36.4
3762000,-2632324.472158484,299.8413946832947,1962.7311818759135,1.0153838715441283,36.4
3764000,-2632955.942606587,300.7351354018602,1958.5355280732301,1.017559067827659,36.4
3766000,-2633302.5863972493,300.05752303512037,1959.5825099711185,1.017015397980318,36.4
3768000,-2632657.2665958777,300.68131824422676,1960.1256059973484,1.0167336114358398,36.4
3770000,-2632913.8703132644,301.73489374377425,1961.889993891659,1.0158192316890946,36.4
3772000,-2631355.525279779,300.7735262875656,1961.860414138012,1.0158345476016881,36.4
3774000,-2633531.347045539,300.42590094585364,1959.3563401655622,1.0171327927441463,36.4
3776000,-2631840.5829487145,299.3474676505907,1958.0573407799557,1.0178075711815995,36.4
3778000,-2631788.3986437004,299.95166960054854,1959.437594610259,1.0170906140289453,36.4
3780000,-2631860.080269588,299.97488547269506,1960.5178407104602,1.0165301967011653,36.4
3782000,-2630478.366322145,299.20420622787384,1966.7608966311532,1.0133034420539944,36.4
3784000,-2634033.229352575,300.06119116153525,1959.9172949336896,1.0168416756182435,36.4
3786000,-2634632.7664542813,298.7713430507416,1957.0725562593555,1.0183197244678142,36.4
3788000,-2632416.4304196592,299.99502397955763,1958.6299675063465,1.017510004092741,36.4
3790000,-2634380.800296584,301.6705071149014,1957.1397212887523,1.0182847778191488,36.4
3792000,-2632115.4252864346,299.3219020156754,1960.6449186043253,1.0164643109738614,36.4
3794000,-2631890.2296932023,300.3128527828893,1960.4023285640942,1.0165900933780647,36.4
3796000,-2633612.614398347,301.079947737303,1959.386964888491,1.0171168952157266,36.4
3798000,-2634262.34837457,300.63969924585103,1958.183136002822,1.0177421864237093,36.4
3800000,-2632100.5884817615,299.68823106515305,1957.6176365444226,1.0180361828837274,36.4
3802000,-2633683.2400043886,301.3396479396714,1959.8621870156592,1.016870267438669,36.4
3804000,-2634549.893275233,300.6979627934109,1959.4764296602539,1.0170704562131903,36.4
3806000,-2632975.0227738936,299.1649287038217,1956.4223280030467,1.0186581689076104,36.4
3808000,-2633680.8299791925,299.43513637456306,1956.0382743611603,1.0188581749017334,36.4
3810000,-2633144.6737955995,300.9221428967165,1959.381496730688,1.017119733741913,36.4
3812000,-2635919.768938735,300.7068610147313,1957.2914645053536,1.018205833108867,36.4
3814000,-2632892.330908576,299.18368145192517,1956.6753008523106,1.0185264695606098,36.4
3816000,-2631027.9113104735,301.7185310283339,1961.646758001492,1.0159451889716997,36.4
3818000,-2633247.0188955143,301.2985393295373,1957.8570979163542,1.017911669025546,36.4
3820000,-2634116.9821993895,301.28400791708395,1957.150052715414,1.018279402485516,36.4
3822000,-2632058.3578832056,299.8959271867515,1961.0763676100594,1.016240682499429,36.4
3824000,-2633746.936976891,299.045041093288,1961.4535375184653,1.0160452685384023,36.4
3826000,-2633180.2047774587,299.05816169820685,1960.1956494944454,1.0166972805839785,36.4
3828000,-2632382.9230684135,300.94161984065573,1960.5096599654648,1.0165344384422232,36.4
3830000,-2630739.577325277,299.6643204091959,1963.887607550974,1.0147859676851798,36.4
3832000,-2633133.2462160923,300.48927735473256,1958.8301035702525,1.0174060438529875,36.4
3834000,-2633302.8561645616,300.0432439972383,1956.8906663204775,1.0184143756998065,36.4
3836000,-2634886.367937308,300.45331846973994,1958.9719035087894,1.0173323990425502,36.4
3838000,-2632089.827810161,299.80463061264624,1957.5338785402796,1.0180797421190275,36.4
3840000,-2634734.4206000715,299.968505499267,1956.8749682325144,1.0184225454391675,36.4
3842000,-2633504.794636378,300.29344043775313,1958.7705044119407,1.0174370002839417,36.4
3844000,-2635439.811151359,300.0605447894633,1957.2257885266454,1.0182399996649218,36.4
3846000,-2631075.960955115,300.90257369355015,1958.8544598996784,1.017393393461,36.4
3848000,-2634420.3042861708,299.99363191353837,1957.145042393431,1.018282009296746,36.4
3850000,-2633207.0107204393,300.8169646118473,1956.9999468510878,1.0183575065805528,36.4
3852000,-2634203.8635864463,300.3542915603316,1957.5782511245823,1.018056665223298,36.4
3854000,-2633819.044268079,298.1701175038219,1963.0766648168217,1.0152051735786445,36.4
3856000,-2635522.065308567,301.9908991927617,1957.3164360942428,1.0181928427630036,36.4
3858000,-2632514.86691794,301.2767199428525,1960.1210392017272,1.0167359802765958,36.4
3860000,-2634855.4059324358,300.35035947505486,1958.1115103829143,1.017779414341845,36.4
3862000,-2634022.340692153,300.10311028030276,1957.3647469983707,1.0181677121291317,36.4
3864000,-2635388.535242159,300.5728618136059,1962.1471590293568,1.0156860952465037,36.4
3866000,-2635118.9776367582,300.6197242502075,1958.4269459160469,1.0176154849224484,36.4
3868000,-2631181.1174782068,300.54952780389834,1958.8235477309256,1.0174094489328178,36.4
3870000,-2633797.015582772,301.6859078679062,1959.7608377610206,1.0169228550002138,36.4
3872000,-2634600.382899776,300.46963831782955,1955.0634612813474,1.0193661871964943,36.4
3874000,-2633869.7779268976,300.40727774564425,1959.0699020290065,1.0172815090413452,36.4
3876000,-2632297.723948829,299.40281587608916,1962.4710748863797,1.0155184510777726,36.4
3878000,-2630450.5907714777,301.8877081405509,1963.100571349254,1.015192810465026,36.4
3880000,-2632494.5950693954,299.6619168670303,1959.1487695605201,1.0172405573368504,36.4
3882000,-2635312.5565063916,299.70545129476756,1959.4539823295,1.0170821076819856,36.4
3884000,-2632611.5956235714,300.7232592093175,1959.527637674476,1.0170438772778463,36.4
3886000,-2631901.6622550376,301.5334914220022,1960.9122029350106,1.0163257606692544,36.4
3888000,-2631466.9611930605,299.92581250160197,1961.595099163524,1.0159719440079067,36.4
3890000,-2632842.5270399787,300.3535256329526,1963.4454538796479,1.0150144901227836,36.4
3892000,-2632871.252447201,301.2389274667419,1958.7424859623372,1.0174515540129392,36.4
3894000,-2632077.141222583,300.749082411414,1961.1593561539444,1.0161976791941585,36.4
3896000,-2632575.9990470037,300.3074405593928,1961.5381325247681,1.0160014496829486,36.4
3898000,-2633983.0819062945,300.06810227249036,1961.6409992865642,1.0159481714433791,36.4
3900000,-2636676.967885291,300.659753594319,1957.7675829612515,1.017958210973704,36.4
3902000,-2635696.038640205,300.3469085645265,1956.4104474378878,1.0186643548461318,36.4
3904000,-2633024.546614418,301.31729440602453,1955.2385782041515,1.0192748897600061,36.4
3906000,-2634653.4508383013,299.85333732659905,1956.7542638822608,1.0184853678558095,36.4
3908000,-2635053.5786402375,299.79608412537766,1955.583949704556,1.0190948778008908,36.4
3910000,-2631193.408717163,300.8958949568903,1961.0959955553317,1.0162305112908063,36.4
3912000,-2633935.860668272,299.9158881178221,1958.0614360700754,1.0178054424346594,36.4
3914000,-2634073.850404918,299.95712465230605,1958.3631980162072,1.0176486099577196,36.4
3916000,-2632345.2438186184,300.67703956529846,1962.155858538274,1.01568159205161,36.4
3918000,-2629939.284826111,300.0632728297547,1963.223599085926,1.0151291922027887,36.4
3920000,-2631064.792439528,301.7210772661471,1958.589205761522,1.0175311802960108,36.4
3922000,-2635211.6004980784,300.9707479102211,1959.0956865064115,1.0172681201740912,36.4
3924000,-2633454.312114643,300.6831969772759,1957.8671421711736,1.0179064469326025,36.4
3926000,-2631214.6071263943,300.9215817515159,1963.026527410797,1.0152311028023586,36.4
3928000,-2633093.362545807,300.2113649177451,1957.9437053399633,1.017866642855041,36.4
3930000,-2634880.1294388305,299.8163923553303,1959.2159970320095,1.0172056522979622,36.4
3932000,-2635095.976920061,299.4193246685432,1959.6573871648723,1.01697653850442,36.4
3934000,-2633294.266689189,301.13909957664083,1957.1566729260362,1.018275958088749,36.4
3936000,-2633794.9737123735,300.42661451529585,1965.1490257960365,1.0141345822087255,36.4
3938000,-2628925.9762472603,300.0901734011011,1962.8032760834608,1.0153465762652447,36.4
3940000,-2633288.993275309,300.37328375581035,1959.408947545036,1.0171054841565899,36.4
3942000,-2631149.766590882,300.19852158662746,1962.334679922054,1.0155890361845459,36.4
3944000,-2630511.860126514,299.62494434501724,1961.6902823374483,1.0159226480333488,36.4
3946000,-2633328.2598687895,301.39857813101406,1962.1391148384168,1.0156902592595562,36.4
3948000,-2632352.3217566274,301.2233368071942,1959.085804054776,1.0172732517017544,36.4
3950000,-2635194.889420744,299.8947329942867,1961.0406230481738,1.0162592058678586,36.4
3952000,-2634716.175612204,301.0964223507314,1959.589140920875,1.017011956555856,36.4
3954000,-2633095.312169971,301.6819798725424,1959.4186673941103,1.0171004387255322,36.4
3956000,-2634634.0956703145,300.6539056218006,1958.8399226095075,1.0174009439212535,36.4
3958000,-2632571.9014945365,300.299642749104,1960.2097035753413,1.01668999118744,36.4
3960000,-2632530.5796532948,299.9918332998253,1961.5437074356341,1.015998562101346,36.4
3962000,-2633685.1686386354,299.9589903405331,1956.91436998984,1.0184020398725442,36.4
3964000,-2634355.18054194,299.832456316577,1959.4268035597847,1.0170962153997816,36.4
3966000,-2635698.9804279096,300.3505767097088,1959.511888684303,1.0170520514635306,36.4
3968000,-2635028.204308709,300.3510612750114,1956.4800855111032,1.0186280969647201,36.4
3970000,-2636619.4062631857,300.05302975859814,1955.8858369232676,1.0189375824657263,36.4
3972000,-2633289.526662318,299.269290516134,1958.6200921670395,1.0175151343661304,36.4
3974000,-2634060.739634132,299.47578779934133,1957.387196088824,1.018156034858987,36.4
3976000,-2633941.7835711967,300.0975290072183,1958.0150118304534,1.017829574447674,36.4
3978000,-2636238.6070984416,301.4303276613098,1958.1545210858242,1.017757058900767,36.4
3980000,-2634720.4091953468,299.9697335650226,1961.1304353761418,1.016212665054738,36.4
3982000,-2631961.906527739,301.3729385481854,1959.1037960176989,1.0172639092959745,36.4
3984000,-2632516.9082966764,301.7193069391298,1960.7545686990247,1.0164074678534951,36.4
3986000,-2631877.0835291613,300.68786112275444,1960.215291356522,1.0166870930153746,36.4
3988000,-2630800.8532244526,299.95786700004237,1959.0691442287048,1.0172819025426347,36.4
3990000,-2632457.9182780758,300.5287364327686,1958.4478319342377,1.0176046324835004,36.4
3992000,-2632956.873683043,300.05462879318856,1957.7296992392528,1.01797790932424,36.4
3994000,-2634229.008258138,302.685618285827,1960.706037779429,1.0164326257242562,36.4
3996000,-2633659.096242152,300.9645808798984,1957.803841096833,1.0179393585912258,36.4
3998000,-2635538.666269459,299.5141403826205,1959.7676263406247,1.0169193324082189,36.4
4000000,-2632032.045903502,301.813233013253,1960.4850133091056,1.01654721802218,36.4
4002000,-2634742.011782484,299.669322246181,1959.9111722304033,1.0168448522009157,36.4
4004000,-2633210.814678313,300.01619144015996,1959.1925851879903,1.0172178076420806,36.4
4006000,-2633109.760768542,300.16992052900156,1960.855556236298,1.0163551210670538,36.4
4008000,-2631264.07828746,298.97832166121225,1957.3298780834675,1.0181858503099817,36.4
4010000,-2631566.371266568,300.5356104594949,1958.6745690064147,1.0174868341015466,36.4
4012000,-2632995.9834060855,299.65616085867384,1956.444878251036,1.0186464277159313,36.4
4014000,-2634212.6015338767,300.40280836942424,1958.3013171385867,1.0176807669034065,36.4
4016000,-2632884.6020917743,300.45991255277204,1959.8380031791194,1.0168828153249176,36.4
4018000,-2636059.552167183,300.673181328533,1960.2057964264218,1.0166920176885388,36.4
4020000,-2635221.771861948,299.6551536904519,1957.3206578249096,1.018190646630279,36.4
4022000,-2631066.621239146,300.61714241940933,1957.5604884601414,1.0180659029449584,36.4
4024000,-2633701.0036336817,300.7648805405483,1958.3992603163374,1.0176298708015408,36.4
4026000,-2630463.3188613653,300.5845903368666,1960.4327572199372,1.0165743144792623,36.4
4028000,-2632078.243911471,300.43068331785895,1963.0080350268918,1.015240666718028,36.4
4030000,-2634328.35642004,300.3479255184731,1957.9375180055067,1.0178698594445865,36.4
4032000,-2632593.5313451383,300.9648263133622,1959.7572515181544,1.0169247159104522,36.4
4034000,-2634616.8957189713,300.2112578146067,1959.1945174359712,1.01721680441497,36.4
4036000,-2631569.9635417014,300.55574529755995,1960.040949658961,1.016777525286045,36.4
4038000,-2631730.5951868426,301.87730186382186,1960.807007854995,1.0163802853977397,36.4
4040000,-2633047.9995934796,301.4144839148884,1959.214358126182,1.0172065032024407,36.4
4042000,-2632894.477402292,300.22725092342,1958.1054023816835,1.0177825891443393,36.4
4044000,-2632608.60800853,300.70966130521845,1961.1537046327308,1.016200607604475,36.4
4046000,-2630267.3819023967,300.58859258374116,1963.8971721513103,1.014781025459922,36.4
4048000,-2633316.213276934,299.33949463981253,1961.634074675404,1.0159517577626305,36.4
4050000,-2632275.5394496135,299.14380247941233,1959.5872739692427,1.0170129254905687,36.4
4052000,-2633475.95074841,300.4953632655113,1959.7184095492937,1.0169448715399327,36.4
4054000,-2633380.77936393,301.1130671689212,1961.6799672850093,1.01592799003386,36.4
4056000,-2633033.3656358793,299.8924339118379,1962.475679850847,1.015516068155818,36.4
4058000,-2632200.889890423,299.63398186441736,1961.9656205177928,1.0157800755589104,36.4
4060000,-2632716.01714395,299.71470167112426,1963.5304733179871,1.014970540735173,36.4
4062000,-2634665.0444140527,301.375359567813,1958.5070041014178,1.0175738877012195,36.4
4064000,-2635406.4286160823,300.0498950060847,1958.4699988383181,1.0175931147455246,36.4
4066000,-2633704.553079918,300.0926035969142,1957.371640225324,1.0181641264732593,36.4
4068000,-2635115.221888613,300.742971006702,1958.122850088652,1.017773520268823,36.4
4070000,-2634968.9889551234,301.27684713723204,1957.7181301926232,1.0179839250185931,36.4
4072000,-2634375.8824099414,300.5495044802027,1958.169661140819,1.0177491898697275,36.4
4074000,-2637470.4964753184,299.92376102430103,1955.7419653496167,1.0190125392627059,36.4
4076000,-2634281.4970872775,300.90529810068284,1959.6602612488032,1.0169750469826573,36.4
4078000,-2632533.4343943037,300.5128155603813,1958.8620587254054,1.0173894467843778,36.4
4080000,-2632926.1462251954,300.2985130422125,1957.1062036587289,1.018302217083496,36.4
4082000,-2635030.7214349397,300.53532721209365,1959.1925081638765,1.0172178476331994,36.4
4084000,-2633010.4455849696,300.22120465472113,1956.1131051706966,1.018819198637105,36.4
4086000,-2633905.5303122923,299.7690786257218,1959.1016054837025,1.0172650467312,36.4
4088000,-2631714.7452006787,300.627563999758,1959.769880617484,1.0169181626700057,36.4
4090000,-2633685.9446374793,299.5893817645458,1957.1201933400876,1.0182949381623585,36.4
4092000,-2633081.216909617,301.0922949754422,1959.740907834497,1.0169331967743225,36.4
4094000,-2630212.159436589,300.5403346603492,1959.8090742678983,1.0168978256200902,36.4
4096000,-2633592.215766011,300.6846275679165,1960.0156469163535,1.0167906513343252,36.4
4098000,-2634215.8750375155,301.60788146721865,1962.151336132714,1.0156839330148142,36.4
4100000,-2630270.725820206,300.8208790764241,1959.657554459106,1.0169764516860318,36.4
4102000,-2631447.141085783,300.95896813295786,1963.5914812037372,1.0149390060664902,36.4
4104000,-2633804.5192507785,300.3763260045995,1959.6426302547138,1.0169841967535214,36.4
4106000,-2632788.0365021136,299.1704078959824,1959.673279362451,1.0169682912153168,36.4
4108000,-2631200.342266146,300.3027065177988,1963.3007044600338,1.0150893246899038,36.4
4110000,-2636172.0629276875,300.6397978816973,1957.925142059935,1.0178762933483703,36.4
4112000,-2630959.0626438074,300.3011471299021,1961.693947348614,1.0159207499962704,36.4
4114000,-2631642.508460976,299.72310863945376,1960.0662121849055,1.016764420438641,36.4
4116000,-2630313.6612144094,299.1698262730458,1961.494369827536,1.0160241175858054,36.4
4118000,-2635600.804756008,300.41034724490885,1959.359206789694,1.0171313046365043,36.4
4120000,-2631809.4119685777,300.5696657016751,1959.5223002464109,1.0170466475441167,36.4
4122000,-2632722.9026018735,299.6130582610523,1957.4359719679762,1.0181306641922447,36.4
4124000,-2632765.779153539,300.95205317393925,1959.8609852596642,1.0168708909675566,36.4
4126000,-2631618.4910662826,301.89672779952843,1960.9097187269272,1.016327048216889,36.4
4128000,-2632828.10488241,300.5894855841441,1961.3446220015285,1.0161016905941758,36.4
4130000,-2633348.565499041,300.2113639883745,1962.4952455545783,1.01550594365408,36.4
4132000,-2633484.866117228,299.86642780912473,1961.5119573792115,1.0160150075844088,36.4
4134000,-2634892.575920591,299.88587452722675,1958.3728511340041,1.0176435938128614,36.4
4136000,-2632803.047464775,299.74598663159713,1958.8721833825864,1.017384188289487,36.4
4138000,-2633998.723917272,300.64884282527925,1955.6353155731824,1.0190681106970274,36.4
4140000,-2630695.370652389,300.0746716892693,1962.8146207619338,1.0153407077637957,36.4
4142000,-2631931.7308346443,300.63901590237424,1962.0827857042982,1.0157194185556133,36.4
4144000,-2632955.770071542,300.5739417794884,1957.0281563780648,1.0183428274950932,36.4
4146000,-2631731.3776569106,300.54960986897936,1960.2620816732754,1.0166628252852756,36.4
4148000,-2631482.7271039095,300.2020580975602,1960.8928078260578,1.0163358131049516,36.4
4150000,-2633109.7823598776,300.25569421476894,1958.6144781975497,1.0175180508660253,36.4
4152000,-2633711.5016596746,301.2220602715798,1960.1778138817947,1.01670653148905,36.4
4154000,-2634508.094790634,300.3154741995757,1957.4139192513317,1.0181421347079205,36.4
4156000,-2635658.2305617947,300.3775647957373,1957.2830623099858,1.0182102040475929,36.4
4158000,-2634281.4056135584,299.79230555602857,1956.7232091147823,1.018501532035869,36.4
4160000,-2634674.4685133714,301.0651421972225,1960.3386248368024,1.0166231287818748,36.4
4162000,-2632240.096157467,300.41669664613005,1958.3211208942832,1.0176704754853803,36.4
4164000,-2635678.864355089,301.16239743499426,1959.6269763844966,1.0169923206152667,36.4
4166000,-2631546.3808319885,301.1529650060275,1958.5639054423914,1.0175443245511027,36.4
4168000,-2635105.450153848,298.41656335932237,1958.3361784792985,1.017662650649241,36.4
4170000,-2634413.833602771,299.6064451880704,1958.5580242794804,1.0175473800357335,36.4
4172000,-2632784.598195037,301.7578421820494,1956.5826457793692,1.0185747024551075,36.4
4174000,-2632383.640242271,300.7227324492549,1961.5749551447313,1.015982377337451,36.4
4176000,-2631275.963397179,300.4865059635113,1962.4953278324535,1.0155059010788599,36.4
4178000,-2633220.998658508,300.89247975203546,1961.6977461386393,1.0159187826852412,36.4
4180000,-2632502.943815477,300.64198620887396,1959.6255849831928,1.0169930427146574,36.4
4182000,-2633594.3792376425,299.48617745015537,1960.9291301267624,1.016316987511281,36.4
4184000,-2635338.884571165,300.58233468614577,1957.5952248375552,1.0180478379635018,36.4
4186000,-2634721.5468540695,299.683043267173,1960.5538521295837,1.0165115250921577,36.4
4188000,-2634508.3751709405,299.6914302828212,1959.7619937852314,1.016922255137861,36.4
4190000,-2634817.001561463,300.6881180680697,1957.0037064243106,1.0183555502277875,36.4
4192000,-2635734.8870707303,300.1072163173062,1963.8068762822143,1.0148276851064193,36.4
4194000,-2631946.4012726545,299.666621134025,1962.3224791456764,1.0155953506281978,36.4
4196000,-2635495.6408820767,300.43751330716657,1959.3092849009402,1.0171572204611419,36.4
4198000,-2633388.1229323503,300.6561339104648,1962.0968564701434,1.0157121345369595,36.4
4200000,-2634330.2116921395,301.42721544954804,1960.2302671198297,1.0166793257313373,36.4
4202000,-2632110.340002397,300.3121867629736,1960.0014980897392,1.0167979913259746,36.4
4204000,-2635373.666611094,300.5461103093739,1958.5109907473986,1.0175718163792464,36.4
4206000,-2633863.3377108816,300.517103804951,1955.2264405703786,1.0192812172037586,36.4
4208000,-2634460.5058694575,300.5500647989861,1957.006608259973,1.0183540402173252,36.4
4210000,-2633170.6359074097,300.8955740424849,1958.468178999678,1.0175940603086386,36.4
4212000,-2632866.0896908604,299.31944873619994,1963.2629304159973,1.015108855455884,36.4
4214000,-2631805.9964052998,299.4098834591335,1962.263883576206,1.015625677531944,36.4
4216000,-2631145.445241878,300.6179696550271,1961.045210398424,1.0162568285963418,36.4
4218000,-2632814.317478342,301.71084594072005,1964.6508367225642,1.0143917427985074,36.4
4220000,-2631794.823072564,299.65466922760726,1962.6311531772476,1.0154356222396947,36.4
4222000,-2633694.6030338667,299.53047806646856,1963.6068373112507,1.0149310688805928,36.4
4224000,-2637116.627589153,300.0114995143883,1955.6712103503125,1.019049406518881,36.4
4226000,-2635450.301627852,301.112726375701,1955.4590597912481,1.0191599646511134,36.4
4228000,-2632792.795514196,299.77514221483995,1961.8966330765463,1.0158157940912225,36.4
4230000,-2635107.760028651,299.7945274618402,1960.3477647537375,1.0166183888825986,36.4
4232000,-2633484.566276068,300.02579984663123,1959.0331951443384,1.0173005700940725,36.4
4234000,-2633233.731180208,300.5295496896065,1960.1856864384888,1.016702448161707,36.4
4236000,-2630457.229606075,301.73613063054313,1955.8510494544398,1.0189557056553205,36.4
4238000,-2632129.5768245086,301.8289478372717,1960.0641311169977,1.0167654999726072,36.4
4240000,-2631132.0694208257,300.8390868534598,1964.4809511639464,1.014479465974332,36.4
4242000,-2633685.5666845962,299.7019738654326,1959.8778584096915,1.0168621364347024,36.4
4244000,-2632495.242853107,300.8176539387132,1958.1113610729278,1.017779491949602,36.4
4246000,-2633032.064992495,301.0476843777451,1956.0097634757553,1.018873025823856,36.4
4248000,-2633138.3652812857,300.02847875565766,1959.2502204415705,1.0171878841511053,36.4
4250000,-2632823.411324365,301.3504860002642,1956.7875075143932,1.0184680649280407,36.4
4252000,-2630369.7740591485,300.22229652176526,1962.7316071002397,1.0153836515619763,36.4
4254000,-2633913.2340695616,299.80724207119715,1960.3481485722139,1.0166181898378925,36.4
4256000,-2634121.8547013532,299.8742081335881,1959.0807959105578,1.017275852233169,36.4
4258000,-2634779.0061330516,299.5953271595299,1962.152789310927,1.0156831807952265,36.4
4260000,-2632961.623614602,300.1931781848049,1958.0084566944581,1.0178329819974512,36.4
4262000,-2633283.9351857975,301.8693652375281,1958.1485943027426,1.0177601393745037,36.4
4264000,-2632700.6742897294,300.4167509339192,1960.9008513277695,1.0163316441543149,36.4
4266000,-2632330.6175698843,299.37574461099524,1962.7459483953508,1.015376232406884,36.4
4268000,-2634283.077435598,300.21810619366494,1957.8671883336624,1.0179064229324584,36.4
4270000,-2631560.62477245,300.10046148076026,1956.8748093725278,1.018422628115173,36.4
4272000,-2634532.2477231156,299.67560195531144,1960.72072761655,1.016425010550149,36.4
4274000,-2633212.720338486,299.7656102128554,1957.7956757727652,1.017943604082646,36.4
4276000,-2634089.3979527373,299.5140916688806,1958.6467716752861,1.01750127438698,36.4
4278000,-2633839.609910084,299.4490548129593,1957.846837991691,1.0179170033023828,36.4
4280000,-2634129.6165174264,299.09314861576206,1957.039598875382,1.018336873407563,36.4
4282000,-2632760.06643142,299.46877457374956,1959.7293340622791,1.0169392025798056,36.4
4284000,-2632847.5027993135,300.495278951709,1956.465626968087,1.0186356247627832,36.4
4286000,-2633465.322593998,299.8365711599642,1962.9471397962557,1.015272161867998,36.4
4288000,-2633658.1228280477,300.52946870814804,1958.508147126831,1.0175732938242856,36.4
4290000,-2632627.076678779,300.45977620878773,1964.158659472534,1.0146459282412241,36.4
4292000,-2631613.9240189455,301.1693341038759,1961.193635469478,1.0161799172759776,36.4
4294000,-2632649.072979549,300.33381221087785,1960.3167783727545,1.0166344583898637,36.4
4296000,-2632667.829180751,300.2292029223154,1961.505680527419,1.0160182588498445,36.4
4298000,-2637504.321953129,299.22477567633973,1959.60371882177,1.0170043907917328,36.4
4300000,-2634588.785073187,298.9550708019472,1956.6656655563352,1.018531485135915,36.4
4302000,-2631444.3080944326,299.79617323909287,1960.3666102907953,1.0166086158537067,36.4
4304000,-2635242.272255402,300.9367287997722,1960.21510473213,1.0166871898101653,36.4
4306000,-2631335.8735654876,301.34252437689116,1963.1194159329968,1.0151830653187164,36.4
4308000,-2632437.838271562,299.0108578529987,1960.8853958916502,1.016339654744243,36.4
4310000,-2633280.238554802,301.31351865821557,1960.230934849144,1.0166789794116375,36.4
4312000,-2632900.1420816053,300.16648847467957,1958.7533215031121,1.0174459256177357,36.4
4314000,-2634210.854264077,299.2877416114061,1958.338876963245,1.017661248365725,36.4
4316000,-2632635.4879170544,300.2698461348569,1957.538036170811,1.018077579811404,36.4
4318000,-2632032.2665728144,300.21181440971645,1960.7559256867744,1.0164067644245451,36.4
4320000,-2632731.0466679484,300.2346125580907,1960.1424299060325,1.0167248848080326,36.4
4322000,-2635240.3478173744,300.04460452036335,1956.1575242169058,1.0187960640088844,36.4
4324000,-2631751.0561455116,300.76838991724486,1961.0556876946957,1.0162513990596138,36.4
4326000,-2629838.536976002,301.5327706135054,1964.7725576675307,1.0143288995340198,36.4
4328000,-2632393.031277353,300.22411175022245,1958.9387640395553,1.017349609307801,36.4
4330000,-2633104.741126176,301.07361189862894,1961.2310203593438,1.0161605469040547,36.4
4332000,-2631753.679252753,300.4212310686119,1960.1186865665038,1.016737200615393,36.4
4334000,-2632529.3306050673,301.152665570953,1961.7698051784846,1.0158814663131328,36.4
4336000,-2634068.8010341804,299.7155601178898,1958.3612036198565,1.0176496463317402,36.4
4338000,-2632274.83049131,300.61019735656737,1959.5845964664677,1.017014315098823,36.4
4340000,-2634318.788926862,300.5417162358387,1959.0444779413829,1.0172947111174158,36.4
4342000,-2633677.801826831,300.15497255779076,1959.3002557734633,1.0171619078704253,36.4
4344000,-2633353.2206856515,301.22826729164393,1959.463469250424,1.0170771833862893,36.4
4346000,-2631783.8503324296,300.52219386622863,1961.9383005306213,1.0157942202945658,36.4
4348000,-2631779.879775431,299.6665457120252,1960.792222909246,1.0163879492017902,36.4
4350000,-2633322.2715447117,301.09325093516566,1960.9086463928816,1.0163276040011155,36.4
4352000,-2632030.683018893,300.3098934183588,1958.890764853071,1.0173745376777197,36.4
4354000,-2633960.4448861983,298.5976981632641,1959.4246222325785,1.017097347680973,36.4
4356000,-2632725.1549968794,300.1271219837008,1962.5614437785441,1.0154716901074665,36.4
4358000,-2633575.634022761,300.0038390724434,1960.2765706683517,1.016655310823852,36.4
4360000,-2632214.884474747,300.66012450930856,1961.027096473336,1.016266215718068,36.4
4362000,-2632736.8587309904,300.4982156493127,1960.5622729179006,1.0165071590852766,36.4
4364000,-2632132.211797692,299.721744223076,1959.5361090090594,1.0170394804622271,36.4
4366000,-2628210.326073535,301.3638928604094,1962.978801876171,1.0152557859253266,36.4
4368000,-2633960.185263537,299.3925475723973,1960.8884716014543,1.016338060586347,36.4
4370000,-2632149.778892344,300.3400434589986,1960.1487017766342,1.0167216316023397,36.4
4372000,-2633658.2207532115,300.6909517866224,1959.0714675798433,1.017280696102183,36.4
4374000,-2632404.099158248,299.52152149569395,1957.0374916460144,1.018337969896197,36.4
4376000,-2635432.1310536712,300.1311372308418,1959.6101771939018,1.0170010390063153,36.4
4378000,-2634474.310381593,300.3616137784862,1957.8923148831561,1.0178933596623685,36.4
4380000,-2635214.431758404,298.7033167599908,1960.9949050979596,1.0162828985799905,36.4
4382000,-2631239.952716481,299.2691714458321,1962.7997138921305,1.0153484189691873,36.4
4384000,-2631119.4357728846,301.37372794935163,1960.8312843809047,1.0163677018661892,36.4
4386000,-2631714.952681508,300.35728920053464,1966.1577510705547,1.0136142866300624,36.4
4388000,-2627983.076898299,301.04300913931513,1964.0965507637977,1.0146780133993611,36.4
4390000,-2632053.4396411125,299.796732511669,1960.9818050609067,1.0162896877014365,36.4
4392000,-2630428.11090645,299.76740372541406,1957.739940785616,1.0179725839652698,36.4
4394000,-2631980.733993875,300.17694428473396,1961.4737546747021,1.0160347960322629,36.4
4396000,-2631301.7808285635,298.7428642103976,1962.2383786865719,1.015638878487086,36.4
4398000,-2634405.8587185144,301.584681590863,1959.16332256111,1.0172330010998278,36.4
4400000,-2634970.4937079847,299.65360121023724,1957.4162176456753,1.0181409392073917,36.4
4402000,-2634080.7563829366,301.0332958694709,1959.2073869613548,1.017210122581504,36.4
4404000,-2630721.976912575,300.2047165345454,1960.7488787844181,1.016410417375364,36.4
4406000,-2634804.7061729375,300.9470927829072,1956.7617485361027,1.0184814721283775,36.4
4408000,-2631999.229377756,299.9831173043578,1960.654525613289,1.0164593304014966,36.4
4410000,-2630125.0841776077,300.7261359009255,1961.3930121019096,1.0160766220523274,36.4
4412000,-2634481.557355324,300.3655532728958,1960.019541977381,1.016788630710778,36.4
4414000,-2633060.431843519,299.8744053235531,1962.7707116372383,1.0153634219409948,36.4
4416000,-2633659.8825107478,299.9780656078653,1962.1108827301466,1.0157048736616374,36.4
4418000,-2630367.6533671264,301.57645931602275,1962.1255720630759,1.0156972696493056,36.4
4420000,-2631124.059554141,301.0678537599698,1961.0099487124953,1.0162751023073633,36.4
4422000,-2631537.5897569917,300.448357805061,1965.8855935707732,1.0137546115456597,36.4
4424000,-2632870.2105353754,300.43492487582995,1956.9459356335506,1.0183856129925988,36.4
4426000,-2632073.9340994395,299.5567932331913,1962.3174724279133,1.0155979418497274,36.4
4428000,-2633554.224627465,300.1571119981187,1962.883400169706,1.0153051302391394,36.4
4430000,-2633507.1483341567,300.5041623710318,1960.5348342521675,1.0165213856114603,36.4
4432000,-2632953.926035652,300.0419338746259,1961.9017465389663,1.0158131464887636,36.4
4434000,-2634390.3716108985,300.52326146720463,1959.877822078246,1.0168621552848933,36.4
4436000,-2634861.0166110527,300.19875679707184,1961.1128823100867,1.0162217607310742,36.4
4438000,-2632494.279987529,300.8610497402146,1960.5469046942635,1.016515127223816,36.4
4440000,-2632691.8834000025,300.3900108535774,1958.0508657864484,1.0178109369253245,36.4
4442000,-2632703.3488800805,299.123182155815,1959.3750687541346,1.0171230705312315,36.4
4444000,-2629871.668161731,301.16731692335287,1957.669579430213,1.0180091713094894,36.4
4446000,-2633416.388373792,301.8954514198964,1957.1666583387484,1.018270762871646,36.4
4448000,-2634323.563224217,299.84761446108564,1958.6204721200922,1.0175149369782308,36.4
4450000,-2632231.469937898,300.1401596440878,1957.9487514299337,1.0178640195756246,36.4
4452000,-2631438.4196218625,300.52854649107724,1964.1468449353558,1.0146520314366512,36.4
4454000,-2632088.741903268,300.41829518800006,1960.883415019547,1.0163406814441753,36.4
4456000,-2633169.802388277,301.1033629278449,1959.6518496644908,1.016979412233226,36.4
4458000,-2634846.932758203,300.1361032629615,1957.515578592433,1.018089259696506,36.4
4460000,-2634714.947867606,300.39920223251613,1957.363895233424,1.0181681551941997,36.4
4462000,-2632458.5191941746,300.63516048652394,1957.1337725443793,1.0182878729146028,36.4
4464000,-2636533.2021616995,300.67396760961583,1956.6569138261577,1.0185360408210085,36.4
4466000,-2633926.6570291817,300.2745165958641,1961.459291610931,1.0160422878910598,36.4
4468000,-2631861.4992799964,299.75047415395767,1959.1158243110842,1.0172576636475044,36.4
4470000,-2633906.1175791845,300.09269880065597,1960.019888319033,1.016788451041043,36.4
4472000,-2629171.3977678735,300.3010521480192,1960.9465358318848,1.0163079665035828,36.4
4474000,-2631688.719441831,299.3475776776895,1958.45192784017,1.0176025042653951,36.4
4476000,-2634242.6366752237,300.2073173373838,1960.1215992486648,1.0167356897742759,36.4
4478000,-2634444.089172555,301.0994493264526,1959.2969531378287,1.017163622421738,36.4
4480000,-2634351.517525997,300.0916719600798,1961.054430196592,1.0162520507162878,36.4
4482000,-2634227.8160210457,300.9513087704415,1956.446566406676,1.018645548758263,36.4
4484000,-2635469.562680032,301.22196614886695,1957.36899784651,1.0181655009587651,36.4
4486000,-2632423.5101077277,299.41201032719306,1956.150688323773,1.018799624256599,36.4
4488000,-2633616.809499938,300.26337262466404,1954.8427773565697,1.0194812643441717,36.4
4490000,-2632574.1813868526,300.67943579354585,1959.0655757131149,1.017283755561938,36.4
4492000,-2632232.7745718304,301.0051863838445,1959.071599662577,1.0172806275160142,36.4
4494000,-2631333.949941369,299.4286600192256,1962.911012651695,1.015290847831816,36.4
4496000,-2630848.8139617983,301.4341050086558,1959.711883695995,1.016948257972959,36.4
4498000,-2634371.6403871793,301.2147606099813,1958.5149748964516,1.0175697463630144,36.4
4500000,-2633317.287227731,300.3777721971172,1963.0503128383573,1.0152188016882735,36.4
4502000,-2632323.1101125423,300.42743482309646,1962.5682912144605,1.0154681471085534,36.4
4504000,-2631736.7583698425,300.642601105638,1958.3997276442672,1.0176296279671218,36.4
4506000,-2634833.6043957993,300.66029588751144,1959.0939063379374,1.0172690445343946,36.4
4508000,-2633416.0389616042,301.1024838980738,1956.9411497955584,1.0183881035266433,36.4
4510000,-2633738.3442903925,300.4883741809183,1957.6357286734649,1.0180267743703248,36.4
4512000,-2636379.200400451,300.39957611354413,1960.0512708902525,1.0167721711424234,36.4
4514000,-2631608.458354166,301.0026892555349,1965.262516076808,1.014076017809551,36.4
4516000,-2631896.809153689,299.8827941277632,1958.114343253044,1.0177779418860042,36.4
4518000,-2635907.010501316,301.1241427760639,1958.5240258228112,1.0175650438683201,36.4
4520000,-2636156.217129564,299.8134525073609,1955.8221637059871,1.0189707547220221,36.4
4522000,-2636753.9484963045,301.3853149255835,1957.5108185204592,1.0180917353804746,36.4
4524000,-2632457.612373166,300.4310893302838,1958.4112249332547,1.0176236537458925,36.4
4526000,-2634822.748130515,299.98592403284414,1956.6120340714986,1.0185594034738121,36.4
4528000,-2632062.2398186885,300.090434165847,1959.290677893236,1.0171668802081366,36.4
4530000,-2635306.7597330306,300.61302621338973,1958.1206621476465,1.0177746574961972,36.4
4532000,-2635029.547605695,301.99735961446714,1959.4149419901178,1.0171023725221746,36.4
4534000,-2635789.157506196,300.33745217627967,1958.1361871749543,1.0177665880986475,36.4
4536000,-2629381.5999007616,300.26680809365644,1961.81330949369,1.0158589385693828,36.4
4538000,-2630498.1000012495,300.0518478692797,1957.9123956548387,1.0178829199286001,36.4
4540000,-2630679.114189958,300.47740615082364,1957.221297208694,1.0182423362630346,36.4
4542000,-2635285.26698892,300.6800022084692,1956.9610733808393,1.0183777354398658,36.4
4544000,-2632641.6385258604,300.8824187335108,1962.784474173851,1.0153563024755345,36.4
4546000,-2631370.127658218,300.04673229258344,1961.4244810453006,1.016060320197217,36.4
4548000,-2634570.797445668,299.8983985570331,1959.0443705753858,1.0172947668705485,36.4
4550000,-2632170.1535383165,300.2249066611834,1961.0777434788756,1.0162399695170552,36.4
4552000,-2633270.872996386,300.1297676121079,1959.7195412141814,1.0169442842922274,36.4
4554000,-2635679.5157529544,300.0998576359806,1959.9176999649503,1.0168414654805085,36.4
4556000,-2632651.06885577,300.455046258105,1963.9903509792755,1.0147328805662639,36.4
4558000,-2633911.2776965816,299.41254509707534,1963.3618524899184,1.015057710185281,36.4
4560000,-2631885.3437412474,300.69257011476446,1954.965311613756,1.0194173648065687,36.4
4562000,-2632035.3927791566,301.1574905093976,1963.1928076252254,1.0151451138741125,36.4
4564000,-2634348.155113071,300.3647624320471,1957.3739399161802,1.0181629302466806,36.4
4566000,-2634074.756175531,299.9247795758659,1961.2203960029228,1.0161660516662188,36.4
4568000,-2629446.162462592,300.434865768869,1963.1576028183301,1.0151633182137199,36.4
4570000,-2634628.0489816647,301.21002952985464,1961.1055710841056,1.0162255493220858,36.4
4572000,-2635230.0685092676,300.08654521622475,1957.0279193161439,1.0183429508506694,36.4
4574000,-2633443.783780819,301.00794503430564,1956.0807946012974,1.0188360275066044,36.4
4576000,-2634843.2569234464,299.93601589335685,1955.1996360494275,1.0192951908892267,36.4
4578000,-2636738.9101970606,301.17253290846446,1958.5772489193773,1.0175373921825763,36.4
4580000,-2633202.147309035,300.4481681886384,1959.4829448676667,1.017067074492011,36.4
4582000,-2630552.3185653556,300.65417475711223,1962.2361979525515,1.015640007218814,36.4
4584000,-2633229.713647643,301.121843328595,1957.0936046202876,1.0183087725332443,36.4
4586000,-2632704.537667744,300.3146511960388,1958.5139637278012,1.017570271727983,36.4
4588000,-2633384.319660511,300.94298715681697,1959.8465027386142,1.0168784052571007,36.4
4590000,-2632409.6838148143,299.29645459629216,1961.1861922060068,1.016183773969895,36.4
4592000,-2631271.990300685,299.7404492692601,1958.201923186395,1.0177324221041772,36.4
4594000,-2632509.8398316316,300.92502157360593,1958.095447032716,1.0177877637546286,36.4
4596000,-2632235.3119811267,300.8165230871302,1959.7929989752838,1.0169061667714847,36.4
4598000,-2632056.8452431094,300.84067074291374,1962.4775988910162,1.0155150751171569,36.4
4600000,-2634853.074456118,299.70248934492844,1958.9951378151588,1.017320333156228,36.4
4602000,-2633767.6461175177,300.388384246317,1958.8417543807168,1.0173999925193584,36.4
4604000,-2636796.6842451114,300.8329137749111,1958.018231237775,1.0178279009147457,36.4
4606000,-2635674.994475674,299.9841263429156,1958.9514824867672,1.0173430041889822,36.4
4608000,-2633151.0908498056,301.2190309483905,1959.8694275813539,1.0168665107006583,36.4
4610000,-2634110.180042021,299.86793576346133,1957.4270651317293,1.0181352969692536,36.4
4612000,-2637303.151251804,300.0698839536673,1954.7744975463972,1.019516874583251,36.4
4614000,-2634745.646869503,300.0336911197077,1957.398902364645,1.0181499457499361,36.4
4616000,-2632670.8919718564,300.7003068540817,1957.0748481288622,1.018318531945246,36.4
4618000,-2634147.468906395,300.6037578415679,1960.7263051924763,1.0164221191788982,36.4
4620000,-2633443.8010375686,299.95876150195596,1958.5962086142058,1.017527542169415,36.4
4622000,-2634408.8716202937,301.66516866343125,1958.5486871515618,1.0175522310614513,36.4
4624000,-2633614.197958242,300.5196802282022,1963.9586914725805,1.0147492383148078,36.4
4626000,-2630322.435460001,300.38878141451755,1959.5543729375863,1.0170300011966162,36.4
4628000,-2634704.538944576,300.69295773607587,1956.9008620644743,1.0184090696097239,36.4
4630000,-2634675.4500357136,299.5741353131999,1956.3634772475557,1.0186888118855255,36.4
4632000,-2633829.147247035,299.99245446610007,1957.2435453639016,1.0182307618150872,36.4
4634000,-2634892.6646000165,300.0926259194204,1957.8598851479485,1.01791021991492,36.4
4636000,-2635115.7330625877,300.94906792458664,1961.203683592618,1.0161747109320234,36.4
4638000,-2632732.954776481,301.3803185021608,1958.8007822141965,1.017421273438934,36.4
4640000,-2633877.469959952,299.43111690273133,1960.440677028049,1.016570207712046,36.4
4642000,-2632980.8420890793,300.41023555958253,1959.6933446143378,1.0169578785020317,36.4
4644000,-2634976.991220439,299.9673978625406,1959.643328841417,1.0169838342122226,36.4
4646000,-2632469.7248151507,300.3398884941174,1959.1207311777007,1.0172551157965266,36.4
4648000,-2632888.3504761755,300.54853370333484,1963.1062450647826,1.0151898763827638,36.4
4650000,-2629901.705042962,300.36869315703086,1963.4039596274793,1.0150359412699106,36.4
4652000,-2632347.0090109576,300.4592273950683,1962.7350952657825,1.015381847025911,36.4
4654000,-2632924.941334782,301.0604777140231,1958.9441226182735,1.0173468264065928,36.4
4656000,-2631429.003788911,300.0628083499793,1960.8494805203472,1.016358270255751,36.4
4658000,-2632417.014644945,299.6014314820647,1961.0798598062945,1.0162388728271368,36.4
4660000,-2634283.808083998,300.8259157858037,1960.6901238154867,1.016440875611354,36.4
4662000,-2632110.5599280316,300.9346188155764,1959.6340665287485,1.0169886410393811,36.4
4664000,-2632697.2018574476,300.4439107753077,1958.45815984712,1.0175992661539006,36.4
4666000,-2634622.024417877,300.5577739440904,1958.2169131263686,1.0177246314718862,36.4
4668000,-2632001.502319444,300.79372216264386,1960.073090867988,1.0167608522042468,36.4
4670000,-2630807.2578954566,299.75658607396616,1961.3832078946357,1.0160817010321863,36.4
4672000,-2631482.2005416304,299.99870526203443,1958.7883657185855,1.0174277227353448,36.4
4674000,-2631234.8182530496,300.26078709556634,1962.641424011942,1.0154303082932492,36.4
4676000,-2634164.4881850686,299.3135528030392,1960.7186111380374,1.0164261077201777,36.4
4678000,-2633185.7331459895,300.6379450173045,1959.1147140228245,1.017258240157513,36.4
4680000,-2634527.512940405,300.7039343898258,1959.9312030306057,1.0168344598891654,36.4
4682000,-2633367.2149600163,300.2249157800114,1960.3023026618132,1.0166419656536836,36.4
4684000,-2634004.147616055,300.3579100167358,1960.9751167208394,1.0162931539825637,36.4
4686000,-2630669.2799653746,300.6781884534102,1961.8656548375047,1.01583183401955,36.4
4688000,-2634432.6639697924,301.1525180117066,1958.2170761088469,1.017724546766628,36.4
4690000,-2635703.8970504515,300.55245050828637,1962.3779364404093,1.015566649647799,36.4
4692000,-2633236.881995201,299.78276699425777,1958.5791598246522,1.0175363994131188,36.4
4694000,-2633805.2419768944,299.8288909196718,1961.8083245281769,1.0158615198724141,36.4
4696000,-2632217.8435083963,300.09989557401764,1957.8386530310138,1.0179212588168154,36.4
4698000,-2633526.9970637523,299.60976186705585,1961.580106932796,1.0159797090161995,36.4
4700000,-2634280.1767250206,299.69622690331187,1958.4275591559274,1.017615166277832,36.4
4702000,-2633326.6207917053,299.16744967860154,1961.4552895906322,1.016044360954811,36.4
4704000,-2633433.2578813676,300.6366676376822,1957.6879801415791,1.0179996028322247,36.4
4706000,-2632697.792882284,299.8202377769625,1957.313911676524,1.0181941559627097,36.4
4708000,-2632825.4809964374,300.16906606114946,1960.6994825205932,1.0164360239905434,36.4
4710000,-2632074.7684007827,299.619078303799,1959.6368180206314,1.016987213103365,36.4
4712000,-2632606.5757889412,300.3487281097269,1958.4179693643325,1.017620149237303,36.4
4714000,-2631143.2463822346,300.7663443541293,1962.3997262217274,1.015555373160693,36.4
4716000,-2634163.984550813,299.989142773184,1960.5276554393943,1.016525107781197,36.4
4718000,-2631583.2245861553,300.32100019266227,1961.1585581157958,1.0161980927071357,36.4
4720000,-2632543.124480566,300.5778359370546,1959.7882451118007,1.0169086334834387,36.4
4722000,-2634124.7329798844,299.6941212384585,1958.0132034879869,1.0178305144742479,36.4
4724000,-2634148.136100676,299.96366396130867,1963.072187589409,1.015207488982256,36.4
4726000,-2632381.4941149876,300.09588094175103,1958.8601064114457,1.017390460773898,36.4
4728000,-2635509.650711665,301.38257115253253,1961.0412832174493,1.0162588637521117,36.4
4730000,-2632712.1908408944,299.85337759228133,1962.5357144134096,1.0154850032113794,36.4
4732000,-2633637.2938621566,300.4202542083841,1957.2675301675317,1.0182182841826246,36.4
4734000,-2632690.955508072,299.9732689519404,1958.6059753531185,1.0175224681902861,36.4
4736000,-2633654.3582453057,299.3363269506388,1958.3228448899097,1.0176695795863953,36.4
4738000,-2629651.403148731,300.70420513794807,1959.9015504332565,1.0168498442245688,36.4
4740000,-2629764.451876024,301.340843910479,1962.2432707353494,1.0156363464081088,36.4
4742000,-2634010.0541500673,300.7418172205126,1959.6076148883724,1.017002368796711,36.4
4744000,-2631521.0460694227,300.02677863278274,1957.6086582301539,1.0180408519725916,36.4
4746000,-2634070.382712623,301.05630488556983,1960.4920166208046,1.0165435866903694,36.4
4748000,-2631838.4000309594,299.99156123613744,1963.648578761492,1.0149094944017536,36.4
4750000,-2633076.912887752,300.1014061361824,1960.0760002439342,1.0167593430078863,36.4
4752000,-2632761.2505658045,300.4117672393815,1963.6427698731356,1.0149124967278564,36.4
4754000,-2634147.1926860083,299.85604679028563,1958.052540231421,1.0178100665358067,36.4
4756000,-2634684.9772625417,299.97471486919113,1957.8325794815057,1.017924416592013,36.4
4758000,-2631656.743440278,299.6587082701051,1959.2853757261153,1.01716963283869,36.4
4760000,-2633027.4678267743,300.9186412731289,1962.0240162225589,1.0157498429048197,36.4
4762000,-2632824.7959325556,300.91514456538715,1960.8977931234813,1.0163332292189742,36.4
4764000,-2633249.871428458,300.15660393052593,1958.0147203129984,1.0178297259864157,36.4
4766000,-2632932.7527326643,301.3532029623574,1961.248296019693,1.0161515960514247,36.4
4768000,-2631024.1205934715,300.76535172185066,1963.1174845380524,1.0151840640971672,36.4
4770000,-2633215.453818124,300.1371021181889,1958.9457875965966,1.0173459617270169,36.4
4772000,-2634970.055129109,300.75647151404695,1954.5927822443084,1.0196116574037613,36.4
4774000,-2631443.97314965,299.4157880230575,1959.4678469077542,1.0170749111288524,36.4
4776000,-2634352.1285530664,300.6612290483789,1965.4038083492878,1.0140031161979761,36.4
4778000,-2632692.6540422365,300.50124421112264,1959.7599787354195,1.0169233007500895,36.4
4780000,-2631133.821445437,300.8371198836835,1962.4276016757435,1.0155409476261756,36.4
4782000,-2634136.3534988035,300.14316672403965,1958.3651015549306,1.0176476207991945,36.4
4784000,-2631959.2026738916,299.3469294835761,1957.6204629193742,1.0180347130625738,36.4
4786000,-2634101.716376899,300.89022457073634,1957.1157099677514,1.0182972708784739,36.4
4788000,-2630311.288689168,300.37953364320487,1962.1025545591995,1.0157091848347717,36.4
4790000,-2630289.3767728545,299.90153288913314,1962.0879318911593,1.0157167545150056,36.4
4792000,-2635007.2647260875,300.2428442248891,1957.220978788267,1.0182425019209562,36.4
4794000,-2633954.482055297,298.46053825339027,1954.3674275502422,1.0197292270428584,36.4
4796000,-2634410.4753229897,300.9855114281186,1956.3158246272585,1.0187136254614024,36.4
4798000,-2636113.987274071,300.38883188637317,1957.4551343069702,1.018120697289512,36.4
4800000,-2630219.519336039,299.98925147864,1962.0792974625226,1.015721224331207,36.4
4802000,-2632079.0280669034,300.9181436681436,1963.4942081745771,1.0149892869336918,36.4
4804000,-2636159.764714362,300.75654157735914,1960.3910515151147,1.016595941260438,36.4
4806000,-2630794.847545957,299.71751625824203,1961.4564508785095,1.016043759401818,36.4
4808000,-2631159.691904111,300.4254697914384,1961.559937900735,1.0159901554608524,36.4
4810000,-2631479.3410783615,299.51352127511683,1962.348342140046,1.015581965473141,36.4
4812000,-2632446.019041447,300.05115662548906,1961.4838907884928,1.016029545596939,36.4
4814000,-2632449.597950347,300.1875297018025,1957.65533319289,1.0180165795595555,36.4
4816000,-2632007.8369906824,300.517093934215,1957.0950412138318,1.0183080250499705,36.4
4818000,-2633617.9434355088,300.77135064106034,1955.722778607477,1.0190225363497376,36.4
4820000,-2632180.1360881086,301.3559680105723,1958.3601510848925,1.0176501932749737,36.4
4822000,-2631454.9729528576,299.1033902641771,1960.0906368725755,1.016751750538109,36.4
4824000,-2632450.317728143,299.6780518013262,1956.9747080151333,1.018370640198451,36.4
4826000,-2636348.8541137017,300.05341955661635,1960.558218197571,1.0165092613703326,36.4
4828000,-2633820.331916256,299.66548162055193,1960.3035269694371,1.016641330709915,36.4
4830000,-2634245.9108218793,299.7083309600074,1961.7016080204758,1.0159167827081408,36.4
4832000,-2635568.801156152,299.6657037715913,1960.4449666198586,1.0165679833847576,36.4
4834000,-2629148.804175824,299.95472563542654,1960.8882089217782,1.0163381967345226,36.4
4836000,-2633892.3949221503,301.0953542061987,1959.38232333691,1.0171193046487796,36.4
4838000,-2631976.35474794,300.12008862238315,1959.090289885958,1.01727092239815,36.4
4840000,-2633014.5602842607,300.43939788392464,1964.3163701253516,1.0145644645451746,36.4
4842000,-2631355.9033772815,300.89384143833684,1961.21701360751,1.0161678041879274,36.4
4844000,-2634226.4322018716,300.1805294215362,1960.2442676434587,1.0166720643694969,36.4
4846000,-2633277.903786268,300.38657711939567,1955.7287853070868,1.0190194065894573,36.4
4848000,-2632660.9423087407,300.27477513595824,1960.1595004549483,1.0167160304000744,36.4
4850000,-2631840.87367562,301.00326277317845,1960.7574613476902,1.0164059683770106,36.4
4852000,-2630575.1400814243,300.4352929190863,1959.2975276778009,1.0171633241509794,36.4
4854000,-2631322.116473453,299.7127070309963,1961.8596128458933,1.0158349625040655,36.4
4856000,-2634960.9762827326,300.2374649697506,1957.8635676801239,1.0179083053345588,36.4
4858000,-2632527.7493048497,301.6605132855583,1960.7478482968934,1.0164109515584088,36.4
4860000,-2634762.0021399,300.2922097788717,1959.6939548361204,1.0169575618353155,36.4
4862000,-2632078.6068857815,301.5032810519338,1963.887865643514,1.0147858343228364,36.4
4864000,-2634051.640501311,299.5911485881119,1960.343364265174,1.0166206709407704,36.4
4866000,-2631569.0432252977,301.1340159011358,1960.0561668934529,1.016769631358162,36.4
4868000,-2634553.2809358407,300.26341068631945,1959.2321610708946,1.0171972601573858,36.4
4870000,-2630079.6268014032,300.78577419611645,1959.7783842274239,1.0169137501938472,36.4
4872000,-2632925.2913114205,300.7577443004909,1961.9437256061585,1.0157914114676339,36.4
4874000,-2634838.104065506,301.4615444410249,1960.222866932977,1.0166831638750027,36.4
4876000,-2631866.908662023,300.02056036629114,1956.3259296407289,1.0187083634982748,36.4
4878000,-2632572.192050079,300.83206127796876,1959.360901254064,1.0171304250166477,36.4
4880000,-2631701.3120796345,300.9773770566824,1959.368784886029,1.017126332534419,36.4
4882000,-2634987.1004559174,300.3727908400096,1954.9382774115263,1.0194314619959868,36.4
4884000,-2634634.11151156,300.2623482304213,1957.1387309727425,1.0182852930732298,36.4
4886000,-2634328.267746564,300.73651233419315,1960.2550288237314,1.0166664831613366,36.4
4888000,-2632197.7812087126,301.2500998969112,1961.1903978138623,1.0161815948492614,36.4
4890000,-2631799.6069380622,300.2335577195383,1958.342030968272,1.0176596093728207,36.4
4892000,-2631427.792453116,301.2989556178073,1960.7008309752089,1.0164353249456781,36.4
4894000,-2632470.4002108257,301.099961856869,1957.5430476622055,1.0180749734385652,36.4
4896000,-2630539.6429842114,300.0721877804019,1962.7885623600966,1.0153541876447525,36.4
4898000,-2634042.346751455,300.7961289251254,1960.7663199453577,1.0164013763297843,36.4
4900000,-2633168.9163655303,301.29436354278596,1963.630572991881,1.0149188007482648,36.4
4902000,-2633510.905960448,301.88818369603797,1960.5408095690093,1.0165182874676595,36.4
4904000,-2635207.739653947,300.6824958895547,1958.6755738155032,1.017486312126375,36.4
4906000,-2634835.841091318,299.96465863721846,1960.1487475874878,1.016721607840426,36.4
4908000,-2632647.181716509,300.72617449263055,1962.8792185144898,1.015307293212772,36.4
4910000,-2634041.0384512674,300.14912360576335,1962.0763827410258,1.0157227332146088,36.4
4912000,-2635108.11024265,300.4618686011056,1959.04670059822,1.0172935569351065,36.4
4914000,-2634179.553592138,299.6148939367751,1962.0145129344596,1.0157547628293822,36.4
4916000,-2630993.350126749,299.37028659351347,1960.4684335111651,1.016555815022358,36.4
4918000,-2632321.647135902,299.85483259077586,1958.7608640599378,1.0174420077613744,36.4
4920000,-2634032.652776886,300.18348234952134,1955.9100405871188,1.0189249734897408,36.4
4922000,-2634330.641945217,300.1772248973669,1957.584619011952,1.0180533535553797,36.4
4924000,-2632405.33562663,300.7126150289421,1957.7532665692747,1.0179656549601415,36.4
4926000,-2632487.6152552813,300.0113213053991,1963.4677718845105,1.0150029528321538,36.4
4928000,-2632614.625251012,299.14599203449563,1959.133491888029,1.0172484899601983,36.4
4930000,-2632501.3053531367,299.6733051098191,1961.8201003810245,1.0158554221493001,36.4
4932000,-2633319.208012089,299.59787369017323,1958.7421151878991,1.017451746608496,36.4
4934000,-2633783.003338529,300.31066845718914,1958.423041446281,1.0176175137225647,36.4
4936000,-2631141.711219538,301.30600794985196,1961.3807967237622,1.0160829501249717,36.4
4938000,-2633636.712419238,300.9303313096658,1960.0030798849139,1.0167971707322865,36.4
4940000,-2632971.1124506667,299.66224704419665,1959.3611254527668,1.0171303086321186,36.4
4942000,-2629649.5764604323,300.70270745475403,1960.9312189228044,1.0163159049241508,36.4
4944000,-2631766.6968740374,299.78364924334903,1961.8556929523695,1.0158369921971282,36.4
4946000,-2632573.697934827,300.2040632968941,1957.7801000480922,1.0179517026476017,36.4
4948000,-2633119.992013911,300.05801640551834,1960.5907478701156,1.016492395681536,36.4
4950000,-2631381.6634331476,300.51986386857203,1958.839122770677,1.0174013593493363,36.4
4952000,-2631505.333992524,300.61522605119745,1959.9940913738126,1.016801833752801,36.4
4954000,-2635823.3278664816,301.3726699066636,1958.6586083715445,1.0174951253554563,36.4
4956000,-2633774.709724292,299.70787128338605,1958.9555771004032,1.0173408777361999,36.4
4958000,-2633025.306451408,300.388710715921,1963.213141900852,1.0151345993557925,36.4
4960000,-2632060.2224378604,299.58361810857105,1960.399865297638,1.0165913707359757,36.4
4962000,-2633239.461853789,300.28507942342645,1961.8962859256933,1.015815973836361,36.4
4964000,-2631398.730939813,300.22225008300416,1960.7887144348394,1.016389767842973,36.4
4966000,-2631337.6064024474,300.4279100148148,1961.2765415151973,1.0161369618554148,36.4
4968000,-2633410.372135369,300.076756534833,1964.1063508048098,1.014672950595027,36.4
4970000,-2634122.039673047,300.52170684761336,1959.1750072696532,1.0172269342241815,36.4
4972000,-2633153.1256084032,300.6072904151734,1960.6596197836543,1.0164566894448785,36.4
4974000,-2633116.7621891387,299.4339547704869,1957.6481910660707,1.018020293609684,36.4
4976000,-2632318.2006850224,299.83489087090294,1960.8706554715493,1.0163472948572887,36.4
4978000,-2631925.3148466796,300.1948852812796,1959.371928058669,1.01712470088725,36.4
4980000,-2628305.819357354,300.40489753692384,1964.8249457208021,1.0143018545209057,36.4
4982000,-2635077.5190478154,299.7539352447453,1959.2018981218243,1.0172129723659684,36.4
4984000,-2633545.7666502576,300.0364757856396,1961.893887231082,1.0158172158160208,36.4
4986000,-2631583.359932985,300.09953209131567,1960.973716696026,1.0162938795586494,36.4
4988000,-2634724.0959917437,300.73473459064246,1958.94080237546,1.017348550725411,36.4
4990000,-2634208.1053628344,300.679437210875,1957.181149298329,1.0182632235999378,36.4
4992000,-2635204.2297126353,301.1324267753963,1958.3411822835426,1.01766005039514,36.4
4994000,-2633112.5351469554,299.89073273912805,1959.237459878157,1.0171945091216692,36.4
4996000,-2633247.0147000104,300.2887392644018,1962.8093298664153,1.0153434446886302,36.4
4998000,-2635999.4754903633,300.00846606556945,1959.6397799045417,1.0169856759851177,36.4
5000000,-2632432.614215359,299.9104280882717,1961.236072424763,1.0161579293152638,36.4
