#"Step","Potential Energy (kJ/mole)","Temperature (K)","Box Volume (nm^3)","Density (g/mL)","Speed (ns/day)"
2000,-2658655.3932060376,298.6346179792916,2038.925255124484,0.9927235640263804,0
4000,-2665945.76793145,300.46309899461926,2013.023113571337,1.0054972207743833,36.2
6000,-2669172.1743158996,300.5201415901707,1999.7398204067524,1.0121762468273847,35.9
8000,-2671290.5193460565,300.03243173234563,1996.2282501241866,1.0139567686834685,35.6
10000,-2672059.1300173886,300.92240870452804,1993.2552141582157,1.0154691339439845,35.1
12000,-2670740.5615765713,299.4191953528766,1996.0901038537118,1.014026943043707,35.1
14000,-2672765.4901535455,300.09197612152366,1995.5625505285448,1.0142950144632021,35
16000,-2673652.46135878,299.06423221345153,1994.0893775659013,1.0150443449637614,34.9
18000,-2671682.4216401298,300.69319628726197,1995.4450410748552,1.0143547451250725,34.9
20000,-2672428.8400332555,300.3839251653672,1993.4451507858364,1.0153723794470384,34.9
22000,-2671371.418710187,299.84875380735895,1993.0356778310825,1.0155809896254773,34.9
24000,-2674790.3912431244,299.5536283654174,1991.4230538793313,1.0164033915885473,34.8
26000,-2672457.930081222,300.25115422640573,1990.747806152789,1.016748148507178,34.8
28000,-2671899.2288297936,300.79285278662445,1992.2523462583226,1.0159803048303822,34.8
30000,-2673879.7252918854,300.1358005419047,1993.5570002977079,1.0153154114722116,34.8
32000,-2672166.0260327794,299.9511944296919,1995.3680542582927,1.0143938817357474,34.8
34000,-2673293.821598286,300.2807214391808,1992.163072320226,1.0160258335143044,34.8
36000,-2671136.2268891484,300.5071160917138,1992.2347570536683,1.0159892748001325,34.8
38000,-2673296.25650426,300.4654231903809,1995.6282400135015,1.0142616272241571,34.8
40000,-2672583.9900642764,301.0135340409842,1995.0052275525857,1.0145783670620594,34.7
42000,-2675114.5189770367,300.6994205683721,1992.7900846137773,1.0157061507272922,34.7
44000,-2675153.102013154,301.11027422536995,1992.4231470524758,1.0158932097556408,34.7
46000,-2673399.536747316,300.27626015575515,1992.4688881303625,1.0158698879107133,34.7
48000,-2673194.5426937845,299.2371205772003,1991.8730366965708,1.0161737765211345,34.7
50000,-2670846.123592641,302.01676007100224,1994.8676257381844,1.0146483505649038,34.7
52000,-2672967.538701391,300.39383083798015,1996.8419967910513,1.0136451202966035,34.7
54000,-2671600.415594876,300.77668793369503,1995.5883241269403,1.0142819145507396,34.6
56000,-2673049.1076659113,300.90804365014816,1990.9326820613765,1.0166537343466926,34.6
58000,-2676094.286030626,299.6516848543903,1991.4462469313517,1.016391554213187,34.6
60000,-2674538.7071743924,299.72962540828905,1990.9996816736184,1.0166195226857806,34.5
62000,-2677768.338503085,299.6232665807367,1992.5373178859493,1.0158349998674563,34.5
64000,-2675676.510215085,301.79660177256517,1988.7077658533724,1.017791140963348,34.5
66000,-2671204.6727829073,299.8375456162064,1994.4345935880954,1.0148686512748104,34.5
68000,-2675447.9583636783,298.6973392661085,1995.2767499541405,1.014440300623508,34.5
70000,-2675284.9148610365,300.9925208753101,1989.1132450406053,1.0175836650312262,34.5
72000,-2674998.973888714,301.0511506348489,1988.8344878055266,1.0177262906798985,34.4
74000,-2673354.7085564286,299.98356118077544,1992.8887920989016,1.0156558429528892,34.5
76000,-2674062.480369784,298.90875761966004,1991.901616236131,1.0161591965948924,34.4
78000,-2676200.737719409,299.85285558941735,1993.004851374776,1.0155966979480038,34.4
80000,-2679367.289988864,300.85640591521354,1993.193775395078,1.0155004350489572,34.4
82000,-2673594.4230779056,299.9957960492571,1990.466748099875,1.0168917154646244,34.4
84000,-2672728.86160196,298.8397512487448,1992.1426604260748,1.0160362439192316,34.4
86000,-2675785.3228594474,300.39193302718087,1991.6169731389866,1.0163044266791967,34.4
88000,-2672602.534785008,300.0237710020545,1995.3475768556864,1.014404292028249,34.4
90000,-2673168.878757337,300.73496761607123,1990.2319106531108,1.0170117036191795,34.4
92000,-2672996.239826286,299.65932008910715,1995.9574694928613,1.01409432665159,34.4
94000,-2675368.7903062776,301.222135937047,1992.7355294238982,1.015733957749898,34.3
96000,-2673063.9237195514,300.47280870637167,1995.7103131506854,1.0142199159431546,34.3
98000,-2671562.3366516773,299.90457159051823,1992.3658649051654,1.0159224175158812,34.3
100000,-2676112.5733572748,300.99384821723055,1990.730734323249,1.0167568677934067,34.3
102000,-2675577.040886633,299.9020031609158,1995.6157962538737,1.0142679517020015,34.3
104000,-2674723.178356508,300.8515647238072,1992.16227940336,1.016026237911089,34.2
106000,-2672897.2404679656,300.77237853262426,1993.6633345272824,1.0152612585065706,34.2
108000,-2674015.6448402572,300.49300269182794,1988.3523026334951,1.0179730942900551,34.2
110000,-2674834.4184754007,299.3004457688154,1991.6858042586873,1.0162693039848965,34.1
112000,-2674958.169518359,300.8709339251214,1990.3149520922166,1.0169692710808684,34.1
114000,-2675838.604778832,300.1336089853478,1989.5491945299648,1.0173606923696954,34.1
116000,-2675770.0992469173,300.39474379492407,1992.0229447467811,1.0160973051983946,34.1
118000,-2672814.551401647,301.18101934274387,1992.124426067172,1.01604554392544,34.1
120000,-2673459.6588663813,298.9248485101578,1989.3780649321466,1.0174482074223596,34
122000,-2678392.778446097,300.5781736868795,1989.5310848496695,1.0173699528818956,34
124000,-2677316.9909298737,299.67892054525856,1993.0592529538958,1.015568976712905,34
126000,-2678982.841399947,300.85221396904154,1991.064966318786,1.0165861889443246,34
128000,-2673034.724511383,299.9815087981833,1992.6072023930283,1.0157993726107877,34
130000,-2674592.8554425966,300.92463036763786,1991.5679150204032,1.0163294612174139,34
132000,-2676599.5191830993,299.39883338747086,1990.802091605918,1.0167204236850111,33.9
134000,-2675739.497452287,299.89010126050016,1993.5285415049223,1.0153299056970522,33.9
136000,-2678449.1120183375,301.1154263273236,1991.3941524038296,1.0164181428409231,33.9
138000,-2676856.7810866386,300.0508006221662,1993.783703951327,1.0151999647901564,33.9
140000,-2676231.7324263807,300.0566780291019,1991.3269483671947,1.0164524452954566,33.9
142000,-2674526.5015394744,299.81649791228335,1990.3226890034457,1.0169653178520695,33.9
144000,-2674463.3287576754,299.9357540925168,1993.635512038098,1.0152754271423186,33.9
146000,-2673036.6376783513,299.5393185309763,1993.1406611154248,1.015527496648345,33.8
148000,-2671838.3448141925,300.4912847041786,1995.7080396428555,1.0142210713410755,33.8
150000,-2676410.8028853275,300.37606284416967,1991.2101891667523,1.0165120473281533,33.8
152000,-2673747.239636712,300.13305133511096,1991.8799394690736,1.0161702550155138,33.8
154000,-2675371.6865070164,299.0982760104645,1990.177897838642,1.0170393050032165,33.8
156000,-2673725.4587077014,300.7843753117856,1996.1250166908146,1.0140092074023097,33.8
158000,-2673913.259404607,298.95230742303835,1996.199845542559,1.013971196606538,33.8
160000,-2676663.3819646277,300.5997308837752,1987.61459300099,1.0183509183208974,33.8
162000,-2673602.0677237883,301.8769848137088,1992.8852444205074,1.0156576509949227,33.8
164000,-2674546.692370869,300.0120634060749,1992.8471189659424,1.0156770816924698,33.7
166000,-2675729.6701702904,300.8391487731469,1994.519840677681,1.0148252751212778,33.7
168000,-2674380.191144973,300.7943575871718,1996.7731063339131,1.0136800919593785,33.7
170000,-2671477.121279603,300.1985677079654,2001.7406115122012,1.0111645506964515,33.7
172000,-2675093.9505060744,300.66633100684624,1995.1547730462687,1.0145023200180745,33.7
174000,-2672036.2383466456,300.3241825872872,1996.7574851357513,1.0136880222652405,33.7
176000,-2675512.6775370464,300.0114199087895,1992.0515302468948,1.0160827244261645,33.7
178000,-2678242.9177375194,301.41994614022616,1992.0267990402322,1.0160953391921186,33.7
180000,-2678281.374997113,300.83754713401015,1992.108426385027,1.0160537043275206,33.6
182000,-2678799.474629296,300.346777128521,1991.1125418700367,1.0165618986808083,33.6
184000,-2675682.9616677053,298.8338649629912,1991.426610926024,1.01640157610898,33.6
186000,-2676800.2243425474,300.0402767733494,1986.5484180646747,1.018897464388244,33.6
188000,-2674942.1619474404,299.71605934534927,1990.738663958701,1.0167528177835028,33.6
190000,-2677210.074455334,300.66524790691983,1991.1104245820095,1.0165629796627118,33.6
192000,-2677811.346158242,299.9998365927393,1991.816012961028,1.0162028685779916,33.6
194000,-2676598.814553231,299.17221432975384,1991.740983546172,1.0162411492114847,33.6
196000,-2674680.564983012,300.5302469902272,1992.7639713612084,1.015719460578148,33.5
198000,-2677127.025450105,301.1986555903785,1989.8550328019585,1.0172043252821341,33.5
200000,-2676395.984994665,302.3193616588011,1992.4207361070987,1.0158944390457165,33.5
202000,-2677427.162707329,300.2208641515497,1991.5806290841294,1.0163229730655672,33.5
204000,-2674560.5710065234,299.598219318625,1993.0780483972667,1.0155593995319179,33.5
206000,-2674969.910150867,299.82071427436847,1996.1540030374151,1.0139944828758967,33.5
208000,-2674410.3586409763,300.4183707814371,1988.4647057778564,1.0179155507106588,33.5
210000,-2675387.483102668,300.5577567668256,1989.5474994758185,1.0173615591403857,33.5
212000,-2675836.526013192,300.4542450160532,1990.652232657005,1.0167969637513932,33.5
214000,-2676233.8501705807,299.9155771038655,1991.3661759130387,1.016432422390891,33.5
216000,-2676199.7997148354,300.28384303052144,1989.8370644832585,1.0172135106832032,33.4
218000,-2675238.5309806485,301.6134519027225,1993.8661236091077,1.0151579998695,33.4
220000,-2677440.217310345,299.91920816910897,1988.4315540876878,1.017932521685036,33.4
222000,-2675401.789608134,301.33915655829804,1987.9431861205237,1.0181825920289957,33.4
224000,-2671529.3056884836,299.95654297410914,1994.487160008942,1.0148419035405072,33.4
226000,-2675652.67267151,300.1765447769423,1992.3920878095444,1.0159090464346696,33.4
228000,-2676982.308775561,299.3329327308158,1993.5311091302565,1.0153285979738988,33.4
230000,-2673370.2469689194,299.70488396270315,1993.6826401212063,1.0152514273422777,33.4
232000,-2676277.7426554933,300.78013662884734,1994.2709615687297,1.0149519223096892,33.4
234000,-2673941.9848251287,300.0175084840168,1990.0372811935117,1.0171111693126877,33.4
236000,-2674946.8142085057,299.91771770981745,1992.7772125238134,1.0157127115514861,33.4
238000,-2672007.075141972,299.4827696076029,1993.2934378598056,1.0154496611516637,33.4
240000,-2673693.1539654117,300.5226198397022,1994.5533923437913,1.0148082040922835,33.4
242000,-2676268.175205197,299.314083821578,1991.1498523589407,1.0165428501790614,33.4
244000,-2675631.272753736,299.9191248424026,1990.407525623372,1.0169219720050315,33.4
246000,-2672685.339308331,301.17224758883606,1994.1916648157362,1.0149922807131988,33.4
248000,-2674060.3554733824,300.36874499264695,1992.0839854868502,1.016066170300497,33.4
250000,-2673942.0483758263,300.1713980537783,1993.6079171357521,1.0152894802698293,33.4
252000,-2673970.769446388,300.6402363505375,1991.8134136846793,1.016204194702248,33.4
254000,-2675125.4145760965,299.3705638614768,1990.8775684287803,1.0166818784582548,33.4
256000,-2674583.4502747487,299.69504622177055,1989.7332619497547,1.0172665777658834,33.3
258000,-2678077.3652124107,300.20398440991704,1993.5439747904352,1.015322045385706,33.3
260000,-2674623.3902976755,299.83508122463667,1991.9129746672293,1.0161534021779848,33.3
262000,-2673653.1064455025,301.05293707350927,1989.4110106267508,1.0174313579439267,33.3
264000,-2673397.653613193,299.8231299280253,1990.1150861193828,1.0170714046479794,33.3
266000,-2675823.8081081472,300.041260990896,1989.9666378649101,1.0171472765102614,33.3
268000,-2675043.342125552,300.58213581605673,1990.835029109991,1.0167036024855611,33.3
270000,-2678008.2019872945,299.9599520037614,1989.4119269085572,1.0174308893361788,33.3
272000,-2676694.9597379006,300.8025884570195,1991.4602644703402,1.016384400011573,33.3
274000,-2672278.80308637,299.6981149340247,1992.1456290992069,1.0160347298333865,33.3
276000,-2676467.0381165817,299.6585162838382,1991.1362117589226,1.0165498141699418,33.3
278000,-2675936.817323802,300.9537005900567,1989.552517272406,1.0173589932803166,33.3
280000,-2677360.602047045,299.4818329084385,1995.169844122922,1.0144946566894237,33.3
282000,-2678646.3312315457,299.7896401002867,1992.1985629770365,1.0160077331979813,33.3
284000,-2675096.2981918342,300.82852666739734,1992.8440824772536,1.015678629275644,33.3
286000,-2675052.383320866,300.7945127909144,1989.8683464426638,1.0171975194585554,33.3
288000,-2676798.210798545,300.3446468281592,1993.4278910541123,1.0153811708635465,33.3
290000,-2675799.0660761874,301.64495048584274,1991.95290666817,1.0161330316970982,33.3
292000,-2676123.290405534,300.12597313468524,1990.938170821905,1.0166509315630754,33.3
294000,-2673795.7546930015,300.4657844593659,1992.8125473529335,1.015694701811862,33.3
296000,-2679298.6666272376,300.66580058971454,1989.2437325682342,1.0175169150526129,33.3
298000,-2675882.821699487,299.44078627808074,1994.3425108344595,1.0149155097755345,33.3
300000,-2673955.4804616366,300.1778185777948,1991.9838501720383,1.0161172470729438,33.3
302000,-2672973.484687321,299.9279856213993,1991.1979556312729,1.016518292581751,33.3
304000,-2677525.0669404063,301.068906552287,1988.5470712744143,1.0178733887115794,33.3
306000,-2674113.643874256,300.2583290552066,1991.834954401065,1.0161932049531728,33.3
308000,-2675972.8975924198,300.14442952009006,1994.649982002334,1.0147590626495222,33.3
310000,-2672403.0722357854,300.67591991450513,1991.925742970577,1.0161468886044076,33.3
312000,-2675163.712120168,300.6322781182658,1991.5695179802688,1.0163286432016119,33.3
314000,-2674986.387804104,299.33442734372574,1991.3711590639818,1.0164298788991057,33.3
316000,-2673087.5061504394,299.8940252866162,1993.4221549193135,1.0153840926547257,33.3
318000,-2671790.3528718613,300.02481668880364,1995.7522739426074,1.0141985919184189,33.3
320000,-2675540.1293017175,299.8602918767527,1993.4188561027038,1.0153857729668687,33.3
322000,-2675514.5037198886,299.91127219946793,1991.6275187755755,1.016299045363139,33.3
324000,-2676223.8490047995,300.573899526543,1989.8271810015233,1.0172185631878878,33.3
326000,-2672683.662596047,300.3032147897491,1993.411381153416,1.0153895804886035,33.3
328000,-2674721.0486148577,299.48170782906686,1992.1808871288338,1.0160167478404674,33.3
330000,-2674871.5630187374,299.65339356044547,1991.8270279066803,1.016197248903586,33.3
332000,-2675715.465448579,300.2816117221269,1990.1211364205383,1.0170683125807767,33.3
334000,-2675311.2222696636,300.23370599023013,1989.1579994290921,1.0175607702512863,33.3
336000,-2676542.8600688707,300.73845725783764,1991.6530047163535,1.0162860404183915,33.3
338000,-2676826.2497486137,300.12420693586137,1992.5246282042738,1.015841469359778,33.3
340000,-2676021.779261416,301.23347874634595,1990.8553262702483,1.0166932369930608,33.3
342000,-2676336.896820795,299.8260125951038,1995.1295071789239,1.0145151674452448,33.3
344000,-2676011.8927981257,301.00529997615905,1992.0818663296218,1.016067251181763,33.3
346000,-2677028.817586839,300.56879012848555,1991.0745512152325,1.016581295168075,33.3
348000,-2675158.434320871,300.26596533764206,1991.0686655583854,1.0165843002119312,33.3
350000,-2673524.466473667,300.054531391843,1997.7722707812998,1.0131731106964375,33.3
352000,-2674661.4940444697,299.94210441092025,1995.168438181227,1.0144953715766032,33.3
354000,-2678204.366371354,300.0348384193542,1986.577844271857,1.0188823719578264,33.3
356000,-2675138.9708946645,299.173592185958,1990.1690907799518,1.0170438056885556,33.3
358000,-2677611.028308101,299.95173727092003,1990.7471239085717,1.0167484969545204,33.3
360000,-2674683.299913354,300.8160193741457,1988.593615165513,1.017849564945982,33.3
362000,-2674508.759507524,301.64082683880815,1990.4512002124845,1.0168996586474963,33.3
364000,-2674781.648656599,299.3622213733851,1992.8907812640368,1.0156548291957823,33.3
366000,-2677060.0796051044,301.3003433911483,1989.2011027576937,1.0175387210697375,33.3
368000,-2677432.049004363,299.8508948927651,1987.1881620865702,1.0185694463503943,33.3
370000,-2677588.44995733,299.38286115495913,1989.8451160627533,1.0172093946967988,33.3
372000,-2675159.669372037,301.69694291856837,1992.1028469275295,1.016056550078415,33.3
374000,-2676607.618450843,299.96636524445654,1993.6485500220194,1.015268787484243,33.3
376000,-2674604.678065475,298.62352439376616,1993.0223158851604,1.0155877984495203,33.3
378000,-2677085.30179023,300.91972969018195,1992.364031149449,1.0159233525626454,33.3
380000,-2674373.3384518996,299.59049915200455,1992.2010379616847,1.0160064709741927,33.3
382000,-2675411.9864191506,300.07464250439966,1992.4837269380405,1.015862322329279,33.3
384000,-2675269.082648551,299.6500890180374,1987.620897978088,1.018347687986972,33.3
386000,-2676458.8909854256,301.0238141929712,1989.0099075340308,1.0176365328215158,33.3
388000,-2676711.2300170437,299.0765634469904,1991.042644626222,1.016597585950027,33.3
390000,-2677545.2005738337,300.9083064067163,1991.0364146107863,1.0166007669157824,33.3
392000,-2674804.883500969,302.22377988475995,1989.9658642675115,1.0171476719253292,33.3
394000,-2673099.2226976044,299.2645783107644,1992.5716961094206,1.015817473470437,33.3
396000,-2675590.813038623,300.57804831165197,1993.3048360409048,1.0154438545741022,33.3
398000,-2676280.143373985,299.97219142756677,1990.4605614068748,1.0168948761385812,33.3
400000,-2676948.866374703,301.06490249471466,1990.7337032826454,1.0167553514128624,33.3
402000,-2676962.9036598895,299.8836481543295,1988.1217612818798,1.0180911378111492,33.3
404000,-2676355.8053061813,300.0326952067131,1992.560276887335,1.0158232950485655,33.3
406000,-2676564.800802598,300.3500406166867,1992.1006734326215,1.0160576586537835,33.3
408000,-2672712.4408202562,300.91270644758,1993.442881693518,1.0153735352231517,33.3
410000,-2676180.677197473,299.23742726979674,1993.8676573887524,1.0151572189607618,33.3
412000,-2674750.513405852,299.6281197245445,1995.8772647466308,1.0141350782446663,33.3
414000,-2679192.4009938,300.39067519542965,1994.5932868795828,1.014787906569733,33.3
416000,-2674270.3478259016,301.1321270278554,1994.3385149702883,1.014917543264078,33.3
418000,-2674179.907516675,300.9094399233231,1990.3786650076386,1.016936717437537,33.3
420000,-2675259.8557528947,300.5704256726662,1994.6910459207975,1.0147381722046116,33.3
422000,-2676209.805653006,298.836339612178,1993.9543171099538,1.0151130989722466,33.3
424000,-2678367.210983595,300.736174547379,1992.693959983466,1.015755146900415,33.3
426000,-2677848.188466884,299.3665973725156,1991.5802749233183,1.0163231537973072,33.3
428000,-2675072.7381557133,300.42611942802245,1993.3592491659701,1.0154161358006402,33.3
430000,-2676406.5822643023,300.2669494455013,1991.6798875508314,1.0162723230285753,33.3
432000,-2677605.0647703446,301.01752170939614,1990.3082970417397,1.0169726715499525,33.3
434000,-2674795.156846231,300.167708176462,1994.7310412159095,1.0147178262272238,33.3
436000,-2675517.8474854846,300.2343502709402,1995.5975577278352,1.0142772214830629,33.3
438000,-2675699.4857419766,300.5898190633357,1989.2451035950178,1.0175162137599767,33.3
440000,-2675339.5827656705,299.90910717924675,1993.1060865443776,1.0155451130852324,33.3
442000,-2676704.2331053074,299.98733411144764,1993.1499524551398,1.0155227626287346,33.3
444000,-2678319.6745424587,300.4370240264079,1993.5934110270416,1.0152968678843208,33.4
446000,-2674803.5735075492,301.0103981516529,1993.7175115900259,1.0152336699075923,33.3
448000,-2676230.5543886553,299.7496241230652,1994.93201531769,1.0146156011879142,33.4
450000,-2673887.1240979396,301.42263251153685,1996.6911595040303,1.0137216947228584,33.4
452000,-2677106.378584152,301.0773149614484,1994.337395312406,1.0149181130575493,33.4
454000,-2676249.000497531,299.5435702379912,1991.923576547283,1.0161479937694429,33.4
456000,-2676960.0373834483,300.2724776162065,1992.514111952121,1.0158468308500554,33.4
458000,-2675788.5824954864,300.2233527077418,1989.1804549371482,1.0175492831868438,33.4
460000,-2674704.2027138323,301.3230320665011,1991.0587160270522,1.0165893801913746,33.4
462000,-2675645.3281830586,301.1092483162203,1992.4935713559887,1.0158573032047897,33.4
464000,-2674218.1235929057,300.8512371512988,1992.1765982647803,1.0160189351755216,33.4
466000,-2674920.5810302813,300.81113625137715,1989.3078764661718,1.0174841059022945,33.4
468000,-2677071.672337247,299.91767836112547,1990.3050023347648,1.0169743550240686,33.4
470000,-2674312.8544158246,300.52782982475344,1996.5552541738011,1.013790698664219,33.4
472000,-2673787.7401971035,299.88114203373215,1996.9261010498367,1.0136024287460903,33.4
474000,-2671974.202778278,301.27533574926326,1996.0074281200693,1.014068944601551,33.4
476000,-2676712.0749783833,299.80672640705546,1991.1472666297689,1.016544170274539,33.4
478000,-2674846.746908579,299.79006613436127,1994.517662635248,1.0148263833253077,33.4
480000,-2677377.763775833,300.5295622520861,1994.5700576355734,1.014799725034474,33.4
482000,-2673074.2055768706,300.92844594429374,1990.8951340383212,1.0166729083037755,33.4
484000,-2674957.485885037,299.6154016957562,1989.8539198196167,1.017204894233674,33.4
486000,-2676224.4028809164,299.9936891114084,1994.6826402092329,1.0147424483717657,33.4
488000,-2674820.319557287,300.80652565520415,1994.584232134203,1.014792513367461,33.4
490000,-2675316.22947352,299.73476450487226,1993.8381688612146,1.0151722329634396,33.4
492000,-2678604.559194064,299.92455287188807,1987.175938030449,1.0185757120513002,33.4
494000,-2675051.147164991,300.0381444153369,1989.2597706096321,1.0175087115094419,33.4
496000,-2675213.532416368,300.4969188663038,1994.3700270380284,1.0149015070471572,33.4
498000,-2677172.0819785353,300.75219993397957,1994.4341430312134,1.014868880540869,33.4
500000,-2678140.959514335,299.8889807065642,1993.2490367223702,1.0154722810647472,33.4
502000,-2674038.157206025,299.3440096030836,1991.5385726594898,1.0163444353214899,33.4
504000,-2678937.322488567,300.82148917177676,1991.2715229001672,1.0164807374448919,33.4
506000,-2676544.672419518,299.9942441699406,1989.1834144655506,1.017547769266115,33.4
508000,-2675907.486693941,300.5239887033056,1992.8928468443605,1.01565377649662,33.4
510000,-2678865.3141136672,300.660836769485,1989.821788042353,1.0172213201273341,33.4
512000,-2678577.5094829127,300.8763663921753,1994.158474010818,1.0150091742606382,33.4
514000,-2676722.005443327,300.18840667026643,1990.951835508528,1.016643953887304,33.4
516000,-2675858.4707984794,298.7330905346123,1991.458577711272,1.0163852608859205,33.4
518000,-2675705.9912624992,299.3667724913678,1989.8102800016468,1.0172272032130119,33.4
520000,-2676490.462132659,299.9626597677814,1994.5182019976935,1.0148261088934978,33.4
522000,-2674707.4505034667,300.1624421746457,1990.2067036056253,1.0170245846240822,33.4
524000,-2676828.267346721,300.50278908405056,1992.6269040689256,1.015789329109932,33.4
526000,-2672931.5707231257,300.7445779738023,1989.8743089316963,1.0171944715127494,33.4
528000,-2674029.2950741444,299.87958647783034,1989.4905031064488,1.017390705253482,33.4
530000,-2674783.0009901635,300.2172020780719,1991.2776597180764,1.0164776048043165,33.4
532000,-2676642.785422735,300.9902431421966,1993.7352741758923,1.0152246249880035,33.4
534000,-2674680.8001835495,300.62214755095516,1992.2653034912892,1.0159736971293516,33.4
536000,-2674315.0070555303,299.78857325651217,1993.6106501870613,1.0152880884041495,33.4
538000,-2675500.8662115987,300.3549616479036,1991.755746828772,1.0162336166336075,33.4
540000,-2675386.1567964666,301.32162674706,1992.4970747773689,1.0158555170158712,33.4
542000,-2674120.8462025616,300.0473949060939,1990.6986802591834,1.0167732395276636,33.4
544000,-2675109.5780121274,300.4497738750773,1991.119410421671,1.016558391955971,33.4
546000,-2675156.058044441,300.62854831458293,1992.2807972357882,1.0159657960157622,33.4
548000,-2676336.546309503,300.3700732577009,1989.3666599081869,1.0174540404452093,33.4
550000,-2674837.6946251765,300.46157008309734,1991.5018869844603,1.01636315751398,33.4
552000,-2674237.61187586,300.82872886706724,1995.2831490633857,1.0144370471933826,33.4
554000,-2675696.07671657,300.5709070681403,1993.4841941626883,1.0153524928752904,33.4
556000,-2677810.1197860017,300.1265300339408,1987.9963003583505,1.0181553887629058,33.4
558000,-2676360.2249660697,298.9796489036105,1992.229088827239,1.015992165460294,33.4
560000,-2677880.6580712795,299.12399519625086,1987.2937965810931,1.0185153043464354,33.4
562000,-2674507.9300208427,300.3300596147179,1991.188423607199,1.0165231587595178,33.4
564000,-2675045.6691680644,300.32579450418564,1990.3173855582925,1.0169680276810773,33.4
566000,-2675564.2928934116,299.58754477412106,1992.095919444935,1.0160600833992746,33.4
568000,-2674811.5257346854,300.82626435845754,1992.6387444595543,1.0157832932228517,33.4
570000,-2676775.100062331,300.6585824812532,1989.898390660102,1.0171821614364593,33.4
572000,-2674596.1259448994,300.4624128650163,1993.1746767940967,1.0155101655747516,33.4
574000,-2673001.4124884903,300.01364672747053,1992.2743954325454,1.0159690606328966,33.4
576000,-2674925.370769933,300.3663839813411,1987.4596448204447,1.0184303119439886,33.4
578000,-2675236.366584232,300.2073779790462,1990.0017506468203,1.017129329354949,33.4
580000,-2678469.155443173,300.805939736885,1989.1146779014812,1.0175829320137497,33.4
582000,-2674625.7241685335,300.1419129764516,1992.8697041419243,1.0156655710324487,33.4
584000,-2673144.580246957,300.036280554361,1993.1446605794354,1.0155254588807137,33.4
586000,-2674278.0967035145,301.1167227240153,1994.7151412669389,1.0147259145809555,33.4
588000,-2675744.1621183734,300.52374684624317,1989.8687198549703,1.01719732857457,33.4
590000,-2677268.2482216116,300.1716915197696,1993.4520174055413,1.0153688819081321,33.4
592000,-2674853.4578269273,300.3409770962242,1994.7579061831154,1.0147041602274351,33.4
594000,-2673712.20241607,300.1859020020421,1992.8420056856141,1.0156796877403287,33.4
596000,-2673945.680691244,299.78619570357137,1996.4130422155463,1.0138629147625255,33.4
598000,-2676321.542725222,301.0616506333378,1993.5753494506669,1.0153060663637903,33.4
600000,-2676580.0027204156,300.25180647478845,1990.3784435499374,1.0169368305861033,33.4
602000,-2675194.923555445,300.1687577322798,1992.6913246392985,1.0157564902416383,33.5
604000,-2676776.560034575,299.4547558608714,1992.5690969481057,1.015818798530373,33.5
606000,-2676449.3486999907,300.0519427135281,1990.3364503162068,1.0169582864892044,33.4
608000,-2670836.8807600476,300.73031532771046,1994.805560257974,1.0146799198759069,33.5
610000,-2675361.1178195793,300.4575897233432,1994.1371292694932,1.0150200386630652,33.5
612000,-2673462.9292377885,299.607689776455,1994.6319930530822,1.0147682144375936,33.5
614000,-2674795.8201028574,299.9348593053832,1990.7621850405344,1.0167408047332192,33.5
616000,-2676188.6600237526,299.5353146636882,1989.3267660547124,1.0174744444145813,33.5
618000,-2677099.4412983805,302.1903779271635,1990.1985862862941,1.0170287327092924,33.5
620000,-2673977.0428555626,300.46057275186155,1994.869220953278,1.0146475391922352,33.5
622000,-2675229.6582890395,300.9766776135111,1990.2226527957139,1.0170164344211878,33.5
624000,-2674859.1344610974,299.5057432753997,1990.7154700648737,1.0167646640052552,33.5
626000,-2678255.5858067367,301.14236352226095,1987.462582101377,1.018428806800716,33.5
628000,-2673837.671202369,300.88379608989555,1992.0763397706278,1.016070070027353,33.5
630000,-2675700.533525573,300.38212489620025,1994.136877959423,1.0150201665804415,33.5
632000,-2672625.3536652606,300.2347203826823,1995.2736420487593,1.0144418807498645,33.5
634000,-2674145.1418540087,299.9679394071358,1996.058653399176,1.0140429203338612,33.5
636000,-2677141.9434005637,299.706281556778,1994.0204516592098,1.0150794312898572,33.5
638000,-2675297.045337951,301.438296110063,1993.8388488218802,1.0151718867583348,33.5
640000,-2674846.443705417,300.01935670855255,1992.7311929591617,1.0157361681305581,33.5
642000,-2670379.617090516,300.3272837299782,1996.3665151368373,1.0138865437300912,33.5
644000,-2678132.193509102,300.8476484028268,1990.0423832624963,1.0171085616439295,33.5
646000,-2674103.1327362508,298.9711500239447,1992.825206146979,1.0156882499313842,33.5
648000,-2677763.4697103724,300.41011917836477,1991.489721054076,1.0163693664355167,33.5
650000,-2679190.5715834703,299.88224701691456,1987.4884756831318,1.0184155384120468,33.5
652000,-2674151.2300733123,300.1367420014475,1990.919978611608,1.0166602213023639,33.5
654000,-2676234.6940506864,299.9338863485004,1989.9554545874967,1.0171529927388017,33.5
656000,-2676006.983460229,300.1760095517912,1990.438505525744,1.0169061442649003,33.5
658000,-2676299.1714673284,300.55714454676513,1992.1132569578235,1.0160512405512436,33.5
660000,-2678759.812269151,299.8398409124926,1988.8887786963146,1.0176985097061755,33.5
662000,-2676825.8271539845,300.1723929493523,1990.2385806324085,1.017008295260466,33.5
664000,-2674869.838049216,299.6875458608143,1994.074784358756,1.0150517733473425,33.5
666000,-2676116.2250016127,299.53547736350845,1986.8222182941197,1.0187570520468876,33.5
668000,-2674555.2310144603,299.8435938886123,1993.5155329276356,1.015336531177181,33.5
670000,-2674735.799544912,299.6186952629195,1992.7221893149688,1.0157407574943447,33.5
672000,-2675321.4901291393,299.4556939294032,1989.844947165006,1.017209481037383,33.5
674000,-2677618.1627114844,299.90958019295715,1994.4014801212118,1.0148855013522948,33.5
676000,-2674644.4731358234,298.67109253724084,1996.1982203665857,1.0139720221165547,33.5
678000,-2676794.4566197935,300.0869125987557,1991.3011021717293,1.0164656383924493,33.5
680000,-2676540.1829868685,300.6012946697893,1993.2077349390265,1.015493322933795,33.5
682000,-2677426.0759408697,299.58319182902386,1992.5642830177403,1.01582125269509,33.5
684000,-2675839.9283050634,299.56047714584645,1992.6631632213503,1.0157708454741647,33.5
686000,-2677621.0037591737,299.63648297449913,1988.8240031494822,1.0177316559158816,33.5
688000,-2677948.712044943,300.194576006899,1989.3033946661255,1.0174863982425804,33.5
690000,-2677752.149841422,300.8155406297303,1989.4139180487537,1.0174298710224323,33.5
692000,-2678126.7038618308,301.3336968518583,1988.1651914991826,1.0180688982510069,33.5
694000,-2676078.6571018007,299.66922210916647,1990.943008897678,1.0166484610582847,33.5
696000,-2674624.9899044335,299.8914668736222,1992.334125257112,1.0159386020602168,33.5
698000,-2675803.194635669,300.487206416609,1991.4637590188838,1.0163826164970053,33.5
700000,-2673934.043788323,300.8837256154846,1991.4605522534473,1.0163842531353215,33.5
702000,-2675070.022708403,301.05614532876655,1992.7227083279288,1.015740492940418,33.5
704000,-2675840.0457844883,301.2024755096216,1994.0215205557504,1.015078887155864,33.5
706000,-2673389.805033749,299.0827585379933,1988.7853101048574,1.0177514565128483,33.5
708000,-2677824.748144958,300.02665715859223,1990.0876017419662,1.0170854510519267,33.5
710000,-2675689.209659349,299.8514109367959,1990.2850369610617,1.0169845567151168,33.5
712000,-2675416.9360188413,300.79290961658603,1991.1112819511688,1.0165625419324076,33.5
714000,-2677425.019594902,301.34059769623406,1990.2199788217529,1.0170178008407256,33.5
716000,-2674458.8378223535,300.95889138312504,1992.2786371115835,1.0159668975746838,33.5
718000,-2674378.525098121,299.97006941842426,1990.4357327806313,1.0169075608499702,33.5
720000,-2675412.8482556026,299.0652915623939,1993.5298514217484,1.0153292385398855,33.5
722000,-2676008.3665068597,299.5756947526474,1990.7170155447068,1.0167638746468124,33.5
724000,-2674590.4608565345,301.38686755764655,1990.776452574614,1.016733517936119,33.5
726000,-2675229.582294246,301.078321006009,1988.171794696886,1.0180655169988289,33.5
728000,-2675558.6084134243,300.6203954633861,1992.5939153917543,1.0158061461572958,33.5
730000,-2677157.8684839364,300.39197863657813,1988.6865479500652,1.017802000087446,33.5
732000,-2674203.059221888,300.6948252067908,1992.5250902796522,1.0158412337816498,33.5
734000,-2677387.586747026,302.4256669894099,1989.0395519506765,1.0176213660837086,33.5
736000,-2675946.1353240553,300.97571150069535,1993.9588583859922,1.0151107870344784,33.5
738000,-2675009.854649063,300.8292237068227,1993.9778812724066,1.01510110270579,33.5
740000,-2677156.9410695676,299.7790087180161,1989.1247096673926,1.0175778000309639,33.5
742000,-2679459.311500648,299.65929239140434,1990.9456726655258,1.0166471008426239,33.5
744000,-2677614.392669659,300.52691816669335,1994.2958112895312,1.0149392756041438,33.6
746000,-2675841.225907106,299.37661387208306,1993.2119196569884,1.0154911909210838,33.6
748000,-2674918.464208735,298.66135861057444,1990.8045165965082,1.0167191852221484,33.6
750000,-2676768.206944363,299.4977900667319,1988.1385987013261,1.0180825156620028,33.6
752000,-2676447.5751898456,301.31707194124624,1989.8486491378371,1.0172075885910083,33.6
754000,-2673846.650274908,300.5091757116321,1993.556525319601,1.015315653377864,33.6
756000,-2677215.0259721894,301.3687970741857,1991.4084651883584,1.0164108375722534,33.6
758000,-2678644.0546310395,299.4621646969521,1993.1712493500274,1.0155119118393012,33.6
760000,-2672646.2747172676,300.05198996708845,1994.1979580639054,1.0149890776218071,33.6
762000,-2675654.013468705,300.91884977743354,1992.917393344778,1.0156412668231471,33.6
764000,-2674338.034597002,300.1572564274989,1991.1284111182638,1.0165537967055573,33.6
766000,-2672601.6497625504,301.16062189282894,1997.5918864043765,1.0132646011562916,33.6
768000,-2676461.2892923336,299.5997385478831,1990.4621354241174,1.016894071998658,33.6
770000,-2677752.4649402685,300.1272489451483,1988.030518681098,1.018137864097478,33.6
772000,-2674500.0503306724,300.471595270271,1994.3648972825627,1.0149041175005202,33.6
774000,-2675349.639972374,300.29556209011054,1991.2993520988869,1.016466531723182,33.6
776000,-2676189.7178488504,301.37823038871863,1992.518763938708,1.0158444591254239,33.6
778000,-2674282.3112348914,299.3380235675313,1992.254077756781,1.0159794218263762,33.6
780000,-2673765.8150253613,300.2966512007012,1990.8403500367879,1.0167008851378627,33.6
782000,-2674492.8550643325,298.6876076565999,1990.6520915333003,1.0167970358353877,33.6
784000,-2677294.3045988455,300.02546892275546,1994.083482705524,1.0150473456128024,33.6
786000,-2673123.4731477834,301.2483555723651,1993.424810274416,1.0153827401054256,33.6
788000,-2676466.3512530327,301.9038993523793,1994.574602687928,1.0147974126026034,33.6
790000,-2676087.590221418,299.57412497750386,1989.5490320332856,1.017360775462764,33.6
792000,-2676203.9248489533,299.68635519835965,1989.9667058843718,1.017147241742941,33.6
794000,-2674766.459882602,300.27737424681226,1994.1744213643797,1.0150010572624473,33.6
796000,-2673218.7282278277,300.90824609038276,1992.8082375537674,1.0156968984307317,33.6
798000,-2679140.934742665,301.1647345586107,1993.4282911516163,1.0153809670681686,33.6
800000,-2674776.4627059978,299.86489439304717,1990.9893115697957,1.016624817766943,33.6
802000,-2678040.7519951183,299.44845577486717,1988.1068153125539,1.0180987915039987,33.6
804000,-2676005.3826636523,301.23697392240837,1990.1028091595106,1.0170776789694687,33.6
806000,-2678387.9423850235,300.1876170855835,1990.35074124672,1.0169509846202893,33.6
808000,-2674941.7362221517,300.37923899062525,1991.5384367499573,1.0163445046803805,33.6
810000,-2674437.0224920493,300.41078207260716,1993.3933953412984,1.015398742055138,33.6
812000,-2675665.6562497523,300.0606075190493,1992.9970093684751,1.0156006940983577,33.6
814000,-2676039.6496331133,301.8936509551513,1991.0679986638365,1.0165846407098593,33.6
816000,-2674682.864083372,300.22989483162934,1993.160973746933,1.0155171472404962,33.6
818000,-2676636.596351225,299.04076912868334,1989.4077909781652,1.0174330045502422,33.6
820000,-2676028.6847749986,299.705954181379,1992.384277620234,1.0159130288200278,33.6
822000,-2677840.4940408412,300.14294766939196,1991.8351673610423,1.0161930963053862,33.6
824000,-2676392.1342241336,299.68851068246045,1992.078406039803,1.016069016115891,33.6
826000,-2674225.097902596,298.7791611411805,1991.9647389061818,1.0161269958834878,33.6
828000,-2675923.035291413,299.9096111198013,1992.4917705989017,1.0158582213075718,33.6
830000,-2675895.185135938,299.33680199614406,1991.0744960919612,1.016581323312319,33.6
832000,-2676429.6921898164,299.9968676401806,1988.3652953395108,1.0179664424815682,33.6
834000,-2674916.283622697,301.23039387231927,1989.4720320682413,1.017400151107601,33.6
836000,-2678638.0645402744,299.00852608282196,1989.311574646972,1.0174822143734696,33.6
838000,-2680183.9191872627,299.5940374602664,1990.2150431812931,1.0170203229974262,33.6
840000,-2674934.858703116,300.34684466883795,1990.0410212248994,1.017109257780384,33.6
842000,-2676016.4425892457,300.4301002484547,1992.3532721136623,1.0159288387160599,33.6
844000,-2674504.2174868993,300.86992036666237,1992.4782685998066,1.015865105255568,33.6
846000,-2676098.46671422,300.3357096212825,1990.4184431141482,1.0169163941647097,33.6
848000,-2675075.418081958,299.2512390799335,1993.9753497750128,1.015102391450807,33.6
850000,-2675833.265129637,301.16769145905266,1991.279077426604,1.0164768811142095,33.6
852000,-2674477.347478302,300.133493578691,1993.4022311282263,1.015394241284149,33.6
854000,-2675157.5206037182,300.6132693639209,1991.8323068181726,1.016194555697277,33.6
856000,-2675482.4201896377,300.69178021308346,1989.6093992542358,1.0173299074729256,33.6
858000,-2675652.744264573,300.73459124140226,1993.298632858351,1.0154470146543324,33.6
860000,-2678418.3917015623,300.82659046812955,1987.8018366253348,1.018254993408621,33.6
862000,-2676289.9369803946,300.5117027534435,1990.8610558915714,1.0166903109891428,33.6
864000,-2674628.1412614956,300.80167323308234,1997.5452411212948,1.0132882622044546,33.6
866000,-2674852.546511842,299.3672630559846,1994.8316015278576,1.014666673868766,33.6
868000,-2673859.9223906677,300.13453703610855,1992.1739202739684,1.0160203009645952,33.6
870000,-2673639.8962403927,300.02819780214764,1994.3681516643592,1.0149024613943083,33.6
872000,-2676102.706907101,301.1416798629119,1993.82967585645,1.0151765572358264,33.6
874000,-2675234.4899131693,299.6103352416867,1993.7446186768316,1.0152198667218881,33.6
876000,-2676707.327997742,300.7246779329897,1990.8228942633123,1.0167097996929417,33.6
878000,-2674945.418121392,299.1400834022478,1989.8535317412143,1.017205092617748,33.6
880000,-2673908.6262208484,300.73673993080973,1990.800066538974,1.016721457905853,33.6
882000,-2677931.735105045,301.2343455050175,1990.4787225465107,1.0168855979837177,33.6
884000,-2675410.2158431467,298.89787130927533,1993.4116012477573,1.01538946837854,33.6
886000,-2677919.7923352066,300.43079275371144,1993.9288821318123,1.0151260479694324,33.6
888000,-2674924.8398900796,300.75733864208854,1989.949902110617,1.0171558308597362,33.6
890000,-2676406.480226543,300.40073157638227,1994.7867543065602,1.0146894858213558,33.6
892000,-2673832.0871261545,300.42910093223816,1993.5052867272998,1.0153417497946464,33.6
894000,-2678125.5227755215,300.02471798323484,1989.7364968865966,1.017264923881997,33.6
896000,-2675121.7443064786,300.38554122957476,1987.3566347750882,1.01848309992919,33.6
898000,-2676385.7406570893,299.42710189647363,1991.1803701114272,1.0165272701725692,33.6
900000,-2676295.406458983,300.4885581227572,1991.7639085397639,1.0162294523824913,33.6
902000,-2679228.756324077,299.91487376978705,1989.0743694399935,1.0176035532650494,33.6
904000,-2673158.014490029,299.43114841229016,1992.2969842084083,1.0159575415182382,33.6
906000,-2676459.4063488394,300.3637023797932,1992.600910189271,1.0158025802860409,33.6
908000,-2674694.327902779,300.78982410770976,1990.3527093408063,1.0169499790421275,33.6
910000,-2674042.352618888,300.5899478001242,1993.7190326054892,1.0152328953821523,33.6
912000,-2673955.6866547726,300.406074576688,1993.6357379139095,1.0152753121132005,33.6
914000,-2676570.6795018055,299.6690591482175,1992.0393092193965,1.0160889580255008,33.6
916000,-2677343.470421169,300.18136302619564,1988.9098798540606,1.0176877125267716,33.6
918000,-2677562.3638264034,300.5041378123413,1987.6612620608635,1.0183270080697464,33.6
920000,-2675533.7790176254,300.5901126663152,1990.8517913377177,1.0166950422213619,33.6
922000,-2675481.3103905935,300.4295452555574,1992.8994888535506,1.015650391488116,33.6
924000,-2676359.9928742517,300.0768025025304,1991.3896854058123,1.0164204228255298,33.6
926000,-2676524.82516714,299.642952807204,1991.2246589449162,1.0165046605655599,33.6
928000,-2675377.4602390025,300.3939338293398,1988.034795140432,1.0181356739823038,33.6
930000,-2679867.6070816796,300.39752552264457,1990.691069915389,1.0167771266169419,33.6
932000,-2677474.970479654,299.9271371994086,1991.8041980778432,1.01620889643866,33.6
934000,-2675681.9309188183,300.09689488146034,1990.757203110456,1.0167433491578177,33.6
936000,-2675797.741637489,300.13006311905383,1991.1361514018874,1.0165498449844759,33.6
938000,-2677296.1667307895,299.87686888623375,1988.9097281804636,1.0176877901352994,33.6
940000,-2679014.292023804,300.4597110523522,1989.6455580604243,1.0173114190367292,33.6
942000,-2675786.836804431,300.1292545749323,1992.791657118674,1.0157053492371364,33.6
944000,-2677592.348666111,300.4605397361171,1992.1565570039475,1.0160291564106043,33.6
946000,-2676623.75387918,300.56248590274976,1992.866359907551,1.0156672754235625,33.7
948000,-2675359.1529584993,301.0878860746095,1995.0460598778282,1.014557601830268,33.7
950000,-2675145.3818508796,300.6521460828652,1992.902893000523,1.015648656620242,33.7
952000,-2678852.317437699,300.35041419292077,1992.0611778597283,1.016077803506646,33.7
954000,-2676176.126202721,300.55356894043786,1993.2140228318544,1.0154901194076764,33.7
956000,-2676763.9418566637,300.3071913765832,1994.5535715169008,1.0148081129308608,33.7
958000,-2674415.4729842283,300.0925366561818,1992.6921275962857,1.015756080941697,33.7
960000,-2677145.3232500013,299.87929344817127,1993.2650805308338,1.015464107519273,33.7
962000,-2675175.0305128656,299.7434912476611,1991.7378339339505,1.0162427562329959,33.7
964000,-2674901.611811742,299.22040940411387,1992.2785528783882,1.01596694052959,33.7
966000,-2674456.629366571,299.57694512395966,1989.6251270781427,1.01732186556321,33.7
968000,-2675618.6745305117,300.1417887850998,1993.3140616956841,1.0154391547956625,33.7
970000,-2676396.676245844,299.1220610458221,1992.9963417393226,1.0156010343120436,33.7
972000,-2676282.1161967255,300.5980280908526,1992.3732802124246,1.01591863640872,33.7
974000,-2676890.250528928,300.8446137554662,1988.6866646708118,1.0178019403502279,33.7
976000,-2674439.993302053,299.93535062264635,1992.6747106486944,1.0157649591446132,33.7
978000,-2677690.686557887,299.7829074935029,1992.7287055371105,1.0157374360224372,33.7
980000,-2675463.1866812855,299.3859008384698,1992.9183822288649,1.0156407628629773,33.7
982000,-2674288.6577608287,299.75492695375993,1992.709244129911,1.015747356024519,33.7
984000,-2676488.778920261,300.90272084571995,1991.7464191924787,1.0162383758024824,33.7
986000,-2672918.619403137,299.9412543304606,1991.9709945937796,1.0161238047862966,33.7
988000,-2674200.891145868,300.8355706114224,1993.753744721276,1.015215219737952,33.7
990000,-2677305.254567547,301.0526668931026,1991.9062680541003,1.0161568234974803,33.7
992000,-2675492.452689735,301.44662985271896,1993.9581144971787,1.0151111657433158,33.7
994000,-2678144.299691934,300.2110140140117,1991.8660094677039,1.0161773615442549,33.7
996000,-2676523.454276722,300.1081626635023,1990.4274789687865,1.0169117777148193,33.7
998000,-2675742.390823856,301.4858710908838,1989.5460864141155,1.0173622817145787,33.7
1000000,-2676984.274965711,300.43977230609227,1992.2178809299066,1.0159978812687855,33.7
1002000,-2675153.0982020814,299.1421256959581,1994.2010570533046,1.014987500328294,33.7
1004000,-2673672.8827607017,300.2008224069662,1994.856658842868,1.0146539286811032,33.7
1006000,-2674304.6779261082,300.4281427070128,1991.939417016274,1.0161399130714819,33.7
1008000,-2676681.57210852,299.8798875072983,1991.565849781232,1.016330515143607,33.7
1010000,-2676492.4389452264,300.6088104803482,1992.927581848111,1.015636074529897,33.7
1012000,-2679318.671821244,300.23314914981563,1990.9157588271064,1.0166623761333888,33.7
1014000,-2674535.6017309893,301.5670396279879,1992.334943529821,1.015938184803653,33.7
1016000,-2676565.4644788858,300.9059310466827,1993.0060145603043,1.0155961052115179,33.7
1018000,-2675763.6104554944,300.1305635134454,1992.4671771304509,1.015870760273033,33.7
1020000,-2676374.899025889,299.860800957437,1989.568620899365,1.0173507587466901,33.7
1022000,-2675867.4262665473,299.5210786244657,1993.1717633239468,1.0155116499719363,33.7
1024000,-2676390.130426187,301.8419368975919,1991.4211292919877,1.0164043738805772,33.7
1026000,-2675153.4812127817,300.3206338018924,1993.4152215480547,1.0153876242997177,33.7
1028000,-2678495.3412160054,300.25271689890764,1989.5310437676662,1.017369973889658,33.7
1030000,-2674966.0155454036,300.7252170926214,1991.475582270324,1.016376582304399,33.7
1032000,-2676328.642551951,299.97316758777913,1991.5396160955981,1.0163439028236805,33.7
1034000,-2674891.4081055485,300.51247851811706,1991.3871245030614,1.0164217299314284,33.7
1036000,-2677238.0470484365,301.1362753275818,1991.7102850689505,1.0162568126621405,33.7
1038000,-2677918.871559715,299.9109417845487,1990.3520094593507,1.0169503366393908,33.7
1040000,-2676660.314431319,300.88676698866897,1993.4108619705212,1.0153898449463286,33.7
1042000,-2676058.9144260287,299.29819990690874,1993.0840656905737,1.0155563334701883,33.7
1044000,-2675557.5255245697,300.1065598069629,1994.111819937238,1.0150329213305,33.7
1046000,-2675159.8847233616,300.4761660747168,1988.2493278690583,1.0180258168224448,33.7
1048000,-2676069.182600409,301.91459054582145,1994.2323552120636,1.014971570770316,33.7
1050000,-2673701.7770551145,299.6467114702539,1992.206831152973,1.0160035165019237,33.7
1052000,-2674466.7705450654,299.63403836631795,1988.9545448082267,1.0176648588244814,33.7
1054000,-2675418.8526331875,299.4999421883554,1994.0116342610586,1.0150839199093553,33.7
1056000,-2676207.9267981537,301.4753760785091,1992.5298017252585,1.0158388317695375,33.7
1058000,-2676129.367866656,300.408995324976,1991.9664609082683,1.0161261174686944,33.7
1060000,-2675591.2421216164,299.3100001467143,1994.5972735558644,1.0147858782751336,33.7
1062000,-2675526.707445154,299.6505235995658,1996.277242010456,1.0139318845372949,33.7
1064000,-2677116.370900484,300.58950428060683,1993.816549663022,1.0151832406008814,33.7
1066000,-2673410.977109071,301.1082076339055,1993.5304564377332,1.0153289303979067,33.7
1068000,-2674823.7331302594,300.42402419436866,1989.3703300378286,1.0174521633747728,33.7
1070000,-2675677.9252734073,299.91926869551514,1993.7127040214752,1.0152361180062843,33.7
1072000,-2676001.7082953528,300.8953404609242,1994.4435015211147,1.0148641184906215,33.7
1074000,-2675378.807832394,299.86043989689637,1993.5981139749342,1.015294472773575,33.7
1076000,-2680454.4990280084,300.3496987677798,1987.7214318401275,1.0182961825675845,33.7
1078000,-2676054.5626291763,301.1115930340867,1989.3261317993606,1.0174747688151922,33.7
1080000,-2678114.7905753795,300.950705120917,1992.3669354970516,1.0159218716132776,33.7
1082000,-2675245.490769122,299.47990583464906,1991.90122156323,1.016159397935448,33.7
1084000,-2676363.570765471,299.8438654117883,1992.5507603240521,1.0158281466924304,33.7
1086000,-2674741.9942628574,301.12019844534,1988.309871442339,1.017994818173025,33.7
1088000,-2677144.3198797535,299.9835306256876,1989.0658888869998,1.0176078919050653,33.7
1090000,-2677052.183278527,301.6603733794964,1987.6162923229322,1.0183500476769674,33.7
1092000,-2674983.106524512,301.074269631931,1988.432956390292,1.017931803808468,33.7
1094000,-2677294.340002194,301.4016547455364,1988.9534865008038,1.0176654003164176,33.7
1096000,-2678367.5946302544,300.7550408552394,1994.4596927863686,1.0148558797008387,33.7
1098000,-2677467.7777545042,299.6703495367205,1989.3706725625104,1.0174519881924988,33.7
1100000,-2674816.2034570463,301.6546701563289,1992.443439127975,1.015882863373251,33.7
1102000,-2673875.9291765727,299.6604755552487,1995.5802624955545,1.0142860119889985,33.7
1104000,-2674487.4642188866,301.1019619286202,1989.6336168921732,1.01731752462658,33.7
1106000,-2675798.1624747477,300.2028007969962,1992.949522515596,1.0156248932465046,33.7
1108000,-2678441.803135179,300.3152197641168,1991.0255441755985,1.0166063172678512,33.7
1110000,-2678116.117396349,299.97240233269264,1990.1372594297145,1.017060072846729,33.7
1112000,-2676101.9061377086,300.75294544609,1988.8947024156748,1.0176954785952987,33.7
1114000,-2677338.920248896,300.23802842880383,1991.4519895939948,1.0163886232894994,33.7
1116000,-2673784.462507833,299.8304851072644,1990.6785762165807,1.0167835080123748,33.7
1118000,-2676238.251115298,300.2525465017193,1990.1406909023794,1.017058319194912,33.7
1120000,-2676617.623759752,299.83173326812005,1992.078810708367,1.0160688097128172,33.7
1122000,-2679194.6655848753,300.088319037229,1990.9321895179419,1.0166539858600916,33.7
1124000,-2673106.6187761277,300.87131466445646,1991.9246020521018,1.0161474706248101,33.7
1126000,-2674464.1196488068,299.4930257343061,1995.2664112516572,1.0144455570626465,33.7
1128000,-2675548.8115315065,300.8692753165046,1993.5975486410011,1.015294760685455,33.7
1130000,-2676658.058527939,300.583649773672,1995.7028284253215,1.0142237196946056,33.7
1132000,-2677935.1604895834,300.3446911393694,1986.684971243123,1.0188274312983034,33.7
1134000,-2675060.420820687,300.3938215995909,1991.538879264035,1.0163442788516228,33.7
1136000,-2674890.5699747894,300.31033026812696,1991.439879066595,1.0163948042455002,33.7
1138000,-2675743.8331729546,300.51083205209875,1991.2687026262302,1.0164821771070167,33.7
1140000,-2676186.6836136524,301.5046433892387,1993.0298215194505,1.0155839738049908,33.7
1142000,-2678480.543318609,300.7293822772056,1993.2696534160475,1.0154617778792294,33.7
1144000,-2675592.658325659,301.0319075303653,1990.3249874527387,1.0169641434492807,33.7
1146000,-2675745.2257073876,298.024469814093,1990.7325191789912,1.0167559561870927,33.7
1148000,-2676798.479079129,300.01072538302867,1990.8736909741697,1.0166838585626958,33.7
1150000,-2676580.8753655925,299.7179114050685,1993.2225054056448,1.0154857977778293,33.7
1152000,-2675023.791253669,300.49691573581055,1989.403097525264,1.01743540490535,33.7
1154000,-2679987.5663868897,300.62655068991864,1987.869073658007,1.0182205522851246,33.7
1156000,-2676998.368759198,300.40058450500595,1990.9298004226143,1.0166552058344407,33.7
1158000,-2677978.13486211,301.06660413467324,1993.0933551087844,1.0155516001607956,33.7
1160000,-2673943.7504839357,300.9623185023183,1991.2944138938067,1.0164690524555036,33.7
1162000,-2675810.8535503633,300.68361100966024,1990.9214015146993,1.0166594946996108,33.7
1164000,-2678301.271897124,300.83952598858843,1993.93558986773,1.0151226330158665,33.7
1166000,-2674903.1330976374,300.5816000001937,1990.2562388669419,1.0169992720147907,33.7
1168000,-2676232.248438442,299.5965467352229,1989.340655630236,1.0174673404084884,33.7
1170000,-2676250.0740717985,300.907793426376,1993.1873751499265,1.0155036958822419,33.7
1172000,-2674286.211282436,299.7592260227093,1997.614813686747,1.0132529715851313,33.7
1174000,-2675925.541955417,300.09679248929376,1991.8695736042594,1.0161755432550812,33.7
1176000,-2677202.473982308,300.3798939753224,1991.7643340244429,1.016229235293524,33.7
1178000,-2673751.4024078343,300.4292817952824,1995.0772332690792,1.0145417492103588,33.7
1180000,-2676268.3834068403,301.43471246178274,1994.2398782587377,1.0149677419036973,33.7
1182000,-2675932.4474013597,300.2775956124672,1992.2356804528297,1.0159888038901628,33.7
1184000,-2676880.95137335,299.6059857208836,1991.9715999234757,1.0161234960018168,33.7
1186000,-2677708.9160878193,299.7067437532721,1990.5439909766235,1.0168522550750023,33.7
1188000,-2675632.9162980895,301.03586965264617,1992.4622303021947,1.0158732824479104,33.7
1190000,-2676932.2377830483,300.4485730196299,1994.7844026685248,1.0146906820320272,33.7
1192000,-2676168.5354752894,299.73838304212046,1993.950235525041,1.0151151768928663,33.7
1194000,-2676486.9210193567,300.6189663991798,1993.764702695378,1.0152096399912192,33.7
1196000,-2672693.914373884,300.4586230158881,1992.9384936802835,1.0156305136706787,33.7
1198000,-2675767.7216213383,300.40446074813104,1993.7163669448846,1.0152342527800144,33.7
1200000,-2677463.3302570973,300.6862413919115,1990.9082810674533,1.01666619467037,33.7
1202000,-2676960.5374296177,300.54018548029376,1991.565181203078,1.0163308563307225,33.7
1204000,-2678004.8608076256,300.1487015539717,1992.2894378044582,1.0159613897673225,33.7
1206000,-2675838.0956662446,299.86025397714775,1993.8227955523105,1.0151800604174959,33.7
1208000,-2676740.6371821016,300.83261755088546,1992.4046603835238,1.0159026357933492,33.7
1210000,-2676210.2104126867,301.1390607313331,1993.4709269305124,1.015359250394089,33.7
1212000,-2673083.896649644,299.228955581786,1995.225203272343,1.0144665087083367,33.7
1214000,-2672458.5582037214,300.53443105367626,1994.2227050672736,1.0149764822692124,33.7
1216000,-2674198.558191832,301.2005172014718,1991.472652829579,1.016378077386427,33.7
1218000,-2678408.92552758,300.9230919920809,1993.5359512960265,1.015326131808501,33.7
1220000,-2675800.0703162495,300.86884922568777,1990.5002578918354,1.0168745962355785,33.7
1222000,-2675438.325051848,300.9537773212631,1990.8709707680705,1.0166852476982418,33.7
1224000,-2674566.0455953255,300.47257553158744,1993.2872095540502,1.0154528340667053,33.7
1226000,-2677107.3210064042,299.38557444404506,1991.8353442440382,1.016193006063349,33.7
1228000,-2672952.7145284954,300.27094462715803,1996.4150404024876,1.0138618999997655,33.7
1230000,-2676636.3700604066,301.2711045764701,1990.3403369586217,1.0169563006211912,33.7
1232000,-2675910.9563501347,299.76065190788745,1994.0340001688019,1.0150725343094595,33.7
1234000,-2675433.322233217,299.4497230765962,1994.9567831280447,1.014603004520655,33.7
1236000,-2677049.3594301827,299.9985207739962,1991.780617135629,1.0162209274640943,33.7
1238000,-2673154.083741607,300.7935869799472,1995.932311494322,1.0141071089405695,33.7
1240000,-2675100.271536436,299.8428137358157,1994.5915784311428,1.0147887757766596,33.7
1242000,-2674248.8482038043,300.3502963420998,1994.6145099460462,1.0147771090391426,33.7
1244000,-2676132.7389688026,301.25375591421323,1991.9622875388507,1.0161282463592312,33.7
1246000,-2674145.9586709347,300.57495481135624,1992.9615583087386,1.015618759735763,33.7
1248000,-2673762.3068823665,298.9446042573134,1990.0857951955566,1.0170863743347693,33.7
1250000,-2677396.142397858,300.3274466947065,1990.7356903602329,1.0167543365258631,33.7
1252000,-2676264.4082037937,299.12207610920285,1993.7535256935346,1.01521533126643,33.7
1254000,-2673308.343729317,300.735238310392,1991.5518283809456,1.0163376705571758,33.7
1256000,-2673436.2943308502,299.578696493487,1992.9246116024735,1.0156375882292117,33.7
1258000,-2675307.605028512,299.83975308896873,1989.3042246010941,1.017485973748664,33.7
1260000,-2676641.91766154,300.9496662614418,1990.2985743430036,1.0169776395075425,33.7
1262000,-2674538.743685063,300.2128794876115,1988.9336739914836,1.0176755376606097,33.7
1264000,-2676037.2866786066,300.20056083380257,1992.0312998721333,1.0160930434077513,33.7
1266000,-2676548.542835111,300.580264123941,1993.8643114106303,1.0151589225339817,33.7
1268000,-2674948.1995360013,300.81619655588963,1994.01593013397,1.0150817330303796,33.7
1270000,-2679166.139099095,299.4772646561297,1990.6457149407718,1.0168002929194249,33.7
1272000,-2676787.408162771,300.52775090340356,1990.7737675304852,1.0167348892493278,33.7
1274000,-2677119.046094645,301.34414831107443,1991.5245393930043,1.0163515969868469,33.7
1276000,-2677388.469281085,300.35760044030326,1995.1255909873105,1.0145171588165192,33.7
1278000,-2677650.190873986,300.86185049513216,1990.330740016932,1.0169612041631613,33.7
1280000,-2675630.3730092645,298.5966913971944,1991.5878754426408,1.0163192751917665,33.7
1282000,-2676465.313297922,299.9862626612677,1990.6929798640824,1.0167761510812041,33.7
1284000,-2674261.3312503304,300.11905533879093,1994.4712995786201,1.0148499737640808,33.7
1286000,-2678987.240315618,300.31404061520135,1989.9662541405733,1.0171474726463332,33.7
1288000,-2675821.1938644983,299.1311541889059,1991.78799730708,1.0162171620610057,33.7
1290000,-2676994.0252334382,301.70877772598476,1990.4714186961596,1.0168893293511527,33.7
1292000,-2677794.0741236247,300.88167650956166,1991.6894711335683,1.0162674329440353,33.7
1294000,-2676031.0036914684,300.76253956410795,1990.2021723147668,1.0170269001849168,33.7
1296000,-2676174.088292267,300.57662446089995,1990.3749288740826,1.016938626329846,33.7
1298000,-2675242.4507515337,300.0503899048264,1992.2554392911113,1.0159787274922893,33.7
1300000,-2680063.659802204,300.5403147721793,1989.1627491646339,1.0175583405131674,33.7
1302000,-2676965.256072294,300.06711910781894,1989.6617341458757,1.017303148225584,33.7
1304000,-2676155.535699332,300.16957269090045,1990.049759175258,1.0171047918366745,33.7
1306000,-2677432.12518497,299.9823460362747,1990.3621681338273,1.0169451461933534,33.7
1308000,-2674931.9978744853,300.70624650632465,1993.727877875669,1.0152283912522986,33.7
1310000,-2676259.625515688,300.58013769526934,1990.8466097464193,1.0166976883811203,33.7
1312000,-2675479.243660547,299.89219014759084,1989.9003170591125,1.0171811767144145,33.7
1314000,-2675309.0510304086,300.52103345851043,1993.5191598995568,1.0153346838926587,33.7
1316000,-2676426.863825826,301.74924069365926,1991.442723016662,1.0163933527470272,33.7
1318000,-2673550.3791924976,300.60084434995474,1988.871469160045,1.0177073669347791,33.7
1320000,-2674980.4998577572,299.9070896537304,1988.3125838761684,1.017993429435859,33.7
1322000,-2674905.4425442256,299.44706907452974,1995.0675029210145,1.0145466973358392,33.7
1324000,-2675827.9165205453,300.92099434778,1993.956477742586,1.0151119990051654,33.7
1326000,-2675819.801615838,301.19235138589124,1995.2098528109204,1.0144743136662886,33.7
1328000,-2676176.3662916776,300.2304146165593,1994.7850612104442,1.014690347050398,33.7
1330000,-2675621.5427730195,299.7862692121078,1990.488980748956,1.0168803573526821,33.7
1332000,-2678012.861254394,299.8938356900964,1989.7384887156202,1.0172639055482753,33.7
1334000,-2676074.330927238,299.7814202705824,1991.674133093842,1.0162752592997628,33.7
1336000,-2676438.6949820984,300.71483188686386,1994.2854212230716,1.014944563356044,33.7
1338000,-2673908.2783940546,300.7179923139127,1992.428422114438,1.0158905201234467,33.7
1340000,-2676044.6210280824,301.6395427229935,1990.0165398590564,1.0171217703516835,33.7
1342000,-2673340.574053347,301.56547423543134,1989.3636267304378,1.0174555917548413,33.7
1344000,-2674122.956318414,301.3058755013161,1990.1177676420095,1.0170700342265755,33.7
1346000,-2676900.7094788197,300.92327759597856,1990.8504827266665,1.016695710507795,33.7
1348000,-2679974.241579691,300.0752103005743,1991.538811166108,1.016344313604116,33.7
1350000,-2677197.3386565614,301.19830741221364,1992.1640458519785,1.0160253370022763,33.7
1352000,-2677336.195737535,300.3414792126066,1989.138263102268,1.0175708665388585,33.7
1354000,-2674638.5462622494,300.01386257054224,1991.100430583144,1.0165680821322354,33.7
1356000,-2678595.3304995317,300.80040840303855,1990.3166115138074,1.016968423185234,33.7
1358000,-2674541.9261574745,299.9939864578272,1992.074391482246,1.0160710637640935,33.7
1360000,-2678081.4946795236,300.12585711806247,1989.0951583240565,1.0175929178551733,33.7
1362000,-2673368.6236418653,300.86554166177194,1990.83498852206,1.016703623213495,33.7
1364000,-2676166.751360718,299.9242843011847,1990.7678986755632,1.0167378866201227,33.7
1366000,-2676988.734412549,299.2541860698495,1994.3355480081582,1.014919053151378,33.7
1368000,-2677291.0918964315,300.3349262066547,1990.6981459396304,1.0167735124378607,33.7
1370000,-2677332.7323035207,300.8002239609503,1990.6434171816168,1.016801466591295,33.7
1372000,-2674327.1690986026,299.6452738835185,1994.6454965200633,1.0147613446007726,33.7
1374000,-2675649.6317655724,300.61190491039287,1993.3122400962998,1.015440082760335,33.7
1376000,-2679733.6022847146,299.5701346900122,1991.34202763957,1.0164447482936025,33.7
1378000,-2676307.724365428,300.2085671757579,1993.5428147982057,1.0153226361759686,33.7
1380000,-2675479.0420242157,299.6939346498877,1992.2725107651147,1.015970021728223,33.7
1382000,-2676145.6997006554,299.9481435965077,1991.824053878175,1.0161987662060705,33.7
1384000,-2673732.7179484535,299.4823796243127,1991.61033423683,1.0163078144632096,33.7
1386000,-2678154.561809279,300.7651305337886,1989.7150930077705,1.017275866863352,33.7
1388000,-2675573.5763999633,300.13571614461864,1994.0263955371893,1.0150764054982766,33.7
1390000,-2676452.650039697,300.89167790178345,1992.2238312991376,1.0159948466888171,33.7
1392000,-2677274.569803493,300.6671641636468,1990.3134805975856,1.0169700229548002,33.7
1394000,-2674458.075584393,300.272601907468,1992.1207356964715,1.0160474261329984,33.7
1396000,-2675017.2160982564,299.5393317701014,1993.3196471502936,1.0154363094470424,33.7
1398000,-2673605.0708609857,300.83140635921217,1993.7095572731996,1.0152377203923952,33.7
1400000,-2674833.6861881837,298.9179224184371,1988.6227889593647,1.017834632735839,33.7
1402000,-2677096.472314125,299.9375511794587,1992.9666338833908,1.015616173215374,33.7
1404000,-2678749.4106664434,300.4141196151418,1990.0485744494183,1.0171053973446724,33.7
1406000,-2678422.961227564,300.92570210181873,1989.5151555633192,1.017378098573703,33.7
1408000,-2677758.891821604,300.2507175331369,1991.998567221183,1.0161097399152035,33.7
1410000,-2677740.2699257657,301.1043838179659,1989.6929253521002,1.0172872005826668,33.7
1412000,-2676300.3520320226,299.20373157670946,1989.8564572487467,1.0172035971123061,33.7
1414000,-2672505.2570972983,300.6220067299414,1993.0854238341967,1.0155556414419682,33.7
1416000,-2676559.201072594,300.782002203711,1992.792102918873,1.015705122017425,33.7
1418000,-2677721.8443738427,299.4117337135445,1989.5341304725894,1.0173683954694346,33.7
1420000,-2676988.1891102437,300.20119545745723,1993.905249019167,1.015138079929453,33.7
1422000,-2676941.75561535,299.7327885635282,1990.7339142452959,1.0167552436649596,33.7
1424000,-2676521.180750748,300.29772739821675,1992.5125006213166,1.0158476523582218,33.7
1426000,-2677308.036118416,300.38198022423404,1986.9137451382608,1.0187101231763471,33.7
1428000,-2677177.814242022,300.3576870374345,1990.1179886840375,1.0170699212607996,33.7
1430000,-2674499.235773623,299.60572807611584,1994.4428834481103,1.0148644329945467,33.7
1432000,-2676737.520373754,301.06509592325256,1990.3007792810654,1.0169765128573753,33.7
1434000,-2676097.7774806414,300.7606583250271,1990.64605679226,1.0168001183054136,33.7
1436000,-2677661.0090186335,300.22243960594335,1993.1054177923493,1.0155454538338191,33.7
1438000,-2676763.7465692535,300.4629278777966,1993.4904724414848,1.0153492951343854,33.7
1440000,-2675367.581655469,300.01470032107414,1992.3105812937908,1.015950607829502,33.7
1442000,-2677785.6424270067,299.33221186667794,1988.2398437972638,1.0180306728914776,33.7
1444000,-2678827.3663666938,299.3846758562046,1988.24380521185,1.018028644547898,33.7
1446000,-2674915.5429500937,301.4908005218328,1996.0355046760437,1.0140546805449155,33.7
1448000,-2674366.2003491893,300.1576509499963,1992.3222758602722,1.015944644385701,33.7
1450000,-2675412.073636528,300.7698638707341,1992.8044051574457,1.0156988517348533,33.7
1452000,-2676232.7061859444,300.3208818433019,1987.0065309274653,1.0186625532155653,33.7
1454000,-2675530.354350999,299.5423262115385,1992.171188865701,1.0160216940006281,33.7
1456000,-2678515.1046187133,300.69055224718704,1990.317697729903,1.0169678681746086,33.7
1458000,-2677531.1043072436,299.87031036264017,1991.102300728245,1.0165671273195078,33.7
1460000,-2678766.356349306,299.8382714192293,1989.0377583553616,1.0176222837138074,33.7
1462000,-2677014.2506002765,298.59444293765387,1987.558593814679,1.0183796102160607,33.7
1464000,-2677047.301081149,300.7061157996979,1988.6849173442208,1.0178028346258263,33.7
1466000,-2676095.7081916854,299.9220788934484,1993.7482732214671,1.0152180058218099,33.7
1468000,-2678410.8143453486,301.642521296921,1991.5098410646083,1.0163590981647124,33.7
1470000,-2678684.5757101756,300.31043952510413,1989.164845726685,1.0175572680157292,33.7
1472000,-2674530.4042011984,299.83283765721006,1989.9662810806356,1.0171474588762424,33.7
1474000,-2673972.740691116,299.7312365094034,1991.6855139488573,1.016269452117203,33.7
1476000,-2675412.575604284,300.55893425790595,1992.2793095221991,1.0159665546775187,33.7
1478000,-2676532.785357669,300.10921022897065,1991.7740399198917,1.016224283218383,33.7
1480000,-2678513.9946310576,300.252231861659,1994.0711499688,1.0150536233786063,33.7
1482000,-2676788.1240741108,300.6722817488931,1991.6103532020686,1.0163078047853527,33.7
1484000,-2678232.0569241177,299.9359243101764,1990.7606216568138,1.0167416031998981,33.7
1486000,-2674207.940894816,299.6950819852366,1989.963072898265,1.017149098702926,33.7
1488000,-2677010.609894853,300.3210443455474,1990.7573115334758,1.016743293782718,33.7
1490000,-2675815.883977238,299.9563425713934,1988.8445985564344,1.0177211168332216,33.7
1492000,-2674856.3743217364,300.43357944487417,1994.323708908974,1.0149250781147683,33.7
1494000,-2674549.870534785,299.9332274593073,1993.0537762386064,1.015571767396332,33.7
1496000,-2675083.5493589733,300.24951617159485,1992.1688507970782,1.0160228864339111,33.7
1498000,-2675115.805086687,300.3647213478707,1993.569878448866,1.0153088526926655,33.7
1500000,-2677538.1649510544,301.16480887765647,1992.3753783796258,1.0159175665464915,33.7
1502000,-2676099.7088732347,299.56798160144194,1991.7642553204244,1.0162292754495437,33.7
1504000,-2677857.5053678043,300.5128155302174,1989.0341043988992,1.0176241531375196,33.7
1506000,-2673991.6014282405,300.2098701677156,1991.8521569206932,1.0161844286574555,33.7
1508000,-2675261.8985074237,300.6219127206362,1993.9938702791414,1.0150929630326397,33.7
1510000,-2677471.122752499,300.27979934046635,1991.6439201891262,1.0162906760252444,33.7
1512000,-2674798.527722614,298.6728869467515,1992.1888447134124,1.0160126894705865,33.7
1514000,-2676996.822792435,299.7621813119225,1994.556248867167,1.0148067507247196,33.8
1516000,-2674853.053644914,300.5834219958728,1992.5152074710677,1.01584627232009,33.8
1518000,-2676775.3281068224,300.14085914936356,1992.0404757733752,1.0160883629961168,33.8
1520000,-2675645.9763787705,301.3789409058087,1991.7460918279423,1.016238542832008,33.8
1522000,-2675462.540176386,300.4534881391398,1990.1442606543812,1.01705649488195,33.8
1524000,-2675391.0391918756,299.9862197658474,1994.4454675812635,1.0148631180702379,33.8
1526000,-2674499.6318324953,299.4054616579246,1996.8085518839796,1.013662098021794,33.8
1528000,-2676128.295388663,300.03898748787753,1991.5091576975387,1.0163594469184882,33.8
1530000,-2677564.566871334,300.7134361061867,1992.0612642836388,1.016077759424961,33.8
1532000,-2676552.9741329663,299.79581045806407,1989.325332302333,1.0174751777317428,33.8
1534000,-2678071.923033146,300.94743410622976,1991.6326760135378,1.0162964137051627,33.8
1536000,-2675969.9409134723,300.1197002866744,1991.5429639363374,1.0163421943204825,33.8
1538000,-2675299.7846117765,300.53285612039514,1995.9817260638283,1.0140820026655133,33.8
1540000,-2676574.9238559566,301.4560907254836,1992.2678908896262,1.015972377663899,33.8
1542000,-2673760.291756548,299.82487796281697,1995.6407877349084,1.0142552499881283,33.8
1544000,-2676640.5756938085,301.34180284209646,1990.1662180741234,1.0170452737406421,33.8
1546000,-2676527.5792301875,300.4649463722707,1990.3156148156365,1.0169689324565072,33.8
1548000,-2672556.173363451,300.83762117624076,1995.534495817353,1.0143092741784583,33.8
1550000,-2676000.3850636724,300.50325508944564,1990.351142467007,1.0169507796205999,33.8
1552000,-2674695.438529117,300.7752308568742,1992.8190720857835,1.0156913763034505,33.8
1554000,-2676331.6104654577,300.5846363676158,1989.3283632578984,1.017473627498956,33.8
1556000,-2675947.40566859,300.087228410091,1993.0686963958979,1.015564164803136,33.8
1558000,-2676327.7269536257,301.2177325630461,1992.4613192489103,1.0158737469561452,33.8
1560000,-2675111.035103319,299.6720547967383,1994.4329480822134,1.0148694885916711,33.8
1562000,-2677254.704538882,300.2704145982712,1994.9963165830497,1.0145828988383068,33.8
1564000,-2674166.4100212734,300.49710466449886,1991.8312991583314,1.0161950697862185,33.8
1566000,-2677863.5282492675,301.4758122977119,1989.1601801759393,1.0175596546837904,33.8
1568000,-2676051.2941803187,300.1039946409508,1989.5774447795598,1.0173462467427796,33.8
1570000,-2677188.5454688407,299.58790778192895,1987.772538074367,1.0182700018641917,33.8
1572000,-2676796.8397896215,299.70549785987953,1991.2105182147982,1.0165118793492784,33.8
1574000,-2673863.6651849467,299.45498621685346,1993.5446953376436,1.0153216784074952,33.8
1576000,-2678124.0612965915,301.38383272292356,1993.8949300714244,1.0151433335446962,33.8
1578000,-2676376.610271018,300.52856686527656,1993.5423421088492,1.0153228769193898,33.8
1580000,-2677114.3131647147,300.81772148842475,1992.3682574695772,1.015921197530664,33.8
1582000,-2673416.890000047,300.10278155884646,1992.4006525851812,1.0159046793245512,33.8
1584000,-2675951.9301704224,299.9678066083454,1992.0976225300944,1.0160592147486474,33.8
1586000,-2676276.09370254,300.4653449035379,1992.962412599588,1.0156183243869539,33.8
1588000,-2676768.66577057,300.4982730416794,1993.5589329513684,1.0153144271757284,33.8
1590000,-2678927.481889447,301.7204206410867,1990.9911508742823,1.0166238785952206,33.8
1592000,-2676118.61897943,300.55106683865444,1990.7833107972203,1.0167300153023773,33.8
1594000,-2678905.4923296105,299.807597945376,1993.8708379290558,1.0151555996239483,33.8
1596000,-2675732.8072807826,300.4961394866925,1993.228132750055,1.0154829308263582,33.8
1598000,-2676950.9963386822,300.06242377835144,1991.2009436800254,1.0165167671675401,33.8
1600000,-2673534.512035126,300.39142456886594,1997.0377638554994,1.013545753958528,33.8
1602000,-2673569.477756966,300.05121973677063,1995.7750264960855,1.0141870296895135,33.8
1604000,-2675644.246498525,299.9835126051494,1989.1733318362908,1.0175529269649177,33.8
1606000,-2676654.1420749314,300.81751151743254,1991.3633599513116,1.0164338597151168,33.8
1608000,-2676258.4248966593,300.51302242265797,1989.9262518352637,1.0171679197577315,33.8
1610000,-2677020.2177517302,301.33568907287247,1990.7527805733448,1.016745607893929,33.8
1612000,-2677015.9882327765,301.19312972369676,1990.9842296803329,1.0166274126518609,33.8
1614000,-2677148.9709459357,301.6450040130288,1991.9364292393177,1.0161414372162145,33.8
1616000,-2675402.713695992,300.80820905747345,1988.5817778492208,1.0178556238405028,33.8
1618000,-2677401.943793947,300.4192462057221,1990.8885947386457,1.0166762476813966,33.8
1620000,-2675982.9042669274,299.44192476713334,1992.0455440764254,1.0160857777922976,33.8
1622000,-2675039.067691708,300.27446176383626,1991.9931893803473,1.0161124831356536,33.8
1624000,-2675646.3180929758,300.8509656026104,1996.1417733971455,1.0140006952541587,33.8
1626000,-2675035.612488862,301.0038965202732,1990.8533579133905,1.0166942421977372,33.8
1628000,-2674622.419683315,300.1818027100495,1993.3935857636116,1.015398645057446,33.8
1630000,-2676897.63039501,301.58039777195313,1990.1566970404679,1.0170501393486087,33.8
1632000,-2675576.423316328,299.4611115305117,1991.1084544173757,1.016563985532797,33.8
1634000,-2675430.8679671343,299.58265626480454,1993.6808636010194,1.015252332007958,33.8
1636000,-2676269.6413398627,300.33642893664575,1994.7190697495,1.0147239161376058,33.8
1638000,-2677588.091114983,299.7649896519611,1991.752424601307,1.0162353117033311,33.8
1640000,-2674276.772845622,300.001448153089,1991.556681635191,1.0163351938287153,33.8
1642000,-2675766.5779825486,300.0973122585902,1990.5550342557601,1.0168466137422585,33.8
1644000,-2677068.6547822617,300.4272684829708,1990.987423153497,1.0166257820175721,33.8
1646000,-2678250.5894037094,300.3266896833892,1986.4278217556596,1.0189593217948534,33.8
1648000,-2678392.043204142,300.39292143449603,1988.7752271174575,1.0177566164600216,33.8
1650000,-2676364.1513118353,300.0504159164715,1989.4600653506682,1.0174062708284637,33.8
1652000,-2675381.6763994675,299.98088263731967,1992.39032622077,1.0159099446592537,33.8
1654000,-2678272.859146232,299.80296786723693,1989.5057218110703,1.0173829227332019,33.8
1656000,-2676929.498227723,301.14764456424007,1991.201846784604,1.0165163061289229,33.8
1658000,-2674239.889354434,300.38625407429294,1990.4480813728446,1.0169012520309135,33.8
1660000,-2675997.2458546534,300.4806160039387,1990.002290030145,1.017129053665518,33.8
1662000,-2675350.809564585,299.7542859407001,1991.5999353459267,1.0163131209878278,33.8
1664000,-2676578.9987449404,300.95532594164024,1991.7355294351785,1.0162439320568686,33.8
1666000,-2675683.548528025,300.15378618965354,1993.5529717093593,1.01531746323,33.8
1668000,-2679787.2074125633,299.0541198002088,1986.8391188691526,1.0187483862320086,33.8
1670000,-2677620.1032759175,300.4914142994223,1988.9502789053092,1.0176670415132778,33.8
1672000,-2678883.5959334057,299.44308092546237,1991.4168583121425,1.0164065537569689,33.8
1674000,-2677757.3252178244,300.45094123551996,1989.8534028666672,1.0172051584979005,33.8
1676000,-2674860.108366549,299.5507264246313,1989.7615265137938,1.017252127493351,33.8
1678000,-2676123.318665117,299.11726484476054,1991.5330121528084,1.0163472730299228,33.8
1680000,-2676912.8297334537,299.5609149442443,1989.4923623421437,1.0173897544736998,33.8
1682000,-2670458.455305867,300.76751613694495,1991.768374882852,1.016227173588708,33.8
1684000,-2673724.2633850668,300.69104255928727,1994.176991924192,1.01499974889266,33.8
1686000,-2675996.6589276083,299.3672111523845,1992.6506147704986,1.015777242155267,33.8
1688000,-2674499.798848843,298.9918950126206,1989.0263011099842,1.0176281454503762,33.8
1690000,-2676489.9972732663,299.4038816289724,1993.9895200489457,1.0150951776320722,33.8
1692000,-2675918.0347949956,300.1158287560791,1994.5608664656072,1.0148044013504047,33.8
1694000,-2676518.2453167234,301.11946277567546,1991.309496568681,1.0164613534653342,33.8
1696000,-2673522.7956383023,300.07079876594906,1994.4217768866797,1.0148751730991459,33.8
1698000,-2673279.806182364,300.95742357704233,1992.050973998802,1.0160830081508707,33.8
1700000,-2674901.8922763225,299.4581621365552,1991.9770408806842,1.0161207205258216,33.8
1702000,-2677422.7426761985,300.4085950982616,1991.7519480885892,1.016235554830519,33.8
1704000,-2677565.1908995584,301.05628346429455,1990.7235369888112,1.0167605438132472,33.8
1706000,-2674822.8486871626,300.69831914267155,1991.9729634106673,1.01612280047462,33.8
1708000,-2673005.9563468546,299.3950209548057,1993.0084499125255,1.015594864206127,33.8
1710000,-2677425.600241758,300.4869997009623,1991.9798784467012,1.0161192730666093,33.8
1712000,-2673085.3208211623,299.2082587999975,1994.1490944837767,1.0150139483800977,33.8
1714000,-2673763.028923977,300.9435974129182,1990.6160761147182,1.0168154323365002,33.8
1716000,-2676665.1569525227,301.19020049313053,1992.3837544309379,1.0159132955933443,33.8
1718000,-2675218.935267411,300.30954708152814,1990.8565541576706,1.0166926099339009,33.8
1720000,-2677384.7253746744,300.69056633748687,1992.555781744003,1.0158255867140502,33.8
1722000,-2674854.988757355,300.3113711386618,1991.6309926033362,1.0162972727215955,33.8
1724000,-2676105.998622697,300.65670832628587,1990.552841726321,1.0168477337658464,33.8
1726000,-2675385.631200716,300.20529483925054,1990.5124068359603,1.0168683898172666,33.8
1728000,-2676468.4682918154,299.81933653197035,1994.6941477270275,1.014736594257843,33.8
1730000,-2674373.2155518923,301.3740237732539,1995.9468264732582,1.0140997341231994,33.8
1732000,-2675677.1733313333,301.41097759748084,1991.258529567974,1.0164873701707249,33.8
1734000,-2677531.527007671,300.20791501660165,1987.2377697998227,1.0185440196491757,33.8
1736000,-2677306.4945928343,301.2381806408693,1990.6582109100311,1.0167939101535972,33.8
1738000,-2672878.315438343,299.723364541892,1993.1612441411585,1.0155170094744357,33.8
1740000,-2675481.4440644104,300.468128144536,1989.3144527564064,1.0174807422959122,33.8
1742000,-2675470.2440088727,301.2496045525357,1990.5011712417274,1.0168741296383634,33.8
1744000,-2675008.799372714,300.9162014634031,1993.188761368215,1.015502989622091,33.8
1746000,-2676801.313013656,301.2875789079063,1992.6581022800506,1.0157734253229693,33.8
1748000,-2676377.5408972707,299.74890604699425,1993.9207413545594,1.0151301925248648,33.8
1750000,-2676546.8107454833,300.67557995121837,1994.0084827900712,1.015085524219242,33.8
1752000,-2674199.766234804,299.965821877835,1994.4071549434243,1.0148826136296087,33.8
1754000,-2675745.401854126,300.3179853260994,1994.265731490473,1.0149545840803333,33.8
1756000,-2676811.993566567,300.1186900929746,1994.6627894674268,1.0147525470162326,33.8
1758000,-2675328.5459056534,300.2806319519599,1993.9474464942698,1.0151165967835811,33.8
1760000,-2677886.599005865,300.67263570146935,1990.5946840668162,1.0168263596059288,33.8
1762000,-2677633.6155490912,301.34184138627137,1992.4163105243301,1.0158966955645479,33.8
1764000,-2675090.8042206727,300.50679836891413,1993.6332920312934,1.0152765577004637,33.8
1766000,-2674196.8724561203,299.60069902142345,1992.9639871043842,1.0156175220162473,33.8
1768000,-2676348.2392758746,300.63371707135315,1988.877303060794,1.0177043817311362,33.8
1770000,-2676567.0868767444,300.56206044019143,1991.5421497719415,1.0163426098123811,33.8
1772000,-2675483.2278651465,299.2509300172916,1990.7476676394115,1.0167482192510613,33.8
1774000,-2675718.10046646,299.9890205563201,1995.9512916530432,1.014097465461809,33.8
1776000,-2677984.550708143,299.2907915561151,1992.8830705477753,1.0156587588925736,33.8
1778000,-2675374.0997746475,298.9520506089023,1994.4875866059622,1.0148416864779721,33.8
1780000,-2680716.276023796,301.66209064568045,1991.577644802414,1.0163244959758457,33.8
1782000,-2677651.8318155855,300.67171294250926,1990.6342061052999,1.0168061715420484,33.8
1784000,-2677729.2467361093,299.4969405770337,1991.999247823642,1.0161093927429907,33.8
1786000,-2675365.076735653,299.3426792905106,1990.4492896807164,1.0169006347181317,33.8
1788000,-2676898.990905499,300.2063283937873,1990.6778203752858,1.0167838940753307,33.8
1790000,-2674700.7344490252,300.50316217206273,1991.4314765300328,1.0163990927658964,33.8
1792000,-2677106.559444908,300.72375152677057,1991.7179279055135,1.0162529129710163,33.8
1794000,-2676699.2863748614,299.78913928029823,1990.2614516137833,1.0169966083648772,33.8
1796000,-2677241.6729230694,300.8281268041003,1989.0977551978642,1.017591589333039,33.8
1798000,-2678176.354457883,300.4932536202709,1988.8003694185559,1.0177437500387916,33.8
1800000,-2675890.734267881,300.2499247415463,1990.6359752179083,1.0168052678888235,33.8
1802000,-2677509.824649241,299.52546912290046,1992.3915474117848,1.0159093219803943,33.8
1804000,-2676399.434976464,299.27681953749845,1992.9854622221224,1.015606578381045,33.8
1806000,-2677224.6548449304,300.506707570347,1989.890049338044,1.0171864253122467,33.8
1808000,-2676997.1643277574,300.756793065269,1995.4964021889534,1.014328637140241,33.8
1810000,-2675573.856037831,302.0569962565697,1987.8060684119287,1.0182528256730965,33.8
1812000,-2678324.1237067766,299.9752901318142,1991.075523811045,1.016580798590874,33.8
1814000,-2676083.8192924187,300.62305387383515,1991.7092754078876,1.0162573278351863,33.8
1816000,-2675783.8423048574,301.0526520132019,1990.8766762413625,1.0166823340720006,33.8
1818000,-2678468.7154964674,300.15576933367277,1991.9003096027823,1.016159863168158,33.8
1820000,-2675408.9391139336,300.9986196170212,1996.7518577794847,1.01369087909676,33.8
1822000,-2677270.445533445,299.5155603876053,1992.0762034140153,1.0160701395768372,33.8
1824000,-2676808.401444899,301.8427331999462,1990.3962519090653,1.0169277319072487,33.8
1826000,-2675404.8589501195,300.2141208527855,1991.1182669738505,1.016558975739213,33.8
1828000,-2678139.920227656,300.9051378598984,1990.3362652099315,1.016958381068881,33.8
1830000,-2672265.979158465,301.5664923542008,1992.8808732420719,1.015659878735116,33.8
1832000,-2674768.970618395,300.6301287360464,1997.0764650017525,1.013526112556135,33.8
1834000,-2674717.398259647,300.35358182496924,1996.6335610661936,1.0137509383392915,33.8
1836000,-2676718.549329331,300.68264456132493,1995.4829082692547,1.0143354962664808,33.8
1838000,-2673778.987062959,300.02569937585474,1992.1175533810008,1.0160490492216747,33.8
1840000,-2674876.6957689095,299.8555954295516,1992.6282900767292,1.015788622559722,33.8
1842000,-2676311.289187506,299.7514447810506,1991.2372915334358,1.0164982117685433,33.8
1844000,-2675649.2915574014,300.21535938064255,1990.3570558325252,1.0169477582523203,33.8
1846000,-2679269.8074215073,300.99235736070983,1989.505270868544,1.0173831533338602,33.8
1848000,-2675168.255147595,300.2053468521306,1990.1020025424796,1.0170780912057142,33.8
1850000,-2675995.2249890026,300.83383656593475,1991.888133870176,1.0161660746067265,33.8
1852000,-2680077.2610590346,300.27589095420564,1993.5742191016552,1.015306642038474,33.8
1854000,-2677808.1093397923,302.0819741611706,1989.6281755806583,1.0173203068256003,33.8
1856000,-2676813.2101712245,301.3132715386534,1992.0227083406214,1.0160974257852036,33.8
1858000,-2674793.2920010146,301.027000649007,1992.3691029032689,1.015920766438851,33.8
1860000,-2673954.0787265208,301.25735546489574,1990.0194125007638,1.0171203021115243,33.8
1862000,-2677120.2625215817,300.55293682359263,1991.3092556738552,1.016461476429801,33.8
1864000,-2674633.7705867495,298.83732625565113,1993.3554876334044,1.015418051926934,33.8
1866000,-2675920.8373448607,300.06698692927955,1990.6595534438368,1.016793224410927,33.8
1868000,-2675455.5547415223,298.7027419670162,1992.8156418535707,1.0156931246123277,33.8
1870000,-2675395.924507063,300.8414219569851,1994.277799359461,1.0149484423387198,33.8
1872000,-2672629.091149915,300.04557026111456,1994.7877127931374,1.0146889982675946,33.8
1874000,-2675007.259201886,299.80745499519367,1990.8452859007004,1.0166983644511753,33.8
1876000,-2675771.4525774755,300.5855063812722,1989.7828655938872,1.0172412181499253,33.8
1878000,-2673768.320462892,299.57484218117776,1993.0220451640364,1.0155879364013667,33.8
1880000,-2677753.0195668023,300.088515461594,1993.4224924049156,1.0153839207506195,33.8
1882000,-2677426.5852221195,299.9881454551249,1990.3646855075672,1.0169438599813216,33.8
1884000,-2674480.592328241,300.73962085501773,1987.9197410224403,1.0181946002556077,33.8
1886000,-2677169.33396584,300.21769509028155,1991.6128959146668,1.016306507254761,33.8
1888000,-2679863.861383697,300.40843776517016,1991.0500105890162,1.0165938250098423,33.8
1890000,-2673801.226694025,300.18502542613174,1989.1121579068456,1.017584221183654,33.8
1892000,-2677873.4077124167,300.095954448807,1989.5589746315104,1.0173556913161923,33.8
1894000,-2676126.132775197,299.62943822851145,1992.3922150866722,1.0159089815368125,33.8
1896000,-2677120.059716191,300.4243385314363,1993.342346894176,1.0154247458818628,33.8
1898000,-2675981.5271314234,298.6492820245798,1992.6993675001495,1.0157523904821648,33.8
1900000,-2675850.92525745,299.99686795802717,1989.11522914967,1.017582650008595,33.8
1902000,-2677741.24597794,298.75005525411984,1993.205272893676,1.015494577290608,33.8
1904000,-2679433.2399997786,300.8255473164273,1990.876789419771,1.0166822762751093,33.8
1906000,-2674546.5145920254,300.23405039301923,1990.6492111781029,1.016798507082361,33.8
1908000,-2676893.6201364826,301.29978429756574,1994.6422301256448,1.0147630063578246,33.8
1910000,-2675071.9064611383,300.93912381086733,1991.8759423277652,1.0161722941867375,33.8
1912000,-2677024.5573803186,301.2358850386388,1990.9534455673793,1.0166431317402063,33.8
1914000,-2676044.5624126717,301.1327336052512,1992.1716277485498,1.016021470167255,33.8
1916000,-2675510.876073461,299.97983163006654,1994.6879369356438,1.0147397538083571,33.8
1918000,-2677085.0181704573,301.277485900911,1992.5468626924621,1.015830133759309,33.8
1920000,-2677368.4715025276,300.50395044636053,1992.3130849151628,1.0159493311447911,33.8
1922000,-2673732.8071078006,300.3341372368733,1995.03920711895,1.0145610867335162,33.8
1924000,-2676194.705410255,300.12850169760486,1990.0691246791166,1.0170948943177758,33.8
1926000,-2676413.1560326256,300.55222697330566,1990.3122461247253,1.0169706537211012,33.8
1928000,-2675524.2637267727,300.3108950276366,1992.5713958535514,1.0158176265415686,33.8
1930000,-2675012.661051035,300.82586130608456,1991.3699968090643,1.0164304721342285,33.8
1932000,-2676588.0348323006,299.9691679639218,1987.2353952111046,1.018545236728513,33.8
1934000,-2676439.5718966834,299.4759668490384,1989.2795455543835,1.0174985967025014,33.8
1936000,-2675261.0561222006,301.4420448815816,1993.784653878769,1.0151994811038647,33.8
1938000,-2676916.727929728,299.73645004619965,1993.9255903148646,1.015127723864032,33.8
1940000,-2675026.5661323816,299.58784402195874,1990.5508881009346,1.0168487317506547,33.8
1942000,-2678564.467841057,301.14874891893,1988.3827747655644,1.0179574937673763,33.8
1944000,-2674577.8440509625,301.1007683673344,1994.8482364731185,1.0146582126112782,33.8
1946000,-2679872.0208065454,300.3460614399955,1987.1841396783177,1.0185715081130986,33.8
1948000,-2674608.3407215867,300.7879396313278,1990.603088692142,1.016822066412262,33.8
1950000,-2676346.894135682,301.91901155133513,1990.4604453631462,1.0168949354234935,33.8
1952000,-2677245.813369181,299.7690645018432,1988.9729875782386,1.0176554225178762,33.8
1954000,-2677675.6875827983,299.8830113826216,1993.546048136384,1.0153209894212092,33.8
1956000,-2676281.0197070315,298.40797425271006,1993.0954314075839,1.015550542214179,33.8
1958000,-2675483.60943898,299.56318899644435,1992.7321307367706,1.015735690126204,33.8
1960000,-2674666.781009512,300.23430195986356,1993.1235398028373,1.0155362202238607,33.8
1962000,-2676154.3326319344,299.74964584046523,1991.7084323165484,1.0162577580175047,33.8
1964000,-2676518.1438748017,300.15937960832747,1991.7908560931066,1.016215703500528,33.8
1966000,-2678264.3856038563,301.3601653019372,1989.0024068013981,1.0176403704335386,33.8
1968000,-2677722.930155663,300.92191049945205,1992.808420371126,1.0156968052521693,33.8
1970000,-2677118.97462276,299.6490498840395,1994.3812563291713,1.0148957926811264,33.8
1972000,-2674890.720849218,301.2023649044756,1993.079027113059,1.0155589008341699,33.8
1974000,-2675846.1640123017,299.7146569572326,1991.6805265993535,1.016271996948505,33.8
1976000,-2676635.767861696,300.8932469532731,1994.164360697611,1.0150061779975326,33.8
1978000,-2675833.7784250453,300.73742431601534,1988.929577918256,1.0176776334982756,33.8
1980000,-2677980.576892568,299.92527072857416,1987.217144569191,1.0185545910682938,33.8
1982000,-2678863.6063171253,299.4279526647264,1992.738572176313,1.0157324068053861,33.8
1984000,-2673559.4591472503,301.70516444545774,1992.3316651031723,1.0159398565528286,33.8
1986000,-2674409.618896788,301.59729322712104,1992.236930734126,1.0159881662793548,33.8
1988000,-2674596.4510680884,300.2657628151404,1992.434263061959,1.0158875419758988,33.8
1990000,-2675703.6579939984,301.2410325892772,1992.0723945317873,1.0160720823232494,33.9
1992000,-2674977.50724463,299.96422325342684,1992.753700448047,1.015724695729072,33.8
1994000,-2678950.6908447295,300.79456074534176,1987.8750917028995,1.0182174697488928,33.9
1996000,-2678139.9663608186,300.7646575887928,1989.844997534147,1.0172094552886601,33.9
1998000,-2680237.5306985956,300.8486967750903,1989.4736661548766,1.0173993154493977,33.9
2000000,-2676750.911970146,300.6676607237932,1992.0026452715267,1.0161076597238528,33.8
2002000,-2675214.383023152,300.7119725583918,1993.2129808701084,1.015490650260058,33.9
2004000,-2678805.0892434325,301.62236975260885,1989.93215650308,1.0171649015449447,33.9
2006000,-2676394.4474541154,301.24234910473143,1990.3821021126785,1.0169349613333634,33.9
2008000,-2678468.5326873884,299.61826735479207,1993.1292505765741,1.0155333104790092,33.9
2010000,-2674988.9830010254,301.1445217455634,1989.4167187665362,1.0174284386760033,33.9
2012000,-2676086.491457233,299.64741942142,1992.5807595968556,1.0158128529054422,33.9
2014000,-2673603.1445488874,299.6927987909097,1991.4940349366655,1.01636716482304,33.9
2016000,-2673439.0481593907,300.0969989800183,1991.1775587991744,1.016528705391421,33.9
2018000,-2673175.6929958276,300.06090749963226,1992.0336738281587,1.0160918325044244,33.9
2020000,-2675681.704053186,301.0241124076969,1994.1741181151754,1.015001211611188,33.9
2022000,-2677978.6471841466,299.8243902082865,1992.6786508340274,1.0157629506410382,33.9
2024000,-2676538.1348478105,300.20982193445707,1994.328073304592,1.0149228570486244,33.9
2026000,-2674836.8023178093,300.329073986084,1989.558368772411,1.017356001120726,33.9
2028000,-2677841.681922799,300.5682382837788,1989.4114135763698,1.0174311518661012,33.9
2030000,-2672683.3392509446,300.4097023530772,1994.7138908783586,1.0147265506630032,33.9
2032000,-2673267.430256013,298.7958296254507,1992.0022392631606,1.0161078668261352,33.9
2034000,-2672825.6754152123,300.3509210889101,1997.6502879363281,1.0132349782511527,33.9
2036000,-2674500.4568855576,299.2851687411285,1993.4571400592793,1.0153662726806278,33.9
2038000,-2675788.8275115266,300.47562473223314,1995.6077947833876,1.0142720184505387,33.9
2040000,-2675087.5787283406,299.72498301355216,1991.9271363388673,1.0161461778018752,33.9
2042000,-2675245.6184059978,301.0886446805301,1988.923020892559,1.0176809885493883,33.9
2044000,-2677027.219392823,300.3599025451088,1990.4489800854185,1.0169007928872975,33.9
2046000,-2679164.2702804226,301.0055953487588,1988.462698508821,1.0179165782533768,33.9
2048000,-2676373.2704625893,301.1355743574174,1992.8960416076038,1.0156521483267178,33.9
2050000,-2675560.974457605,298.81562044668493,1995.819806682195,1.0141642743867614,33.9
2052000,-2671920.993926121,300.3726579853639,1993.603104832725,1.0152919310488373,33.9
2054000,-2675982.2294476666,301.43860036118144,1990.3653271325445,1.0169435321537754,33.9
2056000,-2677643.3263229784,298.790298934255,1990.4814888108026,1.0168841847707164,33.9
2058000,-2675493.379536329,300.5743262655968,1991.99209732133,1.016113040193486,33.9
2060000,-2677823.030896466,300.23474242696807,1989.2703299436344,1.0175033104263544,33.9
2062000,-2675434.6747049876,299.795546515889,1991.48824446944,1.016370120020377,33.9
2064000,-2674404.080641523,300.1328759658229,1993.303340219129,1.0154446165870878,33.9
2066000,-2675352.0457048547,300.4305481307701,1992.9220154096565,1.0156389113070798,33.9
2068000,-2674809.588421762,299.47803859182363,1992.2928545430657,1.0159596474157921,33.9
2070000,-2677949.3833485357,300.11519726039614,1990.9001890372797,1.01667032691847,33.9
2072000,-2675889.5953788646,300.72577994090386,1992.1129461782243,1.016051399060327,33.9
2074000,-2674546.8177631143,300.4349101612084,1991.4676188741385,1.016380646547936,33.9
2076000,-2674089.5145141184,299.63809899987206,1994.9739857562038,1.0145942556154859,33.9
2078000,-2676815.3658204135,299.62031318343315,1990.2350710844378,1.0170100886362587,33.9
2080000,-2675883.5443878584,299.5773236987702,1993.008128624894,1.0155950279275205,33.9
2082000,-2674767.244736502,299.8084916868715,1988.7077435862598,1.0177911523593262,33.9
2084000,-2676090.1897645723,301.08143945403805,1991.532415528616,1.016347577507704,33.9
2086000,-2675645.168696394,301.04010058781375,1992.288949198098,1.0159616389305761,33.9
2088000,-2677301.6846711766,301.6223475865128,1991.1484092291394,1.0165435869414616,33.9
2090000,-2676681.73125419,300.1728784262113,1994.0457210413851,1.0150665677783453,33.9
2092000,-2677056.5820527263,301.3920911010827,1991.6942201436416,1.0162650097486334,33.9
2094000,-2677189.6552710254,300.72699422509373,1989.7448707026601,1.0172606427354611,33.9
2096000,-2674114.1874703765,299.9539498951938,1993.3192465246864,1.0154365135336627,33.9
2098000,-2675527.5298366807,301.200782262463,1992.3983878338481,1.0159058340993647,33.9
2100000,-2677809.80397024,299.98108865682957,1990.2135531239976,1.0170210844325744,33.9
2102000,-2674322.9621225744,299.6981220103748,1990.7333988256487,1.0167555069124792,33.9
2104000,-2678008.9105592426,299.01414606163183,1993.7674957625222,1.0152082177849207,33.9
2106000,-2676389.3599478994,300.07933234914765,1990.2121666886896,1.0170217929168073,33.9
2108000,-2677443.599098295,301.00010665880194,1991.7285633998852,1.0162474863519806,33.9
2110000,-2673847.269859832,300.07946802447066,1992.9880097240755,1.0156052801997566,33.9
2112000,-2675033.8541333675,301.3757104791704,1993.0813417904885,1.0155577214085154,33.9
2114000,-2677852.180656798,299.95116176898557,1990.9429909885441,1.0166484702033447,33.9
2116000,-2676372.3430230916,300.2361602146594,1992.9696757195336,1.0156146230974668,33.9
2118000,-2676436.6359964684,301.04161457781487,1991.6967170018954,1.016263735724503,33.9
2120000,-2674715.8869629744,299.18783145485094,1993.6409445393867,1.0152726606034983,33.9
2122000,-2675139.44347094,300.65750506415634,1994.9334469863825,1.0146148730466353,33.9
2124000,-2674051.42392637,299.75623881412855,1991.9292993714491,1.0161450743704978,33.9
2126000,-2676477.5332438424,300.20421552521,1992.2285408807663,1.0159924449007858,33.9
2128000,-2674450.7405597623,301.7741455758385,1991.611651853989,1.0163071420908552,33.9
2130000,-2676529.1065394357,299.0476147603627,1992.3986049335397,1.0159057234022166,33.9
2132000,-2679361.948563941,300.1914877286525,1985.7891248259339,1.0192870535676835,33.9
2134000,-2674381.1304218937,299.05692599682874,1992.1672101707538,1.0160237231678384,33.9
2136000,-2676058.992124345,300.7537486994526,1990.1135043507609,1.017072213029828,33.9
2138000,-2673207.7152257785,299.27597859419365,1992.8961254996284,1.0156521055722993,33.9
2140000,-2678457.8290102836,300.5184980680424,1989.7505337567616,1.0172577474971096,33.9
2142000,-2675936.1208178066,300.11138977001883,1988.1920641588556,1.0180551379008278,33.9
2144000,-2677113.881192593,300.86032234106887,1990.8421724870393,1.0166999544328528,33.9
2146000,-2676581.1950041596,300.71503515710447,1989.0040668295458,1.0176395211081466,33.9
2148000,-2675236.840532016,300.3112794771856,1992.5071908156183,1.015850359477011,33.9
2150000,-2675198.5371027514,300.45745448834253,1995.3424377162478,1.0144069046951303,33.9
2152000,-2677900.0687492676,301.1701812502636,1994.4767968825481,1.0148471765699716,33.9
2154000,-2677903.5079276375,299.84625191301177,1993.2022538395886,1.0154961154350932,33.9
2156000,-2671519.908063952,300.36699898933347,1992.4396351226471,1.0158848029169925,33.9
2158000,-2677665.1578529533,301.14152209410554,1990.5226296934595,1.0168631674196464,33.9
2160000,-2675448.3575498164,299.92363206662446,1992.1754697915037,1.0160195107022432,33.9
2162000,-2676429.3495927285,299.8825599018589,1992.9304897707098,1.0156345925960768,33.9
2164000,-2677267.7930071186,299.43522574287726,1990.206893437081,1.0170244876174552,33.9
2166000,-2675352.9706203733,300.64741311699726,1992.1546373013173,1.0160301354881354,33.9
2168000,-2675745.811637476,299.92913480489455,1991.2934279742597,1.0164695557247323,33.9
2170000,-2674969.265407363,300.0633406450334,1995.1950650835263,1.0144818326151177,33.9
2172000,-2675004.489416614,300.4470884098969,1994.7614403273853,1.0147023624631406,33.9
2174000,-2673842.589453403,300.2416616603023,1993.6446236294737,1.015270787010012,33.9
2176000,-2678286.436897682,300.4525887612144,1993.3587251675315,1.0154164027252348,33.9
2178000,-2677323.955276994,301.3755096311234,1990.942810718734,1.016648562255726,33.9
2180000,-2675884.7535360996,300.5233026947913,1991.7753189111652,1.0162236306638617,33.9
2182000,-2678798.538337471,300.81596025671024,1991.520956465012,1.0163534254961455,33.9
2184000,-2675833.0588530656,299.69574360575996,1994.1616764260448,1.015007544261991,33.9
2186000,-2673855.273724027,301.2261294756717,1992.306306674897,1.0159527876156365,33.9
2188000,-2674558.4626683313,300.8880169003714,1994.3974239208835,1.0148875654238056,33.9
2190000,-2676041.3645296115,300.079493011526,1990.4982828607633,1.0168756052085284,33.9
2192000,-2677353.2736116257,299.16011373766565,1992.5460319980375,1.0158305572599031,33.9
2194000,-2675939.223981684,300.27425874401706,1995.4465964653625,1.0143539544661073,33.9
2196000,-2674503.8675588705,300.1397360995018,1993.8493055705067,1.0151665626863489,33.9
2198000,-2675946.365971729,300.3589260693244,1995.390167820697,1.0143826398930402,33.9
2200000,-2674761.301316833,300.46411911840266,1993.4522607172012,1.0153687579768533,33.9
2202000,-2677166.6626033317,300.2319571930769,1990.3743197497258,1.0169389375487363,33.9
2204000,-2677342.7112283166,300.3326511422882,1990.0944136488001,1.0170819696636633,33.9
2206000,-2674129.6428511087,300.9610410763897,1991.4978682545002,1.0163652084772954,33.9
2208000,-2675558.801437542,300.05549883192606,1990.9710229646853,1.0166341562503378,33.9
2210000,-2676831.138710169,300.20269136954727,1991.2244999186291,1.016504741747246,33.9
2212000,-2678010.880403485,300.8733771686548,1992.0587225043146,1.0160790558954975,33.9
2214000,-2675605.7057267185,299.85826701233793,1994.4128250416998,1.0148797283271855,33.9
2216000,-2674313.0308510847,299.7821214530409,1991.242136046879,1.016495738719604,33.9
2218000,-2676697.9443903677,298.7549940548422,1991.6341849445218,1.0162956437238284,33.9
2220000,-2674488.251247501,298.4332504231562,1991.0239264829586,1.0166071432531825,33.9
2222000,-2677282.5383469295,299.98080447613813,1988.8104246083462,1.0177386044470156,33.9
2224000,-2673838.4825541284,300.18213258360225,1992.130163605794,1.0160426176103545,33.9
2226000,-2678039.8174562193,301.837288197213,1990.3364493671722,1.0169582869741114,33.9
2228000,-2676368.0035981927,299.4319195610022,1990.49851998841,1.0168754840683631,33.9
2230000,-2677539.051810952,300.7736437645727,1992.0063411478768,1.0161057744847393,33.9
2232000,-2674419.2380941287,300.0384668755438,1991.5679395709888,1.0163294486888514,33.9
2234000,-2676689.482227141,299.86010433362134,1989.9710547158845,1.0171450188955444,33.9
2236000,-2673986.482213095,300.39271040148185,1993.5249008589788,1.01533175992857,33.9
2238000,-2675004.23381445,300.9228365512841,1993.9473839961606,1.0151166286013051,33.9
2240000,-2674308.116878705,300.15959346354356,1990.0671402105559,1.0170959085513163,33.9
2242000,-2677833.6284766924,299.87176470689377,1990.956898538535,1.0166413685481392,33.9
2244000,-2674932.586712273,300.85847769017727,1991.388480646755,1.0164210377440765,33.9
2246000,-2674031.001491571,299.98341787497804,1993.1208883966092,1.0155375711700452,33.9
2248000,-2673811.676733395,300.30245669667903,1994.7997211011584,1.0146828900363232,33.9
2250000,-2675355.482374225,300.65582487036454,1997.232830309172,1.0134467626076653,33.9
2252000,-2677463.952986516,300.65810175550536,1990.9919839712345,1.0166234532061373,33.9
2254000,-2678547.085399626,300.0423161176754,1988.8032680866845,1.0177422666837412,33.9
2256000,-2676249.6455100663,300.77190929511175,1991.386662529608,1.0164219657268496,33.9
2258000,-2674680.4203212615,300.87465168015393,1989.4999780700361,1.0173858599456196,33.9
2260000,-2671460.568671586,300.7504522253935,1993.8973856320204,1.015142083357005,33.9
2262000,-2675758.953973718,300.96593415834843,1993.1818523580855,1.0155065096824576,33.9
2264000,-2676082.661258105,300.3185816118202,1991.2186798643552,1.0165077128487259,33.9
2266000,-2678620.203531174,299.7972702578989,1991.105039227696,1.016565729166992,33.9
2268000,-2675922.341447035,299.6431613075754,1990.4958482470417,1.0168768489686213,33.9
2270000,-2675925.347226275,299.46542675829835,1989.0771798371275,1.017602115477648,33.9
2272000,-2676208.7066183873,300.00794908473745,1989.8845453310842,1.0171892388428996,33.9
2274000,-2678065.7288766857,300.1175853110437,1985.6565954516743,1.0193550842008299,33.9
2276000,-2676848.2969663795,299.8049486400997,1994.1467690120264,1.0150151320373388,33.9
2278000,-2679415.4762272313,299.7093747275981,1988.1879168838318,1.0180572615203358,33.9
2280000,-2676875.7519681957,300.72520331920487,1988.4476653038228,1.0179242739794743,33.9
2282000,-2676252.551361585,299.79832516130307,1993.0631488939634,1.0155669915295102,33.9
2284000,-2674466.0168557595,300.52904569254895,1991.2383140972215,1.016497689764596,33.9
2286000,-2676884.1833593138,299.9248921644019,1992.1531701346503,1.0160308837667167,33.9
2288000,-2675827.3644146584,300.6578440585034,1995.4179175638244,1.0143685331450538,33.9
2290000,-2678030.3217763603,300.76272093735713,1988.868319227571,1.0177089787606868,33.9
2292000,-2675199.1643799897,299.4661399658123,1993.9257507985571,1.0151276421601645,33.9
2294000,-2674547.226825645,299.7100164211096,1993.192683217081,1.01550099149653,33.9
2296000,-2674190.7428886686,300.1571116710202,1994.6413787863016,1.014763439472108,33.9
2298000,-2676812.417719003,300.6602662528434,1989.4706476328067,1.017400859097348,33.9
2300000,-2675135.4562796243,299.3768058669312,1992.7722197156763,1.0157152563775536,33.9
2302000,-2675798.3257615473,300.89655741278284,1991.5962733479464,1.0163149897082338,33.9
2304000,-2672918.112164166,300.4593395628923,1995.1049167730262,1.0145276717198557,33.9
2306000,-2676776.733866567,301.55813667915584,1994.4682703340527,1.014851515141708,33.9
2308000,-2678677.7721394263,299.4265655655372,1994.1159213526412,1.0150308336526406,33.9
2310000,-2675092.371490594,300.20654082974096,1991.234272203541,1.0164997530956896,33.9
2312000,-2677569.7797546927,300.4541831791373,1991.3745308788716,1.0164281578700642,33.9
2314000,-2677470.6062841658,300.05383169941035,1991.456978627008,1.016386077014862,33.9
2316000,-2677381.9331112616,300.60724563561547,1992.9225069727283,1.0156386607952905,33.9
2318000,-2676492.370001424,301.0459215547218,1995.5091708347588,1.014322146765109,33.9
2320000,-2675573.7629580125,299.351827246363,1994.837931373195,1.0146634542171775,33.9
2322000,-2676660.93710313,300.08764144851364,1990.017185142697,1.0171214405394366,33.9
2324000,-2677700.2048567683,300.1352372305855,1991.3156658780754,1.0164582043591004,33.9
2326000,-2676688.2151706237,300.34751967016393,1991.6012251550771,1.0163124627988558,33.9
2328000,-2676561.008970702,300.6741774568944,1991.7006011307412,1.016261753850677,33.9
2330000,-2678956.821448751,300.4105950744631,1988.470360632227,1.0179126559407317,33.9
2332000,-2676703.2176581435,300.9665820873474,1992.933935240208,1.0156328367235172,33.9
2334000,-2675826.5874019936,299.3139821951087,1990.8869493425875,1.0166770879275444,33.9
2336000,-2676702.746573534,299.3846653820163,1991.6703164838389,1.0162772067738446,33.9
2338000,-2676457.670736512,301.4767765528415,1992.6929479603807,1.015755662768983,33.9
2340000,-2677953.9008983374,300.80888143066204,1991.4966409905282,1.0163658348144817,33.9
2342000,-2676408.911729483,300.55353020891044,1991.1626263286682,1.016536328718974,33.9
2344000,-2674170.6323497854,301.12818719636255,1994.3631067903848,1.0149050286575092,33.9
2346000,-2674082.8114119787,300.5945878967612,1994.0704954070868,1.0150539565740677,33.9
2348000,-2676703.0025312994,300.0449683962689,1991.5991015444279,1.0163135464767743,33.9
2350000,-2676649.054897547,300.10549016548106,1993.4923037868532,1.015348362371703,33.9
2352000,-2678221.3928440027,300.98115673631446,1988.6757147590774,1.0178075445024417,33.9
2354000,-2677884.179890195,299.16751147418125,1993.1998534519269,1.015497338385387,33.9
2356000,-2678046.914951673,301.17042559013936,1991.0144539505945,1.016611979905195,33.9
2358000,-2678681.7127735335,302.8003615596421,1990.6999647207945,1.0167725834739056,33.9
2360000,-2675382.8602568675,300.43756144351937,1990.4144281134636,1.0169184454561195,33.9
2362000,-2674936.8644316494,299.9405767221246,1992.4129034075484,1.015898432794152,33.9
2364000,-2677629.527168136,300.62235989236416,1986.694534252828,1.018822527143968,33.9
2366000,-2675560.3956969697,300.6281271287336,1991.0066710503902,1.0166159538695727,33.9
2368000,-2678307.808956722,299.897255694307,1988.576796217153,1.0178581736953665,33.9
2370000,-2677188.4563907254,300.889512983814,1989.9048023347882,1.0171788839725788,33.9
2372000,-2678758.9152038414,300.17217837002255,1988.2340063828976,1.0180336618087058,33.9
2374000,-2676241.309464583,300.48834769205035,1991.8669023268974,1.0161769060402759,33.9
2376000,-2673266.5856771935,298.8235803378433,1991.6984340917875,1.016262859579722,33.9
2378000,-2677080.0328423474,300.56520095285316,1992.4706768800445,1.0158689759088655,33.9
2380000,-2678558.652888382,301.37886760733335,1992.2925543787546,1.0159598004830848,33.9
2382000,-2673783.44746509,299.188972612361,1992.3346406845328,1.015938339231572,33.9
2384000,-2673334.789821157,299.33593478933494,1990.8727681906219,1.0166843298028239,33.9
2386000,-2675347.624209484,300.6288829690724,1992.7095955299972,1.015747176904737,33.9
2388000,-2674899.32858919,299.7917108490571,1991.6256321173546,1.0163000080987648,33.9
2390000,-2675261.203463774,300.90513021749734,1991.191996075398,1.016521334979257,33.9
2392000,-2679509.0733602885,300.3278412779542,1989.0415884968256,1.017620324158348,33.9
2394000,-2676667.11979454,301.0887372226447,1988.7006060010724,1.0177948052827634,33.9
2396000,-2674355.307584528,300.1488444448827,1992.51222067056,1.0158477950862392,33.9
2398000,-2676464.6978999563,300.0141966567151,1994.5478665494188,1.0148110155672838,33.9
2400000,-2674948.4755531196,300.0558601505378,1995.1270225893838,1.0145164308504038,33.9
2402000,-2673514.847354343,299.8123471270455,1994.2023813956623,1.0149868262788835,33.9
2404000,-2676253.3370807674,300.7936903385144,1994.0617924461371,1.0150583867150893,33.9
2406000,-2676191.7846566774,299.2668365578549,1989.3850782778777,1.0174446205270318,33.9
2408000,-2677642.95778588,300.68562321236215,1992.2400573185255,1.0159865718064705,33.9
2410000,-2675963.6633672714,300.2854981907689,1992.0513081904796,1.0160828376901585,33.9
2412000,-2675557.588249229,300.79333694034136,1996.2823385659322,1.0139292959454915,33.9
2414000,-2673791.461206723,300.04364028658034,1994.2709919674453,1.0149519068387554,33.9
2416000,-2677332.535965482,300.5924006012415,1990.594766404669,1.01682631754649,33.9
2418000,-2675459.163549755,299.96868411003015,1987.3677131795728,1.0184774224857722,33.9
2420000,-2677342.96254215,300.1898303150513,1986.4458854992538,1.0189500558893203,33.9
2422000,-2674768.259470597,300.7343978041265,1993.2903415473543,1.0154512385181738,33.9
2424000,-2674861.2063194793,299.2829960856075,1996.5049070564269,1.0138162640605863,33.9
2426000,-2676676.503548464,300.36378509084085,1992.0780799667157,1.016069182431039,33.9
2428000,-2679596.610041337,301.09472106523845,1991.0716522124349,1.0165827753117027,33.9
2430000,-2680109.7348845005,300.68087785227675,1990.0539283696403,1.0171026609860858,33.9
2432000,-2677874.8741702978,299.57737955937927,1989.6354319309837,1.0173165965817934,33.9
2434000,-2673901.4428128656,300.1008415688037,1991.3186935841084,1.0164566588824033,33.9
2436000,-2674624.1219145413,300.0020268603787,1994.9300506077332,1.0146166004336639,33.9
2438000,-2675881.4725325163,299.37473050885916,1990.2319068179395,1.0170117055789583,33.9
2440000,-2675676.0303253178,299.62096328628917,1991.0516486834174,1.0165929886294025,33.9
2442000,-2675380.147070242,301.00500528966217,1993.1881583168533,1.0155032968687792,33.9
2444000,-2671435.0214997754,301.1492798925667,1992.9412235696095,1.0156291224811815,33.9
2446000,-2675765.3572760057,299.6193471130215,1993.3255309536091,1.0154333121305321,33.9
2448000,-2675308.2131309845,300.0805638216268,1987.5061358299747,1.018406489198245,33.9
2450000,-2674482.978129709,300.46216517313485,1989.6624199402727,1.0173027975827857,33.9
2452000,-2676806.572197294,299.17034294912,1990.1560417925039,1.01705047420679,33.9
2454000,-2674280.326668827,300.605564238769,1992.5546299802334,1.0158261738954952,33.9
2456000,-2675773.3143790495,300.2705082802265,1990.8702159947325,1.0166856331412064,33.9
2458000,-2676268.3530678507,300.93700416268473,1990.432185852458,1.0169093729680132,33.9
2460000,-2676098.6947118137,301.03717469985804,1992.584318108826,1.0158110387878843,33.9
2462000,-2676532.438238105,301.7520968401902,1988.704454601922,1.0177928356155546,33.9
2464000,-2676067.704837417,301.3682825447141,1991.5753949641933,1.0163256440949182,33.9
2466000,-2678322.4559493996,300.51894175200266,1989.675310634721,1.0172962066885554,33.9
2468000,-2678189.743078256,300.29894226232517,1990.5751127987066,1.0168363570087784,33.9
2470000,-2676677.45972047,300.1799314831426,1992.1491472153562,1.016032935525869,33.9
2472000,-2676459.2331664357,299.05668838517425,1993.6095252090622,1.0152886613231427,33.9
2474000,-2675217.396731537,300.3019951311828,1993.717066575308,1.0152338965164391,33.9
2476000,-2677616.8134819716,300.66232508158896,1993.2188306525882,1.0154876699553754,33.9
2478000,-2674483.3813266493,301.04067308778235,1993.8292868839142,1.0151767552847781,33.9
2480000,-2674428.855923839,299.5000638806731,1995.2960203350322,1.014430503254704,33.9
2482000,-2674587.3299187943,300.5734422425083,1990.9857351447642,1.016626643938965,33.9
2484000,-2679554.8868998066,299.50342899481814,1986.9043758552646,1.0187149269220892,33.9
2486000,-2676209.5488746613,301.0265529935118,1988.3241349163955,1.0179875154689924,33.9
2488000,-2677218.7767913584,300.86058194787324,1992.5705940063008,1.0158180353253645,33.9
2490000,-2675675.522563616,299.99843442624996,1994.2616085307852,1.0149566824092675,33.9
2492000,-2674634.9189286847,300.4231940220736,1993.933416040769,1.0151237397233075,33.9
2494000,-2675568.827560054,301.63989373147973,1993.474514556292,1.0153574230674816,33.9
2496000,-2678211.66346037,300.0954090869119,1991.3291255795205,1.0164513339609396,33.9
2498000,-2673720.5701703653,300.2820628904629,1992.5138773210388,1.01584695047243,33.9
2500000,-2675496.827749476,300.7455823425578,1994.1133910865742,1.0150321215924774,33.9
2502000,-2673495.6448710933,300.49150526406095,1991.877710572429,1.016171392102625,33.9
2504000,-2676163.8190134075,299.7559979983693,1993.1869544140002,1.015503910241907,33.9
2506000,-2674858.4541634377,300.3338420589057,1990.7596136688906,1.016742118010049,33.9
2508000,-2674167.722760327,300.8803899365773,1992.8890091305736,1.0156557323448798,33.9
2510000,-2673229.2055351026,300.06433220802563,1992.1903231606516,1.0160119354657415,33.9
2512000,-2676220.8847332355,300.10585249372076,1990.652332458111,1.0167969127744045,33.9
2514000,-2675822.9645321164,299.3194544142003,1994.7437312596082,1.0147113708548599,33.9
2516000,-2676511.954215098,301.6406763025409,1990.397734139164,1.0169269746109222,33.9
2518000,-2678413.119027421,300.30233332128955,1992.524308934793,1.0158416321317838,33.9
2520000,-2677621.149088526,299.65018327929295,1990.6334788262755,1.0168065430327364,33.9
2522000,-2675397.930294631,301.79248895454884,1991.7447794222956,1.01623921245455,33.9
2524000,-2674814.880536221,300.5430219030731,1993.736259912338,1.0152241230440235,33.9
2526000,-2675809.3102011587,300.10007635797734,1991.7702500512694,1.0162262168533112,33.9
2528000,-2673118.6700482406,300.93462163026305,1991.4949119521025,1.0163667172348048,33.9
2530000,-2675113.268315535,300.2107402848671,1993.6435557394243,1.015271330837201,33.9
2532000,-2678314.340869885,299.05785112941726,1990.7328277703557,1.0167557985757327,33.9
2534000,-2679708.5510896537,301.3336574135741,1988.0114895151298,1.0181476096721376,33.9
2536000,-2676229.1019092016,300.59599972023034,1987.5218435148065,1.0183984405781934,33.9
2538000,-2673885.054127343,301.1279950853797,1991.1980886506453,1.0165182246745819,33.9
2540000,-2677214.234213596,299.88091991101015,1991.856928637049,1.0161819942738464,33.9
2542000,-2675827.701377349,301.00583756335305,1991.3126226772317,1.0164597577497785,33.9
2544000,-2677114.6354052518,299.7923224894546,1992.0460379661793,1.0160855258732429,33.9
2546000,-2676237.6805846803,299.56126702592525,1993.2988131268016,1.0154469228201033,33.9
2548000,-2674949.4744506627,300.71655341471984,1992.055100749138,1.016080903228726,33.9
2550000,-2675590.628219165,301.1157319849803,1990.8688210303442,1.0166863455137332,33.9
2552000,-2677545.4775650073,299.3268557571159,1990.4072687356734,1.016922103251912,33.9
2554000,-2678553.006145958,300.5269682693792,1987.3939924227964,1.018463955193426,33.9
2556000,-2677563.503408039,300.11509240701173,1990.7806832840934,1.0167313572239078,33.9
2558000,-2678803.24351085,300.0267953466562,1991.169215308609,1.0165329648976436,33.9
2560000,-2674964.060893813,299.90749622192527,1993.3934963005274,1.0153986906283252,33.9
2562000,-2677384.635166973,300.46868535161457,1990.2214148105202,1.0170170670398897,33.9
2564000,-2678824.4518218823,300.0234570084387,1988.873493403428,1.0177063311286254,33.9
2566000,-2674420.7590827122,299.73675826102067,1990.6095761075812,1.0168187525795285,33.9
2568000,-2676158.4988434073,299.29247513301647,1991.0778849087703,1.0165795930897585,33.9
2570000,-2676283.1815959048,300.5510166575887,1993.4753304356286,1.015357007507214,33.9
2572000,-2678151.8852521665,301.1477619972865,1995.0702930496955,1.0145452784806497,33.9
2574000,-2673246.1862562858,300.87852362875896,1993.8579124778018,1.0151621805062347,33.9
2576000,-2676347.252378231,299.02900924437625,1991.8589249783313,1.0161809758050984,33.9
2578000,-2675121.136873599,300.9429001977694,1993.3222024623476,1.0154350077223948,33.9
2580000,-2681028.730076626,299.18887680363406,1992.5538711665133,1.0158265607471881,33.9
2582000,-2676479.2455928326,299.91924287484096,1990.5414000672083,1.0168535786204869,33.9
2584000,-2677627.1378061213,300.15758625922325,1991.9300424445673,1.0161446953059359,33.9
2586000,-2676395.8785703517,300.20716395097685,1992.1663004677328,1.0160241871250142,33.9
2588000,-2678608.866926467,300.7406824349961,1988.4076191649854,1.0179447747743864,33.9
2590000,-2676715.100582037,299.52281041671404,1992.3124622488697,1.0159496486639634,33.9
2592000,-2676523.675567992,300.2630945821042,1994.2310411763638,1.0149722395538476,33.9
2594000,-2675320.9112086743,299.67387969902603,1993.0201174512947,1.01558891871047,33.9
2596000,-2676882.3983160947,299.9515207646938,1993.1163611604693,1.015539877898585,33.9
2598000,-2675549.7954449337,299.5627206466944,1988.5063868921031,1.0178942141664855,33.9
2600000,-2674758.6958028655,300.58541341751487,1994.695197896185,1.0147360600182884,33.9
2602000,-2677108.889550438,301.5701349249567,1991.3053725998525,1.0164634585442414,33.9
2604000,-2676078.4494374264,299.6803882605527,1989.0901555320263,1.0175954772191746,33.9
2606000,-2677591.845799409,299.8299860677947,1990.1524471420992,1.0170523112222933,33.9
2608000,-2677063.6168324985,299.2856661150476,1990.9622458772913,1.016638638046442,33.9
2610000,-2674741.421434108,300.44568125779864,1992.9994631970305,1.015599443666519,33.9
2612000,-2674653.894133514,299.88567742327973,1991.8551768492139,1.0161828879810175,33.9
2614000,-2676466.7784533706,300.8293218197141,1989.3241992972353,1.017475757227314,33.9
2616000,-2677938.782075841,300.54670544444417,1992.5769437384422,1.0158147982245593,33.9
2618000,-2676886.5349918455,300.35273418271277,1993.1121908223297,1.0155420027888469,33.9
2620000,-2673893.35987854,300.3113807902745,1991.7257272089378,1.016248933474886,33.9
2622000,-2676751.4011637215,300.77922273002355,1990.5760234990198,1.0168358918001261,33.9
2624000,-2676914.5804691594,299.87640505050246,1990.8510938338814,1.0166953984251454,33.9
2626000,-2677530.2529674675,299.88658315395503,1994.3709464699482,1.0149010391638666,33.9
2628000,-2678563.583284095,300.72688810126306,1989.0709809759437,1.017605286794466,33.9
2630000,-2674710.647559004,300.1345545780446,1990.068416726095,1.0170952561422228,33.9
2632000,-2674433.306322247,300.79578089273883,1993.434782714538,1.0153776605093112,33.9
2634000,-2675454.328702636,300.70621957372896,1997.6807140114597,1.013219545973433,33.9
2636000,-2677052.432460496,299.27815729180594,1991.2452259176707,1.0164941613947964,33.9
2638000,-2677364.1364474576,299.6462964533869,1988.3500154450833,1.0179742652590729,33.9
2640000,-2677490.2133274935,301.36028096442703,1989.9037461161306,1.0171794238797565,33.9
2642000,-2676223.057523802,299.76052129329724,1992.2570289050439,1.0159779168469172,33.9
2644000,-2676866.734574942,300.58152418692225,1990.8359417356594,1.0167031364151105,33.9
2646000,-2676528.0919113923,300.0060351177038,1994.388410403871,1.0148921521463763,33.9
2648000,-2675215.197449932,300.2145393441618,1994.0019153974338,1.0150888674784169,33.9
2650000,-2677274.8268027827,300.7374245674328,1991.1112577206898,1.016562554303287,33.9
2652000,-2674860.335542416,299.9761822019359,1990.4062914837746,1.0169226025414595,33.9
2654000,-2678974.9906464554,300.3344438054624,1989.2455460881054,1.017515987420955,33.9
2656000,-2676777.9653087053,300.0388366886064,1987.2957822234016,1.018514286678558,33.9
2658000,-2677190.7255327925,300.7208934265583,1993.4411588038067,1.0153744127893691,33.9
2660000,-2674903.4525260143,301.0456503218988,1996.5833268488534,1.0137764444047188,33.9
2662000,-2677303.2491266094,300.5034896896349,1991.8475021315726,1.016186803399607,33.9
2664000,-2679526.9524440635,300.8273017357005,1993.6178025702623,1.0152844459158759,33.9
2666000,-2678812.4261666406,299.047374997543,1990.63530495355,1.0168056102560712,33.9
2668000,-2674582.7482935004,299.38450644905305,1988.0883794833208,1.0181082324803943,33.9
2670000,-2672626.7135475315,300.80008592107464,1991.9327900900705,1.0161432936495063,33.9
2672000,-2676117.1518920194,299.9013414751225,1995.434906676452,1.014359896821615,33.9
2674000,-2674816.0206285696,300.28019837055615,1993.6909647797609,1.0152471881589593,33.9
2676000,-2677161.350582013,300.20949546395326,1989.9387571806121,1.0171615275830639,33.9
2678000,-2674116.518640019,298.89307891583314,1991.958952365512,1.0161299476813552,33.9
2680000,-2680692.616145717,301.5937431990592,1990.4135309955502,1.016918903800951,33.9
2682000,-2677694.0729747377,299.73510727073267,1988.7837696378176,1.0177522448401652,33.9
2684000,-2675335.4159338195,299.9316120430589,1991.873305205896,1.0161736395384589,33.9
2686000,-2678649.68895567,299.7356596145329,1992.19643031701,1.016008820841271,33.9
2688000,-2677735.7507967185,299.23795784880934,1990.8298974264364,1.01670622320226,33.9
2690000,-2676629.232418075,299.28802960197845,1992.2994945131093,1.0159562614079942,33.9
2692000,-2678248.087930249,300.178267835764,1990.9630788461636,1.0166382127104079,33.9
2694000,-2677130.685341619,299.0463598128158,1992.9770537524878,1.0156108632758754,33.9
2696000,-2675379.8340911176,300.35729818343844,1990.8815003020075,1.0166798705716686,33.9
2698000,-2676463.0778844915,301.61946111187586,1990.2575089147601,1.0169986230345953,33.9
2700000,-2676475.9382149447,301.38987435122027,1992.5566839819253,1.0158251267440157,33.9
2702000,-2679365.0179909784,300.61218051510554,1990.2107036551743,1.0170225405446671,33.9
2704000,-2677909.4077069815,300.08646921668714,1990.3334121778564,1.0169598388220706,33.9
2706000,-2674704.44828471,299.21813121664997,1989.4909657098449,1.0173904686862378,33.9
2708000,-2676623.8993968386,298.6139354754776,1990.7739128304427,1.0167348150412345,33.9
2710000,-2678476.8364236653,300.5745534615548,1992.8167689059237,1.0156925501795229,33.9
2712000,-2677910.7350190673,299.50271856140716,1990.1371931460735,1.0170601067209988,33.9
2714000,-2674963.7019551247,300.6064478862434,1991.6223065031336,1.0163017051181988,33.9
2716000,-2677986.011418201,299.6403123523916,1990.5508921661196,1.0168487296740045,33.9
2718000,-2676152.5877978858,300.0886350945914,1993.063550039782,1.0155667871253646,33.9
2720000,-2675742.36558179,300.9768676706793,1989.2194032563257,1.0175293598771296,33.9
2722000,-2678285.186113205,299.7625789054541,1991.374514331821,1.0164281663159334,33.9
2724000,-2677839.3584455866,300.94727661739313,1992.7573345726382,1.0157228433860745,33.9
2726000,-2676235.8620849084,301.78361841878524,1991.686064027186,1.0162691714365215,33.9
2728000,-2676963.580605071,300.3300108894837,1993.49673232497,1.015346106782892,33.9
2730000,-2674980.1191987228,299.62258587195885,1994.7822255959518,1.0146917894487792,33.9
2732000,-2677108.6833957806,300.51469246081217,1990.1414858348105,1.017057912946086,33.9
2734000,-2679997.682172142,300.73374914837115,1989.9858147450152,1.01713747457538,33.9
2736000,-2679994.7260197066,299.579630771124,1989.2132978319191,1.0175324829452264,33.9
2738000,-2675880.7314817477,300.6045725177831,1992.2769815799363,1.0159677418174105,33.9
2740000,-2676183.7559978887,301.3835642695874,1993.6884246226045,1.0152484816847573,33.9
2742000,-2677705.8858695477,299.6107333302743,1994.486845501357,1.0148420635693773,33.9
2744000,-2675952.1166236624,299.71517771162445,1992.6570739426395,1.0157739495264706,33.9
2746000,-2676713.560672421,299.96021432451596,1990.4933952863294,1.0168781021046356,33.9
2748000,-2676790.0814805534,300.92015118545413,1989.6110103509727,1.0173290836853182,33.9
2750000,-2674792.2283690907,300.45593694404187,1990.954771466578,1.0166424546950352,33.9
2752000,-2674841.654703947,300.173479198354,1994.0359241718425,1.0150715548874647,33.9
2754000,-2674361.139689075,299.8478039825273,1995.0755926976453,1.0145425834786035,33.9
2756000,-2676159.0305291805,299.7176462202677,1992.3648914386995,1.0159229138940342,33.9
2758000,-2676768.659795208,300.30869343049164,1987.737363004773,1.0182880212056036,33.9
2760000,-2677107.6649908684,299.7596394664616,1990.6131994143284,1.0168169017698143,33.9
2762000,-2675952.513413444,300.40125900987664,1990.9946816971596,1.016622075718055,33.9
2764000,-2677212.836805921,300.8576310930547,1988.2162345568702,1.018042761582067,33.9
2766000,-2672994.6686172746,301.21607906778075,1990.5769352529335,1.016835426053695,33.9
2768000,-2677215.2006079517,299.9619517896651,1990.9137527397413,1.0166634005441872,33.9
2770000,-2674747.7972771544,300.0271771548388,1995.793096866846,1.0141778470063607,33.9
2772000,-2672880.499432659,300.36471275141497,1994.720461253854,1.0147232082726318,33.9
2774000,-2674916.9041404277,299.5800656875154,1994.1483002074688,1.0150143526637365,33.9
2776000,-2677224.392672904,300.50096062100647,1990.321421495287,1.0169659654921057,33.9
2778000,-2677195.242731292,299.73256592877846,1989.04315796523,1.0176195211979195,33.9
2780000,-2677451.0129531883,299.1513047298726,1994.0265402947018,1.0150763318082165,33.9
2782000,-2679389.046862103,299.14498302360556,1992.8514440428405,1.0156748773728779,33.9
2784000,-2676448.9286619034,299.6755579313981,1990.94091345185,1.0166495310708406,33.9
2786000,-2677337.2236581556,299.9727372463873,1988.633723454673,1.0178290361758064,33.9
2788000,-2678163.5559365507,300.58439098062667,1988.2684299835928,1.0180160362287087,33.9
2790000,-2675830.401478758,301.2388788435853,1993.4500871242633,1.0153698651018201,33.9
2792000,-2676693.6684938483,300.53901307980334,1993.6743350839345,1.0152556565690856,33.9
2794000,-2674139.7912564706,299.77407649045847,1989.376940284875,1.0174487826126755,33.9
2796000,-2679199.7953128405,300.4311132410191,1991.1720373772441,1.0165315241754243,33.9
2798000,-2680086.634873174,300.36687458171303,1988.4725957756054,1.0179115117556232,33.9
2800000,-2678938.0746521633,299.5608775821804,1991.4427399688916,1.0163933440949415,33.9
2802000,-2673020.228665469,300.0844098684846,1991.4752494197337,1.0163767521792422,33.9
2804000,-2676374.3564311545,300.4407063476111,1992.141065048867,1.0160370575970854,33.9
2806000,-2676421.887387296,299.2439914756007,1994.169976477836,1.0150033196395742,33.9
2808000,-2677217.1866398714,299.88660655797366,1989.7032255214845,1.0172819343548474,33.9
2810000,-2680187.391279388,299.03784394007937,1988.91003451832,1.0176876333879903,33.9
2812000,-2679345.1757863685,301.2020831266696,1988.8477456772127,1.0177195064076472,33.9
2814000,-2674519.466415409,300.6860715852248,1993.8043375161783,1.0151894586467418,33.9
2816000,-2675463.1043878216,300.1371067601429,1996.3493052343927,1.0138952841286084,33.9
2818000,-2674785.442774957,300.18351918877954,1997.843053574763,1.0131372143716941,33.9
2820000,-2675397.705011124,300.9360524874489,1992.400269279139,1.0159048747684125,33.9
2822000,-2673722.911566643,299.25624143994344,1992.1934564741623,1.0160103374864318,33.9
2824000,-2676828.3623809237,300.3623489395961,1990.8426581588517,1.0166997064059646,33.9
2826000,-2676713.6764123086,300.54726774379816,1993.1753214750872,1.0155098371138818,33.9
2828000,-2678417.818274472,300.4161915119694,1991.3031370369038,1.0164645996904607,33.9
2830000,-2675860.8743845876,300.3131097545904,1993.9927806056473,1.0150935177587683,33.9
2832000,-2677261.669838542,300.8723323737553,1990.8600963709391,1.0166908009961162,33.9
2834000,-2675290.6735864766,300.2163719840506,1991.8709457629775,1.016174843232756,33.9
2836000,-2677168.1863667965,300.4118903838683,1992.1550956722688,1.016029901711809,33.9
2838000,-2674167.6441243906,300.58714932519183,1995.3858575313543,1.0143848310896277,33.9
2840000,-2675686.0711523127,301.1785006428756,1990.1907075441572,1.0170327589099475,33.9
2842000,-2679534.6428250372,300.5307927807962,1991.5240848479916,1.0163518289587086,33.9
2844000,-2674671.324199429,300.1822325759875,1993.6385967561255,1.0152738562264976,33.9
2846000,-2677421.7540675234,300.67089308280083,1994.2584632870476,1.0149582831476913,33.9
2848000,-2676183.0394552387,299.87613805275726,1995.014407877141,1.0145736983445508,33.9
2850000,-2675921.1048861705,300.03246124954666,1993.473920334638,1.015357725728761,33.9
2852000,-2676378.739094939,299.63895233642825,1989.1518734825736,1.017563904010423,33.9
2854000,-2676294.8338774797,300.36863318357683,1991.036339741864,1.0166008051430122,33.9
2856000,-2674580.1580493003,299.7140068003435,1989.8681498871724,1.0171976199354429,33.9
2858000,-2678852.1865789425,299.8784198367321,1989.249018075489,1.0175142114730271,33.9
2860000,-2675679.351781279,300.23242245499836,1990.6906871112358,1.0167773221402894,33.9
2862000,-2676706.224746933,299.9064601497298,1991.263793174217,1.016484683239297,33.9
2864000,-2675292.401979912,299.5074032981601,1989.99992967221,1.0171302600920091,33.9
2866000,-2676386.5665907953,300.60123966761023,1988.115996137735,1.0180940900745852,33.9
2868000,-2678070.721851835,300.04330689702647,1990.556920625031,1.0168456501183674,33.9
2870000,-2677054.0112382453,300.66826202595956,1992.28436395259,1.0159639771678406,33.9
2872000,-2675843.7454296425,299.38439929300733,1987.5997298844507,1.018358533470039,33.9
2874000,-2674791.6279199366,300.18313286807813,1993.9647680352734,1.0151077784814544,33.9
2876000,-2674789.7693793233,300.2686885263907,1991.2724734550388,1.0164802522171144,33.9
2878000,-2679089.5834414754,300.3854064604674,1987.6350196108328,1.0183404528900277,33.9
2880000,-2677745.445036635,300.2687409610951,1990.9253188905238,1.0166574943044735,33.9
2882000,-2675705.985730907,300.7593493302935,1994.7918891140519,1.0146868739021868,33.9
2884000,-2676008.1748920716,299.9993392623997,1993.7223153024347,1.015231223784308,33.9
2886000,-2674881.4816571698,300.12148532017693,1991.520068895766,1.016353878458713,33.9
2888000,-2676701.598236246,300.20953365819173,1988.4769783888114,1.0179092682735602,33.9
2890000,-2677137.1605440117,300.33417397458254,1990.8936625227532,1.0166736597502442,33.9
2892000,-2677562.331676362,300.5616810848193,1994.8047027920338,1.0146803560356323,33.9
2894000,-2677206.6791345626,300.73556327687083,1996.4013073094816,1.013868874278793,33.9
2896000,-2677021.618130984,299.6300600729239,1994.6987144634827,1.0147342710826366,33.9
2898000,-2679952.9757065773,300.4767652828264,1989.6366251623433,1.0173159864733694,33.9
2900000,-2675940.2893279977,300.2649516726848,1991.976060291664,1.0161212207310406,33.9
2902000,-2676042.9873659313,300.1447444267209,1995.0761874199452,1.0145422810484996,33.9
2904000,-2680189.1320616286,300.79419870322124,1991.9821755849562,1.016118101285816,33.9
2906000,-2674927.378010245,299.75276283714607,1994.8621677423967,1.014651126669696,33.9
2908000,-2677622.1560711917,299.97087974764935,1994.020186673824,1.0150795661837848,33.9
2910000,-2674619.676139204,300.16721956780435,1996.907172583065,1.013612036573713,33.9
2912000,-2675105.658036651,299.8000397849587,1991.4598090612988,1.0163846324393844,33.9
2914000,-2672560.6057568938,298.9733970394274,1986.1527346972853,1.019100450177147,33.9
2916000,-2673348.554822281,301.1474531403254,1991.7865640370408,1.0162178933208896,33.9
2918000,-2675770.3099742625,301.14755656701277,1989.6606644545666,1.0173036951531864,33.9
2920000,-2678408.653215699,300.07480318383085,1993.1669303864762,1.015514112336844,33.9
2922000,-2679463.8021716513,299.91766855533433,1990.9185156407998,1.0166609683667032,33.9
2924000,-2676861.7107092477,300.5867023780186,1991.08131628865,1.016577841141843,33.9
2926000,-2676799.721533075,300.43430091947073,1993.553992939837,1.0153169431171056,33.9
2928000,-2673801.5644558948,300.46431618059523,1994.7786478677797,1.0146936093456411,33.9
2930000,-2675667.433670908,301.39150041753004,1991.3212788087098,1.0164553392717564,33.9
2932000,-2677195.1088890303,299.7184219690451,1991.6233938054738,1.0163011502807604,33.9
2934000,-2675514.358002711,300.3006135514664,1990.387397952924,1.0169322555660836,33.9
2936000,-2675427.8132790737,299.30786418730236,1991.1990755779673,1.0165177208426843,33.9
2938000,-2674800.6940191463,299.7908215100744,1990.0054247710325,1.0171274514407236,33.9
2940000,-2674409.341992259,300.0511740931895,1993.5749838850363,1.0153062525423915,33.9
2942000,-2674419.0903004184,301.44668195476055,1991.9003395139778,1.0161598479090832,33.9
2944000,-2676960.362312276,301.1136977826173,1996.9469091331032,1.0135918670613304,33.9
2946000,-2676922.9633372724,301.20625488166144,1993.7283803245525,1.015228135399808,33.9
2948000,-2674541.548866933,300.98414297810393,1993.4072714441281,1.0153916738671367,33.9
2950000,-2671822.3596430104,299.65508600711536,1994.1921393010182,1.014992039212448,33.9
2952000,-2676365.2823476847,301.24276352660917,1991.5123380561874,1.0163578238366247,33.9
2954000,-2675417.1032566633,300.2894507417028,1992.4110315618434,1.0158993872182585,33.9
2956000,-2678102.551048644,301.4408401247022,1988.4520812751382,1.0179220133645785,33.9
2958000,-2675707.4066818766,301.21107125299733,1993.0494482480099,1.0155739727530848,33.9
2960000,-2676085.321942406,299.7749777581677,1990.6202349957962,1.0168133079662225,33.9
2962000,-2677517.9977668915,300.9329261674548,1991.9454489834725,1.0161368360180276,33.9
2964000,-2673693.7639133614,300.87848122163155,1991.9346414555455,1.0161423492145976,33.9
2966000,-2677617.9461361803,300.9598854285093,1987.8422355197113,1.018234299424364,33.9
2968000,-2675421.451171387,300.51864576462873,1991.6140847671202,1.0163059005918067,33.9
2970000,-2676496.2951535955,298.93883434538344,1991.0732071637574,1.0165819813997938,33.9
2972000,-2674826.498616319,300.5841044943749,1993.366006748177,1.0154126935035466,33.9
2974000,-2675099.709049385,300.0660446445697,1994.499552484307,1.0148355979972077,33.9
2976000,-2677494.4324964657,300.0932933181349,1992.2319935068094,1.0159906841410018,33.9
2978000,-2675053.0862442832,300.2166684071876,1992.6295057424752,1.0157880028462078,33.9
2980000,-2676638.819701735,300.5295183070986,1989.6924837333652,1.0172874263728782,33.9
2982000,-2676697.644340614,299.8242672946113,1989.3933538783485,1.0174403880985057,33.9
2984000,-2678274.6106535066,300.59420279128886,1993.034999143502,1.0155813354609518,33.9
2986000,-2674840.2140867133,300.0394688028909,1995.0056162975484,1.0145781693622504,33.9
2988000,-2672805.039354991,299.2571152091359,1992.8525904930839,1.0156742930744127,33.9
2990000,-2675498.514804283,300.86685781821126,1992.7239152514799,1.0157398777417377,33.9
2992000,-2675570.2759804744,301.0142411789124,1993.2723023269148,1.0154604284059356,33.9
2994000,-2676593.628346106,300.19374633078246,1989.0260923484816,1.0176282522572107,33.9
2996000,-2672975.3857672606,301.437955786078,1991.1749219727194,1.0165300515362288,33.9
2998000,-2676706.821306905,300.5362755374782,1987.2512111608357,1.0185371304256097,33.9
3000000,-2679533.4122763705,300.32317866389036,1990.1589806106117,1.0170489723537326,33.9
3002000,-2676609.0018713325,300.97755198887984,1990.300027548107,1.0169768969676867,33.9
3004000,-2677153.558219811,300.5175623860469,1990.616373876489,1.016815280238503,33.9
3006000,-2676070.6434247345,299.33257056928977,1992.3536215817855,1.0159286605174005,33.9
3008000,-2676884.40635526,300.36036704458024,1992.5901741825496,1.015808053395098,33.9
3010000,-2678819.8971266057,300.92471706125747,1989.4630803892085,1.0174047289455566,33.9
3012000,-2678280.873563314,299.70382480384563,1992.663171504614,1.0157708412517266,33.9
3014000,-2677940.4554308336,300.08760807764094,1989.4018911139904,1.017436021897597,33.9
3016000,-2678747.2979763485,299.56652788800733,1988.5368876021748,1.0178786014330716,33.9
3018000,-2677150.249480648,300.0906291608403,1992.3410108812045,1.0159350909287002,33.9
3020000,-2677019.1599812657,300.5063638216896,1992.9009831419312,1.0156496299477324,33.9
3022000,-2675985.7280027866,299.5163182158077,1996.4764371620806,1.0138307211517832,33.9
3024000,-2675825.9101413097,300.62871543322035,1988.5614101362498,1.0178660491615852,33.9
3026000,-2679226.4914608113,299.52739896820714,1987.6276297509014,1.018344239008311,33.9
3028000,-2674699.316530021,300.8503225722809,1990.7055829662468,1.0167697138994232,33.9
3030000,-2672611.278368203,300.7172805747095,1994.0301558906262,1.0150744912614036,33.9
3032000,-2676213.5191687923,300.0199111105618,1992.4012087900821,1.01590439572145,33.9
3034000,-2671497.9515959993,300.3892353404982,1995.7156158873197,1.0142172210997304,33.9
3036000,-2674359.8220021855,301.3544849668337,1993.496853107007,1.0153460452650767,33.9
3038000,-2676806.4748134725,299.0778089045615,1991.435328711131,1.016397126669726,33.9
3040000,-2675742.8462532945,299.77465035252834,1994.835944753067,1.0146644647016971,33.9
3042000,-2675495.3249852825,300.2004762085246,1989.1590126520107,1.0175602519338032,33.9
3044000,-2680160.1424263194,300.7254858054873,1987.0778906583785,1.018625971113761,33.9
3046000,-2674555.3830241635,298.80561812764205,1990.6561642570418,1.01679495554975,33.9
3048000,-2676516.5715386607,299.45068088120905,1990.7917313395392,1.016725714793195,33.9
3050000,-2676566.5466459226,299.9564142436271,1990.5633798625452,1.016842350526083,33.9
3052000,-2677441.212780593,300.7234748095082,1988.7530009386523,1.0177679908441342,33.9
3054000,-2676264.616275681,301.2443958601477,1993.5163526041683,1.0153361137000299,33.9
3056000,-2676724.627111066,299.6727505637987,1990.534455351354,1.0168571262903854,33.9
3058000,-2677901.0809317995,300.4007532761416,1994.5705405178937,1.0147994793530926,33.9
3060000,-2677032.985344887,299.3307911656998,1992.8059576853432,1.0156980604381407,33.9
3062000,-2674994.6436656974,299.3654646350443,1994.7904359088984,1.0146876131017377,33.9
3064000,-2677144.088650003,300.77351812203705,1990.7022121865418,1.0167714355565827,33.9
3066000,-2676461.234003337,300.63172512754267,1992.691637976867,1.0157563305206543,33.9
3068000,-2673962.8479256406,299.29484496487055,1991.8014412679652,1.0162103029517118,33.9
3070000,-2676255.6361072604,300.77546878909317,1994.6636916373927,1.01475208805201,33.9
3072000,-2676736.711918099,298.62443671077955,1995.9066928674072,1.0141201255969934,33.9
3074000,-2673988.8095451966,298.7355842507291,1994.5989106907707,1.0147850453551042,33.9
3076000,-2675490.488299638,300.752819146762,1991.3784696826083,1.016426147448094,33.9
3078000,-2674856.4821998104,300.13781114859034,1991.8643872732819,1.0161781891293344,33.9
3080000,-2677883.485502187,300.84928993717057,1990.8977174354995,1.016671589064771,33.9
3082000,-2675813.020489849,301.5296176502731,1990.3674057855383,1.0169424701022611,33.9
3084000,-2677615.148799613,301.02958402166075,1989.6376289909274,1.0173154732086163,33.9
3086000,-2675665.299925586,301.07625575437504,1993.3808474721006,1.0154051337542531,33.9
3088000,-2671650.6319229323,300.31857000123586,1994.720510555127,1.0147231831928547,33.9
3090000,-2676434.598531332,301.8099663687851,1993.1442543331086,1.0155256658669796,33.9
3092000,-2671734.111519482,299.89337379041115,1991.9948463981302,1.016111637894283,33.9
3094000,-2679378.6141430344,299.59939605327304,1991.9539168310885,1.0161325163940584,33.9
3096000,-2674071.4245231226,299.1176294838009,1990.3748841856689,1.0169386491624164,33.9
3098000,-2676106.180101322,299.98610217068887,1990.9788003918995,1.0166301849382615,33.9
3100000,-2676301.8917261474,299.6747841558171,1994.3879607659148,1.0148923809554355,33.9
3102000,-2674772.77838856,300.75492319516263,1991.7167066360582,1.0162535361111635,33.9
3104000,-2676149.663990278,300.05532578773386,1991.399331889237,1.016415499210962,33.9
3106000,-2677864.697117986,299.8825477561155,1989.635030795595,1.017316801685585,33.9
3108000,-2675072.4443258215,298.9044254334489,1990.4730328699038,1.0168885047049356,33.9
3110000,-2673396.897024153,300.33784143457336,1990.7409381435616,1.0167516562642809,33.9
3112000,-2672474.1846093144,300.66792826588033,1994.667028489056,1.0147503904868802,33.9
3114000,-2677774.2152035534,299.1540377140334,1988.0566000865542,1.0181245071002767,33.9
3116000,-2676726.854797432,300.0306578403334,1990.579517086843,1.0168341071914435,33.9
3118000,-2676337.1561317816,300.6277294243637,1989.2714829400275,1.0175027206739469,33.9
3120000,-2673988.863067284,300.0615691538983,1994.2919748632833,1.0149412280462766,33.9
3122000,-2673123.191121662,299.46254668165284,1992.6385422350072,1.0157833963104475,33.9
3124000,-2673222.794193499,299.65098064146105,1990.9364026569106,1.0166518344581084,33.9
3126000,-2676774.753200302,299.500247771892,1989.4719061085814,1.017400215522372,33.9
3128000,-2677272.4289941136,299.91292493938374,1989.7590997703103,1.017253368151063,33.9
3130000,-2676267.32579658,300.5417894904983,1992.4975136601602,1.01585529325574,33.9
3132000,-2675535.6700830963,300.0006106974944,1991.4377180364913,1.0163959071972772,33.9
3134000,-2678432.5944838785,301.14065152643616,1991.1847892577086,1.016525014137504,33.9
3136000,-2678755.718337478,300.7484284483728,1991.2838296273735,1.0164744552911575,33.9
3138000,-2675517.2137636133,300.4214809303201,1991.0379767447744,1.0165999693083891,33.9
3140000,-2674341.7943788487,299.5683398900598,1992.829154867896,1.015686237380821,33.9
3142000,-2675992.920356838,300.7493541968903,1988.5016487377789,1.0178966395805533,33.9
3144000,-2674838.438205408,300.70502052921216,1990.5299082702975,1.0168594491551444,33.9
3146000,-2675004.941731291,300.3534272254,1991.0341898002366,1.0166019028802586,33.9
3148000,-2674516.167587988,300.806127162392,1990.7092314144145,1.016767850427078,33.9
3150000,-2675137.0716492143,301.1199859859891,1995.4519776367513,1.0143512190394774,33.9
3152000,-2677571.9296935014,299.0040313804568,1990.3383935131776,1.0169572936177067,33.9
3154000,-2675641.563726494,301.1046486067263,1992.5959668862947,1.0158051003252266,33.9
3156000,-2674937.179343449,300.4417546596441,1992.2193590006457,1.0159971274779278,33.9
3158000,-2676694.981889641,300.6073563111471,1990.381616839526,1.0169352092713617,33.9
3160000,-2676369.4151134714,299.45445553590935,1992.7892429863875,1.0157065796969484,33.9
3162000,-2675374.314884167,301.04514547104645,1990.2535391880797,1.0170006515231715,33.9
3164000,-2675548.099193506,301.2437241683348,1989.4810770923698,1.0173955255753346,33.9
3166000,-2677143.377809467,300.7557957193467,1990.3939017663852,1.0169289326370459,33.9
3168000,-2674463.4412648194,299.85484809813585,1993.3843195091126,1.0154033651418626,33.9
3170000,-2672817.717602715,300.4553319025054,1994.0095844225116,1.0150849634139418,33.9
3172000,-2675567.631949354,301.19177574831133,1990.671804138077,1.0167869670143679,33.9
3174000,-2674449.4458030146,300.5857875984549,1996.1581167202426,1.013992393235975,33.9
3176000,-2673389.1490946114,300.4611817910632,1994.8469864963126,1.0146588483990056,33.9
3178000,-2675747.1197474096,299.90703162356124,1993.49552626535,1.0153467210646514,34
3180000,-2678241.5906950478,300.22704177583546,1989.181584740942,1.0175487052451164,33.9
3182000,-2677146.699020762,299.56383589769064,1987.8477327112562,1.0182314836005515,33.9
3184000,-2674972.365056893,299.14143100430283,1989.894917996869,1.0171839365709456,34
3186000,-2673400.762372069,299.4540915135133,1992.9664818463748,1.015616250693472,34
3188000,-2676791.643599268,299.9670483683837,1991.9816071962066,1.016118391223281,34
3190000,-2677388.2874150295,300.2472171083686,1990.6278769121618,1.016809404473084,33.9
3192000,-2677682.3354499415,301.7450314704582,1994.038151345595,1.0150704211374797,34
3194000,-2675975.4093043134,300.58695279674424,1993.2960963101252,1.0154483068508748,34
3196000,-2677484.8923216946,300.3987403110758,1992.4837799802547,1.0158622952858534,34
3198000,-2674490.797052201,301.46441182094844,1992.8705045878432,1.0156651630855402,34
3200000,-2677915.0169266835,301.03801903156796,1988.907559315368,1.0176888999040845,34
3202000,-2678749.4507931806,299.92938283522324,1990.451813692113,1.016899345227588,34
3204000,-2676709.847781712,301.1813031170111,1990.1200196069103,1.017068883338189,34
3206000,-2673611.7812478505,299.9553663470784,1992.0345127640785,1.0160914045821519,34
3208000,-2677098.187949531,298.1983317530526,1993.2738157544632,1.0154596574000787,34
3210000,-2675751.6612922046,300.1975716037108,1995.2241577329924,1.014467040310087,33.9
3212000,-2675013.121997215,300.39606428276903,1989.2315033292389,1.0175231704620589,34
3214000,-2679050.3824674804,300.2954982741835,1988.165355938206,1.0180688140476206,34
3216000,-2679446.449127294,300.05641707911013,1990.547289312158,1.016850570151492,34
3218000,-2677915.5379859563,300.1647847130056,1988.6441379370756,1.0178237058291726,34
3220000,-2677625.0825498365,300.97071645301656,1988.631420870864,1.0178302146931697,33.9
3222000,-2677381.358029874,300.9133707596503,1991.3899952493837,1.016420264679042,34
3224000,-2679411.3751631584,301.16207169628393,1990.757365892017,1.016743266020077,34
3226000,-2678258.203666251,300.6106518112827,1991.956945773645,1.0161309712768165,34
3228000,-2675665.9121257197,300.1155113905018,1993.9595384694585,1.0151104408087657,34
3230000,-2676406.3057476636,299.9443675228227,1992.2477610258281,1.0159826431469303,34
3232000,-2677656.9503253754,300.1603007517685,1990.8185389156067,1.016712023966328,34
3234000,-2676463.625341868,301.5049610885835,1990.788294244859,1.0167274701694726,34
3236000,-2677103.960044222,300.783096399526,1993.7097776420032,1.0152376081761014,34
3238000,-2675680.2604678087,300.044402488186,1990.8784327296098,1.0166814370857549,34
3240000,-2674265.4675735235,301.00374138601717,1990.9147391807846,1.0166628968166866,34
3242000,-2675162.4540369976,299.9071757087082,1990.8870335509043,1.0166770449252722,34
3244000,-2673046.4436339103,301.1796530972088,1996.6266054265516,1.0137544699391383,34
3246000,-2675276.1428649705,300.9227528115735,1992.643524536296,1.0157808564989548,34
3248000,-2678745.2035704013,300.53661269705,1991.3801915552676,1.0164252685820692,34
3250000,-2676826.5663249586,299.75975696737873,1991.0985630784066,1.016569035598701,34
3252000,-2675029.5644324366,300.55527241040545,1992.5815458355567,1.0158124520830116,34
3254000,-2676295.569965251,300.8804132128976,1991.3850777428238,1.0164227746171626,34
3256000,-2674411.717533279,300.35753421668517,1993.3397201117373,1.0154260839878884,34
3258000,-2676216.9176884796,299.95847715094646,1991.2284197008785,1.016502740732594,34
3260000,-2674953.3506722655,300.2448602303864,1992.454359159761,1.0158772956305782,34
3262000,-2675821.9602769054,300.3609571744658,1990.6015375105526,1.0168228587735855,34
3264000,-2674786.742783403,301.2891323377231,1994.0762106838756,1.0150510472999457,34
3266000,-2674276.2048305348,299.3094963227376,1992.554147283425,1.0158264199796747,34
3268000,-2677286.6454037502,300.63412914292354,1992.8065690736084,1.0156977488244174,34
3270000,-2673848.7841999866,299.3351433900816,1994.362584828502,1.014905294277083,34
3272000,-2674634.6716026403,300.03797468811285,1992.4304128925282,1.0158895050754049,34
3274000,-2677858.4780932963,300.14512036205724,1991.5027401746286,1.0163627220884912,34
3276000,-2678248.3124252576,299.79733638509896,1991.9677679663298,1.0161254507230502,34
3278000,-2676182.4925148226,299.7714117580339,1988.9184029110982,1.0176833514577566,34
3280000,-2678462.5115235243,300.7195345722185,1990.6984884877877,1.016773337477215,34
3282000,-2674258.571662875,300.4704578020137,1989.7124036160906,1.0172772418626974,34
3284000,-2678231.1105682645,300.0668517205115,1992.97296213663,1.0156129483465675,34
3286000,-2675058.642765196,299.4356947960992,1994.164375453867,1.0150061704867719,34
3288000,-2677181.620791763,300.460340840431,1992.5991822069368,1.0158034611902031,34
3290000,-2674969.422540473,298.95215793149566,1993.2117178676986,1.0154912937276468,34
3292000,-2677906.908611309,299.698286861241,1988.3680247856582,1.017965045112193,34
3294000,-2676716.39206475,300.00106936868013,1989.1488065794238,1.0175654729075976,34
3296000,-2676013.47503468,300.0191421145474,1987.8485283299808,1.0182310760624402,34
3298000,-2676704.2723420374,300.8048081254276,1994.627310976135,1.0147705964479259,34
3300000,-2675578.116669597,299.6910033981825,1992.6630312187892,1.01577091276319,34
3302000,-2673814.962225683,300.33543369339725,1992.564945639177,1.0158209148868096,34
3304000,-2678053.273055449,300.6842826258401,1986.6441734889634,1.0188483539535167,34
3306000,-2678534.9029358663,300.2069191301004,1991.034149088158,1.0166019236674346,34
3308000,-2677814.3114399314,299.96744242236997,1989.2454729015242,1.0175160248565138,34
3310000,-2675042.6685598195,299.8394200689392,1992.1828508765968,1.0160157463256643,34
3312000,-2677193.3388326745,302.2416857191142,1991.547809079769,1.0163397217091377,34
3314000,-2673556.8120422233,300.03764934237927,1995.160421491723,1.0144994478876153,34
3316000,-2677632.8949324414,300.8962983613445,1988.324971755671,1.017987087021959,34
3318000,-2675180.9697723873,299.9214622049269,1992.5315899429,1.0158379200946968,34
3320000,-2676391.789249692,300.37182974994545,1992.165624505593,1.016024531872396,34
3322000,-2676607.9183128458,302.0026270519623,1992.094663257861,1.0160607241125732,34
3324000,-2677598.0952181537,300.1711465341526,1991.1965883036032,1.0165189906110648,34
3326000,-2678599.4264889807,301.75588523095473,1986.6955859121267,1.0188219878292426,34
3328000,-2676494.133378567,300.088326720802,1989.3926442443599,1.0174407510285102,34
3330000,-2675969.822796501,300.8434129201525,1990.108357198592,1.0170748435526478,34
3332000,-2677668.210922174,299.5622120509646,1990.1848882885226,1.0170357326907493,34
3334000,-2676921.9612769857,300.2804071615833,1990.7109074445048,1.016766994384392,34
3336000,-2675971.195933331,300.5437872737364,1993.9722860873562,1.0151039511297897,34
3338000,-2675268.4268756732,301.015705655759,1991.7095487209506,1.0162571883789069,34
3340000,-2677919.8260541335,300.085405448926,1992.7754036532504,1.0157136335283539,34
3342000,-2675856.629286345,301.2207388579706,1990.646019733581,1.0168001372345796,34
3344000,-2676642.160509892,298.99691168364126,1989.497904148828,1.0173869205037167,34
3346000,-2676527.6628331374,298.9862124770774,1992.2314174922255,1.0159909778947522,34
3348000,-2675540.2054362185,301.1468952134247,1989.8989998810612,1.017181850019301,34
3350000,-2673661.8631054666,299.9068245642767,1992.0565935225925,1.016080141815318,34
3352000,-2676948.399591582,300.7958135017575,1989.8492160245617,1.0172072987994636,34
3354000,-2674381.758718133,299.9389382240209,1993.9065510878947,1.0151374170199763,34
3356000,-2678528.9579319786,301.5611140473238,1992.4916537277325,1.015858280893537,34
3358000,-2676692.8758213017,299.4616913375133,1993.6939922034192,1.0152456465064448,34
3360000,-2678441.2033764813,299.6662308225385,1991.0621878430766,1.016587607564019,34
3362000,-2679233.198089676,299.36748264029285,1991.5263798268263,1.0163506577435244,34
3364000,-2676642.056040505,299.88917808574644,1990.4262581188436,1.0169124014488966,34
3366000,-2675558.758080628,301.4924945169378,1991.389749242345,1.0164203902428797,34
3368000,-2674403.2953943256,299.7120401400678,1992.6930002091958,1.0157556361356632,34
3370000,-2678211.385916043,299.9830365705456,1990.3867161151666,1.016932603931958,34
3372000,-2677893.4029556774,300.0080878912973,1988.5387439125209,1.017877651238571,34
3374000,-2676031.8724091407,299.44574223348076,1991.6082239510688,1.0163088913315834,34
3376000,-2676877.110824529,300.266004847605,1991.5682857268457,1.016329272039929,34
3378000,-2678749.5536972117,300.01377805621956,1991.2457997022439,1.0164938684883817,34
3380000,-2676707.2572016586,298.61834729863494,1993.17491445626,1.0155100444873641,34
3382000,-2680521.5832775123,299.1973185755088,1989.7201501504314,1.0172732813192573,34
3384000,-2677876.856016502,299.8282079850297,1991.4653594075114,1.0163817997079143,34
3386000,-2676413.8895542417,301.0964334915406,1992.3494424139067,1.0159307915373585,34
3388000,-2676637.587933762,300.5951571379119,1992.2905441922258,1.0159608255688641,34
3390000,-2675037.194218939,299.84637961885795,1993.3265709911404,1.0154327823183225,34
3392000,-2674064.6455059517,301.1095118601466,1991.1889213738466,1.0165229046443411,34
3394000,-2674624.8334333543,301.205917319187,1990.6601494771571,1.0167929199678798,34
3396000,-2676162.1713462938,299.8455964178238,1995.1759785643546,1.0144915374868462,34
3398000,-2675774.658772638,300.77544747927175,1993.5898512392005,1.0152986808156235,34
3400000,-2676399.224563256,299.80461014921144,1991.092305043176,1.0165722306915768,34
3402000,-2678092.1780336704,301.7528712974077,1990.2422545239233,1.0170064179120484,34
3404000,-2675717.5106238388,299.30789750502345,1990.6283879293333,1.0168091434464308,34
3406000,-2680949.0529619865,300.2022200627468,1988.0123922680464,1.0181471473331059,34
3408000,-2677940.523647623,300.4570946903234,1990.63116514617,1.0168077248514031,34
3410000,-2678003.73384542,299.5052884579523,1989.1752570327105,1.0175519421400536,34
3412000,-2677953.54419465,300.74289825261167,1994.7446913631384,1.0147108824575357,34
3414000,-2675017.084233474,300.17932087342945,1996.3847210837225,1.013877297634202,34
3416000,-2675400.253853705,300.95131777834143,1995.3415476934535,1.0144073571716845,34
3418000,-2675097.589542575,300.04799850356034,1996.009216447476,1.0140680360449816,34
3420000,-2677419.550779069,300.0919200772913,1990.753224063814,1.016745381388212,34
3422000,-2676666.741858205,301.280812364661,1989.9933812199706,1.0171336071528547,34
3424000,-2676583.459690891,299.43377018210816,1994.0060161919773,1.015086779886476,34
3426000,-2676149.326467555,299.9011732491911,1993.2896544914888,1.0154515885283832,34
3428000,-2677972.571649274,299.9035225118076,1990.2346592474942,1.0170102990849736,34
3430000,-2675863.7424246483,300.2170354911379,1992.4589575171449,1.0158749511070708,34
3432000,-2676412.088865999,300.64170090209683,1991.4179360592545,1.0164060036819655,34
3434000,-2674914.7569028884,300.6069122812865,1995.7107349609485,1.0142197015792378,34
3436000,-2679667.445741538,300.26401317265066,1987.691545618826,1.0183114933058777,34
3438000,-2675380.0289404523,300.6674632346444,1990.1162260926842,1.017070822051731,34
3440000,-2680353.5972275306,299.67126507045066,1989.8571887641322,1.017203223165831,34
3442000,-2678979.572878195,299.67938278827756,1993.6077543906172,1.015289563151441,34
3444000,-2674852.0284051765,299.4154257351784,1992.9747721233805,1.0156120259836727,34
3446000,-2677437.728309868,301.2868181215335,1988.471455562964,1.0179120954379137,34
3448000,-2676330.9658132438,300.2099596566117,1990.4495254240653,1.016900514279227,34
3450000,-2676307.8508204706,298.9635928866999,1992.001247162168,1.0161083728908904,34
3452000,-2675789.693876084,300.5478439092515,1992.4520573158065,1.01587846925531,34
3454000,-2677066.402997436,300.2737331826952,1989.1388226364008,1.0175705803016055,34
3456000,-2675550.4096164983,301.12841970208007,1992.2724489845536,1.0159700532335514,34
3458000,-2677052.5591373127,301.1284495767525,1989.6881454412278,1.0172896444541655,34
3460000,-2676329.6661491264,300.0737616922146,1991.0773905013502,1.0165798455181656,34
3462000,-2675415.509026494,300.46281160531487,1991.3300399189047,1.0164508672470005,34
3464000,-2676112.1445343345,300.1495470962269,1992.7052991511769,1.0157493669097815,34
3466000,-2674141.216587575,300.47648152343316,1991.045882715789,1.0165959326310023,34
3468000,-2677852.189755475,300.8366683893545,1990.701091316917,1.016772008052485,34
3470000,-2675060.5702936947,300.11240336493825,1990.0314040225012,1.0171141731528617,34
3472000,-2676386.9800987933,299.6369135134952,1992.0065547156587,1.0161056655456115,34
3474000,-2673870.384318346,300.47602397117896,1996.4153599764168,1.0138617377069696,34
3476000,-2674518.237065116,300.96889686246107,1996.7516927861404,1.013690962858927,34
3478000,-2677614.7616494875,301.01851306734966,1988.4687621545113,1.0179134742139317,34
3480000,-2674679.054437723,300.0926334525034,1988.4895771094605,1.0179028189792492,34
3482000,-2678649.752973143,300.1670463694126,1989.6015549237784,1.0173339184629446,34
3484000,-2676210.673568098,301.0668574638435,1992.3716780276302,1.0159194533694353,34
3486000,-2676654.8165250774,300.4592737767066,1989.7928742286915,1.0172361014385367,34
3488000,-2676158.415774785,299.5844014830289,1992.6972842721618,1.0157534523814433,34
3490000,-2676614.356347671,300.63495120892816,1990.9650348649134,1.0166372139166717,34
3492000,-2675320.0558667015,300.0705441307654,1993.9518956263362,1.0151143317400704,34
3494000,-2676213.9188113473,299.4216764594212,1992.1243921586881,1.016045561219824,34
3496000,-2678021.1225706358,300.7538154935672,1989.6154585654333,1.0173268092267427,34
3498000,-2676355.726793168,300.5664772247927,1990.2169785420037,1.0170193340091918,34
3500000,-2675278.540844504,299.9688842354874,1995.5392360853266,1.0143068647556412,34
3502000,-2678632.40544682,300.62588929584643,1989.0897167027836,1.0175957017191803,34
3504000,-2677973.663399566,300.8427018576828,1989.743633219485,1.0172612754013528,34
3506000,-2677709.8664437216,300.80953952607484,1988.9565948113623,1.017663809924693,34
3508000,-2677139.6635631435,299.54679466654295,1991.7425646898507,1.0162403424690385,34
3510000,-2675476.6284781992,299.93378554018426,1993.7819531072023,1.0152008562902983,34
3512000,-2677589.848895319,298.9123248518417,1989.280192477178,1.0174982658074179,34
3514000,-2673685.026850026,300.2153404214753,1995.2327787482468,1.0144626569940534,34
3516000,-2677113.977963727,299.5254700906318,1992.3502575808989,1.0159303758708638,34
3518000,-2675989.332533691,299.63882394782127,1995.878642925996,1.0141343779716094,34
3520000,-2675253.689443294,299.61103425109246,1995.773715213277,1.0141876960406164,34
3522000,-2673973.636790216,301.87218845450315,1993.3210215520721,1.0154356093001746,34
3524000,-2675771.329491837,300.7167803046677,1988.5261559522262,1.0178840947059704,34
3526000,-2675965.034722941,299.65016326651613,1993.3139368039647,1.0154392184183263,34
3528000,-2676839.011692725,300.59311756672906,1990.7984706166842,1.0167222729599437,34
3530000,-2676535.688796127,299.57418363074703,1993.2880096274828,1.0154524264804305,34
3532000,-2676492.0811877195,299.8780209069937,1989.7157109382595,1.0172755509359208,34
3534000,-2679218.5037243385,300.66778426422803,1986.4479347298955,1.0189490047348246,34
3536000,-2675117.281493867,299.6642856121733,1992.4267563479605,1.0158913694577414,34
3538000,-2677913.8237097207,299.87901923787854,1990.9414301158688,1.016649267242772,34
3540000,-2675803.5818745308,300.100092654704,1990.2676110608263,1.0169934609807179,34
3542000,-2677927.440081088,298.48724528679895,1990.9189295442766,1.0166607570072634,34
3544000,-2674249.2588642854,300.93721270127315,1994.1764885602622,1.0150000050957921,34
3546000,-2677005.8987903483,300.570009290301,1991.7150245970504,1.0162543943554747,34
3548000,-2678205.3992678765,300.3883119628259,1989.7386484163144,1.0172638239004912,34
3550000,-2675190.4619652107,300.7384718748568,1992.7033533320414,1.0157503587606518,34
3552000,-2677110.1291488577,299.1206425732581,1994.0685001323966,1.0150549722420192,34
3554000,-2677561.820978796,299.25473111887567,1990.950182017314,1.0166447982137268,34
3556000,-2676926.449199928,300.0648994294915,1990.749654877808,1.016747204296169,34
3558000,-2676596.6011731755,300.0289145139463,1993.8649476475525,1.0151585985995102,34
3560000,-2678332.6622292604,299.0349938024866,1990.0269214891928,1.0171164642013448,34
3562000,-2677781.4826787654,302.08217437634363,1991.8774252480457,1.0161715376630256,34
3564000,-2675652.694819903,299.8441407905207,1992.345776712858,1.0159326607402908,34
3566000,-2675487.576054089,301.1973922764756,1993.9631422253524,1.0151086061659096,34
3568000,-2675999.5424437523,299.5832453855326,1992.4787522428942,1.0158648586701853,34
3570000,-2674001.575010661,299.7800573472649,1994.8332179707882,1.0146658516693174,34
3572000,-2674772.4000522383,300.4039963718604,1995.0082424813115,1.0145768337944776,34
3574000,-2675023.7792049088,300.6616295943268,1997.7458579407805,1.013186506183999,34
3576000,-2676832.405102078,300.18860251037785,1992.3124878086528,1.015949635630138,34
3578000,-2677152.91629304,300.4877070208695,1992.629212021061,1.0157881525773702,34
3580000,-2677775.048029082,299.59347234677244,1992.691405009841,1.0157564492734785,34
3582000,-2677326.5996046904,300.6370305340139,1992.4378257031797,1.0158857254861766,34
3584000,-2679005.432129236,299.6766097942478,1996.4870606085797,1.013825326488007,34
3586000,-2677539.947759807,299.0936948344594,1992.5492631245656,1.015828909984665,34
3588000,-2674881.4762359057,300.25112434823717,1993.0614974158002,1.0155678330422846,34
3590000,-2675036.4545578584,300.0370914907715,1995.887475803239,1.0141298898806836,34
3592000,-2675124.5829390325,300.417172645434,1991.3950127335886,1.0164177037242386,34
3594000,-2674524.9540315066,301.5795617632354,1991.2455104996181,1.0164940161209532,34
3596000,-2678523.591358185,300.8883841701065,1990.1650222036285,1.0170458848730963,34
3598000,-2676192.3944553714,300.42782132877625,1990.9401732936078,1.0166499090236996,34
3600000,-2673730.4315064475,300.3396975697582,1993.6138384995834,1.0152864646916413,34
3602000,-2675261.5514533073,300.4682225989392,1993.7567070351342,1.0152137113361976,34
3604000,-2674139.9613160826,299.25471356418586,1990.4502105544884,1.0169001642531494,34
3606000,-2675026.336531939,299.972880743344,1995.0275295557035,1.0145670252988155,34
3608000,-2672775.143897971,299.78075690514964,1996.2295159201774,1.0139561257401584,34
3610000,-2676843.380165495,300.807216130732,1988.5683441453755,1.0178624999285428,34
3612000,-2679959.41806861,299.81397340492913,1990.7627331672875,1.0167405247888408,34
3614000,-2678950.8003990278,300.4825717954432,1990.2593154768404,1.0169976999030546,34
3616000,-2678104.5258236937,300.06031019760087,1990.943965824854,1.0166479724164355,34
3618000,-2674319.1820718814,300.57287946901215,1991.646788616628,1.0162892123339204,34
3620000,-2672903.604251677,299.4126626490908,1991.7099013171483,1.016257008468961,34
3622000,-2673356.009664489,300.9737110629413,1994.678255573837,1.0147446789448642,34
3624000,-2677735.3987050243,300.7931474270283,1994.0069791634437,1.0150862896677282,34
3626000,-2676081.988215074,298.7200195817952,1991.472601627716,1.0163781035180701,34
3628000,-2678603.1398053654,300.36296787793,1989.4261462706836,1.017423617280224,34
3630000,-2675198.097481599,300.68176334623854,1991.0973863222243,1.0165696364000003,34
3632000,-2678170.4124707,299.9313596415347,1991.8428442027569,1.0161891797546532,34
3634000,-2676866.465913456,299.2167612382779,1990.9781049939481,1.0166305400212965,34
3636000,-2675973.703706771,300.1516565820905,1987.3829719571193,1.01846960279493,34
3638000,-2675009.641319966,300.78018262109276,1995.7906587970579,1.0141790859320756,34
3640000,-2676885.5718069747,299.7425706944889,1991.3740749705582,1.0164283905727256,34
3642000,-2675773.610150885,300.267505006459,1989.5745381757997,1.0173477330014593,34
3644000,-2677355.236172747,300.00418479031293,1991.3859419836406,1.0164223335002347,34
3646000,-2675416.634168377,300.5327193525632,1989.8301535620174,1.0172170435889867,34
3648000,-2677215.533403922,300.8091905088092,1991.4478389099115,1.0163907417020426,34
3650000,-2678537.254773695,300.68038566668594,1991.5213093422117,1.0163532454087172,34
3652000,-2676816.2499688026,300.5966296308861,1990.3360190225285,1.0169585068578635,34
3654000,-2676247.9932101443,300.208713365595,1991.838869710268,1.0161912074469146,34
3656000,-2677813.784011811,299.52592210366123,1991.3143175693292,1.0164588925977551,34
3658000,-2678557.6367609967,300.3746692652755,1992.4309611592273,1.0158892255282603,34
3660000,-2679079.5056279656,300.6136058212879,1987.5483360723076,1.0183848660760006,34
3662000,-2676823.297721898,299.90604498083917,1993.4969818965637,1.0153459796688062,34
3664000,-2676066.124871101,300.5888447938723,1997.305644519699,1.0134098161712835,34
3666000,-2674582.676694773,300.6319342949952,1995.2194080745578,1.0144694552685194,34
3668000,-2678114.2851808164,300.04454720924105,1992.5156408979308,1.0158460513456322,34
3670000,-2674889.0217501223,300.2438999989825,1992.8063634715174,1.0156978536161245,34
3672000,-2676577.392716177,298.68255943081203,1990.772549741916,1.0167355112029135,34
3674000,-2677586.499470506,299.94839429331165,1993.481672164208,1.0153537774205559,34
3676000,-2680437.473891925,300.2757689206652,1986.425196682971,1.0189606683556454,34
3678000,-2673975.8211176414,300.8223506891187,1995.8839817880182,1.0141316652269983,34
3680000,-2673540.126704624,300.85059200415634,1996.3375042630842,1.01390127757868,34
3682000,-2675780.2366841976,300.83326007122895,1993.6471961356606,1.0152694769535555,34
3684000,-2675877.628228739,300.8711399372542,1992.6624591583457,1.0157712043742235,34
3686000,-2678302.7926824,299.67755535919326,1988.2656943742265,1.018017436893726,34
3688000,-2673957.4936716277,301.14572855367106,1992.6221690830278,1.0157917428882304,34
3690000,-2679547.4933107123,300.73173668480734,1988.3670252876439,1.0179655568155297,34
3692000,-2677900.922531426,301.1993996674771,1987.9004303790775,1.0182044910894237,34
3694000,-2675981.1603231244,300.04418430497265,1988.8881240260894,1.0176988446958135,34
3696000,-2675609.95646837,300.94928563384366,1990.4973685409755,1.0168760723025834,34
3698000,-2676859.5407357626,300.8770397235464,1990.241747756284,1.0170066768685007,34
3700000,-2678465.4235954694,300.72597986799116,1990.441674662606,1.016904525169607,34
3702000,-2676927.591894014,300.0577077670863,1992.640571410286,1.015782361902845,34
3704000,-2676761.23422201,300.4596507298302,1992.9433373806514,1.0156280452563486,34
3706000,-2674472.5231032446,300.5990182553727,1993.3133248496924,1.0154395301617738,34
3708000,-2679238.825677663,302.5575349469848,1989.4168821207168,1.0174283551333383,34
3710000,-2678508.185129244,301.0758568408467,1993.0343632372746,1.0155816594967577,34
3712000,-2678510.8604790904,300.11515515240563,1987.9490373590884,1.0181795951567738,34
3714000,-2677148.256632928,300.51367630238906,1988.770095382979,1.0177592426342243,34
3716000,-2679228.1402205136,300.15161557079523,1992.9290575281198,1.0156353224941705,34
3718000,-2680541.4023308624,300.91470600349777,1989.0925679401587,1.0175942430606222,34
3720000,-2675711.46481896,299.0975210149992,1987.4311204537669,1.018444928842836,34
3722000,-2675323.573189603,299.86449368281023,1991.8516975014024,1.0161846630397289,34
3724000,-2676159.953141516,300.43629107490625,1993.1449822068807,1.0155252950086109,34
3726000,-2676438.8884048387,300.34493565531596,1990.0472056447534,1.0171060969354204,34
3728000,-2675840.9455046337,300.0958934120438,1988.832863617726,1.0177271218098827,34
3730000,-2677243.3484321907,300.71279868088055,1994.1484562926507,1.0150142732169436,34
3732000,-2676046.217380652,300.62733067640386,1994.849687546325,1.0146574745389538,34
3734000,-2676711.8329933025,299.6649259040967,1991.5391674980565,1.0163441317568513,34
3736000,-2674469.7352323066,300.102020153011,1994.8194602552637,1.014672849537755,34
3738000,-2674555.009800436,298.83619199372856,1992.410986717917,1.0158994100834795,34
3740000,-2673997.5938595515,299.67325232416397,1992.7893867466053,1.0157065064236765,34
3742000,-2674306.334195638,300.2164055602286,1991.6807846385864,1.0162718652817997,34
3744000,-2677665.8038575947,300.69771751041947,1990.0124923133128,1.0171238391059794,34
3746000,-2675426.7699534167,300.2644260673339,1990.5293562704724,1.0168597311435692,34
3748000,-2675691.7656133343,301.6731077657795,1994.0022439763027,1.0150887002084186,34
3750000,-2674077.4888189193,300.1705891373235,1993.4582294491136,1.0153657178008322,34
3752000,-2676533.378456408,300.97258570648154,1993.7759854484557,1.0152038949327102,34
3754000,-2677376.6384259798,300.7074154507078,1992.3508071168021,1.0159300956540391,34
3756000,-2676581.6240235623,300.6942114352229,1990.7230133028409,1.0167608112855318,34
3758000,-2673790.2468095683,300.3713353502419,1993.423582230023,1.015383365629821,34
3760000,-2677510.7336911876,300.9316914100551,1992.0143511277527,1.0161016886774252,34
3762000,-2675163.8708403185,301.62437785146665,1990.6639731483438,1.0167909669100845,34
3764000,-2677865.7535296883,299.89068472414806,1987.913052675258,1.0181980259783658,34
3766000,-2680524.898336297,299.3226328726351,1990.265817613264,1.0169943774032515,34
3768000,-2676870.7377562746,299.66247175277925,1991.2165456358168,1.0165088023634625,34
3770000,-2676582.5204208884,300.1475409936297,1996.3502005209764,1.0138948294354164,34
3772000,-2677666.519105984,299.77017702043764,1986.7503028497226,1.0187939285310763,34
3774000,-2678524.7564800736,299.59576209794386,1990.3731103203108,1.0169395554810516,34
3776000,-2679365.413060406,300.31522164276276,1987.9101797812534,1.0181994974608473,34
3778000,-2673860.212931225,300.88417033391636,1991.1333815389444,1.016551259105585,34
3780000,-2678016.6238703113,299.78582503907865,1991.9035614199736,1.0161582042695165,34
3782000,-2676027.433484301,299.9083042654036,1993.7413023837514,1.015221555389628,34
3784000,-2674458.855848925,299.7998257730875,1993.6349536162174,1.0152757115233746,34
3786000,-2679483.7036816776,300.2915207008206,1990.93233671061,1.0166539106973098,34
3788000,-2676736.673654331,299.66315079790786,1988.1294092097041,1.018087221422455,34
3790000,-2677494.3688401766,300.7059603733211,1991.1429618251036,1.0165463680193372,34
3792000,-2678413.077456994,300.18857632581677,1991.0242184737153,1.0166069941641427,34
3794000,-2674331.065652456,300.6188954006256,1990.1606081825478,1.0170481406015823,34
3796000,-2675052.6620652955,300.5529163632373,1991.474683274037,1.0163770411195583,34
3798000,-2676017.867904257,301.4347619793135,1992.3956776012062,1.0159072160242422,34
3800000,-2677186.938584747,300.50872705239914,1991.637453733568,1.0162939757214207,34
3802000,-2676999.054427242,301.0414257122675,1989.4284391201988,1.017422444682506,34
3804000,-2676140.153681267,301.0165269583785,1989.0186726191716,1.0176320483634385,34
3806000,-2674245.2896423712,298.4191614279501,1988.4039280087375,1.0179466644272694,34
3808000,-2675361.9946751855,299.4352302936183,1991.7814378604949,1.0162205087244833,34
3810000,-2677043.254292624,300.33561364853114,1993.338878339334,1.0154265127948836,34
3812000,-2676165.704403002,299.30274963493105,1995.4017473682857,1.0143767533130232,34
3814000,-2676758.774582926,300.1440433415108,1992.6973708268185,1.015753408261251,34
3816000,-2675381.414158117,300.91990899103473,1994.063147170282,1.0150576971059828,34
3818000,-2670951.1794230305,301.150962650072,1993.0949019675998,1.0155508119820973,34
3820000,-2675987.8529421985,301.45677452488826,1992.5291499882192,1.0158391640406077,34
3822000,-2675540.9110374227,300.82808259915356,1991.49509470416,1.0163666239666318,34
3824000,-2676233.412423389,301.54351015662127,1988.4066409092284,1.017945275582579,34
3826000,-2679287.7242906895,299.06292846444705,1987.5910730967807,1.0183629688459648,34
3828000,-2676285.932946777,301.1077466992482,1990.6592712500344,1.0167933685504844,34
3830000,-2676847.6081583016,300.0111951621823,1994.212676335192,1.0149815865027432,34
3832000,-2677276.0089547187,299.55645505523387,1993.6258819996226,1.0152803313430088,34
3834000,-2674293.4251523856,300.7798312679581,1994.556126876001,1.0148068127923933,34
3836000,-2675612.0957708284,299.4438502011361,1991.4800277175245,1.0163743135151722,34
3838000,-2676765.5234171096,300.76820305799276,1990.9526683112904,1.0166435286316426,34
3840000,-2679922.411069179,299.08123218765587,1989.7642074782898,1.0172507568702256,34
3842000,-2676971.616199661,299.83592701893537,1991.5007413445514,1.016363742191741,34
3844000,-2676069.3626638595,300.7633807309379,1991.6549922056408,1.016285026257994,34
3846000,-2677392.453343617,300.3837823560782,1992.8442501906377,1.0156785437983666,34
3848000,-2675757.914939005,300.4955404878108,1991.7554642492937,1.0162337608113294,34
3850000,-2675378.1770638116,301.73211166686696,1995.3796182757549,1.0143880029202808,34
3852000,-2676717.6665474623,301.13744132760434,1990.054817273443,1.017102206673765,34
3854000,-2674987.834475152,300.6714653015378,1993.025871377552,1.015585986674399,34
3856000,-2676338.59012907,299.2433255940582,1989.5062381077516,1.0173826587122017,34
3858000,-2676998.429793436,300.6314893777803,1992.2669846779584,1.015972839793739,34
3860000,-2675989.8993341904,300.2407780262842,1994.7584884130392,1.0147038640556785,34
3862000,-2677630.0665407367,300.1398807890933,1993.4296399387015,1.0153802800448057,34
3864000,-2679919.659599807,300.61656883798264,1986.1113858818608,1.0191216668101681,34
3866000,-2676151.6117504686,300.59605937045893,1991.5609952237005,1.0163329925143572,34
3868000,-2676306.756867865,300.66454484235175,1994.462361955235,1.014854521529449,34
3870000,-2676911.751467323,300.49639536524944,1993.914825708057,1.0151332042640302,34
3872000,-2677849.732703183,300.3838012831125,1997.3682013316156,1.0133780765615197,34
3874000,-2679909.206288442,300.8079140513209,1992.0352218359792,1.0160910429008643,34
3876000,-2680162.9593070224,299.7527272561237,1988.407827368322,1.0179446681868467,34
3878000,-2677298.3081112877,300.1293223782384,1990.6973417486536,1.0167739231884387,34
3880000,-2675477.532999782,299.54161228250115,1994.3639632941954,1.0149045927942262,34
3882000,-2675687.242933128,300.4527763123874,1990.2668786186025,1.0169938352465815,34
3884000,-2674884.6738889646,300.5505358102448,1994.6973553825965,1.0147349624687,34
3886000,-2676185.8745767977,300.0556581363101,1995.3924387351535,1.0143814854453452,34
3888000,-2675733.6148002,302.3538934077918,1992.8792480412587,1.0156607070097154,34
3890000,-2673044.417702742,300.7842010762649,1994.750896427969,1.014707725999844,34
3892000,-2678824.0582632683,300.85344205968204,1991.6370737803334,1.0162941696042262,34
3894000,-2675789.8059876245,301.8918138314873,1992.6854182511888,1.015759500978808,34
3896000,-2676487.879301917,299.7318791384259,1992.1936113358431,1.0160102585076278,34
3898000,-2675362.4581126645,299.80381089879825,1992.6049349358425,1.0158005285256138,34
3900000,-2672784.770203706,300.2654228512338,1994.5798306680883,1.0147947527237366,34
3902000,-2675992.7668798883,300.41901188205514,1990.7952988341258,1.0167238928261217,34
3904000,-2677773.878267776,300.1735103880241,1988.955984578563,1.0176641221547476,34
3906000,-2675388.883585429,300.95478316464755,1988.4419079502477,1.0179272212870796,34
3908000,-2674445.761276664,300.13229113973205,1991.641857348527,1.0162917286470594,34
3910000,-2678276.9932000805,300.68480470864495,1988.6806506086448,1.0178050183326786,34
3912000,-2675398.482914282,300.20217602341063,1990.717134419553,1.0167638139311803,34
3914000,-2674216.7162998505,299.5171707678509,1989.6059480502759,1.0173316721505035,34
3916000,-2676012.008808702,299.8421037357419,1993.8850391599137,1.0151483692878236,34
3918000,-2671499.5975653436,300.5967173662661,1992.5752945647837,1.0158156389732185,34
3920000,-2676960.236183392,301.1533840806353,1991.5586986305186,1.0163341645126631,34
3922000,-2674919.620705895,300.4485393946396,1995.9266490362397,1.0141099859696416,34
3924000,-2675417.0294212475,300.0684860963517,1991.3245475677024,1.0164536707604457,34
3926000,-2677657.703606149,300.18745319888467,1992.1882329564814,1.0160130014656052,34
3928000,-2679211.486120755,299.89361467998185,1989.387708928086,1.0174432751176423,34
3930000,-2676813.0497847665,300.50853961939833,1991.484657942908,1.0163719504328723,34
3932000,-2677346.1490024943,300.5512483242227,1989.424746554851,1.0174243331172759,34
3934000,-2678371.318959318,299.9087275961688,1987.4212361171533,1.0184499940259568,34
3936000,-2675539.090787178,300.06401746754284,1993.767413154088,1.0152082598483836,34
3938000,-2678342.142685337,300.0341689662869,1989.4578111805695,1.017407423608272,34
3940000,-2674636.527759142,300.9677960181341,1990.7245870141917,1.0167600075138596,34
3942000,-2677269.126770826,300.79797032298677,1988.9906772912389,1.0176463716798994,34
3944000,-2673601.6237260345,300.3135135251119,1994.1433938821547,1.0150168499719183,34
3946000,-2675801.8914614506,300.0258353711247,1991.9294847364717,1.0161449798100446,34
3948000,-2677452.9414061178,300.66991571220825,1991.8479648487653,1.0161865673338466,34
3950000,-2671857.7664056625,301.02218300206425,1994.012873081379,1.0150832892681974,34
3952000,-2675782.2406656966,301.33221564736107,1993.1977298948548,1.0154984202983963,34
3954000,-2676547.2765403744,298.7977309010422,1990.8855088950788,1.0166778235147855,34
3956000,-2678253.0991147906,300.31867745946414,1991.1388227824268,1.0165484811461327,34
3958000,-2677290.539994279,301.46381453601646,1994.697520954985,1.0147348782393424,34
3960000,-2671368.764033783,300.65755420935517,1997.1404996544363,1.0134936156974441,34
3962000,-2674989.0131561924,300.9824098938477,1991.515264954534,1.0163563301116774,34
3964000,-2674930.665022671,300.9590027541187,1990.2121077028364,1.017021823059272,34
3966000,-2674809.1689540315,301.45870535283944,1992.6753268249697,1.0157646450491553,34
3968000,-2675011.3371369634,299.86550421938165,1989.9883897674295,1.01713615841102,34
3970000,-2676195.0088106506,299.9510346608243,1993.8074107589157,1.0151878938398233,34
3972000,-2673936.9877456,300.29947397110186,1991.0819586338496,1.0165775131825172,34
3974000,-2674753.7427847553,300.83066285750346,1993.9639287202722,1.0151082057686156,34
3976000,-2673833.079009678,301.32328896386014,1994.1394799009504,1.0150188421880662,34
3978000,-2675529.0629603714,300.58769444715523,1989.8243425609617,1.017220014227745,34
3980000,-2677293.4086269233,299.8425281728248,1993.9935175613978,1.0150931425925513,34
3982000,-2676957.523335837,300.17371762541325,1992.401765255105,1.0159041119858738,34
3984000,-2676202.8345284443,300.83383099076156,1993.4221162593772,1.0153841123468337,34
3986000,-2674202.5034142267,300.1782751997424,1991.523899669881,1.016351923462275,34
3988000,-2677942.082113331,299.30852155423753,1988.986774556634,1.0176483684773447,34
3990000,-2677768.138159793,300.07369959504337,1990.7494324044665,1.0167473179212916,34
3992000,-2677565.271656627,300.43807917688025,1988.648997276058,1.0178212187384807,34
3994000,-2674803.9027246367,300.52823935752843,1993.50003776484,1.0153444232286206,34
3996000,-2674734.4067939445,299.65601831964176,1994.0821914166277,1.0150480029173872,34
3998000,-2676646.5587257463,299.6363379122811,1988.6920715247934,1.0177991731513474,34
4000000,-2676276.0242161807,300.00946108192926,1994.800345354277,1.0146825725013078,34
4002000,-2675254.9923188444,300.5814998586281,1989.5294489721416,1.0173707894076602,34
4004000,-2677280.5515577924,300.8968626016817,1993.4916202916772,1.015348710497424,34
4006000,-2676804.215059152,299.31300239231615,1990.467493663071,1.016891334570669,34
4008000,-2678280.8048605826,301.20542560310855,1992.6903619044149,1.0157569809873281,34
4010000,-2679950.47740072,299.9036619878209,1989.7053456198605,1.017280850406522,34
4012000,-2676290.731809452,299.2682510186283,1993.4724326054034,1.0153584834906177,34
4014000,-2677383.9666893296,300.90979695057325,1991.6844083322183,1.0162700162650224,34
4016000,-2674989.5625520553,299.819690950449,1990.5419109772477,1.0168533176258807,34
4018000,-2675060.996198602,299.32863968290997,1988.9808287898175,1.0176514105880643,34
4020000,-2678033.403141016,301.3467150948,1993.6838461114744,1.0152508132111335,34
4022000,-2677021.7961338777,301.31083660253705,1992.8730310553874,1.0156638754746237,34
4024000,-2678280.7457797453,300.0782830145039,1991.477405180714,1.016375651958201,34
4026000,-2676343.8091157954,299.87125843926435,1991.0222507195135,1.0166079988905756,34
4028000,-2675030.89941635,300.1369414915015,1993.7906946012376,1.0151964052853586,34
4030000,-2675737.796391368,299.51298130413363,1995.8123785166413,1.0141680489801101,34
4032000,-2676038.4713037405,299.0447375949737,1993.3773422311888,1.0154069192865463,34
4034000,-2677055.0518419966,300.05332247559437,1992.6049380912982,1.015800526917009,34
4036000,-2677027.156733023,301.05409864807837,1995.357612780858,1.0143991899425358,34
4038000,-2673988.179721713,300.41372087554555,1993.085309360388,1.0155556997708928,34
4040000,-2675685.7660705447,300.85002657584795,1991.1657759212599,1.0165347207788775,34
4042000,-2675365.7196028493,300.2993022856515,1989.1916884804336,1.017543536790464,34
4044000,-2675888.1090863086,300.66993837997217,1993.9760084371674,1.0151020561360764,34
4046000,-2675887.5319150537,299.33050057400766,1990.43707464776,1.0169068752945984,34
4048000,-2675069.8215338904,300.641419778624,1989.2903001445984,1.0174930958560682,34
4050000,-2673509.387472857,301.23965670217376,1993.7244523909794,1.015230135550166,34
4052000,-2673606.3431093283,300.3819150434889,1991.3041152051167,1.0164641003828192,34
4054000,-2674311.4862361643,299.66156317958894,1990.4571259931436,1.0168966312402488,34
4056000,-2679190.205148915,299.49807406291376,1988.8290201709162,1.0177290885853167,34
4058000,-2676937.3284926303,301.2802154525942,1988.9302806754206,1.0176772739179247,34
4060000,-2677664.5709181223,300.47565962736223,1991.7531220240094,1.0162349558632577,34
4062000,-2676443.0168774035,300.6043194885615,1993.502889247966,1.0153429708918793,34
4064000,-2676666.471782353,299.06700211588134,1989.865583112804,1.0171989320425523,34
4066000,-2676826.081527522,299.6168288774241,1991.8885666252022,1.0161658538358544,34
4068000,-2674091.220512567,300.4831260894073,1989.7908398353723,1.017237141476659,34
4070000,-2676975.1695720684,299.72507255577113,1992.898325265381,1.0156509844931705,34
4072000,-2677348.152806787,301.38710330150946,1991.3819758568422,1.0164243578531234,34
4074000,-2673836.212108411,300.76440248412416,1989.8599189750837,1.0172018275000592,34
4076000,-2674721.142241666,299.7155633443329,1990.5012024300179,1.0168741137054087,34
4078000,-2676762.042329451,300.6406546943724,1992.1591931937899,1.0160278119167754,34
4080000,-2672660.0762787573,300.7662401629506,1992.5260643800018,1.0158407371601406,34
4082000,-2675410.3326178323,299.7485742588483,1990.8293341185852,1.01670651088066,34
4084000,-2675221.0175183304,301.3737872573914,1988.637746052422,1.0178269773207946,34
4086000,-2677241.0978194233,299.89872829009704,1989.732208515299,1.0172671163427125,34
4088000,-2674586.4681553915,300.36086000582924,1993.0758585212786,1.0155605153695986,34
4090000,-2674891.774716707,301.23862945032135,1991.9210733349878,1.0161492707448139,34
4092000,-2677213.813635798,300.7701183306619,1991.3669817770653,1.0164320110622247,34
4094000,-2673791.827162804,301.68240961632955,1996.002734945571,1.0140713289682788,34
4096000,-2677282.756926758,299.8359807467205,1993.0281699001164,1.0155848154178448,34
4098000,-2674065.510523308,300.5006772493588,1992.9309681003706,1.015634348830408,34
4100000,-2677466.872332737,301.0216500016122,1992.8136713334827,1.0156941289429053,34
4102000,-2679161.9633889385,299.8338126022283,1987.3542112523855,1.0184843419407554,34
4104000,-2677291.6491039693,300.8188651161297,1991.100235570143,1.0165681816972845,34
4106000,-2677447.870056318,299.89671583202664,1992.3655360191274,1.0159225852173859,34
4108000,-2675762.3540600464,301.07415715029606,1993.1386360314655,1.0155285284523583,34
4110000,-2672939.9173133057,299.60722183890005,1995.7196699230158,1.014215160854056,34
4112000,-2672251.268156901,300.51025919364855,1993.0300344807395,1.0155838652867706,34
4114000,-2674403.7118820306,301.1943373012884,1988.1509102414557,1.0180762112292343,34
4116000,-2677264.6628051754,300.8040011797267,1992.2445376388887,1.0159842869738405,34
4118000,-2675217.3773516547,299.94482349232516,1991.5371682915402,1.016345152014893,34
4120000,-2675633.786058249,299.61856560060784,1989.7487471481618,1.0172586608995893,34
4122000,-2675260.0516358763,299.51706613756363,1989.1803955382086,1.0175493135718952,34
4124000,-2675265.3398421668,299.93138641154286,1990.8306144261655,1.0167058570344498,34
4126000,-2675390.108863458,301.1754340683568,1990.5039072262666,1.016872731926012,34
4128000,-2677923.227557415,301.2512634072541,1993.366837016516,1.015412270568342,34
4130000,-2678940.2436952237,301.3145092543887,1988.6722586560484,1.0178093133448047,34
4132000,-2675889.262760943,300.8226250979632,1993.0535316681392,1.015571892018605,34
4134000,-2674893.5789247975,300.3114342237912,1991.937834247735,1.0161407204833688,34
4136000,-2676752.6092388947,300.0998520889355,1991.7055654131934,1.016259220840538,34
4138000,-2678736.163014414,300.1130447920732,1989.5296284890733,1.017370697609438,34
4140000,-2677037.585121477,300.3519587160416,1993.3921818296785,1.015399360196507,34
4142000,-2675486.974929208,299.58399439497964,1994.3286343864536,1.0149225715115286,34
4144000,-2678782.150126271,301.11915696010647,1994.4954201603512,1.0148377005989035,34
4146000,-2677742.7160815895,298.92400520569896,1992.9353692108562,1.0156321059483502,34
4148000,-2674697.1007354986,300.2765706402268,1990.077926986402,1.0170903956086164,34
4150000,-2674624.762140004,300.45711707403666,1991.4832502797499,1.016372668846823,34
4152000,-2675376.0763405487,300.73016285468265,1993.13570985727,1.0155300193761123,34
4154000,-2676548.8197122887,300.2225179037538,1994.865111223108,1.0146496295228447,34
4156000,-2674035.7345547676,300.2709678554236,1992.921809242871,1.015639016374428,34
4158000,-2675632.121215973,300.6942610715756,1991.8133820924652,1.0162042108202942,34
4160000,-2675763.0336759426,301.1112465622742,1991.4835402784515,1.0163725208432124,34
4162000,-2676097.1704217196,301.451276504251,1993.095083561594,1.0155507194536828,34
4164000,-2674827.164423773,300.2593689550859,1991.2610788973418,1.0164860688039015,34
4166000,-2675681.6419957764,300.3711319227063,1992.9419114606976,1.015628771922935,34
4168000,-2677473.1920968555,300.8001390232665,1995.8008306932616,1.0141739170173045,34
4170000,-2674952.181337284,299.06062555131695,1990.9607494713464,1.0166394021519636,34
4172000,-2678183.410084892,299.7502602622672,1990.6913265742398,1.0167769955243684,34
4174000,-2676917.740579622,300.6934290227292,1988.754713975135,1.0177671141781046,34
4176000,-2677634.8975514714,300.4170801223622,1986.5245048888717,1.0189097295650045,34
4178000,-2677435.2015148867,298.91429613017567,1991.7772957683205,1.0162226220526278,34
4180000,-2677055.6613969747,300.51910150163786,1991.5879783626572,1.0163192226710658,34
4182000,-2676191.338150887,300.5294068426394,1992.156969463027,1.0160289460504486,34
4184000,-2674107.427464476,300.1091453724015,1993.720727985108,1.0152320320690842,34
4186000,-2675789.5255716033,301.2954328221048,1992.6852909113093,1.015759565889556,34
4188000,-2673628.170669753,301.1317716872722,1991.9643643762518,1.016127186936089,34
4190000,-2675179.023748178,299.99090728579927,1990.0051805103838,1.0171275762867356,34
4192000,-2673967.083269233,300.59009012864755,1991.8525435141946,1.0161842314288516,34
4194000,-2677095.9461202472,298.92454548313566,1989.6863212721037,1.017290577117943,34
4196000,-2675275.3373055793,299.93683049929274,1992.823792527141,1.0156889704150842,34
4198000,-2673873.6210600473,300.2424879368788,1993.1014303213187,1.0155474855708977,34
4200000,-2676614.1973268185,300.37913665539975,1993.7141096952075,1.0152354022112082,34
4202000,-2675891.645731885,300.8373136431871,1994.678952865857,1.0147443242144119,34
4204000,-2676558.7859701924,301.4483485828313,1993.786540075542,1.0151985206871166,34
4206000,-2673416.9718813132,300.50961927768145,1989.7727902336956,1.0172463690253042,34
4208000,-2679546.9362200815,300.8291948800558,1991.4054728181147,1.0164123648742456,34
4210000,-2672812.32256316,301.1192782227351,1990.4892031634765,1.0168802437278723,34
4212000,-2674354.0911210272,300.58393717593225,1992.1350558323415,1.0160401224428444,34
4214000,-2676815.0221212506,300.4623415911902,1992.4424981464856,1.0158833431496916,34
4216000,-2676122.3003634606,301.4100614457198,1991.759832912777,1.0162315318361046,34
4218000,-2675013.449624421,299.73183172243495,1992.6479795466066,1.0157785854936217,34
4220000,-2677379.091548454,300.2461564396298,1991.3555776432472,1.0164378319848169,34
4222000,-2675854.7326285504,301.1136651593953,1993.83888083231,1.0151718704600832,34
4224000,-2674072.9493320044,301.40014739492307,1990.6674886869068,1.0167891712471346,34
4226000,-2675217.506920783,300.33993926154903,1992.2134809500694,1.0160001251900497,34
4228000,-2675845.817513982,300.70320053965406,1990.1400971329613,1.0170586226399445,34
4230000,-2676082.0923600793,300.9720329612502,1993.2466445199495,1.0154734997876058,34
4232000,-2674903.708931351,300.01824058795165,1992.9173704136454,1.0156412785094344,34
4234000,-2675277.810217604,299.59975149649534,1997.218493541316,1.013454037500731,34
4236000,-2677119.8874669243,300.6044500644782,1993.8474565474385,1.0151675041156372,34
4238000,-2677694.125771856,300.4977277987489,1993.3668710987927,1.0154122532069811,34
4240000,-2678219.289796455,300.4918900083582,1989.9908399792494,1.0171349060439299,34
4242000,-2674704.618684929,300.45591091384495,1991.4634274388236,1.0163827857254253,34
4244000,-2678120.4223735873,301.37301599664073,1987.9966194865528,1.0181552253209283,34
4246000,-2676490.4681138247,300.29261633010697,1991.4256279135293,1.0164020778276657,34
4248000,-2678838.3403328788,301.01681845855205,1987.9580350349033,1.0181749867848882,34
4250000,-2680309.676966697,299.7000690642506,1987.9555547511284,1.0181762571165582,34
4252000,-2678531.270714784,299.6746506458221,1991.9848605493378,1.016116731676557,34
4254000,-2673936.8645995706,299.68291097394405,1994.3933047375494,1.01488966155396,34
4256000,-2676290.7507676426,300.0526713501352,1990.3001956668159,1.0169768110646435,34
4258000,-2676756.4678723887,299.56101087557425,1993.447104547143,1.0153713842888212,34
4260000,-2678643.578387663,300.8212139470133,1992.476843040575,1.0158658320775054,34
4262000,-2676441.424531596,299.54128770850303,1991.151146103842,1.0165421896831808,34
4264000,-2676151.1852436867,300.560287092674,1994.312001820133,1.0149310359679256,34
4266000,-2678825.206607502,299.8810719499684,1990.223622880537,1.0170159387019146,34
4268000,-2677740.045885993,301.0263181155837,1992.7871684796773,1.0157076370552798,34
4270000,-2674037.808113305,300.7180369240324,1993.7544948594752,1.0152148377693,34
4272000,-2677326.653766364,300.9062613565522,1987.7940682604633,1.0182589727827662,34
4274000,-2676167.9838684294,300.12324391029836,1993.2644131290988,1.0154644475255978,34
4276000,-2677765.968384752,299.91519879618954,1992.327870209976,1.0159417916676794,34
4278000,-2676490.577464929,300.17638354766564,1993.3444097596025,1.0154236950425841,34
4280000,-2680153.996991435,300.11659481390893,1987.8606244449293,1.0182248801350255,34
4282000,-2678164.661165256,299.55148041228597,1988.700254968261,1.0177949849374754,34
4284000,-2679257.7077472936,300.86887536344364,1991.7715778223037,1.0162255394082915,34
4286000,-2674398.356411604,300.10648583945215,1993.2671756458758,1.0154630401690692,34
4288000,-2674367.6187873706,301.065378057125,1991.708875760044,1.016257531753065,34
4290000,-2675810.733184073,301.38151072272973,1993.5940006998228,1.0152965675759695,34
4292000,-2674945.6452101786,298.60127771486043,1993.6444602047509,1.0152708702346542,34
4294000,-2674982.4038489144,301.47005617654634,1990.1709729964234,1.017042843813104,34
4296000,-2675582.2354130596,300.1276058495931,1993.6676893049787,1.0152590408666358,34
4298000,-2677610.0900110193,300.24679755976484,1990.8448768179637,1.0166985733643632,34
4300000,-2677091.583420098,300.6719666413172,1992.1159633173706,1.0160498602099253,34
4302000,-2674801.251202978,300.8777126742697,1994.9497193385603,1.0146065970633464,34
4304000,-2676596.913778549,300.78535512165223,1992.3588622504287,1.0159259882350242,34
4306000,-2675470.8351180386,300.4767881006982,1995.7035421009411,1.0142233570020882,34
4308000,-2674114.5309250746,299.83540322274644,1992.339788729468,1.015935714129041,34
4310000,-2678032.2063809987,299.13480376943045,1991.5465625225008,1.016340357860805,34
4312000,-2675653.609239705,299.8169476799654,1992.862200576778,1.015669395237041,34
4314000,-2678416.811972944,299.67483609450466,1989.4415587230717,1.0174157351723072,34
4316000,-2676158.4219389614,299.8074008818982,1992.6104578571103,1.01579771302983,34
4318000,-2676973.7992375754,298.78990776795905,1991.2190832153376,1.0165075069399998,34
4320000,-2676175.543859815,299.83798255420817,1995.0962389339654,1.014532084493378,34
4322000,-2677197.3376167733,301.1011862569883,1988.6484710856514,1.017821488050915,34
4324000,-2675857.6792325974,299.4357109949026,1995.2321748355048,1.0144629640495093,34
4326000,-2675067.959187329,299.925226776752,1991.312623061566,1.016459757553596,34
4328000,-2673275.371740816,300.5228114730428,1990.7793181381674,1.016732054431608,34
4330000,-2676570.1736263186,300.1153405318516,1989.1654005225118,1.0175569842100056,34
4332000,-2676321.4476204254,299.593015257063,1992.477723454562,1.0158653831979636,34
4334000,-2678451.6937819887,300.80373644951123,1989.856761767126,1.0172034414442213,34
4336000,-2676691.513239991,300.5014031032139,1989.6796715272646,1.0172939770233957,34
4338000,-2677774.472895149,299.515904101176,1987.0383915026553,1.018646219774295,34
4340000,-2675043.8801242504,299.7142463228534,1994.300119585446,1.0149370830260598,34
4342000,-2676072.761311598,299.54161251234814,1989.1520592319323,1.017563808989109,34
4344000,-2676615.5124079026,298.6930205948763,1992.7040014822649,1.0157500283759977,34
4346000,-2674141.7419487163,300.46533840016406,1992.0285883441302,1.0160944265027314,34
4348000,-2679342.7693729308,300.2112197465974,1988.5804394145891,1.0178563089187578,34
4350000,-2674906.098510232,299.5773251716555,1992.8686115678843,1.015666127862854,34
4352000,-2676214.1257984787,298.7873434996614,1991.7125731696467,1.0162556451754499,34
4354000,-2675680.7601776887,299.9597825636477,1994.0317426472411,1.0150736835128964,34
4356000,-2674848.743727712,299.1753343010141,1991.0369818478837,1.016600477290992,34
4358000,-2677571.6381967384,299.6678083938218,1989.4810861129654,1.0173955209623162,34
4360000,-2678015.941976236,300.1614385885791,1993.8116560300007,1.0151857322776723,34
4362000,-2680181.817771375,299.50116098023614,1989.5964483099056,1.0173365296113037,34
4364000,-2674811.020628929,300.1857180486979,1993.3399633306908,1.015425960089871,34
4366000,-2674069.8266011495,299.5383540314269,1993.2932149223893,1.0154497747233766,34
4368000,-2678018.06143629,299.9249170771168,1989.5308199806404,1.0173700883257846,34
4370000,-2673933.5206494797,300.1957813907395,1991.3509018968398,1.0164402186086592,34
4372000,-2675837.4409219865,301.7874334058545,1990.8997491714633,1.0166705515397867,34
4374000,-2673596.5956615694,300.8201397637866,1990.577337989581,1.0168352203259983,34
4376000,-2673638.9717989936,299.96464389092546,1992.9309164501678,1.015634375152304,34
4378000,-2677464.974884877,299.57840196164216,1990.6481189570404,1.0167990649754088,34
4380000,-2675377.576413842,301.2349265272431,1990.9600709406686,1.0166397486285366,34
4382000,-2678220.4306060076,300.0984445812409,1993.4110167289364,1.0153897661165632,34
4384000,-2675447.0441787373,300.1918183212302,1993.901129995286,1.0151401770133708,34
4386000,-2674673.756082846,300.55397721976385,1995.0757141829395,1.0145425217004949,34
4388000,-2678720.055324603,299.87211903046637,1991.8317773036656,1.0161948258454716,34
4390000,-2677552.3247569483,298.52170209334906,1990.9269809852585,1.0166566455636186,34
4392000,-2673172.065642448,299.50401164964666,1992.3964998724875,1.0159067967546196,34
4394000,-2675215.7401853763,301.51125544578156,1990.7279317780014,1.0167582991829411,34
4396000,-2678406.1993576363,299.8553119651953,1989.995094429023,1.0171327314911467,34
4398000,-2678967.038815342,300.59909258658365,1990.2813098768102,1.016986461163049,34
4400000,-2677496.647587009,301.3744504509972,1993.0568040962737,1.0155702245367624,34
4402000,-2676818.1521040127,300.2819082796994,1992.3236774505237,1.0159439296734654,34
4404000,-2675757.1006297413,300.2412505000411,1989.3548266871671,1.0174600925372626,34
4406000,-2674102.5950329416,299.69616870782374,1993.5112416871843,1.0153387167947503,34
4408000,-2676346.6473842524,300.96703095400176,1994.232961744321,1.0149712620736842,34
4410000,-2675980.5993026625,300.9299871124073,1992.4509904061706,1.0158790132338236,34
4412000,-2676654.6240862794,299.63017462694245,1990.445646589198,1.0169024959405588,34
4414000,-2676890.6766189337,300.59805663938545,1990.194872538764,1.0170306305073402,34
4416000,-2675886.9792550225,300.6144065919518,1989.5587873959944,1.0173557870585843,34
4418000,-2676679.290984759,300.495315667682,1987.036356722399,1.018647262896233,34
4420000,-2677510.58574979,299.7659937331983,1987.7130040523302,1.0183005000843104,34
4422000,-2675506.47190235,301.2138573331761,1992.0483368246653,1.0160843532928439,34
4424000,-2676939.8064637017,299.58532539339757,1991.7159992046322,1.0162538970711037,34
4426000,-2674337.337583881,300.52872321434046,1995.9556587557863,1.0140952466410633,34
4428000,-2677054.2065510117,300.9355819921791,1990.5842494571389,1.0168316897928702,34
4430000,-2675107.538949851,300.46046334471043,1992.481670901087,1.01586337059512,34
4432000,-2672145.628665181,300.6534685168511,1992.0542192162882,1.0160813528694463,34
4434000,-2675680.7354645263,300.4462121996181,1992.5124966097214,1.0158476544034638,34
4436000,-2675839.512471756,300.4483266586331,1992.3437978663087,1.0159336697904566,34
4438000,-2677063.9515856914,300.9649476914075,1985.5126826199155,1.0194289685320757,34
4440000,-2675784.081868384,300.03367417114754,1991.9540731698728,1.0161324366427607,34
4442000,-2676403.874554828,300.79529387071216,1991.7234884513794,1.016250075769484,34
4444000,-2676311.429927962,299.71518362018355,1989.9326232763553,1.017164662951242,34
4446000,-2677806.2672359515,300.2006953101892,1990.9381299856184,1.0166509524156817,34
4448000,-2673900.6169497874,299.9817940811359,1993.6893776938116,1.0152479963513314,34
4450000,-2676000.9234868065,299.9784819750033,1992.0140008465598,1.0161018673515265,34
4452000,-2676005.130387768,301.01346711058005,1990.6732325743458,1.016786237404225,34
4454000,-2676460.676354626,300.4404151129446,1992.8913237256713,1.0156545527362624,34
4456000,-2678592.3945842534,300.0064692370645,1994.538095792558,1.0148159868795459,34
4458000,-2676524.443376597,300.56433500217867,1990.8898490878005,1.0166756071301413,34
4460000,-2675470.556300016,300.0716163698058,1990.7869099820548,1.0167281771351513,34
4462000,-2676785.89045858,299.46214653208807,1993.9998787087945,1.0150899042989232,34
4464000,-2674855.231859509,300.1827225396063,1991.112630638935,1.0165618533598766,34
4466000,-2673922.5527050104,300.29390434259625,1991.2566715295793,1.016488318653454,34
4468000,-2676160.5592331104,301.050264677882,1995.1225848895413,1.0145186874132033,34
4470000,-2676566.6066540405,301.46511961930986,1995.6571707204955,1.014246923643611,34
4472000,-2674638.016714493,301.01032717516216,1992.138065067219,1.016038587657968,34
4474000,-2674623.3074831497,300.167713030456,1994.1487447711665,1.0150141263824548,34
4476000,-2673696.1218875255,299.758257078287,1992.7791417056937,1.0157117282540813,34
4478000,-2677106.8925518654,300.46270383282024,1989.6029033854916,1.017333228960614,34
4480000,-2678546.7228080463,300.6356394151364,1986.675513120598,1.0188322817102673,34
4482000,-2676363.086908927,300.87658977671356,1989.236842406961,1.017520439447242,34
4484000,-2678288.398703927,301.3328649690383,1986.5338142382905,1.0189049547221953,34
4486000,-2678915.0656717215,301.09489997494285,1988.6636890217194,1.0178136993320788,34
4488000,-2677319.459266858,300.885091042573,1991.2804478324629,1.016476181571423,34
4490000,-2676517.5260834824,300.38642972374925,1993.4608918196404,1.0153643617271955,34
4492000,-2675075.6408367306,298.71559536403936,1989.494953064587,1.0173884296276798,34
4494000,-2674037.2158245128,300.88281733256986,1996.214903078556,1.0139635481776192,34
4496000,-2673562.1492717844,300.7329078524025,1993.9495595511253,1.0151155210296465,34
4498000,-2677012.0693510883,299.75698591073717,1990.1243495098606,1.0170666705068352,34
4500000,-2675101.769871792,299.7939898416961,1990.0295647323958,1.017115113223335,34
4502000,-2675960.836948747,299.2350335830012,1991.5147342100543,1.016356600973601,34
4504000,-2677044.0858066846,300.237680268148,1989.0123592515965,1.0176352784515508,34
4506000,-2674753.8002951257,299.2084229890965,1989.8488710072318,1.0172074751717257,34
4508000,-2676076.5373090897,300.41834057845085,1987.8984222408767,1.0182055196607591,34
4510000,-2674798.175810838,300.22953326498384,1989.7905089625108,1.0172373106282167,34
4512000,-2677975.8265904803,300.82691949436105,1987.437876114572,1.018441466964319,34
4514000,-2677042.0339782517,299.734169968009,1993.3964152188491,1.0153972037861603,34
4516000,-2674370.0097219013,301.5139151549737,1990.6963820098206,1.0167744133874603,34
4518000,-2672352.1205837615,300.4934475031506,1993.424963310009,1.01538266215431,34
4520000,-2676409.6027557943,300.63130379027945,1994.3437353324914,1.0149148866321804,34
4522000,-2676556.5700402036,299.781645008531,1990.9003122401414,1.0166702640038716,34
4524000,-2674852.6497265007,299.26975809520525,1993.4240915322741,1.015383106208338,34
4526000,-2677180.6581289135,299.1987669345138,1992.5243029821165,1.0158416351666157,34
4528000,-2676847.442290798,300.3483190067719,1988.1693252440084,1.0180667815112567,34
4530000,-2673506.268996181,300.2405408974682,1989.96545576246,1.0171478807279297,34
4532000,-2677578.92603329,299.4854928671141,1989.915372539012,1.0171734808339912,34
4534000,-2677865.1238447055,300.4412903291273,1992.0931037930168,1.0160615195126355,34
4536000,-2676405.2445862386,300.5435037232745,1993.363041414814,1.0154142040347816,34
4538000,-2676890.5701736882,301.11192259810167,1992.6319594221304,1.0157867520289936,34
4540000,-2677135.652756054,300.6522768735142,1989.0188133703627,1.017631976351589,34
4542000,-2676851.821423441,299.56603075781595,1988.4763037338087,1.0179096136322545,34
4544000,-2672688.342760481,299.9329914740456,1990.9194737732166,1.0166604790973763,34
4546000,-2675906.9098600205,300.3244443945096,1990.1676777234593,1.0170445278087914,34
4548000,-2674250.845949456,300.65800396946827,1990.826111645281,1.0167081565842053,34
4550000,-2675942.5223127175,301.22781730387806,1993.5068341272759,1.0153409616660218,34
4552000,-2675686.3024036754,300.0487658905237,1991.5390667818906,1.0163441831554336,34
4554000,-2676380.91353737,299.3789213819302,1993.5843471826288,1.0153014839382422,34
4556000,-2678448.994987646,300.43897042965096,1991.6002521278576,1.016312959334086,34
4558000,-2677198.5877600685,300.14250521882883,1988.8635113871824,1.0177114389507922,34
4560000,-2677480.889380133,300.2919469765992,1987.3607052152788,1.0184810139090064,34
4562000,-2675829.2727113776,300.2915739328996,1991.7819281308539,1.0162202585852556,34
4564000,-2675928.721091388,299.6408439034629,1989.876394007912,1.0171934056535807,34
4566000,-2675304.8620802797,299.2418426060209,1994.9530762390827,1.0146048897883955,34
4568000,-2676936.5542789754,300.4588242894771,1990.7943617126718,1.0167243714259164,34
4570000,-2675483.424799232,301.9131601195678,1988.8205653397806,1.0177334151332897,34
4572000,-2674367.2217399366,300.88996365176575,1992.3750576200794,1.0159177301026736,34
4574000,-2678960.682496542,300.0928014030848,1991.8314459549952,1.0161949948933122,34
4576000,-2678432.067497572,299.6894442050412,1989.244551153308,1.017516496338806,34
4578000,-2679877.771000115,300.64449800979656,1989.3835897735164,1.0174453818034208,34
4580000,-2676452.0613791086,300.72293209609194,1990.5694675072991,1.0168392407752798,34
4582000,-2676029.4401915204,300.7587316205321,1992.9118803119925,1.0156440764123007,34
4584000,-2676292.871900441,299.5723786112817,1991.2913866269544,1.0164705977457054,34
4586000,-2677588.8743423466,300.98439538333673,1990.0053279671276,1.0171275009189373,34
4588000,-2677565.247860741,300.60371063927334,1992.360337942233,1.0159252357638842,34
4590000,-2676358.9650508184,301.4569789392457,1992.026732160531,1.016095373306195,34
4592000,-2672046.4324234296,300.69700657727543,1991.1809107561173,1.0165269941654682,34
4594000,-2676756.052523164,300.34106889621626,1994.9550170793511,1.0146039027054738,34
4596000,-2677287.744474273,300.4158060063952,1996.6762984841348,1.013729239730672,34
4598000,-2678640.065274449,300.3151197351097,1996.7109567903494,1.0137116437244553,34
4600000,-2676702.3208159637,300.51429804080095,1989.9325832295738,1.0171646834213681,34
4602000,-2679090.0699306503,300.5568042432151,1985.1193921359538,1.0196309370957732,34
4604000,-2676545.989339968,299.7145473793504,1987.1497701433836,1.018589125219548,34
4606000,-2677392.4645194802,301.41291033123474,1993.8750893122617,1.015153435087418,34
4608000,-2676521.0347307213,300.2379774489579,1993.4476323662343,1.0153711154418281,34
4610000,-2675285.6326559447,300.2581352529838,1994.082298526008,1.015047948395484,34
4612000,-2679282.315420989,300.1506888174717,1993.4190670810092,1.0153856655010711,34
4614000,-2675892.1008671634,299.80460792369,1989.8804249686712,1.017191345094237,34
4616000,-2676905.950729154,302.0900448071717,1991.2567345544423,1.016488286480788,34
4618000,-2677191.0991646163,301.2111558093731,1990.1317072520947,1.0170629102962072,34
4620000,-2676537.646985216,300.7475060068471,1991.721258607083,1.0162512135187676,34
4622000,-2676525.3042876143,300.520782869999,1996.3641669613608,1.0138877362898244,34
4624000,-2677323.9232995342,300.78143044352015,1992.8774727812001,1.0156616117627226,34
4626000,-2677243.9880266506,299.313174524817,1991.6120382173935,1.016306944932031,34
4628000,-2677407.2688087355,300.0171979103488,1986.9709299574672,1.0186808048036728,34
4630000,-2676859.3434030805,299.85894932566555,1991.848613698281,1.0161862363086083,34
4632000,-2676314.753765123,300.24231100245987,1992.9677964100902,1.015615580791894,34
4634000,-2675829.8778519332,300.5944838590053,1991.3810159101045,1.0164248478212605,34
4636000,-2677096.3591248766,300.09889040346496,1992.647483254272,1.015778838485247,34
4638000,-2672906.0314802695,300.2932036002317,1990.5764037986544,1.0168356975336228,34
4640000,-2675702.8151254114,299.7534383058539,1989.9346393161604,1.017163632442798,34
4642000,-2675924.987470219,300.0644466228885,1989.7668487280946,1.0172494065545519,34
4644000,-2676157.18768698,299.699805315039,1992.7702869011996,1.0157162415333263,34
4646000,-2678233.069958022,300.6966778969339,1988.546612427576,1.0178736235805956,34
4648000,-2677649.570720127,301.13167219139063,1993.400351034442,1.0153951989625203,34
4650000,-2673781.1328932606,300.5061770064064,1990.8835880409092,1.0166788044309216,34
4652000,-2676253.720051771,301.0131249561399,1990.9346047258628,1.0166527525545106,34
4654000,-2674943.5614048,300.63444082277243,1990.7492236246887,1.0167474245526427,34
4656000,-2677242.911763966,300.0496933053428,1991.4020540873746,1.0164141097957138,34
4658000,-2674202.0313876886,301.13582779557385,1987.9420608967673,1.0181831683452092,34
4660000,-2677418.013349289,301.1903395877512,1990.2625788582625,1.0169960323585632,34
4662000,-2676496.7278283387,300.2443009033606,1989.7992414725538,1.0172328463411437,34
4664000,-2675429.9554061573,300.49143480689,1992.999047437427,1.0155996555307556,34
4666000,-2675317.68139603,299.39210880224965,1992.9084509660086,1.015645824106698,34
4668000,-2680259.662122881,300.64086055370706,1988.4316301015092,1.0179324827714822,34
4670000,-2680260.748707989,300.3542493824478,1988.4849841087168,1.0179051701302217,34
4672000,-2677326.7931027394,301.4439738199061,1989.0057822684928,1.0176386434342435,34
4674000,-2674173.0623637475,300.1324467899709,1991.8557329038113,1.0161826042992441,34
4676000,-2675533.4133035336,300.62089057289705,1992.8443994813185,1.0156784677104687,34
4678000,-2677689.21161565,300.1812174232512,1995.9833340221455,1.0140811857240275,34
4680000,-2673527.944460729,299.6132076971553,1992.8062358675181,1.0156979186536108,34
4682000,-2676027.0028408114,299.1386239549539,1989.4779060601315,1.0173971472038037,34
4684000,-2679305.687069172,300.3138461983307,1993.4195792458647,1.0153854046202921,34
4686000,-2676547.145843925,299.2030231184864,1988.5647721345977,1.0178643282903197,34
4688000,-2676993.0818204023,300.2485152731203,1992.8914434933213,1.0156544916980363,34
4690000,-2677449.0062920544,300.0175051180353,1989.6950008339468,1.0172861394345427,34
4692000,-2675840.646878386,299.25830544988673,1992.7944136251713,1.0157039442761555,34
4694000,-2680045.1627604384,299.7856750205002,1989.0030295160248,1.0176400518319408,34
4696000,-2673712.352153778,299.80620756671664,1993.0028853446029,1.015597699799916,34
4698000,-2673742.3653815016,300.7703077554248,1995.8855784853715,1.0141308539273108,34
4700000,-2677089.8897153866,300.6588099392184,1988.3340786192066,1.0179824244908573,34
4702000,-2674213.63972049,300.3105410972797,1995.1090694987975,1.0145255600281833,34
4704000,-2675243.343683526,300.6108265744785,1991.8879039474557,1.0161661919023173,34
4706000,-2678032.299811041,299.70631625405423,1987.940448434022,1.0181839942162396,34
4708000,-2675365.407053126,300.5538556049524,1990.7215515777618,1.0167615578614533,34
4710000,-2677950.6373465005,299.25375077508977,1991.9265366246009,1.0161464837355272,34
4712000,-2678907.32005916,299.6859865783973,1989.068238713262,1.0176066897332632,34
4714000,-2678389.8404207677,300.09502203350786,1990.055702699,1.0171017541395535,34
4716000,-2677883.2179386113,300.1124908099975,1991.0242403303514,1.0166069830042537,34
4718000,-2679886.5907142013,300.3083987597315,1990.655468642093,1.0167953108587335,34
4720000,-2677567.034457922,300.32613338977694,1993.2483292032612,1.0154726415145878,34
4722000,-2679606.1882434934,301.7093605412919,1989.7374722809768,1.0172644252059135,34
4724000,-2680126.108349478,301.1093032451394,1992.1634250483596,1.0160256536189747,34
4726000,-2675685.0902463235,299.85476797696566,1991.7549406587607,1.0162340279578368,34
4728000,-2679747.2253547907,299.7912095096157,1991.6914283901242,1.016266434247115,34
4730000,-2676847.985618945,300.1067064736154,1992.3073529775631,1.0159522540663781,34
4732000,-2676132.706887273,299.9306118817242,1992.6838494193596,1.0157603006821008,34
4734000,-2676700.3649307657,300.23533739665635,1995.8317964510668,1.0141581818917578,34
4736000,-2675027.3469660655,300.71536377842637,1986.8238649475727,1.0187562077144596,34
4738000,-2677679.970876094,300.97919713003296,1988.7042435163496,1.017792943646391,34
4740000,-2676797.847523963,299.9925872618424,1991.0104415537353,1.0166140286391596,34
4742000,-2679121.255382782,300.6580724697013,1989.9972700767341,1.017131619468265,34
4744000,-2675686.6179131083,300.2163361063953,1992.1738882346776,1.0160203173048206,34
4746000,-2674422.219349375,300.5431003380405,1991.0037801858423,1.0166174299586936,34
4748000,-2677185.3547684345,301.3322476934241,1989.740665492702,1.0172627926611568,34
4750000,-2676337.7436742745,300.45400602214085,1991.310938250071,1.0164606175614685,34
4752000,-2676139.5861096773,300.42355220964185,1989.8469865371737,1.017208438510637,34
4754000,-2676892.6808489673,300.9096989183018,1989.7207577297388,1.0172729706856203,34
4756000,-2679322.286804922,300.8072395450508,1988.2119595615113,1.0180449505479163,34
4758000,-2674698.353440497,299.3849176623107,1987.0695757627198,1.018630233555685,34
4760000,-2678427.095132487,299.4553811116237,1989.363985628272,1.0174554081973772,34
4762000,-2677276.1406955514,299.17681279797586,1991.893842727634,1.0161631622289942,34
4764000,-2676751.8162756786,299.7703587306185,1992.5454821549376,1.015830837578434,34
4766000,-2676820.594716465,299.68606987277303,1991.3288863970438,1.0164514560489326,34
4768000,-2676693.6890990008,300.5142393937216,1990.2572287247942,1.016998766208455,34
4770000,-2677495.789897699,301.6663674009919,1992.1714869607642,1.0160215419700156,34
4772000,-2678014.269217277,301.88886288313773,1991.1045535140133,1.0165659771498932,34
4774000,-2677121.0098940004,301.2924627678332,1991.6504097573957,1.0162873645566795,34
4776000,-2675020.963478526,299.6297949047361,1990.749860060315,1.016747099502119,34
4778000,-2676329.16108275,299.94253270014826,1988.6075983345527,1.0178424077961574,34
4780000,-2677378.63869551,300.3821309891112,1992.8982682323542,1.015651013559205,34
4782000,-2677366.236706933,300.25985224933515,1992.1891427954042,1.0160125374493354,34
4784000,-2677622.4782007243,300.8212461878541,1990.661899195787,1.016792026244282,34
4786000,-2679548.627298869,300.5057637146621,1991.460922369081,1.01638406423897,34
4788000,-2676620.7826467343,299.60027254977064,1992.5196058234521,1.0158440299080902,34
4790000,-2675748.427660914,300.08164328730817,1991.2888405876397,1.0164718973934768,34
4792000,-2678802.9210474994,300.5414338967503,1990.3361403234624,1.0169584448793794,34
4794000,-2679239.153565932,299.84976187141496,1988.333160694319,1.017982894448016,34
4796000,-2678116.305244945,299.4564211710861,1992.2061058698962,1.0160038863884302,34
4798000,-2674242.2889327146,299.5353284016697,1993.472060395636,1.0153586730725799,34
4800000,-2677298.047370484,301.1230617229567,1993.3788504419238,1.0154061510193322,34
4802000,-2675802.041357018,300.6956950911621,1995.7485333738925,1.0142004927989456,34
4804000,-2675345.7770366706,299.8778571270138,1992.6099181077102,1.0157979881846413,34
4806000,-2676767.5920338593,300.344211558594,1993.8245450656702,1.015179169631452,34
4808000,-2677493.2336558327,300.6908999905928,1990.876565593537,1.0166823905766034,34
4810000,-2675094.256069269,300.4999200759017,1992.6369756971853,1.0157841948819528,34
4812000,-2677384.5294101723,300.58016797636276,1990.8302992506563,1.016706017992813,34
4814000,-2678135.087911628,301.03117582624134,1993.2747764200842,1.015459167995811,34
4816000,-2677131.384908458,301.05497637797777,1986.9236539692358,1.0187050428470636,34
4818000,-2678157.9083621465,301.04447541486127,1987.4135902545288,1.018453912147873,34
4820000,-2673650.5242587496,300.7360219257868,1994.8971727051303,1.0146333223310249,34
4822000,-2673963.014609536,298.62265222607954,1990.6051627727616,1.0168210069500536,34
4824000,-2675406.274485085,299.8048344248511,1994.991590026898,1.014585302599338,34
4826000,-2675965.9962992165,300.1178256371763,1991.8336309552826,1.0161938801484252,34
4828000,-2679191.0416538455,299.71677491290194,1989.1854804340103,1.017546712440787,34
4830000,-2675277.8838797007,299.48410978428694,1995.045392771465,1.0145579410796075,34
4832000,-2677197.4728241283,300.90133889337636,1991.061605115086,1.0165879050907516,34
4834000,-2676123.7002151962,301.08622611326706,1989.9997225302648,1.0171303659665667,34
4836000,-2675730.011684984,298.9138129597387,1994.6683842929078,1.014749700746922,34
4838000,-2678768.0326689687,299.7203177851151,1992.9299722178148,1.0156348563507653,34
4840000,-2676448.805012282,299.46854610469944,1991.324219194084,1.0164538383758277,34
4842000,-2676429.270959286,299.5386997661449,1992.4307496174517,1.0158893333879744,34
4844000,-2673631.680324562,300.5631941632168,1994.7298396305482,1.0147184374729483,34
4846000,-2679639.2588452306,300.6541698013258,1992.2418034085076,1.015985681350316,34
4848000,-2677376.0270761754,299.6385321588573,1993.4655154060479,1.0153620067203868,34
4850000,-2678757.3576374147,299.9945345684588,1987.1531604216473,1.01858738740656,34
4852000,-2677378.8184431884,300.72728558364236,1990.1756515348513,1.0170404529316641,34
4854000,-2678003.529775206,301.05012771679475,1989.623637803813,1.0173226270496092,34
4856000,-2675948.05608703,299.15174542166454,1990.160875158657,1.0170480041666046,34
4858000,-2679764.3619184867,299.9232226090739,1989.762175150226,1.0172517958824687,34
4860000,-2679234.7807734925,299.876575018382,1989.0789697763219,1.0176011997543717,34
4862000,-2675484.837106969,299.7614599130691,1991.4527546792708,1.0163882328087468,34
4864000,-2676315.07599782,300.01075398910365,1991.4735116574839,1.0163776390708532,34
4866000,-2678478.1323147286,299.84767999588615,1987.9967709052278,1.0181551477716497,34
4868000,-2677631.329316698,300.8511952001943,1992.8500669966993,1.0156755791974625,34
4870000,-2676453.567067381,299.3913835946976,1991.8132998787776,1.0162042527649362,34
4872000,-2675723.885607602,300.1713183435873,1992.6672968236794,1.0157687383523493,34
4874000,-2676693.8660931177,300.08041014451453,1995.4164644161876,1.0143692718516162,34
4876000,-2674478.1237253193,300.29141332794774,1994.2019328020726,1.0149870545990833,34
4878000,-2676215.936476318,300.3891946201319,1993.3420779639014,1.0154248828771426,34
4880000,-2676532.8005347084,300.81946224990946,1990.2378753040925,1.0170086556820803,34
4882000,-2678472.3268695623,298.97465317976435,1991.3006352442044,1.016465876737065,34
4884000,-2677643.5818016343,300.6567313594194,1995.8799517775185,1.014133712925937,34
4886000,-2675267.3718447573,299.31915709003306,1993.694599995815,1.015245337001376,34
4888000,-2676479.949359661,299.9452695962453,1991.351050923453,1.0164401425413867,34
4890000,-2677038.4971089996,301.29201734812125,1993.999100810896,1.015090300305272,34
4892000,-2676237.571328163,299.5797351521321,1993.057712380998,1.015569761716787,34
4894000,-2678210.336159369,300.7557322798448,1991.608986539803,1.0163085021860654,34
4896000,-2678953.5866592247,301.1512840433361,1993.4623796808783,1.0153636038893292,34
4898000,-2675082.706698656,299.57204100567526,1992.810332208674,1.015695830825623,34
4900000,-2676425.185647063,300.5577845188481,1989.8282631693608,1.017218009973707,34
4902000,-2677533.173642868,299.0422195100737,1991.5074699214924,1.0163603082695778,34
4904000,-2676418.822842067,301.07318365413266,1990.1630827881238,1.0170468759851188,34
4906000,-2676472.979647901,299.79833345182334,1990.387909017165,1.0169319944523032,34
4908000,-2677307.635642696,299.74476038033004,1990.5069689321915,1.0168711678193212,34
4910000,-2674982.9755788967,301.11229122510326,1993.4113073733363,1.0153896180701723,34
4912000,-2677089.295525234,299.9513688948864,1991.7319686343976,1.0162457488887735,34
4914000,-2677271.805455137,300.2490350356241,1992.652099241022,1.0157764854294067,34
4916000,-2675456.9816504847,300.86102634980466,1991.690468061742,1.016266924257745,34
4918000,-2676995.670276139,301.5117739401839,1994.7230097335546,1.0147219118512814,34
4920000,-2677175.039439779,300.3446845863175,1992.509027305875,1.0158494231704438,34
4922000,-2673356.311079325,301.3839774244184,1992.343533411639,1.0159338046408972,34
4924000,-2672752.7141809314,299.8250367663104,1995.1347423601094,1.0145125053840796,34
4926000,-2676653.8719281573,301.19851171026556,1989.6619368565773,1.0173030445807232,34
4928000,-2676058.307281561,300.66396407451214,1993.7068563878888,1.0152390957403494,34
4930000,-2678112.3236295413,299.6055259714962,1990.3878737297152,1.0169320124814207,34
4932000,-2676555.6006281935,301.31650297028546,1990.0279743053425,1.017115926100045,34
4934000,-2678599.1635578535,298.9941755328928,1988.8662420045782,1.017710041682087,34
4936000,-2674250.3453499507,299.57970780812036,1992.8237571180844,1.0156889884621332,34
4938000,-2674863.2362561133,298.69178076410265,1993.2783714194823,1.0154573365531234,34
4940000,-2678305.33618553,299.72651509213904,1991.5494043380027,1.0163389076071596,34
4942000,-2675232.605720589,300.5152690675375,1988.9095015647556,1.0176879060903183,34
4944000,-2673845.7019556016,301.4866090683872,1993.15590437459,1.0155197300964227,34
4946000,-2676472.936937604,300.3523301459118,1991.9869150242002,1.016115683684591,34
4948000,-2673530.8832995873,299.96083827622493,1991.7328801817596,1.0162452837881868,34
4950000,-2675838.913099779,300.9540638482862,1996.7953731920225,1.0136687881116837,34
4952000,-2677326.787645314,300.92633039492375,1994.1673087598201,1.0150046774708001,34
4954000,-2677661.0473677237,301.92511653809873,1990.0575001503248,1.0171008354772058,34
4956000,-2676625.3894555327,299.969667459519,1987.055804466065,1.0186372931758005,34
4958000,-2676561.470412057,299.76753047381914,1990.414309258133,1.01691850618025,34
4960000,-2679411.0630964246,300.25952700494395,1989.2048033827818,1.0175368280875199,34
4962000,-2676693.982620787,300.12435415725093,1990.6993213102571,1.0167729121032407,34
4964000,-2676071.3736594804,300.74684046093256,1992.2660130572312,1.0159733352799154,34
4966000,-2677730.379354153,300.20555163838134,1992.185257301949,1.0160145190472063,34
4968000,-2675945.004809566,299.9294459172235,1990.6185600846088,1.0168141635153565,34
4970000,-2677225.9747388996,300.0142753563221,1990.4196009665054,1.01691580261153,34
4972000,-2676126.9134724494,300.60499742132976,1989.716267017671,1.017275266631068,34
4974000,-2675487.2416699845,300.198240890778,1992.2026929886486,1.0160056269244826,34
4976000,-2675728.0339513943,300.05640581940634,1993.0097226831438,1.0155942156296105,34
4978000,-2676002.7418924663,300.36326202658734,1992.4137203312862,1.0158980162584013,34
4980000,-2676591.056828771,300.076488896078,1991.196485679032,1.0165190430015878,34
4982000,-2678865.6570147816,301.0993312393847,1990.0634074572858,1.0170978163136841,34
4984000,-2676607.334710069,299.9312228264183,1989.5141974374303,1.0173785885306463,34
4986000,-2673031.763574563,299.60795256081786,1992.7002446175393,1.0157519433832658,34
4988000,-2673314.2473532073,301.84135333536307,1993.4318556005373,1.0153791514688129,34
4990000,-2677771.538118828,301.4543211494265,1991.8630074834605,1.0161788930493916,34
4992000,-2675759.346059844,299.88342617096896,1991.427561418142,1.016401090988805,34
4994000,-2679187.898779664,299.7832131269956,1987.7746464673232,1.0182689218054923,34
4996000,-2678987.778870316,299.7932414115447,1988.3414282376432,1.0179786616650723,34
4998000,-2678886.6550024506,300.65431752544555,1991.2327361939135,1.0165005372096603,34
5000000,-2677060.7451825384,299.8230934952183,1988.7409439672597,1.017774161179988,34
