#"Step","Potential Energy (kJ/mole)","Temperature (K)","Box Volume (nm^3)","Density (g/mL)","Speed (ns/day)"
2000,-2667864.095191622,299.66658629756813,2030.1569086035408,0.9991392233942284,0
4000,-2671301.8133464716,300.984316516126,2013.0461584036486,1.0076318362412036,140
6000,-2674353.3316151258,300.6666441593027,2004.721584664179,1.011816011034948,140
8000,-2676636.068705287,301.803280991227,2001.6476905263987,1.0133698385739065,142
10000,-2677273.2711633947,300.9152311506949,2000.264142119052,1.0140707691143733,141
12000,-2676813.3816749062,300.9339875646354,1999.8514894633333,1.0142800141499007,141
14000,-2677994.128187498,300.65291528543827,2000.949200494782,1.0137235850510333,141
16000,-2678005.7651320472,300.5102597455936,2001.9066425181593,1.0132387564682201,141
18000,-2675541.921591524,299.60148369032504,1998.956669470386,1.0147340500221984,141
20000,-2678923.164078884,300.2202376153969,1999.2075760387836,1.014606697844576,140
22000,-2679797.600955276,299.1113042711564,1999.9457979708782,1.0142321852365048,140
24000,-2676487.7874096353,299.82609710373265,1999.8427431761609,1.01428445009083,141
26000,-2680425.2158093546,299.7921245234248,2000.6348271193592,1.013882878341772,140
28000,-2678871.5022223946,299.8148833888594,1999.908564934921,1.0142510675714698,140
30000,-2676530.4291127957,299.94396954423763,1999.8385394058546,1.01428658217238,140
32000,-2680291.1159171313,299.27468451870277,1997.0979393429684,1.0156784787920328,139
34000,-2684377.269881053,301.40667486834747,1996.7012797846464,1.0158802508752551,139
36000,-2677189.345122695,300.533404957174,2000.0759496471262,1.0141661857333177,139
38000,-2680920.6998228896,299.62819470936694,1997.0224747511434,1.0157168598131763,139
40000,-2679142.6582297515,301.021801039068,1998.1774120555724,1.0151297801649637,139
42000,-2679164.9713869337,300.65133412124857,1998.2914063230266,1.0150718712056925,139
44000,-2681271.401210187,301.9668934908136,1999.791359292025,1.0143105117469233,138
46000,-2680979.1069574207,299.79577975047806,1998.2785888028923,1.0150783821617821,138
48000,-2678523.2991265524,300.21180409820295,1997.2604561811452,1.0155958331588772,138
50000,-2676109.6975395735,300.23618994972315,1998.898152228942,1.014763756106693,137
52000,-2678707.9128483366,299.12721835578617,2000.4886178883721,1.0139569797561103,137
54000,-2680323.9324149545,300.1852279914027,1996.107785992809,1.016182298002357,136
56000,-2679619.898731377,300.1416066728925,1994.6632527156266,1.0169182162798653,136
58000,-2679885.8448969405,300.17168278925357,1997.393714123291,1.0155280767572117,136
60000,-2681207.7484972943,299.4010859619678,1994.2004027122643,1.0171542410039522,135
62000,-2679764.5913653877,300.5032905124217,1998.408074528378,1.0150126107298036,135
64000,-2677725.5135959517,301.4100478368581,1998.2371615951688,1.0150994266422884,135
66000,-2681141.865073405,300.0344669714557,1997.3466145331347,1.0155520240059561,134
68000,-2679309.352845745,299.9897494084983,1996.177154530177,1.0161469849643574,134
70000,-2677248.506130878,300.0971194864927,1999.241918941882,1.014589268968572,134
72000,-2678520.7798286825,299.96745617380367,1997.7772100950142,1.0153331346362182,134
74000,-2678632.0778278615,300.2399831587177,1998.9732602798395,1.0147256280689865,133
76000,-2679280.6222811975,300.56984647550166,1998.2790829049543,1.015078131169653,133
78000,-2681598.915532116,300.1298534788658,1996.1029112336598,1.0161847796599541,133
80000,-2681037.0205580182,300.71058949498985,1996.180025270758,1.0161455236260266,133
82000,-2680732.8862812016,301.30108909656684,1995.3674622064952,1.0165593232574495,133
84000,-2679769.412545385,300.4048892638108,1993.1761378665756,1.0176769420898777,133
86000,-2679731.963425856,299.56914211242145,1996.8212919360888,1.0158191948483548,132
88000,-2680055.759163566,300.8135288418989,1997.1196161509388,1.0156674545813813,132
90000,-2681878.1461198833,300.1872678361322,1997.379769917525,1.0155351664117063,132
92000,-2678907.062595278,301.320867794856,1999.1462773220956,1.0146378081686311,132
94000,-2679495.93257772,299.64978196158836,1997.9168749739974,1.0152621575194256,132
96000,-2677764.741892906,302.02785339159624,1996.8370771739926,1.0158111646751167,132
98000,-2681019.1782385036,300.49559849074257,1997.804531176883,1.0153192493940622,132
100000,-2681677.440679686,300.11155007194293,1996.2384169488314,1.0161158005018809,132
102000,-2675861.596988717,300.4271537224171,1999.6299132920901,1.0143924050881485,132
104000,-2678746.7247146685,300.8550393868866,1995.0344711737762,1.0167289970870312,131
106000,-2680241.604050791,300.10776096732036,1996.0114105548964,1.0162313633601254,131
108000,-2681224.241237439,299.5852896325318,1997.9417968372156,1.0152494933744238,131
110000,-2683436.0308344476,301.6728513263281,1994.64833158311,1.016925823421046,130
112000,-2680534.4471502043,301.36380846946275,1994.5716551675728,1.0169649166402868,130
114000,-2680962.3572428785,299.70496699160697,1997.6931337939802,1.0153758666518784,130
116000,-2684889.2851285897,300.5231452686239,1996.8774514330223,1.015790626297532,129
118000,-2680034.361413285,299.8234545918075,1996.4823021656796,1.0159916743715969,129
120000,-2680928.5902244058,299.57697158450634,1997.1782415739472,1.0156376405503043,129
122000,-2682629.9710131474,299.82718199459555,1996.9994005116187,1.0157285958678324,128
124000,-2684426.523474997,300.2169302976372,1991.7435458286345,1.0184089218106043,128
126000,-2681404.0510040186,300.48220426515627,1994.6244260992155,1.01693801123123,128
128000,-2681907.6526311524,300.40906555395384,1994.1105948348572,1.017200050129894,128
130000,-2682405.2386469785,299.20238288409934,1994.3612125630912,1.0170722255592408,127
132000,-2679901.0475445427,299.7295443140577,1997.8115218159453,1.0153156966412984,127
134000,-2681604.8268149123,301.06241360854506,1994.7106695591465,1.0168940428231985,127
136000,-2680156.175687529,300.7720629694176,1995.763739254346,1.0163574761551786,127
138000,-2681929.6292347573,299.9612417473017,1998.9458157148865,1.0147395597639777,127
140000,-2682733.7903539427,300.52325019873166,1994.1769232900986,1.017166216969351,126
142000,-2681878.618932599,299.8621621215598,1994.5675031173676,1.0169670336352663,126
144000,-2680336.379449239,299.65634758591204,1993.0954439661045,1.0177181444929664,126
146000,-2679920.5944217816,300.13767450693945,1998.2107639189207,1.0151128367722444,126
148000,-2680205.062682893,301.4137658130472,1994.2533950038749,1.017127212676315,126
150000,-2677302.8053932246,300.0702863067227,2000.1433804401397,1.014131995169371,125
152000,-2681407.318294555,299.59776651506843,1994.7101821755818,1.0168942912890897,125
154000,-2682716.0356317908,301.5406773696996,1995.2206569517848,1.0166341201225777,125
156000,-2680491.760119278,299.76046480470524,1994.9585172069412,1.0167677069648853,125
158000,-2682525.803668108,299.1148576203519,1992.4340149284828,1.0180559967519818,125
160000,-2680799.885006372,299.5075707764649,1994.1097096028282,1.0172005016888328,125
162000,-2682121.9622135274,300.6740926238649,1997.5562006456676,1.0154454710084897,125
164000,-2680079.5370805487,300.64592830608416,1998.2244606491724,1.0151058787317568,124
166000,-2681214.998833187,301.7548400665634,1994.9724432057728,1.0167606093701556,124
168000,-2678719.6685783733,301.18224686259236,1997.5133230501995,1.0154672680396402,124
170000,-2681323.9783846624,300.3097426575987,1994.1881462189954,1.0171604925425206,124
172000,-2678597.543085344,301.09359360818,1999.3633353639568,1.014527655455543,124
174000,-2681632.810642097,300.2429733244004,1997.8872951559017,1.015277189032971,124
176000,-2680616.3895621356,301.1523159179522,1998.7375744870321,1.0148452818030163,124
178000,-2681628.498480195,300.13494006897264,1995.3336762156832,1.016576536149892,124
180000,-2680398.529524993,300.6795437720355,1994.78752298046,1.016854864822833,124
182000,-2680091.6520894654,300.61316536161905,1996.5063556581827,1.0159794339156358,124
184000,-2682084.8205678985,299.84760890574876,1997.1988478816593,1.015627161602869,124
186000,-2679989.2688672617,300.3297649403683,1997.5794799392104,1.0154336372599788,123
188000,-2682770.641191488,301.03309233588715,1998.710580469715,1.0148589880151007,123
190000,-2681994.9379026536,300.15202906753865,1991.3239881590714,1.0186234932597695,123
192000,-2678607.169552084,299.34934374054757,1995.8387159104,1.0163192951717606,123
194000,-2682296.6876469776,300.29704033553617,1995.626808838507,1.0164272137690624,123
196000,-2680573.1882492863,300.5343186463047,1994.8724256369412,1.016811587028138,123
198000,-2682823.564500114,301.0686668500101,1996.1353172270763,1.016168282543253,123
200000,-2681749.1327357385,300.61372156864644,1995.6764442801868,1.0164019337123502,123
202000,-2681979.2055188958,300.90671075169286,1992.705386946086,1.0179173551285476,123
204000,-2680826.9666244965,300.6518383302232,1996.4189857950748,1.0160238965182724,123
206000,-2679710.8840210363,300.9330975549305,1997.774419792406,1.0153345527576365,123
208000,-2678667.2454429753,299.9942226942292,1996.9956692565636,1.0157304936899039,123
210000,-2682737.6235309597,300.74705265989087,1998.8679340687838,1.014779096936961,123
212000,-2678324.076337969,299.639110348945,1997.997464069576,1.0152212069874453,123
214000,-2683142.328509802,299.99179570804114,1993.8794913304325,1.017317950182183,123
216000,-2680456.4396071658,300.4753746454692,1996.1868649100622,1.0161420419535518,123
218000,-2683138.5955911074,299.1853278714608,1997.8620976816546,1.015289993931194,123
220000,-2680632.2693909407,300.2590036143657,1996.578943109866,1.01594249705505,123
222000,-2680524.1821659617,300.33168795174225,2000.5825017797304,1.013909396501311,123
224000,-2680898.914093444,300.9366170156508,2000.3073357317478,1.0140488717892648,123
226000,-2680394.5047536865,300.22212947497013,1994.2080765632552,1.017150326923886,123
228000,-2680944.1676234007,301.47944884737416,1994.9566887089106,1.016768638893764,123
230000,-2681976.721099062,299.73279693851515,1994.1659047757469,1.017171837194094,123
232000,-2681849.4157105125,301.3612932336692,1997.2872543208573,1.0155822066367186,123
234000,-2681270.98865374,300.1824283050936,1997.672452141875,1.0153863787107533,123
236000,-2680872.313153278,299.7100017021423,1995.6553302683583,1.0164126872338255,123
238000,-2679302.7308750115,299.63672300504885,1999.3088717753371,1.014555292414319,123
240000,-2678969.89976513,299.80515905929826,1997.0144589259892,1.0157209368035647,123
242000,-2681446.4624123443,299.3837596786628,1996.6247668061496,1.0159191805855754,123
244000,-2679083.1012091525,300.5212758960002,1996.227480092706,1.0161213675589562,123
246000,-2686548.085254973,299.80366104078786,1993.481248282116,1.017521182493466,123
248000,-2680209.500885086,300.2464586469593,1996.1764701360464,1.0161473333529105,123
250000,-2683792.6848526523,300.59766390568683,1995.9527422518076,1.0162612340922181,123
252000,-2681712.6681728605,300.66013376594,1998.2826682363964,1.0150763099100297,123
254000,-2681213.4553769454,300.03131591229885,1994.604773157449,1.0169480311729162,123
256000,-2683045.9570530243,300.31083407486415,1998.5339275342258,1.0149486926815416,122
258000,-2682868.4251948874,299.62697613887553,1996.0333368869105,1.0162202001065543,123
260000,-2680133.6975157764,299.9208577426204,1994.3302884997704,1.017087996269883,122
262000,-2682289.48729706,301.08792062375556,1995.9203054887598,1.0162777498943545,122
264000,-2682156.9912979566,300.3392871986316,1994.9502223131385,1.0167719346293438,122
266000,-2680969.4544671252,299.03738527587643,1994.8596842529687,1.0168180815134193,122
268000,-2683099.0063344,300.79942252222895,1995.6176729446893,1.016431866950493,122
270000,-2678535.109795101,300.5671020911804,1998.3962939048417,1.0150185942684482,122
272000,-2681625.15259004,300.9690280054158,1994.6823072391364,1.0169085020050712,122
274000,-2684316.75822106,299.50051621937337,1994.588388938026,1.0169563847258485,122
276000,-2680993.6185900047,299.9500433631926,1996.1877176126982,1.0161416078926715,122
278000,-2680980.213275671,300.21831541855,1996.5566485405932,1.0159538415868439,122
280000,-2680298.7746474613,300.98729567902654,1998.415291728906,1.0150089450505124,122
282000,-2680926.4696943667,300.2866062828783,1995.2134388483057,1.016637798009934,122
284000,-2683452.8451911714,300.38497680797946,1994.3763711694842,1.017064495123921,122
286000,-2680495.343923142,300.15759139613596,1997.5353269401662,1.015456082139832,122
288000,-2682535.547212297,299.760743428212,1999.3136663233795,1.0145528594123479,122
290000,-2681142.210625984,299.5299547419786,1994.7127495821514,1.016892982438437,122
292000,-2679301.8791858926,299.26944674003477,2000.6711597756623,1.0138644659915113,122
294000,-2680363.5729440097,300.3765076700472,1999.8690115425516,1.0142711274204923,122
296000,-2682148.530788224,300.37549711563855,1992.9305474665275,1.0178023512204897,122
298000,-2681621.334062267,300.0037085674773,1997.5574284055638,1.015444846884643,122
300000,-2681998.0042325985,299.4027217908077,1997.1433421551833,1.015655388481853,122
302000,-2678520.378681561,300.80921948061973,1996.2723221652811,1.0160985425227107,122
304000,-2681365.742757492,300.7159158625798,1997.7358572224123,1.0153541519001439,122
306000,-2681911.531985473,299.7813102967874,1994.8271824407016,1.0168346485778177,122
308000,-2680255.4854779616,301.2396107407283,1994.413465265365,1.0170455787414578,122
310000,-2680104.595729729,300.9205393502787,1994.5365192999648,1.0169828315515093,122
312000,-2681706.0787287783,299.9037483786913,1995.3613470199725,1.0165624387081336,122
314000,-2679682.597813569,301.0190101169678,1996.525673477585,1.0159696035851362,122
316000,-2683363.053952491,300.33007839082927,1991.8013808371406,1.0183793507453252,122
318000,-2679740.4720478915,299.56031510974145,1996.1212599476203,1.0161754387024544,122
320000,-2680650.0692425743,302.1523644531251,1994.4527743034118,1.0170255336023273,122
322000,-2682092.9100200664,300.6203470522051,1998.2679351410704,1.0150837939995123,122
324000,-2682353.034773305,300.09553501104614,1997.9212569385547,1.0152599307836245,122
326000,-2681349.7766664065,300.2224629309363,1993.7113518749718,1.0174037455938474,122
328000,-2680359.976659015,300.9525302339983,1997.6365245808704,1.0154046404693944,122
330000,-2684070.646779258,300.6085417312007,1998.909058053577,1.014758219668942,122
332000,-2679373.4516179375,299.3217186614257,1996.6132942833542,1.0159250180484387,122
334000,-2682697.9952589422,300.27336612552637,1992.6341485269595,1.0179537465671038,122
336000,-2684522.27990523,300.9358040313964,1995.6268874167442,1.0164271737470227,122
338000,-2682812.581135109,301.07574500076026,1992.0841068643062,1.0182348175165363,122
340000,-2680307.03946287,300.61267711977246,1996.8360762674936,1.0158116738466048,122
342000,-2677482.829219604,301.21706675116707,1999.2237049010077,1.0145985124416115,122
344000,-2681824.9681621734,300.9326762470897,1999.6065719705518,1.0144042460470777,122
346000,-2682830.6087343246,300.6360641089757,1995.5202870382684,1.0164814711260663,122
348000,-2683207.4649397917,300.28057886089744,1994.2977350038861,1.0171045984899625,122
350000,-2680615.3981014155,300.2748795372887,1993.901161154895,1.0173068939162897,122
352000,-2683224.415590275,299.9635631497563,1994.1422331478452,1.0171839116152872,122
354000,-2680690.2972664125,300.0546550773547,1997.236422166534,1.0156080544686943,122
356000,-2678987.3955780473,299.5990882908142,1999.393244406201,1.014512479076114,122
358000,-2681031.7633631136,300.9465128323359,1998.5280027746553,1.0149517015595622,122
360000,-2679328.3275086116,299.7831483067707,1996.4934410148496,1.01598600594425,122
362000,-2679589.347929273,300.95942654784767,2000.280511877917,1.0140624702313596,122
364000,-2682923.285184538,300.5355327874111,1997.9910651174857,1.015224458429345,122
366000,-2682786.223663915,300.93412286127665,1995.6172938093357,1.016432060056284,122
368000,-2680988.2053028326,299.6100451218271,1995.8298353863968,1.0163238173247695,122
370000,-2682887.3103705104,300.0465226594591,1995.527513984951,1.0164777898651745,122
372000,-2679368.8615919743,299.4944095466838,1997.6506777949576,1.0153974463991693,122
374000,-2679190.514553327,300.79969116437564,1995.915849055701,1.0162800190149508,122
376000,-2681014.6831234414,300.7764477719925,1997.1133308167828,1.0156706510996985,122
378000,-2680173.379791856,300.50421820934474,1997.4801521595823,1.0154841312628553,122
380000,-2681964.9870967735,300.5565837803215,1990.8023232070507,1.0188904108585406,122
382000,-2682334.752732925,299.96190424585336,1998.5484512657451,1.0149413169072345,122
384000,-2681278.6409993097,301.1562727326373,1994.4538932486353,1.0170249630221466,122
386000,-2679604.2220707294,300.1991123668018,1995.6376449630407,1.016421694664983,122
388000,-2682965.373232143,299.9644890088873,1995.5718422601417,1.0164552105191245,122
390000,-2677920.624902986,300.7986198808789,1995.3085923768112,1.0165893159485313,122
392000,-2682622.006481737,300.25031691407713,1998.428675242596,1.0150021475168904,122
394000,-2681245.0275233705,300.61227299447546,1997.4656359986702,1.0154915110799532,122
396000,-2681713.5358987227,300.59237708044765,1996.7459537168618,1.0158575222124615,122
398000,-2681398.8012361303,300.43450377222825,1996.5102725797324,1.0159774406818451,122
400000,-2679372.649212215,299.63313686847744,1998.9778786313593,1.0147232836910436,122
402000,-2685173.2728456,300.5903292340911,1994.7621993763476,1.016867773845294,122
404000,-2680864.082723722,299.5329086015528,1993.396026818764,1.01756468345514,122
406000,-2682716.3211266007,299.6673300759581,1997.1757884691733,1.0156388880446705,122
408000,-2684159.3443525694,299.86000521788395,1992.5405260891905,1.0180015766162505,122
410000,-2683263.7933150083,300.2489217001595,1994.7617587684322,1.0168679984535653,122
412000,-2684686.6653411034,300.49422305222106,1995.904614100469,1.016285739659332,122
414000,-2683334.99205992,299.65881582362385,1995.3085970372517,1.0165893135740844,122
416000,-2681447.996194709,300.20718736511037,1997.617718661045,1.0154141996648705,122
418000,-2682628.0265320335,300.76878122785587,1991.984508640307,1.0182857287455138,122
420000,-2680950.89825904,299.5678175685929,1999.0143414797753,1.0147047747186415,122
422000,-2680401.81556179,299.58349622590794,1995.4171126798858,1.016534028971203,122
424000,-2681786.9005395826,301.182660727811,1996.2530384461613,1.0161083579912482,122
426000,-2682012.1850879565,300.8277204784391,1997.0491875306047,1.0157032734575466,122
428000,-2680758.7794991955,300.9546579318168,1995.4665439370963,1.016508847614391,122
430000,-2680583.472082423,299.76622552788496,1995.2501484248442,1.0166190934163835,122
432000,-2680181.36639248,301.0559044830203,1996.280010564074,1.01609462915847,122
434000,-2679368.837792244,300.3046012242117,2000.5846930452628,1.0139082859536188,122
436000,-2681047.9285945855,300.0276660464295,1997.3133353260655,1.0155689451196837,122
438000,-2681304.623091299,300.63516040857485,1994.3566499478075,1.0170745523794118,122
440000,-2679279.008295467,300.3962357130196,1997.0397956909733,1.0157080501887257,122
442000,-2683538.9060082044,300.9705165157832,1994.534625970128,1.0169837969315598,122
444000,-2680938.133102417,299.4979546650951,1991.4536345447152,1.0185571794616766,122
446000,-2683204.653340334,300.54450944285827,1991.6017167865914,1.0184814463322347,122
448000,-2682438.6136577055,300.304485735553,1995.343065973413,1.0165717523071778,122
450000,-2682598.822116565,300.53665579064995,1993.1662718328166,1.0176819795196237,122
452000,-2679387.264290964,301.0348626972052,1996.1276296724516,1.0161721960451071,122
454000,-2682929.7041090224,300.36215634139046,1995.8858863955143,1.0162952756250967,122
456000,-2680900.2967710365,299.9503594995231,1999.288767675036,1.014565494402991,122
458000,-2683423.251456151,301.12965401164433,1996.7816332914033,1.0158393703206454,122
460000,-2681473.6250841636,300.2029266106634,1996.94827644032,1.015754599636567,122
462000,-2679970.6327214167,300.2760656438578,1998.6718352576443,1.0148786615433,122
464000,-2681767.9714298993,299.68003755823025,1999.7889803621376,1.0143117183610288,122
466000,-2681449.46654135,299.2224681848009,2000.4290514303661,1.0139871721919838,122
468000,-2679858.255896628,298.9132230582072,1995.2040483923731,1.0166425828300376,122
470000,-2680383.51626751,301.25987643845974,1999.826386755828,1.0142927458423576,122
472000,-2676134.368519321,299.56696234153776,1996.1837045184534,1.0161436507267199,122
474000,-2681076.4047063496,300.5395738474971,1990.9117773981502,1.0188343954052164,122
476000,-2683840.8876947556,300.3911130043863,1989.5147109058091,1.0195498359029733,122
478000,-2680753.7711579297,299.65914341834446,1995.823960304753,1.0163268090642827,122
480000,-2680509.244628273,299.3876181925802,2000.180072447622,1.014113391574991,122
482000,-2682144.4865146186,300.43722183044406,1992.6256771002697,1.017958074284365,122
484000,-2683527.2323754616,300.13421744298967,1993.3751845731574,1.0175753228637257,122
486000,-2682396.535844162,299.5416269227186,1994.6733114913818,1.0169130881457291,122
488000,-2684519.1746013947,299.0836395769318,1993.8383950114428,1.0173389187938315,122
490000,-2683645.2590444647,301.37166707209565,1993.307224695496,1.0176100161079964,122
492000,-2682338.3352719676,300.7569786532253,1996.9735970215615,1.015741720399255,122
494000,-2684231.5259795096,300.21379773079474,1994.273562587185,1.0171169267264915,122
496000,-2680340.285936497,300.3335936356386,1993.1962930633292,1.0176666513427644,122
498000,-2684162.47199524,300.3306184154662,1994.0640413524827,1.0172237977145366,122
500000,-2682201.119308129,300.688522556857,1994.6320233284728,1.0169341378795933,122
502000,-2682886.7167393304,300.5148778034008,1995.3866138976252,1.0165495663361397,122
504000,-2684414.2478809934,299.208214225166,1993.9054473086214,1.0173047070855448,122
506000,-2682458.8306612223,300.4154212954828,1995.3865162079624,1.0165496161041339,122
508000,-2681943.2152654547,300.37531462261796,1996.5992830306145,1.0159321473619236,122
510000,-2682554.0765115693,300.74797251856364,1991.6580424197484,1.018452642887516,122
512000,-2677646.547805421,299.44227947205763,1999.8136287152506,1.0142992166393474,122
514000,-2681355.7169398647,300.20508047074594,1995.5480184345051,1.0164673454572362,122
516000,-2682562.9128092807,299.71324855293994,1997.569421661666,1.015438750230392,122
518000,-2682450.359053863,299.061939134263,1996.7024259973748,1.0158796677062965,122
520000,-2680819.2503100615,299.1441092230363,1998.3495612412191,1.0150423311178247,122
522000,-2683196.3124052975,301.65740719707355,1995.7917460886188,1.0163432136673953,122
524000,-2680539.1740812156,301.11469897423405,1996.7524404649107,1.0158542220478208,122
526000,-2683184.160269158,301.4038754733139,1995.9868891948315,1.0162438480990308,122
528000,-2683256.7996209487,300.8708289434964,1994.620916854717,1.0169398003852945,122
530000,-2681746.049496608,300.0065923473706,1995.4255192414475,1.0165297463979814,122
532000,-2684365.8774487693,300.65154502427123,1995.0716275594107,1.0167100614387168,122
534000,-2682794.5568969827,300.6878935559989,1995.0485900209628,1.0167218017528366,122
536000,-2682471.8635303658,299.4520585433318,1996.327100124081,1.016070661418409,122
538000,-2682569.514363913,299.44916502762817,1996.2116715939155,1.016129414477847,122
540000,-2679700.6186224986,300.72953664836353,1997.8852989047057,1.0152782034797483,122
542000,-2677584.9357318506,300.4517226007239,1999.7908582000753,1.014310765904917,122
544000,-2683141.3390798997,298.99824693954827,1997.243163019729,1.0156046267114107,122
546000,-2681086.914968798,300.69459343927787,1998.6725790932312,1.014878283841183,122
548000,-2681960.529071087,299.8638176344625,1995.7150475181977,1.0163822733876908,122
550000,-2682785.466259379,300.87601290893264,1996.8638088792188,1.01579756616905,122
552000,-2681654.1537430584,301.1674037818355,1998.1591333685378,1.0151390663320368,122
554000,-2683052.347382592,300.3487073919069,1996.3435759636525,1.016062275779077,122
556000,-2679222.02569985,299.9445060159479,1995.6774281015755,1.0164014326504311,122
558000,-2683477.6115964167,299.363872608815,1996.0157724766157,1.0162291425752414,122
560000,-2683428.6421441454,300.27142105327636,1996.4270754031404,1.0160197795459025,122
562000,-2682143.4137177076,300.5514651615438,1993.1407458151286,1.0176950129033746,122
564000,-2682653.8669100665,300.806227261855,1994.5822441212601,1.0169595177180633,122
566000,-2683078.741738327,300.123411877482,1996.5506633065643,1.0159568872002689,122
568000,-2683972.284396589,298.30103640396976,1995.177966277985,1.01665587296685,122
570000,-2681375.591459872,300.7139671662592,1995.5582194366198,1.0164621494246477,122
572000,-2680168.800150059,299.3419705286791,1993.2180531115862,1.0176555414316293,122
574000,-2682115.358487742,300.43400799899985,1995.4655186955004,1.0165093698820742,122
576000,-2680953.2852752786,299.40178816883156,1999.1719837222486,1.0146247614244193,122
578000,-2680357.704854332,300.68015530739524,1999.569130959276,1.0144232402995028,122
580000,-2683130.3496494833,300.24688085419797,1996.5007947530758,1.0159822637493314,122
582000,-2680740.8371404726,300.81007360028826,1992.9090522517683,1.0178133290822726,122
584000,-2681303.280845549,299.1926854109835,1995.890567873082,1.0162928918453384,122
586000,-2682189.4724522345,299.93357523907014,1997.5295644577277,1.0154590115321895,122
588000,-2682431.914084358,299.4678700912672,1995.4945698018482,1.0164945711839193,122
590000,-2682241.7773816884,299.91045509785977,1995.0256986932852,1.0167334678240736,122
592000,-2678935.690165624,299.8818392912696,1997.0340925611347,1.0157109508477127,122
594000,-2680597.176420871,300.37127365758846,1996.4289984854483,1.016018800853615,122
596000,-2680130.721167719,300.1450460924322,1997.1055803091147,1.0156745927857302,122
598000,-2679426.2373016328,300.2233425801834,1997.4781987916228,1.015485124322087,122
600000,-2679331.8688421566,299.47717736668255,1999.2907409049321,1.0145644930624036,122
602000,-2680476.7339529675,301.45774673674185,1998.1456738376546,1.0151459043197737,122
604000,-2681934.8039950244,301.4630471667831,1997.6018706668315,1.015422255463474,122
606000,-2681619.4905460738,299.90786836264,1995.0750795315475,1.0167083022794554,122
608000,-2682802.9431196135,301.2108890749876,1993.7972164042453,1.0173599302584773,122
610000,-2681086.17748568,300.6578883971055,1999.0521651347913,1.0146855756982203,122
612000,-2680930.7761507444,299.70823830506134,1996.4158621092558,1.0160254862368763,122
614000,-2679261.9443338923,300.4964949275888,1996.1172928340106,1.0161774582648455,122
616000,-2679285.5556894224,300.8594266971397,1998.8926610810404,1.0147665437590658,122
618000,-2680303.971171938,300.41883195825716,1998.0190669977715,1.0152102302399257,122
620000,-2680282.1058880184,301.0969079366832,1996.5655886377156,1.015949292411967,122
622000,-2683928.5518204067,300.3269107333742,1997.3277805935566,1.0155616002235628,122
624000,-2682350.8003195617,300.31854064070063,1998.1135754482718,1.0151622119756134,122
626000,-2683225.0598497298,299.7448459192855,2000.0907794323418,1.0141586661412763,122
628000,-2681087.7002581917,300.8112540915105,1999.499703716679,1.0144584634146996,122
630000,-2679844.8384489026,299.6986225244529,2000.2161230235438,1.0140951138641998,122
632000,-2683227.5597579163,300.0358625518361,1998.3427096215335,1.015045811343706,122
634000,-2681218.657602228,301.4066785869127,1996.861432421569,1.015798775066101,122
636000,-2679615.6499357354,300.1975546751266,1997.596163095545,1.0154251567480361,122
638000,-2681240.219658062,301.0429314323911,1994.3486341607436,1.0170786402569776,122
640000,-2678873.061301904,299.9711831094469,1993.7676275033223,1.0173750285887764,122
642000,-2681379.495773105,299.8271550501439,1999.8965386574937,1.0142571667193425,122
644000,-2681889.026699638,301.13853994594473,1993.7899928564816,1.017363616177293,122
646000,-2682974.5993812624,299.8323025160884,1994.91112403205,1.0167918623516488,122
648000,-2680870.8383906577,299.97923769358954,1997.0629131818216,1.0156962926114355,122
650000,-2678573.71638781,299.887394607554,1997.1091446773746,1.015672780046406,122
652000,-2682302.7559901364,300.48748419003135,2001.602619909998,1.013392656890995,122
654000,-2679400.587440951,300.9548999949361,1999.6892519920568,1.0143623040479426,122
656000,-2680570.8125054017,299.339082819293,1996.7380140151915,1.0158615616035127,122
658000,-2680494.822748691,300.245030407259,1995.819218484377,1.0163292237314667,122
660000,-2680447.823203735,300.7446935376231,1996.774554583402,1.0158429715435588,122
662000,-2681401.5915102437,300.00391052475214,1997.3697609354183,1.0155402553409112,122
664000,-2683294.679373499,300.1852175997232,1995.3588065968645,1.0165637329609272,122
666000,-2683033.7977715675,299.1804842833375,1993.1607638014204,1.0176847918488627,122
668000,-2681155.450960934,302.04169480964754,1994.749194052246,1.0168744035985517,122
670000,-2682810.8333762903,301.06373789476305,1995.8339848881778,1.0163217043045876,122
672000,-2682134.205235306,301.10213091374237,1992.7471632192746,1.0178960153448078,122
674000,-2682415.598458547,300.3934042446675,1997.4118217279647,1.015518870452959,122
676000,-2682462.076733114,300.8468581397155,1994.990042147932,1.0167516399463608,122
678000,-2684019.771832982,300.28627972247733,1994.594052269341,1.0169534972405814,122
680000,-2678902.703392094,299.8137112480557,1996.4593168106328,1.0160033715442682,122
682000,-2682693.2997063417,300.5017676127582,1995.62818679998,1.016426511936151,122
684000,-2681576.484406719,299.8597754220802,1997.5608679308764,1.015443098428158,122
686000,-2684214.2542231306,300.36036182019814,1993.9844812639392,1.0172643849990293,122
688000,-2679777.066594014,299.40278535802975,1996.8203011041717,1.0158196989027655,122
690000,-2682027.6416635066,300.04783495872954,1995.7349647840472,1.016372129978721,122
692000,-2681808.067151718,300.4940071322947,1994.623156058997,1.0169386587481153,122
694000,-2682197.968334835,300.2217525324805,1993.6130503033153,1.0174539119925805,122
696000,-2681501.6373359878,300.72172466634464,1994.6167772434048,1.0169419109338218,122
698000,-2684803.9635330513,300.5912507823736,1995.7247466460879,1.0163773338179072,122
700000,-2681781.122870542,300.2854405674046,1996.2268569220043,1.0161216847659225,122
702000,-2682858.4466543943,299.6340778487078,1994.6715749641721,1.016913973453,122
704000,-2682587.2284051906,300.3356982336727,1997.039886327292,1.0157080040904785,122
706000,-2683505.0574075393,299.841426006928,1994.7164543852482,1.016891093754829,122
708000,-2680955.629868569,301.04935712162,1998.6807877873332,1.0148741156791463,122
710000,-2678242.2110847943,301.0979384378594,1997.4477342413443,1.015500612235536,122
712000,-2681809.4435847383,301.04605356634016,1996.4733361877961,1.0159962370966367,122
714000,-2677456.6307309847,300.0002733025077,1999.1203032400706,1.014650991109954,122
716000,-2679886.7260462474,299.8156380933725,1997.0955866222014,1.015679675333583,122
718000,-2681306.3274152987,299.3751339192412,1996.7931482070605,1.0158335122753688,122
720000,-2680542.74864877,300.0890542261142,1993.5026042441712,1.0175102820092041,122
722000,-2684519.6035081,299.0489001862688,1995.9657493752786,1.0162546114157747,122
724000,-2682241.58600186,300.00864497058075,1998.4156163148587,1.0150087801910896,122
726000,-2682581.250757862,300.5596999329667,1998.0603815634277,1.015189238396987,122
728000,-2681173.820654357,299.84657498330154,1994.1120737722388,1.0171992957213538,122
730000,-2682464.7809312902,299.50856293260495,1995.1749214132221,1.0166574244998061,122
732000,-2681240.4209692553,300.59864088033686,1998.728137415671,1.0148500734338366,122
734000,-2683520.3165549953,299.896500138291,1994.6192294055923,1.0169406607170064,122
736000,-2683032.5975101367,300.0579999323659,1995.8781624857547,1.0162992086171727,122
738000,-2683131.397313455,301.1986189750997,1992.4582322277533,1.0180436228079015,122
740000,-2680521.412270408,299.7751301067073,2000.1765313862225,1.0141151869354152,122
742000,-2683373.325624842,300.7407873521199,1996.7716498361613,1.0158444493124708,122
744000,-2680837.857694447,300.583739828989,2000.7506563874852,1.0138241817163887,122
746000,-2680540.721672276,300.55925963079136,1996.7503926030865,1.0158552639051746,122
748000,-2679652.4347041566,300.5517841567962,1997.2567515033415,1.015597716970429,122
750000,-2685580.9233025983,300.2906127940371,1992.589997143299,1.0179763021688473,122
752000,-2683636.874015659,300.87605228242813,1996.221763892393,1.0161242772323122,122
754000,-2681558.056796927,301.241439905702,1997.5575656604599,1.0154447771120472,122
756000,-2681450.579305783,300.6681740421886,1996.6355468310092,1.0159136955414776,122
758000,-2683543.9523197524,299.71675967242726,1996.0712195153017,1.016200913674373,122
760000,-2678177.764367787,300.15600497540305,1996.0683081748955,1.0162023958414754,122
762000,-2684699.5893196426,299.3258307345066,1996.152989496797,1.0161592862388285,122
764000,-2685750.0757708196,300.51950283902545,1994.6452045126491,1.0169274176888865,122
766000,-2680961.340116542,300.39913451019106,1994.3042531403873,1.0171012742095282,122
768000,-2681252.3688037917,300.0483912382535,1996.0704029615097,1.0162013293825103,122
770000,-2679430.8485393655,300.37291728212625,1998.5793587676287,1.0149256211078526,122
772000,-2681903.547887236,301.4797958288073,1997.2094735649719,1.0156217581974043,122
774000,-2682194.9990671687,300.5620419751648,1993.7463272807129,1.017385897732102,122
776000,-2682556.851463387,300.7580492884431,1994.140398732651,1.0171848473255432,122
778000,-2680832.5905684363,300.4698814540555,1998.0391844589133,1.015200008492266,122
780000,-2681125.8566906564,301.13689740200925,1995.8576917937717,1.016309632380424,122
782000,-2682372.945648521,300.92651728634377,1996.3870082641815,1.0160401708856193,122
784000,-2682487.001134645,299.0522482253545,1998.3147851627346,1.0150599955979327,122
786000,-2682801.297814252,301.0235872442508,1993.2591229817976,1.017634573269224,122
788000,-2681058.7560206316,299.3360746152201,1996.5887371473452,1.0159375134654363,122
790000,-2682481.953262331,300.4484800797112,1995.3588866857738,1.0165636921585026,122
792000,-2682886.761442231,299.23491661200046,1994.097741902108,1.017206606480449,122
794000,-2678201.232576795,300.31377428760993,1999.843962072179,1.0142838318889598,122
796000,-2681916.5358677786,301.14706753161795,1998.8841876391218,1.0147708454416862,122
798000,-2680531.702772148,299.45631281514176,1998.439877679571,1.0149964578297928,122
800000,-2681771.212714361,300.15626658730287,1996.1931747157646,1.0161388300104734,122
802000,-2683751.2742045783,300.5867555739489,1993.1493428083515,1.017690623309007,122
804000,-2683033.287360152,299.71591043395074,1995.3213449746684,1.0165828186719073,122
806000,-2683408.1894242093,298.64084134150283,1994.2593770531712,1.0171241616664028,122
808000,-2684917.6654223315,300.63179860282673,1996.5884050669263,1.0159376824401505,122
810000,-2682826.5245104693,300.54408406396163,1994.2077447382887,1.0171504961719868,122
812000,-2682400.840426542,299.4451533635849,1994.211537838802,1.0171485614955516,122
814000,-2683346.178202931,300.5532392429688,1996.3164838710663,1.016076064801745,122
816000,-2680862.7643698007,300.53404626075445,1998.2498865001814,1.015092962463874,122
818000,-2683927.9990717787,299.8485188995795,1993.0083115229247,1.0177626381701306,122
820000,-2681191.7064631972,299.70142830729554,1993.4996610361093,1.0175117842640196,122
822000,-2680431.54984588,299.9257073435428,1994.5143481376188,1.0169941364044837,122
824000,-2680432.593547255,300.42890586799047,1998.776291257285,1.0148256240095004,122
826000,-2679509.148221599,299.8158673791907,1997.684184006214,1.0153804156184179,122
828000,-2680500.2172863614,299.1930413096576,1995.8546748789076,1.0163111686243573,122
830000,-2678032.867687553,299.11319813976485,1995.694231248466,1.0163928748552014,122
832000,-2682692.1052734684,299.3939291814979,1997.5629919558437,1.015442018699257,122
834000,-2682342.8761486113,299.73442947604605,1995.8696217397705,1.016303557575286,122
836000,-2683240.04680817,301.7254594310123,1995.6776344186808,1.0164013275728385,122
838000,-2680181.5806935597,300.82908872580595,1996.0866494817246,1.0161930583310286,122
840000,-2682515.1014289707,301.1044063522808,1996.925490530014,1.0157661899003547,122
842000,-2680122.476125,299.1755906744078,2000.458115123193,1.0139724404605468,122
844000,-2683603.0131247435,300.1706212791432,1999.9673306213394,1.0142212655045688,122
846000,-2679215.984605016,299.7264742397801,1995.169329148249,1.016660274091378,122
848000,-2685906.974510072,300.0801797055793,1992.2796235917301,1.0181348908110115,122
850000,-2684342.1292529497,300.76278881402226,1992.0082262440574,1.0182736046502914,122
852000,-2681210.650805762,301.14597916165695,1997.1381074577746,1.0156580506155386,122
854000,-2680782.779785959,300.7435106970471,1995.9325962012983,1.0162714917783704,122
856000,-2681429.8534097504,301.81521750601,2000.674811755833,1.0138626153094796,122
858000,-2683898.4166591596,301.7753632565005,1995.6064762185767,1.0164375698329813,122
860000,-2680829.7475351077,299.9740968291728,1995.68023455457,1.016400003321827,122
862000,-2681253.3499654774,300.89434232779604,1995.3774671500894,1.0165542261673717,122
864000,-2681702.3572595846,300.0797953184105,1995.7317217567359,1.016373781564723,122
866000,-2683271.0319304653,300.29423742482953,1993.757677894507,1.0173801056769627,122
868000,-2682845.1236442197,299.5872684131921,1992.3938307075655,1.018076529734191,122
870000,-2682897.019932946,301.3326472153352,1994.9789024672439,1.0167573173440487,122
872000,-2684120.173440326,299.025790782521,1998.2941091120322,1.0150704982721084,122
874000,-2683201.5903790426,301.48282948902647,1991.0822560087233,1.0187471617052484,122
876000,-2682018.6782763675,300.3934049312155,1998.6212411024542,1.014904352718519,122
878000,-2682853.0853286926,300.81554527049366,1997.3547401154642,1.0155478925657992,122
880000,-2679570.1966287624,300.80201039747413,1995.8424811815978,1.0163173778271772,122
882000,-2680079.0835598204,299.76329721312294,1998.4303290499536,1.0150013075486437,122
884000,-2682735.4235868715,298.61585031413586,1992.8440633336818,1.0178465211359253,122
886000,-2685924.1449100617,300.96348778762433,1991.4146118349074,1.018577138570644,122
888000,-2679640.006516924,300.2194627549086,1997.0297753426541,1.0157131466317426,122
890000,-2681567.63774349,299.4144576302283,1996.0636385411747,1.016204773166969,122
892000,-2679157.659164995,300.8789604808637,1999.2195396026202,1.014600626319284,122
894000,-2680712.5134226736,300.5694808827204,1995.6775132792984,1.0164013892692942,122
896000,-2681315.255676985,299.8670857584428,1994.4478783366928,1.0170280301946018,122
898000,-2680881.896198079,301.003988962032,1997.791217387063,1.0153260157402997,122
900000,-2681518.903782759,300.29780557493837,1996.8566469071466,1.0158012094520121,122
902000,-2684051.2322066613,300.1130783519563,1994.5780684372664,1.0169616467405607,122
904000,-2677602.109478431,299.1705903823878,1997.8551977503043,1.015293500407172,122
906000,-2681368.852099266,299.7666418929813,1994.5667944753445,1.0169673949496019,122
908000,-2679236.86994656,299.85089748823077,1999.4692362467142,1.01447392150838,122
910000,-2678511.217222603,299.87307232195525,1997.4233689476966,1.015512999679781,122
912000,-2681583.0364626367,300.22384219619767,1995.5518623204748,1.0164653875103435,122
914000,-2680904.5098847654,300.69403076813387,1997.0229963015825,1.0157165945445363,122
916000,-2682226.9060724135,300.6110840596417,1991.8967082073373,1.0183306135668513,122
918000,-2683566.9066342525,300.402171445282,1999.8832670940235,1.0142638975013758,122
920000,-2682816.419356961,301.0937763509446,1994.095852450379,1.017207570307127,122
922000,-2682849.935354013,301.32586632689333,1996.02701844897,1.016223416958936,122
924000,-2680343.673691353,299.5539776841793,1996.1840776715353,1.0161434607757334,122
926000,-2680366.1770920083,300.0333392149275,2001.5119380478086,1.0134385703484714,122
928000,-2679173.4153822716,300.88377339358453,1999.0824155767505,1.0146702213101895,122
930000,-2681341.5276788175,299.9083970639204,1996.0813276357494,1.0161957676509656,122
932000,-2681639.6804675143,301.28395579256267,1992.6245473362299,1.0179586514389665,122
934000,-2681500.1524118315,300.5738098794095,1999.4207553151696,1.0144985199530103,122
936000,-2680851.9156275075,299.4910535995513,1998.3383170349093,1.0150480425358,122
938000,-2681153.6102358345,300.2675538851953,2003.3174255407584,1.0125252100190951,122
940000,-2681459.1174847092,298.67169956535827,1995.3789652512878,1.0165534629534003,122
942000,-2684345.926142957,300.8698221001397,1994.3573454145803,1.0170741977079891,122
944000,-2683403.8704271223,299.953352252641,1994.3268580175904,1.017089745783626,122
946000,-2680771.2077731118,301.0524761940185,1997.1881815635381,1.015632585729898,122
948000,-2681960.107578339,301.00366750665825,1998.6005341790178,1.0149148678496658,122
950000,-2681173.0610651392,300.2521992688909,1997.171656615731,1.0156409892516558,122
952000,-2684700.0723177176,300.14197168698416,1994.9874403839797,1.0167529659435635,122
954000,-2682363.529771244,300.4696113886418,1995.211426081709,1.016638823592774,122
956000,-2681909.969157826,300.1047770838552,1996.9603079493286,1.0157484798050573,122
958000,-2680463.7017351557,300.2940598708406,1991.9995856154444,1.018278021580951,122
960000,-2684646.356263764,299.6454678980657,1994.6886223987028,1.016905282485301,122
962000,-2684171.278567234,300.0894269138393,1994.7215932908007,1.0168884739870852,122
964000,-2681462.4709844217,300.82989471272225,1996.0960886380867,1.0161882529485489,122
966000,-2680761.0366410166,300.5244254693612,1995.1591628874846,1.0166654544467337,122
968000,-2682574.341375226,299.8440057805133,1994.9910850918582,1.016751108407671,122
970000,-2682331.687004419,300.8668217573759,1996.2662526595432,1.0161016318981515,122
972000,-2680272.0097558927,300.2130828754707,1996.4527998563026,1.016006688050209,122
974000,-2682097.141359417,300.77377990783134,2000.1225785007568,1.014142542479079,122
976000,-2680384.769561518,301.27908187489095,1996.9144289848562,1.0157718165528624,122
978000,-2680487.419619158,299.6654496322392,1998.3265050594457,1.015054042417472,122
980000,-2680786.1426507756,299.28163073256235,1999.1265502768106,1.0146478204442355,122
982000,-2682518.4894177523,300.94478423929434,1995.8021354643154,1.0163379229768525,122
984000,-2681076.409493698,300.1872803086816,1994.0832261362893,1.0172140111527792,122
986000,-2686138.878036367,300.22938648266984,1993.2692056484116,1.0176294257105762,122
988000,-2684694.4611065444,300.8354060100013,1995.14551778213,1.0166724075772764,122
990000,-2681595.375233272,300.8758730803611,1995.3444279685286,1.0165710584090508,122
992000,-2683122.4174413085,299.3077208754613,1992.2675158512975,1.018141078390182,122
994000,-2684464.965864459,300.7287158524893,1995.9092721679658,1.016283367844322,122
996000,-2680598.7539177965,299.9086329617042,1994.4396662959982,1.0170322177745585,122
998000,-2683715.3086369354,300.2695309109149,1995.8164550129618,1.0163306309734759,122
1000000,-2680424.24350941,299.6822633017016,1995.7090019223156,1.0163853523117627,122
1002000,-2681800.239872141,299.60339333775886,1995.0111715695396,1.0167408713981059,0
1004000,-2680886.4076016545,299.3643998402441,1996.1026311937878,1.016184922223894,59.6
1006000,-2682035.725151021,300.39455040365687,1995.0312785875403,1.0167306241266854,60.1
1008000,-2684871.1485615913,300.09752828766227,1995.5307447240414,1.0164761442004617,60.6
1010000,-2683468.811203314,300.5343830525941,1992.6250116318415,1.0179584142474567,60.6
1012000,-2682683.500002656,300.49283448549335,1991.732423428093,1.018414608895782,60.7
1014000,-2681764.817213148,300.67753077546763,1991.802927105641,1.0183785601611313,60.7
1016000,-2679044.0988805257,299.7462094927734,1995.1035232583565,1.0166938073057075,60.7
1018000,-2680786.3111097105,301.34558510614204,1996.3164694812126,1.0160760721258273,60.7
1020000,-2682530.167547621,300.83697084480576,1990.7092715513536,1.0189380368183225,60.6
1022000,-2682691.2371239234,298.87026458431654,1994.1949956151025,1.0171569989347573,60.6
1024000,-2681119.336613672,299.5061151889742,1997.0855594086654,1.0156847749833906,60.7
1026000,-2681284.1803045925,300.2631182977333,1998.4433141940028,1.0149947124462984,60.5
1028000,-2682496.0393951517,300.3348746603753,1999.4727477546028,1.014472139872105,60.6
1030000,-2681076.68902025,300.4342420771984,1997.5610881681164,1.0154429864724404,60.6
1032000,-2684610.366880635,299.74792373797993,1993.9432373473164,1.017285426705078,60.7
1034000,-2683561.5897831656,299.4573756251444,1995.8495443979036,1.0163137811284708,60.8
1036000,-2679178.537313685,299.9278882948223,1997.9831252144395,1.0152284928897306,60.8
1038000,-2681324.6656402554,301.08731542525936,1996.8062200942147,1.0158268622254512,60.8
1040000,-2680419.8189779464,299.64865005271946,1999.1542689090531,1.014633752170352,60.8
1042000,-2684367.917797588,300.9782333804141,1994.8256834863462,1.0168354126489534,60.8
1044000,-2681799.6154949367,300.34715904746804,1997.2571797221733,1.0155974992227736,60.9
1046000,-2681902.192220494,300.4269073867742,1995.480002909354,1.0165019915374773,60.8
1048000,-2686728.26112085,299.6233377137839,1992.020391041448,1.018267386294222,60.9
1050000,-2680279.294448402,300.81008309872186,1994.120823922916,1.0171948322771132,60.8
1052000,-2681073.51361122,301.1131512290924,1996.0280413392177,1.0162228961821729,60.8
1054000,-2680164.230361011,299.97492300167744,1997.836569951652,1.0153029669887648,60.8
1056000,-2681714.752734542,299.4658340406164,1996.2374416027433,1.0161162969681583,60.8
1058000,-2679399.681484254,300.23325114287286,1997.7150714741688,1.0153647164176172,60.8
1060000,-2680883.429179061,300.37003439240686,1998.3490889993845,1.0150425709885538,60.8
1062000,-2681389.253977159,300.65707871880716,1995.8429691318552,1.01631712935456,60.8
1064000,-2683000.4136762396,299.6054708802089,1997.9817224929418,1.0152292056504209,60.8
1066000,-2682336.189603459,299.88664065053376,1999.3403063107394,1.014539341115705,60.8
1068000,-2681146.621397365,299.08516125795705,1999.228759051791,1.0145959474855786,60.8
1070000,-2681381.4073319584,299.97898522338653,1997.3122570404078,1.0155694933932067,60.8
1072000,-2678965.350007456,300.863084902527,1999.2176825880827,1.0146015687519816,60.8
1074000,-2679420.9672981873,300.1560155574387,1996.16564947998,1.016152841603596,60.9
1076000,-2681804.217864249,299.40281437859517,1992.4455755687013,1.0180500897504328,60.8
1078000,-2681564.963738352,299.49538605301007,1995.2867089197257,1.0166004654683318,60.8
1080000,-2679634.228174126,299.37268642660365,1993.4803046048405,1.0175216641694649,60.8
1082000,-2680602.7799363174,300.9962568463093,1995.3445149423785,1.0165710140983577,60.8
1084000,-2685260.8004491758,300.4054847919448,1991.6309954470273,1.0184664737933982,60.9
1086000,-2683670.364251623,299.51536934898,1994.176228525783,1.0171665713466527,60.8
1088000,-2677127.0000997856,300.86819317333146,2000.8610289504204,1.013768256606307,60.8
1090000,-2680834.812918039,300.3950337863963,1998.3830010107026,1.0150253459945768,60.8
1092000,-2685398.2071906924,300.203651498315,1993.7225229710923,1.017398044943479,60.8
1094000,-2682851.9839634914,300.05640828736216,1996.5715299731967,1.0159462691816508,60.8
1096000,-2680685.0343687944,299.5652360752066,1991.4109326274172,1.018579020430674,60.8
1098000,-2685137.22634905,300.01689528093067,1992.9010978264325,1.0178173915619115,60.8
1100000,-2682804.1874196045,300.9943117171003,1993.3604771393975,1.0175828307489418,60.8
1102000,-2682353.7242102902,301.64019741709933,1991.0828426901792,1.0187468615268451,60.8
1104000,-2681896.8085764125,299.84666704243745,1995.596597671712,1.0164426013740155,60.8
1106000,-2683943.886902321,302.27248365554937,1994.0639127353945,1.0172238633254542,60.8
1108000,-2680873.687943129,299.64456976365256,1995.250142266108,1.0166190965543802,60.8
1110000,-2683000.8753194846,301.0819371546417,1995.2126407938647,1.0166382046494535,60.8
1112000,-2679872.277027296,299.3173323997077,1997.7142003754664,1.0153651591650767,60.8
1114000,-2678177.312152615,301.4369846178854,1997.8957229146622,1.0152729062713002,60.8
1116000,-2679736.8487794343,301.6142935533677,1992.9490234654263,1.0177929154973984,60.8
1118000,-2681060.7208481133,300.8424961427008,1996.849686167856,1.0158047503932455,60.8
1120000,-2681789.31595047,301.1079513276167,1996.7418123199398,1.0158596291795163,60.8
1122000,-2682828.851611102,300.34715195208355,1992.911158913185,1.0178122531747689,60.7
1124000,-2682737.7528611384,300.0366002083363,1996.896099844226,1.015781140134833,60.7
1126000,-2679855.826378217,301.5958278751498,1997.4231040348304,1.015513134364545,60.7
1128000,-2683936.2842157483,299.5069190615874,1993.013512954473,1.0177599819800642,60.7
1130000,-2681434.705414228,299.7536456449854,1994.3509526659875,1.0170774578662065,60.7
1132000,-2681130.996379204,300.37187483550474,1991.5199395507848,1.0185232679558838,60.6
1134000,-2681418.444826059,299.95410845248074,1992.96293498602,1.017785810976358,60.6
1136000,-2681835.715910025,300.6242588336917,1993.5121947094526,1.0175053869315323,60.6
1138000,-2683456.1747956965,299.88480622625826,1996.1336864947298,1.0161691126973147,60.6
1140000,-2681517.526548717,300.42130887414214,1996.164953132979,1.0161531960808063,60.6
1142000,-2678336.677420236,300.17422448182543,1994.4004408663195,1.0170522205407642,60.6
1144000,-2682933.784737751,299.99818840397245,1995.9455483125569,1.0162648969785066,60.6
1146000,-2680204.5800832417,300.2224417815177,1996.2724361372898,1.016098484511194,60.6
1148000,-2682220.946077006,300.5962667304393,1998.6452601909796,1.0148921559180268,60.6
1150000,-2681822.1371695586,300.85333580484377,1998.179288486227,1.0151288268868224,60.6
1152000,-2682043.2318104357,300.60564084445133,1996.726924630987,1.0158672034762275,60.6
1154000,-2682248.0648453888,299.6449596306769,1996.6909847901813,1.0158854887821918,60.6
1156000,-2682190.0259552523,300.24216102503215,1994.2569067283337,1.0171254215978947,60.6
1158000,-2684248.9773570932,300.3575926834451,1993.7622693101625,1.017377762762255,60.6
1160000,-2681845.2082261853,301.2729936575115,1992.0260550476773,1.0182644910144114,60.6
1162000,-2682410.5209629685,300.61653637824645,1996.5506743340243,1.0159568815888793,60.6
1164000,-2684543.611495029,300.52840166847335,1997.1727545496144,1.0156404309090423,60.6
1166000,-2680196.8692347948,299.4681706856505,1998.6247457373067,1.0149025730601942,60.6
1168000,-2683147.8419313636,300.60592183321444,1999.4347997577718,1.0144913939060718,60.6
1170000,-2677957.6359063033,300.4006387654048,2000.0837651558463,1.0141622227869622,60.6
1172000,-2683528.9139412083,299.6868229132979,1998.0539462451823,1.0151925081114213,60.6
1174000,-2681982.6423566714,299.01117791020044,1995.849270975028,1.0163139203591436,60.6
1176000,-2680963.0160915144,300.06511020856703,1995.107807174339,1.0166916242503183,60.6
1178000,-2681421.9945990928,300.8197663952331,1996.1233324976304,1.0161743836201451,60.6
1180000,-2681443.0336832833,301.1955078386906,1997.1157215446028,1.0156694352502333,60.6
1182000,-2681707.2870451007,301.06715882960225,1999.696820366285,1.0143584649292112,60.6
1184000,-2679052.1295532566,299.98204695745034,1993.372255400811,1.017576818145647,60.6
1186000,-2681843.31781723,300.56353911606806,1994.6343634728448,1.0169329447924076,60.6
1188000,-2681527.526404556,301.43892058894335,1995.9956919333888,1.0162393662612486,60.6
1190000,-2685082.585830286,300.172313074863,1992.4962368339654,1.0180242047802657,60.6
1192000,-2680014.8611739296,300.4562488919346,1999.6406021483047,1.0143869827664818,60.6
1194000,-2684283.4985732883,300.6439251735512,1996.9880318098733,1.0157343783338644,60.6
1196000,-2682802.564803401,299.6836476010612,1995.8593146069907,1.0163088060292407,60.6
1198000,-2684719.5598016977,299.99113607768857,1991.5963441307092,1.0184841938520068,60.6
1200000,-2682003.8460529,299.83699240812575,1995.080135212832,1.0167057258650827,60.6
1202000,-2681334.7981482595,299.3295788884439,1995.3548418447187,1.0165657528639325,60.6
1204000,-2683228.8981514573,301.0937064940864,1997.1576074912286,1.0156481338388703,60.6
1206000,-2680690.256512316,300.9472870622567,1997.88511988439,1.0152782944536598,60.6
1208000,-2683173.9616880175,299.93168469963604,1994.8416167479613,1.0168272909492087,60.6
1210000,-2680421.7729875427,300.547455623146,1997.0457554513343,1.0157050190230352,60.6
1212000,-2679723.390263425,300.3434580435109,1995.0644638087517,1.0167137121765777,60.6
1214000,-2680287.3755539153,299.6021609356873,1995.4740855364141,1.0165050058694707,60.6
1216000,-2681164.0382432193,300.52882084622456,1996.5018204238866,1.0159817418047274,60.6
1218000,-2680672.293410739,300.3105656011552,1997.7212490034142,1.0153615766175907,60.6
1220000,-2681296.6098071504,300.06246316186963,1996.1695348126732,1.0161508637696555,60.6
1222000,-2682562.7069111224,299.5840314317177,1990.7406481603664,1.018921977056636,60.6
1224000,-2681547.102353448,299.237862690516,1994.4112812773642,1.0170466924612611,60.5
1226000,-2679935.75072252,299.3085137203193,1993.9680621763162,1.0172727615389499,60.5
1228000,-2685123.27531467,300.4647324920202,1995.1165244692886,1.0166871820031347,60.5
1230000,-2682555.5425514374,301.22408998546274,1997.1334610334839,1.0156604135914384,60.5
1232000,-2679987.428179305,300.8056598227514,1994.384258615663,1.0170604728090482,60.5
1234000,-2683496.740444556,300.1814884879111,1993.8506727700926,1.017332654211493,60.5
1236000,-2679669.5735679697,300.24705974025954,1996.6950208675164,1.0158834352926236,60.5
1238000,-2681879.5967297256,300.8196191345458,1997.7310109887824,1.0153566150162543,60.5
1240000,-2683770.8170898575,299.8708342521788,1996.878535899836,1.015790074640932,60.5
1242000,-2682581.9524536747,300.23697216116835,1994.6281335303743,1.0169361210404688,60.5
1244000,-2680187.051677346,300.60142296341735,1996.1837710141654,1.016143616877534,60.5
1246000,-2683204.791411003,300.7374212079041,1995.2760572602276,1.0166058925278931,60.5
1248000,-2680288.2086788695,300.3280185037623,1997.9575236887563,1.0152415018741694,60.5
1250000,-2682662.367859138,300.31988648259625,1999.29986122959,1.0145598648634309,60.5
1252000,-2683323.9304674733,299.63168036335077,1993.385313180899,1.0175701524527545,60.5
1254000,-2682336.97508163,299.1311645327255,1993.775698862467,1.0173709099713986,60.5
1256000,-2680074.5114682354,300.42316330090813,1997.6174738833702,1.0154143240884552,60.5
1258000,-2682752.296835985,301.7486093566132,1997.0826853148983,1.0156862367021782,60.5
1260000,-2683380.208892256,300.6932794153145,1993.74307725808,1.017387556184102,60.5
1262000,-2684761.173692053,300.23226537331743,1993.3209558491637,1.0176030062185635,60.5
1264000,-2680779.5642587263,300.5489174281999,1994.83431918341,1.016831010738227,60.5
1266000,-2683325.8454638887,300.13263276894753,1993.0553008867982,1.0177386428404875,60.5
1268000,-2680999.426444154,300.8924429139711,1995.3114545459098,1.0165878577047471,60.5
1270000,-2681635.3915222585,300.03518649514103,1997.0312303178036,1.0157124066145788,60.5
1272000,-2682252.1539725997,298.47457762370203,1997.9640956619908,1.0152381624047608,60.5
1274000,-2681924.202647051,301.0872016915256,1990.9790699092127,1.018799960123671,60.5
1276000,-2681674.0863379017,302.1503193614358,1996.2661159130346,1.0161017015022735,60.5
1278000,-2682354.6127192117,300.5510061686742,1994.2115634673455,1.0171485484237008,60.5
1280000,-2682070.619502701,301.14145313054536,1998.0374481870454,1.0152008906895527,60.5
1282000,-2679816.807895899,300.0888096682398,1993.7297894291557,1.01739433687819,60.5
1284000,-2681821.762184577,300.16849086916613,1995.3400742135511,1.0165732765278381,60.5
1286000,-2682963.9259187914,301.8922614782544,1995.3121302597608,1.0165875134365567,60.5
1288000,-2681980.038768219,299.8270568058843,1998.3132114884072,1.0150607949590371,60.5
1290000,-2682806.560110368,300.253266835059,1995.3047727044502,1.0165912620362498,60.5
1292000,-2680899.673037948,300.6975857040214,1996.53133422564,1.0159667230152907,60.5
1294000,-2680037.6590948086,300.2635577754089,1998.8577102787633,1.0147842873456383,60.4
1296000,-2681921.033604864,300.0825856916206,1995.1879132555357,1.0166508044451945,60.4
1298000,-2682865.9744499326,300.3739928695866,1996.4894952236916,1.015988013903024,60.4
1300000,-2683486.039777361,300.09364231214073,1994.6148279903523,1.016942904748315,60.4
1302000,-2682313.8308673855,300.38757732305544,1995.9808258980681,1.01624693519684,60.4
1304000,-2683111.319877837,299.8061651226153,1994.3120960273097,1.0170972743289186,60.4
1306000,-2682956.6411651596,298.9399323289534,1997.7845230930454,1.0153294179544998,60.4
1308000,-2681680.3175160065,300.2012305077128,1999.7172796933,1.0143480869164014,60.4
1310000,-2682286.315600477,300.45814560295446,1992.5382159236199,1.018002756895843,60.4
1312000,-2681255.7302144486,299.5986720271027,1996.4599926964145,1.0160030275843412,60.4
1314000,-2681254.6106313337,300.0450169304682,1996.7597431640877,1.0158505067897299,60.4
1316000,-2681980.198782526,300.32988363694614,1993.8760478199479,1.0173197071344426,60.4
1318000,-2683460.4875203557,300.8533178820361,1995.8538227535066,1.016311602536176,60.4
1320000,-2685487.4517223053,300.37017874464453,1995.6120014421385,1.0164347556362308,60.4
1322000,-2682784.824133208,300.2565903640104,1993.703531318193,1.0174077364900034,60.4
1324000,-2681751.5513843335,300.60408190614896,1993.546451547209,1.017487902253947,60.4
1326000,-2679552.1541174483,299.27358576625323,1998.5859451134409,1.0149222764175077,60.4
1328000,-2679746.858873721,299.21939502193794,1997.5769179826216,1.0154349395862494,60.4
1330000,-2680624.0216028336,299.4299881224999,1996.823443368132,1.0158181003770466,60.4
1332000,-2681890.3820768483,300.1520935567206,1996.414152561266,1.0160263562689413,60.4
1334000,-2683525.562290076,300.3723448638845,1997.293356880568,1.0155791036117998,60.4
1336000,-2679616.4852039684,300.21033988250383,1997.3883910515153,1.0155307831556604,60.4
1338000,-2679206.7274513915,300.76975478454443,2000.8294648309864,1.0137842493247733,60.4
1340000,-2678897.1006197613,299.6797709978851,2001.1867582239213,1.0136032475203907,60.4
1342000,-2680409.151255939,301.41188404855086,1996.4374610010527,1.0160144941447278,60.4
1344000,-2681718.951237783,300.0616557593902,1991.5938473527858,1.0184854706830504,60.4
1346000,-2679747.954716364,298.9001249693466,1997.4966085336985,1.0154757651977007,60.4
1348000,-2680189.8603401575,301.12630643971784,1997.985099110683,1.0152274899014153,60.4
1350000,-2680282.7833099067,300.95677157885467,1998.2118956651716,1.0151122618331452,60.4
1352000,-2683736.600432541,301.16389609501516,1992.6570631040797,1.0179420405991968,60.4
1354000,-2681676.4347250294,300.28211031632077,1993.7408096610714,1.017388713317952,60.4
1356000,-2682430.9918121155,300.2737072269777,1996.3941228250521,1.0160365500175952,60.4
1358000,-2682232.427117951,299.26154131271693,1991.8892068808557,1.0183344485343648,60.4
1360000,-2685442.419752255,300.468966563484,1993.0125043288645,1.017760497048976,60.4
1362000,-2681305.8072400615,300.49898724537735,1993.083104014907,1.0177244455810701,60.4
1364000,-2678249.4776311833,300.2772448912471,1996.839404200212,1.015809980894784,60.4
1366000,-2680287.9894685615,299.8233812204054,1999.005613545353,1.014709205059743,60.4
1368000,-2681456.3698608372,300.4206420990162,2001.3192172942674,1.013536161299109,60.4
1370000,-2680695.928791994,300.598561224056,1999.3766470595976,1.014520900808594,60.4
1372000,-2682615.185408188,300.8339059918161,1997.4327067180386,1.015508252272202,60.4
1374000,-2679626.9923171494,299.82241228891894,1998.1169194105892,1.0151605130439094,60.4
1376000,-2680573.295361085,300.6951685484792,1997.3013144340778,1.0155750573895286,60.3
1378000,-2679523.16445411,300.0245404066945,1998.1001555285518,1.0151690301500425,60.3
1380000,-2680956.3505707067,299.6763667992429,1997.7262445454314,1.0153590375903179,60.3
1382000,-2683910.802059848,299.96479314311415,1994.2359739321134,1.0171360980070352,60.3
1384000,-2682358.442789348,300.0526707263478,1994.3011089846586,1.0171028777411029,60.3
1386000,-2682683.0941343047,299.34092111306614,1999.385421730852,1.0145164483967235,60.3
1388000,-2676177.672573317,300.7384014263806,1997.4436210815209,1.015502703366557,60.3
1390000,-2681427.231512608,301.9068618793741,1995.718875840705,1.0163803236946853,60.3
1392000,-2683445.659005966,299.3732090548926,1995.170581747923,1.0166596358159643,60.3
1394000,-2683432.787989747,300.32382592281954,1995.2426309809211,1.0166229237159703,60.3
1396000,-2682716.227304697,298.8216477195192,1994.5654240572583,1.0169680936835188,60.3
1398000,-2683366.098165948,300.47931404465163,1993.9859389453384,1.0172636413391352,60.3
1400000,-2682140.3458581455,299.89585395017565,1996.2098160768694,1.0161303589905102,60.3
1402000,-2681489.199096473,299.7250125715873,2000.0106498482091,1.014199297980996,60.3
1404000,-2683557.736817993,299.81899029580245,1999.1560823252557,1.014632831805353,60.3
1406000,-2679872.875930654,299.38605172607816,1994.8933841762516,1.0168009043090578,60.3
1408000,-2683052.721303072,300.4720962412132,1998.663512346922,1.0148828877396767,60.3
1410000,-2678467.134901926,299.8265945291176,1997.6792047250638,1.0153829464875144,60.3
1412000,-2681178.949602766,300.91052754195255,1996.2887734566682,1.016090168917938,60.3
1414000,-2680262.199016176,300.1389867150301,1995.9806792259224,1.016247009874476,60.3
1416000,-2679780.9515114296,299.94558022696606,1998.578694968067,1.0149259582009997,60.4
1418000,-2683635.9575762562,299.6789293363291,1997.3863454692048,1.0155318231907093,60.4
1420000,-2680388.932297718,300.573277813923,1995.8696967265487,1.0163035193917667,60.4
1422000,-2679551.5848497394,300.37189457264924,1995.6560426867145,1.0164123243902088,60.4
1424000,-2683344.454500025,300.7285024124367,1995.8797182589756,1.0162984164195874,60.4
1426000,-2682205.3349256795,299.761352715071,1997.1944167748031,1.0156294149400709,60.4
1428000,-2680329.698598286,300.1891565534165,1994.5120684153685,1.0169952988262096,60.4
1430000,-2678695.0827163495,300.62022748988494,1993.390083303344,1.0175677174380204,60.4
1432000,-2679908.8678861167,300.08289622046635,1997.511070989288,1.015468412911463,60.4
1434000,-2682592.668169841,300.2226301670553,1997.4051989025438,1.015522237623623,60.4
1436000,-2681777.586277202,300.5494022239584,1996.8481651160257,1.015805524158473,60.4
1438000,-2684043.3105740566,300.59243708756844,1991.091970855086,1.0187421910799315,60.4
1440000,-2679289.363334112,299.70909159123437,2000.6283803559188,1.0138861454468162,60.4
1442000,-2677675.408090748,300.91941717193356,1999.1531849814628,1.014634302298039,60.4
1444000,-2682031.619279351,299.24148272544215,1995.8772251100709,1.0162996859281783,60.4
1446000,-2680092.151923964,298.9876806670102,1997.9181274456143,1.0152615210633975,60.4
1448000,-2679649.6518688556,300.03161973039903,1995.0537628416466,1.0167191655734693,60.4
1450000,-2684085.9937288407,299.76528917372667,1996.7227189772277,1.015869343175287,60.4
1452000,-2681765.029443957,298.91125522300996,1995.5784015091522,1.0164518695414768,60.4
1454000,-2681277.269207794,300.3013577159969,1997.8360058096491,1.0153032536864954,60.4
1456000,-2682035.6094710585,299.292628910722,1999.3729070328302,1.0145227985712932,60.4
1458000,-2681861.2680661473,300.44478247181803,1993.998136077415,1.0172574188162724,60.4
1460000,-2681200.1240876764,301.0026761050293,1993.3106716628436,1.0176082563880753,60.4
1462000,-2683314.247006288,300.49787748293386,1996.0961413324774,1.016188226122476,60.4
1464000,-2682355.3161347434,298.7499347092291,1997.365580767513,1.015542380704852,60.4
1466000,-2681556.0789195504,300.8319543847287,1995.8947056253528,1.0162907849364875,60.4
1468000,-2680789.2956955805,299.6858318864298,1996.347142512619,1.0160604605457528,60.4
1470000,-2679626.789851932,300.283223553951,1998.8711748849144,1.0147774516521082,60.4
1472000,-2680620.334158212,300.98777118863586,1997.2121378015186,1.0156204033805802,60.4
1474000,-2682273.5979595575,301.524260206883,1994.686911616718,1.0169061546538745,60.4
1476000,-2683783.468312159,299.8417726388794,1996.420666060224,1.016023041393111,60.4
1478000,-2681342.7656922545,302.4353850031361,1992.2387753716666,1.018155766319805,60.4
1480000,-2681697.9230463,301.7312499077191,1994.8272648496807,1.01683460657102,60.4
1482000,-2685140.950328866,301.5258354786288,1993.662914003254,1.017428464352354,60.4
1484000,-2682364.534378968,299.32827819963813,1995.237821404314,1.0166253743139795,60.4
1486000,-2682631.9276453666,299.2801081392263,1995.1123580229403,1.0166893051780928,60.4
1488000,-2681677.092830425,300.61336178980565,1993.5793843870592,1.0174710939109248,60.4
1490000,-2682293.1055294145,300.5394745129531,1996.7945218046407,1.0158328134821586,60.4
1492000,-2682717.471488638,298.8324360944843,1997.1407360323758,1.0156567138379609,60.3
1494000,-2681246.244763471,300.3420575522813,1998.659026768092,1.0148851654354394,60.3
1496000,-2683878.9524645098,301.4072335354178,1998.0146111647186,1.0152124942910865,60.3
1498000,-2683634.92868294,300.2942200358426,1995.4344117191893,1.0165252163226803,60.3
1500000,-2681287.7316266447,301.0212129809071,1992.6181043356871,1.0179619429418036,60.3
1502000,-2681254.787243152,300.7374699522327,1998.1402131483496,1.0151486785977477,60.3
1504000,-2683268.8721931893,300.8687641309571,1990.5531297547434,1.0190179637558783,60.3
1506000,-2680747.805397922,300.06692788203713,1997.1643174742092,1.0156447215098832,60.3
1508000,-2685373.1166836824,300.87455267211084,1992.3124930666147,1.018118093466549,60.3
1510000,-2683334.637896562,299.74611527719514,1989.7170691183505,1.0194461456418844,60.3
1512000,-2681387.578731483,300.88605202048944,1994.0347004277376,1.0172387655016524,60.3
1514000,-2681804.30540785,300.5069991317738,1995.0154722799182,1.0167386795815114,60.3
1516000,-2682963.4916663878,300.23047533657416,1999.8862478979156,1.014262385754507,60.3
1518000,-2683533.0754530225,299.74412762349544,1993.6837071850487,1.0174178530528049,60.3
1520000,-2682584.2800148837,300.9678810130637,1997.9072045830505,1.0152670716525516,60.3
1522000,-2679923.1144413315,301.2029511628017,1995.9232561903775,1.0162762474656457,60.3
1524000,-2682414.929888241,300.1336153697118,1994.7768118866009,1.0168603248962773,60.3
1526000,-2682421.9884832483,299.451538159177,1996.7285897882145,1.0158663563011914,60.3
1528000,-2681378.737391431,299.748881949788,1996.605297963792,1.0159290867850608,60.3
1530000,-2683275.821423134,300.618933763895,1996.5229935288805,1.0159709673292212,60.3
1532000,-2681872.9269470125,300.2489175327861,2000.2426653327898,1.0140816572838642,60.3
1534000,-2680898.6343652084,300.42810616228314,1999.8745617936258,1.0142683125142367,60.3
1536000,-2685331.0822606497,299.6968156745372,1993.479623200685,1.017522011975122,60.3
1538000,-2681032.9142835364,300.198578605106,1997.4281751959545,1.015510556133802,60.3
1540000,-2682511.1524621025,299.71075968556886,1995.012586887781,1.0167401500934323,60.3
1542000,-2679734.501892958,301.5946819451651,1997.1862155326892,1.0156335855189909,60.3
1544000,-2682512.220941188,300.55453532623363,1995.6990379187275,1.0163904268581272,60.3
1546000,-2678509.148283949,299.2202960269195,1997.0841944770725,1.01568546916556,60.3
1548000,-2679556.5174177177,300.32708727284364,1996.9332501070674,1.015762242890099,60.3
1550000,-2681217.2724062167,299.75050765453614,1994.8847528521458,1.016805303730199,60.3
1552000,-2682267.7691421676,300.85653866644316,1997.207449857582,1.0156227872949364,60.3
1554000,-2681706.9978442434,301.2631614327641,1995.0141243917788,1.0167393665190074,60.3
1556000,-2681738.3602251466,300.22162582678413,1996.3232820517508,1.0160726047065092,60.3
1558000,-2682635.549130112,300.1116051540837,1996.225293536263,1.0161224805629496,60.3
1560000,-2680567.594765028,300.8807196929149,1996.6124619344594,1.0159254415678156,60.3
1562000,-2681924.48807233,299.7046607089399,1997.2641143331286,1.0155939730123473,60.4
1564000,-2681543.2324168887,299.2456265507272,1996.5055721984502,1.015979832601713,60.4
1566000,-2678506.0533023644,299.51644582174174,1993.30806874826,1.0176095852079463,60.4
1568000,-2681900.5489347056,301.9300478001494,1992.501549702284,1.0180214902887532,60.4
1570000,-2680087.2910794374,300.57803495586035,1998.3809641373152,1.0150263805711424,60.4
1572000,-2681588.817125682,300.68671589134976,1997.7265800442194,1.0153588670706233,60.4
1574000,-2679385.474569261,299.78507635796683,1998.3953187537877,1.0150190895640703,60.4
1576000,-2680520.1237140056,300.7853650636049,1994.9746941475141,1.0167594621531488,60.4
1578000,-2679276.48747324,300.7524248619221,1995.4975260238145,1.0164930653020325,60.4
1580000,-2681329.542618174,299.8207572520237,1996.9926403387624,1.0157320342885579,60.4
1582000,-2681137.454874316,299.4046862762412,2001.012615320502,1.013691458764581,60.4
1584000,-2684257.5540046133,300.61968575683886,1997.170497485562,1.0156415787156567,60.4
1586000,-2681471.6340577975,300.1661319693266,1996.4800379906696,1.015992826590961,60.4
1588000,-2684699.556144895,300.45157674790215,1994.7534043702672,1.0168722572858209,60.4
1590000,-2683985.2174475454,300.2792273436856,1991.5581556951313,1.018503723443906,60.4
1592000,-2682349.1626941115,300.1271159934543,1996.0958933150425,1.016188352385146,60.4
1594000,-2680893.553237714,299.3968570528426,2000.1006198502023,1.0141536765197778,60.4
1596000,-2682823.8836676963,300.6020810017407,1998.3088538894713,1.015063008444621,60.4
1598000,-2679715.692349259,299.29593895930566,1997.0661271253364,1.015694658018335,60.4
1600000,-2680064.16248044,299.8820592031839,1998.61514201213,1.0149074498597281,60.4
1602000,-2682645.6409481857,300.66785771465504,1993.8313268092918,1.017342525296065,60.4
1604000,-2682166.971591508,299.32984636852757,1996.0448837087856,1.0162143214242998,60.4
1606000,-2679789.3515878543,300.48980378316594,1999.441694326772,1.0144878956890768,60.4
1608000,-2682559.9971733782,299.8432821527605,1996.712649855153,1.0158744660518455,60.4
1610000,-2680651.0755531844,300.12326068671626,1996.0325967705962,1.0162205769146035,60.4
1612000,-2679842.1213756464,299.18342351312947,1995.7195879209871,1.0163799610463493,60.4
1614000,-2681712.4130011257,300.74626238208424,1995.5362871887194,1.0164733210079386,60.4
1616000,-2682395.908939302,300.0701870350389,1993.0735747953415,1.0177293114926056,60.4
1618000,-2682476.0752617028,299.54379613384566,1991.5607662742725,1.0185023883681097,60.4
1620000,-2683964.8343397956,300.09005433600953,1995.1188406788406,1.0166860016922108,60.4
1622000,-2684545.4011336192,301.70426057966876,1993.212643391545,1.0176583034207205,60.4
1624000,-2680188.737847967,300.7391328923463,1994.1169509734893,1.0171968078604112,60.4
1626000,-2681099.423486,300.53987551725044,1994.748618770873,1.0168746968630251,60.4
1628000,-2684045.290245943,301.2943183791902,1996.497936784113,1.0159837181188667,60.4
1630000,-2682738.244369421,300.2272973289841,1993.9467245414305,1.0172836475844482,60.4
1632000,-2682158.2229015045,299.36336390728803,1991.678975372183,1.0184419387424235,60.4
1634000,-2680147.862489557,300.8877147195331,1995.0413066632307,1.0167255135299167,60.4
1636000,-2681383.4817238078,301.6626812573659,1995.663430952719,1.0164085614688132,60.4
1638000,-2680238.033563314,300.7349628680448,1995.1968526510352,1.0166462493840667,60.4
1640000,-2679585.9226136506,300.7867180252173,1994.6808929401996,1.0169092230289793,60.4
1642000,-2680010.3902121745,300.866960050268,1994.3585047179818,1.0170736064915282,60.4
1644000,-2684885.2837492656,300.23305929444973,1993.4337983636647,1.0175454026592783,60.4
1646000,-2684852.097917689,299.85452744067544,1993.117921359728,1.0177066671733928,60.4
1648000,-2682240.9608954433,299.95549879274995,1995.2067404369811,1.0166412111189622,60.4
1650000,-2682647.298299283,300.8906409190555,1999.1018302817306,1.0146603671233239,60.4
1652000,-2682237.3299322203,300.046269602837,1996.8014130557933,1.0158293076958538,60.4
1654000,-2681026.1404175684,300.49944551621263,1997.5720973938123,1.0154373900581557,60.4
1656000,-2683577.807349801,299.6565410633864,1996.046997218261,1.016213245408254,60.4
1658000,-2683775.9101701174,299.4032170620597,1995.3383562532777,1.0165741517841567,60.4
1660000,-2682120.032075571,300.58793938177354,1995.3852879281428,1.0165502418516459,60.4
1662000,-2683665.805681156,300.48265948540325,1998.2682103881702,1.0150836541790074,60.4
1664000,-2681647.924686363,299.8563548772479,1995.2992148635594,1.0165940937180562,60.4
1666000,-2681630.6014709454,300.08464731280344,1999.3113399771232,1.014554039919455,60.4
1668000,-2683712.2931486517,300.4199327727047,2000.1021655826694,1.0141528927546826,60.4
1670000,-2679798.4073460586,299.2376977869922,1996.322052093397,1.0160732307212281,60.4
1672000,-2681618.591841325,301.7043983033579,1996.9881054213597,1.0157343408926214,60.4
1674000,-2684648.215813676,300.75519453397186,1995.6598995381016,1.0164103600518544,60.4
1676000,-2680319.9276057165,299.58299135111054,1997.353323890278,1.0155486126409536,60.4
1678000,-2680739.2963504437,300.0186690773116,1999.072235324347,1.0146753885066402,60.4
1680000,-2682254.100760715,300.83541300163125,1995.037140079776,1.0167276369348488,60.4
1682000,-2680070.051107634,301.0507900531583,1996.7932882411046,1.0158334410355085,60.4
1684000,-2684718.5036224127,299.5825722488998,1992.7828756455165,1.0178777737506965,60.4
1686000,-2683715.6116261,299.6627039372654,1995.6168062619777,1.0164323083798918,60.4
1688000,-2683647.8264347427,300.4290154476723,1992.1612609520107,1.018195382466797,60.4
1690000,-2682879.3942912426,299.96889559513846,1996.8673426687722,1.0157957685459675,60.4
1692000,-2681943.469632743,298.91157720292136,1997.8292531679253,1.0153066854007435,60.4
1694000,-2681982.494531365,300.4375114859904,1998.0219157619842,1.015208782761022,60.4
1696000,-2681722.1376185007,301.15273094436105,1997.0965636784508,1.0156791784241237,60.4
1698000,-2681772.29575984,300.99903344414963,1997.010655656408,1.0157228712251618,60.4
1700000,-2684041.6811276954,300.3822346638755,1997.3718844466455,1.01553917566659,60.4
1702000,-2683776.9859091584,300.91797556895307,1995.620490363332,1.016430431951151,60.4
1704000,-2680539.7625245806,300.5802988160865,1992.6537986090088,1.0179437082580627,60.4
1706000,-2683540.950271802,299.867398050456,1994.4296887261714,1.0170373057002078,60.4
1708000,-2684206.7506859936,300.8113869516829,1993.2093831108455,1.0176599679983376,60.4
1710000,-2680773.4990520254,299.94613646444844,1995.7945577871246,1.0163417818312959,60.4
1712000,-2682209.818026133,301.1759172357251,1995.7032959511587,1.0163882582875743,60.4
1714000,-2682874.6239560097,300.6695067008837,1996.14472331353,1.0161634942297575,60.4
1716000,-2683967.662378598,299.0521961928896,1995.4249844493543,1.0165300188372237,60.4
1718000,-2680281.00921721,299.53284504229407,1996.0626864753133,1.0162052578681156,60.4
1720000,-2679684.2164935227,300.5637231898535,1996.0131775726907,1.0162304637173163,60.4
1722000,-2684239.4125160873,300.1217598243829,1996.9057213270255,1.0157762459023896,60.4
1724000,-2682239.3517631814,299.1345163339775,1992.1372246581427,1.0182076675860776,60.4
1726000,-2679072.6751360726,300.37830888419484,1993.8368267839458,1.017339718969074,60.4
1728000,-2682640.905300202,299.432179349117,1993.2470770315826,1.017640723222006,60.4
1730000,-2681179.4914016984,300.1208999653343,1995.7042587467954,1.0163877679472966,60.4
1732000,-2683048.9651208036,300.2078617296706,1995.5771901512717,1.0164524865494222,60.4
1734000,-2680454.3452416547,299.6831774961205,1998.9655141025191,1.0147295602251893,60.4
1736000,-2680114.3075566385,300.02320121255445,1994.442801496998,1.0170306190320808,60.4
1738000,-2684012.511884507,300.47076583857904,1996.29953828438,1.0160846897624314,60.4
1740000,-2679778.0713093225,301.5425754801614,1998.2735862932946,1.0150809233250064,60.4
1742000,-2680267.5864279047,299.5936825746205,1998.151806004689,1.0151427889187161,60.4
1744000,-2682199.165523967,300.5898405853672,1994.7980504020386,1.0168494984350704,60.4
1746000,-2680337.648173772,300.7098094191276,1994.1252537242262,1.0171925726542574,60.4
1748000,-2679392.649178086,300.546925698104,2001.0433203453774,1.013675904168066,60.4
1750000,-2683256.58155407,302.2609352698871,1997.4736452553952,1.0154874392704283,60.4
1752000,-2680624.8614445087,301.0615094787797,1998.0739178767044,1.0151823608138086,60.4
1754000,-2680259.966295285,301.6174156736953,1995.5227976957533,1.0164801922447544,60.4
1756000,-2683401.6010050215,300.27564519698814,1992.8708479266652,1.0178328410698956,60.4
1758000,-2680954.825584572,299.43295405058797,1994.9647634763232,1.0167645234475056,60.4
1760000,-2682936.6645280793,301.1587941735869,1995.0619558779752,1.0167149902559887,60.4
1762000,-2683988.9138698783,300.0567506496782,1994.8167570189771,1.0168399628153277,60.4
1764000,-2680824.629045181,299.4012216831813,1994.7714637165093,1.0168630511945405,60.4
1766000,-2679454.9642122854,299.34385676315037,1995.2473282501514,1.0166205303527465,60.4
1768000,-2684131.540151976,300.91730309720197,1997.142778056039,1.0156556753568535,60.4
1770000,-2682163.167431634,300.68346954361095,1997.2838582370223,1.015583933483056,60.4
1772000,-2683732.6860704236,299.76539421636903,1993.6436781753482,1.017438281090952,60.4
1774000,-2681200.169811938,301.81974173281804,1996.0897405308401,1.0161914847030546,60.4
1776000,-2681970.626531735,300.2037899326297,1998.3493743978408,1.0150424260231206,60.4
1778000,-2681218.2010455225,300.86976480845755,1998.1444340227597,1.0151465342006727,60.4
1780000,-2679876.592976194,300.8792498225494,1996.1822374694495,1.0161443975185223,60.4
1782000,-2680664.2416052856,299.35723606584713,1994.4817113512536,1.0170107780313162,60.4
1784000,-2685245.8703386746,300.53349601451725,1995.5407085553081,1.0164710688859144,60.4
1786000,-2681419.2608228493,300.7358568443197,1997.588320628238,1.0154291432744451,60.4
1788000,-2682120.747425519,301.2204091600942,1994.7534235144085,1.0168722475266467,60.4
1790000,-2683144.9362358097,298.81084243405434,1994.2937771793856,1.0171066170097742,60.4
1792000,-2678699.624574462,301.5634054358441,1993.4485113081048,1.017537892513473,60.4
1794000,-2683472.0332567077,301.08449254131574,1990.1855418774162,1.0192061766849612,60.4
1796000,-2680396.989755232,299.88662853056,1996.2260089034312,1.0161221164254928,60.4
1798000,-2682143.54076072,300.32776635539915,1997.3778134326997,1.0155361611554794,60.4
1800000,-2682197.824236354,300.6257988224068,1996.7104262366997,1.0158755973712292,60.4
1802000,-2680889.0195310283,300.27373106898034,1992.757583587253,1.0178906926446807,60.4
1804000,-2682942.126196161,301.0761173008681,1994.995750697362,1.0167487305782619,60.4
1806000,-2681459.1339143757,299.68262828216,1995.3727371701161,1.0165566358831315,60.4
1808000,-2683673.506874211,300.25899144784614,1994.6043664665262,1.0169482385240785,60.4
1810000,-2686696.006210044,299.56680366800344,1993.0373834356822,1.0177477923338858,60.4
1812000,-2682265.8084781766,299.5018687813848,1995.264521278313,1.0166117702183275,60.4
1814000,-2682152.475055691,298.8325534642197,1993.5330980050878,1.0174947178255438,60.4
1816000,-2682080.4314627964,300.9469296140485,1992.4419045516254,1.0180519654785307,60.4
1818000,-2683455.118286263,299.7611207848211,1993.276484589402,1.0176257095855945,60.4
1820000,-2681471.2718875203,300.71786349053986,1994.3390418205279,1.0170835321856508,60.4
1822000,-2680705.646275388,300.3412056574584,1993.8459787067177,1.0173350492931608,60.4
1824000,-2680149.093455052,299.6782634588852,1995.8537516695108,1.0163116387329614,60.4
1826000,-2681704.6952544376,300.1700209005862,1992.819676178459,1.017858977045208,60.4
1828000,-2684058.2352118436,300.1392829065302,1995.3852862090291,1.016550242727449,60.4
1830000,-2678308.860088717,300.2142789812309,1996.2654719160898,1.0161020292975496,60.4
1832000,-2682020.441594895,300.72249763056294,1995.71483533919,1.0163823814467072,60.4
1834000,-2682695.6011702064,300.99550226105407,1998.3622146363207,1.0150359039888657,60.4
1836000,-2681079.762234915,300.8774026174451,1997.3947057810308,1.0155275725722979,60.4
1838000,-2681887.6233633943,300.3788976867942,1995.2099612766553,1.016639569969203,60.4
1840000,-2683280.672209032,300.0860267636015,1996.2887810854945,1.016090165034945,60.4
1842000,-2685071.8188048042,299.7643153565359,1994.762190115763,1.0168677785660523,60.4
1844000,-2680977.95972939,299.3827728204455,1994.353865557103,1.0170759723545617,60.4
1846000,-2680861.051221583,299.6354296946791,1999.9644865963332,1.014222707765499,60.4
1848000,-2680776.736461457,299.9934572150256,2000.474192261112,1.013964291505247,60.4
1850000,-2680195.1030674875,300.3835879175526,1999.5347721016183,1.0144406715661176,60.4
1852000,-2681241.646389166,300.215481259178,2000.1871943729375,1.0141097806930415,60.4
1854000,-2682179.4457168244,299.4969521039295,1995.0226656594405,1.0167350135644164,60.4
1856000,-2682952.8907534108,299.82577034343643,1993.6922004827497,1.0174135187665443,60.4
1858000,-2682161.062821027,300.38592879428205,1996.1814742599224,1.0161447860258275,60.4
1860000,-2683814.43317521,300.87055516347465,1995.5915947560889,1.016445149579061,60.4
1862000,-2682314.479573043,299.3642014888847,1996.4368353959635,1.0160148125238657,60.4
1864000,-2684019.940673718,300.2843974006026,1995.888979053308,1.0162937008614008,60.4
1866000,-2682359.059609929,300.1701921094311,1998.323764363513,1.0150554345614955,60.4
1868000,-2682510.7947890665,300.2089936948042,1996.7483241152913,1.0158563162582375,60.4
1870000,-2681632.7565141767,300.67934761769925,1998.0105281272324,1.01521456893014,60.4
1872000,-2682135.502184171,298.495047434229,1994.1629552690038,1.017173341662515,60.4
1874000,-2684024.252615571,299.7622013094912,1996.436299407389,1.0160150852960703,60.4
1876000,-2682686.986983223,299.500609545261,1999.2307980735686,1.0145949126959812,60.4
1878000,-2681864.957639655,300.54569035425834,1998.052640184897,1.0151931717088611,60.4
1880000,-2681785.615493916,299.5353289888255,1994.894379500698,1.0168003969905715,60.4
1882000,-2682414.634585304,299.733818010362,1993.6057307948563,1.0174576475669723,60.4
1884000,-2679849.946856618,300.06433812303817,1994.6670799608987,1.0169162650793495,60.4
1886000,-2682878.097346414,299.4903759988619,1993.9896326497865,1.0172617569405529,60.4
1888000,-2680796.732828688,300.52193112872993,1996.719611732593,1.015870924045504,60.4
1890000,-2681446.1047867164,300.69893721639386,1993.575780788034,1.0174729330975147,60.4
1892000,-2683492.9976740237,300.32941943420053,1995.5257567399078,1.016478684967907,60.4
1894000,-2683338.312162908,300.5747579629403,1996.3413498052973,1.0160634088095204,60.4
1896000,-2680823.8358543925,299.97444843145394,1995.8459722618688,1.0163156001120652,60.4
1898000,-2680425.6518660244,299.6812297152627,1993.9896582150056,1.0172617438980982,60.4
1900000,-2680929.43956515,301.38498838116726,1993.7766457424714,1.0173704268038515,60.4
1902000,-2684679.010215033,300.8822530761529,1993.9731596335148,1.0172701609501023,60.4
1904000,-2683279.3015857525,300.5761891630409,1993.1933176454866,1.017668170504747,60.4
1906000,-2681698.3976775203,300.33057178616394,1997.0147777797386,1.0157207746282855,60.4
1908000,-2681243.870855121,298.57787750597413,1998.44165264321,1.0149955563364699,60.4
1910000,-2682077.5604412574,300.23658560622164,1999.6417911015092,1.0143863796291301,60.4
1912000,-2681166.1762389895,300.83887405676285,1996.0878656885238,1.0161924391694532,60.4
1914000,-2681556.964628814,300.0686356349298,1997.899285587248,1.0152710958272122,60.4
1916000,-2680876.522253724,300.94018162425857,1995.920633925481,1.0162775826617867,60.4
1918000,-2680700.0426862426,299.07991734215136,1994.0312667306162,1.017240517174196,60.4
1920000,-2681253.4466888197,298.28776323743597,1996.7012721572999,1.015880254755891,60.4
1922000,-2680320.1601495687,299.94742344488924,1995.4676182871542,1.0165083003309727,60.4
1924000,-2681434.664585756,299.9353158039074,1994.6833066931797,1.0169079924739035,60.4
1926000,-2684153.7233743668,300.94633177650616,1993.7753640861847,1.0173710807988936,60.4
1928000,-2681741.357986981,301.2227239357241,1990.0302277255355,1.0192857217796627,60.4
1930000,-2682411.3825917505,300.13550519929356,1997.045720441667,1.0157050368290848,60.4
1932000,-2682896.6680686474,299.91696539479307,1997.542799872352,1.0154522832553026,60.4
1934000,-2679301.289150307,300.15082190917633,1997.4210331043223,1.01551418725079,60.4
1936000,-2681656.164003862,299.8321164036887,1996.4083846991077,1.0160292916903797,60.4
1938000,-2680777.579046242,301.0180071190358,1997.4038951491507,1.0155229004793263,60.4
1940000,-2685133.3716337886,300.5208268875567,1994.266727676844,1.0171204126709261,60.4
1942000,-2681396.396855166,299.6169844438163,1996.574690531262,1.0159446609487153,60.4
1944000,-2683424.4273754098,300.3785998865474,1996.0453720624498,1.0162140727966913,60.4
1946000,-2682974.872200405,300.48344360192425,1997.605326823107,1.015420498630954,60.4
1948000,-2683365.2163446695,301.61915704916834,1998.0578789529493,1.015190509943348,60.4
1950000,-2680462.8728775997,301.5690314093631,1996.240865588435,1.0161145541085055,60.4
1952000,-2683080.1539928,299.5470563164888,1991.0223352654018,1.0187778213749588,60.4
1954000,-2681454.9055898655,301.325605058819,1998.3037090549308,1.0150656218267624,60.4
1956000,-2678956.3632779233,300.6476369859582,1997.6723603256394,1.015386425379545,60.4
1958000,-2680779.8645001985,300.414427869748,1999.060609285959,1.0146812896058681,60.4
1960000,-2683125.8507478647,299.4174804206245,2000.4411105447928,1.0139810596464698,60.4
1962000,-2682269.6336721443,301.11826138701065,1997.0920947544676,1.0156814512251886,60.4
1964000,-2682461.299324207,299.2587400302321,1995.9713345447515,1.0162517677104899,60.4
1966000,-2681166.502857834,300.24409428129417,1998.1179954698227,1.0151599663430406,60.4
1968000,-2682851.427072551,299.90284535245434,1997.7706753997295,1.0153364557845006,60.4
1970000,-2679588.877597155,299.48731543515265,1998.4119428819674,1.0150106459558794,60.4
1972000,-2680635.5386752225,300.1751914013066,1995.9139567323668,1.016280982548668,60.4
1974000,-2681224.5207990166,300.2088472795195,2000.3725448089149,1.0140158153512016,60.4
1976000,-2682496.285194475,300.55618560595224,1994.0722629995198,1.0172196036563885,60.4
1978000,-2681670.6127395555,299.8363850124773,1998.3335611988487,1.0150504582496613,60.4
1980000,-2682265.650384413,300.86221919841,1994.8729872911526,1.0168113007459967,60.4
1982000,-2682928.9740934,299.76253978857113,1991.2029677310636,1.0186854026949856,60.4
1984000,-2683287.52992424,299.6349783893936,1996.4506155902077,1.016007799637415,60.4
1986000,-2679030.5965626296,300.16418183144515,1998.2989961907515,1.0150680157960423,60.4
1988000,-2681106.052492423,301.17100255236255,1995.2868750651028,1.0166003808171122,60.4
1990000,-2678205.745405033,299.9548315779204,1991.6191814308659,1.0184725151990512,60.4
1992000,-2681540.781760255,300.78196625948095,1992.734633951113,1.0179024153400305,60.4
1994000,-2683771.6244099084,300.79025409566026,1993.9724257052499,1.017270535380217,60.4
1996000,-2683102.064196091,299.89727894065607,1993.7624294087498,1.0173776810670938,60.4
1998000,-2684831.8952793404,300.81850625695836,1994.8725746555997,1.0168115110714577,60.4
2000000,-2681793.123508198,298.83201052990086,1996.3856475747316,1.0160408633946758,60.4
2002000,-2681698.1445983443,300.72387745297266,1997.9332808548204,1.0152538207695854,60.4
2004000,-2680280.630897563,299.46157745795335,1998.4245823052106,1.0150042263245034,60.4
2006000,-2681335.0255810637,300.60022575205414,1997.6466592334045,1.0153994890212314,60.4
2008000,-2680538.378077347,299.43226858426493,1994.9433660760217,1.0167754290791593,60.4
2010000,-2683434.9640946425,301.74720183651436,1996.6365869829908,1.0159131662991254,60.4
2012000,-2682978.042229658,300.9815841753401,1997.714862016849,1.0153648228770404,60.4
2014000,-2682032.8751525246,300.8854076290513,1996.3069928132638,1.0160808955400522,60.4
2016000,-2683088.6449839007,300.81457948072796,1998.066400754591,1.0151861801312103,60.4
2018000,-2682877.786180133,300.2883950408282,1997.6865318820926,1.0153792222444087,60.4
2020000,-2684674.9922366478,300.91229727994806,1994.390567005163,1.0170572557793884,60.4
2022000,-2681963.9797248393,300.2993940451197,1994.8085066850927,1.016844168366473,60.4
2024000,-2682742.7369685452,300.6347413577263,1993.5277175506283,1.017497464004563,60.4
2026000,-2681675.042889422,299.6000784850635,1991.641638546729,1.0184610312278213,60.4
2028000,-2680656.79045894,301.04469756869776,1996.845915901383,1.015806668345233,60.4
2030000,-2678674.450616017,300.16574904818486,1997.1874847128229,1.0156329401003812,60.4
2032000,-2679803.1346459687,301.0130535692334,1999.6292312029966,1.014392751105293,60.4
2034000,-2682160.742311189,299.3985280292863,1999.378584157897,1.0145199178898374,60.4
2036000,-2680535.8734489195,299.7463201235086,1997.329668374447,1.015560640363099,60.4
2038000,-2683428.0206974223,299.444446791615,1993.0310197527313,1.0177510419693454,60.4
2040000,-2680494.2164050546,300.5794271243899,2000.3626224150503,1.014020845171391,60.4
2042000,-2680132.2967693266,300.4753823615383,1997.1918914190812,1.0156306991559567,60.4
2044000,-2681386.350853622,300.5245729512512,1994.9323331509252,1.0167810523311174,60.4
2046000,-2683594.6036501657,299.4682194118005,1994.2040205010792,1.0171523957317543,60.4
2048000,-2680992.014348058,300.41941190546646,1996.1721801190456,1.0161495171772212,60.4
2050000,-2681715.013068231,300.8971035281837,1996.1509152479841,1.0161603421545797,60.4
2052000,-2682586.0427136887,300.2396697822615,1993.6036611065779,1.0174587038552447,60.4
2054000,-2680507.7759504206,300.91536586821695,1995.0342530317519,1.0167291082587173,60.4
2056000,-2681287.5582419913,301.41266450642104,1992.9061693250244,1.0178148014452528,60.4
2058000,-2680123.257861592,299.9798809775722,1996.1070025364859,1.0161826968459287,60.4
2060000,-2682631.4711745586,300.14104496024953,1993.3811989296562,1.0175722526728561,60.4
2062000,-2682138.9206587803,299.86756657992163,1995.762122851561,1.016358299320944,60.4
2064000,-2684406.4984050207,300.89803074953613,1993.5140860934139,1.0175044215541702,60.4
2066000,-2685703.365899749,299.9805650943526,1994.1896610145277,1.0171597199027862,60.4
2068000,-2679829.4786390383,300.4764148017834,2000.383196330159,1.0140104159802112,60.4
2070000,-2683429.7256491203,299.3839108845441,1996.5519268724433,1.0159562442275318,60.4
2072000,-2682203.6615245547,299.8873803903208,1998.201249337178,1.0151176703064377,60.4
2074000,-2682118.2012501117,300.22289122279585,1995.37259543722,1.0165567080899547,60.4
2076000,-2680565.736996034,300.41520992527455,1994.430044940418,1.0170371240527347,60.4
2078000,-2680366.1384120937,299.555012316843,1996.419446339197,1.0160236621367478,60.4
2080000,-2682413.1217294578,299.6673386884941,1997.6310692138545,1.0154074134563933,60.4
2082000,-2681879.262688713,300.7334800451111,1997.143393014988,1.0156553626168927,60.4
2084000,-2680290.8833460025,300.64399458172556,1998.653064367533,1.0148881930503795,60.4
2086000,-2681746.088543758,298.86583129390203,2000.3555780813572,1.0140244160871237,60.4
2088000,-2685334.7631495856,299.139659140617,1997.9677091002134,1.0152363262888096,60.4
2090000,-2681513.8118110113,300.68323841077006,1996.4809295747643,1.0159923728711027,60.4
2092000,-2678530.446510615,300.0484337539178,2001.7308794385674,1.0133277244538907,60.4
2094000,-2681614.399457598,301.052023655068,1995.6050782703069,1.0164382818612065,60.4
2096000,-2682130.655349603,300.3340713895594,1996.3569377170963,1.016055475204813,60.4
2098000,-2681632.311849715,301.1850536259646,1991.433456769192,1.018567499775446,60.4
2100000,-2681980.668673029,300.74137808722804,1995.0178564595876,1.0167374645108387,60.4
2102000,-2683370.804745326,300.23252765984284,1995.238289644638,1.0166251357334564,60.4
2104000,-2686538.8610591535,299.6275008833695,1994.7497981687432,1.0168740956348143,60.4
2106000,-2682040.751965884,300.3279697974485,1993.900661964859,1.0173071486077467,60.4
2108000,-2682695.1402654722,300.4541797019354,1995.035881776068,1.016728278202591,60.4
2110000,-2679910.637372546,300.06516397228773,1998.4905105912972,1.0149707423081133,60.4
2112000,-2679791.2654397134,301.3961108522117,1996.028954411286,1.0162224313168011,60.4
2114000,-2681831.291582469,301.4444287799398,1997.8230317937475,1.015309847143648,60.4
2116000,-2683750.4634025786,300.5956524490181,1996.3927948715152,1.0160372258612136,60.4
2118000,-2682022.7568853386,300.0858553051047,1995.616099436893,1.0164326683889402,60.4
2120000,-2686440.6344608255,299.75457880162395,1995.815316279972,1.0163312108513878,60.4
2122000,-2683912.9516953807,300.0694980357788,1994.7770603440204,1.0168601982422782,60.4
2124000,-2682772.2912202775,299.4776986293381,1994.6080610376991,1.0169463548519326,60.4
2126000,-2683676.1428988315,301.29038226180165,1993.7287423735313,1.017394871187818,60.4
2128000,-2680396.663499737,300.2190522875798,1996.9210817997218,1.015768432472288,60.4
2130000,-2680769.6964086574,300.12906747159786,1999.8195863417366,1.0142961949588323,60.4
2132000,-2682720.0707399826,300.8680439403259,1994.098378295069,1.0172062818509666,60.4
2134000,-2682768.2441086452,301.2261479775105,1996.8861020149063,1.0157862258562744,60.4
2136000,-2679656.788532242,298.9654409415547,1997.5351359624353,1.015456179224231,60.4
2138000,-2685829.9330365974,300.40084285678864,1992.078266948904,1.0182378025424226,60.4
2140000,-2681800.0827618428,300.9987986449619,1996.079479078345,1.0161967087438581,60.4
2142000,-2684283.860909229,301.9208899657011,1996.1622132042125,1.016154590850908,60.4
2144000,-2681140.546559889,300.12045823506077,1995.0328977902318,1.016729798930788,60.4
2146000,-2680898.2853721473,300.64182789132195,1994.38964901545,1.0170577239166447,60.4
2148000,-2683566.06767126,299.4941205577672,1996.1980219213451,1.016136362603055,60.4
2150000,-2683784.12815118,300.98709690469184,1994.6769539354177,1.0169112311788626,60.4
2152000,-2677412.7220047116,299.97141670723653,1996.428450231915,1.0160190798698243,60.4
2154000,-2679666.26580658,300.5377470749043,1998.181420283885,1.015127743877425,60.4
2156000,-2682763.7302059047,300.94821438417256,1995.5838259553593,1.0164491065964094,60.4
2158000,-2685752.246151885,299.4280440401836,1993.5453453818634,1.01748846683095,60.4
2160000,-2680689.78734784,299.0993307306668,1996.3117493317088,1.0160784745717222,60.4
2162000,-2682806.2515447885,299.93537959223033,1994.2112425812566,1.017148712091828,60.4
2164000,-2683700.8680698313,300.6951640941839,1998.3667991522802,1.0150335753631583,60.4
2166000,-2678690.221150998,301.0474388754383,1995.5738873847195,1.0164541688250304,60.4
2168000,-2680051.535695484,299.9835467188696,1996.7604491369082,1.0158501476265422,60.4
2170000,-2681063.97990595,300.14130614572025,1996.2990532832516,1.016084936620346,60.4
2172000,-2680433.3746658843,300.8871319433789,1999.3179551194567,1.0145506830650028,60.4
2174000,-2682634.129513247,299.66407905529957,1994.9345141190042,1.0167799407322138,60.4
2176000,-2684576.853308225,300.1695029734155,1993.7954273645778,1.01736084313913,60.4
2178000,-2680587.1587540694,300.4283884812885,1993.4275555277945,1.0175485893158092,60.4
2180000,-2683468.1565420106,299.3811864539652,1997.5905269636633,1.0154280217346399,60.4
2182000,-2685243.0698604938,299.4254322197631,1994.794770203543,1.0168511705209635,60.4
2184000,-2683469.52364544,300.98123103266056,1991.5490257563497,1.0185083926117362,60.4
2186000,-2683470.973786168,299.57274335303714,1996.8641507790012,1.015797392245868,60.4
2188000,-2681557.3495671246,301.16272582713776,1994.0648394210232,1.0172233905992336,60.4
2190000,-2682884.754509492,300.20122703469895,1990.8537854141114,1.0188640732391334,60.4
2192000,-2683270.677164525,300.08812383308907,1993.6426553878096,1.0174388030617236,60.4
2194000,-2684275.2758407816,299.4588208937957,1994.9461480699529,1.0167740111646577,60.4
2196000,-2683801.523332227,300.5294717964258,1993.0252707127433,1.0177539777532134,60.4
2198000,-2683798.4235333726,299.5317710781263,1994.0464372440724,1.0172327781062054,60.4
2200000,-2683666.515380947,300.83537119085935,1994.9120195160776,1.0167914059300807,60.4
2202000,-2683800.9944003113,299.6108692386338,1998.4580072218748,1.0149872500199948,60.4
2204000,-2682227.5883557033,298.64942422173453,1995.1777795600265,1.0166559681102056,60.4
2206000,-2683730.87876226,300.57101793544825,1998.2379186999424,1.015099042035123,60.4
2208000,-2683867.4763671383,300.5731089281687,1991.704560638934,1.0184288559242243,60.4
2210000,-2683437.618105611,299.67740734861553,1995.2345850996805,1.01662702329773,60.4
2212000,-2680796.649837766,299.5754476129792,2000.0415347762498,1.014183636570074,60.4
2214000,-2680281.7860602457,300.05924226775966,1995.523476934944,1.0164798462537443,60.4
2216000,-2681987.9495154433,300.98478563676895,1994.392314473237,1.0170563646432407,60.4
2218000,-2682261.963441735,301.6868731709611,1995.7627470713699,1.0163579814319643,60.4
2220000,-2683945.1881267987,298.34702271352097,1993.5726087111486,1.0174745520515267,60.4
2222000,-2680604.957462143,300.2638874974542,1999.1103525912765,1.0146560415743509,60.4
2224000,-2682427.324426025,299.9151754810393,1995.6820613223097,1.0163990729498138,60.4
2226000,-2683060.259114733,300.3893905852365,1991.953616234851,1.0183015209282966,60.4
2228000,-2682038.2655792534,299.8748914021727,1996.1248996751747,1.016173585811513,60.4
2230000,-2679903.7772440594,300.46667758537416,1997.1811493931177,1.0156361618208447,60.4
2232000,-2679823.4139903747,300.4432236135142,1994.7137547926052,1.0168924699882402,60.4
2234000,-2681627.590430787,299.83005890429115,1994.1810463679012,1.0171641139228607,60.4
2236000,-2685224.532590039,300.7627384783284,1996.1091898779614,1.0161815833103713,60.4
2238000,-2686135.0493411757,301.45902199961364,1994.1878993987898,1.0171606184362552,60.4
2240000,-2681598.322733881,299.70005178414067,1994.4157934801458,1.0170443914762162,60.4
2242000,-2681209.4242641386,299.8332299964797,1995.3552673273143,1.016565536094998,60.4
2244000,-2681890.990168538,299.09588875119863,1996.9165316449662,1.0157707469924449,60.4
2246000,-2680700.8653863445,300.472002667011,1997.4075938476342,1.0155210199853182,60.4
2248000,-2681457.884353906,299.24936181920447,1994.9313947855483,1.0167815305992614,60.4
2250000,-2682018.7517429516,300.79142732026935,2000.1282592186235,1.0141396621349645,60.4
2252000,-2680002.034989653,299.86514556811096,2000.9937407569398,1.0137010205055708,60.4
2254000,-2678835.296405535,299.76551520788894,1993.2036153941203,1.0176629127925234,60.4
2256000,-2683380.075064631,300.8721964735926,1993.2081700755903,1.0176605873302458,60.4
2258000,-2679676.537974417,300.19950694881203,1998.0460312610996,1.0151965296566794,60.4
2260000,-2682399.9050980844,300.99255609182,1993.7958685136016,1.0173606180369772,60.4
2262000,-2681669.412469277,299.3621016607003,1995.6626737625866,1.0164089471124107,60.4
2264000,-2680352.929576291,300.16065507380677,1995.906763020268,1.0162846454616532,60.4
2266000,-2680917.69654987,300.33069458687237,1995.8559016324407,1.0163105439483395,60.4
2268000,-2681632.2300317567,300.38418509647073,1993.7921914532885,1.0173624943089221,60.4
2270000,-2681947.321868019,298.8890082489022,1993.493987100771,1.0175146803329853,60.4
2272000,-2682261.212566633,300.3113041051285,1994.995684700405,1.016748764213584,60.4
2274000,-2682698.746416129,300.315776507263,1992.6811975577689,1.0179297117454558,60.4
2276000,-2680419.235101342,299.5367749083789,1995.3966205221511,1.016544468487563,60.4
2278000,-2680473.9548423644,301.38690903513526,1996.4489584814355,1.0160086429524569,60.4
2280000,-2682527.906352656,301.25397664797254,1993.2368125390103,1.0176459637260842,60.4
2282000,-2682175.391217271,298.7889588230546,1995.8625553395002,1.0163071558229282,60.4
2284000,-2681284.2367530633,300.1043903550209,1999.2140908263084,1.014603391571832,60.4
2286000,-2679890.825206401,301.0636077613023,1998.6673375136468,1.0148809453973073,60.4
2288000,-2684080.7589463685,301.83129585293506,1995.3268686752897,1.0165800044467117,60.4
2290000,-2681905.1659629904,299.93243081020506,1994.3313759125108,1.0170874417008389,60.4
2292000,-2681536.8508651964,300.60732731927646,1995.4117292100632,1.0165367715030769,60.4
2294000,-2680257.9748310987,300.8174521325762,1997.8457749446186,1.015298289021733,60.4
2296000,-2680777.6837871037,300.8291106148391,1995.955586791963,1.016259785765458,60.4
2298000,-2683214.5932822227,299.9806522394682,1992.6052835894814,1.0179684926743697,60.4
2300000,-2681349.4582333993,299.7984845736785,1998.7856392050064,1.0148208778592913,60.4
2302000,-2678722.470419379,300.1251908226688,1996.037612007567,1.0162180235624134,60.4
2304000,-2682466.84305411,300.85818616493066,1997.0827856504563,1.015686185673024,60.4
2306000,-2681867.1388060674,299.8552860257195,1994.0957459835706,1.0172076246168782,60.4
2308000,-2679535.074942695,299.4498077054118,1997.8209179004025,1.0153109214425051,60.4
2310000,-2683024.1447206475,299.81934937260615,1995.454185186919,1.0165151433133823,60.4
2312000,-2685163.5533092394,300.97198441726897,1992.724227935408,1.0179077308314426,60.4
2314000,-2685061.3679504264,300.09718598630633,1991.799966212516,1.0183800740230295,60.4
2316000,-2683863.96360543,300.24950488029026,1991.8246046576558,1.01836747687892,60.4
2318000,-2683426.0856280737,300.71851436718396,1996.397988422362,1.0160345826803323,60.4
2320000,-2680640.5439590756,300.9358917488409,1995.9471213270451,1.0162640960557816,60.4
2322000,-2680436.8702533823,299.7315674821591,2000.2064614659496,1.0141000122277128,60.4
2324000,-2680991.0184483156,299.84154908582514,1997.5719327101733,1.0154374737727505,60.4
2326000,-2682774.700589558,301.06684301751073,1996.1228952280173,1.0161746062227617,60.4
2328000,-2682244.643963853,300.98499220669214,1994.9466008606814,1.0167737803886334,60.4
2330000,-2678454.3402603846,300.2220394483558,1994.0668515673085,1.0172223641530713,60.4
2332000,-2681434.724736508,300.7890100497454,1995.3434018039343,1.016571581210904,60.4
2334000,-2684629.0641128104,301.118137180358,1996.9547545907308,1.0157513045137996,60.4
2336000,-2682228.2035060935,301.1019375525904,1997.192413790517,1.0156304335148183,60.4
2338000,-2682774.7528166305,299.37253728124136,1997.171156337229,1.0156412436631774,60.4
2340000,-2679443.1085558105,300.1111115009481,1996.5107652403021,1.015977189978451,60.4
2342000,-2682365.245263653,300.37229531431296,1995.4159191472468,1.0165346369980963,60.4
2344000,-2680753.085104879,300.72972096396444,1998.4047005001064,1.0150143244373646,60.4
2346000,-2678596.3182479944,301.8784071472904,1997.9969092785961,1.0152214888875648,60.4
2348000,-2683228.8076223675,300.27898763534455,1995.060686277094,1.0167156372650028,60.4
2350000,-2683313.0518719293,299.09858735736293,1994.5368035396311,1.01698268662219,60.4
2352000,-2682591.5761806387,300.4266771342436,1997.2834764457098,1.0155841276173023,60.4
2354000,-2683849.909076076,300.1044630887984,1994.7692683576101,1.016864170311114,60.4
2356000,-2681864.172970338,300.50431816823914,1995.950085249603,1.0162625869358386,60.4
2358000,-2679089.2615828365,300.75169389064826,1994.3394214480745,1.0170833385812317,60.4
2360000,-2679558.101746848,300.55797430273077,2000.2912999417038,1.014057001142626,60.4
2362000,-2680361.3722490184,300.20547440185805,1996.8396892386197,1.0158098358932293,60.4
2364000,-2679636.7612136863,300.72084248490523,1997.9070929778748,1.01526712836643,60.4
2366000,-2682340.5598068666,299.39750605717074,1993.645654357012,1.017437272565254,60.4
2368000,-2682562.04837835,300.540515041578,1999.0097498986224,1.014707105422291,60.4
2370000,-2681041.0921091456,301.0130891671613,1999.5011608106856,1.0144577241496389,60.4
2372000,-2683453.6020022053,300.3894456495357,1995.039928062069,1.0167262161018071,60.4
2374000,-2685073.4375704043,300.88879029870697,1992.4332553483453,1.0180563848679258,60.4
2376000,-2682247.917003693,299.655810834128,1997.6020615686034,1.0154221584241732,60.4
2378000,-2683645.627323583,300.5214806885157,1996.7804569833834,1.0158399687539856,60.4
2380000,-2679824.8001252394,300.0866048561807,1994.8352825203453,1.0168305196947416,60.4
2382000,-2682626.568924861,300.4675954417028,1996.3081221905431,1.0160803207096114,60.4
2384000,-2681038.3954555485,299.3155698381977,1997.5892363957598,1.0154286777648132,60.4
2386000,-2683826.232914176,300.6640740096395,1993.84765613751,1.017334193405735,60.4
2388000,-2682183.141191194,301.41726629915064,1989.977796256072,1.0193125776814207,60.4
2390000,-2685333.8791977502,300.6170431362447,1992.538049080954,1.0180028421370226,60.4
2392000,-2682144.2922425848,298.9019898884476,2000.293235224245,1.0140560200430673,60.4
2394000,-2679090.6691002883,300.82487730478636,1994.8415586790586,1.0168273205485747,60.4
2396000,-2680140.399342673,299.9638423178831,1999.2609567569277,1.0145796076170688,60.4
2398000,-2680831.4999165013,300.69865542420763,1997.5183536015097,1.015464710686319,60.4
2400000,-2681282.6031145304,299.87101294564746,1997.3414290236813,1.015554660588037,60.4
2402000,-2679532.9497312866,301.1786234525291,2000.0458598356938,1.0141814434181053,60.4
2404000,-2681605.478933463,300.1502108744479,2000.0551501806838,1.0141767325002633,60.4
2406000,-2677757.273610886,300.69184495058016,1999.0972387605948,1.0146626975925133,60.4
2408000,-2678827.804778712,300.8540056875824,1998.0085240222468,1.0152155872424016,60.4
2410000,-2681395.550113119,300.0535463215808,1995.5219294928909,1.0164806344904644,60.4
2412000,-2682359.394759301,300.4627225524779,1995.6933789829532,1.0163933089081494,60.4
2414000,-2680893.438875256,300.9288503842611,1996.3548016753277,1.0160565623547186,60.4
2416000,-2683441.3578950055,300.5023497377147,1996.843670803291,1.0158078104404538,60.4
2418000,-2680632.08936166,300.2668408123995,1995.6547586771037,1.0164129783526177,60.4
2420000,-2680970.7211088166,299.3161361666416,1997.6182690756998,1.0154139198822592,60.4
2422000,-2684671.335778456,300.0055694676891,1994.548301786522,1.0169768238822383,60.4
2424000,-2680623.174854532,299.7997940050104,1993.513092579927,1.0175049286510987,60.4
2426000,-2686154.0245482437,300.62698108732144,1995.9816708593721,1.0162465049878115,60.4
2428000,-2682824.8018498328,299.44970000613796,1999.8495061588314,1.0142810200386496,60.4
2430000,-2682833.373063162,299.00903332553224,1996.3398053103328,1.0160641949005527,60.4
2432000,-2682310.878222622,300.9474703761553,1996.9127483156415,1.015772671460731,60.4
2434000,-2686410.039436646,300.3316846216394,1993.299182089141,1.0176141219827473,60.4
2436000,-2679785.7300388794,300.16274326339595,1997.7631765037156,1.0153402669982572,60.4
2438000,-2683163.077706648,302.11581476706033,1995.386966743077,1.0165493865790818,60.4
2440000,-2682056.352521455,300.32798166403404,1991.8453412786046,1.0183568749009868,60.4
2442000,-2681771.3111733794,301.60902405431017,1997.2881563709884,1.01558174796176,60.4
2444000,-2679665.782802554,299.8532321477914,1995.0623856416755,1.0167147712416864,60.4
2446000,-2683674.661464721,299.2637020814016,1994.7587845577614,1.01686951461666,60.4
2448000,-2680034.4559318777,300.1819877133184,1999.870181346499,1.014270534132798,60.4
2450000,-2681574.826054521,299.81387564626374,1997.0597258885734,1.0156979136555602,60.4
2452000,-2679875.3210111,299.3383463949107,1994.6725658284204,1.0169134682955534,60.4
2454000,-2679439.223942684,301.19728859078776,2000.3228565742284,1.014041003613008,60.4
2456000,-2678302.431640975,301.2335474032343,1997.6141521264826,1.0154160125824623,60.4
2458000,-2681506.4251224957,299.1972003385651,1997.5811207895072,1.0154328031638975,60.4
2460000,-2681180.8763064593,300.37401858016153,1998.3054991853562,1.0150647125064138,60.4
2462000,-2682627.8156610485,299.70111120468545,1994.637668042103,1.0169312600125597,60.4
2464000,-2682943.487842109,299.31786173286076,1993.2877149606622,1.0176199761862277,60.4
2466000,-2682173.211751282,300.4356000970553,1992.8747984277866,1.0178308234068778,60.4
2468000,-2682003.5586630497,301.4863843157683,1994.6101648236777,1.0169452822425977,60.4
2470000,-2681727.16689926,300.38474003212355,1998.4301289586715,1.0150014091748703,60.4
2472000,-2683600.935868092,300.0769796389722,1993.435913304989,1.0175443230916796,60.4
2474000,-2680045.5035838466,300.8742603417386,1996.619822779074,1.0159216962031599,60.4
2476000,-2683156.2485626563,300.45516328776375,1993.8078061200865,1.017354526752414,60.4
2478000,-2682228.7973646577,299.31228686259897,1992.8237517338566,1.0178568954057032,60.4
2480000,-2683717.9414128624,300.65094686338693,1994.5191144789842,1.0169917060736908,60.4
2482000,-2684151.7075750884,300.46270707919217,1992.3010513007418,1.0181239405090174,60.4
2484000,-2679885.237891309,300.25656299775596,1997.0887055997368,1.0156831748850268,60.4
2486000,-2680686.698104564,301.4429038408385,1996.4416390021465,1.016012367906933,60.4
2488000,-2681101.537059173,301.035969993877,1997.50969311299,1.0154691133785811,60.4
2490000,-2682784.219362259,300.3614296567705,1995.67067884851,1.016404870066513,60.4
2492000,-2682605.40338568,300.10988194983906,1993.0108344315693,1.017761349806759,60.4
2494000,-2682034.2806072496,298.6703953936917,1996.2823720744595,1.0160934271651785,60.4
2496000,-2684372.844009755,300.29586848005977,1997.0158152812835,1.0157202469349818,60.4
2498000,-2678984.1138917357,299.19930014708274,1994.738651655801,1.0168797778830918,60.4
2500000,-2680274.5968125574,300.2462894176571,1993.337410235215,1.0175946062193333,60.4
2502000,-2681289.552760493,299.61687073822196,1995.772957133573,1.0163527819035438,60.4
2504000,-2680997.737247238,301.089205036836,1990.4117912439742,1.019090323898678,60.4
2506000,-2682874.7107770555,300.3980866467008,1992.7472115249934,1.0178959906702287,60.4
2508000,-2679419.7564842775,299.9002654702773,1996.1978215400302,1.016136464604339,60.4
2510000,-2681231.45105193,299.50371809972796,1995.3851342805597,1.016550320127506,60.4
2512000,-2680268.0614063125,299.79483919855056,1999.1327076977977,1.0146446952821289,60.4
2514000,-2681697.170981312,300.57925383861976,1998.8540982510303,1.01478612111079,60.4
2516000,-2682545.649671942,300.6889082173203,1993.7277112764036,1.017395397354417,60.4
2518000,-2683110.109097706,300.5168411584295,1994.5709358727254,1.016965283384638,60.4
2520000,-2680855.810528416,300.5674301084382,1997.9150802692398,1.0152630695180598,60.4
2522000,-2682816.996621689,300.09273416508313,1995.4276255437055,1.016528673385424,60.4
2524000,-2680627.8362746425,300.8957413443396,1996.1719337980776,1.0161496425666872,60.4
2526000,-2682084.973598698,300.64392583649055,1996.7478616952938,1.0158565515169222,60.4
2528000,-2681323.6023424603,300.76407986898147,1996.7705524853948,1.0158450075827659,60.4
2530000,-2682425.100575501,299.69744972099227,1991.272144590604,1.0186500135307224,60.4
2532000,-2681822.9089827444,300.60063476741317,1992.88401306425,1.0178261171916854,60.4
2534000,-2683234.2931304127,301.1079270126303,1994.2911799920819,1.0171079415988908,60.4
2536000,-2683825.3899655566,300.5542236079753,1997.6052982404835,1.0154205131600413,60.4
2538000,-2682095.3701023106,298.81120997752146,1992.4337137328173,1.0180561506512313,60.4
2540000,-2679493.9596932232,299.86244981671115,1996.9790548391488,1.01573894433958,60.4
2542000,-2679487.5589879006,301.22936997549925,1996.9352534348297,1.0157612238762386,60.4
2544000,-2679771.9838579986,300.13052276160363,1994.0485530782735,1.017231698746378,60.4
2546000,-2680346.9712025076,300.34413021194746,1998.8242981257213,1.0148012503813315,60.4
2548000,-2681753.432046948,300.13541095730915,1993.822095954401,1.0173472353157025,60.4
2550000,-2682528.6417101584,300.583350865407,1993.5404326382788,1.0174909742593705,60.4
2552000,-2683521.0057980455,300.3815125179196,1997.030481778166,1.0157127873303482,60.4
2554000,-2682183.7920232434,301.1027063330704,1996.891312205064,1.0157835755170377,60.4
2556000,-2683396.076592747,299.9209698814601,1997.8003642273968,1.0153213671151822,60.4
2558000,-2683292.7194788177,300.89791245647524,1996.6906351866967,1.0158856666550684,60.4
2560000,-2681144.750078922,300.2864898607395,1996.7521688254672,1.0158543602452796,60.4
2562000,-2680423.5760970395,300.00252195575064,1999.2386831982544,1.0145909110690323,60.4
2564000,-2682892.3224774394,300.6095964019001,1992.3738464780279,1.0180867414096217,60.4
2566000,-2681625.5215306934,300.09824139133787,1998.7651961524812,1.014831257285824,60.4
2568000,-2687826.388037963,300.04270840296897,1991.747060354664,1.0184071247828912,60.4
2570000,-2682088.9576280136,299.59575114408005,1994.8910536319277,1.0168020921932643,60.4
2572000,-2684233.795391744,300.77344282024967,1993.6383348419495,1.0174410080208336,60.4
2574000,-2682383.454689976,299.846487237202,1995.4328285164008,1.0165260228472268,60.4
2576000,-2681095.4760785867,300.1259334172401,1994.6016188993763,1.0169496393720205,60.4
2578000,-2683584.4781664647,300.3021638899368,1997.6225633529373,1.0154117370530484,60.4
2580000,-2683698.360488083,299.9337417676014,1997.912220052492,1.0152645229715227,60.4
2582000,-2681962.131163014,300.8050161206608,1998.4932529414668,1.0149693495562573,60.4
2584000,-2680144.561240496,300.6943389571974,1996.4106549284768,1.016028136307076,60.4
2586000,-2682779.4626022317,300.63229997196,1998.0333669879526,1.0152029643470915,60.4
2588000,-2684044.0656626765,301.55119476009054,1993.3525530935358,1.0175868758803492,60.4
2590000,-2683698.385325784,301.19916782807,1992.3512272488529,1.0180982997819654,60.4
2592000,-2682207.5341746435,300.15445609231676,1996.5793697329166,1.015942279971525,60.4
2594000,-2680430.768930182,301.7389767726798,1996.1619429465493,1.0161547284267025,60.4
2596000,-2681581.22086438,300.58961242181965,1999.772165578855,1.0143202470484558,60.4
2598000,-2680992.5482822005,300.85152798668065,1998.1349414080894,1.0151513568954185,60.4
2600000,-2681595.5723257884,301.0325233855397,1991.417033371659,1.0185758999943266,60.4
2602000,-2680657.0166088026,300.1347104612099,1996.4866373007749,1.0159894682655894,60.5
2604000,-2681252.1172418874,300.67451691279234,1995.1525325222308,1.0166688330672624,60.5
2606000,-2679807.0528550576,299.6901370900072,1996.763197184514,1.015848749561629,60.5
2608000,-2681773.1510962434,299.7161236232877,1995.4895508665777,1.0164971278099129,60.5
2610000,-2680941.8334326837,300.2851234078867,1995.8266762858423,1.016325426016132,60.5
2612000,-2685481.7701503504,300.31542382957974,1995.3906802997683,1.0165474947120836,60.5
2614000,-2683933.150699258,299.7271288087057,1995.488122122058,1.0164978556091337,60.5
2616000,-2686814.587567892,299.3437829684243,1995.5710260925862,1.016455626238612,60.5
2618000,-2681808.6195043847,299.1016941997528,1988.9916262335344,1.019817967193597,60.5
2620000,-2684113.2822161987,301.278308669311,1993.9144939035016,1.017300091469588,60.5
2622000,-2683450.4412589893,300.2072362364045,1992.2465270908633,1.0181518047329776,60.5
2624000,-2684135.247350024,300.1848275705635,1991.2460000972835,1.018663388115517,60.5
2626000,-2683592.894023847,300.88680352271626,1993.0140413071679,1.0177597121695072,60.5
2628000,-2683059.1318941303,299.0673923412063,1994.580556258694,1.0169603782939354,60.5
2630000,-2679576.52753688,300.1133234080237,1997.0725065786155,1.0156914134808457,60.5
2632000,-2681944.7744355462,302.2103212472461,1997.7886327127887,1.0153273293362375,60.5
2634000,-2682013.162499668,300.1211259605491,1995.6811396618325,1.01639954235088,60.5
2636000,-2683748.384541055,300.5448439894206,1996.40334179994,1.0160318581723935,60.5
2638000,-2681891.9893744867,299.0985592727941,1997.949247827841,1.0152457071849272,60.5
2640000,-2685626.310880704,299.59430282886944,1995.4214005464353,1.0165318445893687,60.5
2642000,-2680518.0741358045,299.52372231822216,1995.0941948302905,1.016698561043687,60.5
2644000,-2681688.3562721647,300.1971346313599,1995.4460497188584,1.0165192876632048,60.5
2646000,-2681061.540438991,299.74011639481665,1996.059114445367,1.0162070764092532,60.5
2648000,-2682309.2081366424,300.65893868748753,1994.9487274591327,1.0167726965163932,60.5
2650000,-2681125.932277687,300.325648975117,1997.0739304220574,1.0156906893286068,60.5
2652000,-2682573.9609157946,300.46829701159436,1995.5510223054685,1.0164658153852362,60.5
2654000,-2683338.0245621298,300.9521033994447,1993.5683709494647,1.0174767149142274,60.5
2656000,-2680409.055655429,298.83141932594606,1996.9602224061657,1.0157485233163583,60.5
2658000,-2681952.092082925,300.92356365025915,1998.6767079067283,1.014876187332458,60.5
2660000,-2679972.6802535933,298.75281176466706,1997.1709034103744,1.015641372286594,60.5
2662000,-2680514.025242226,299.71828297197953,1998.299150331968,1.015067937497546,60.5
2664000,-2680704.225746369,300.2556859169977,1994.3585661537165,1.017073575160821,60.5
2666000,-2682453.135505583,300.4393317955679,1995.7263703721874,1.0163765068917172,60.5
2668000,-2682777.1499432083,299.8257267931929,1995.660413632239,1.0164100982184263,60.5
2670000,-2679945.0748343095,301.2973427380603,1997.7206254262571,1.0153618935569453,60.5
2672000,-2680171.9424009174,299.97099637708044,1998.7438339168575,1.0148421036304474,60.5
2674000,-2681797.3891797606,299.97956949324185,1997.3371124060993,1.0155568553908452,60.5
2676000,-2680862.85946,300.4688125035473,1997.615631650944,1.0154152605194502,60.5
2678000,-2683310.8090310544,299.56161636004407,1993.595231502586,1.0174630060194032,60.5
2680000,-2683751.168911433,299.9519826612313,1993.205777935768,1.0176618086724891,60.5
2682000,-2682402.775339298,300.9765760850821,1993.599170685079,1.0174609955989942,60.5
2684000,-2682542.6126770284,300.32527216207694,1993.869828523775,1.017322880366953,60.5
2686000,-2683940.7179848403,300.97182125791824,1992.5376157943658,1.0180030635064836,60.5
2688000,-2679169.4884888083,300.0173383267276,2000.1102407500503,1.0141487982531936,60.5
2690000,-2683153.383337198,300.64230637819713,1992.6015687142449,1.0179703905078374,60.5
2692000,-2679369.446724573,300.4296374830318,1990.9698876465973,1.018804658782774,60.5
2694000,-2682449.2453954834,300.2216044803276,1993.3296605380106,1.0175985624390351,60.5
2696000,-2681794.7852404397,299.32539661227935,1994.422100283974,1.0170411753568895,60.5
2698000,-2683472.3727812637,300.151120669458,1998.5112654645982,1.014960201667425,60.5
2700000,-2683522.190894937,301.2581445741079,1995.92708704382,1.0162742968907041,60.5
2702000,-2682338.788962826,299.9344072310671,1999.3627704438559,1.0145279421104079,60.5
2704000,-2682618.847907476,299.582250951193,1995.2061001775512,1.016641537358002,60.5
2706000,-2682911.575114079,301.0150060114259,1994.0572608643652,1.0172272566291871,60.5
2708000,-2684047.534961315,300.65878830221675,1996.1308834015879,1.0161705396662049,60.5
2710000,-2682668.3431202937,300.56814940397373,1993.7184804917883,1.017400107827773,60.5
2712000,-2681532.9849044457,299.5019906745093,1996.3585081718866,1.016054675914915,60.5
2714000,-2681051.681610983,301.8653621913658,1997.56430978874,1.0154413487919653,60.5
2716000,-2682250.9181651697,300.4179098106919,1996.724117238826,1.015868631784525,60.5
2718000,-2686107.8924987037,299.53805451523976,1996.2629101676946,1.0161033332328828,60.5
2720000,-2682535.0570672452,300.74638454578104,1995.4160253435243,1.0165345828980026,60.5
2722000,-2680896.0478764772,300.2486461830788,1997.652505331595,1.0153965174708246,60.5
2724000,-2681887.5341439657,300.2774003575667,1996.3271435992126,1.0160706392908705,60.5
2726000,-2683352.5598522294,300.54717145400383,1994.2392493178822,1.017134427438621,60.5
2728000,-2681430.4572959486,300.7173576684364,1998.6286039800252,1.0149006138465342,60.5
2730000,-2681779.303296916,299.4006630099968,1992.0317908342113,1.018261559059318,60.5
2732000,-2683516.767668918,299.5893493506618,1996.956478520296,1.0157504276375515,60.5
2734000,-2678639.9949994963,299.7773157091433,2000.2041062326043,1.014101206326933,60.5
2736000,-2680847.751107352,299.6026217145447,1993.1873281381843,1.017671228587072,60.5
2738000,-2680751.3726488296,300.6851178487272,1995.5287392689295,1.0164771657328702,60.5
2740000,-2682257.388031209,300.3722601530644,1997.2143508358474,1.0156192780117301,60.5
2742000,-2680857.0505177863,298.938432430076,1994.3239702608805,1.017091218517135,60.5
2744000,-2680965.3004731648,299.8732990456634,1998.4362859727842,1.0149982820408985,60.5
2746000,-2680586.1610767413,299.96661268337925,1996.1450196335913,1.01616334338419,60.5
2748000,-2685409.7882112637,300.01809311354,1992.9404108575172,1.017797313948685,60.5
2750000,-2679700.2786477506,301.07340023229017,1997.814858175758,1.0153140010595114,60.5
2752000,-2680826.3259637654,300.4784723322503,1998.7407308209874,1.01484367919865,60.5
2754000,-2680154.337450022,299.98846022641453,1999.7920010151254,1.0143101862598298,60.5
2756000,-2682125.4067735095,300.70842415467126,1995.454432082513,1.0165150175409738,60.5
2758000,-2681117.281510247,301.5265710683678,1998.2073921475953,1.0151145496717007,60.5
2760000,-2681031.002556475,300.72157000456116,1995.3957457884785,1.016544914116295,60.5
2762000,-2681008.7628826313,299.1178785240257,1995.2244231159198,1.0166322011349607,60.5
2764000,-2682286.3310856856,299.49667315127624,1999.182311292125,1.0146195199774222,60.5
2766000,-2680550.8733478356,299.84749233863334,1996.7267853146816,1.0158672743556623,60.5
2768000,-2679141.3095781,300.30091039687113,2001.1978460218063,1.0135976315699404,60.5
2770000,-2680254.939071344,299.9118540274686,1995.325015118243,1.0165809487986426,60.5
2772000,-2682364.01382632,299.50886782764456,1995.7842594186197,1.0163470262168783,60.5
2774000,-2682627.587554302,300.6227113379705,1996.3589384362917,1.016054456930166,60.5
2776000,-2681753.9937850256,300.30493430408575,1998.5441433888082,1.014943504620879,60.5
2778000,-2681110.47768222,299.771631389151,1999.772916194139,1.0143198663230872,60.5
2780000,-2680897.5961704496,301.5814705963717,1997.9836822082104,1.015228209866425,60.5
2782000,-2679851.572806347,299.5217175271639,1998.8374414522648,1.0147945775704597,60.5
2784000,-2681275.5810173973,300.1245320083183,1996.9223438314405,1.0157677905184412,60.5
2786000,-2681182.0903884973,300.39921577344626,1994.688660534542,1.0169052630434021,60.5
2788000,-2681837.4674624,300.4945399625676,1995.2075258784307,1.0166408109038787,60.5
2790000,-2682761.766021693,300.1260119896379,1994.4875133648368,1.0170078195217696,60.5
2792000,-2683225.9353966303,300.60867691162343,1994.946239583265,1.0167739645226201,60.5
2794000,-2681398.3504143953,299.35779765264726,1996.7243225366922,1.0158685273356232,60.5
2796000,-2682369.762771439,300.3560319134804,1996.3286170661663,1.016069889340939,60.5
2798000,-2680611.6043946072,300.78437211346784,1998.9306376396735,1.0147472647803848,60.5
2800000,-2679279.0436885115,300.8189186003356,1995.5556752456455,1.0164634453412982,60.5
2802000,-2683937.54936992,300.19638878404277,1996.1638549480972,1.0161537551151132,60.5
2804000,-2682704.4059353545,299.8476358842327,1994.8542810521712,1.016820835635523,60.5
2806000,-2680253.7547547854,299.22644648310285,1999.7574026985692,1.0143277351009357,60.5
2808000,-2682353.7463907264,299.7458848082464,1997.2544886944652,1.0155988676017291,60.5
2810000,-2684523.3875394333,300.1747808509719,1999.0911609993852,1.0146657824331171,60.5
2812000,-2680970.2436382137,300.1070875842276,1995.2607089932428,1.016613712628087,60.5
2814000,-2680895.16183977,300.2291125740422,1993.8192252690828,1.0173487000842907,60.5
2816000,-2681142.546615254,300.05092652154644,1994.694140269453,1.0169024694465498,60.5
2818000,-2680508.2778039128,299.97014289861977,1997.5469234155744,1.0154501870535404,60.5
2820000,-2681420.0978790615,301.0681934401595,1999.1845241404137,1.0146183969199747,60.5
2822000,-2681758.222337384,301.4477904968594,1993.5757255100148,1.0174729613100817,60.5
2824000,-2682540.6985179503,299.4651022358202,1999.257614792468,1.0145813035910969,60.5
2826000,-2684668.357884433,300.95746333749906,1996.5245832959633,1.015970158344842,60.5
2828000,-2686124.9796838984,300.023352547992,1996.7546865989755,1.015853079321181,60.5
2830000,-2682331.41008793,299.81027272732126,1991.9164280545745,1.0183205321578856,60.5
2832000,-2682788.193936063,300.1678240277002,1994.9110013684808,1.0167919248723922,60.5
2834000,-2681411.810959099,301.55862707601227,1996.9075101687433,1.0157753359639397,60.5
2836000,-2682265.7291136496,299.7295995176299,1995.7746575449241,1.0163519159651975,60.5
2838000,-2681803.4845708758,300.31531799398306,1995.2090863486978,1.0166400157803157,60.5
2840000,-2684336.2132366896,299.1220652455006,1994.7303582530285,1.0168840057194681,60.5
2842000,-2682843.2121107597,300.7985666184603,1991.3904634518346,1.0185894902371717,60.5
2844000,-2680297.091394555,300.1529852756192,1998.086539700964,1.0151759479517557,60.5
2846000,-2681549.0316620674,300.52690414022265,1997.3010201825941,1.0155752070086719,60.5
2848000,-2683537.595431203,299.9418796038473,1997.4088523386051,1.0155203801443395,60.5
2850000,-2680423.7083051745,300.6982947681129,1994.7456937792101,1.016876187955358,60.5
2852000,-2680820.6998106427,300.70754935839227,1996.5546788197357,1.0159548438862012,60.5
2854000,-2677833.053735435,300.1878512448588,2002.151810040504,1.0131146833413864,60.5
2856000,-2678615.208977394,300.2715773606192,1999.4707064249255,1.0144731755822451,60.5
2858000,-2681798.2824095692,300.8573011799228,1993.8960266130084,1.0173095136140013,60.5
2860000,-2680981.0146337375,299.7472487299297,1997.8540215529747,1.0152940981412863,60.5
2862000,-2682163.6044012457,300.6085301007176,2000.1753729616548,1.0141157742718874,60.5
2864000,-2680286.9479024466,300.06837955981814,1998.7071332878834,1.0148607383483068,60.5
2866000,-2681707.965903204,299.72813123654504,1997.5420562945812,1.0154526612537245,60.5
2868000,-2679913.85484688,300.1820704547311,1997.5166450928955,1.0154655792298728,60.5
2870000,-2682241.326443957,300.38184934820123,1993.0801824269313,1.0177259374284773,60.5
2872000,-2681742.2609582245,299.8779962999609,1996.331874904131,1.0160682312042824,60.5
2874000,-2681754.3728742246,299.3880952140596,1997.1331253118506,1.015660584325762,60.5
2876000,-2682039.5304984637,300.7186743030859,1997.8002448896982,1.0153214277649472,60.5
2878000,-2681359.544315962,300.20429248317015,1993.1391511830095,1.0176958271210645,60.5
2880000,-2682420.4775954336,300.3648620191717,1995.69802291382,1.0163909437906788,60.5
2882000,-2679346.213022843,299.9270699896999,1995.2409583475917,1.016623775962602,60.5
2884000,-2681023.4765900783,299.9267009524125,2000.5158186154338,1.0139431931282807,60.5
2886000,-2682109.6368063893,299.633075754593,1997.3392654806323,1.0155557606496362,60.5
2888000,-2681149.1558941696,301.44718064748633,1993.249364162617,1.0176395555418742,60.5
2890000,-2681554.573610233,300.18094534369754,1994.7626483691504,1.016867544962769,60.5
2892000,-2683146.267083898,300.46182532409233,1996.461520058601,1.0160022503068482,60.5
2894000,-2681559.3094844986,300.3564922946929,1995.644420505105,1.0164182437456326,60.5
2896000,-2684084.1987081505,300.09618284324443,1995.104978699599,1.016693065621378,60.5
2898000,-2681501.169391485,300.8283139124046,1995.92857989575,1.0162735367697955,60.5
2900000,-2678428.891123634,300.3863409508063,1998.4176410157017,1.0150077518329073,60.5
2902000,-2680108.7338465285,299.6690117439416,1997.002809975257,1.0157268617241964,60.5
2904000,-2683486.901655905,300.6383896852863,1998.6897058021973,1.0148695873812208,60.5
2906000,-2679252.2698327135,299.25626692078293,1999.3073928261463,1.0145560429120837,60.5
2908000,-2680587.31641658,300.90343283125463,1997.9320951837913,1.0152544232710645,60.5
2910000,-2683412.500113135,299.0252691546005,1993.890833082432,1.0173121634220934,60.5
2912000,-2682443.2092411313,298.87380764912047,1996.9868797763934,1.015734964296658,60.5
2914000,-2684117.87447647,301.4455876783189,1995.5984622136752,1.0164416516840256,60.5
2916000,-2679637.102830425,299.1966285005211,1991.2071455437788,1.0186832653599338,60.5
2918000,-2683014.836164033,300.64204285431134,1995.745516272434,1.0163667564285168,60.5
2920000,-2681251.3899986595,298.3020737421769,1996.2978705854996,1.0160855385953258,60.5
2922000,-2684266.5337846894,301.12881141729355,1994.9443418712829,1.0167749317396473,60.6
2924000,-2682502.041863676,298.74260449138603,1995.231320192122,1.0166286868608563,60.6
2926000,-2681659.6709261406,299.94308208885315,1991.7527463042677,1.0184042174885004,60.6
2928000,-2682896.2773619015,300.2920505130925,1994.3867038519388,1.017059225832643,60.6
2930000,-2681837.850167284,300.1965415114643,1993.6472406309645,1.0174364630267305,60.6
2932000,-2682685.1656744983,300.2876499183423,1993.513003452206,1.0175049741425977,60.6
2934000,-2680408.1798540894,300.2462905354096,1994.2807668042099,1.017113252453941,60.6
2936000,-2681056.813932702,299.6813672212351,1994.9748751594677,1.0167593698985453,60.6
2938000,-2682689.9971593097,299.68736756337063,1997.2239365208957,1.0156144035425478,60.6
2940000,-2680893.091251904,300.7896109174941,1996.9494165518297,1.0157540197152626,60.6
2942000,-2682010.7734718006,299.46477905100863,1997.0051104980298,1.0157256916206427,60.6
2944000,-2683307.4982041344,299.63694682623964,1996.7661739815098,1.0158472351251642,60.6
2946000,-2681424.0801829323,301.25052524287224,1993.7258019251155,1.0173963716936218,60.6
2948000,-2683547.205124669,300.7787565560078,1995.4291881491981,1.0165278773495143,60.6
2950000,-2684058.2129537035,300.4239465680201,1994.6062970447647,1.0169472542204885,60.6
2952000,-2682238.7686477993,300.42327990847144,1996.2072919121672,1.0161316438672836,60.6
2954000,-2681691.485847557,300.7932292630184,1995.6836558163614,1.016398260876081,60.6
2956000,-2684589.7983944025,300.1919888837939,1996.100221275169,1.0161861490776052,60.6
2958000,-2679696.437642295,299.83075652129907,1995.710671472777,1.0163845020348874,60.6
2960000,-2681409.120035516,301.0219206374905,2000.478266410944,1.0139622264778396,60.6
2962000,-2682031.1810127087,300.135552588942,1997.579623667246,1.0154335641984196,60.6
2964000,-2681811.2509011775,301.28611209190933,1995.4978610851667,1.016492894624054,60.6
2966000,-2683699.732487308,300.48673549386854,1995.4583739557872,1.0165130094943848,60.6
2968000,-2680843.800392356,300.9406769976819,1996.8512590166679,1.0158039502799232,60.6
2970000,-2680779.949018946,300.6095155332111,1995.9115442598718,1.0162822109347278,60.6
2972000,-2681083.2930889465,300.39595806246194,1998.1918828795385,1.0151224286365756,60.6
2974000,-2680593.1838305183,300.0926125563398,1993.8694031044492,1.0173230974267127,60.6
2976000,-2680412.461084388,300.0127572432374,1996.3385929319695,1.0160648119573235,60.6
2978000,-2683997.5035253204,301.7175690713019,1996.516065272392,1.015974492924416,60.6
2980000,-2681448.703520298,300.1867108275648,1998.2668084571742,1.0150843663347775,60.6
2982000,-2681820.4189218488,301.1482279405579,1996.4180686595791,1.0160243632699988,60.6
2984000,-2681076.972964747,300.43719288848905,1993.9348165966114,1.0172897228871312,60.6
2986000,-2677421.4041773956,300.48673393474434,1996.3976612998947,1.0160347491640673,60.6
2988000,-2681924.2180910353,300.2426087685532,1996.0820753870453,1.0161953869743838,60.6
2990000,-2680875.2476055473,299.60331028868114,1996.2349454913758,1.0161175675297447,60.6
2992000,-2680466.7245243303,300.84647889120447,1999.6035041056484,1.0144058023832103,60.6
2994000,-2681353.2713915445,302.5339030115001,1998.0593171300884,1.0151897792224078,60.6
2996000,-2680289.898231387,300.9637582235533,1994.980483638451,1.016756511487847,60.6
2998000,-2680079.4651683383,301.2442188672,1994.4559836638073,1.0170238970650982,60.6
3000000,-2678200.629356073,299.8272850422127,1995.6188683716325,1.0164312580817063,60.6
3002000,-2683125.8400482703,300.72612629676075,1994.4268425856196,1.0170387570600956,60.6
3004000,-2683523.190138025,299.737002557514,1996.6175816259572,1.0159228365497626,60.6
3006000,-2683735.1439529527,298.7851984416214,1992.3882192443746,1.0180793970965436,60.6
3008000,-2684812.981104726,300.0849139200032,1996.096183534734,1.016188204637822,60.6
3010000,-2681824.548775427,299.3356349477407,1994.9146695196114,1.0167900552453322,60.6
3012000,-2680389.449677365,299.5792254286549,1998.3187716780365,1.015057970619605,60.6
3014000,-2680559.550913222,299.53353136821147,1998.831228004905,1.014797732100267,60.6
3016000,-2680510.795401357,298.96645982424826,1998.7782787503318,1.0148246149136477,60.6
3018000,-2679860.299546767,300.4887195465132,1994.627028938713,1.0169366842029763,60.6
3020000,-2680585.7723083775,299.1411355358101,1996.0070453012638,1.0162335858511036,60.6
3022000,-2682829.380164493,301.37054252273225,1994.608793287391,1.01694598151624,60.6
3024000,-2680895.1571546625,300.3533911506159,1993.0251170746653,1.0177540562097083,60.6
3026000,-2681349.660671821,301.5944902516717,1995.6182625519987,1.0164315666447334,60.6
3028000,-2683646.3674626835,299.8381740878883,1996.0378247434958,1.016217915254804,60.6
3030000,-2679925.2190074287,299.9866286210064,1998.1398955920197,1.0151488399312407,60.6
3032000,-2681651.646253299,300.2236560295753,1995.8325865534075,1.016322416367306,60.6
3034000,-2682045.8006796855,300.95573820462755,1993.6809373538938,1.0174192665566482,60.6
3036000,-2680011.23760977,300.1180001635937,1993.58499510146,1.0174682303562068,60.6
3038000,-2684698.734847447,300.22328565776377,1992.502681938515,1.0180209117997876,60.6
3040000,-2681672.0882104654,300.12222085292825,1995.030121516434,1.0167312138068187,60.6
3042000,-2681196.193402324,300.43078734589517,1995.8653208669855,1.0163057475989647,60.6
3044000,-2683119.794732889,301.11604207290594,1993.1830678287174,1.0176734037983906,60.6
3046000,-2683197.2157780137,301.11304652981795,1994.7332449315404,1.016882534135628,60.6
3048000,-2682113.6496426743,299.69031993084315,1993.1974171030113,1.0176660774419106,60.6
3050000,-2681190.8299750444,300.2003935321937,1993.9214966490304,1.0172965186640994,60.6
3052000,-2683314.372201657,299.85010955927316,1994.0530644810685,1.017229397332233,60.6
3054000,-2684825.3330158032,300.504239150532,1996.8832623073283,1.0157876703752897,60.6
3056000,-2681899.0288005043,301.0519907904003,1993.370051596528,1.017577943145066,60.6
3058000,-2682001.9698962886,300.32375446956985,1995.2059637164957,1.0166416068906619,60.6
3060000,-2683689.918359479,300.63824141472514,1995.5950459879712,1.0164433917134488,60.6
3062000,-2682527.8357017953,301.2789345823488,1996.9490710255648,1.0157541954682139,60.6
3064000,-2682411.667394478,299.4262521845536,1996.4218794282237,1.0160224238834261,60.6
3066000,-2683045.665309524,299.36667404203325,1997.0102948666708,1.015723054730669,60.6
3068000,-2680039.9230441824,301.62917629718345,2001.4500823057997,1.0134698911369853,60.6
3070000,-2679843.8215430565,300.6726094343707,1996.6428451492716,1.015909982077402,60.6
3072000,-2680812.6679905113,301.3148225871365,1995.2198328048232,1.01663454005421,60.6
3074000,-2681146.975266993,301.54856157193495,1998.9988197494486,1.014712653649694,60.6
3076000,-2680659.1403913554,300.9063560196141,1994.3293209047956,1.0170884897336374,60.6
3078000,-2681549.1672118995,300.7847777659428,1994.7653497415279,1.0168661678895718,60.6
3080000,-2682324.3774754647,299.14228121311055,1995.6471578337873,1.0164168495759263,60.6
3082000,-2683522.400116965,300.1248149101571,1995.0629617556551,1.0167144776451413,60.6
3084000,-2682480.777646143,299.7655800531887,1998.36868015344,1.015032619944195,60.6
3086000,-2682021.543046804,299.63841438997275,1996.9150182529436,1.0157715168095534,60.6
3088000,-2679811.6997120623,300.2682416539552,1998.4080824457321,1.015012606708496,60.6
3090000,-2681822.436050089,300.7426799028586,1996.4917793158731,1.0159868515590047,60.6
3092000,-2685170.150516836,301.0340768503633,1994.7122364410905,1.016893244034839,60.6
3094000,-2683047.1608797684,299.66816848547944,1996.829017846089,1.0158152645530687,60.6
3096000,-2684195.491328506,300.3477640348261,1995.4224759547194,1.0165312967420934,60.6
3098000,-2681506.0157793444,300.0243533308303,1992.6954801555635,1.0179224157582865,60.6
3100000,-2681584.6060458478,300.9940071955051,1991.692277488334,1.0184351367714988,60.6
3102000,-2682051.553886192,300.2222780531489,1992.2997712539288,1.0181245946506903,60.6
3104000,-2680904.925866725,300.32280804786507,1998.1315597438654,1.0151530749509734,60.6
3106000,-2679638.496284358,300.2208319434463,1996.0110161088444,1.0162315641848934,60.6
3108000,-2685297.037781531,300.23763208359713,1999.866020838438,1.0142726442145182,60.6
3110000,-2682115.066416243,300.1025554271238,1995.1489662147512,1.0166706503519487,60.6
3112000,-2683216.753205767,300.61190924799143,1994.316301610828,1.0170951294898427,60.6
3114000,-2680018.2516541723,298.66041711498775,1996.2510202104975,1.0161093852899725,60.6
3116000,-2682430.952181017,299.7847858381663,1995.1657861128008,1.0166620794869068,60.6
3118000,-2681582.5749342367,300.4322511036326,1998.421192640243,1.0150059479456914,60.6
3120000,-2682951.9429942146,300.5755410049871,1996.6123744615302,1.0159254860761917,60.6
3122000,-2680898.4006172903,300.468714434355,1994.9199852992392,1.0167873458475112,60.6
3124000,-2682214.299965922,299.5762997658232,1995.4623803035931,1.0165109686116776,60.6
3126000,-2682779.7212968636,299.77275852387413,1993.688859120367,1.0174152239209087,60.6
3128000,-2680579.9884256553,300.6551781159037,1993.1666729291735,1.0176817747256444,60.6
3130000,-2681538.0653570592,300.90490902383374,1994.0295989494218,1.0172413679813281,60.6
3132000,-2680923.9252574593,300.81836094983345,1997.2140346087401,1.0156194388189048,60.6
3134000,-2680471.975584464,299.57973819084384,1998.309134253354,1.0150628660307166,60.6
3136000,-2684654.941859508,300.53860197608674,1996.5517182340898,1.0159563503942972,60.6
3138000,-2682895.934495803,299.64624581860284,1994.2137202853921,1.0171474483388288,60.6
3140000,-2682363.5799990576,299.24339465831116,1995.4863941068877,1.0164987358575384,60.6
3142000,-2682158.7661410384,299.7272116396695,1995.1429339711603,1.0166737242194448,60.6
3144000,-2683786.147686215,300.43757960249656,1992.5073225097626,1.0180185408180003,60.6
3146000,-2681708.2663986012,299.6660312499131,1993.396014472356,1.017564689757585,60.6
3148000,-2681874.3456921373,301.3159862223507,1992.2435374803065,1.0181533325970797,60.6
3150000,-2680113.684953913,300.77175851814786,1997.8611262207592,1.0152904876164222,60.6
3152000,-2681448.187979581,300.5190421800454,1995.3522825153025,1.0165670567573137,60.6
3154000,-2681254.728731122,299.4456020324219,1995.6096693778175,1.0164359434392691,60.6
3156000,-2683788.9541597646,299.88230771728,1991.7488840200892,1.0184061923190264,60.6
3158000,-2681672.393703293,299.2957984465223,1994.952594500139,1.0167707255915088,60.6
3160000,-2680187.2282581795,299.7047795595745,1996.1908025677221,1.0161400375261744,60.6
3162000,-2682902.34714357,299.7348084830439,1998.80024611889,1.0148134617099294,60.6
3164000,-2681047.0320014525,299.32558723654444,1995.3948297169866,1.016545380804793,60.6
3166000,-2681119.5671621226,300.37555712478337,1994.9699173727643,1.0167618966915764,60.6
3168000,-2683499.319248667,300.9483003885355,1994.6686678025783,1.016915455570454,60.6
3170000,-2685385.4676994663,300.08951830800305,1993.1222810713084,1.0177044410643454,60.6
3172000,-2680300.5176993273,300.61311384605705,1997.0507397010467,1.0157024840211206,60.6
3174000,-2684308.0478471015,300.2242316638971,1991.3721028046637,1.018598881732722,60.6
3176000,-2683235.3828597236,300.4151172020424,1995.7598445511392,1.0163594595655236,60.6
3178000,-2680207.453656774,299.24993604842354,1995.3031360560483,1.0165920958957442,60.6
3180000,-2679447.6347590517,300.4867122649804,1997.3180929991458,1.0155665260032454,60.6
3182000,-2681687.3694772366,299.2177433120376,1999.0622389506646,1.0146804624228756,60.6
3184000,-2680421.154215114,299.9936873759811,1999.8051084413937,1.0143035381140062,60.6
3186000,-2684367.306725038,300.938669000983,1993.9791633278717,1.0172670980398988,60.6
3188000,-2682256.3033756316,300.4504808320403,1997.7800295063853,1.0153317017248151,60.6
3190000,-2682903.407253135,300.16384701988875,1995.6187839792078,1.016431301065416,60.6
3192000,-2683613.8459196314,300.27277775357675,1997.181996178413,1.0156357312012174,60.6
3194000,-2682569.301465258,300.4500537363632,1996.1566798615004,1.016157407629599,60.6
3196000,-2681045.918433791,300.1292270624273,1998.6793698130255,1.0148748356872894,60.6
3198000,-2680031.8373641837,299.9792552294393,1998.3619364375731,1.0150360452954588,60.6
3200000,-2679428.0399703756,300.63612172683116,1996.666750846393,1.0158978187875973,60.6
3202000,-2682117.6076883394,300.37946052967516,1996.4959896596713,1.0159847089782226,60.6
3204000,-2681310.8487383686,299.6584000922267,1993.4732510294193,1.0175252645015975,60.6
3206000,-2683182.507866854,300.55631763962265,1993.266538859727,1.0176307871956485,60.6
3208000,-2682318.1728959773,299.8129535321594,1992.3152303715349,1.0181166946418934,60.6
3210000,-2683261.9012831096,299.8886231170653,1995.7895098629408,1.0163443524512104,60.6
3212000,-2683409.257911252,300.9810101393318,1993.6725819991877,1.0174235304959396,60.6
3214000,-2680899.0655076653,299.4397672913875,1997.8420649096668,1.0153001744521204,60.6
3216000,-2682452.4509841166,299.40581843028866,1993.266872894519,1.0176306166594833,60.6
3218000,-2682044.2242477704,301.06676286188707,1994.3980678408848,1.0170534306757049,60.6
3220000,-2681311.377747787,300.7994708792164,1999.5016850610232,1.0144574581684656,60.6
3222000,-2680753.172612451,299.2889617582772,1997.1446219385543,1.0156547376432197,60.6
3224000,-2680809.594604414,300.1306075344121,1995.7999438687914,1.016339039021399,60.6
3226000,-2680728.9568775557,300.1516113036581,1993.6868916619449,1.0174162279512604,60.6
3228000,-2682278.234179139,301.4823362339519,1995.9663741102486,1.0162542933293568,60.6
3230000,-2682506.5959147513,300.2365224844039,2000.155725401832,1.0141257359464155,60.6
3232000,-2683208.389817979,300.54715173188373,1996.9783914525028,1.0157392817631867,60.6
3234000,-2682104.768015191,299.35611367855955,1994.4169883799445,1.0170437821421872,60.6
3236000,-2681689.3670279086,301.00810429817443,1997.2617197005231,1.0155951906667078,60.6
3238000,-2682749.9225937948,300.49582218115046,1995.7549751089316,1.0163619393807874,60.6
3240000,-2680644.116143251,300.84761375458817,1995.5032214036326,1.0164901641220057,60.6
3242000,-2679757.742864147,300.3105777843519,1999.3166043784101,1.014551368496839,60.6
3244000,-2684548.0333854947,299.88205730498754,1991.405149166742,1.0185819785990364,60.6
3246000,-2683758.3461435605,300.6099816545015,1993.6288256070125,1.017445861023286,60.6
3248000,-2676945.296223378,299.4142400686111,1996.3908855929278,1.0160381975637662,60.6
3250000,-2680487.119153414,301.1643883266303,1999.0473423763497,1.014688023655966,60.6
3252000,-2682187.9741624463,300.97773951528126,1996.5023599008737,1.0159814672752403,60.6
3254000,-2681017.041768465,301.1881786103515,1996.6634942244907,1.015899475749372,60.6
3256000,-2681690.66023452,300.45912786650536,1997.1912665876835,1.0156310169011622,60.6
3258000,-2682532.7123653814,299.92093231360025,1991.072482882448,1.01875216219857,60.6
3260000,-2680912.8605960086,300.00312590404457,1995.4304982486158,1.016527209948379,60.6
3262000,-2680951.9583881125,301.0983111700687,1996.0257389221506,1.0162240683959847,60.6
3264000,-2682152.401760025,299.1785872392755,1994.3632910804233,1.017071165570693,60.6
3266000,-2681609.790409608,300.4814064190491,1996.0787889354438,1.0161970600931882,60.6
3268000,-2681633.7015006356,301.1654229945498,1995.1897109874008,1.0166498884092223,60.6
3270000,-2682516.99265871,300.7588394379503,1992.0344761526333,1.0182601864141376,60.6
3272000,-2680590.783325661,300.5600095554185,1999.7548216975404,1.0143290442518873,60.6
3274000,-2681970.957555905,300.3060899557054,1996.7789422239096,1.015840739371696,60.6
3276000,-2684201.4373053685,299.3604914271512,1993.910507238665,1.0173021254798849,60.6
3278000,-2682348.468445303,300.15485460853495,1998.687854304016,1.014870527512613,60.6
3280000,-2680900.7077171486,299.5161899116572,1992.666885436738,1.0179370229189098,60.6
3282000,-2682958.830892818,300.68853992810125,1995.4308580489076,1.0165270266562418,60.6
3284000,-2681885.763989467,300.45767717917755,1994.2593242748778,1.017124188584706,60.6
3286000,-2681733.78274752,299.56971238223645,1996.3720738777063,1.0160477716414027,60.6
3288000,-2679625.6237978656,300.8456460545295,1996.2967660723884,1.016086100776169,60.6
3290000,-2681813.982582867,300.23246017441613,1998.2124847167793,1.0151119625889387,60.6
3292000,-2686515.455179928,301.3683001029895,1994.5506426588158,1.0169756303237398,60.6
3294000,-2679687.232664317,299.2656542965825,1997.9204148734868,1.0152603586860156,60.6
3296000,-2682155.3763494957,299.90400555816757,1993.5784444349315,1.0174715736382827,60.6
3298000,-2681656.1872174516,300.4717449720996,1996.9278995812576,1.0157649645016795,60.6
3300000,-2681796.0904219747,301.2187333971975,1992.6075005102668,1.0179673601103751,60.6
3302000,-2682568.7519615274,300.21140994971415,1996.5413500916843,1.0159616263081261,60.6
3304000,-2681412.4898063336,300.3456186414377,1996.6696387027562,1.015896349457407,60.6
3306000,-2682181.12252851,299.54817899750367,1996.3458491598506,1.0160611188107573,60.6
3308000,-2684679.2911822647,301.0610438455655,1991.9932643592954,1.0182812529152736,60.6
3310000,-2681583.794231929,300.3526384411968,1997.7563499393452,1.015343736533314,60.6
3312000,-2681533.205608284,300.1971562221636,1998.1506053156945,1.0151433989181682,60.6
3314000,-2683785.7873906586,300.67641031203954,1994.5306778418365,1.0169858100279465,60.6
3316000,-2682490.755072804,299.947900665621,1994.9621145458004,1.0167658735175449,60.6
3318000,-2683785.1906626094,299.63035460344116,1997.3191008212,1.0155660135611715,60.6
3320000,-2682193.6834655423,301.2014252857968,1996.758165160437,1.0158513095989214,60.6
3322000,-2683225.3544443417,301.0983786993412,1994.3342015487328,1.0170860006589542,60.6
3324000,-2682376.334816629,300.3801243910924,1995.8199101044345,1.0163288715385295,60.6
3326000,-2683201.4014195297,300.53800488446393,1998.5391512933966,1.0149460398200563,60.6
3328000,-2683089.924685145,300.26909552568173,1996.4842714164358,1.015990672238797,60.6
3330000,-2678968.7648392767,300.6462168175265,1997.836673589572,1.015302914319851,60.6
3332000,-2681339.192438204,300.52739132836285,1997.1929110950468,1.0156301806210632,60.6
3334000,-2681614.8610139973,300.31044081352934,1997.0245540558362,1.0157158022473947,60.6
3336000,-2682631.071796518,300.9109277217646,1995.508495212367,1.0164874777016175,60.6
3338000,-2682169.262718186,300.63302209928275,1997.679968339985,1.0153825583564917,60.6
3340000,-2685327.575784318,300.19340763391716,1994.7277913734076,1.0168853142783814,60.6
3342000,-2684792.976054454,300.1005180512889,1993.5162988069721,1.0175032921699607,60.6
3344000,-2683199.223149091,299.5536170690489,1995.0482562468626,1.0167219718516818,60.6
3346000,-2683438.368004041,300.3887844660939,1993.4512947624614,1.0175364717261743,60.6
3348000,-2682506.0315929223,299.4420297343534,1999.0942234631893,1.014664228040535,60.6
3350000,-2680137.5281992108,300.1682682329158,1995.0285512702249,1.016732014055183,60.6
3352000,-2681086.7537907287,299.8832803687166,1997.3936085939636,1.0155281304111305,60.6
3354000,-2682442.1201029047,300.91249877550945,1997.1266866534945,1.0156638587757765,60.6
3356000,-2681611.404352229,299.43750218714445,1992.949482998034,1.017792680815568,60.6
3358000,-2683264.6281488426,300.71408192578076,1995.936660253817,1.0162694224838893,60.6
3360000,-2681960.861100763,300.66845073748516,1996.7659344738488,1.015847356973795,60.6
3362000,-2680461.9613170233,299.8872126407783,1999.4808148986017,1.0144680468631726,60.6
3364000,-2678864.768178489,301.4232830163659,1999.968950013654,1.014220444280758,60.6
3366000,-2682844.70086921,301.63730022130693,1995.3404892061158,1.0165730651000875,60.6
3368000,-2679962.8257406075,300.69121050152506,2002.2491859480199,1.0130654122704328,60.6
3370000,-2681009.9187358078,300.53558576722367,1999.2914747696389,1.014564120653936,60.6
3372000,-2680233.3736284077,300.19567607465984,1996.8132320100722,1.0158232950954014,60.6
3374000,-2680021.83607777,300.32430567613903,1994.9899574606864,1.0167516831074281,60.6
3376000,-2682937.195970239,301.1949615363837,1993.0667526098978,1.017732795138141,60.6
3378000,-2680136.996239474,300.39328351808456,1994.1228117677706,1.017193818284644,60.6
3380000,-2682801.6387680974,301.8242721705294,1997.794442916625,1.0153243764504865,60.6
3382000,-2683154.1511660013,301.51740278526876,1992.1694952975345,1.0181911739029124,60.6
3384000,-2686014.555822769,300.4954903863772,1997.4656391942788,1.0154915094553378,60.6
3386000,-2682590.1598427966,300.76193991321475,1994.6536729539935,1.0169231002525794,60.6
3388000,-2681164.5654234923,300.73914167086974,1997.4946142320669,1.0154767790502341,60.6
3390000,-2680325.683652237,299.80307704566894,1996.6215537973442,1.015920815425822,60.6
3392000,-2680370.3186218645,300.7727033064134,1998.7113740299815,1.0148585850795995,60.6
3394000,-2680919.4806318805,301.18601753407575,1995.728841788726,1.0163752482589532,60.6
3396000,-2679663.677160736,302.34789507793334,1996.5360718753973,1.015964312192583,60.6
3398000,-2683857.283741886,300.42560237322743,1996.085171004281,1.0161938110135977,60.6
3400000,-2679918.997722348,299.68319180449663,1995.7307037506819,1.0163743000087502,60.6
3402000,-2683544.5574958175,299.9332783362371,1994.9937187023784,1.0167497661846905,60.6
3404000,-2681354.7258993834,300.0967870040513,1996.242431367474,1.016113757105674,60.6
3406000,-2682158.6580876205,300.2280741511202,1992.2301934445848,1.0181601522279062,60.6
3408000,-2684180.2303492,299.7496441998108,1995.7667225916393,1.0163559568708216,60.6
3410000,-2683310.806852564,300.4056703599958,1996.7885337804137,1.0158358597894637,60.6
3412000,-2685391.005215615,300.5826433298811,1994.5153451923873,1.0169936280108753,60.6
3414000,-2681665.5174854305,301.70910929345087,1996.0602327114536,1.0162065070928108,60.6
3416000,-2681197.12794671,301.02761388520736,1998.25656165414,1.0150895715570523,60.6
3418000,-2682191.3433919866,300.5394758192738,1995.8034062820768,1.0163372758288018,60.6
3420000,-2684311.078947017,300.6104619632149,1997.3695915443282,1.0155403414659188,60.6
3422000,-2681387.5448031127,300.26666776082834,1995.1355869249135,1.0166774680997699,60.6
3424000,-2684076.8487502206,300.74221211882093,1995.4853216468591,1.0164992821678778,60.6
3426000,-2680847.145581836,299.2157541353056,1992.5052667353996,1.0180195911622338,60.6
3428000,-2684611.723997796,300.5860944398749,1995.6926133008028,1.0163936988651043,60.6
3430000,-2680440.2664677836,300.5106464363299,1996.8334735045964,1.0158129979013997,60.6
3432000,-2684176.913696721,301.0460674978653,1995.9956044413243,1.0162394108068777,60.6
3434000,-2682380.9342091773,300.3097683669998,1994.164978960413,1.017172309428485,60.6
3436000,-2679604.9841787256,300.20951869325467,1998.444633562742,1.014994042349028,60.6
3438000,-2681514.72327308,299.611667584647,1996.7950333713177,1.0158325532320036,60.6
3440000,-2682717.260707073,301.4633866291436,1995.4877277590952,1.016498056496917,60.6
3442000,-2682576.9776566476,300.59015605254325,1995.6723928161502,1.0164039971351324,60.6
3444000,-2683540.06645358,300.2105405931307,1995.5712675339014,1.0164555032590985,60.6
3446000,-2682630.001642963,301.6714939103827,1992.6305046852933,1.0179556080573637,60.6
3448000,-2682557.0368132275,300.95008527618575,1996.280828704895,1.0160942127298382,60.6
3450000,-2682776.7261637785,298.60568251546755,1996.7146649223425,1.015873440840111,60.6
3452000,-2685541.64405242,300.0585761039598,1994.7846542416662,1.0168563271816855,60.6
3454000,-2686554.8582504857,301.47300244335497,1992.5673685612921,1.0179878628119643,60.6
3456000,-2682559.568026185,300.7151811495214,1995.9887452969251,1.0162429030775029,60.6
3458000,-2683172.9602220617,300.44344168303775,1996.5149236835016,1.015975073849297,60.6
3460000,-2681942.4149781186,300.9747125102388,1998.288533279178,1.015073330627566,60.6
3462000,-2681431.797277987,299.41136758581763,1992.9583431453705,1.0177881559878712,60.6
3464000,-2683862.4856041092,300.1298846504785,1994.6611757401167,1.0169192751635778,60.6
3466000,-2684311.350463392,298.6647079276765,1995.583953500053,1.0164490416316208,60.6
3468000,-2685267.052099183,300.6496064963819,1994.4980851705675,1.017002428887818,60.6
3470000,-2682654.4850399178,300.8814414605631,1997.9642430292215,1.0152380875221212,60.6
3472000,-2683055.2112486567,300.9666189626442,1996.1564387038622,1.0161575303925825,60.6
3474000,-2681365.6864685304,299.9361156585998,1997.753715334067,1.0153450755522064,60.6
3476000,-2683133.0816297606,299.36328441333507,1997.8819967765303,1.015279881546204,60.6
3478000,-2683256.6456951853,300.59543765249106,1995.5740760563126,1.0164540727243492,60.6
3480000,-2683319.805626847,299.596560255982,1998.24372661835,1.0150960916380651,60.6
3482000,-2681107.9002168104,298.16129443879476,1999.1878734332136,1.0146166971026958,60.6
3484000,-2678360.52533827,300.08236865918974,1995.9994307369968,1.0162374626938673,60.6
3486000,-2681430.7648309097,299.69950297198733,1995.7036641682955,1.016388070758944,60.6
3488000,-2684574.788517369,301.252087410042,1991.389537896437,1.0185899636558489,60.6
3490000,-2683679.150547862,299.6781712092907,1996.1853740955266,1.0161428008406501,60.6
3492000,-2684651.792242294,299.7357830467833,1994.1669681046806,1.0171712948181235,60.6
3494000,-2682024.9811794385,300.11038561877643,1996.6274181478657,1.015917831536234,60.6
3496000,-2680727.634528773,299.83501161117846,1995.9568444173356,1.016259145433932,60.6
3498000,-2680703.6407235283,301.15450160547283,1995.1558011231764,1.0166671674907157,60.6
3500000,-2681591.1650317777,300.8781780112392,1997.6548982832533,1.0153953011472332,60.6
3502000,-2683152.422258636,300.52062013285155,1996.4962699304383,1.0159845663529554,60.6
3504000,-2680237.5176059287,300.7279855389295,1997.895366983044,1.0152730871455014,60.6
3506000,-2679429.774218451,300.73285210536517,1998.482424817048,1.0149748488362418,60.6
3508000,-2679125.0174018554,301.21702480158046,1997.5777637569736,1.015434509651133,60.6
3510000,-2684676.7323707305,299.00327766922555,1995.5137930197918,1.016484779070856,60.6
3512000,-2684513.710040653,300.68939551767977,1994.142007500118,1.0171840267150327,60.6
3514000,-2685228.7892796565,299.8902044366927,1993.8117172146578,1.017352531092677,60.6
3516000,-2682421.6185768656,299.95129592961,1994.317173306765,1.0170946849278122,60.6
3518000,-2685157.153210098,300.3678214444933,1994.3249882009975,1.0170906993750894,60.6
3520000,-2683449.585496703,300.37805410588476,1999.1654923632807,1.014628055945843,60.6
3522000,-2683724.8271942716,300.58126598101296,1994.211619621683,1.0171485197821553,60.6
3524000,-2684076.098255817,300.63077547302083,1991.3205471858962,1.0186252534264695,60.6
3526000,-2684034.1864512935,300.62337675935464,1995.2878914637517,1.0165998629613893,60.6
3528000,-2682983.3793619275,300.0280270070456,1993.8491485518473,1.0173334319217797,60.6
3530000,-2683621.1484094877,299.3654667568234,1996.286749672294,1.0160911990041253,60.6
3532000,-2680089.6543251425,299.4715844048901,1997.5723598533955,1.015437256640574,60.6
3534000,-2683480.668847261,300.5174292846724,2001.4105752692615,1.013489896623373,60.6
3536000,-2682171.7998905107,299.49869207649635,1998.2643169474595,1.0150856319794366,60.6
3538000,-2682454.8151805475,300.3250764005874,1993.888657891631,1.0173132732373538,60.6
3540000,-2680618.853553692,300.215475178538,1994.6658213900755,1.016916906721236,60.6
3542000,-2681486.550397506,301.19795040629424,1997.207449042165,1.0156227877095934,60.6
3544000,-2684493.134922549,300.85378588127134,1992.5793501951573,1.0179817415210606,60.6
3546000,-2681455.5926031247,299.88850689308964,1996.838549495263,1.0158104156909864,60.6
3548000,-2681684.0317569617,299.4458643680137,1998.4457209607976,1.0149934900685549,60.6
3550000,-2681540.290899854,300.33493267014165,1997.1912962301328,1.0156310018270975,60.6
3552000,-2681997.638168672,300.68045700788906,1994.8319849540076,1.0168322005711854,60.6
3554000,-2683856.61608837,299.79326349870445,1996.4389534321358,1.016013734626582,60.6
3556000,-2681718.2521219496,301.1882245042206,1997.6493490558782,1.0153981217921098,60.6
3558000,-2680659.206358988,299.5832081097995,1997.5369484748935,1.0154552578260174,60.6
3560000,-2685481.967105549,300.8623099842337,1992.2200349229252,1.018165343924495,60.6
3562000,-2684656.206602907,299.417449335826,1996.2650500411003,1.0161022440325782,60.6
3564000,-2681454.530181069,299.8815663194852,1993.7696892465854,1.0173739765283893,60.6
3566000,-2680117.0670057274,300.72472376156657,1997.3177020016956,1.0155667248118383,60.6
3568000,-2683818.8231091723,300.50845304913275,1996.913409931898,1.0157723349154861,60.6
3570000,-2682744.690276431,300.01708453445303,1996.7690546680258,1.0158457695889143,60.6
3572000,-2680605.034620324,299.467771007706,1997.3536845298868,1.0155484292748043,60.6
3574000,-2682012.977639461,300.51874636308736,1994.0828125102084,1.0172142221501572,60.6
3576000,-2684327.8042251226,299.1723992105351,1995.225564394751,1.0166316196163436,60.6
3578000,-2684064.4424864873,300.8082327240375,1995.8887024901835,1.0162938416855665,60.6
3580000,-2682420.506774353,300.2705502821333,1994.7778936206078,1.0168597734702778,60.6
3582000,-2682515.7571493015,300.3460740213427,1998.0158060263675,1.0152118871695255,60.6
3584000,-2679325.373643795,299.52170994826645,1993.8113620400384,1.0173527123223587,60.6
3586000,-2679914.708282836,299.4337151297538,1994.7367681617468,1.0168807380533993,60.6
3588000,-2681720.240493171,299.40306837261585,1997.6600814537485,1.0153926665814155,60.6
3590000,-2683964.423268901,299.9448122175053,1994.8212777481979,1.016837658419348,60.6
3592000,-2683264.3221849017,300.145724853971,1996.1547101688755,1.016158410316285,60.6
3594000,-2683900.0073848907,300.5130060854558,1992.5779541331963,1.017982454750665,60.6
3596000,-2683048.333817983,300.5663743870635,1994.2701077006207,1.017118688786501,60.6
3598000,-2680987.802750591,300.50038120171325,1993.5337580154883,1.0174943809578618,60.6
3600000,-2683945.5915889256,301.3583675526121,1997.9431763350988,1.0152487923862559,60.6
3602000,-2681477.4787550364,300.1885505057912,1995.096825347501,1.0166972205357834,60.6
3604000,-2682122.557398863,300.1988536379999,1994.7752387052908,1.0168611268440995,60.6
3606000,-2682182.117078036,299.88407910145344,1992.1687391886514,1.0181915603477834,60.6
3608000,-2683291.9105140828,300.05101548572736,1991.7822225020527,1.0183891462202659,60.6
3610000,-2682969.799205212,300.15288931050486,1998.9516366545918,1.0147366048461672,60.6
3612000,-2682895.796804052,299.1552858376189,1996.469505462667,1.0159981865390428,60.6
3614000,-2681017.308516532,300.05710421491,1994.8101910078535,1.016843309791665,60.6
3616000,-2680476.412685141,299.7362151944424,1992.9161292381282,1.0178097147550356,60.6
3618000,-2683120.6906805225,299.8231846119032,1995.728083588748,1.0163756343915618,60.6
3620000,-2683256.622906221,299.9481347357469,1992.648002328684,1.0179466692863433,60.6
3622000,-2683728.999278348,300.14220719295065,1992.9201887621766,1.0178076415044173,60.6
3624000,-2681238.673933111,300.8288332515887,1995.276697123924,1.0166055665133584,60.6
3626000,-2686252.4798653424,299.286047288066,1993.1335048508995,1.017698710143508,60.6
3628000,-2681939.3532477077,300.5032926661741,1995.445915248688,1.0165193561649468,60.6
3630000,-2682159.018575385,301.04894695869604,1994.6335337060318,1.0169333678361367,60.6
3632000,-2681745.523432726,299.89203026269206,1998.817800506676,1.0148045492272446,60.6
3634000,-2681687.1109776534,301.38046121449423,1996.826497539157,1.0158165466705966,60.6
3636000,-2679568.117304677,300.24659499402736,1995.3285127439276,1.0165791668265942,60.6
3638000,-2683342.350635072,299.73459324885124,1994.292535882144,1.0171072500822123,60.6
3640000,-2681577.5381050427,300.0929882136573,1998.4644670426392,1.0149839691832216,60.6
3642000,-2682433.8851209786,300.47834855067,1996.5448751889,1.015959832527508,60.6
3644000,-2683121.227037292,301.70909943299506,1998.3050289779626,1.0150649513543002,60.6
3646000,-2679417.3664340246,299.1884963847459,1996.5322231284947,1.015966270683137,60.6
3648000,-2683611.6218871344,299.05618020018494,1997.4137628968263,1.0155178835299454,60.6
3650000,-2682399.063451577,300.81755563291654,1995.6348783562378,1.016423103760006,60.6
3652000,-2679833.529257197,300.0808625675097,1997.1611501303112,1.0156463322442555,60.6
3654000,-2680344.864132056,300.77189837904416,1998.2007311371678,1.0151179335602634,60.6
3656000,-2683411.401458239,299.88258423543886,1991.33679001506,1.0186169447586157,60.6
3658000,-2681952.9524661526,300.4400061808303,1995.2532881447855,1.0166174936699954,60.6
3660000,-2679892.9967496824,300.171778592885,1998.2975338409024,1.015068758620639,60.6
3662000,-2681904.204144556,299.3342850485066,1996.7538146025022,1.0158535229513852,60.6
3664000,-2681531.3762812726,301.3161497799859,1994.9963331441936,1.01674843373457,60.6
3666000,-2682993.052541444,301.6981289644772,1996.1544292364022,1.0161585533272122,60.6
3668000,-2684048.7796996348,300.1314318126531,2000.8651749890082,1.0137661559538675,60.6
3670000,-2685159.3831634168,300.2830416731358,1994.6988091467183,1.016900089241178,60.6
3672000,-2685089.5826099217,299.27546565735844,1993.2842908844,1.017621724260208,60.6
3674000,-2685252.7667575628,299.69461409060114,1993.7003726462642,1.017409348395835,60.6
3676000,-2682483.077689089,300.94808074492505,1993.088015771358,1.0177219375058766,60.6
3678000,-2681608.907920949,299.70346019300734,1997.4864488902276,1.0154809301247185,60.6
3680000,-2681394.291732643,301.18995841591465,1991.460244405841,1.0185537987657656,60.6
3682000,-2686157.592950616,299.8656424045765,1990.4971062206203,1.0190466445248612,60.6
3684000,-2683303.756191872,298.55432225859977,1994.4300960374328,1.0170370979963888,60.6
3686000,-2684504.5309825,300.5562653543733,1991.4891699703267,1.0185390046890352,60.6
3688000,-2680905.590655647,298.7100673464519,1993.7236129669582,1.0173974887181045,60.6
3690000,-2683259.0682553127,300.8264770961881,1992.7962156396845,1.0178709599663973,60.6
3692000,-2682962.1501981393,300.714265480912,1999.565238177968,1.0144252151927209,60.6
3694000,-2683598.490505956,299.37713232948465,1996.4721365283149,1.0159968475982792,60.6
3696000,-2682294.3493750133,300.7809144340159,1993.2734182807724,1.0176272750278796,60.6
3698000,-2684129.260466626,300.2912605584785,1992.3832738491767,1.0180819241228583,60.6
3700000,-2682150.1339087132,299.8314571405024,1992.1893368246651,1.01818103306568,60.6
3702000,-2679549.5422019307,300.21966399832826,1999.0674895677905,1.014677797330956,60.6
3704000,-2683118.096406497,300.56482443819533,1994.0290346475877,1.017241655856359,60.6
3706000,-2682178.0255089104,300.2855853289486,1994.7348574358407,1.0168817121078517,60.6
3708000,-2682099.200546393,300.90726424346957,1997.955781040717,1.0152423873835632,60.6
3710000,-2682930.264231356,300.67804338801875,1995.5828068801882,1.016449625661839,60.6
3712000,-2683168.7520779185,300.882548511521,1995.6192158422862,1.016431081104039,60.6
3714000,-2679657.973284362,299.73048682959836,1995.349579522685,1.0165684338459593,60.6
3716000,-2683259.9787676986,300.72080040980353,1998.71077798388,1.0148588877259404,60.6
3718000,-2683572.419084111,299.4503510316559,1998.210248081985,1.0151130988230952,60.6
3720000,-2683581.622456558,299.51715816306995,1991.7791022971376,1.0183907415692763,60.6
3722000,-2682892.8417064995,299.39925998661585,1993.0217029865003,1.017755799643848,60.6
3724000,-2683130.8739880957,300.6330094077668,1992.550126417472,1.01799667177135,60.6
3726000,-2683762.5861597434,300.2865858814377,1993.644021347044,1.017438105956366,60.6
3728000,-2680570.831756603,300.4299802832065,1996.8196260806585,1.0158200422999222,60.6
3730000,-2680772.373302022,300.3535118906736,1995.4672805077028,1.0165084723987483,60.6
3732000,-2683840.860229356,300.71267586723445,1996.5224363206419,1.0159712508759438,60.6
3734000,-2679540.773484852,300.86309710229153,1998.900577913636,1.0147625246813092,60.6
3736000,-2682444.911154816,300.5626751595316,1995.0291248960723,1.0167317217167122,60.6
3738000,-2685763.4141225256,300.41178708110573,1991.737755989565,1.0184118822524328,60.6
3740000,-2685214.5826664083,299.6960308047797,1992.295099310271,1.0181269821588181,60.6
3742000,-2685052.100867817,299.6605496027349,1991.7473663289782,1.0184069683341235,60.6
3744000,-2685256.6713133175,300.2373837720404,1994.9394553271306,1.0167774222992396,60.6
3746000,-2684808.7620961834,300.2641993112336,1993.84023946768,1.0173379776767464,60.6
3748000,-2685978.069778342,302.32265887192636,1994.1241051086674,1.0171931585572171,60.6
3750000,-2681170.165900532,301.0465039000041,1998.5387287531528,1.0149462544046128,60.6
3752000,-2680013.0086138863,299.2122916737921,1997.0413878189904,1.0157072404222112,60.6
3754000,-2680205.52484156,301.14818593352913,1999.9404036701512,1.0142349208547283,60.6
3756000,-2682281.734316379,300.50187628047314,1997.0325695900606,1.0157117254461951,60.6
3758000,-2682715.5218392946,300.72123123603427,1998.6880522007743,1.0148704270269033,60.6
3760000,-2681962.6732218266,300.68243342094644,1996.2313937153679,1.0161193754474085,60.6
3762000,-2682584.7222528327,300.8680875257753,1995.9336263404407,1.016270967261408,60.6
3764000,-2679948.060357228,300.75966788281187,1997.1874287695166,1.0156329685493208,60.6
3766000,-2682501.8006739058,301.09658216634375,1994.218633663154,1.0171449422797794,60.6
3768000,-2683294.438235512,301.10867796416284,1996.6244323904464,1.0159193507424271,60.6
3770000,-2681476.2809017897,301.0782901114821,1995.34019833796,1.0165732132897212,60.6
3772000,-2683374.4283373095,300.1302971463528,1993.861318289896,1.017327222522329,60.6
3774000,-2684038.890652068,300.8230703179071,1992.7620350827117,1.0178884188479524,60.6
3776000,-2682128.9385775626,299.0354852645684,1995.8148074421904,1.0163314699674724,60.6
3778000,-2680872.0201615077,300.5634218261661,2001.2482283431038,1.0135721137951752,60.6
3780000,-2680642.412179902,300.12558426863296,1998.180839942402,1.0151280387059656,60.6
3782000,-2679829.9468598887,301.18237724007895,1996.1061778173257,1.0161831166960096,60.6
3784000,-2678925.0280403774,299.2947939720692,1999.4326204385302,1.0144924996700735,60.6
3786000,-2684066.2546574753,300.1915396657198,1993.9088762911595,1.017302957597332,60.6
3788000,-2678466.5777945872,300.54157375722144,2000.1112208883744,1.0141483012777788,60.6
3790000,-2683495.7914619427,300.82501837304136,1997.3890463671337,1.015530449974108,60.6
3792000,-2684647.4725450445,301.0699695063946,1995.8999094576407,1.0162881352010096,60.6
3794000,-2679129.0123429187,299.64893028962433,1997.9696240130465,1.0152353532564637,60.6
3796000,-2682187.118394822,299.368031895864,2000.0912357362952,1.0141584347695265,60.6
3798000,-2682962.797764946,300.79886929402227,1996.5438990586667,1.0159603292404071,60.6
3800000,-2683212.794504678,299.6090668920068,1996.2522305967045,1.0161087691930857,60.6
3802000,-2683748.453991208,299.3949482937464,1994.200636857768,1.0171541215766051,60.6
3804000,-2685653.320673991,299.61693957909637,1992.834762586805,1.0178512715211705,60.6
3806000,-2680020.238211332,300.5121307481541,1998.4434192756405,1.0149946590761074,60.6
3808000,-2681510.698671004,300.38165854268567,1995.750699271183,1.016364116906642,60.6
3810000,-2685746.6071820166,300.21571120588607,1993.380415489896,1.0175726525998123,60.6
3812000,-2681246.811166305,300.84948183173213,1993.9142493159432,1.0173002162587785,60.6
3814000,-2681560.8191390242,299.6267453678181,1997.9418309922742,1.0152494760186106,60.6
3816000,-2683000.4319081083,301.00593543258435,1994.126660075934,1.0171918552823167,60.6
3818000,-2683809.5774440896,299.90683439453744,1997.2421060154084,1.015605164201821,60.6
3820000,-2682149.306796754,299.79637905621024,1996.9892815847606,1.0157337426572837,60.6
3822000,-2683394.461377561,300.40706809419515,1991.8724266062916,1.0183430273627156,60.6
3824000,-2684745.0993074644,299.5987837306054,1997.3652869952205,1.0155425300707268,60.6
3826000,-2682692.0943314377,301.6344186379349,1995.9757915504595,1.0162494984244852,60.6
3828000,-2679233.245970981,300.90925350338966,1995.6767492109814,1.0164017784105215,60.6
3830000,-2681409.6201414056,300.3347241763907,1996.4016641092333,1.01603271200218,60.6
3832000,-2684390.355750935,301.0796084195044,1994.645249207202,1.0169273949023203,60.6
3834000,-2680150.61754651,298.781551313694,1995.9066912804838,1.0162846819904359,60.6
3836000,-2679851.434338676,300.7184589889722,1999.4810580006283,1.0144679235215501,60.6
3838000,-2680711.6888937354,301.242226594068,1998.4832273400662,1.0149744412567996,60.6
3840000,-2682211.585808208,299.861610658364,1995.8397220868126,1.016318782807721,60.6
3842000,-2680993.5536113773,300.68030254789954,1997.4426984553897,1.015503172430992,60.6
3844000,-2680010.510193778,301.6505417947824,1997.5881182810137,1.015429246133121,60.6
3846000,-2681635.7150146402,301.0954070543358,1999.572360369696,1.0144216019547008,60.6
3848000,-2682893.4823246133,300.15695839774,1993.6241506304218,1.0174482468970634,60.6
3850000,-2681623.862349903,299.90726391859874,1996.8901169392432,1.0157841835281542,60.6
3852000,-2680075.097142013,299.9468429666546,1995.4134883006948,1.0165358753578309,60.6
3854000,-2682572.2813414726,301.17668069664546,1998.1160293215694,1.0151609652615046,60.6
3856000,-2682638.9097079094,300.60242010951305,1993.9884641020387,1.017262353091913,60.6
3858000,-2682897.6913312525,298.8868218317045,1994.4578298340016,1.017022955656773,60.6
3860000,-2684941.7121029887,301.4040015174497,1994.6814231311798,1.016908952732133,60.6
3862000,-2682765.042286314,300.5651790044831,1990.482862870777,1.0190539365433637,60.6
3864000,-2683470.945018364,300.5991503342636,1996.1112275059786,1.016180545993394,60.6
3866000,-2679593.8436896335,300.7160049883336,1994.4691345499066,1.0170171911375918,60.6
3868000,-2680844.8951289635,300.892281590125,1992.236319639499,1.0181570213505675,60.6
3870000,-2682587.0829891656,299.4471573154581,1994.7844352884877,1.0168564387947105,60.6
3872000,-2684412.577969389,300.93492751876727,1996.5625455310296,1.0159508408944282,60.6
3874000,-2683766.7419315223,300.8434075941683,1991.3467795039141,1.0186118349190232,60.6
3876000,-2679113.1170892064,301.1730208268371,1993.0335891072534,1.0177497299175786,60.6
3878000,-2680861.893680379,300.54783126602035,1996.152443251404,1.01615956430994,60.6
3880000,-2679359.663132379,300.3894198805291,1999.5506965422057,1.014432592551051,60.6
3882000,-2682975.3584899902,300.6986697458137,1993.4619575044928,1.0175310290695616,60.6
3884000,-2683414.4526573624,300.13354042837676,1993.6637487999226,1.0174280383297143,60.6
3886000,-2681882.6089661773,300.38002157128165,1995.5612091736575,1.016460626567558,60.6
3888000,-2682237.276975585,299.93476901390784,1995.6237594817137,1.0164287668920973,60.6
3890000,-2682323.4103750996,300.3740199797019,1992.5505332375235,1.017996463926454,60.6
3892000,-2684650.6465899404,299.0560304495941,1991.937474063023,1.0183097729936037,60.6
3894000,-2679810.6829649936,300.9385994729353,1994.2228777815421,1.0171427775851503,60.6
3896000,-2682188.2401184663,300.31768967075124,1997.155493014919,1.0156492091501945,60.6
3898000,-2682483.568825951,300.6207903303867,1993.6484437650784,1.0174358490205242,60.6
3900000,-2682416.9861473963,300.2009591552609,1996.9487643358477,1.0157543514668916,60.6
3902000,-2680559.445646897,299.12807568955594,1994.2152941283175,1.0171466456018723,60.6
3904000,-2685270.860223571,300.1397012766633,1995.1821875692758,1.0166537219850456,60.6
3906000,-2681919.025192585,301.1275034259404,1994.9408883682518,1.0167766919097503,60.6
3908000,-2684347.9915848505,301.15984807368295,1989.9104389548104,1.0193470808143408,60.6
3910000,-2684280.7232389003,300.0257692538552,1994.1043035268522,1.0172032593495957,60.6
3912000,-2684704.883878948,300.98457307879494,1992.7357375068184,1.0179018516365765,60.6
3914000,-2684517.1056490336,300.37707846445875,1995.6338043952699,1.0164236507535167,60.6
3916000,-2684025.713799253,300.55942708390137,1996.5981650304825,1.0159327162356684,60.6
3918000,-2683170.0355218686,300.09870997432404,1994.245335015415,1.0171313235213812,60.6
3920000,-2682452.316594731,299.54248824311827,1995.3561985240258,1.0165650616822166,60.6
3922000,-2681760.900392009,300.2588228390899,1999.3068407680234,1.014556323056128,60.6
3924000,-2683575.715417322,300.849281422406,1992.4931636833994,1.0180257749445794,60.6
3926000,-2681081.6646800116,300.92436005024035,1995.3585156479794,1.0165638811889686,60.6
3928000,-2683418.311996732,299.76696411174186,1999.3395093480872,1.014539745524241,60.6
3930000,-2680417.868069807,299.78682718819374,1998.7008205564173,1.01486394370213,60.6
3932000,-2684077.3303990457,299.8619084336992,1999.2709127274657,1.0145745552129062,60.6
3934000,-2685277.746390028,300.33027434790785,1992.4192646570777,1.0180635336206136,60.6
3936000,-2682211.4018395226,299.4451629873902,1992.005535783534,1.0182749799601918,60.6
3938000,-2682595.279796811,300.0674087555286,1994.0546442097987,1.0172285914633923,60.6
3940000,-2680802.57909994,301.0559287044996,1996.297626187445,1.0160856629902684,60.6
3942000,-2683098.6108303126,300.36978844606375,1991.917383694643,1.0183200436095599,60.6
3944000,-2681435.248880187,299.5330199189521,1996.557325545852,1.015953497090803,60.6
3946000,-2682003.670366928,300.3147750683834,1993.980000632837,1.0172666708727296,60.6
3948000,-2681923.330422247,299.4802881788496,1995.2349703936054,1.016626826979892,60.6
3950000,-2685289.4416510276,299.88735209611883,1995.7651773157631,1.0163567438122711,60.6
3952000,-2682502.9517707545,300.0229659358371,1996.3331579611506,1.016067578170258,60.6
3954000,-2681111.602100052,299.54215266677795,1993.8461624116967,1.0173349555599946,60.6
3956000,-2683367.7177312914,300.4615210057633,1996.6950770456817,1.0158834067101583,60.6
3958000,-2679560.1076219585,300.21899720636463,1997.1602184351916,1.015646806053378,60.6
3960000,-2680671.5501409136,300.1931422388944,1996.2221585065297,1.0161240763643864,60.6
3962000,-2682333.9469248485,300.96855067819905,1996.7477594045724,1.0158566035578966,60.6
3964000,-2685297.9016402736,301.26512740190606,1995.796010232281,1.0163410421862165,60.6
3966000,-2681813.899818534,300.09942259773334,1994.5099780879666,1.0169963646785565,60.6
3968000,-2682481.4690974317,298.8065979419588,1997.9027825500727,1.0152693187811463,60.6
3970000,-2684790.9422217645,299.9267999399197,1995.7063978631923,1.0163866785226487,60.6
3972000,-2680887.9297651313,300.8543233529523,1998.4356295007312,1.0149986154606974,60.6
3974000,-2683199.6126406565,299.63430725140495,1995.999222481304,1.0162375687245884,60.6
3976000,-2682753.933928184,299.28084034121486,1990.0844742551824,1.0192579376761033,60.6
3978000,-2681091.898814764,299.504032233149,1998.0287859651003,1.0152052919752077,60.6
3980000,-2683331.244265763,300.08290138658214,1993.5432542448816,1.017489534130472,60.6
3982000,-2681739.380146146,299.4053983264184,1997.2794092534778,1.0155861957184684,60.6
3984000,-2684942.7037442103,299.9442290242342,1995.1473845616733,1.0166714563176011,60.6
3986000,-2680115.3341195937,300.15043098500394,1997.0065866353975,1.0157249408215923,60.6
3988000,-2682954.581104284,300.48180169823894,1996.8137606189773,1.0158230261803673,60.6
3990000,-2683975.2566905376,300.6200716059049,1995.1354421101487,1.0166775418942127,60.6
3992000,-2682985.602622209,300.32808333474554,1997.0055505024902,1.015725467823651,60.6
3994000,-2681195.768512547,300.5399290888061,1996.3462236418482,1.01606092821426,60.6
3996000,-2683112.56032213,300.23161348184726,1992.9697285840969,1.0177823415670495,60.6
3998000,-2683365.1924439333,299.6530421162047,1992.2629729491014,1.0181434000291443,60.6
4000000,-2681900.9468136765,299.8780434724179,1995.1386152409423,1.0166759249384831,60.6
4002000,-2683275.403629327,300.26659975145424,1995.9959484940134,1.0162392356362306,60.6
4004000,-2682303.227846829,300.0906188392957,1996.9219928484797,1.015767969051798,60.6
4006000,-2680932.5849981625,300.43253209578603,1993.3927083651486,1.0175663774220078,60.6
4008000,-2681767.3266253453,299.46525185955943,1996.4339461888037,1.016016282884193,60.6
4010000,-2680401.4893775154,299.4904527965963,1996.0880662891316,1.0161923370452914,60.6
4012000,-2681720.8509267718,300.2390958633775,1995.1758630352554,1.0166569446889537,60.6
4014000,-2680537.2775725927,300.124745201784,1999.293949112964,1.0145628650206855,60.6
4016000,-2684877.08869002,300.0679494645473,1997.2272593173266,1.0156127138600648,60.6
4018000,-2681990.424115829,301.0880043374341,1995.7329937988802,1.0163731337474609,60.6
4020000,-2680056.4197641183,300.4694390011844,1997.7282067475069,1.0153580402876798,60.6
4022000,-2678521.3952575736,300.2921330052369,1997.4961438067996,1.0154760014529267,60.6
4024000,-2681665.9039015975,299.9390512482427,1998.4261422770724,1.0150034340119936,60.6
4026000,-2681659.2461221125,301.0623019687385,2000.0890225017113,1.0141595570048352,60.6
4028000,-2677410.2517209817,299.3320685844188,1999.3134544975337,1.0145529669035054,60.6
4030000,-2678941.366336534,300.1193048683973,1995.4826396963274,1.0165006483540506,60.6
4032000,-2681033.6222779714,299.55041060765683,1997.875782948799,1.0152830392872092,60.6
4034000,-2683292.499790484,300.0970353795663,1996.2417659755117,1.0161140957990817,60.6
4036000,-2682721.5795951486,300.7028496231836,1996.113342626057,1.0161794692289488,60.6
4038000,-2684339.9971915744,299.76473362619515,1996.7025075579397,1.0158796262100198,60.6
4040000,-2683760.7789542414,298.50354160228136,1992.8663591157754,1.017835133676783,60.6
4042000,-2684272.845404785,300.169721995517,1991.9315994990238,1.0183127761719928,60.6
4044000,-2680045.219794521,299.5350896139982,1995.3328384936078,1.0165769629501678,60.6
4046000,-2685284.4992353767,300.620364982814,1993.085391515426,1.0177232775201293,60.6
4048000,-2683036.766227832,299.6800285494571,1996.3859240996355,1.0160407226600618,60.6
4050000,-2683098.0350926444,299.94095179370106,1993.3973308127963,1.0175640178084804,60.6
4052000,-2683939.41314489,299.3297274279238,1995.7114289942876,1.0163841162410736,60.6
4054000,-2685210.644111188,299.5106112777033,1994.4912085045619,1.0170059353389875,60.6
4056000,-2683019.6475313082,300.3122013973981,1992.8922906812472,1.0178218895799838,60.6
4058000,-2684098.763956314,300.39437336810823,1996.538922582042,1.0159628615741239,60.6
4060000,-2682407.7477848213,299.9430628538121,1999.3370803601829,1.0145409780851706,60.6
4062000,-2678484.83374916,300.4817678619018,1994.6057473078076,1.0169475345031906,60.6
4064000,-2678675.3489622176,299.6259230426477,1995.4030844094232,1.0165411755043543,60.6
4066000,-2683348.447541373,299.6633253741264,1994.684832493438,1.0169072146074194,60.6
4068000,-2681462.0701042097,301.3105646409677,1998.4900449499094,1.0149709787928465,60.6
4070000,-2682095.5044961516,299.3835473411371,1997.2299767126715,1.0156113320355913,60.6
4072000,-2682144.7120545562,299.3416663549207,1994.3677923495318,1.017068870050761,60.6
4074000,-2680962.082585022,300.52325144150825,1994.1742097187546,1.0171676010776627,60.6
4076000,-2682351.187618578,300.1548442496535,1996.66508210657,1.015898667837927,60.6
4078000,-2681572.9766215496,300.69904576039227,1995.5855641755552,1.0164482212360435,60.6
4080000,-2684090.8842209578,301.48313317081147,1996.0951715422798,1.0161887198310902,60.6
4082000,-2685457.572805714,299.89820647294016,1992.2882849812365,1.0181304645124052,60.6
4084000,-2681150.607542338,301.2839580579835,1994.971800439886,1.0167609369632746,60.6
4086000,-2680479.455440039,300.93981713800014,1995.455350266501,1.0165145498042176,60.6
4088000,-2682247.32850777,301.2851642520457,1995.8843392593137,1.0162960634198503,60.6
4090000,-2682584.767572172,300.0502644461677,1993.8626004826258,1.0173265683099635,60.6
4092000,-2684242.6126638334,300.84388882453356,1996.2215588564384,1.0161243816004921,60.6
4094000,-2684445.8455393687,300.41355541437855,1999.2817505252253,1.0145690553608524,60.6
4096000,-2683440.373929737,301.1347208746908,1997.4480695082798,1.0155004417861593,60.6
4098000,-2682008.085811101,300.7014394908266,1994.2968763815402,1.0171050363930385,60.6
4100000,-2681606.9108064305,298.8534572813345,1994.9327213883341,1.0167808544535466,60.6
4102000,-2682241.0308222305,300.28140673794144,1996.5279990518493,1.0159684201743528,60.6
4104000,-2678985.4863209277,300.50031105912126,2000.0552152965793,1.0141766994816617,60.6
4106000,-2683021.7984633446,300.6336517234943,1995.8150274754141,1.016331357919669,60.6
4108000,-2680871.367618609,300.2335215833981,1997.1604815003616,1.015646672272792,60.6
4110000,-2685605.17349384,300.2281908169887,1992.1471023140457,1.018202619010615,60.6
4112000,-2684947.721626973,300.85187028741575,1993.6995124488476,1.017409787365142,60.6
4114000,-2680437.6889813375,299.45097221091305,1995.685441970733,1.0163973511915392,60.6
4116000,-2681857.077717671,300.05204141651365,1994.8144084904352,1.016841159958112,60.6
4118000,-2680267.8223208208,300.0126823976064,1997.7920608232957,1.0153255870857032,60.6
4120000,-2685278.56890662,300.7652038885212,1995.1080926108666,1.0166914787940755,60.6
4122000,-2681172.7095951196,299.5940521484675,1998.9623610611998,1.0147311607977136,60.6
4124000,-2682005.8625301607,300.56170766502686,1993.6673597058475,1.0174261955765018,60.6
4126000,-2682750.640094625,300.8557074312112,1995.3813251320066,1.0165522607045436,60.6
4128000,-2681224.7448860276,300.86090972923347,1994.800838391411,1.0168480772578077,60.6
4130000,-2681032.9318406675,298.9659934450858,1992.7367603802134,1.0179013291467307,60.6
4132000,-2683773.997814171,300.39065505749596,1996.6880980568199,1.0158869575095986,60.6
4134000,-2680394.975452928,299.70520768140125,1994.5484466083346,1.0169767500407494,60.6
4136000,-2679642.324145891,299.31645290636953,1997.6723709527048,1.0153864199779696,60.6
4138000,-2681944.5803479794,301.06098791915,1994.5616274708136,1.0169700294508706,60.6
4140000,-2681927.162258506,300.9337599673318,1994.749139181137,1.0168744315705032,60.6
4142000,-2679523.0225144066,300.23745858738675,1998.9658836429228,1.0147293726364097,60.6
4144000,-2680157.2354947273,299.65941686825994,1997.9982140918014,1.0152208258867697,60.6
4146000,-2682264.85355391,300.9137355547408,1994.8214843454969,1.0168375531087146,60.6
4148000,-2683692.063648032,299.95933244049667,1994.2931122487776,1.0171069561300956,60.6
4150000,-2682013.560461886,302.0409946022509,1996.2685747114808,1.0161004499726365,60.6
4152000,-2680473.474837886,300.24541439702045,1995.9231003324016,1.0162763268247947,60.6
4154000,-2680193.369265463,300.170046305792,1995.8420670160558,1.0163175887274507,60.6
4156000,-2680676.0222287346,300.1302789731688,1993.1844116668851,1.0176727176660114,60.6
4158000,-2681230.000055345,301.2299422756497,1995.9722957952422,1.0162512782886113,60.6
4160000,-2682185.0933636893,300.49728602827105,1996.1696597155083,1.0161508001878237,60.6
4162000,-2682819.9857040606,300.40683053715026,1995.0534878533797,1.016719305712991,60.6
4164000,-2682891.4662093017,300.8068624327612,1994.9171325323416,1.0167887998714578,60.6
4166000,-2681768.2485327404,300.9506807923045,1995.2260153804693,1.0166313898246622,60.6
4168000,-2680629.810045909,299.59595221533664,1995.4072317677033,1.0165390626722497,60.6
4170000,-2682244.3615817036,300.91119394765525,1995.1721542973708,1.0166588345078942,60.6
4172000,-2683501.7283980176,300.2030601601604,1996.033414371172,1.0162201606577799,60.6
4174000,-2683364.841784453,298.8124119728636,1994.0743527558086,1.017218537627401,60.6
4176000,-2682535.2586163376,299.93076936593195,1996.301229493197,1.0160838289647918,60.6
4178000,-2678627.7725304402,300.30744700796123,2000.5869126671803,1.013907161037206,60.6
4180000,-2681384.5844341684,301.4279876024268,2000.291259265468,1.0140570217636338,60.6
4182000,-2679569.8649874795,301.7067473948646,1999.162772085178,1.0146294365590285,60.6
4184000,-2681159.772375336,300.1586253641055,1998.5009307569821,1.01496545025989,60.6
4186000,-2682266.0451019704,299.7187517563255,1994.4003655762433,1.017052258935231,60.6
4188000,-2682230.708850138,300.4145985343226,1997.070468273316,1.0156924501439097,60.6
4190000,-2682104.784025157,299.29036037356127,1995.8079934934678,1.01633493985563,60.6
4192000,-2684487.734785892,299.86048446083186,1995.0464823861334,1.0167228758522622,60.6
4194000,-2681285.2430249862,300.9231076245796,1992.1311907383163,1.0182107516115984,60.6
4196000,-2682042.209347723,300.58962714959114,1994.9009126551423,1.01679706704371,60.6
4198000,-2681697.728315875,301.39464989301484,1994.7462159872168,1.0168759217456103,60.6
4200000,-2684166.2684607673,300.83069293851634,1994.9127408464446,1.0167910382736398,60.6
4202000,-2682382.2059924807,300.5610627002193,1994.1586867488904,1.0171755189340115,60.6
4204000,-2683257.3949530814,300.4632563115238,1997.2473084170203,1.0156025187678175,60.6
4206000,-2682496.7423282657,300.4437189984938,1996.3466428940274,1.0160607148315994,60.6
4208000,-2683456.3039856777,300.72343209301,1995.859177146835,1.0163088760251444,60.6
4210000,-2682398.833726432,301.32886277549983,1999.1035824410355,1.0146594778014202,60.6
4212000,-2682210.229436431,299.877596983952,1998.3688842888293,1.015032516257593,60.6
4214000,-2680862.45935167,300.8048852062153,1994.8038725372664,1.0168465306068204,60.6
4216000,-2679992.300439799,300.34010280971654,1997.0129239794253,1.0157217175082576,60.6
4218000,-2680525.844806293,300.27879149447324,1992.7387094146206,1.0179003335697872,60.6
4220000,-2683246.5535376556,300.21797690495094,1994.897273430018,1.0167989219529738,60.6
4222000,-2683651.822082037,299.0417095210442,1997.1552049984589,1.0156493556203785,60.6
4224000,-2683878.152412977,299.96367426598056,1991.5665512312198,1.018499429896818,60.6
4226000,-2683225.6895691957,300.81259267100575,1994.4396503727214,1.0170322258943756,60.6
4228000,-2682232.4257057756,300.125074104714,1996.0158249295225,1.016229115869956,60.6
4230000,-2681338.308442585,299.6730896301475,1993.2398230175302,1.017644426730245,60.6
4232000,-2684046.97681354,300.6554196298429,1997.34401508428,1.0155533456989272,60.6
4234000,-2684259.485047357,299.5580042431263,1991.6284692102272,1.018467765644527,60.6
4236000,-2681693.2588346954,301.45109601064644,1998.9811286596062,1.0147216339109193,60.6
4238000,-2683273.5877229664,300.4433196245273,1993.648540309413,1.0174357997502217,60.6
4240000,-2684934.3325611837,300.09985813818327,1993.81166959517,1.0173525553907625,60.6
4242000,-2678427.3648166135,301.5966168270414,1993.7556150344128,1.017381158319927,60.6
4244000,-2681246.310346648,299.4975742007874,1994.2427438295333,1.0171326451139173,60.6
4246000,-2682463.2260757294,300.9777692744162,1994.0063146811099,1.017253246439674,60.6
4248000,-2683837.7015618533,300.9549987110421,1994.4830510228098,1.0170100949167562,60.6
4250000,-2682123.546723509,298.97296618742394,1999.7252500270308,1.0143440440146219,60.6
4252000,-2682467.45976354,300.32734233338226,1999.356954633078,1.014530893210524,60.6
4254000,-2683067.0722899996,300.153609090828,1997.9300029296944,1.015255486456573,60.6
4256000,-2681070.39948502,300.29695599302966,2000.1762459296024,1.014115331665608,60.6
4258000,-2685098.461061146,300.4538336998017,1998.2175678449794,1.0151093803154534,60.6
4260000,-2681605.842079252,300.26436698394457,1999.0126269453888,1.0147056450214127,60.6
4262000,-2682249.4091997314,300.07373234273126,1994.4906951150524,1.0170061971201927,60.6
4264000,-2683211.5223985873,299.8549260626156,1993.7524388623453,1.0173827790716081,60.6
4266000,-2679244.4779445864,300.31532651810693,1993.91799923423,1.017298303044351,60.6
4268000,-2682862.483857449,301.2142305068521,1996.4886554234124,1.0159884412668436,60.6
4270000,-2682423.7425876036,299.6215708409318,1994.9553842932175,1.0167693037151326,60.6
4272000,-2682885.489728177,300.14854197388865,1993.4627916096672,1.017530603313987,60.6
4274000,-2680441.787782589,300.17376546730856,1994.5800161724962,1.016960653663316,60.6
4276000,-2685077.234646827,301.153542452698,1998.7107749616416,1.0148588892605022,60.6
4278000,-2680201.4747454748,301.06261819938953,1994.586049746562,1.0169575773821866,60.6
4280000,-2681627.8585239872,300.1174173924846,1998.7151302382174,1.0148566778442372,60.6
4282000,-2680284.0701172017,300.37912431791176,1995.2901437232388,1.0165987154357057,60.6
4284000,-2681708.0587065797,300.1942934001521,1995.8459423701456,1.0163156153333925,60.6
4286000,-2681429.141619595,300.5607218731165,1992.7078274527862,1.0179161084660462,60.6
4288000,-2682121.8880955204,300.1799092441843,1990.6980307556526,1.018943790415366,60.6
4290000,-2684302.5224253368,300.58842291134414,1996.2937560980142,1.0160876328117805,60.6
4292000,-2683137.4224729612,300.4315087870614,1993.667748974571,1.0174259969214365,60.6
4294000,-2686055.3778957874,299.8842668477178,1993.1270294040721,1.017702016532808,60.6
4296000,-2684711.0171540435,301.228255691237,1995.2595058947165,1.016614325624269,60.6
4298000,-2682818.6128200814,299.7932610051615,1995.0847248717955,1.0167033869506044,60.6
4300000,-2685609.678689122,300.0923977305023,1995.5112567006217,1.0164860710354204,60.6
4302000,-2684087.5841114186,300.7363972601062,1995.2874143976874,1.0166001060267702,60.6
4304000,-2684481.4344523475,300.30474358090663,1995.7123497522718,1.0163836473138805,60.6
4306000,-2682299.520797964,299.50935361103626,1994.8355848155115,1.0168303656053754,60.6
4308000,-2683172.5517216697,300.97919208081646,1995.1714540602518,1.0166591913204637,60.6
4310000,-2682465.8657406475,300.4908963986517,1995.3016509365611,1.0165928525536316,60.6
4312000,-2682853.196879113,300.6548293859801,1996.5449884452412,1.0159597748960025,60.6
4314000,-2682841.446185544,300.85104387883524,1990.7244897140552,1.018930247511009,60.6
4316000,-2682781.0441618785,301.6234975556052,1989.601580210258,1.019505320666367,60.6
4318000,-2682538.587629199,300.52199965253214,1994.5843247905184,1.016958456867249,60.6
4320000,-2682438.2249871977,298.85299760046547,1994.6889835892223,1.0169050983480497,60.6
4322000,-2682775.345697837,300.3232479615743,1997.34375583645,1.0155534775139943,60.6
4324000,-2681347.066829812,300.57058496056646,1998.5473106754284,1.0149418961440793,60.6
4326000,-2681409.6356948745,300.24841872903653,1996.416581627826,1.0160251200561847,60.6
4328000,-2683492.8409403414,300.9146608330336,1996.995998990245,1.0157303259777226,60.6
4330000,-2679938.6157214027,301.64652779306704,2001.48644399527,1.0134514790824949,60.6
4332000,-2679383.470325835,300.32219102251787,1994.3058396815175,1.0171004650693387,60.6
4334000,-2682000.721254302,300.0949225576366,1994.9562543606887,1.0167688602678664,60.6
4336000,-2683902.439514803,301.1583500684001,1993.2121527012278,1.0176585539485306,60.6
4338000,-2682074.4418918155,299.94214284489897,1991.617222826739,1.0184735167893408,60.6
4340000,-2681880.0794750173,302.0485470580611,1995.6932078446955,1.0163933960677285,60.6
4342000,-2679766.841150064,300.4435939734763,1997.2400121423982,1.0156062289452816,60.6
4344000,-2680057.3971968144,300.5781924699084,1994.5922112945527,1.0169544358714147,60.6
4346000,-2682888.8883646745,299.76205723198376,1994.6742071597519,1.016912631521342,60.6
4348000,-2682922.890171284,300.14798733482394,1998.717161203158,1.0148556466136198,60.6
4350000,-2683626.6036663186,301.4402556793513,1993.5099559251607,1.0175065296271433,60.6
4352000,-2684365.1129955705,300.54597742656244,1993.0324291158151,1.0177503222716997,60.6
4354000,-2681695.8949273676,301.41633698592995,1998.5096704435575,1.0149610117124805,60.6
4356000,-2680725.831230225,301.4560205040859,1996.4910839463435,1.015987205422994,60.6
4358000,-2686446.6894691717,299.1688344482115,1991.2533066651354,1.0186596503021816,60.6
4360000,-2682427.7367992457,301.10907586797117,1994.6234954603046,1.016938485707784,60.6
4362000,-2679584.108330993,300.76280281207545,1995.7680553747346,1.0163552781436347,60.6
4364000,-2682245.71882773,299.66093926252375,1994.3417690203635,1.017082141355812,60.6
4366000,-2683270.242737882,300.94124912988065,1994.4065573663859,1.0170491014174583,60.6
4368000,-2681881.3109177295,301.19187326474804,1994.5455428672856,1.0169782305971327,60.6
4370000,-2680451.202159412,300.54513378379465,1999.929995962653,1.0142401989696683,60.6
4372000,-2680826.2768306304,300.30340942117493,1996.360456008055,1.0160536845568457,60.6
4374000,-2681906.337790752,300.7302276070867,1997.4983592576084,1.0154748751755918,60.6
4376000,-2682234.987432666,300.99849126410896,1994.2776489751968,1.0171148425962213,60.6
4378000,-2682855.9630192667,300.975360339612,1998.2686413606937,1.0150834352529055,60.6
4380000,-2682026.888072159,299.5413001658563,1997.6237956240655,1.015411110677567,60.6
4382000,-2683646.3012791146,300.5398499469127,1995.4812425768853,1.0165013600484472,60.6
4384000,-2683320.5162874404,300.4600222570105,1998.7654007194662,1.014831153421223,60.6
4386000,-2681544.6259941626,299.89028748192493,1994.5802648575539,1.0169605268682589,60.6
4388000,-2681346.0960824676,299.0990436113035,1998.2942904867825,1.0150704061394535,60.6
4390000,-2681353.615589883,301.24920697911836,1998.4830873965661,1.0149745123302436,60.6
4392000,-2680474.2649561856,299.80135806520093,1997.7853049757662,1.0153290205802044,60.6
4394000,-2683370.3332103565,301.5240995029384,1996.8223866330686,1.0158186379564589,60.6
4396000,-2681541.221458379,301.40666687553323,1998.4848187629882,1.0149736330176897,60.6
4398000,-2682092.071188895,300.0791752773801,1997.507462294816,1.0154702474554222,60.6
4400000,-2688699.067564938,300.7986517529889,1995.154150712047,1.0166680084877924,60.6
4402000,-2679905.223181328,300.6078276954505,1999.4942499575527,1.0144612304204577,60.6
4404000,-2680148.355701316,301.2105222588796,1998.4230589046995,1.0150050000635524,60.6
4406000,-2680316.0748149063,300.624482877725,1996.714513014056,1.0158735181268703,60.6
4408000,-2682884.143185191,300.62625432774604,1998.0206882332554,1.0152094064772597,60.6
4410000,-2682522.6798195597,300.44985976698194,1995.0399749578032,1.0167261922024757,60.6
4412000,-2684103.407438593,301.2412109474345,1997.803829454228,1.0153196060219298,60.6
4414000,-2684090.4645592794,300.22907442502236,1995.5868081134963,1.0164475876386965,60.6
4416000,-2683248.140832113,299.6780594381708,1996.2548180843803,1.0161074521423297,60.6
4418000,-2683528.184351517,300.8821815337402,1994.991947297577,1.01675066898303,60.6
4420000,-2681248.1743519455,300.8203956356518,1997.3866471301997,1.0155316698171297,60.6
4422000,-2682205.741048133,301.1106141843822,1996.8949211295585,1.015781739723783,60.6
4424000,-2681163.939532848,300.3257345752821,1995.3362615278832,1.0165752189945976,60.6
4426000,-2682245.6719727516,300.6612645173443,1995.817340554298,1.0163301800290099,60.6
4428000,-2682539.9974340703,299.96138530327653,1995.3572141596837,1.0165645442511932,60.6
4430000,-2683999.773043655,299.75639081753184,1994.523936586602,1.016989247319818,60.6
4432000,-2685230.685729731,299.60508606565037,1993.1693415616999,1.0176804121627008,60.6
4434000,-2683171.428589724,299.91566439153803,1996.6282906533359,1.015917387590874,60.6
4436000,-2681712.772536017,300.9782868314543,1995.0443006395894,1.0167239877231213,60.6
4438000,-2681893.3795785755,301.22888411042186,1995.6045355291367,1.0164385583001967,60.6
4440000,-2681651.7668665107,300.36178291693324,1994.4754823958897,1.0170139542622585,60.6
4442000,-2678794.909473652,300.1025933973932,1994.5849841368965,1.016958120693117,60.6
4444000,-2681791.2825325932,299.55118021004375,1994.7739682209462,1.0168617744894781,60.6
4446000,-2685291.1058507673,298.9990994090745,1994.211419680275,1.0171486217623693,60.6
4448000,-2683907.541398095,300.82274334691095,1994.2236162007662,1.0171424009584897,60.6
4450000,-2682155.9571531527,299.72116980850956,1993.339641021058,1.01759346740907,60.6
4452000,-2680912.401297178,300.9988184605652,1994.3419402825514,1.0170820540148655,60.6
4454000,-2684333.9002046734,301.6759243412712,1993.235964897679,1.017646396489086,60.6
4456000,-2684221.7318805754,301.27705333319506,1994.8242516004475,1.0168361425339483,60.6
4458000,-2683978.225664815,300.2237061869621,1996.6545018243812,1.0159040510900474,60.6
4460000,-2680728.6992979124,301.01256647081567,1999.5469531510807,1.0144344916902324,60.6
4462000,-2681576.6138775162,301.08246009723183,1997.9412618478168,1.0152497652281198,60.6
4464000,-2682357.598609429,300.5602071203424,1997.9226948906175,1.0152592000771186,60.6
4466000,-2681881.139724346,300.8086488852793,1996.92948541638,1.015764157845376,60.6
4468000,-2680304.4355504774,300.57122873035564,1996.996464233372,1.0157300893415735,60.6
4470000,-2680526.8728869017,299.99708579178235,1999.453983352492,1.0144816604528841,60.6
4472000,-2683008.941321712,299.8900215034108,1994.7994766143427,1.0168487714230159,60.6
4474000,-2683199.252233317,300.063876918282,1996.0053402069414,1.0162344539720862,60.6
4476000,-2682584.384796953,299.76912264195084,1996.7715615210718,1.015844494242194,60.6
4478000,-2684722.711748602,301.4001909667162,1996.1623235575657,1.0161545346750822,60.6
4480000,-2680579.3643482663,300.7679530424483,1998.7049757414036,1.0148618338622724,60.6
4482000,-2681010.1016055197,301.33692761911203,1994.2427067800106,1.0171326640104534,60.6
4484000,-2684418.61291492,301.0915676403797,1993.4621758174399,1.0175309176351937,60.6
4486000,-2685866.7173102535,299.9333437742872,1993.310751920756,1.0176082154154802,60.6
4488000,-2682111.0150568075,300.4480933519835,1996.6353665620493,1.0159137872646375,60.6
4490000,-2683250.4691663645,300.33665069471334,1995.5896800923604,1.0164461248049197,60.6
4492000,-2684538.871140331,301.4028878129473,1994.3054776125189,1.017100649725376,60.6
4494000,-2681332.731996052,299.94782786620567,1998.7013195097597,1.0148636903527417,60.6
4496000,-2681764.5159609374,301.0137110576682,1996.0711943951237,1.016200926463069,60.6
4498000,-2681309.0372015405,299.8329207316612,1995.851010920417,1.0163130343557747,60.6
4500000,-2679723.743546305,300.9449834767466,1994.3808466043572,1.0170622128086264,60.6
4502000,-2681925.67327852,299.3385542164126,1993.8716044540226,1.0173219742431732,60.6
4504000,-2682742.8443674445,299.84005234162277,1994.7035304861201,1.0168976823018079,60.6
4506000,-2683148.0497898404,300.3304207191521,1997.3653923438465,1.0155424765071621,60.6
4508000,-2684058.0134000834,300.03729550289444,1994.8367122757938,1.016829790903775,60.6
4510000,-2683049.024879925,299.25786448192184,1995.6827666666911,1.016398713718684,60.6
4512000,-2683547.2776775677,300.1470401811182,1997.4818779640257,1.0154832538946823,60.6
4514000,-2684787.263598522,301.44102845657295,1993.4576724511985,1.017533216311733,60.6
4516000,-2681978.4347267486,300.0038098714119,1995.7558057352762,1.0163615163746265,60.6
4518000,-2683504.9394114595,298.8819202937801,1998.6486703317773,1.0148904242854506,60.6
4520000,-2685281.283887528,301.1783372270838,1995.742467094242,1.0163683092758402,60.6
4522000,-2679426.457952643,298.44528503758085,1996.0442826257317,1.016214627444168,60.6
4524000,-2681003.4554654304,299.7821869540272,1994.286980634212,1.0171100833168483,60.6
4526000,-2680702.832149081,298.9329252322831,1998.6154795436196,1.0149072784594628,60.6
4528000,-2682123.6988226883,301.0066236151345,1992.206782436333,1.0181721169275224,60.6
4530000,-2680924.7394211497,300.2958391678006,1996.3882271248406,1.0160395505596849,60.6
4532000,-2682616.6235556584,300.49236009756504,1995.638222807606,1.0164214003562522,60.6
4534000,-2684785.3573952373,300.0958302778532,1993.83940889252,1.0173384014699818,60.6
4536000,-2684423.9254102614,300.089735611057,1995.2312082708963,1.0166287438879957,60.6
4538000,-2680898.7243196685,300.7560734216606,1996.4653647651173,1.0160002937337258,60.6
4540000,-2684444.575253358,301.6627560660383,1997.1893303024729,1.0156320015605973,60.6
4542000,-2683492.9361915737,300.4496772379446,1997.9603643715895,1.0152400584125485,60.6
4544000,-2682056.088535851,300.5337952475187,1995.0788992339506,1.0167063557282954,60.6
4546000,-2683692.057051355,300.39197621814833,1997.0184770444866,1.0157188931133678,60.6
4548000,-2681923.6570824794,299.870630390456,1995.1440767461747,1.0166731418909087,60.6
4550000,-2678817.736176694,299.2471891856314,1995.2797141631074,1.0166040293159389,60.6
4552000,-2682054.6595065277,299.94769245964,1997.9728047559408,1.0152337370169293,60.6
4554000,-2683229.3979802877,300.4408481146503,1996.3580625378127,1.0160549027222163,60.6
4556000,-2683486.4219817203,300.586689620505,1994.4833917338726,1.017009921184254,60.6
4558000,-2682449.8077752553,301.2536185242434,1994.2461103435314,1.017130928078457,60.6
4560000,-2681060.240196271,299.1381684863098,1993.707983973691,1.0174054642584691,60.6
4562000,-2684131.426539762,299.1156607966309,1995.805321614593,1.0163363004712305,60.6
4564000,-2682364.173904378,299.2034419625807,1993.7347262453566,1.017391817641915,60.6
4566000,-2684603.205194004,301.0762873241869,1994.5753397260576,1.016963038011469,60.6
4568000,-2684173.3471626043,301.75789875836375,1992.91985698897,1.0178078109449011,60.6
4570000,-2683539.726964446,299.9442707227556,1997.5791677994187,1.0154337959306583,60.6
4572000,-2679140.1677241027,300.26170769649116,1997.3023141099884,1.0155745490809398,60.6
4574000,-2682494.9641157705,299.76470310269815,1991.3059181963508,1.0186327366855945,60.6
4576000,-2682694.9395357855,300.0136776383016,1994.2025410350138,1.017153150340387,60.6
4578000,-2678205.1293933336,299.2110597942274,2000.657355381825,1.0138714615844089,60.6
4580000,-2684059.815272266,299.5861080119555,1995.218817904687,1.016635057181717,60.7
4582000,-2682273.3545311484,300.8594599464024,1994.4892044377493,1.0170069572286213,60.7
4584000,-2680739.2373252343,300.2979908942253,1995.0154300932816,1.016738701081488,60.7
4586000,-2682718.917399913,299.52899673629526,1995.941995333716,1.01626670603292,60.7
4588000,-2681729.066896934,301.3454192662792,1998.5574586713294,1.0149367426138882,60.7
4590000,-2683710.637472328,300.7084853073867,1996.216878493654,1.016126764022358,60.7
4592000,-2678170.0560293365,299.13534044120354,1997.998777348086,1.0152205396856384,60.7
4594000,-2680648.197095383,300.88589199317386,1997.177878187177,1.0156378253457026,60.7
4596000,-2683312.2234303374,301.0618745640578,1994.9142458193203,1.0167902712016035,60.7
4598000,-2686518.1995859146,301.58789093911133,1994.9527100359335,1.0167706667061964,60.7
4600000,-2683099.5214749146,300.36035059933727,1994.9715225403602,1.0167610785980694,60.7
4602000,-2683746.5342318825,301.4322876949668,1994.8758062904706,1.016809863869398,60.7
4604000,-2683919.226581173,300.31139169636475,1995.768489148972,1.0163550572418927,60.7
4606000,-2684397.511626767,300.9492072662871,1994.3459600889726,1.0170800039828982,60.7
4608000,-2683428.1648698,300.3865603951813,1993.1867794504146,1.0176715087332993,60.7
4610000,-2682523.124408748,299.58663256404486,1994.6962741270816,1.0169013815991816,60.7
4612000,-2682368.9275978096,300.2695405533443,1995.0897369232318,1.0167008327949811,60.7
4614000,-2678896.436611846,299.4514846221636,1999.646397422462,1.0143840429213797,60.7
4616000,-2681920.06286148,300.4690858541212,1998.3842045491065,1.0150247346897128,60.7
4618000,-2682415.1549384277,300.3108797947883,1993.4700482727787,1.0175268992820152,60.7
4620000,-2683995.990630852,300.1527712003289,1993.580075931966,1.0174707409645039,60.7
4622000,-2685270.165091036,300.5312230767962,1994.019170269016,1.0172466881333513,60.7
4624000,-2684663.189151004,299.3902966316764,1993.9304486804215,1.0172919513681964,60.7
4626000,-2684388.316174565,300.85883480394045,1992.4110305965155,1.018067740983785,60.7
4628000,-2682510.008996155,300.8487551442917,1992.2047610494153,1.018173150013999,60.7
4630000,-2682103.8300419934,300.0716986181699,1998.4819522956448,1.014975088817063,60.7
4632000,-2684607.6019697674,299.5994396063785,1996.987751702411,1.0157345208058346,60.7
4634000,-2682257.7139507122,300.02940402607845,1998.3147965654023,1.0150599898058563,60.7
4636000,-2684020.6607879195,299.921553040181,1994.3964288723416,1.0170542664767301,60.7
4638000,-2682729.631677784,300.51725263068244,1997.3364681444236,1.0155571829692838,60.7
4640000,-2681190.112834953,300.66565322120294,1997.9351508663904,1.015252870520329,60.7
4642000,-2682017.6777083613,300.39154395796106,1996.3100010826972,1.0160793643925357,60.7
4644000,-2679835.002992939,300.59748375894316,1998.087513731692,1.0151754530722468,60.7
4646000,-2679301.8046264313,300.15378655127273,1998.3060070252125,1.0150644545427607,60.7
4648000,-2683046.6650472246,301.2691233191626,1995.7558283534242,1.0163615048560755,60.7
4650000,-2684683.875375366,301.2150069526433,1992.120574228025,1.0182161779121262,60.7
4652000,-2684613.9720154535,300.48882867235244,1993.8763763433005,1.0173195395145818,60.7
4654000,-2682033.95339738,300.2265418171603,1995.8488976720669,1.0163141104501854,60.7
4656000,-2682479.2018317096,300.1897492268258,1995.6709695032223,1.016404722034663,60.7
4658000,-2682794.3675555643,299.99218074326296,1994.7630948269343,1.01686731737262,60.7
4660000,-2680384.8039238956,299.6272173001846,2000.545277575429,1.01392826234301,60.7
4662000,-2682041.3704037517,300.87585046289075,1997.080398087401,1.0156873999530374,60.7
4664000,-2682434.375460442,301.55865327831424,1993.6204981350988,1.0174501109554268,60.7
4666000,-2684198.200813031,300.26301492374415,1997.1382256874092,1.0156579904890644,60.7
4668000,-2685934.4214634504,300.33652793001295,1991.4233345364191,1.0185726770660546,60.7
4670000,-2683242.767263824,300.98936064601037,1996.2867933670682,1.0160911767638963,60.7
4672000,-2681418.2103648223,300.3737037386575,1995.5338296897621,1.0164745727943476,60.7
4674000,-2683109.452336967,299.288590038037,1995.6416975314473,1.0164196306078666,60.7
4676000,-2683008.610424796,299.80174254590116,1996.3590249817432,1.016054412882532,60.7
4678000,-2682316.3467007466,300.97622986323336,1996.3539649687452,1.016056988201652,60.7
4680000,-2682287.8247387223,299.6345246764701,1995.8464761854168,1.016315343506475,60.7
4682000,-2683334.2272967957,301.53833534949587,1997.5307641704712,1.0154584016496593,60.7
4684000,-2682093.3247997146,301.0713277460102,1993.4192282132406,1.0175528400258744,60.7
4686000,-2682390.3775458485,300.8351479145193,1998.480362349811,1.0149758963083169,60.7
4688000,-2682215.659541223,300.5951536390866,1995.9470682664248,1.0162641230723317,60.7
4690000,-2684636.131201826,301.72340326831227,1995.4356955130884,1.0165245623257242,60.7
4692000,-2682712.208400041,298.7314124930255,1998.2260389716312,1.0151050769383787,60.7
4694000,-2684188.3120648786,300.50998563892205,1992.5651848368868,1.0179889784617595,60.7
4696000,-2683128.408328034,299.65111141580206,1993.1010047349478,1.0177153050506422,60.7
4698000,-2682045.623210922,301.15133541521743,1995.0414586990562,1.0167254360484679,60.7
4700000,-2683974.664072888,300.1179992887268,1996.1511195992123,1.0161602381275792,60.7
4702000,-2683489.551052384,300.9895371939615,1996.2178463453376,1.0161262713606973,60.7
4704000,-2683832.951173855,300.2104969805846,1997.070149137301,1.0156926124537018,60.7
4706000,-2683246.706840299,300.9337073164045,1997.916599549463,1.0152622974792753,60.7
4708000,-2682482.345229188,300.1790753599352,1999.2085479985465,1.014606204570932,60.7
4710000,-2678611.52520632,300.9264625383862,1998.9122696175984,1.0147565893017476,60.7
4712000,-2684444.569189528,300.93664755704714,1992.5709321613203,1.0179860421984455,60.7
4714000,-2680887.7737578154,300.41052401443824,1998.2351595947446,1.0151004436544615,60.7
4716000,-2679848.8680177014,300.07558362463067,1997.5444790949448,1.0154514296220374,60.7
4718000,-2683143.7108246647,302.3703988776799,1997.1584760994829,1.015647692111104,60.7
4720000,-2682327.033634307,300.8130077027164,1998.217819489073,1.015109252478399,60.7
4722000,-2682339.15880944,300.5689541792957,1997.4660184689,1.0154913166359587,60.7
4724000,-2679272.1131269224,300.39041664185777,1997.520752134981,1.0154634913617664,60.7
4726000,-2683600.501450943,300.08877248270005,1996.3076889432614,1.0160805412237335,60.7
4728000,-2683912.2329121344,300.95005418495936,1991.9053619437454,1.0183261894788025,60.7
4730000,-2684076.900640087,301.37085678166926,1992.8858761861684,1.0178251656398825,60.7
4732000,-2681430.440478027,300.18076825508945,1998.8801049265203,1.0147729181111316,60.7
4734000,-2683046.128747374,300.35862983241464,1994.756031779505,1.0168709179042021,60.7
4736000,-2683800.0455557853,300.18240882197205,1995.9099271464456,1.0162830343404265,60.7
4738000,-2685582.5764275827,299.50233645503,1996.2175506249944,1.0161264218899868,60.7
4740000,-2683209.2726427745,300.9967648204354,1995.100258142186,1.0166954711937135,60.7
4742000,-2681450.393613564,299.34061246986477,1989.3360358326474,1.019641408235772,60.7
4744000,-2684139.518241428,300.3505402664101,1994.3163913811156,1.0170950837072765,60.7
4746000,-2683037.2639121525,299.9092203883027,1993.6110181027057,1.017454949140972,60.7
4748000,-2684155.7830869146,300.18984244727125,1996.2718584723325,1.0160987785415312,60.7
4750000,-2679384.6607671045,300.0721963177986,1996.8063677440064,1.0158267871121964,60.7
4752000,-2683746.095775038,299.5857565702772,1996.5869616753666,1.0159384168914436,60.7
4754000,-2682453.910677269,300.6749542493293,1993.829809877669,1.0173432993034757,60.7
4756000,-2682448.045962695,301.10469545229165,1994.4912834978093,1.017005897099373,60.7
4758000,-2681312.927601142,298.83985212087856,1991.554121191489,1.0185057867355525,60.7
4760000,-2681992.624109609,299.6445520477484,1995.7450907826521,1.016366973116345,60.7
4762000,-2680614.4040737078,299.5703969660975,1998.5865493701385,1.0149219695638547,60.7
4764000,-2678975.954710271,299.8439119884583,1995.304166632106,1.016591570825185,60.7
4766000,-2683709.5574619845,300.2126077478291,1993.2167919694573,1.0176561853195802,60.7
4768000,-2683376.4543076716,300.8800590633241,1994.8117849308094,1.0168424972990247,60.7
4770000,-2685594.495486077,301.3818964427032,1995.516260814477,1.0164835220148327,60.7
4772000,-2680718.397486355,300.47136517414646,1996.8758028332243,1.0157914649236595,60.7
4774000,-2681849.1988663543,299.5037429431145,1994.5792796810633,1.0169610291724855,60.7
4776000,-2682440.7585629746,300.39591409397406,1996.0341759736677,1.0162197729110067,60.7
4778000,-2679462.749692213,300.31837618099206,1999.8521102643742,1.0142796992935743,60.7
4780000,-2682984.184303172,300.94287232488387,1997.0378220217192,1.0157090540113511,60.7
4782000,-2683976.759739887,299.5166939564139,1998.0327295956413,1.0152032882069335,60.7
4784000,-2682434.6808845345,298.93754993874114,1992.3713212771943,1.0180880317682313,60.7
4786000,-2684074.635977518,299.923233952016,1995.359616288844,1.0165633204520768,60.7
4788000,-2682681.7436400726,300.8214299751342,1996.601660252764,1.0159309377584,60.7
4790000,-2682043.073469069,300.583448902314,1998.297748804995,1.0150686494260335,60.7
4792000,-2682460.6113648377,300.03787687150236,1998.1133499199698,1.0151623265576066,60.7
4794000,-2682404.0824710913,299.94166079410866,1994.9113199107653,1.0167917625136853,60.7
4796000,-2682338.3451671824,301.11704836522495,1994.9945261681899,1.0167493546594133,60.7
4798000,-2681586.5190915745,300.7311058920852,1996.8065281644408,1.0158267055021997,60.7
4800000,-2681988.5765285622,299.9786546082753,1991.7819259245264,1.018389297859022,60.7
4802000,-2683336.6194333043,300.30372508604256,1996.8448914077383,1.0158071895111387,60.7
4804000,-2686725.8190802243,300.1200493618193,1996.110178492706,1.0161810800254787,60.7
4806000,-2684190.8299101833,299.9682222703051,1992.6007830510537,1.0179707918837035,60.7
4808000,-2683775.340534428,299.3843427925241,1994.5451965637549,1.0169784071702943,60.7
4810000,-2683169.9080447108,299.2912480661141,1995.1540537492754,1.0166680578969833,60.7
4812000,-2682858.0804232005,300.6475583534446,1993.6906808960907,1.0174142942368944,60.7
4814000,-2681016.9862520564,298.7185327931981,1998.031542822988,1.0152038912081742,60.7
4816000,-2681148.99717582,300.89315178965023,1994.3901121256845,1.017057487749288,60.7
4818000,-2681231.5335778873,301.194169664361,1995.3201348414245,1.0165834352149083,60.7
4820000,-2683622.0435061306,299.97487869846555,1996.6155167909667,1.0159238871842002,60.7
4822000,-2683220.042560518,299.51052820098,1995.8770105823367,1.0162997951656052,60.7
4824000,-2682992.4808952697,301.43439573397677,1993.366344458508,1.017579835572864,60.7
4826000,-2683117.790778598,300.90526959842833,1997.8273344448398,1.0153076605062208,60.7
4828000,-2679752.437978266,299.5693693019122,1997.4490266589503,1.0154999551720252,60.7
4830000,-2686560.2173366807,299.6824086269944,1996.1072256968218,1.0161825832389697,60.7
4832000,-2684250.976586167,299.7179443515581,1992.0345441679535,1.0182601516470233,60.7
4834000,-2681392.5376431774,300.3164282125864,1992.944953735123,1.0177949939003483,60.7
4836000,-2682756.0819591563,299.3047835477299,1996.7020897519162,1.0158798387808532,60.7
4838000,-2683968.015597116,300.32612269428796,1995.1343820644256,1.0166780820706989,60.7
4840000,-2681833.300662974,299.3640032396052,2002.1408875081113,1.0131202103140464,60.7
4842000,-2683881.696544463,301.5009249712341,1992.868199141567,1.017834193904199,60.7
4844000,-2679567.256664362,299.87126067134517,1994.5413106731498,1.0169803885114765,60.7
4846000,-2683296.255805336,299.92019619237436,1993.232081428421,1.0176483791977395,60.7
4848000,-2682582.3771491256,299.2427568788163,1993.7347080156549,1.017391826944431,60.7
4850000,-2681075.369832486,300.9071790176372,1994.2616471928234,1.0171230038374417,60.7
4852000,-2680617.050572118,299.3609760995058,1995.9318087599502,1.016271892721023,60.7
4854000,-2682057.833908435,301.1722834167212,1994.2236860211299,1.017142365347012,60.7
4856000,-2679212.608905932,299.9952583104532,1997.8876799924128,1.015276993468558,60.7
4858000,-2681972.4038988333,300.95329932606006,1996.876613180587,1.0157910527079375,60.7
4860000,-2680757.2181861866,301.3168236896281,1997.5554371472665,1.0154458591283784,60.7
4862000,-2681981.6334115285,301.50044532994986,1995.914998190757,1.0162804522583715,60.7
4864000,-2682083.9462520164,299.62267649252317,1997.4328404061457,1.0155081843042717,60.7
4866000,-2685387.451846283,300.9780640211427,1997.1467200330212,1.0156536706512136,60.7
4868000,-2679472.73719313,300.6339038243328,1993.2658211201076,1.0176311536264204,60.7
4870000,-2682269.948331181,301.2619899275417,1996.0624401984924,1.016205383248863,60.7
4872000,-2681337.1527361777,300.0034760674694,1996.8726149408208,1.015793086576373,60.7
4874000,-2682561.1769913957,300.24930629184377,1996.0454306583536,1.016214042964714,60.7
4876000,-2678505.4597857986,299.07562543005673,1997.643282341456,1.0154012054910284,60.7
4878000,-2680150.2443982176,300.0401200389038,1999.7075392614975,1.0143530277330812,60.7
4880000,-2683797.998673551,300.9028261056866,1996.2568406539895,1.0161064226415106,60.7
4882000,-2684031.4582937714,298.7609803104181,1993.346600654799,1.0175899145508627,60.7
4884000,-2684662.2133096214,299.4479028481526,1997.981300780142,1.0152294199342837,60.7
4886000,-2681042.46219112,299.8688623097681,1993.9090971816195,1.017302844897852,60.7
4888000,-2680982.8964400906,300.7696308638144,1995.4977074124392,1.0164929729038912,60.7
4890000,-2684568.120957911,299.43107196125015,1995.9061708141753,1.016284947003864,60.7
4892000,-2684212.292533975,299.27670671626066,1996.1136333142172,1.0161793212457202,60.7
4894000,-2681205.4587330185,299.72499049773484,1995.9058904563335,1.0162850897578164,60.7
4896000,-2681808.7278008033,301.1954077265305,1999.0922928158443,1.0146652079646759,60.7
4898000,-2681209.3122321907,300.99495766364606,1998.2328601139482,1.015101611788578,60.7
4900000,-2682631.653145151,300.6412117015408,1996.1951119880282,1.0161378438656021,60.7
4902000,-2680501.62789011,300.17525944144177,1997.851338286238,1.0152954617587033,60.7
4904000,-2680288.240439255,300.41267154950395,1998.049417033582,1.015194809366658,60.7
4906000,-2679849.0416942853,299.2422040330077,1997.9155708617589,1.0152628202180025,60.7
4908000,-2682966.9921316262,300.65507846414323,1992.2441380816874,1.0181530256546294,60.7
4910000,-2683287.974233737,301.2650583529113,1995.5811621915902,1.0164504633842735,60.7
4912000,-2682918.1001125257,300.28977790861245,1994.0873614691895,1.017211901657153,60.7
4914000,-2682451.9347660188,299.7622371063853,1994.8469104376275,1.0168245926127628,60.7
4916000,-2682285.7820210475,299.7863704518029,1994.348506273433,1.017078705476999,60.7
4918000,-2683729.1946467143,300.2910416014382,1994.82992610625,1.0168332500354371,60.7
4920000,-2680860.8521752115,300.7568433504055,1995.1798414049074,1.016654917484663,60.7
4922000,-2682806.9805370346,301.08681384013363,1995.7592454625362,1.0163597646571172,60.7
4924000,-2679184.482686516,300.3284444295377,2000.1617023375147,1.0141227055092807,60.7
4926000,-2683493.0192290265,301.3589845093203,1994.9286988828717,1.0167829046554124,60.7
4928000,-2681218.2201197706,300.4073717166558,1995.0394885653664,1.0167264400812435,60.7
4930000,-2683152.9947319943,300.24267724525754,1993.4528152789921,1.0175356955949242,60.7
4932000,-2683016.123528233,299.57933745759254,1993.1312597325425,1.017699856507574,60.7
4934000,-2683949.1075613517,300.585583857097,1994.6080709685577,1.016946349788707,60.7
4936000,-2683244.3869130127,299.8527240422789,1995.2668563625384,1.016610580465638,60.7
4938000,-2682728.6818808652,300.45977572697774,1997.4684619919183,1.0154900743753403,60.7
4940000,-2678642.9911659732,300.19246696322625,2000.3291963133424,1.0140377897642945,60.7
4942000,-2679865.348780457,299.935794698209,1994.460027539165,1.0170218349942526,60.7
4944000,-2683030.2749226093,298.7921844974049,1998.4219711251833,1.0150055525502963,60.7
4946000,-2682070.2189612594,301.0342863008645,1998.1900769680924,1.0151233460774312,60.7
4948000,-2682167.3555719573,300.8393630258715,1993.4748862949295,1.0175244298164041,60.7
4950000,-2684334.4663542714,299.6743343364177,1994.9052030458795,1.0167948802447027,60.7
4952000,-2685480.639479229,300.6181321193588,1994.7448719737172,1.016876606893363,60.7
4954000,-2680730.6254903246,300.3173917764406,1993.6291153151128,1.0174457131711578,60.7
4956000,-2681920.755473662,300.0995293909989,1996.8038356714571,1.015828075244299,60.7
4958000,-2682291.41216998,300.30582581565784,1999.0329869789373,1.0146953103040224,60.7
4960000,-2684083.3245881014,299.65160511691386,1998.3408895682535,1.0150467358293471,60.7
4962000,-2680953.4988846015,299.6565909542384,1995.4680852171853,1.0165080624728704,60.7
4964000,-2684965.5985197835,300.1072582518083,1993.912130439275,1.0173012973162936,60.7
4966000,-2683008.1603428386,299.3495021380279,1994.771456453714,1.0168630548968534,60.7
4968000,-2682545.113296943,299.73027662647195,1997.6126573229542,1.0154167724131697,60.7
4970000,-2681523.843123371,300.28571970064763,1998.1770639569363,1.0151299570087973,60.7
4972000,-2683035.1935019344,299.75745612158926,1994.1712977027798,1.017169086410596,60.7
4974000,-2680808.078641314,299.38915149987633,1997.715267180944,1.0153646169471082,60.7
4976000,-2682259.6099399626,300.4505129708956,1994.796401122341,1.0168503391570773,60.7
4978000,-2679831.639853796,300.4293751509685,1994.2505654453323,1.0171286558354862,60.7
4980000,-2680214.6180176158,299.49846686745326,1996.332526448752,1.0160678995892927,60.7
4982000,-2681490.1714289878,300.00387226705794,1995.0698358440504,1.0167109745170468,60.7
4984000,-2682186.869517682,300.06244193105306,1995.2379431908053,1.01662531226061,60.7
4986000,-2682828.071778901,300.2890685158078,1993.8246108010396,1.0173459521174406,60.7
4988000,-2685564.0634816512,300.7564482324088,1992.097921546125,1.0182277563224713,60.7
4990000,-2683619.610413339,299.9140972472446,1994.281526511029,1.017112864992159,60.7
4992000,-2684757.5173561107,300.2770999668707,1993.9833736907144,1.0172649500462658,60.7
4994000,-2683652.1110968385,301.69879988879114,1994.2272794436756,1.0171405325457334,60.7
4996000,-2683694.276830867,299.2471207705188,1997.5381179954272,1.015454663296299,60.7
4998000,-2682661.3083503004,300.6990095507618,1997.7950919291056,1.0153240466077538,60.7
5000000,-2681285.1153678447,300.19275111368285,1999.101131037718,1.0146607220304247,60.7
1002000,-2680507.2246911675,300.38782589702885,1999.4491616741225,1.014484106878816,0
1004000,-2680873.042566709,299.71008200597043,1998.9583315294487,1.0147332063088013,120
1006000,-2681335.1393019333,300.6656187698853,1999.6427252858398,1.0143859057325442,120
1008000,-2682274.07822429,299.73069831323414,1998.9773841967733,1.0147235346765178,122
1010000,-2682296.5115655567,301.20501107525354,1996.5585197696992,1.0159528894071905,122
