#"Step","Potential Energy (kJ/mole)","Temperature (K)","Box Volume (nm^3)","Density (g/mL)","Speed (ns/day)"
2000,-2729625.731166009,299.54091551882266,2074.754327688131,0.9992644308680411,0
4000,-2735691.3102525957,300.2431602672829,2053.2783641724213,1.0097160904356506,63.3
6000,-2737587.6796169,300.12799606627334,2047.1394862375057,1.0127439856376024,62.5
8000,-2738436.2972486354,300.23003472383175,2046.859243212693,1.0128826441403,62.6
10000,-2742167.430341672,299.81768071108024,2043.9489645286496,1.0143248380599308,62.4
12000,-2739682.3462391645,299.91367176771473,2042.542160650211,1.0150234557647058,62.5
14000,-2739797.3295946755,299.9068419753705,2041.189738291308,1.0156959755166106,62.5
16000,-2740377.6704063974,299.52969787172003,2042.0221021954612,1.0152819600822505,62.3
18000,-2739677.090807395,299.07929231588884,2040.6722303005472,1.01595355278733,62.3
20000,-2739876.503951978,300.27680375824775,2045.152247715615,1.0137280511825126,62.2
22000,-2742606.4195997026,299.33263994499964,2038.6950523467165,1.0169388502031327,62.2
24000,-2740954.3592163734,299.8028850189773,2043.4492763201501,1.0145728726781813,62.2
26000,-2742442.910004489,300.7515301617818,2044.8102505564793,1.013897598510215,62.2
28000,-2742785.3781419042,299.43318649002737,2041.5554169256948,1.0155140464275447,62.2
30000,-2743156.3253793903,300.1531011242268,2044.1479211146213,1.014226113987782,62.1
32000,-2743075.8209050503,299.7294640582503,2042.2054850275247,1.015190791351901,62.1
34000,-2740188.1813702025,299.27749615935124,2046.5885596731923,1.0130166088582784,62.1
36000,-2740262.798928799,300.3820851898354,2044.8039123526698,1.0139007412514738,61.9
38000,-2740713.091164928,299.01162216753096,2041.0253723083308,1.0157777706131768,61.8
40000,-2739420.8057898134,300.9679579550031,2043.9716748289566,1.014313568030133,61.8
42000,-2741096.65937718,301.0771487467385,2045.912445025472,1.013351381428482,61.8
44000,-2742116.1899666823,299.64210737081146,2044.1111481980906,1.014244359596523,61.8
46000,-2742237.289690841,300.0764625154541,2043.2316875012468,1.014680917064145,61.7
48000,-2741695.2041532043,300.45615123573623,2043.0788870123251,1.0147568043640491,61.7
50000,-2741426.28461382,299.98686986338544,2041.7240440105684,1.015430174577282,61.6
52000,-2741995.9800947197,300.32472509223953,2043.729150521888,1.014433934124228,61.7
54000,-2742289.0473624673,298.9036435006023,2044.6721736877946,1.013966067092793,61.7
56000,-2741521.8551184796,299.81895657789255,2041.0836094440515,1.0157487879749274,61.6
58000,-2741829.6483605094,301.96831174331186,2042.8844219621058,1.0148534004958711,61.5
60000,-2746741.1236062497,301.3970511010488,2044.9280378816022,1.0138391982712507,61.4
62000,-2744095.635254707,300.12463631299397,2040.3935968541073,1.016092290058547,61.3
64000,-2744574.0906446967,299.4022701402198,2042.6615512669157,1.0149641291100877,61.3
66000,-2740829.8344868533,299.4858664517929,2046.0729196901225,1.013271903702374,61.2
68000,-2741414.128646765,301.5364469650154,2045.6625482124196,1.0134751717774537,61.1
70000,-2739635.1209900416,300.2516215066979,2045.9195483496958,1.0133478631262005,61.1
72000,-2745013.558225177,300.4102247690321,2044.3358351644117,1.014132886968422,61
74000,-2743006.230262896,300.4032377394072,2038.0592098377972,1.017256119174912,61
76000,-2742070.1443588566,301.30987938736337,2042.4976731635986,1.0150455639134652,60.9
78000,-2741338.158918144,300.6078116490347,2043.2457513217212,1.0146739329359522,60.9
80000,-2744652.2323588505,301.2461242653857,2040.3662031382473,1.0161059319937242,60.7
82000,-2743726.187769793,300.4752328522505,2036.9077338855718,1.0178311800571493,60.6
84000,-2744773.944163624,300.4255500287567,2039.210269788351,1.016681915133482,60.6
86000,-2740109.8284896594,299.9405279534502,2045.608413373153,1.0135019923141537,60.5
88000,-2743184.0426282473,300.59081606622067,2043.8801835843315,1.0143589722624966,60.3
90000,-2740704.226125909,300.25777742931734,2046.3142692198053,1.013152394836567,60.1
92000,-2743359.816145327,301.4144159423782,2042.6132214532308,1.0149881439488937,60
94000,-2744167.06441273,300.53615087746033,2044.8771298299391,1.013864438212336,59.9
96000,-2742075.946754772,300.15490586423385,2046.9360289443875,1.0128446483583842,59.8
98000,-2744202.0660607126,298.96010836533367,2044.190721900452,1.0142048783593136,59.7
100000,-2741104.0943516884,301.43072558591325,2046.1278689584728,1.0132446920355995,59.6
102000,-2742988.6530126967,299.5176280676782,2039.6617684730286,1.0164568628456403,59.5
104000,-2740100.6705645677,298.9814788946548,2045.0360338497103,1.013785658605489,59.4
106000,-2741444.178288961,300.7188776383491,2042.9055834138903,1.014842888129819,59.3
108000,-2745984.2914865166,299.7470564805939,2039.027757149006,1.0167729179651281,59.2
110000,-2743844.972663041,300.34472363839535,2042.9448915620371,1.014823361614563,59.1
112000,-2742754.500324974,300.28258833879676,2040.7069848724468,1.0159362504352243,59
114000,-2744000.362532789,300.14268695915774,2042.1440550120985,1.0152213294453425,58.9
116000,-2742062.408001693,301.0009886186108,2040.6864503871245,1.0159464733325336,58.8
118000,-2742532.801956579,301.6245358938029,2038.6814056061467,1.0169456574956435,58.7
120000,-2742340.638338942,299.88373122936497,2044.1142758122492,1.0142428077434502,58.6
122000,-2744974.0251192115,300.1426881647046,2041.6914044973537,1.0154464077585201,58.5
124000,-2742414.6857138947,299.4590390414441,2042.1896921989357,1.0151986421084755,58.5
126000,-2742319.688579781,300.05473924808587,2043.827219620163,1.0143852584728696,58.4
128000,-2743885.356999604,300.7754043584193,2041.4755294105514,1.0155537857693069,58.3
130000,-2744299.617111789,300.8371063721057,2044.4329412836369,1.014084717861457,58.2
132000,-2743958.3041675575,301.4208269402685,2038.2428401230882,1.017164472081788,58.1
134000,-2743175.797153188,300.7927120448116,2040.781089991895,1.0158993596204478,58
136000,-2745601.9123992734,301.5292234524856,2040.1845730793698,1.016196392132816,57.9
138000,-2742865.5381192826,300.1719548242908,2039.593967003758,1.0164906525458777,57.9
140000,-2746037.8818698656,299.05858299000136,2039.8906648374057,1.0163428061050208,57.8
142000,-2743562.148101626,301.12279094215825,2039.2208856542547,1.0166766224459889,57.7
144000,-2741151.6803755816,300.0333361352986,2040.8366042855832,1.0158717253966745,57.7
146000,-2743521.898259882,301.01549888199605,2042.2205636350902,1.015183295754305,57.6
148000,-2744591.486765668,299.1211151672054,2041.2356309164643,1.0156731398606134,57.5
150000,-2744867.7792060245,299.91706339571294,2041.2889220188654,1.015646624093679,57.5
152000,-2743706.1661105826,300.82981371957896,2040.8328105148419,1.0158736138337914,57.5
154000,-2744485.404514054,299.37048063069926,2042.896053890814,1.0148476220802825,57.4
156000,-2743334.449848309,300.66659801703764,2042.2898601191841,1.015148849795149,57.4
158000,-2745469.3259079903,299.64645292825327,2044.1454417471996,1.0142273441542533,57.4
160000,-2740962.542037949,299.326789807434,2043.6045862923434,1.0144957671139736,57.3
162000,-2745253.8305246998,299.844411428837,2041.9574922562772,1.0153140847988247,57.3
164000,-2743087.022438122,301.1141186428901,2041.61525861055,1.0154842807450655,57.2
166000,-2739109.1281609368,301.0486815081329,2043.3097739885318,1.014642140335556,57.2
168000,-2742981.9112950712,299.79519337914206,2041.7261791271103,1.0154291127004322,57.1
170000,-2744068.68985733,300.6205754969918,2043.2619729298374,1.0146658773644572,57.1
172000,-2744240.9257334694,300.4931840825871,2043.5289493134715,1.0145333165672998,57
174000,-2745673.3196024746,300.1494045617369,2041.4059096893245,1.0155884200236316,57
176000,-2743059.0276817065,301.16328537507746,2044.389098678185,1.0141064652461445,56.9
178000,-2744638.3624765165,298.92794777699766,2044.331704443386,1.014134936097744,56.8
180000,-2744946.963054523,300.387363430551,2043.7689231238357,1.0144141928136483,56.7
182000,-2744553.250757359,299.61006359250484,2039.2976923148829,1.0166383310593985,56.7
184000,-2741979.7413595673,301.1188662988771,2040.82488391989,1.0158775595023897,56.6
186000,-2746090.1764541455,300.73581950009054,2039.137797469369,1.0167180486876481,56.5
188000,-2743070.8773268126,300.40955893534516,2041.584846073397,1.0154994079407222,56.5
190000,-2743690.4054672755,300.2163150028458,2044.5488036138142,1.0140272507967427,56.4
192000,-2741136.0693512447,299.7727863925996,2041.5506627673383,1.0155164112547703,56.3
194000,-2744880.6990328543,300.31913381931525,2042.383350628278,1.0151023811521567,56.3
196000,-2746124.044254888,300.4074274299328,2044.2642229740923,1.014168412844429,56.2
198000,-2742108.9392241277,299.2886002031951,2042.9098953618816,1.0148407461118265,56.2
200000,-2745537.599697979,301.1058941510298,2039.7152838475274,1.0164301943835723,56.1
202000,-2743327.908235425,300.32273594528743,2042.062259217297,1.0152619946283783,56.1
204000,-2741119.7425532844,300.51936889057407,2045.5976057631476,1.0135073470008436,56
206000,-2742588.178624576,300.5760175632679,2042.4451349150356,1.015071674145377,55.9
208000,-2746411.95189495,300.0820075928435,2037.219362313539,1.0176754849285614,55.9
210000,-2744298.4653281122,300.24043788506975,2040.4524391344835,1.0160629881320364,55.8
212000,-2742454.670253055,299.90224319467205,2044.6856947820982,1.0139593619396006,55.8
214000,-2744751.6881098542,299.6128648444671,2043.2706275049982,1.0146615795969562,55.8
216000,-2743624.9149194267,298.7288409791346,2041.4128452731895,1.0155849696198214,55.7
218000,-2743628.458772922,300.5937822149766,2044.1124585500988,1.0142437094282173,55.7
220000,-2742094.1065467168,299.38110848853563,2043.283734786843,1.0146550707332707,55.6
222000,-2744237.3669508453,300.18810839123665,2041.8167128275336,1.015384088798672,55.6
224000,-2745617.282117432,300.606052759548,2042.947753893114,1.0148219397669216,55.6
226000,-2743037.0461427756,300.19085569711797,2044.2933153374786,1.0141539802012363,55.5
228000,-2743171.928717181,300.2228369218792,2045.0575847225425,1.0137749753044558,55.5
230000,-2744607.5900981575,300.0332856200077,2040.00333329444,1.0162866739537086,55.4
232000,-2745615.035400685,300.4385404020406,2040.1066436287185,1.016235209528387,55.4
234000,-2742633.8984956387,300.9959001390802,2041.5714381964222,1.0155060771617326,55.4
236000,-2746957.844322253,300.34845807455406,2042.5819639543902,1.0150036762463939,55.3
238000,-2741088.0674797855,300.86297150017185,2041.0959446622885,1.0157426493693384,55.3
240000,-2744324.3872665837,299.42417243774645,2039.7590913069319,1.016408364734832,55.2
242000,-2742733.6778892074,300.5921847349628,2039.8770632294377,1.0163495829332223,55.2
244000,-2742268.140772041,300.2006236280228,2037.4669112146466,1.0175518390197167,55.2
246000,-2742929.377727246,301.7241236980274,2041.578206163504,1.0155027106917727,55.2
248000,-2745216.499562027,301.50964688491615,2043.0246104136554,1.0147837631914354,55.2
250000,-2742491.935380617,299.83331554897234,2041.4491788809346,1.0155668942906386,55.2
252000,-2741681.193928199,300.4406519946273,2043.9318936543411,1.0143333096787122,55.2
254000,-2744683.7414045986,300.17199107664055,2038.1409521890469,1.0172153207664827,55.2
256000,-2743413.306738848,300.1244485219885,2041.841486837665,1.015371768970779,55.2
258000,-2740100.644193623,299.97995671239863,2042.601858743848,1.01499379018644,55.2
260000,-2747018.0952099673,299.7798272062581,2036.3028873893174,1.018133508176826,55.2
262000,-2744662.211439669,300.2284055635147,2042.5843692618778,1.0150024809978748,55.2
264000,-2745744.68204063,299.1435044245144,2038.7682976016174,1.0169023154260375,55.2
266000,-2744701.448931435,300.07677286898587,2041.508099871035,1.0155375835046914,55.2
268000,-2746695.8898923807,300.8617698401076,2040.2793958253003,1.016149164026458,55.2
270000,-2741241.844252147,299.70117113288927,2040.8629282818322,1.0158586222121742,55.2
272000,-2744380.2003383767,300.88899495151026,2039.8509441367926,1.016362596692386,55.2
274000,-2741352.5519237705,299.9072953224363,2039.592454514059,1.01649140633943,55.2
276000,-2743243.4779753815,300.16944232286295,2040.9536333196104,1.0158134749372922,55.2
278000,-2745724.366693273,301.4373025752508,2043.258815994586,1.014667445073086,55.2
280000,-2745461.210958723,299.1712282926791,2043.1089884711018,1.0147418537861372,55.2
282000,-2741310.3179702424,299.92523791947997,2045.4797480223406,1.013565743905689,55.2
284000,-2743905.9490013327,299.4167016555439,2041.5613136036445,1.0155111133002144,55.2
286000,-2741705.027557878,300.7425075432942,2042.398252560568,1.0150949746696396,55.2
288000,-2742019.712942904,299.9057715451064,2044.2611144303974,1.0141699550088832,55.2
290000,-2745149.9886850454,300.4077283028076,2041.6000920239567,1.0154918245487412,55.2
292000,-2743209.393851705,300.9345944374244,2042.5043354090128,1.015042253035473,55.2
294000,-2744296.623639619,298.8058036396238,2040.8279534406872,1.0158760315650193,55.2
296000,-2745686.7569392677,299.60118190781844,2038.611350650447,1.016980603873707,55.1
298000,-2744819.5793932434,300.0944029078429,2040.200847634354,1.0161882859975415,55.2
300000,-2747221.327552354,300.6978061949945,2040.7393899925817,1.0159201182742994,55.2
302000,-2746681.157868311,301.0005867898652,2039.5649252429657,1.0165051265535512,55.2
304000,-2745429.025606144,300.28786386886975,2040.346448416946,1.0161157699746786,55.2
306000,-2745780.7248748206,300.519340467962,2042.0604284976378,1.0152629048169637,55.2
308000,-2740868.241149964,300.5411606641471,2045.7503370042853,1.013431680761318,55.2
310000,-2744815.30495473,300.4803227385781,2042.1091937226693,1.0152386605090826,55.2
312000,-2742271.697113836,300.87666084424063,2039.4968559258166,1.016539052965177,55.2
314000,-2743694.4835579097,299.4051304954153,2043.1756026335052,1.0147087699050659,55.2
316000,-2744305.4858200233,300.43498958574474,2040.1572225698121,1.016210015342257,55.2
318000,-2742891.862382509,300.90714266841866,2038.3603364652533,1.0171058401006257,55.2
320000,-2744851.370682586,300.88657055816356,2039.8571485384216,1.0163595053378,55.2
322000,-2745941.5015448723,300.27920654852903,2041.1024480283525,1.0157394130073998,55.2
324000,-2746521.672913622,300.46118863140305,2040.6029086157378,1.0159880659263978,55.2
326000,-2743147.9519040715,300.47129538633067,2043.2745025417728,1.0146596553078164,55.2
328000,-2744442.4259632304,300.3551231978549,2045.1480257505234,1.0137301439036213,55.2
330000,-2743141.311041236,301.6044163385188,2041.8850962215677,1.01535008325626,55.2
332000,-2744781.7934928983,300.43459868178604,2039.4087234367428,1.0165829824217634,55.2
334000,-2747353.99459639,299.5567103016471,2038.9812288780922,1.0167961200844584,55.2
336000,-2743653.5793034285,300.048485844672,2042.580673775328,1.0150043173650085,55.2
338000,-2744506.9936095253,300.11580562563853,2038.5972850950777,1.016987620657796,55.2
340000,-2742179.1960748862,302.12884729588563,2041.9403931912018,1.0153225869674805,55.2
342000,-2744490.7448163945,300.2855693364962,2042.8247258844533,1.0148830568665987,55.2
344000,-2744514.2691730596,300.3722776133795,2042.2696636757387,1.0151588888202094,55.2
346000,-2745497.5484507587,299.38938734252116,2042.7943498187592,1.0148981480354233,55.2
348000,-2741762.00153503,300.2790529096226,2045.2000319063932,1.0137043663723035,55.2
350000,-2742622.252695091,300.17275562454233,2038.6388331388791,1.0169668941585643,55.2
352000,-2745018.6317826714,299.63961449117215,2040.3039305429686,1.0161369448014324,55.2
354000,-2744354.876114771,299.632817011074,2041.9708511928866,1.0153074424334405,55.2
356000,-2745273.984619137,299.85412763495174,2039.4845604089408,1.016545181412199,55.2
358000,-2742402.9250333644,300.11847719214643,2044.8169415620553,1.0138942808565183,55.2
360000,-2744496.251988409,300.44338904175135,2042.4722015120517,1.015058222537112,55.2
362000,-2743800.3860816956,300.5621066924305,2041.862836013772,1.015361152512941,55.2
364000,-2742835.574281214,301.1767313516214,2040.7034397797943,1.0159380153110344,55.2
366000,-2743781.445622973,301.4522327222431,2039.2780690926652,1.016648113795842,55.2
368000,-2744228.969807958,300.48636051200265,2036.9885804496216,1.0177907830934747,55.2
370000,-2741971.2659407407,300.3704110388875,2041.6329996467314,1.015475456561988,55.2
372000,-2743595.4791666046,300.2978918050221,2040.3995457035358,1.0160893276093288,55.2
374000,-2744412.225831786,300.4114697654222,2042.7743455313318,1.0149080866340292,55.2
376000,-2745496.1243577152,300.41389248262675,2043.0983091629807,1.0147471578583258,55.2
378000,-2745865.708539536,299.6309595010995,2039.4593008476766,1.016557771751843,55.2
380000,-2744577.8598264623,301.3262013804079,2040.1836525227473,1.0161968506534584,55.2
382000,-2745705.5486252215,300.73226802094194,2039.1459856910728,1.016713966040868,55.2
384000,-2744498.9475201573,299.25667824573065,2038.749234943913,1.0169118236384382,55.2
386000,-2746587.3358965423,301.24843710464546,2039.4249230267649,1.0165749074848767,55.2
388000,-2743833.133417651,299.2531179303356,2043.766158409406,1.0144155650672917,55.2
390000,-2743042.4923747517,299.5912830572839,2041.3196709090294,1.0156313251638078,55.2
392000,-2741136.7597379964,300.96938923683507,2043.376462152709,1.0146090262115126,55.2
394000,-2745913.1883085277,300.9695198102437,2038.76912983998,1.016901900320126,55.2
396000,-2744559.3016850054,300.39492141979605,2039.908891783329,1.016333724902698,55.2
398000,-2746221.384654643,300.00885552108656,2035.3875878700335,1.0185913556728774,55.2
400000,-2743061.0433613677,300.72755751656496,2041.817812848356,1.0153835417647337,55.2
402000,-2746715.706273632,299.4985777680728,2038.9894673958474,1.0167920117293037,55.2
404000,-2743170.409836637,300.66992632592047,2043.6710104006875,1.0144627936185302,55.2
406000,-2742011.9621919096,300.6269678585423,2044.2132607749618,1.0141936960443765,55.2
408000,-2743836.823599195,300.0380607942419,2043.007270284869,1.0147923762205713,55.2
410000,-2744185.823742876,301.34190035984284,2042.6910830820566,1.0149494554605651,55.2
412000,-2743647.798544904,300.5449391284034,2041.1789468501736,1.0157013453659065,55.2
414000,-2745695.3492303975,301.1674785666203,2037.294566325884,1.0176379187950249,55.2
416000,-2743479.101022234,299.1378661950999,2043.9437528536293,1.0143274243989204,55.2
418000,-2744319.7434242424,299.7630974558418,2040.8932956706428,1.0158435067851097,55.2
420000,-2743724.304349508,301.187592318839,2040.7752084142965,1.0159022874739865,55.2
422000,-2743975.912456453,300.39858577384234,2041.7696664035843,1.0154074852625825,55.2
424000,-2746710.6516058967,300.4455498239448,2039.5300703006335,1.016522498313881,55.2
426000,-2744504.280072937,299.9547467711016,2040.673155277996,1.0159530922853024,55.2
428000,-2744440.620960232,299.5117317154393,2041.9213860996438,1.0153320380313182,55.2
430000,-2745598.0646040626,300.5772412864501,2042.1160927454114,1.0152352306577475,55.2
432000,-2744170.783079561,299.9683444809409,2041.784692708822,1.015400012475237,55.2
434000,-2743132.5874565914,300.38358625777784,2036.2802699213785,1.0181448168371898,55.2
436000,-2746531.178641703,300.2146954270012,2042.5618583261203,1.015013667271402,55.2
438000,-2745148.1745444853,299.64692000456756,2037.6756198972375,1.0174476163938406,55.2
440000,-2744019.585456785,300.5842891233985,2041.6564471735135,1.015463794272773,55.2
442000,-2743033.0690279305,301.06557644312363,2043.0864288384837,1.0147530585022473,55.2
444000,-2743281.3279657234,300.8983201642891,2043.7147341468037,1.014441089946833,55.2
446000,-2744788.50481762,300.7885366731244,2041.552768222353,1.0155153639518772,55.2
448000,-2742018.2236602996,300.81840455262045,2038.514465500717,1.01702893824648,55.2
450000,-2742919.1386214867,300.3461852870434,2042.0185942551284,1.015283704213546,55.2
452000,-2741186.781580234,299.45744964728055,2041.9231098376686,1.0153311809145966,55.2
454000,-2740729.655597005,300.713263103364,2045.830748005515,1.0133918480155215,55.2
456000,-2742015.690064974,300.2625761533496,2042.89060397614,1.0148503294366806,55.2
458000,-2745014.979873229,300.2829241416264,2039.5843636654756,1.0164954386698406,55.2
460000,-2744710.5819842108,301.1212632495993,2043.3545979638468,1.0146198826744055,55.2
462000,-2740718.274798369,300.2425090258625,2044.1820658327104,1.0142091729993448,55.2
464000,-2745638.937768521,300.9767249346519,2043.9460265009013,1.0143262960800943,55.2
466000,-2743341.9775049295,301.4145757206362,2044.1095835308386,1.01424513595164,55.2
468000,-2745053.1167032886,300.1362859796516,2043.5272186722427,1.0145341757646569,55.2
470000,-2743684.1998928636,299.3713122718817,2040.2630539694405,1.0161573030569315,55.2
472000,-2744270.126969874,299.3431038433898,2039.9678409762985,1.0163043557863487,55.2
474000,-2746108.219101602,300.25072836695296,2039.1963173655,1.0166888713916238,55.3
476000,-2746939.204787098,299.37000301919073,2035.6676309885102,1.0184512299002053,55.3
478000,-2747990.983355297,299.48213030662066,2033.3535361023596,1.0196102968017848,55.3
480000,-2745028.6174134407,300.4661094496993,2042.4443388597724,1.0150720697758149,55.3
482000,-2745922.1032779366,300.4001584638999,2041.784710184923,1.0154000037841966,55.3
484000,-2746088.9547521286,299.2227831067103,2042.2675641425933,1.0151599324443517,55.3
486000,-2743573.1118096914,299.3124300652723,2041.0443294236431,1.0157683361212102,55.3
488000,-2742844.5578416493,299.4534132175551,2041.835335901398,1.0153748277321435,55.3
490000,-2743824.449853208,300.5451624411185,2039.109165794378,1.0167323246966113,55.3
492000,-2742180.2771772537,301.46082847394024,2041.7538937963852,1.0154153293144343,55.3
494000,-2745038.479976153,300.3791241261295,2040.0153901669892,1.0162806675093647,55.3
496000,-2744105.5671388637,299.9253035434423,2042.5819393787772,1.0150036884585543,55.3
498000,-2745789.5865294263,300.3440453601133,2041.0481978540158,1.015766410919695,55.3
500000,-2742846.900234103,300.58071714830436,2039.9863780325727,1.0162951207780966,55.3
502000,-2743468.118497759,300.4776297265209,2042.0162917628702,1.0152848490050341,55.3
504000,-2743177.8733264506,301.0519554088619,2043.448310383768,1.0145733522659668,55.3
506000,-2741056.791432414,299.672611569382,2043.57291992278,1.0145114873251628,55.3
508000,-2744109.0246315934,302.3260649190921,2039.6545250818676,1.0164604725719764,55.3
510000,-2746784.1273639314,300.361377152362,2042.5463701742422,1.0150213638828802,55.3
512000,-2744188.1628552377,301.2980132080287,2038.8046263135877,1.0168841956165953,55.3
514000,-2746010.2223405875,299.6427368332727,2039.703107982309,1.0164362618926142,55.3
516000,-2746314.8364989515,300.31463744174454,2041.5360768685139,1.015523666683561,55.3
518000,-2744084.96317799,299.82105426432895,2041.6111741245522,1.0154863123421582,55.3
520000,-2745654.001010496,300.27551444276105,2042.227562793206,1.0151798165003116,55.3
522000,-2745573.251759166,299.88404737276375,2040.8567596453245,1.0158616927180069,55.3
524000,-2745257.2359198052,299.97668258264355,2039.5720989864906,1.0165015512217095,55.3
526000,-2746467.8557592425,301.15810072744455,2042.4730602704644,1.0150577957555769,55.3
528000,-2746870.2191814072,299.7439846202821,2044.1168564308434,1.0142415273010723,55.3
530000,-2742349.3028696366,300.8169449316118,2041.4293996663805,1.0155767340213193,55.3
532000,-2744189.6629149467,299.750292280707,2042.5558876451705,1.015016634300507,55.3
534000,-2744324.334573837,299.96012671384443,2040.7442915026802,1.0159176782122399,55.3
536000,-2741559.0692848526,300.618804275835,2039.0551298305163,1.0167592686033013,55.3
538000,-2745889.1243768577,300.3435066224324,2042.3104002247046,1.0151386401499882,55.3
540000,-2743359.1619719453,299.81726368892697,2039.4884980894994,1.0165432187484225,55.3
542000,-2743637.215755921,300.74955922932634,2038.6522247124656,1.01696021386909,55.3
544000,-2743757.383082697,300.6701283808223,2040.171735585022,1.0162027864060104,55.3
546000,-2741709.9400957283,298.08539025184814,2040.786113735427,1.015896858810685,55.3
548000,-2743939.940283943,299.3643730061234,2040.3899604470723,1.0160941009502018,55.3
550000,-2744939.8116768654,300.2055227561218,2042.4684423106544,1.0150600907707696,55.3
552000,-2743146.4069009144,299.78906826791706,2040.343693850133,1.0161171417821766,55.3
554000,-2745372.0592980403,300.09741020967516,2041.8129795852833,1.0153859453226628,55.3
556000,-2744950.6934221443,301.61054958914724,2039.1149208934014,1.0167294551206256,55.3
558000,-2744295.19317233,300.61999563741716,2044.9881560039414,1.0138093936443755,55.3
560000,-2745793.162549356,300.1489949541098,2041.0491177188612,1.0157659531316856,55.3
562000,-2744388.742656447,299.3916427676875,2039.8516406296771,1.016362249662581,55.3
564000,-2744022.923285585,300.38680938944464,2039.2576132443412,1.0166583118205939,55.3
566000,-2747173.009179959,300.9498628264436,2037.14929502336,1.017710487647157,55.3
568000,-2747646.7011424713,301.0786245291495,2035.2835552762972,1.0186434205069952,55.4
570000,-2742911.2418895103,299.69661104183047,2040.563082570178,1.0160078951526281,55.4
572000,-2744547.9199898466,299.9444627521556,2042.1855185030097,1.0152007169103967,55.4
574000,-2744795.6938805245,300.4074255971246,2042.0771428580836,1.0152545949104563,55.4
576000,-2743038.7928650025,300.6866143880588,2041.1917725709725,1.0156949632600967,55.4
578000,-2744494.8439627625,300.8074315017404,2036.7041636018894,1.017932913134426,55.4
580000,-2745375.1267707758,300.34210267218884,2040.5346860115667,1.01602203415646,55.4
582000,-2745022.1668567862,301.4335207024236,2042.8516461376348,1.0148696829591533,55.4
584000,-2745147.165644396,300.3551090393464,2040.117188648797,1.016229956780776,55.4
586000,-2741397.2826346457,300.8030811936338,2041.9402978885132,1.0153226343552384,55.4
588000,-2743135.3896479495,300.00804963571113,2041.047242457822,1.015766886390984,55.4
590000,-2741916.2368155606,300.6495994512076,2043.9223152671566,1.0143380631260923,55.4
592000,-2745468.632482607,300.8053813921912,2042.0584255161789,1.01526390065173,55.4
594000,-2743620.0645061824,300.2081189129957,2040.829231234382,1.0158753955098474,55.4
596000,-2746018.191240508,300.83172169442855,2041.6067579668547,1.0154885089197694,55.4
598000,-2741713.2282944955,299.1876282805994,2045.9198667031867,1.0133477054451325,55.4
600000,-2744984.7557218745,300.43897947680864,2039.467609294069,1.016553630467268,55.4
602000,-2742974.009994289,300.40125128131103,2041.4933696976716,1.0155449110056691,55.4
604000,-2742123.2318680175,300.63423478462795,2042.7955744039152,1.014897539639154,55.4
606000,-2744502.368505018,300.40079384930834,2040.945878009859,1.0158173348868542,55.4
608000,-2745315.4103930853,299.3554261077195,2040.4799574595033,1.0160492853012657,55.4
610000,-2745872.6722188387,301.29907451732265,2040.5396837996088,1.0160195456663743,55.4
612000,-2744696.854631791,300.75941510134794,2040.6999921280496,1.0159397316831051,55.4
614000,-2741761.592796106,299.5214154351682,2042.6133276558578,1.0149880911761022,55.4
616000,-2743805.9061266948,299.18295989266824,2041.259332189071,1.015661346775047,55.4
618000,-2745437.997068852,299.1980480920714,2044.6774976193813,1.0139634269277897,55.4
620000,-2742356.299933063,300.71293379709005,2040.174295495196,1.0162015113248284,55.4
622000,-2747868.4720249474,299.70185870790914,2038.9966065760584,1.016788451614792,55.4
624000,-2745447.1746287383,301.0848922601008,2041.5943496615457,1.015494680807666,55.4
626000,-2742669.0563750304,300.2006897575511,2040.911156405721,1.015834616779438,55.4
628000,-2743722.4262056556,300.5301105712939,2042.3341792802469,1.0151268208119233,55.4
630000,-2744569.387733314,300.42385425955587,2044.592913388674,1.0140053743080581,55.4
632000,-2744620.582994571,300.3650339849003,2041.2250880879567,1.0156783857630842,55.4
634000,-2745916.7547317483,299.6251097490109,2040.6567159738788,1.015961276690706,55.4
636000,-2743318.98902002,300.1470513721485,2040.056405248211,1.0162602353124832,55.4
638000,-2744300.792387141,299.75585190042034,2042.3750319493577,1.0151065157066084,55.4
640000,-2744835.1402469,300.26191542679265,2038.2231473574327,1.0171742996522422,55.4
642000,-2744830.4914813414,299.60669700094064,2039.4477030037058,1.0165635526691015,55.4
644000,-2740932.4670850523,299.78925154774777,2045.8795490441169,1.0133676752460556,55.4
646000,-2741578.874864131,299.6393538691061,2045.4199769336626,1.013595362237691,55.4
648000,-2743899.960807724,300.5797917255107,2041.7760201765523,1.0154043254308638,55.4
650000,-2744354.957924634,301.2544889860682,2041.985842282969,1.0152999886279264,55.4
652000,-2742929.8964710664,300.24380814037625,2038.7612038386299,1.016905853684463,55.4
654000,-2744900.8260444645,299.4406935957458,2040.7784629080081,1.0159006673826017,55.4
656000,-2746763.764240939,300.512979813807,2038.4158557685037,1.0170781377025038,55.4
658000,-2745867.7967892643,301.6474452544244,2041.113457554322,1.01573393422845,55.4
660000,-2744563.3855061308,300.28262335369146,2042.0044129091345,1.0152907551725943,55.4
662000,-2743505.515781626,300.76049721629266,2040.9568139762991,1.0158118918788455,55.4
664000,-2740944.1132088173,300.848319385283,2045.897922205397,1.0133585747100362,55.4
666000,-2740461.5805085264,299.7716212915138,2043.0283701359203,1.0147818957160915,55.4
668000,-2744295.2987023275,300.3285274483216,2045.0355518252745,1.0137858975595058,55.4
670000,-2743322.078006031,300.78679987947356,2040.8415087154312,1.0158692841137082,55.4
672000,-2744436.7670944836,299.9318544526723,2039.48317953821,1.0165458696833756,55.4
674000,-2743854.9580255505,300.243184487678,2041.2543782191053,1.0156638117083063,55.4
676000,-2745858.5663404483,300.97461551973146,2042.1684844902381,1.015209184841475,55.4
678000,-2745190.3708079383,299.7642547762892,2040.7208218766198,1.0159293619309337,55.4
680000,-2746603.8191054966,301.16207991444173,2039.4746361171522,1.0165501280248304,55.4
682000,-2743878.048641652,300.9517802029528,2039.6096690995003,1.0164828270124981,55.4
684000,-2744147.6463495158,301.82911661197596,2042.3459357042625,1.0151209774035532,55.4
686000,-2744546.794160152,300.50969586314653,2038.826924616256,1.0168730741274197,55.4
688000,-2743675.1226336453,300.1433211713323,2038.407062708646,1.0170825250641395,55.4
690000,-2745657.8041301537,301.047516520781,2035.4158916810356,1.0185771914829755,55.4
692000,-2744627.4781596046,299.78233671455723,2044.0327452265944,1.0142832629711394,55.4
694000,-2747489.7615592517,300.44183243456115,2037.5896685440766,1.0174905352409218,55.4
696000,-2745056.6488844883,300.5872919180666,2038.5556932513052,1.0170083698531094,55.4
698000,-2744575.136873899,300.12964222153346,2044.3495472565007,1.0141260848618279,55.4
700000,-2744673.9068941697,299.69467954741464,2038.4155462045142,1.0170782921610815,55.4
702000,-2743498.7630459554,301.48900529083755,2040.7624045188818,1.0159086613206487,55.4
704000,-2744149.7678623926,300.50211595554435,2040.8381601123772,1.0158709509499395,55.4
706000,-2744438.3662900887,299.9228503682866,2038.7413594966654,1.0169157518637548,55.4
708000,-2743752.421386609,300.4815788424737,2037.6933789704035,1.0174387490505745,55.4
710000,-2742499.957831396,302.1583826621361,2041.192232062396,1.0156947346176801,55.4
712000,-2742298.2150962166,299.60453477979814,2042.8831738213653,1.0148540205410561,55.4
714000,-2745964.428651545,300.3705047791471,2040.9301008037517,1.0158251875612077,55.4
716000,-2749052.0565560777,300.8604991147119,2042.1550234798194,1.0152158766651895,55.4
718000,-2746178.386051191,300.30192740814357,2039.2251130347865,1.0166745148420104,55.4
720000,-2745206.714860266,300.11891620830056,2040.6992640339522,1.0159400941567607,55.4
722000,-2745985.2207375225,299.8835360522322,2040.1159322419257,1.0162305826267295,55.5
724000,-2744431.060318649,299.2036544311596,2037.7734747111149,1.017398758094148,55.5
726000,-2742144.793928489,299.9145098662356,2040.196116844856,1.0161906423263434,55.5
728000,-2742018.030750841,300.2451168320888,2040.4866415473005,1.0160459569959042,55.5
730000,-2743616.8844549824,300.0011851667215,2042.8679904080216,1.01486156334272,55.5
732000,-2741266.3815170135,300.75135888978855,2039.0354839323263,1.016769064974788,55.5
734000,-2744365.6309763473,300.9066821125302,2039.4263908793534,1.0165741758173275,55.5
736000,-2748008.2347443234,300.5950474157534,2040.2009850746488,1.016188217540944,55.5
738000,-2745906.5066636577,300.0974626701827,2041.4101625334717,1.015586304261034,55.5
740000,-2742544.63287374,299.40553929366865,2042.525172947572,1.0150318977251116,55.5
742000,-2743445.6232571695,300.80618834252954,2038.6192355377173,1.0169766704381356,55.5
744000,-2747630.6846777536,300.5515184980148,2040.884354304298,1.0158479573209396,55.5
746000,-2744290.2152686864,299.2607049734696,2041.3082744661474,1.0156369953433348,55.5
748000,-2744016.2327641826,299.84010038610813,2040.2114410677773,1.0161830096214088,55.5
750000,-2744933.2492754105,300.7839130974558,2041.6325608467082,1.0154756748141172,55.5
752000,-2744081.624023635,299.3165466429882,2041.1249517446265,1.015728214324272,55.5
754000,-2741092.2525897585,300.60620137623533,2040.3929769313318,1.0160925987729759,55.5
756000,-2746898.454362089,300.29186137247586,2039.7643588703174,1.0164057399240476,55.5
758000,-2744203.5404065754,298.4543964940872,2041.8834705096237,1.0153508916602565,55.5
760000,-2744278.4182877652,300.3386401530787,2038.974986191308,1.0167992331877305,55.5
762000,-2745244.480354633,299.5511156894537,2042.3420422657775,1.0151229125892365,55.5
764000,-2744104.2449217103,300.5602207732461,2041.188349113211,1.0156966667720762,55.5
766000,-2746844.6403594073,299.62754786175657,2042.3097469622562,1.0151389648568332,55.5
768000,-2744211.2436195463,300.25844812144834,2042.4800682944326,1.0150543129556848,55.5
770000,-2743919.71324531,299.0877054063435,2046.906437558979,1.0128592906868261,55.5
772000,-2745479.3648538627,299.573982302139,2039.6896864987655,1.016442950205377,55.5
774000,-2745512.485563606,300.2850697872041,2038.3099409414724,1.017130987199466,55.5
776000,-2744923.05005558,300.1851369211162,2042.431914984002,1.015078244341146,55.5
778000,-2744302.5165023413,299.7598026328056,2038.868127901534,1.016852524239572,55.5
780000,-2743620.8156934585,299.69999486460944,2041.4866368099945,1.0155482603049952,55.5
782000,-2746134.5882706493,299.51768722974566,2041.8181138735172,1.0153833920667794,55.5
784000,-2743088.2492212355,299.91199130166945,2044.4606370181027,1.0140709803403898,55.5
786000,-2746974.6214478184,300.2608418026949,2037.5365726749405,1.01751704987876,55.5
788000,-2745321.4455370232,301.24001728797265,2040.1263541660016,1.016225391243385,55.5
790000,-2744410.4269911535,299.74144246776865,2042.393311728216,1.015097430325003,55.5
792000,-2745044.6450018957,299.78369254645344,2039.5495820003916,1.016512773577616,55.5
794000,-2743129.7188337576,300.53204100722854,2042.1690599781916,1.0152088987531842,55.5
796000,-2740621.7768842243,300.1682239361607,2044.8504951259881,1.0138776440575668,55.5
798000,-2743511.831035856,300.2939496717306,2038.6197177559663,1.0169764298809074,55.5
800000,-2743013.2682141997,298.96856670085134,2042.17406177272,1.0152064122529343,55.5
802000,-2742305.1053006817,300.34508124388805,2040.6425277380054,1.0159683404944033,55.5
804000,-2745254.1577006467,300.54725095619847,2037.2058526946444,1.0176822335877318,55.5
806000,-2745985.923866274,300.6435290582202,2038.5691721242863,1.0170016454667972,55.5
808000,-2745700.8098049667,300.6075783982887,2042.056992791411,1.015264612969624,55.5
810000,-2748796.6617395654,299.93007776395984,2037.8122257220925,1.0173794112524983,55.5
812000,-2743112.109401282,299.4896060496422,2041.1122448516403,1.0157345377147446,55.5
814000,-2745491.1724211555,300.87560989823294,2041.3339657072836,1.0156242130277549,55.5
816000,-2743964.570906995,299.61662609572426,2042.8998884192936,1.014845717208619,55.5
818000,-2748178.1706978437,300.010029359659,2038.323417144283,1.0171242625240033,55.5
820000,-2746730.7760906406,300.4368256733342,2039.9784845628246,1.0162990532189788,55.5
822000,-2742994.795174448,300.07978398210355,2045.1519158621084,1.0137282156735734,55.5
824000,-2745240.376936989,299.27180112650746,2041.8498792844473,1.0153675955721262,55.5
826000,-2742609.1586650256,299.75617217526093,2043.204457888721,1.0146944396306714,55.5
828000,-2744850.5874136947,300.6202262540669,2043.0500699766476,1.0147711174166096,55.5
830000,-2747722.4352134056,299.13841799010504,2037.4595389303079,1.0175555208996967,55.5
832000,-2746804.0239550397,299.09092576659117,2041.5043885911048,1.0155394296649414,55.5
834000,-2746293.620402148,300.59758177693413,2042.202091237322,1.0151924784251716,55.5
836000,-2744906.3960366677,299.91821329788206,2043.0806106412438,1.014755948272437,55.5
838000,-2744817.8917567693,300.2411349819496,2040.696105749053,1.0159416664772294,55.5
840000,-2744003.852696562,299.6132709148646,2041.1383779748517,1.015721533052194,55.5
842000,-2743657.34699497,300.2552296344817,2040.7901975429197,1.0158948259083274,55.5
844000,-2744858.3824344836,298.29010935156015,2038.387084950972,1.0170924932533858,55.5
846000,-2742040.519138783,300.81478869361035,2038.502753551352,1.0170347814524345,55.5
848000,-2744165.2840417866,299.1744838107046,2042.2877334407963,1.0151499068916023,55.5
850000,-2745636.5277847685,300.40312216045686,2043.3844782495298,1.0146050459501978,55.5
852000,-2746048.9993953053,300.1065286101345,2042.914444216799,1.0148384864169424,55.5
854000,-2744741.764614133,299.95987962490494,2041.5088086523033,1.0155372309252593,55.5
856000,-2742420.500405345,300.4579289186233,2041.881819580055,1.0153517126053246,55.5
858000,-2744283.2429083493,300.47341753372984,2039.5578999124104,1.0165086279420266,55.5
860000,-2742653.444830455,300.9541786970698,2039.8840267483738,1.0163461134371756,55.5
862000,-2744643.1500373464,300.6902322813738,2040.3734156647938,1.0161023401556069,55.5
864000,-2744414.5227243267,300.46042946168507,2040.43589539408,1.0160712263140577,55.5
866000,-2745219.1738512367,300.3938248405092,2043.1488191336532,1.0147220716537853,55.5
868000,-2748767.6476401016,300.07268061990413,2040.1109832512939,1.0162330478434134,55.5
870000,-2746237.455151409,300.12614288246414,2041.6554652014902,1.015464282678899,55.5
872000,-2742986.1957823187,300.2283746673958,2039.9525455365197,1.0163119759744283,55.5
874000,-2743973.082801709,300.23293128206893,2040.6405916674032,1.0159693044007592,55.5
876000,-2744756.28349681,299.9575130113552,2043.8168512946881,1.014390404470423,55.5
878000,-2744608.5574487243,299.9300767494733,2043.1127610002925,1.0147399801043033,55.5
880000,-2742024.681434663,299.488650636506,2041.8104271247053,1.0153872146533325,55.5
882000,-2743203.138944825,301.3407745099166,2041.419811183671,1.0155815041523335,55.5
884000,-2742309.171504805,299.131704055357,2039.279963189081,1.0166471695265005,55.5
886000,-2743874.405823374,299.8675313096943,2043.042575847877,1.0147748397205483,55.5
888000,-2743978.4701183923,299.2149479407848,2038.2169199757786,1.0171774074336124,55.5
890000,-2747247.8335772287,300.5118783527164,2040.7510171902836,1.015914330060076,55.5
892000,-2741806.103859095,300.7028063589975,2045.6573517334025,1.013477746256733,55.5
894000,-2745305.6164286453,299.67879104352016,2038.8659918788146,1.0168535895474944,55.5
896000,-2745531.6658905074,300.5880502584803,2043.4040363915956,1.014595334806794,55.5
898000,-2746913.5153718386,299.92421401390055,2036.3751417869403,1.0180973828962605,55.5
900000,-2745590.898228621,299.1300825477717,2039.8338331346133,1.016371122378314,55.5
902000,-2742580.5000082236,300.63097977075864,2045.1336490404103,1.013737270139317,55.5
904000,-2743385.0907890443,299.0684016784979,2040.9447395985433,1.0158179014959965,55.5
906000,-2746003.5503756627,300.7618559731095,2039.0508588075227,1.016761398320761,55.5
908000,-2743782.6805110816,299.53925987506295,2041.1868480493258,1.0156974137030035,55.5
910000,-2746602.389144972,300.26013670878837,2039.3004209709468,1.0166369707613678,55.5
912000,-2743119.2659374624,300.5627238427839,2039.3866750647912,1.0165939729808322,55.5
914000,-2745120.0790629927,302.03305613137695,2040.108926363524,1.016234072434454,55.5
916000,-2744380.18527849,300.3485963299043,2043.112926059578,1.0147398981253515,55.5
918000,-2740534.127330547,301.02253044050167,2038.9937680973017,1.0167898670837674,55.5
920000,-2746057.2338653747,300.23344043282634,2037.9043097999806,1.0173334402790344,55.5
922000,-2744634.9020045884,301.3540552791413,2041.5738912218292,1.015504856994185,55.5
924000,-2744475.8929533344,301.7514113046397,2043.9594976371259,1.0143196109536392,55.5
926000,-2743563.0361122023,299.950174832642,2038.4065556373794,1.0170827780722171,55.5
928000,-2744361.001724232,300.0545622189941,2043.205761831838,1.0146937920679762,55.4
930000,-2742876.44406162,300.2726773050973,2042.5433324157311,1.0150228734664166,55.4
932000,-2748191.0502063334,299.278926096104,2042.4761857729409,1.0150562424617484,55.4
934000,-2741895.0438215863,300.8910236609082,2039.298871165336,1.0166377433747908,55.4
936000,-2743228.005465217,300.834120984928,2040.5627985497733,1.016008036568013,55.4
938000,-2744557.645627711,299.48001693765315,2046.3681096038583,1.0131257385796668,55.4
940000,-2740491.757297866,300.3426452779071,2045.3239907283373,1.013642929847027,55.4
942000,-2744623.3299460392,300.7513427374171,2042.8889215556073,1.0148511652163523,55.4
944000,-2743988.8247433975,301.05427159209233,2044.103652301658,1.0142480789141164,55.4
946000,-2741280.6528863553,299.87990260403535,2041.029077824988,1.0157759264545168,55.4
948000,-2741992.8699605875,300.39933356008856,2041.9006005228778,1.0153423736284641,55.4
950000,-2745520.2335248087,300.14331812061954,2041.27439020329,1.0156538544736327,55.4
952000,-2746285.873655731,299.4243708449632,2041.3276780769968,1.015627341320008,55.4
954000,-2743953.6325103957,300.1006204424423,2041.864579378287,1.0153602855873762,55.4
956000,-2744529.6538938675,300.21071515555104,2041.8152428219903,1.0153848198247746,55.4
958000,-2747173.763370786,300.7837790356327,2040.4391179898494,1.0160696215679,55.4
960000,-2741755.744842574,299.8596439941254,2040.5279789267686,1.0160253737558238,55.4
962000,-2746229.7152918763,300.3676647448879,2039.56808842112,1.016503550049767,55.4
964000,-2743676.3501742464,300.21118283616363,2040.5967075408928,1.0159911533654864,55.4
966000,-2744023.666105056,299.97389398887134,2041.2177487871863,1.0156820376856504,55.4
968000,-2746300.944486132,299.9106851897868,2040.4329257906102,1.016072705082902,55.4
970000,-2744444.6594481654,298.8371220935607,2039.3068669790237,1.0166337572920117,55.4
972000,-2743862.9911231007,300.67281367722717,2045.2946634072996,1.0136574643941283,55.4
974000,-2745330.231220402,299.2324002309885,2042.1342511122584,1.0152262033307022,55.4
976000,-2745546.394624982,301.17967846128954,2037.6611186312375,1.0174548571849569,55.4
978000,-2743487.3568547014,300.5424422804377,2041.602333916157,1.0154907094328522,55.4
980000,-2746793.127773568,300.62353948348874,2040.5297531183453,1.016024490346181,55.4
982000,-2746959.2783666924,298.8872573511378,2037.575786790138,1.0174974672791495,55.4
984000,-2746692.7546089496,301.01306157876684,2038.6278070514084,1.016972394508305,55.4
986000,-2743820.014125958,300.2260599333542,2041.5208437018694,1.0155312441919142,55.4
988000,-2746068.437358424,301.0863417192987,2038.7263344102264,1.0169232463699154,55.4
990000,-2745953.7221021727,301.0341027345124,2040.0649631880565,1.0162559721668882,55.4
992000,-2743867.5924629048,300.0434344352564,2041.1805950332168,1.0157005252220455,55.4
994000,-2743925.4573471975,299.25891033553484,2039.1497845368185,1.0167120719477738,55.4
996000,-2743191.4233247545,300.1442405846908,2043.228566432863,1.0146824670074952,55.4
998000,-2746505.152118925,300.4263285522048,2040.4304442715354,1.0160739408044166,55.4
1000000,-2742582.2883171234,300.4253846668073,2043.8718541132366,1.014363106119383,55.4
1002000,-2741507.7253752537,301.0594023465275,2043.7993974031833,1.0143990672873737,0
1004000,-2742397.2347348966,300.0905588719022,2043.362922903207,1.0146157489745609,35.7
1006000,-2746097.842949562,299.1008480613155,2041.053192867562,1.0157639250623933,35.4
1008000,-2742111.0124644022,300.52776496748106,2043.9543454877362,1.0143221677260914,35.5
1010000,-2744074.1485462263,301.3411287840128,2043.7488539965707,1.014424154119557,35.6
1012000,-2742676.142797524,300.34228437484563,2042.8906641382762,1.014850299549832,35.6
1014000,-2746944.8465263993,299.46852120622907,2038.0742507500138,1.0172486118625634,35.6
1016000,-2745504.418750217,300.9595143022438,2042.8675235887629,1.0148617952505246,35.5
1018000,-2747253.040155664,299.5758540482096,2044.3398084597834,1.014130915941155,35.5
1020000,-2747752.91085295,299.89080243955385,2038.803739176975,1.0168846380893959,35.5
1022000,-2744995.006235864,300.90145984046825,2041.1537378030332,1.0157138896748537,35.5
1024000,-2743180.180898601,300.84487678492445,2038.9879736727303,1.0167927566114476,35.5
1026000,-2743638.1294086576,299.16960184133063,2042.789724232319,1.014900446117823,35.3
1028000,-2746296.751504926,299.5765867639633,2035.8954102800908,1.0183372839192455,35.3
1030000,-2743835.1988807693,300.51323770770085,2040.2733625789078,1.0161521688582567,35.3
1032000,-2745711.807974415,300.51455527896235,2039.2262990194392,1.0166739235587516,35.3
1034000,-2747853.0019581057,301.4450356362446,2039.8317108410024,1.0163721798370875,35.3
1036000,-2742517.3335427307,301.5332633083204,2042.4028420513039,1.015092693646089,35.3
1038000,-2745408.3536941893,299.7709190840603,2043.7497422697086,1.0144237132212868,35.3
1040000,-2742414.4532609675,300.1546735100862,2041.1749968814077,1.0157033108948768,35.3
1042000,-2742871.395059526,300.25602147326083,2041.6598812814166,1.0154620862447743,35.3
1044000,-2745381.352636488,300.7851191483769,2042.054022148602,1.015266089908279,35.3
1046000,-2746975.2608728334,301.3085420828165,2037.934752575111,1.0173182432992902,35.3
1048000,-2744608.136417471,300.2856652989443,2039.9329592673503,1.0163217340205597,35.3
1050000,-2746500.2117977906,300.6993923309439,2041.1473868389448,1.015717050035776,35.3
1052000,-2744213.65151879,300.3496654343426,2041.0932463394859,1.015743992179892,35.3
1054000,-2743706.5188840907,300.50787901585073,2040.5099635745728,1.0160343440893551,35.3
1056000,-2746283.2065341286,300.4553365549268,2042.3672382769103,1.0151103893526081,35.3
1058000,-2743243.375494497,299.2584251249629,2038.2283790129072,1.0171716888037483,35.2
1060000,-2744370.9041171446,300.5636822870508,2042.2831017281485,1.0151522091594216,35.2
1062000,-2744248.3133172,301.266430488502,2042.565164604497,1.0150120242796394,35.2
1064000,-2742677.844254803,300.4900913986247,2041.1271162276057,1.0157271372103511,35.3
1066000,-2745111.506925313,299.95295680172217,2037.727995563455,1.0174214649659432,35.3
1068000,-2747006.9060895834,301.0018155495412,2036.9857893162564,1.0177921776981047,35.2
1070000,-2744475.080538338,300.0930396270332,2039.5474945694941,1.0165138139555316,35.2
1072000,-2743039.924237948,300.3965495139516,2041.0598817626712,1.0157605962338712,35.2
1074000,-2742834.308340147,299.79559062115266,2041.0178428302838,1.0157815178986065,35.2
1076000,-2746978.269371869,299.490885814566,2038.9529879252766,1.0168102034357769,35.2
1078000,-2748890.487165708,299.5707568049829,2037.298549677801,1.0176359290964825,35.2
1080000,-2743980.6168833002,301.08923084342115,2042.4061129449644,1.0150910679849456,35.2
1082000,-2746242.057574397,299.63523005542964,2040.4192156092927,1.0160795323764853,35.2
1084000,-2742140.4428699985,298.62821367503585,2045.2018433899493,1.0137034685104147,35.2
1086000,-2743015.704515958,300.72097181031916,2042.3603653418293,1.0151138053941278,35.2
1088000,-2746040.045748947,299.40048620284324,2040.6779276679467,1.0159507163472565,35.2
1090000,-2745161.1897454355,300.5224709526575,2038.0195010751806,1.017275939388475,35.2
1092000,-2743992.245529989,300.7116843870253,2041.2067887446747,1.0156874912822056,35.2
1094000,-2744454.1196531113,300.72712171926565,2039.59643057821,1.0164894247537692,35.2
1096000,-2745551.0488258526,300.504878823047,2037.5571784354454,1.017506759756421,35.2
1098000,-2747405.9214853644,299.1556662935022,2039.5383730775134,1.0165183601424164,35.2
1100000,-2744940.734050868,300.9077804677056,2038.9834358432745,1.0167950195195423,35.2
1102000,-2744591.001550244,299.9849121382315,2042.6093519305316,1.0149900667441942,35.2
1104000,-2748122.8390339185,299.98662976139957,2038.498643499894,1.0170368320131744,35.2
1106000,-2744878.606918428,300.77414938055915,2041.5568720822366,1.0155133226015627,35.2
1108000,-2747333.909265641,299.9612712688254,2040.2041639481731,1.0161866342024342,35.2
1110000,-2745154.79453866,301.12011164611465,2041.367890425707,1.0156073347543124,35.2
1112000,-2745122.5828573015,299.3109053647554,2038.722608386453,1.016925104925943,35.2
1114000,-2743569.7063226253,299.7522414183631,2040.8314394151182,1.0158742963321126,35.2
1116000,-2745726.9487420674,300.5854524601742,2036.278194083884,1.018145854761768,35.2
1118000,-2743385.1031410173,300.2266808054832,2042.0503548851268,1.0152679131974258,35.2
1120000,-2743949.9749621265,299.967450025968,2040.452160565258,1.01606312684829,35.2
1122000,-2744077.387761591,300.00282162740905,2039.0673417780115,1.0167531792454125,35.1
1124000,-2746410.6893679406,299.76825328156974,2038.6216659297684,1.0169754580248385,35.1
1126000,-2746395.1431448963,300.1914160948979,2038.7122113576613,1.0169302910427158,35.1
1128000,-2742706.6889447756,300.45998687226506,2042.7817958970058,1.0149043850950856,35.1
1130000,-2744779.207081249,300.7440962859642,2044.3405682744833,1.0141305390217759,35.1
1132000,-2740973.850243345,300.2889124969508,2043.7910267087143,1.0144032219316357,35.1
1134000,-2747553.976427352,300.1082066453869,2044.1613103940842,1.0142194707953833,35.1
1136000,-2747127.490607025,298.49513225833783,2039.5576546820791,1.0165087501639931,35.1
1138000,-2742585.321742598,301.37661404797467,2041.0827392363901,1.0157492210354595,35.1
1140000,-2743984.854828695,300.8418404902259,2040.9772575003212,1.015801716961542,35.1
1142000,-2743411.8392197546,299.7097042480501,2041.4531358119762,1.015564925826069,35.1
1144000,-2746361.5610638987,300.1413754186611,2038.6996951566055,1.0169365342888461,35.1
1146000,-2748271.1772875283,301.00339652021677,2034.9947956330222,1.018787962945807,35.1
1148000,-2745780.530402679,301.1086024164027,2041.8030480058046,1.0153908842839534,35.1
1150000,-2743428.744594991,300.22346499135756,2042.9972239938802,1.0147973663886367,35.1
1152000,-2742687.6927579474,299.9162838458169,2047.0905619096043,1.0127681896565919,35.1
1154000,-2741011.7140283193,300.50045915773046,2045.3510485307272,1.013629520437376,35.1
1156000,-2745176.4780033994,300.19683514197857,2045.2312560309952,1.0136888903563999,35.1
1158000,-2747065.0436656196,300.6417538060627,2040.717683804554,1.0159309241556242,35.1
1160000,-2744916.1267249994,299.58060980652436,2040.3978880544973,1.0160901530951354,35.1
1162000,-2746876.9159817006,299.46743109500323,2041.27516208143,1.0156534704190854,35.1
1164000,-2744444.685860941,300.3003082543975,2045.361379657802,1.013624400591325,35.1
1166000,-2746750.744853629,301.627230737216,2042.9121462877574,1.0148396279378027,35.1
1168000,-2742079.0759446546,300.0037484784886,2043.7551984745687,1.0144210050184657,35.1
1170000,-2745837.3286045697,300.92413292383543,2040.9800746928752,1.0158003148366173,35.1
1172000,-2743469.0853375234,300.51133679911266,2039.578992393137,1.016498115631043,35.1
1174000,-2743123.411236858,300.93276899057776,2042.5082558586691,1.0150403047338978,35.1
1176000,-2744204.917661635,300.5755301851393,2039.9019119877205,1.0163372024236652,35.1
1178000,-2745934.442038698,300.10531911160507,2043.2388751601136,1.0146773476428796,35.1
1180000,-2743926.4185610004,300.23930477368117,2043.1238747733364,1.0147344603264885,35.1
1182000,-2743835.204430934,300.8337772881675,2043.843368069198,1.0143772437938074,35.1
1184000,-2744547.6876797844,300.8318775080446,2041.7909271003928,1.0153969120592272,35.1
1186000,-2745820.556137163,299.60531630630294,2037.3261497212598,1.0176221429896914,35.1
1188000,-2743926.1687577143,299.75396972471896,2038.0155515062233,1.017277910816744,35.1
1190000,-2740986.114670474,299.9274504492323,2042.862639966897,1.0148642213564985,35.2
1192000,-2743459.9483493846,299.7412087609625,2046.9405931013769,1.0128423899723829,35.2
1194000,-2742182.2778977137,300.2822884660206,2042.6603917458788,1.0149647052568929,35.2
1196000,-2744066.014470104,300.2874053064987,2043.012143495793,1.0147899556293334,35.2
1198000,-2744509.4351785015,299.45876122589607,2041.397785072392,1.0155924619927834,35.2
1200000,-2744909.824058244,301.0853741386534,2037.8726742091055,1.0173492331913727,35.2
1202000,-2744510.094815988,301.0662168445357,2042.827360596941,1.0148817479331493,35.2
1204000,-2743352.9968776572,300.990154249291,2041.145605128573,1.0157179366523887,35.2
1206000,-2743769.7429243047,300.7857562496384,2038.138932182293,1.0172163289322094,35.2
1208000,-2745760.555272801,301.378445162003,2038.9761385843865,1.0167986585108737,35.2
1210000,-2742882.3053100966,299.9377607184687,2043.6145351316477,1.0144908282885794,35.2
1212000,-2745043.5941308867,300.74634802046893,2037.1393226286423,1.0177154696386084,35.2
1214000,-2743266.5271336623,300.0016874548375,2040.79550685314,1.0158921829679817,35.2
1216000,-2742761.057645289,300.2791649971194,2043.1336944028612,1.0147295833492773,35.2
1218000,-2743482.1612412594,300.48150700313255,2043.063905103518,1.0147642456358892,35.2
1220000,-2742483.1490993835,300.2080326211508,2037.5812032587494,1.0174947624823616,35.2
1222000,-2745374.4676076025,300.67362978561295,2039.2890317955025,1.0166426485523246,35.2
1224000,-2745401.674631968,299.27386632163166,2041.2738381061627,1.015654129174442,35.1
1226000,-2744172.5730861146,300.42814434812203,2038.7229074262452,1.0169249557634101,35.1
1228000,-2744791.17528677,299.9085948861529,2040.9437645303801,1.0158183868066224,35.1
1230000,-2745424.7299181167,300.48103733872097,2042.6617584157768,1.014964026181317,35.1
1232000,-2745858.6959411465,300.55191251090497,2042.0050283447677,1.0152904491762331,35.1
1234000,-2745417.3549138606,300.4841101794267,2040.9820260863653,1.015799343624673,35.1
1236000,-2746668.803777026,299.2949172978961,2041.3030978263384,1.015639570946589,35.1
1238000,-2743918.9426147602,301.6519889076665,2040.0593192495455,1.0162587836960257,35.1
1240000,-2746180.7043162696,300.1934352689749,2038.6277324667587,1.0169724317149655,35.1
1242000,-2742123.4213116597,301.41205351531335,2040.1867938637063,1.016195285982616,35.1
1244000,-2743604.5740854293,300.7239589738857,2043.1299756331578,1.0147314302927795,35.1
1246000,-2745241.4420688897,299.6658639718486,2041.7089061416866,1.0154377032944242,35.1
1248000,-2746541.7196015157,299.7904926853354,2039.3746573916362,1.016599963588813,35.1
1250000,-2743570.04301518,300.5094494450846,2042.342017667548,1.0151229248155071,35.1
1252000,-2744658.1677098162,299.36430038418683,2041.56909454751,1.0155072429266923,35.1
1254000,-2743833.3249439653,299.9496867116491,2039.5017950303081,1.016536591191123,35.1
1256000,-2748168.6735760327,300.35547103211155,2039.8413026577666,1.0163674006144587,35.1
1258000,-2746086.8029307015,300.4638605138595,2038.634145791665,1.0169692324285025,35.1
1260000,-2745758.543883551,300.7605222216865,2039.8408257908964,1.0163676382172828,35.1
1262000,-2742798.5640065577,300.6513171523536,2044.036356079599,1.014281471208602,35.1
1264000,-2743276.5616628565,299.096487356947,2041.7791193450505,1.0154027841725226,35.1
1266000,-2744478.9936483838,300.958426871984,2040.70023816585,1.015939609195945,35.1
1268000,-2742784.3270888478,300.071776143619,2044.792388106311,1.013906455495127,35.1
1270000,-2743495.43822933,300.54473781926987,2041.776486789502,1.015404093377644,35.1
1272000,-2744727.9447727855,300.75002189499725,2040.140206757707,1.0162184910532026,35.1
1274000,-2745091.351432549,300.0269282738701,2043.7824533812718,1.0144074771844225,35.1
1276000,-2742587.2790503167,299.3130762420898,2043.3597208758215,1.0146173389185051,35.1
1278000,-2743481.5091138873,299.75823392860406,2042.1305766355479,1.0152280300625887,35.1
1280000,-2744604.8421680816,300.44467141721594,2038.7832123004298,1.0168948762870136,35.1
1282000,-2747706.9366023205,301.13824532339777,2035.9826101103101,1.0182936691860827,35.1
1284000,-2746423.0718735773,301.1292624387522,2039.844906269047,1.0163656050892114,35.1
1286000,-2744316.795577934,300.6018457408991,2041.6200887962925,1.0154818782522015,35.1
1288000,-2745310.95006164,299.7449129742521,2040.2970738363292,1.0161403596732297,35.1
1290000,-2742471.931579193,301.28578316497055,2042.542252210195,1.0150234102647744,35.1
1292000,-2748360.7980937585,299.3022389768263,2038.1925036103062,1.017189592629705,35.1
1294000,-2744199.857537832,300.0640987199085,2038.9765085233755,1.0167984740293623,35.1
1296000,-2746310.748791931,299.35701678749234,2039.1255557311263,1.01672415247865,35.1
1298000,-2746870.69409284,300.2751442553499,2039.6626540100374,1.0164564215421885,35.1
1300000,-2748253.7459895797,300.4563265295311,2038.0943585120908,1.0172385757261229,35.1
1302000,-2749458.9984849766,300.92326928554934,2038.9084572322408,1.0168324110355758,35.1
1304000,-2742196.9421364143,300.2258837080541,2039.5256680308635,1.0165246924545752,35.1
1306000,-2744592.9143957403,299.72040317852907,2038.9117539436627,1.0168307669217405,35.1
1308000,-2744161.437685076,300.3313163283456,2040.5677883622743,1.0160055521175426,35.1
1310000,-2746038.391481029,300.87114824014066,2039.8963605757745,1.0163399683026557,35.1
1312000,-2740869.878484709,301.12649001140716,2045.6943973692967,1.0134593931109146,35.1
1314000,-2745817.886374114,300.0377114328364,2042.2762446584381,1.0151556175962004,35.1
1316000,-2745907.791857265,299.9082986923398,2038.3555995927268,1.0171082037219248,35.1
1318000,-2745879.164091043,300.4640686531394,2039.3497193969501,1.0166123949850807,35.1
1320000,-2745553.4545545187,299.65037166765137,2040.2497983345686,1.016163905096639,35.1
1322000,-2744880.804246081,299.90115844439225,2040.0637516330373,1.0162565757019606,35.1
1324000,-2745621.3972141743,300.1683535577567,2040.628946632374,1.0159751021221715,35.1
1326000,-2743443.350640472,300.8668781957197,2043.1941875548798,1.0146995401006635,35.1
1328000,-2744276.106311787,299.1426274601316,2040.7379783052347,1.0159208210404518,35.1
1330000,-2742791.8154192194,300.2308018153997,2042.1578544921022,1.0152144692869056,35.1
1332000,-2749642.3479244485,299.1476592129059,2036.0567826683803,1.0182565732431046,35.1
1334000,-2746164.025352072,299.8224788071577,2041.302665423873,1.0156397860861965,35.1
1336000,-2745402.4132479206,299.82228171293707,2039.4059440541787,1.0165843678610011,35.1
1338000,-2747890.088151699,300.97859495045907,2038.4427321992446,1.0170647277451406,35.1
1340000,-2743372.0314305946,299.70563223029797,2043.013136529832,1.014789462377014,35.1
1342000,-2743617.9640971795,300.54321546389747,2046.1833441658177,1.0132172213988446,35.1
1344000,-2747497.3264457565,300.28262412150934,2039.8788362044495,1.0163486995658468,35.1
1346000,-2743515.3934200425,300.26872622455164,2040.4060875128353,1.0160860698937921,35.1
1348000,-2744181.2876419984,301.74879135044455,2041.390471813463,1.0155961003416165,35.1
1350000,-2742663.1911500692,300.06758173987885,2042.6509369631874,1.0149694032062853,35.1
1352000,-2744270.361617282,299.96283430429685,2041.8958958929281,1.0153447130279165,35.1
1354000,-2744490.8895616326,300.93863675378805,2041.9430658794424,1.015321258017235,35.1
1356000,-2744578.7730909884,300.54789856885475,2040.9228232637042,1.015828809799344,35.1
1358000,-2743882.6187312882,300.7872100130262,2042.4237860778342,1.0150822843821294,35.1
1360000,-2747632.6125433575,299.8817779502738,2041.463916936651,1.01555956255122,35.1
1362000,-2744985.675134035,300.60062974435766,2041.597860678481,1.0154929344211268,35.1
1364000,-2747601.4619394336,300.86080384617776,2037.981549440151,1.017294883272038,35.1
1366000,-2745219.3392855283,301.520141229849,2042.8497648572595,1.014870617562593,35.1
1368000,-2747241.699297093,300.7724616493474,2040.9723659823621,1.0158041514934466,35.1
1370000,-2748305.240141252,299.32102808577224,2039.872921740741,1.0163516463952473,35.1
1372000,-2747577.6641697027,300.2418232369118,2038.8354403855262,1.0168688268712143,35.1
1374000,-2745488.306121964,299.87788805363994,2037.1856085691945,1.0176923466018422,35.1
1376000,-2744116.133442186,300.13293168332666,2038.3058532705286,1.0171330269800887,35.1
1378000,-2742954.621240413,300.06370715396923,2040.479971250015,1.0160492784343325,35.1
1380000,-2743119.205049347,300.54509996928397,2040.2592791148518,1.0161591831346735,35.1
1382000,-2743622.0863171313,300.2170687386986,2041.5325165415804,1.0155254377042198,35.1
1384000,-2748021.504342677,300.0109243552353,2037.9965345132705,1.017287403260197,35.1
1386000,-2744683.344884144,300.08244673518317,2042.432228558684,1.0150780884961523,35.1
1388000,-2747435.9641425684,299.7100596587631,2036.9531271694516,1.0178084977975128,35.1
1390000,-2744073.7918087095,300.272895296201,2036.7996093573013,1.0178852121355615,35.1
1392000,-2745361.062825868,300.95735839593124,2039.1790183562073,1.0166974962892297,35.1
1394000,-2744183.1499589216,300.5803138895806,2039.5464371248959,1.0165143409879256,35.1
1396000,-2741289.4577108044,300.737011306188,2041.121709401983,1.0157298278188953,35.1
1398000,-2744810.9132635593,300.7493601936547,2046.7187640093834,1.0129521646574304,35.1
1400000,-2742087.751842765,300.23536414702363,2044.0722747444888,1.0142636481420115,35.1
1402000,-2743003.8570907414,300.3743562235819,2043.2674770691908,1.0146631440647553,35.1
1404000,-2748789.497278968,300.47355205690826,2039.0339119511207,1.0167698488469203,35.1
1406000,-2743413.273735516,299.712323283847,2038.6731905799486,1.0169497553742328,35.1
1408000,-2740741.37377239,300.3118953749382,2042.9259176584267,1.0148327869003644,35.1
1410000,-2745606.2172100786,301.635482307825,2041.0879758443523,1.015746615032915,35.1
1412000,-2741742.965931533,300.1188660052716,2043.8619825126789,1.014368005367713,35.1
1414000,-2744114.1420942657,300.77864933462325,2038.9867411756666,1.0167933712275516,35.1
1416000,-2743598.0623712745,300.54776605976826,2039.2984243905287,1.016637966102434,35.1
1418000,-2744231.6885553077,301.50060988878835,2041.4702202898761,1.0155564268549067,35.1
1420000,-2743503.1770807113,299.924253911591,2040.7881048106071,1.0158958676607381,35.1
1422000,-2745253.677621519,300.56543859274484,2039.1662575148116,1.0167038586520092,35.1
1424000,-2746038.737507263,300.2653757384867,2036.9388500569635,1.0178156317212501,35.1
1426000,-2743165.554153193,300.0200183281442,2042.9222183230086,1.014834624565469,35.1
1428000,-2745352.4336354584,299.64111092457495,2039.1629523889292,1.0167055065508366,35.1
1430000,-2748258.586558219,300.0441483778898,2037.59669820219,1.0174870249237906,35.1
1432000,-2746936.7807437107,298.87036964193726,2040.8140777610565,1.0158829385981059,35.1
1434000,-2743430.8006039094,301.0972174368726,2039.9735432032642,1.016301514966122,35.1
1436000,-2745644.8146700747,300.4400126276591,2036.4925911069724,1.018038666824388,35.1
1438000,-2745606.2886798233,300.29322827349756,2039.5204664213163,1.0165272850073994,35.1
1440000,-2744150.069641892,298.8988752289345,2039.8380829331375,1.0163690048707863,35.1
1442000,-2744203.868535895,299.77505699000125,2044.1059240082714,1.0142469517347263,35.1
1444000,-2746641.717318563,299.9307831649776,2042.3655858884906,1.0151112106339024,35.1
1446000,-2746510.3168451823,300.7823311947066,2039.6319575296438,1.0164717192210169,35.1
1448000,-2744770.3600642327,300.7584445722604,2040.279775706527,1.0161489748288803,35.1
1450000,-2744130.527547803,300.26341535888514,2039.3789336518491,1.016597831936914,35.1
1452000,-2748089.901360225,300.8346596479837,2040.5984380713476,1.015990291753716,35.1
1454000,-2746873.865056023,300.1993054406584,2041.0545920384993,1.0157632287422813,35.1
1456000,-2743314.803270189,299.4201868273605,2043.4087280156075,1.0145930053169716,35.1
1458000,-2744605.965109084,301.78798555259175,2043.272477475328,1.0146606609266184,35.1
1460000,-2745626.395319706,299.8954924976874,2039.876667854096,1.01634977992531,35.1
1462000,-2742586.0947886817,300.490130151928,2044.9156639840874,1.0138453330681798,35.1
1464000,-2744423.1351301353,299.9101798317883,2042.1232404707505,1.0152316771882801,35.1
1466000,-2747541.29292278,299.91833466558563,2042.427022420776,1.0150806759259396,35.1
1468000,-2745743.425461892,300.6488266222179,2038.616632954553,1.016977968753041,35.1
1470000,-2744460.6581683345,299.95034167223037,2040.5842523011788,1.0159973547332308,35.1
1472000,-2745984.8696868084,300.5302938222537,2039.3195049954843,1.0166274570363982,35.1
1474000,-2744569.3662373386,300.74571800935075,2036.3181287471673,1.0181258876891828,35.1
1476000,-2746714.8322183136,299.47341749921185,2039.2810714788136,1.0166466170084414,35.1
1478000,-2746228.9449593965,300.1605672877481,2039.1540631514792,1.0167099386517884,35.1
1480000,-2744386.6311902795,300.5118819107915,2037.2420514213204,1.0176641509053177,35.1
1482000,-2742339.9703247845,299.8892904218306,2039.7219218094729,1.0164268865675026,35.1
1484000,-2746162.526549535,300.6257859674037,2040.2256503674791,1.0161759323410438,35.1
1486000,-2743726.3804786056,300.89887561434426,2040.6793074792274,1.015950029409209,35.1
1488000,-2744737.290343739,299.4037062004023,2042.0659571055983,1.0152601561346513,35.1
1490000,-2744331.476980755,300.6657674990084,2041.225171509338,1.015678344254046,35.1
1492000,-2744614.863851765,300.503484633023,2040.7284590681395,1.0159255599321557,35.1
1494000,-2746225.088006599,300.8354157789874,2039.6239485853116,1.0164757105770805,35.1
1496000,-2745873.171764726,301.18497954481893,2043.29589813409,1.014649030686906,35.1
1498000,-2743879.931318242,301.00443718594875,2040.9834847702177,1.015798617636388,35.1
1500000,-2745947.337876929,300.6612000894772,2041.9569644758803,1.015314347224958,35.1
1502000,-2746805.895653365,299.9149120917716,2043.0579101959934,1.0147672232400882,35.1
1504000,-2742277.831468934,299.38760467547485,2041.8682085584448,1.0153584809041034,35.1
1506000,-2744225.445873417,300.28672085683036,2041.1940621567717,1.0156938239657947,35.1
1508000,-2746815.160936076,299.52221677698793,2039.5364038155628,1.0165193416355267,35.1
1510000,-2746327.0354218353,299.7180966166001,2036.0924730328027,1.0182387243739321,35.1
1512000,-2743910.906517379,300.1349402032132,2044.974585111583,1.013816121502146,35.1
1514000,-2745246.56453003,300.9042791439517,2040.2676249147373,1.0161550264931178,35.1
1516000,-2744305.7753082793,300.13110504989066,2042.3447306535038,1.015121576358414,35.1
1518000,-2745278.161471123,300.46539583929325,2042.3645665862098,1.0151117172550952,35.1
1520000,-2745675.3640259225,300.2100253479273,2038.7059222799157,1.0169334281080435,35.1
1522000,-2746661.494223194,300.38167993935065,2040.7646864373696,1.0159075253637344,35.1
1524000,-2744457.912370164,300.98058985736606,2039.6722771844497,1.0164516259004883,35.1
1526000,-2743600.864729341,299.8983536921862,2041.8798651960142,1.0153526844485838,35.1
1528000,-2746606.5851407927,300.7655968637749,2037.109729814988,1.0177302538516555,35.1
1530000,-2745506.2758778464,301.3116609272257,2041.0993221277954,1.015740968590885,35.1
1532000,-2745409.8934757523,299.8688902660145,2043.3529553483404,1.014620698309486,35.1
1534000,-2742881.8537090234,300.2396873760099,2040.7766210785867,1.0159015842471517,35.1
1536000,-2744348.991725005,300.4043331018861,2041.4262023644665,1.0155783246276475,35.1
1538000,-2743559.975385178,300.8417140150516,2041.8485615819213,1.0153682508373945,35.1
1540000,-2743549.319679301,300.3862176279036,2041.6941514333323,1.0154450415566971,35.1
1542000,-2746387.7044308484,299.88005449697755,2042.0408234234676,1.0152726520778035,35.1
1544000,-2745814.922590645,300.2134261738196,2037.2178746926518,1.0176762280573777,35.1
1546000,-2744911.24435699,300.63685880751194,2041.733199005606,1.0154256214563286,35.1
1548000,-2743613.9555843454,299.70282265571956,2041.489141193518,1.0155470144877734,35
1550000,-2744883.131525887,298.93506023613185,2041.8473818971843,1.0153688374700873,35
1552000,-2745229.7009364367,300.5678795361888,2040.550227731757,1.016014295689674,35
1554000,-2745508.551757952,299.60056504042916,2040.8562817269415,1.0158619306078485,35
1556000,-2744637.366727596,299.1431029368037,2039.3450200429343,1.0166147376105286,35.1
1558000,-2746427.4111035336,300.26966401919157,2039.3883683911931,1.0165931288917704,35.1
1560000,-2745196.0176878795,299.1969811115873,2041.3720004823772,1.0156052899512586,35.1
1562000,-2744833.3688658793,300.67768255444986,2045.1123878476678,1.0137478090532752,35.1
1564000,-2747530.672107715,300.2491118406868,2041.3938064126164,1.015594441374157,35.1
1566000,-2748024.65594621,301.489937401135,2037.4026521582161,1.0175839322934617,35.1
1568000,-2742962.806561986,300.88490698862825,2040.6356427771784,1.0159717682999747,35.1
1570000,-2747346.151276512,300.6239146839595,2038.0134508353308,1.0172789593702247,35.1
1572000,-2744688.8417335134,300.2835294368101,2042.6589896429853,1.0149654019394805,35
1574000,-2744755.4045294225,300.50917897076226,2045.516273920267,1.0135476451013063,35
1576000,-2742590.158186838,300.27841939723635,2041.9868790486044,1.0152994731358103,35
1578000,-2743227.074411981,299.63229354933196,2041.2664581592724,1.0156578011465662,35
1580000,-2743679.8596640024,299.8182502205648,2040.0003423579146,1.0162881639774455,35
1582000,-2744546.3347535394,301.6150117485886,2038.8571098560196,1.0168580193413814,35.1
1584000,-2744553.0893569477,299.70601743969917,2040.7393768605305,1.0159201248116925,35
1586000,-2743456.9663957283,300.09951888987626,2042.474662698794,1.0150569993895815,35
1588000,-2742899.3730490953,300.8445572878562,2043.5981511553684,1.0144989616848916,35.1
1590000,-2743766.91205287,301.4069086877524,2043.6472987676084,1.0144745640299653,35.1
1592000,-2743306.7723231222,299.72538638684364,2040.3206681908946,1.0161286089831014,35
1594000,-2743568.6519186012,301.32378899919286,2041.9818561990344,1.0153019705608026,35
1596000,-2744631.1823656354,299.8551526002841,2038.4498160195344,1.0170611933418419,35
1598000,-2746410.290372977,300.27351702573606,2042.5411440443402,1.0150239609583498,35
1600000,-2744996.903482899,300.205230451813,2041.5844298508075,1.0154996149729603,35
1602000,-2742078.5486986227,300.8730276993811,2045.3752541555882,1.0136175248214763,35
1604000,-2742374.2872997113,301.0235339463953,2041.8187411154904,1.0153830801433603,35
1606000,-2744547.6361514367,301.2452371986306,2041.6325367661289,1.0154756867914159,35
1608000,-2742990.34519952,300.67676736309176,2039.9679205176715,1.0163043161591354,35.1
1610000,-2745254.730269477,300.3729438975216,2036.9959164986092,1.0177871176158055,35.1
1612000,-2745315.669472482,299.5473125915694,2041.6968148361223,1.0154437169040174,35.1
1614000,-2743015.7026806884,299.89878798801806,2042.8898676511906,1.0148506952222422,35.1
1616000,-2741793.3603660893,300.8526482589545,2047.1790103887326,1.0127244329525469,35
1618000,-2745465.8399016205,300.236794346719,2043.551702818639,1.0145220204552272,35
1620000,-2745937.6708682347,300.48577580169217,2039.1398438874035,1.0167170283406832,35
1622000,-2745539.8884162344,299.76824767960534,2042.2831133582765,1.0151522033784648,35
1624000,-2744815.8650948163,301.0722998316557,2040.6948063834088,1.0159423133547996,35
1626000,-2744731.775648175,300.6568337356096,2036.552094362043,1.0180089221325475,35
1628000,-2743172.7115835585,298.8076902035369,2041.5528088407498,1.0155153437473516,35
1630000,-2744007.5289455038,299.9553445799902,2043.4723734019892,1.0145614051031961,35
1632000,-2743352.3301351815,300.26966782795364,2043.343498819905,1.0146253939416645,35
1634000,-2743591.4232181646,300.52600175982377,2041.1210100623741,1.015730175833588,35
1636000,-2742474.4972191025,301.189711109446,2039.8969164777718,1.0163396913350238,35
1638000,-2744680.3421492074,300.4469232445408,2044.5141417334312,1.0140444422118347,35
1640000,-2743144.7490561698,301.15903758205053,2041.46095853739,1.0155610342573758,35
1642000,-2742977.0546649713,300.9691416502555,2038.9798105894338,1.0167968273550247,35
1644000,-2747108.090811424,300.654148126388,2037.210094788454,1.0176801144624072,35
1646000,-2742998.674510468,299.6233509222364,2044.6682446343302,1.0139680155393929,35
1648000,-2742522.3631084226,300.0239351926995,2043.0485260633616,1.0147718842699618,35
1650000,-2745858.9783924613,300.7407502670683,2040.0287693758266,1.016274002391945,35
1652000,-2742584.3107448295,300.95974263147747,2041.1573519569947,1.0157120912116562,35
1654000,-2747774.0715104267,300.904733495027,2040.8425024854719,1.0158687894452276,35
1656000,-2747022.291720558,300.92252082891827,2037.59400461184,1.0174883699872457,35
1658000,-2746722.1260611694,299.98414217223876,2041.5324122017662,1.0155254896062786,35
1660000,-2742501.8152762335,300.10454503999944,2041.2905757814963,1.015645801262058,35
1662000,-2747288.797449289,300.236393487051,2037.0880853026922,1.0177410674611171,35
1664000,-2743795.661817001,300.23788949014715,2037.3791241344634,1.017595683537325,35
1666000,-2747087.1865481827,300.79068094479425,2041.0257201190584,1.0157775975147185,35
1668000,-2744573.7512218524,299.7911928944748,2044.2342519050762,1.0141832818407133,35
1670000,-2747970.4155158084,300.392092891099,2038.9139688760304,1.016829662308494,35
1672000,-2745232.623437032,300.03070449700476,2040.3267099669258,1.0161256000426975,35
1674000,-2746024.1444393955,300.9847949341484,2038.762110436746,1.0169054014860792,35
1676000,-2746053.556251785,300.57575457068884,2043.3327836861872,1.0146307145858868,35
1678000,-2743980.448373813,299.9111616142787,2042.092011675239,1.0152472026701205,35
1680000,-2742616.351255674,300.13979837167653,2039.2471351465904,1.0166635356333367,35
1682000,-2745103.7245263048,299.84008333031267,2040.0305546843867,1.0162731130117972,35
1684000,-2742748.7164336797,300.44506655080914,2045.3818931636308,1.0136142347684443,35
1686000,-2743739.236963371,301.13914769797265,2043.6777556477841,1.0144594453400677,35
1688000,-2740147.9366778154,301.2636156611883,2045.962902865224,1.013326390006817,35
1690000,-2745001.963749921,300.8431153931892,2043.2139810901097,1.014689710248636,35
1692000,-2743475.5576761756,299.90281789587505,2038.5499387328039,1.0170112407140923,35
1694000,-2744941.6436617747,300.8594589546393,2042.7755643091791,1.0149074811110759,35
1696000,-2744702.960193053,299.443578693872,2043.964764786678,1.0143169971252715,35
1698000,-2743554.2511838023,301.10708032960446,2044.3613829603746,1.0141202136415381,35
1700000,-2741360.3167767357,300.4830764197375,2042.749029391745,1.014920664564269,35
1702000,-2745165.554438444,299.1601220341319,2039.4750865769565,1.016549903498934,35
1704000,-2745930.8124654517,299.92488993480214,2038.533704510999,1.017019339862035,35
1706000,-2745736.2188039795,299.6350126019505,2038.5062629256245,1.0170330305842812,35
1708000,-2744449.912980236,300.20012752630856,2040.1438729763204,1.0162166648686886,35
1710000,-2746954.0756624006,300.0792601077067,2039.6759765198683,1.016449782374583,35
1712000,-2742692.324293269,300.29619663532475,2036.2328948085176,1.018168505053665,35
1714000,-2743157.6478171907,299.5982066776642,2039.876286122325,1.016349970119688,35
1716000,-2742143.781459568,299.80874650993934,2042.5053963525668,1.0150417257896025,35
1718000,-2748144.092751721,298.9798170901466,2041.7456470180844,1.0154194306603177,35
1720000,-2746317.702871144,300.1211272079452,2042.3965286683601,1.0150958314642395,35
1722000,-2746169.6883512754,300.20561551872055,2040.3550125404058,1.0161115049615554,35
1724000,-2747123.9900974818,300.1894464464055,2040.661344543234,1.0159589723165658,35
1726000,-2746509.7974642757,300.66668824622184,2037.5264101735859,1.0175221249140314,35
1728000,-2744337.9453962184,300.7524014781519,2040.9454691072683,1.0158175384054422,35
1730000,-2746694.571565559,300.6234685313227,2039.4748570743818,1.0165500178915283,35
1732000,-2744524.4064284973,299.88044694090644,2040.2487950695786,1.016164404781615,35
1734000,-2745735.8939612955,300.53372851399547,2040.2841493007656,1.0161467965914506,35
1736000,-2747789.3807974737,300.6377087852573,2037.214717977876,1.017677804971955,35
1738000,-2743303.0898690317,300.57849295103114,2041.9961462543665,1.0152948653949263,35
1740000,-2744122.9172185063,299.75133534804763,2042.059686571954,1.0152632736845486,35
1742000,-2744480.6312374026,299.90624598216374,2040.0412328885689,1.0162677935252937,35
1744000,-2745429.5568609666,298.9479343608372,2039.147710933354,1.0167131058393668,35
1746000,-2744103.652117528,300.55736288595335,2042.8245647576707,1.0148831369150004,35
1748000,-2745801.7747865673,300.89247730550954,2040.1769457110756,1.0162001912661014,35
1750000,-2743293.970650103,300.53234771227244,2039.9356082253023,1.0163204142761875,35
1752000,-2742920.5173143,300.58990149066506,2040.4349306000286,1.0160717067505864,35
1754000,-2742020.1122736484,300.37842192601096,2042.3026788928703,1.015142478083699,35
1756000,-2742588.193299055,298.8856469371391,2040.998387391256,1.01579120064775,35
1758000,-2744599.4714056924,299.4698952712516,2040.9582246659754,1.0158111897599431,35
1760000,-2742376.4159610383,300.48012416423535,2041.5574014028311,1.0155130593064354,35
1762000,-2742651.715169795,300.4144335737385,2043.5396775600705,1.0145279904345494,35
1764000,-2743036.5977641717,300.70900097493,2043.6463746443856,1.0144750227685784,35
1766000,-2744838.653655257,300.07750430639135,2041.7686214733217,1.0154080049248004,35
1768000,-2744877.4739577584,299.92013314026906,2040.5765795567313,1.0160011749711677,35
1770000,-2747499.861030044,301.0029392173196,2043.686288840609,1.0144552095734987,35
1772000,-2743952.7456326094,299.671436035684,2040.4740901269724,1.016052206925732,35
1774000,-2743968.022253597,300.9528399015943,2040.740081061699,1.015919774246647,35
1776000,-2742650.428540947,299.70174696719346,2040.8894767578513,1.0158454076316799,35
1778000,-2742381.1472711023,299.95185544560644,2039.8966697024941,1.016339814286109,35
1780000,-2745453.7566849515,300.0226745658227,2043.3703402453818,1.0146120659651536,35
1782000,-2745179.7731670756,299.4255890985864,2040.1568876214512,1.0162101821813276,35
1784000,-2746196.461032996,300.8885439024878,2040.2679207148058,1.0161548791699533,35
1786000,-2744203.5902901143,300.6080996083865,2040.6699193405836,1.0159547033055805,35
1788000,-2744747.268321831,299.6694769417857,2044.722224447464,1.0139412472070746,35
1790000,-2748504.5699620433,300.62969335098495,2037.1644435331232,1.0177029198745566,35
1792000,-2747980.5934721753,299.6859947153334,2040.9562827623702,1.0158121562712927,35
1794000,-2743716.6835857052,299.66959924697454,2041.9291442131937,1.0153281803748153,35
1796000,-2744785.0527937934,299.9245989305599,2040.7927764518035,1.0158935421424193,35
1798000,-2745468.0510902293,299.5839989268312,2042.5335155257515,1.0150277519018498,35
1800000,-2746407.7329121567,301.1557065523216,2041.1561116079063,1.0157127084293003,35
1802000,-2746344.059500288,300.8000896291014,2041.667000597217,1.015458545317055,35
1804000,-2744363.854688417,300.17963143138826,2043.4487725293277,1.014573122810462,35
1806000,-2741341.5625342615,301.46033954387207,2045.2074646388933,1.0137006823483012,35
1808000,-2744757.1582078375,300.90501807556376,2046.7195419510263,1.0129517796424565,35
1810000,-2747695.1236228626,299.9400987603591,2041.6177087491128,1.015483062065787,35
1812000,-2746531.184567498,299.59527366892894,2037.5078855904433,1.0175313760061797,35
1814000,-2747696.8132638764,301.3276231001003,2038.3082173429982,1.017131847287947,35
1816000,-2743703.3168091774,300.4682555898274,2039.4135162275693,1.016580593367482,35
1818000,-2747319.8297872394,299.43751212341084,2041.3194451435395,1.015631437490423,35
1820000,-2743848.2780636065,299.8897650512104,2043.3119455613003,1.01464106200327,35
1822000,-2743996.2777204216,299.6611112093658,2038.1670013790945,1.017202320048096,35
1824000,-2744116.445972724,299.6424157892153,2043.904605810174,1.0143468518808332,35
1826000,-2745707.2319991514,299.65089893140333,2042.6051643805288,1.0149921475778918,35
1828000,-2744594.355980817,300.38136079744476,2043.7493914384113,1.014423887357895,35
1830000,-2745908.262325218,299.66742814518244,2040.1095742399693,1.0162337497095737,35
1832000,-2743587.347295331,299.65601946962494,2042.5839028900284,1.0150027127477599,35
1834000,-2745507.505738698,299.7037919213324,2041.4061184504171,1.0155883161661257,35
1836000,-2742883.519466214,298.9057812028961,2043.0832471711317,1.014754638764178,35
1838000,-2744139.3441865277,300.09147453310726,2041.1295178332405,1.0157259420995093,35
1840000,-2744858.345419375,299.905973060791,2042.5147502323216,1.0150370773148494,35
1842000,-2746138.2247747555,300.0795046716569,2040.4725007950697,1.0160529983327158,35
1844000,-2743281.170683209,300.8581385193413,2039.8083113369173,1.0163838390723412,35
1846000,-2744078.4467725717,300.0645013986399,2040.9990513192242,1.015790870215363,35
1848000,-2742378.355495941,300.5492599148878,2039.6427649411933,1.0164663332640314,35
1850000,-2744049.3714606557,301.84171168313037,2039.9089738415946,1.0163336840192154,35
1852000,-2746073.2320535034,300.6361654054491,2042.5704346717037,1.0150094054315975,35
1854000,-2744707.7820816264,300.46963491814876,2040.261835320567,1.0161579100079274,35
1856000,-2746292.133860726,300.20902853886645,2041.65441877829,1.0154648031418017,35
1858000,-2745889.505602218,300.66281376528195,2041.8259879941966,1.0153794763308586,35
1860000,-2744177.259000685,300.08958383264354,2038.7434266451996,1.0169147207796674,35
1862000,-2745654.2338629514,300.8483679287867,2038.8009415972087,1.0168860334271308,35
1864000,-2744462.021973446,299.63954966852504,2040.476035728688,1.016051238116061,35
1866000,-2742910.444965562,299.79942772175406,2043.2360302227041,1.014678760447618,35
1868000,-2746003.3917714693,300.7955181010759,2042.4980696537166,1.0150453668726251,35
1870000,-2746647.305923136,300.3644292872734,2041.21308956177,1.0156843560577935,35
1872000,-2746023.0250007864,299.2569078496251,2041.0325080339544,1.0157742193167436,35
1874000,-2743338.9962188676,300.8977283753871,2042.5203743078969,1.0150342824123817,35
1876000,-2744548.674381718,300.3917496088429,2042.29196640447,1.015147802837554,35
1878000,-2746833.487766072,298.7305373417589,2042.197276874238,1.0151948716832797,35
1880000,-2740497.2142799217,300.6154897409505,2041.2330938449545,1.0156744022521522,35
1882000,-2742559.9389464427,300.5307393327336,2042.3507807067122,1.0151185692650158,35
1884000,-2747522.7295952626,301.1745887196852,2039.769457366493,1.0164031993718499,35
1886000,-2745905.275334118,300.343331538271,2036.3248348669697,1.018122534749583,35
1888000,-2745748.074680662,299.319745114823,2039.365765512771,1.0166043960863491,35
1890000,-2747485.1082652416,299.7819929347998,2041.176383162753,1.01570262107181,35
1892000,-2745535.0017360505,299.9231143655941,2040.9440209260886,1.0158182591933844,35
1894000,-2745518.9771377444,300.5366589778952,2040.4757238459756,1.0160513934175,35
1896000,-2745058.0661676116,300.13099871674893,2041.0214268939249,1.0157797341713233,35
1898000,-2746085.8565780967,301.8466898499531,2043.4089396124275,1.01459290025496,35
1900000,-2744633.904077284,300.78275823710925,2039.3655712472423,1.0166044929258728,35
1902000,-2744002.1975068524,300.2863947991799,2041.7236249452253,1.0154303829951057,35
1904000,-2743484.5326609146,301.2663752357866,2039.1299286669666,1.0167219721028813,35
1906000,-2741806.4852647036,299.95352290823223,2037.05112154034,1.017759535107096,35
1908000,-2744917.623173086,301.25674716885527,2037.5112910261314,1.017529675334543,35
1910000,-2745486.393504422,300.875906880969,2041.974768905766,1.0153054944744824,35
1912000,-2746076.9014831837,300.0723907073164,2042.1877551810387,1.0151996050257854,35
1914000,-2745618.3639863543,299.4095022522278,2036.5362558383167,1.0180168393785187,35
1916000,-2745106.653361803,301.588534656862,2039.1293920513078,1.0167222396626214,35
1918000,-2745003.355326697,299.8223171699111,2038.660734446145,1.0169559688956935,35
1920000,-2744715.9568072725,300.0399137774093,2041.7413414044734,1.0154215719715765,35
1922000,-2743934.1887543146,300.92593942044766,2041.3302698610917,1.0156260518242175,35
1924000,-2744950.7216646243,299.89619334396184,2041.920919267521,1.0153322701605874,35
1926000,-2745537.8430862017,300.0716941760215,2041.8305367621565,1.0153772142794564,35
1928000,-2745505.644670846,300.4605074293885,2040.7225494539716,1.0159285018941018,35
1930000,-2745018.716211695,300.7882005793671,2038.8764035478282,1.0168483969114959,35
1932000,-2746111.010245396,301.42438110899485,2039.1882429352613,1.0166928971030287,35
1934000,-2745428.1868354343,300.4131361605446,2040.4137850008613,1.0160822366956368,35
1936000,-2744650.7185631692,300.3317961996057,2041.5888192664086,1.0154974316489673,35
1938000,-2743033.258691717,299.9129023253583,2041.7441632226985,1.0154201685954094,35
1940000,-2745205.8045237996,299.5567223908144,2039.9287586211776,1.0163238268426666,35
1942000,-2746156.2870743107,301.1160418932392,2041.6752192193137,1.0154544576590574,35
1944000,-2746078.393858243,300.9628202418437,2038.3698407631161,1.0171010976458124,35
1946000,-2744772.78187258,300.2731058903922,2043.160407259217,1.0147163164880446,35
1948000,-2745216.623274287,300.074368822402,2042.8601234438956,1.0148654715297858,35
1950000,-2744540.4659777842,300.96690667842074,2041.8679487709742,1.0153586100884668,35
1952000,-2745860.4670305215,300.1143334500153,2041.2745232527861,1.015653788273701,35
1954000,-2749198.500917131,301.3652298590255,2034.2292469678293,1.0191713670121432,35
1956000,-2747044.601712825,300.4333285293725,2040.8319056205619,1.0158740642668818,35
1958000,-2745997.5225513894,299.5397148868555,2042.2003257815536,1.0151933560459392,35
1960000,-2746012.576043723,299.85454107293504,2039.8609860813162,1.0163575932843687,35
1962000,-2745207.952870706,299.57226420492447,2039.5001541800839,1.0165374090308716,35
1964000,-2746670.2852123138,300.60263105836265,2040.4226353977283,1.016077829407221,35
1966000,-2745019.648840448,300.36649411414464,2037.425177788501,1.0175726819566675,35
1968000,-2742239.3997110315,300.0649622025047,2042.3077157087332,1.0151399745012577,35
1970000,-2745745.172848787,299.2942877092708,2041.2035642583628,1.0156890957622633,35
1972000,-2745411.6340869945,300.9041152349582,2042.0468114823102,1.0152696749117816,35
1974000,-2747400.926433379,300.2925859545502,2037.541292731258,1.0175146927546141,35
1976000,-2744581.277970951,300.783081886246,2038.115703628694,1.017227922221038,35
1978000,-2744208.9085951336,300.5107352971622,2040.4192984597573,1.016079491118955,35
1980000,-2745587.2737986576,299.6017557582022,2041.7597945726425,1.0154123947191496,35
1982000,-2741165.0297126416,300.3444052292735,2041.5220456070338,1.0155306463182592,35
1984000,-2744216.170981046,300.5351227497024,2039.6506656862541,1.0164623959028465,35
1986000,-2746032.0585966986,301.1899029838775,2041.921963453349,1.0153317509460502,35
1988000,-2746116.482290199,301.2115670829582,2041.0115480846334,1.01578465070121,35
1990000,-2745978.0735781025,298.7815360055307,2040.363006087044,1.0161075241333009,35
1992000,-2745687.3800331596,300.2586079886106,2043.7385093028315,1.0144292887819164,35
1994000,-2743649.2768183257,300.69425394999234,2038.8695350305316,1.0168518224572123,35
1996000,-2743072.8808028866,300.4538639070202,2042.0437245553085,1.015271209679787,35
1998000,-2745066.757816132,300.6556386472842,2038.1998419085796,1.01718593035848,35
2000000,-2744315.4039265886,300.1306088632428,2038.794061067229,1.0168894652179983,35
2002000,-2741604.774827387,299.3250025592681,2040.9177762501538,1.0158313218563348,35
2004000,-2745135.32659729,300.45969890467757,2041.2553620839753,1.0156633221684073,35
2006000,-2742752.592228165,300.69195333164737,2042.085533489374,1.0152504233775637,35
2008000,-2744760.658631975,299.662378772879,2038.5202177791982,1.0170260684031374,35
2010000,-2747645.391671298,299.1228179053075,2040.794717051988,1.0158925761250248,35
2012000,-2743721.7775419615,300.727639478785,2041.8573241359886,1.015363893422657,35
2014000,-2748031.6837831307,300.46498809546415,2040.325844688888,1.0161260309695357,35
2016000,-2745526.747489117,300.9446629324509,2039.9852451261363,1.0162956851779061,35
2018000,-2746508.9007471167,299.4179763218245,2040.1170773931779,1.0162300121997982,35
2020000,-2745446.6845733915,301.15686486290616,2039.3394294372056,1.0166175245385376,35
2022000,-2743556.9419425484,300.47349974203047,2041.586914377637,1.0154983791519323,35
2024000,-2742875.949989453,300.79128565128985,2043.252032619065,1.0146708136591436,35
2026000,-2743554.0467056762,300.1845950146352,2040.922796153204,1.0158288232930572,35
2028000,-2746779.1421523597,300.6454082235506,2041.9019877905118,1.0153416838051423,35
2030000,-2743478.270886615,299.4133593964811,2040.9877108461797,1.0157965143203824,35
2032000,-2740795.435301734,300.4791015857055,2037.458929819557,1.0175558251041146,35
2034000,-2744705.1965387706,299.69065668573694,2040.3692913706439,1.016104394050926,35
2036000,-2744769.640270004,299.92304053788877,2039.5753736732993,1.016499919154435,35
2038000,-2745107.191190647,299.69070333877494,2042.8652812033279,1.0148629092306434,35
2040000,-2745983.59518509,300.2397879586884,2041.1006715076207,1.015740297080464,35
2042000,-2743211.300353965,301.02025245039516,2040.4298778533457,1.016074222863981,35
2044000,-2743615.8189124875,300.16526993900555,2042.734332399826,1.0149279666791693,35
2046000,-2742687.465949191,301.59850726786266,2042.7465217869808,1.0149219104456677,35
2048000,-2744897.5493953843,300.9349676991022,2039.0641332117434,1.0167547791558327,35
2050000,-2746291.478478376,300.4387510986797,2040.6392214568623,1.0159699865849667,35
2052000,-2744579.6051885076,300.6199983412241,2040.6688354452222,1.0159552429269887,35
2054000,-2745506.675756626,299.8389429834807,2042.6940074490008,1.0149480024359678,35
2056000,-2744717.3414971624,299.864773004497,2037.898616721337,1.017336282304263,35
2058000,-2743103.1384547036,301.01255680535326,2040.8155275440142,1.0158822169210353,35
2060000,-2744268.301086141,301.20983979303554,2039.8648007070688,1.0163556926565191,35
2062000,-2746787.170268886,300.5641473604151,2040.7807806704438,1.0158995136004672,35
2064000,-2745404.13377673,300.0045301195252,2040.546160824072,1.016016320655552,35
2066000,-2745386.880261926,300.30327120542097,2042.5872316760276,1.0150010586069882,35
2068000,-2745243.5808240734,299.6673993228389,2038.4665071594347,1.0170528655569087,35
2070000,-2744129.7256213874,300.08207055947383,2041.5470714697499,1.0155181976557257,35
2072000,-2745365.08144504,300.597795321159,2043.2234874775363,1.0146849892606664,35
2074000,-2744334.853684254,300.8979821020005,2039.9988679378077,1.0162888985051588,35
2076000,-2744844.286102606,299.997872204346,2041.2567770124078,1.015662618145803,35
2078000,-2747637.30560774,301.161996714066,2039.146709088936,1.016713605356319,35
2080000,-2745374.8634237237,300.96463036081894,2039.503077742092,1.016535951857219,35
2082000,-2745100.4959032163,300.46878045089386,2039.6774201285634,1.0164490629687941,35
2084000,-2746236.172390921,301.99325133422343,2042.695720721574,1.0149471511674417,35
2086000,-2744167.4137346298,300.4659661834522,2041.4632561830026,1.015559891254019,35
2088000,-2745927.7758322265,301.36316161895246,2040.7957059521325,1.0158920838580565,35
2090000,-2746002.9283319265,301.3283871520851,2039.985068522439,1.0162957731597146,35
2092000,-2742085.849173652,298.6574322560131,2042.31306468187,1.0151373157725117,35
2094000,-2742985.718442112,300.32984272437653,2044.9038706934512,1.0138511800778336,35
2096000,-2744406.1492623035,300.17288112469856,2039.5083450414188,1.016533326519035,35
2098000,-2745602.2378763873,300.31118118893244,2041.9567252487727,1.0153144661749394,35
2100000,-2749504.748106668,301.2060384362908,2038.8214312163113,1.0168758139899716,35
2102000,-2743353.8175459597,300.26818552656414,2039.6557272457894,1.0164598734747408,35
2104000,-2743182.9178950507,300.8494130368425,2041.357379333849,1.0156125641874802,35
2106000,-2744594.3690820783,300.4679838578222,2040.7192932356093,1.015930122932847,35
2108000,-2745609.759621864,301.24176961660623,2039.2110112602168,1.0166815454605878,35
2110000,-2744978.0861160886,301.6186858064908,2041.714363439238,1.0154349891313703,35
2112000,-2745705.369823385,301.1358991666233,2041.0108257418426,1.0157850102018606,35
2114000,-2745044.5021048803,301.19157194545954,2040.5794440149166,1.015999748762112,35
2116000,-2744143.3810994644,301.03624830238687,2040.9792147827734,1.0158007428159648,35
2118000,-2745756.2651293483,299.5412211118115,2041.1834630129852,1.0156990981045864,35
2120000,-2745988.3931810223,299.6654751036572,2042.7337260390416,1.014928267948253,35
2122000,-2744818.371911766,301.2828761821522,2041.3931188736922,1.0155947834252315,35
2124000,-2745251.1152077317,300.8338370690956,2037.2039936753545,1.0176831622580609,35
2126000,-2747139.3939672615,301.90626957179006,2035.927246358473,1.018321360037069,35
2128000,-2746561.046949094,300.7288515146034,2040.610823436444,1.0159841252615298,35
2130000,-2745660.3393405415,300.6100057477638,2044.6369342835378,1.0139835428409523,35
2132000,-2745897.3288288396,300.2081457934934,2040.1973504579412,1.0161900278828075,35
2134000,-2743308.236031037,301.5500537855847,2040.9356656642512,1.0158224177896975,35
2136000,-2745140.009135807,300.10023093956016,2044.2234434099814,1.0141886441679393,35
2138000,-2743715.078154335,299.8911981793779,2040.4519113297952,1.0160632509575438,35
2140000,-2743414.6518463753,299.85406341728526,2044.7797067517454,1.0139127435599076,35
2142000,-2746965.444749519,300.7610677216326,2038.1200574208328,1.0172257492386787,35
2144000,-2744882.921687575,299.40509316454785,2041.787394273604,1.015398668961744,35
2146000,-2744975.0713208914,301.09414610245653,2041.1700808436353,1.0157057571564052,35
2148000,-2746187.06302236,301.4743662103377,2043.0717774080688,1.0147603355759114,35
2150000,-2744521.9644851405,301.214326535521,2042.5156596068562,1.015036625397203,35
2152000,-2743629.725859057,300.8579652465646,2041.8987399879557,1.015343298786949,35
2154000,-2747801.918285908,299.45604972153694,2038.8515125229858,1.0168608109585968,35
2156000,-2745478.823585868,298.97507258798123,2039.9736128377235,1.01630148027469,35
2158000,-2747035.967187591,300.23952006025314,2041.672761589619,1.0154556799955041,35
2160000,-2742107.751734974,301.67413386462744,2045.5577690271941,1.013527084807901,35
2162000,-2742920.321496913,300.71700389818403,2043.141153924498,1.0147258785649713,35
2164000,-2745689.805534402,301.2647741584688,2040.905906078034,1.0158372300623917,35
2166000,-2745177.1167078204,300.2084471347431,2041.8005989716996,1.0153921021927477,35
2168000,-2746902.1297387443,300.81719899362605,2038.6081086851946,1.0169822211613881,35
2170000,-2747858.6178182345,300.91724406577106,2039.2816004129165,1.0166463533179995,35
2172000,-2748304.1336312853,300.28732693883813,2040.7075068762433,1.0159359905633034,35
2174000,-2744706.8745408095,300.63656113911236,2037.4038670719358,1.0175833255032714,35
2176000,-2742214.081988858,300.0988517748529,2040.2936253953533,1.016142077122135,35
2178000,-2743399.1005723216,299.6636125833052,2042.9474398225104,1.0148220957796183,35
2180000,-2743943.2997507453,301.4385817277639,2042.9408586175573,1.0148253649649082,35
2182000,-2741696.2793257684,299.46500863957704,2045.146548906108,1.013730875940014,35
2184000,-2745976.619511241,300.30383748065555,2041.8384540922711,1.0153732771038289,35
2186000,-2747091.792475175,299.4309047277032,2038.671522374106,1.0169505875247313,35
2188000,-2744400.1130266823,300.37097024669754,2039.032938709747,1.0167703341566303,35
2190000,-2745078.845009176,300.9429299237064,2039.1478505794541,1.016713036212233,35
2192000,-2745222.331117261,299.9940219882267,2042.507364317722,1.0150407477922732,35
2194000,-2743534.715926025,301.19559627444943,2041.7459265808907,1.0154192916256308,35
2196000,-2746331.693203572,299.9399957513077,2034.8961186126928,1.0188373664311305,35
2198000,-2746692.306389425,299.950076887414,2035.8858646827457,1.0183420585669023,35
2200000,-2745506.7913357764,300.58605989034044,2039.028376729719,1.016772609007736,35
2202000,-2745239.2640807237,300.10923384786355,2043.351233033552,1.0146215535203795,35
2204000,-2741916.194576245,301.4091570945119,2044.1937797997812,1.01420336121527,35
2206000,-2744513.1972406134,300.1057643012966,2043.7953232773807,1.0144010894024882,35
2208000,-2744264.646420356,300.2067484213499,2042.1035600215805,1.0152414613225471,35
2210000,-2745490.929566188,300.02424926379103,2038.3679680409418,1.0171020320932769,35
2212000,-2744627.5433932636,300.3395006354513,2042.3395657402614,1.0151241435196054,35
2214000,-2746065.152319411,299.6911079195803,2041.1050792647918,1.0157381035938944,35
2216000,-2745828.545996582,299.59690577712814,2039.3844699232977,1.0165950722014965,35
2218000,-2741488.527021028,300.75526417755583,2041.5487709012789,1.0155173523153311,35
2220000,-2745208.758793352,300.38752638332693,2040.7421401559736,1.0159187491908355,35
2222000,-2744783.2144926637,300.36992692194633,2041.1983865369111,1.0156916721679934,35
2224000,-2746919.2712318823,299.8635700773772,2041.2937298375439,1.0156442319613077,35
2226000,-2742883.9936053995,299.359379870414,2041.902004554136,1.0153416754693816,35
2228000,-2744980.666232845,300.5010207392928,2039.6860134793328,1.01644478059235,35
2230000,-2743144.4064166527,301.4201067268432,2041.4775322307098,1.0155527894460252,35
2232000,-2745089.5910309404,299.1907748776921,2043.0147788844868,1.0147886466001463,35
2234000,-2743527.231231861,299.54723047105904,2041.8105778189579,1.015387139713463,35
2236000,-2745466.2303092033,299.1661012395964,2043.919717130795,1.0143393525057984,35
2238000,-2744688.549105361,301.0522489161537,2040.2747617311313,1.01615147201507,35
2240000,-2746659.895295035,300.3270151232037,2041.3608386879582,1.0156108430985722,35
2242000,-2745087.375956157,301.02716603310375,2041.9283982835009,1.0153285512807875,35
2244000,-2745008.8383994475,301.7587643876747,2039.5713619687576,1.0165019185438255,35
2246000,-2746264.186043348,299.20789637031646,2039.9815012609947,1.0162975503291278,35
2248000,-2743657.8425791953,300.5344601866978,2038.133262877225,1.0172191584379113,35
2250000,-2744855.881804224,299.7622982774048,2042.8671991389003,1.0148619564317167,35
2252000,-2741503.2061428856,299.7516755270178,2042.5959566369704,1.0149967230238475,35
2254000,-2743068.815762721,300.636980963108,2043.1336476461443,1.0147296065711673,35
2256000,-2745676.4679602776,301.51942274641704,2042.5965401691658,1.0149964330579855,35
2258000,-2745019.685997866,299.49859934923927,2042.9726705428031,1.0148095627228553,35
2260000,-2743387.313415114,299.65380380970436,2045.1233074217484,1.0137423963261993,35
2262000,-2744943.8417434227,300.99321565630464,2042.7260431796626,1.0149320851763086,35
2264000,-2744651.4284693357,299.89763052046027,2039.6351953211386,1.0164701056366394,35
2266000,-2745602.577965472,300.53885324798995,2042.4013024850788,1.0150934588250107,35
2268000,-2747307.784745304,300.76093368374626,2040.9329935444941,1.0158237477692513,35
2270000,-2745628.257224042,300.70244643907796,2040.7794298166343,1.0159001860551715,35
2272000,-2743032.267038241,300.59176071887794,2042.2813615102598,1.0151530741656185,35
2274000,-2744538.1156342067,300.4616134363495,2043.7694862616158,1.0144139133031846,35
2276000,-2748718.6648363024,300.2525456281971,2038.3892938979147,1.0170913910579613,35
2278000,-2744512.213055171,299.7618093020091,2041.8002012266068,1.0153922999923295,35
2280000,-2743159.9454427734,300.6438001338066,2039.142056723445,1.016715925019766,35
2282000,-2743433.145558797,299.38798277515946,2040.164453070174,1.0162064138154916,35
2284000,-2744804.983003417,300.87738670152777,2043.2865066570787,1.0146536942781423,35
2286000,-2743387.497500155,299.48083977416684,2042.9021592658314,1.0148445891277302,35
2288000,-2744407.77592716,299.25100473255947,2042.7612781624791,1.0149145789140923,35
2290000,-2745502.302163068,301.198712997394,2039.4861770669058,1.0165443756181303,35
2292000,-2745732.747573197,301.0456006379978,2042.8865786398503,1.0148523291139524,35
2294000,-2742016.0197659675,299.57034303055764,2044.6584156560805,1.0139728898350182,35
2296000,-2747101.763807982,298.96332257882966,2039.7319916578222,1.0164218686216904,35
2298000,-2744976.1132469624,299.28930566717406,2042.1732668634834,1.0152068074186957,35
2300000,-2745302.119990388,299.48629705449434,2043.4188650516826,1.0145879721022584,35
2302000,-2743402.282942854,299.81762040020214,2040.9846706758037,1.0157980274108602,35
2304000,-2744322.5497555397,300.9596699418806,2041.0586070613306,1.015761230606343,35
2306000,-2746195.2447503973,300.60054528288526,2043.7748481003368,1.0144112519905628,35
2308000,-2744271.939560976,300.0747930399302,2040.5997648384862,1.0159896311721774,35
2310000,-2743509.773198761,299.8859128372482,2042.2504948989683,1.0151684172077282,35
2312000,-2743743.437529253,300.53808780314097,2041.329261559966,1.0156265534860076,35
2314000,-2745023.0617453977,299.54803894185454,2043.2408849456538,1.0146763495795208,35
2316000,-2742005.374505857,299.54321047631765,2042.772513009639,1.0149089970834666,35
2318000,-2744528.8177583423,298.92455844989024,2045.4983913240274,1.0135565059556508,35
2320000,-2747003.1279671956,300.86445840218767,2039.5318916052438,1.0165215905579787,35
2322000,-2746277.6440660357,299.29855668610253,2040.081073228342,1.0162479470325607,35
2324000,-2746602.071170831,299.47425419970244,2042.3736142816988,1.0151072203199405,35
2326000,-2744374.3709699064,299.9938663706458,2035.6809840154606,1.0184445493806018,35
2328000,-2742790.0038178023,300.9736235952751,2044.441339444716,1.0140805522018002,35
2330000,-2744364.4081936516,301.6592173758745,2040.5137493293266,1.0160324590460177,35
2332000,-2742932.999999618,300.2564786610159,2045.2002678150623,1.0137042494440736,35
2334000,-2742636.4879163317,300.19017882483274,2040.637777821443,1.015970705326075,35
2336000,-2748724.7867268007,300.3415965019821,2040.0258233089935,1.0162754700258827,34.9
2338000,-2745789.320648158,300.6495559752856,2038.6195145601614,1.0169765312462393,35
2340000,-2745913.3910782244,302.0593863885889,2038.190236145435,1.0171907242422635,34.9
2342000,-2745312.032599617,299.06115001295535,2042.9722333387638,1.014809779896066,35
2344000,-2743368.0328224823,300.1607201273719,2041.4115398273148,1.0155856190680994,34.9
2346000,-2744914.0765600223,300.68736529793705,2039.9277786392213,1.0163243150849575,34.9
2348000,-2744254.9106499683,301.26505579951515,2043.7314146452932,1.0144328102957263,34.9
2350000,-2742316.226199638,300.4762959197495,2043.0239999972978,1.0147840663893462,34.9
2352000,-2746475.478757493,299.8488747367065,2039.7015303944852,1.0164370480456109,34.9
2354000,-2742607.476268418,300.3371920644967,2042.2888046894966,1.0151493744115652,34.9
2356000,-2742805.754518559,300.9251565964777,2040.5647357167122,1.0160070720422896,34.9
2358000,-2744176.208220925,301.92579107614574,2045.2703080502513,1.0136695351651033,34.9
2360000,-2741920.928350065,299.1375115916017,2043.5477223957087,1.0145239965415547,34.9
2362000,-2745378.9757829923,300.60476496180297,2041.3222104926238,1.0156300616294975,34.9
2364000,-2743552.2963679135,299.5084587528053,2042.6431925878264,1.014973251310578,34.9
2366000,-2746685.5188560784,299.47996121048925,2039.9986983612778,1.0162889829849895,34.9
2368000,-2741666.833564425,300.5959321410224,2045.5271807833603,1.0135422408096852,34.9
2370000,-2744131.0236574356,301.6150951070876,2039.951389532195,1.0163125519004261,34.9
2372000,-2747345.207729453,300.2414408930671,2038.0119895553253,1.0172796887719213,34.9
2374000,-2747413.886202814,300.4882425418304,2037.6820634338,1.0174443990318023,34.9
2376000,-2742653.9966106154,301.70888110939507,2040.8647189330184,1.0158577308995704,34.9
2378000,-2743500.644803785,301.14504309978355,2040.1789020020565,1.0161992168499523,34.9
2380000,-2746171.0008019693,300.24831517474706,2041.520491433547,1.0155314194238008,34.9
2382000,-2745310.5337545853,299.29744319809237,2042.2297276359723,1.015178740370309,34.9
2384000,-2743958.536365062,300.0694068248582,2035.9947798005487,1.0182875825700222,34.9
2386000,-2747555.421754485,300.6052523210897,2036.8250472938973,1.0178724997528643,34.9
2388000,-2746941.6663103495,299.67284600661645,2040.7610685304946,1.0159093263873216,34.9
2390000,-2744469.6872243118,300.1847276113426,2042.7557145859578,1.0149173430991987,34.9
2392000,-2742251.6875905506,300.76321899321175,2040.7076182751985,1.0159359351049875,34.9
2394000,-2744323.366967855,301.15446420839,2041.3759374695335,1.0156033312601087,34.9
2396000,-2742820.905087106,299.8611375902848,2039.6602576136306,1.0164576157766239,34.9
2398000,-2746439.866434224,300.549730878743,2039.6601950182685,1.0164576469708066,34.9
2400000,-2743439.8052359503,299.2896047786648,2042.1606112401278,1.015213098831287,34.9
2402000,-2745385.5032809917,300.7513604699732,2040.9437845402585,1.015818376847307,34.9
2404000,-2742926.4487779364,300.02808737039265,2042.4115207339207,1.0150883802806259,34.9
2406000,-2745100.2906537466,300.4956855823359,2043.6839014770494,1.014456394626333,34.9
2408000,-2745741.012873605,300.79262878508973,2042.4843008483242,1.015052209501533,34.9
2410000,-2747073.6924414914,301.16326367551216,2040.6650491079638,1.015957127973822,34.9
2412000,-2746134.6306860056,299.34045993475945,2043.2207285958284,1.0146863593504551,34.9
2414000,-2746431.467523394,300.0538192189132,2040.5273777315372,1.0160256731047157,34.9
2416000,-2747392.3437996507,300.40968895327774,2038.1378449538681,1.0172168715581706,34.9
2418000,-2746022.6741152257,300.05476476146384,2037.6441101183373,1.0174633500292067,34.9
2420000,-2747063.054003028,299.94611420588564,2039.2662870253034,1.016653987583212,34.9
2422000,-2744387.9392222576,301.31235333975513,2038.9091558747857,1.016832062612802,34.9
2424000,-2744976.5130749643,301.28180975727304,2039.2761192325445,1.0166490858670567,34.9
2426000,-2745399.88738578,300.0212088827156,2039.4313795933006,1.016571689144905,34.9
2428000,-2743939.458217146,300.3990086624132,2044.5191118386376,1.0140419771296878,34.9
2430000,-2745678.517242234,299.0781594724937,2041.3804397807478,1.0156010913237508,34.9
2432000,-2743978.4460460395,300.87904383094474,2041.3303495732034,1.015626012164935,34.9
2434000,-2746274.844129592,300.75677610717156,2040.0027170276717,1.0162869809649195,34.9
2436000,-2745111.9210062884,299.59898929761437,2038.8630263333034,1.016855068570636,34.9
2438000,-2745699.250627959,298.85075503099836,2039.0047658793765,1.0167843828232292,34.9
2440000,-2745209.72816859,299.9996916810449,2043.1470789722339,1.014722935899056,34.9
2442000,-2744513.5148808025,299.7921071255133,2046.0013315615627,1.013307357364202,34.9
2444000,-2746668.9853180256,300.91445792776585,2040.3753081498392,1.0161013977022868,34.9
2446000,-2748200.220357109,300.9886180583021,2039.8234061004707,1.0163763177968799,34.9
2448000,-2743318.4005117696,299.947689826494,2040.991784800917,1.0157944867232833,34.9
2450000,-2745218.6267295275,301.0972538204669,2041.6973783848985,1.0154434366215084,34.9
2452000,-2748518.863722248,300.6802557232855,2040.1764873149004,1.0162004195906036,34.9
2454000,-2744385.672597315,299.54863615215146,2042.0576660116399,1.0152642782598422,34.9
2456000,-2743973.6870532017,300.73594370341857,2039.8308843461873,1.0163725916488429,34.9
2458000,-2746561.163113598,300.4626041529274,2036.843031829769,1.0178635123325288,34.9
2460000,-2743995.526177956,299.497446282672,2042.120782215981,1.0152328992992024,34.9
2462000,-2745536.008782517,298.7779189845724,2041.8625899000879,1.015361274898392,34.9
2464000,-2741426.755429104,299.2322107070098,2043.4951539554522,1.0145500949367465,34.9
2466000,-2743093.2466846704,300.5602107560386,2045.1491632147806,1.0137295800905628,34.9
2468000,-2744314.295558665,299.9643372726593,2040.3923795490023,1.0160928962626987,34.9
2470000,-2741560.1519219577,300.4260685487048,2041.0322140569199,1.0157743656222702,34.9
2472000,-2744971.279365776,301.2017754502228,2042.0389187558596,1.0152735990513972,34.9
2474000,-2744674.2395969573,301.17365691282333,2037.1731216254416,1.0176985845925928,34.9
2476000,-2743147.805075612,300.2108775920915,2042.8190815529083,1.0148858609996245,34.9
2478000,-2748180.2557045873,298.7955379929359,2041.2662124900414,1.0156579233823966,34.9
2480000,-2746607.8470443804,300.48683252398666,2042.2870579709695,1.0151502426441739,34.9
2482000,-2743299.497599911,298.8251357881963,2044.72420699333,1.0139402640989268,34.9
2484000,-2743169.1624542885,300.34133121534484,2039.1566413914557,1.0167086531584846,34.9
2486000,-2743687.0528664496,300.51519761478505,2039.560078923024,1.016507541931807,34.9
2488000,-2745459.915287964,300.16869926717493,2040.2462458922757,1.0161656744240624,34.9
2490000,-2746697.6309308186,299.9176082828766,2039.4717550975129,1.0165515640343636,34.9
2492000,-2744592.529608693,300.6496285036732,2045.2509360402253,1.0136791363421773,34.9
2494000,-2744137.082089981,299.48437910436314,2043.7650435765815,1.0144161184106286,34.9
2496000,-2744075.6590620633,300.20630183618204,2041.3312272409917,1.0156255754978112,34.9
2498000,-2743799.359123435,301.8599714139107,2043.4708601866419,1.014562156398416,34.9
2500000,-2745772.641635852,299.2875865267375,2042.3903495796026,1.0150989025555424,34.9
2502000,-2744920.4364704285,299.8863684763658,2043.7226586678787,1.0144371564582246,34.9
2504000,-2744584.62909423,299.25998820214437,2041.0548348543484,1.0157631079011322,34.9
2506000,-2745408.1027723458,299.9865154033183,2040.5222256052896,1.0160282384737536,34.9
2508000,-2744987.8563805185,300.4025472374427,2038.9456661891918,1.01681385474247,34.9
2510000,-2743649.7110582087,300.4919514212743,2041.7777763272277,1.0154034520728454,34.9
2512000,-2742821.383444339,300.306800620139,2044.126418370338,1.0142367829193013,34.9
2514000,-2743771.930728227,299.8639585368609,2040.4015768724041,1.0160883161177512,34.9
2516000,-2744758.1417311225,300.6477251560933,2039.3388133732874,1.0166178316485535,34.9
2518000,-2744136.5264339596,299.6940466838448,2042.556449834358,1.015016354929341,34.9
2520000,-2746128.8879242335,299.9435830276659,2041.3524001557905,1.015615041425509,34.9
2522000,-2745080.0903852433,299.1176837510163,2042.5705945517223,1.0150093259828268,34.9
2524000,-2746521.0068063997,300.5602963008648,2038.2834499429835,1.0171442065657155,34.9
2526000,-2745969.9092779476,300.2118566501628,2041.1339035867065,1.0157237596245805,34.9
2528000,-2744712.3251184355,300.2144124719963,2040.6841905973008,1.0159475983598711,34.9
2530000,-2745922.897984203,300.41538426903065,2039.8702900513845,1.0163529576167611,34.9
2532000,-2742140.012270754,301.88455408988074,2041.1229244929891,1.015729223149689,34.9
2534000,-2744261.7238850687,300.18955953935784,2041.0845633268061,1.0157483132737468,34.9
2536000,-2747129.897653576,299.1436909636922,2040.0184203936335,1.0162791579343897,34.9
2538000,-2744987.932450408,300.93115169531103,2040.3702510774117,1.0161039161169514,34.9
2540000,-2746187.877896324,299.7048120639808,2040.6223415473014,1.0159783906297235,34.9
2542000,-2745101.4932961967,299.1316287316829,2039.5417252944264,1.0165166893798143,34.9
2544000,-2744413.165302526,299.9882406324454,2037.352386848855,1.017609038000009,34.9
2546000,-2743575.9872253463,300.5793990826356,2042.209328093143,1.0151888809479221,34.9
2548000,-2743768.7535495907,300.05177074543855,2037.7618757636578,1.0174045491313044,34.9
2550000,-2743435.663761478,301.0910188136832,2041.001711650195,1.0157895461890791,34.9
2552000,-2744553.10701409,300.07557679495466,2043.4424243398178,1.0145762746988534,34.9
2554000,-2742672.352353787,298.9857041830632,2042.8202173116451,1.0148852967475803,34.9
2556000,-2746630.785258392,301.92866960688326,2039.9352859624187,1.0163205748314508,34.9
2558000,-2748274.6834302507,301.118597390713,2040.3223147394606,1.0161277889631015,34.9
2560000,-2744140.0215094723,300.8602169816334,2039.052881039944,1.0167603899467834,34.9
2562000,-2745268.5724582225,301.29439427575164,2039.0069202793977,1.0167833084961764,34.9
2564000,-2745212.220155593,300.9990553513936,2041.7524567553926,1.0154160439914013,34.9
2566000,-2740793.172661541,301.07249458225897,2041.4953773056607,1.0155439123180896,34.9
2568000,-2747485.199177729,300.7570729444374,2040.9150068563983,1.0158327002757743,34.9
2570000,-2744775.2158987,299.6592065631556,2037.1100430010074,1.0177300973854462,34.9
2572000,-2744981.039993344,300.4999427491066,2042.4310626043828,1.015078667969646,34.9
2574000,-2746251.6885422133,301.56753514821145,2040.8568693343843,1.0158616381189236,34.9
2576000,-2744829.1808696855,300.26859525308396,2039.1478623389382,1.016713030348989,34.9
2578000,-2741172.0625011623,300.63790177167,2039.9502287740147,1.0163131301954706,34.9
2580000,-2744629.3102275673,300.4632326083215,2039.4491359139818,1.0165628384348824,34.9
2582000,-2743977.4311598763,300.52869356067924,2043.0392901405694,1.0147764717269039,34.9
2584000,-2743389.3985122945,300.36877957163296,2042.6227485965583,1.0149834098698625,34.9
2586000,-2746212.1528958585,301.5577242770408,2039.4099127308712,1.0165823895952972,34.9
2588000,-2744170.652780289,298.7546085480486,2039.7310502872635,1.0164223377176633,34.9
2590000,-2745822.726821391,300.5036972653586,2037.7302039576855,1.0174203623333726,34.9
2592000,-2745404.9678967968,299.7693910685193,2040.4926698464992,1.016042955255629,34.9
2594000,-2746078.9619620536,300.13094569637013,2041.7608893065483,1.0154118502840088,34.9
2596000,-2745074.961604329,301.68022660417125,2038.322539579554,1.0171247004293695,34.9
2598000,-2745378.043474678,300.6594633273603,2043.1801916830254,1.0147064908359889,34.9
2600000,-2743678.472124217,300.2882628204872,2044.7497160158052,1.0139276148124234,34.9
2602000,-2745065.2138118614,300.6062950207689,2041.5213702034653,1.0155309822897716,34.9
2604000,-2744004.934051592,299.87367366046294,2043.893248013799,1.0143524885475272,34.9
2606000,-2744811.464231534,300.93744560669813,2040.6629110411682,1.0159581924240992,34.9
2608000,-2743889.515233891,301.2571498322662,2038.891584036563,1.0168408260059338,34.9
2610000,-2745314.2714601327,299.90896871050035,2040.1463986799183,1.0162154067912834,34.9
2612000,-2743335.35736759,300.69476066872284,2037.5959075601954,1.0174874197361123,34.9
2614000,-2743908.5692959987,300.22755983993846,2041.058007903619,1.0157615287856068,34.9
2616000,-2746345.700391164,301.1032648409667,2039.0028930959134,1.0167853167193923,34.9
2618000,-2743948.2423351835,301.3852766741777,2042.3150699911037,1.0151363190290303,34.9
2620000,-2744480.2339818664,301.2864580553463,2042.6012685979777,1.0149940834372093,34.9
2622000,-2744805.7802843098,300.22643258793727,2040.5930580470017,1.0159929704124928,34.9
2624000,-2747506.4372207616,299.7966401789607,2038.109285670107,1.0172311254480308,34.9
2626000,-2744745.624757426,300.0616977612797,2039.1516597386355,1.016711136980374,34.9
2628000,-2748458.9692345187,301.37713126516184,2038.3154136643109,1.0171282562796358,34.9
2630000,-2745345.453087168,300.46613716318416,2039.6815753800122,1.0164469922527113,34.9
2632000,-2743876.788051376,301.310498940866,2040.3744122845187,1.0161018438409948,34.9
2634000,-2745287.217783341,301.03535839329487,2041.2433190103295,1.0156693144516762,34.9
2636000,-2742488.0953735076,299.95601682145895,2039.4127329658804,1.0165809837978348,34.9
2638000,-2745271.604886122,299.32395865747225,2041.0429979189523,1.0157689987727594,34.9
2640000,-2743702.3298338056,300.03474303863396,2040.4504596983916,1.0160639738123016,34.9
2642000,-2743931.922189269,299.9897963599602,2041.732286799044,1.0154260751288895,34.9
2644000,-2743681.824593423,300.94574851533076,2043.805750673657,1.0143959139780925,34.9
2646000,-2746511.150073163,300.6928154589545,2040.0968759272782,1.0162400751218974,34.9
2648000,-2745385.2673343774,300.8987525372423,2040.3011224676686,1.0161383433151243,34.9
2650000,-2742036.178517988,300.48830570651216,2045.1872436400347,1.0137107049222267,34.9
2652000,-2743449.709821256,300.09246731242064,2040.4520865261989,1.0160631637167656,34.9
2654000,-2744843.9713915475,300.35608568305327,2039.1595721032572,1.0167071919290205,34.9
2656000,-2745781.5581918247,300.6260911300112,2040.2375356693224,1.0161700126589135,34.9
2658000,-2746821.0266429503,299.3210728709473,2041.363454575844,1.015609541652671,34.9
2660000,-2744727.41165697,300.0055484985325,2042.6015770077552,1.0149939301845616,34.9
2662000,-2747002.4227739144,300.80487391890927,2037.9148212220189,1.0173281929443405,34.9
2664000,-2744259.616474362,299.59533050636725,2036.652523534018,1.0179587231948632,34.9
2666000,-2745466.3333926536,299.9917866783726,2045.9103141403875,1.013352436868366,34.9
2668000,-2744753.5913775954,300.7660156194852,2042.2424435585112,1.015172419409609,34.9
2670000,-2744415.457427215,300.05555323182597,2040.1633551831926,1.0162069606735604,34.9
2672000,-2744597.939083986,299.4002061255046,2046.0225970807314,1.0132968254633996,34.9
2674000,-2744053.3094868436,300.4876069408688,2041.2675467828196,1.0156572594885165,34.9
2676000,-2744568.2421125416,299.86480483245526,2043.505585095194,1.0145449161332765,34.9
2678000,-2744363.5206928197,300.8375328950628,2039.7130305103374,1.0164313172669994,34.9
2680000,-2745875.0868233275,299.6001262449307,2036.4511322018232,1.0180593924719907,34.9
2682000,-2744964.754369065,300.33563872653036,2042.1097621267718,1.0152383779259273,34.9
2684000,-2743794.9618227184,300.9170532324277,2040.932197550545,1.0158241439556397,34.9
2686000,-2744879.607503431,300.740075452864,2039.1232706057624,1.0167252918615322,34.9
2688000,-2743980.3872978296,300.3018508237127,2041.327383681695,1.0156274877913285,34.9
2690000,-2745199.778598098,299.3776194955582,2040.7809406571164,1.0158994339591987,34.9
2692000,-2743550.1094786227,300.4533729700499,2044.2020451238952,1.0141992604858345,34.9
2694000,-2743569.5654202085,299.4497091848661,2042.654640918901,1.014967562757271,34.9
2696000,-2745461.044207571,300.2319426485303,2042.0964793290539,1.0152449815345943,34.9
2698000,-2746254.5174333006,298.94124523372335,2037.993345437303,1.0172889951234958,34.9
2700000,-2747447.7224624027,300.19601748714035,2042.0081458417085,1.0152888991506486,34.9
2702000,-2746032.43982457,300.39016797326684,2039.0271757769342,1.016773207869738,34.9
2704000,-2746264.1250037495,299.2079659023544,2040.4997078136853,1.0160394507822141,34.9
2706000,-2743654.80078342,301.6794872141008,2040.752448495758,1.01591361753674,34.9
2708000,-2746916.1759477872,301.68300265134576,2043.2928603891055,1.0146505391564278,34.9
2710000,-2746602.4450687766,300.79427314549656,2042.883848703655,1.0148536852762753,34.9
2712000,-2742689.4530099314,299.76171093484254,2040.5104796230544,1.016034087132586,34.9
2714000,-2748333.933788011,299.15310297886884,2039.0710508804355,1.0167513297553321,34.9
2716000,-2744409.1576470733,300.8350244648063,2042.7686306137439,1.01491092597471,34.9
2718000,-2742817.896183677,300.4066321199097,2041.9276933893084,1.0153289017825222,34.9
2720000,-2745042.9418205414,299.8689905119274,2040.030777226358,1.0162730021490474,34.9
2722000,-2743927.632232804,299.88663857068104,2039.5407895543242,1.0165171557570676,34.9
2724000,-2746963.801155288,300.0905091970634,2041.9542128584662,1.0153157154028638,34.9
2726000,-2744645.299214216,301.6245783188715,2043.6741981773466,1.0144612112328357,34.9
2728000,-2744457.4122488312,301.6006214575423,2043.0637506179835,1.0147643223669245,34.9
2730000,-2743042.6095025092,300.11602093661537,2041.8902373944752,1.0153475267572651,34.9
2732000,-2745700.568641631,299.86041348422634,2037.2539692095597,1.0176581976437056,34.9
2734000,-2747784.102995323,300.6658734112709,2038.2270436418808,1.0171723552170446,34.9
2736000,-2740152.1131683663,301.3758472651596,2044.8672412239707,1.013869341076313,34.9
2738000,-2743770.311497409,299.8336303217362,2039.8608212104123,1.016357675431049,34.9
2740000,-2745573.656116979,301.0019556638247,2039.4834243807536,1.0165457476457687,34.9
2742000,-2746231.158560643,299.55520519301086,2040.8172324434481,1.015881368252674,34.9
2744000,-2745228.4859879147,300.20339689132317,2040.6464378575022,1.0159663937791161,34.9
2746000,-2745407.8135376014,300.3990883870621,2038.2139900322295,1.0171788696315947,34.9
2748000,-2744789.102898527,301.02568240120286,2039.6837532016043,1.0164459069667187,34.9
2750000,-2748055.314968519,299.86110626617426,2040.1063036087867,1.016235378902025,34.9
2752000,-2745734.0026580878,300.02334050423553,2040.919972878353,1.0158302285240355,34.9
2754000,-2743287.54782575,300.65591783663706,2047.0611609999091,1.0127827355366337,34.9
2756000,-2742810.6096987575,300.17632262346444,2042.6610257154025,1.014964390247852,34.9
2758000,-2745964.625951361,299.3487043411981,2038.0876413337023,1.0172419283655472,34.9
2760000,-2748636.1535708904,302.0350331688514,2038.8275156017098,1.0168727793711492,34.9
2762000,-2746790.6872854624,301.0268651134328,2039.6983169014402,1.01643864941644,34.9
2764000,-2745634.9491433,301.26552277508046,2039.6499436846177,1.0164627557133694,34.9
2766000,-2743450.2591217626,301.3487852197956,2041.7333307276451,1.0154255559463372,34.9
2768000,-2744114.048871305,301.0228684797898,2042.4380819995092,1.0150751793751482,34.9
2770000,-2745244.2420094255,299.5749654684258,2038.0735095298805,1.0172489818223063,34.9
2772000,-2745340.354336854,302.0769847611588,2039.144039383963,1.016714936466489,34.9
2774000,-2746180.151614221,299.927618348263,2038.5880726592038,1.0169922164529765,34.9
2776000,-2743971.263417784,300.4508688875264,2041.6166396889776,1.015483593807368,34.9
2778000,-2745371.612929765,300.8211307343849,2045.0100834079824,1.0137985231805202,34.9
2780000,-2745037.661577847,300.00844177537334,2043.7168888291649,1.0144400204257389,34.9
2782000,-2744463.874144435,299.4447224934024,2041.29830629965,1.0156419549509723,34.9
2784000,-2744777.3148298617,301.18271472283845,2041.0610823248467,1.0157599987584884,34.9
2786000,-2744939.1391383726,300.0282527556935,2042.9630862888914,1.0148143235492186,34.9
2788000,-2743488.910803279,300.0020317022755,2043.6031457643094,1.014496482228156,34.9
2790000,-2743110.7071950566,301.07129178258407,2041.8992054098728,1.0153430673538677,34.9
2792000,-2747437.1682325862,300.12719069473417,2043.3335822107958,1.0146303180732463,34.9
2794000,-2747333.5798266213,299.1233526437087,2042.2358350138736,1.015175704442676,34.9
2796000,-2742729.3398540765,300.16419245610393,2042.5347585187817,1.0150271342024857,34.9
2798000,-2744661.304629503,301.27402915598486,2041.6557843513638,1.0154641239423972,34.9
2800000,-2746474.2810788844,301.1323168319749,2041.735949988511,1.0154242532977644,34.9
2802000,-2745509.835928835,299.0179684730561,2043.2383744490517,1.0146775962972605,34.9
2804000,-2743683.032667931,300.7038465673865,2041.618476955555,1.0154826799666639,34.9
2806000,-2744056.7545841765,300.0932289222106,2040.4571886907513,1.0160606230501517,34.9
2808000,-2744637.895099735,300.34279416688423,2042.0403380421062,1.015272893402332,34.9
2810000,-2744003.5829789657,299.8047578859944,2043.6917909691101,1.0144524784068194,34.9
2812000,-2747734.8771157283,300.6405958808781,2039.9331869053863,1.016321620608275,34.9
2814000,-2745357.148034323,301.12683704464456,2042.612045936563,1.0149887280713086,34.9
2816000,-2745282.971068248,300.7233712173675,2037.7203570937334,1.0174252788077331,34.9
2818000,-2746781.6876859367,301.75454660888704,2035.9634123676944,1.0183032709989885,34.9
2820000,-2744324.086430423,300.09826896801803,2041.8076282539118,1.0153886065266802,34.9
2822000,-2746134.998898441,300.0797136702876,2042.3344130809055,1.01512670460308,34.9
2824000,-2745102.9028275777,301.0209101948808,2041.4565541064856,1.015563225324531,34.9
2826000,-2746946.264318645,299.57015406801594,2038.582794006886,1.0169948498256984,34.9
2828000,-2743037.975359518,301.0059453956108,2042.919925473521,1.0148357635543346,34.9
2830000,-2743275.9654449616,300.76878813457125,2044.9175312116104,1.0138444073193997,34.9
2832000,-2744205.9684256427,300.0913624338733,2041.1738716972823,1.0157038707948722,34.9
2834000,-2747636.636600457,302.2381604776567,2036.4102273423084,1.018079841974683,34.9
2836000,-2744110.85655199,300.23353532408674,2042.1024867436072,1.0152419949080578,34.9
2838000,-2744294.3230977952,300.0676145421751,2042.7013599895665,1.014944349211612,34.9
2840000,-2744581.385972472,300.26480927447903,2042.8533864794806,1.0148688183742596,34.9
2842000,-2744211.9812549986,300.17432045778617,2038.9289831718079,1.0168221745630008,34.9
2844000,-2745699.4073174875,299.24691503296333,2037.7622543583075,1.017404360108312,34.9
2846000,-2747782.244621435,300.1403566654179,2042.0633871906684,1.015261433828698,34.9
2848000,-2748016.6118787806,300.03946879716,2038.2233036747882,1.0171742216421458,34.9
2850000,-2746045.9992685467,299.42627650979244,2040.0363267099206,1.0162702375951782,34.9
2852000,-2744598.8138816636,300.4705003484978,2040.652448318544,1.0159634013898757,34.9
2854000,-2744391.2581700105,300.28466763149186,2040.3765923849733,1.0161007581570578,34.9
2856000,-2745902.6177724525,300.07466669439464,2042.1833448771254,1.0152017974532193,34.9
2858000,-2745630.100120779,300.24005802852236,2043.6939554307357,1.014451404007468,34.9
2860000,-2744284.2261347864,301.12085395146704,2044.5247576060385,1.0140391769458719,34.9
2862000,-2742409.633259665,300.3713613363906,2045.494327947968,1.0135585193864312,34.9
2864000,-2743279.022283986,301.0157308326367,2044.0583463375574,1.0142705594304553,34.9
2866000,-2744060.0903588217,300.7653637632938,2043.0424314656598,1.0147749114348892,34.9
2868000,-2746564.847988071,300.84123766554313,2041.2066516797618,1.015687559484569,34.9
2870000,-2743790.3202135805,299.49736127802464,2038.8211572306564,1.0168759506421665,34.9
2872000,-2746102.9649741817,299.8464481974293,2041.4601961012459,1.0155614135449273,34.9
2874000,-2747073.809605038,299.757932988955,2040.3973998371825,1.016090396220718,34.9
2876000,-2742916.220004009,300.4721515870218,2040.3633136985309,1.0161073709417863,34.9
2878000,-2744900.913221631,299.82736114695507,2040.9025783594377,1.0158388863984054,34.9
2880000,-2742592.176589666,300.4317421667244,2041.7017062926473,1.0154412841300333,34.9
2882000,-2744703.2462253794,301.4797401225088,2042.7299065343734,1.0149301656652467,34.9
2884000,-2745194.050432671,299.0602049767099,2043.1419879567463,1.0147254643430959,34.9
2886000,-2742645.184301257,301.3046599716148,2046.6782614299786,1.0129722103950802,34.9
2888000,-2745787.514399506,300.83250659691276,2041.67151378692,1.015456300608727,34.9
2890000,-2744026.5356352963,300.16890900705795,2043.735012792628,1.014431024311394,34.9
2892000,-2740986.2729876507,300.4835704297985,2046.1454517384796,1.013235985099102,34.9
2894000,-2744224.1276632026,301.3244351211584,2038.4677050976995,1.0170522678694682,34.9
2896000,-2741837.1081379317,299.313097071226,2040.4031199327414,1.0160875476982343,34.9
2898000,-2744057.8434551004,299.60667662552976,2043.5547529852686,1.0145205062011033,34.9
2900000,-2745703.5483320877,299.7637130089515,2038.8877229473355,1.0168427516211185,34.9
2902000,-2744046.8269911334,299.65500428115564,2040.3887675019193,1.0160946950254839,34.9
2904000,-2745852.355332082,299.97545067401745,2038.667889786629,1.0169523995716996,34.9
2906000,-2743854.3483342733,300.12707021476626,2036.6648102258137,1.0179525821032955,34.9
2908000,-2747578.284767758,300.39421307262194,2038.4019912763467,1.0170850555096507,34.9
2910000,-2747198.6334632486,300.21800883992324,2041.2454628928806,1.0156682477128833,34.9
2912000,-2744765.6414822247,300.7807550076842,2041.4056697813803,1.0155885393765527,34.9
2914000,-2745117.4470164683,299.9404291711917,2040.1135868093477,1.0162317509441852,34.9
2916000,-2744826.0957899913,299.42390354963493,2039.3494121131798,1.0166125481655448,34.9
2918000,-2744185.20417089,299.9816455338171,2039.8055812767307,1.0163851993926967,34.9
2920000,-2744194.4469105955,300.5101839118282,2043.50772519697,1.0145438536320928,34.9
2922000,-2743503.420901142,300.97635037569074,2043.838922847976,1.014379450000569,34.9
2924000,-2743159.2955187447,299.330040766572,2041.9802039425065,1.0153027920865478,34.9
2926000,-2745098.846209137,299.66057296830814,2037.9026651088511,1.0173342613188778,34.9
2928000,-2744469.0118235946,300.202983319284,2038.1718113164015,1.0171999195245673,34.9
2930000,-2745088.7420606706,300.4986188903954,2042.042239516575,1.0152719480176344,34.9
2932000,-2744118.74160167,300.13613830761307,2042.958157284385,1.0148167719715497,34.9
2934000,-2746179.903756555,298.8875802027454,2042.2544310132917,1.0151664606351845,34.9
2936000,-2747208.605081415,301.40501673994424,2042.8736908632502,1.0148587314628388,34.9
2938000,-2748331.438055724,300.08551340590697,2038.5741616036653,1.016999156320788,34.9
2940000,-2744871.836142227,301.15354462681836,2044.5558495513153,1.014023756261421,34.9
2942000,-2743663.749891475,300.7714581184414,2042.16310546085,1.0152118588884333,34.9
2944000,-2748981.6189306155,300.4979861689744,2042.5901655249002,1.0149996007228947,34.9
2946000,-2745655.651436016,299.6898483659715,2042.659418397829,1.0149651888979285,34.9
2948000,-2744612.5299091097,300.2819972661272,2040.9397102763292,1.0158204046936716,34.9
2950000,-2745033.6261317357,299.583488625611,2041.752498690386,1.0154160231360503,34.9
2952000,-2741870.114571238,299.24444181242575,2041.4109851153664,1.0155858950328518,34.9
2954000,-2743495.1236232724,300.70857952477496,2041.4084035556546,1.0155871793401106,34.9
2956000,-2743567.5745116565,299.74385229925844,2041.6371897459137,1.015473372478243,34.9
2958000,-2743753.820728855,299.6614643609087,2037.0916819334002,1.0177392705666484,34.9
2960000,-2745160.686290249,300.32351370175434,2040.714987724649,1.0159322663474373,34.9
2962000,-2746058.248477172,300.07157134124765,2039.746274118291,1.016414751557503,34.9
2964000,-2743400.678436814,300.9328309698526,2042.038821716375,1.0152736472980934,34.9
2966000,-2745323.624736352,300.196638856595,2044.4323704111541,1.0140850010271263,34.9
2968000,-2746388.8596059363,298.9030620105114,2038.923699468673,1.0168248095740668,34.9
2970000,-2744404.045838902,301.3472998360815,2037.181221343031,1.0176945382804432,34.9
2972000,-2740876.946287377,299.6581084728047,2042.4933072245315,1.0150477336278365,34.9
2974000,-2745489.2619572543,300.74946271363103,2042.142108671312,1.0152222970404343,34.9
2976000,-2745672.8195649683,300.97662187272533,2038.985886638917,1.0167937973645387,34.9
2978000,-2745341.703348508,300.62619511167264,2042.3713174769002,1.0151083618866648,34.9
2980000,-2745632.808147423,299.2467647315726,2037.6034139011558,1.0174836714073439,34.9
2982000,-2742921.124710344,300.46861524052036,2042.4815292862816,1.015053586884944,34.9
2984000,-2746387.5368765313,300.1300812673072,2042.2292493564619,1.0151789781199108,34.9
2986000,-2744658.1544368863,300.6617948609092,2041.784054173186,1.0154003300255143,34.9
2988000,-2746976.8079366125,300.6246714050921,2037.5557890540913,1.0175074535803286,34.9
2990000,-2742835.232113695,299.5999255039652,2039.222373106517,1.0166758808603913,34.9
2992000,-2742978.416679805,300.36310263735845,2039.7683268744245,1.0164037626886442,34.9
2994000,-2744703.222530462,300.42110363181496,2041.6217036979574,1.0154810750165322,34.9
2996000,-2742996.146321444,300.4001647760424,2041.9803203149756,1.0153027342244365,34.9
2998000,-2747541.5775934495,299.9929984358003,2041.383160450878,1.0155997377730763,34.9
3000000,-2747582.5966422036,301.1722272486682,2038.2005932768202,1.0171855553800775,34.9
3002000,-2744264.8237320688,300.46629413254266,2040.0309149574687,1.016272933536161,34.9
3004000,-2747663.8966843914,300.56003024785383,2039.3368632018046,1.0166188038170754,34.9
3006000,-2746022.2813566364,301.2320500258876,2037.5324406045459,1.0175191133806676,34.9
3008000,-2745336.569372082,298.9970969203792,2036.970428817389,1.0177998527214491,34.9
3010000,-2743942.526654685,300.9582771294462,2045.357031782563,1.0136265552823474,34.9
3012000,-2746510.2360259946,300.5002929784287,2040.2796286466496,1.0161490480711663,34.9
3014000,-2745322.862001881,299.7857358091061,2040.7681814615426,1.0159057855182236,34.9
3016000,-2743655.5939468294,298.97602955521813,2044.795798370174,1.0139047645250319,34.9
3018000,-2744128.17593218,300.4217579927145,2042.9071423725873,1.0148421136951353,34.9
3020000,-2745118.2759413365,300.11854394310706,2040.951075650209,1.0158147479296111,34.9
3022000,-2744505.704769101,298.605812976351,2038.7564777707114,1.016908210987154,34.9
3024000,-2745999.237141434,299.26392190863044,2039.401816284924,1.0165864254377204,34.9
3026000,-2743284.4511349928,299.74124826099955,2042.4099624891435,1.0150891547363894,34.9
3028000,-2743712.822529517,299.46938559409483,2042.0837640821815,1.0152513030630268,34.9
3030000,-2744772.893063223,301.74865993912823,2044.042208051782,1.0142785673806225,34.9
3032000,-2742863.665573243,300.7985707857905,2041.8110615183891,1.0153868991710393,34.9
3034000,-2747680.333062567,300.17765583939547,2038.6355091457924,1.0169685523220322,34.9
3036000,-2747162.21456171,300.7055634117174,2038.597545228955,1.0169874908857706,34.9
3038000,-2743853.0010779817,300.4689073179355,2038.0256389070628,1.0172728757034188,34.9
3040000,-2745296.7480260935,301.0640505376555,2042.861359099294,1.0148648576731514,34.9
3042000,-2744624.8109409288,300.09857162549616,2037.1955926764015,1.017687358985764,34.9
3044000,-2746923.230400564,300.9470489305822,2037.1125959576489,1.0177288219425389,34.9
3046000,-2747644.8025145233,299.67169573486194,2040.4152104200261,1.0160815268680066,34.9
3048000,-2743195.533361735,300.27955003521816,2042.338708732791,1.0151245694866453,34.9
3050000,-2746468.4975965153,301.2631379755431,2041.159842402191,1.0157108519283595,34.9
3052000,-2746368.6154019386,299.6084730878283,2040.845349424398,1.0158673723283447,34.9
3054000,-2746978.0659615584,299.20421304628405,2040.078681389729,1.0162491385067436,34.9
3056000,-2744190.795643406,300.82778479351896,2047.5402194905837,1.012545776983122,34.9
3058000,-2745786.898572661,300.58878496006196,2039.7436328164376,1.0164160677318124,34.9
3060000,-2744157.1921891794,299.8636315809273,2039.6092225185814,1.016483049575639,34.9
3062000,-2745007.250012934,301.2589839859392,2041.3555723041336,1.0156134632185496,34.9
3064000,-2742848.7512132153,299.93506361719164,2043.0656822187134,1.0147633629658035,34.9
3066000,-2743962.6060831323,300.15129679501285,2043.2221053353512,1.0146856756466078,34.9
3068000,-2746694.7548483275,299.40079955155005,2042.1288365482521,1.0152288951330806,34.9
3070000,-2745604.5293079484,299.32832349929186,2040.5633340282948,1.016007769950226,34.9
3072000,-2744796.7665659394,299.16477070975094,2044.3182438687131,1.0141416135507662,34.9
3074000,-2744318.5027264506,300.7017527883018,2043.7916046768912,1.0144029350663901,34.9
3076000,-2742985.663686894,299.7854285691095,2041.4130339454646,1.0155848757570296,34.9
3078000,-2744228.3936937023,300.6802434183325,2039.2776477548246,1.016648323846848,34.9
3080000,-2744358.869310664,300.9819383971643,2040.9236407334956,1.0158284029201503,34.9
3082000,-2744831.892461229,300.2972474525112,2041.299090073026,1.0156415649869892,34.9
3084000,-2744965.9234774485,300.36522657923996,2040.0479129879816,1.016264465775074,34.9
3086000,-2747304.250108719,300.10801347624954,2039.3162898125388,1.0166290598496932,34.9
3088000,-2746027.296188146,300.6597658415305,2042.5163085103327,1.0150363029220326,34.9
3090000,-2748028.895360276,300.8300351620905,2040.9292177805937,1.0158256270655066,34.9
3092000,-2744243.1830402873,302.15276004338216,2042.246353996326,1.0151704755850504,34.9
3094000,-2742890.711700909,301.1906584820098,2042.0911669575694,1.015247622630436,34.9
3096000,-2739635.725722125,300.5029434136435,2048.763240788731,1.0119413318105688,34.9
3098000,-2743621.7235536855,301.3953123256034,2043.2340423260546,1.0146797476455927,34.9
3100000,-2743579.620780049,300.11192671963465,2040.7070825710703,1.0159362017973899,34.9
3102000,-2744744.0236336216,299.98276328211307,2041.3806573132792,1.0156009830998014,34.9
3104000,-2747006.8436811604,300.31564325467303,2042.6467174891168,1.0149714998180206,34.9
3106000,-2747209.449824486,300.3208104290322,2038.5508987632934,1.0170107617651487,34.9
3108000,-2743907.7311363276,300.1947381544455,2043.417395166692,1.014588701922625,34.9
3110000,-2742370.516954653,300.61502218886267,2040.8807308486398,1.0158497608952362,34.9
3112000,-2744372.419106096,300.3945693829788,2040.6662285261605,1.0159565407938573,34.9
3114000,-2742267.6492118686,298.93993222507214,2043.2933662307973,1.0146502879675607,34.9
3116000,-2746941.7830351703,301.5676288758703,2039.367353631877,1.0166036044247284,34.9
3118000,-2744990.214137383,299.92778221821254,2039.9712356211292,1.0163026645897928,34.9
3120000,-2744555.403097518,300.11296081601574,2039.2332494116283,1.0166704583923716,34.9
3122000,-2745683.211491242,299.96366779675543,2039.2732582951758,1.0166505121444567,34.9
3124000,-2745680.2175811566,300.2962339629286,2039.0145850637723,1.0167794863436168,34.9
3126000,-2747274.6602107473,300.5253863556547,2037.3674572059513,1.0176015107709209,34.9
3128000,-2746081.589111328,300.64814762964266,2038.9005833922397,1.016836337845827,34.9
3130000,-2744286.2241449,301.3837205211629,2038.8250899053664,1.0168739891976293,34.9
3132000,-2743471.448199708,300.78136077962085,2041.6637068082487,1.0154601835428527,34.9
3134000,-2745338.9956136085,299.7784118234926,2044.4126128765504,1.0140948013088174,34.9
3136000,-2745799.2957379986,300.94967159408617,2043.5093431052283,1.0145430503869868,34.9
3138000,-2746650.852817891,299.8565088332088,2042.7003970563974,1.014944827658466,34.9
3140000,-2747251.511649858,300.91203718691435,2036.3209693972265,1.0181244674124157,34.9
3142000,-2745673.925191311,300.7634033743029,2042.5264699529268,1.0150312531793362,34.9
3144000,-2744088.8263574596,301.3100509693944,2042.1920830021163,1.0151974536109967,34.9
3146000,-2744643.0725742914,301.05552101734537,2043.2476107289394,1.0146730095569036,34.9
3148000,-2745151.6666565835,299.9380410852059,2040.309349488228,1.016134245999664,34.9
3150000,-2741541.709577441,299.91373369008085,2044.4949121787263,1.0140539798355084,34.9
3152000,-2745003.7812323514,300.510931879077,2044.4635188788106,1.0140695509134101,34.9
3154000,-2744411.0322686695,300.98526609561435,2040.6835748678232,1.0159479048987643,34.9
3156000,-2745050.6096234545,300.771679027136,2042.8059298842595,1.0148923948765656,34.9
3158000,-2742735.3789918106,300.3315719529268,2043.8033976022994,1.0143970818722126,34.9
3160000,-2745251.4988882765,300.1440380494913,2043.3895093021515,1.0146025478795397,34.9
3162000,-2745356.530425472,301.52369465801064,2043.3978528911323,1.0145984050609367,34.9
3164000,-2746645.828746086,299.5519727066749,2041.3303667859018,1.0156260036010767,34.9
3166000,-2744447.538668383,300.4925371021689,2042.00518499696,1.0152903712883432,34.9
3168000,-2745609.414110981,300.83973144349716,2039.495333242831,1.0165398119111255,34.9
3170000,-2745534.3158207126,300.6051928390632,2040.299681469549,1.0161390609809924,34.9
3172000,-2744735.2098198496,300.1881249748232,2037.7804623970396,1.0173952693655473,34.9
3174000,-2744921.7279310673,299.8381153828404,2038.9163677909758,1.0168284659436446,34.9
3176000,-2746696.004076518,299.96093831803825,2040.587507030833,1.015995734221144,34.9
3178000,-2743980.4937786236,300.42157314219605,2040.5556241597358,1.0160116087509272,34.9
3180000,-2743993.840639105,300.2401741697293,2036.6469371755186,1.0179615153736459,34.9
3182000,-2743137.378300747,300.72964772533,2040.3594166726132,1.0161093116767015,34.9
3184000,-2747268.1950753853,300.1527441266076,2041.013656243706,1.0157836014992019,34.9
3186000,-2745217.490147805,301.91956424330056,2041.2339175769628,1.0156739923806977,34.9
3188000,-2747025.5274472665,300.47314184978353,2037.936991416718,1.0173171256914249,34.9
3190000,-2745662.5600708146,300.68892898412986,2039.985232637676,1.0162956913995043,34.9
3192000,-2744950.402861379,300.22182671748766,2039.3597894451345,1.016607375107835,34.9
3194000,-2744664.1096250173,300.2802905942481,2039.7555549025801,1.0164101269219508,34.9
3196000,-2746105.848946832,300.0665449565211,2040.9865253456303,1.0157971043425655,34.9
3198000,-2744391.979355667,300.34822586668804,2042.9791984890153,1.0148063200945179,34.9
3200000,-2743681.2690289207,300.4523587689981,2043.5362094196018,1.0145297122173904,34.9
3202000,-2743317.458768651,301.1621921015406,2042.2124907102218,1.0151873088031487,34.9
3204000,-2745387.859788941,300.5496726206067,2047.0275730894066,1.0127993534153212,34.9
3206000,-2745963.055600444,300.1049076897107,2038.7064929610965,1.0169331434448166,34.9
3208000,-2744247.608236259,299.9041139314953,2041.152475180933,1.0157145179781384,34.9
3210000,-2740988.354385527,301.9327672370773,2047.2039849050213,1.0127120783933368,34.9
3212000,-2744850.2387465984,300.86178017647956,2043.0496260465193,1.014771337914177,34.9
3214000,-2740514.5973866843,300.70226422605873,2044.3370193050555,1.0141322995525714,34.9
3216000,-2745607.9701168314,301.49002243978276,2040.4457328700662,1.0160663275921127,34.9
3218000,-2743222.2267497014,301.24838845479684,2038.7805565243577,1.0168962009244649,34.9
3220000,-2747509.162954226,298.9952537978343,2041.769590179463,1.015407523170162,34.9
3222000,-2744432.243028816,299.57442996373965,2038.3952454710054,1.0170884214210534,34.9
3224000,-2747534.1875593215,300.93231215176587,2038.0389058220155,1.0172662536155446,34.9
3226000,-2746504.2916961294,300.46918415572344,2040.2484196745322,1.0161645917505548,34.9
3228000,-2747835.993473286,299.8449950775301,2040.5592555904332,1.0160098006310527,34.9
3230000,-2742083.411160279,300.4920255202239,2041.4217921337633,1.0155805186547346,34.9
3232000,-2747246.1997071784,300.43042161116637,2040.5874583671591,1.0159957584504833,34.9
3234000,-2744660.81289367,298.70042467639337,2040.4649983440313,1.0160567341909041,34.9
3236000,-2745687.5636511613,301.10911047759157,2043.217829915986,1.0146877988694594,34.9
3238000,-2744980.98185974,299.7144374228593,2040.757016600688,1.0159113434786493,34.9
3240000,-2743295.1379716564,300.3807454095364,2042.9596719762374,1.0148160195657547,34.9
3242000,-2743664.5670415387,302.0002197113897,2039.1473492407788,1.0167132861782624,34.9
3244000,-2745208.3941234406,300.62477074428693,2039.678647212229,1.0164484514665635,34.9
3246000,-2743682.6631439514,300.6637896221097,2040.6145601917606,1.0159822648003944,34.9
3248000,-2743015.9625795763,299.7777915415114,2040.618948442673,1.0159800799803897,34.9
3250000,-2744839.5085234437,299.2886987915795,2043.1556018795004,1.014718703040102,34.9
3252000,-2743903.1700867023,299.6215458649049,2042.8301932709226,1.0148803406555738,34.9
3254000,-2744570.3582378346,300.9147230191136,2043.0576576768292,1.0147673486639448,34.9
3256000,-2745381.7931766845,301.326852261848,2044.4832760015765,1.0140597513240242,34.9
3258000,-2743563.448391624,300.4778920284282,2044.050502687867,1.0142744514981654,34.9
3260000,-2748295.8885272257,301.1814286523937,2039.9612974615238,1.0163076157514155,34.9
3262000,-2748412.56640961,300.3471270638889,2038.457975188618,1.017057122434153,34.9
3264000,-2746182.1738512125,299.695815861836,2042.4201285347451,1.0150841021801142,34.9
3266000,-2745325.2778464053,299.3652254706165,2041.4960187701483,1.0155435932210406,34.9
3268000,-2745185.2758056577,300.7964521788918,2043.8731745478167,1.0143624507949047,34.9
3270000,-2746114.3339479957,300.59484855616245,2040.6481839056673,1.0159655244836285,34.9
3272000,-2743937.1605625525,301.31588237923455,2044.4952407357566,1.0140538168737379,34.9
3274000,-2743018.6443415564,299.95981406314695,2043.5661219266797,1.014514862134062,34.9
3276000,-2741634.0283311848,298.7679115760782,2042.8387496148566,1.0148760898720754,34.9
3278000,-2744484.690414656,300.2689049086864,2043.5278956970194,1.014533839647506,34.9
3280000,-2746129.2510627396,300.7804901506919,2042.4825192138971,1.015053094920108,34.9
3282000,-2746140.17342831,301.0247843493153,2040.22947226551,1.0161740287704661,34.9
3284000,-2748407.3859288394,301.0026160080443,2041.3837979374093,1.0155994206199987,34.9
3286000,-2744999.762550732,300.5914294454461,2042.9238053892727,1.0148338361808056,34.9
3288000,-2744580.52775947,300.19743102866596,2039.6880724536554,1.0164437545365859,34.9
3290000,-2744367.1230356134,300.7048848465422,2043.001487581646,1.0147952485841896,34.9
3292000,-2744063.4882511776,299.8033220747468,2045.786813259043,1.0134136113359373,34.9
3294000,-2742944.901301099,300.45630002218866,2046.457370171707,1.013081548957129,34.9
3296000,-2745830.9900709726,300.172066930448,2039.7511407033144,1.016412326522062,34.9
3298000,-2748557.578041006,300.01699325552755,2037.1548754430537,1.017707699812164,34.9
3300000,-2744245.672616016,301.4823080073631,2041.106755470525,1.0157372694454463,34.9
3302000,-2745775.44329476,301.59284232365314,2043.9182040007458,1.0143401034298576,34.9
3304000,-2747006.5306180324,300.7788527795031,2037.3753045510766,1.0175975912818422,34.9
3306000,-2743219.0682775043,299.5176443011228,2040.495240259725,1.0160416753456352,34.9
3308000,-2746237.2556140553,300.52116788777704,2042.530906715577,1.0150290483398707,34.9
3310000,-2745434.18295973,300.27132023083914,2043.3109550565296,1.0146415538553837,34.9
3312000,-2746479.1519499123,299.4123582332288,2039.4112508163378,1.0165817226017613,34.9
3314000,-2747958.512433665,301.3484787851176,2038.3803601346801,1.0170958487410577,34.9
3316000,-2745052.9162892643,301.61634506090763,2039.4030922908141,1.0165857893838322,34.9
3318000,-2750033.5826232247,300.10585093147915,2037.0779604310453,1.0177461259310814,34.9
3320000,-2745043.217980584,301.77254709575215,2041.4262493475421,1.015578301254286,34.9
3322000,-2744491.000972312,300.2625280920343,2042.6525447271083,1.014968604327792,34.9
3324000,-2746223.2857135665,299.6476525619948,2042.2330181344842,1.0151771046881393,34.9
3326000,-2744847.467269372,300.4420048375498,2041.493332369541,1.015544929574622,34.9
3328000,-2744292.5644320305,300.17264951296323,2041.9737174395202,1.0153060172821207,34.9
3330000,-2745118.5281616095,300.5763024711695,2040.8646728826975,1.0158577538215088,34.9
3332000,-2744724.596472217,300.45753793899297,2039.3863069192998,1.0165941564941208,34.9
3334000,-2745264.646303218,300.2328598589675,2041.18132250869,1.0157001632271494,34.9
3336000,-2745458.216733368,301.12115084704067,2040.9744796319744,1.0158030995184844,34.9
3338000,-2744110.6716981214,300.3810919634913,2043.043136467759,1.0147745612619388,34.9
3340000,-2743577.3385068104,300.6084726395934,2039.1786756888143,1.0166976671369758,34.9
3342000,-2745577.0701619554,300.437436129901,2038.724546631739,1.0169241381203515,34.9
3344000,-2744981.1903397515,300.39993561633736,2040.0859425706485,1.0162455214194923,34.9
3346000,-2747311.962498963,301.0377538415175,2037.7097482708448,1.017430575776349,34.9
3348000,-2744913.1402854156,299.8895252007965,2042.5545665747456,1.0150172907864967,34.9
3350000,-2744456.4119652975,300.6790418908846,2043.3549123935998,1.0146197265455426,34.9
3352000,-2746214.6538021658,299.7397787689503,2040.357906383869,1.0161100638086935,34.9
3354000,-2744487.4708265234,300.6743140272958,2042.5374349550332,1.0150258041630107,34.9
3356000,-2746450.5547216833,301.13195308204536,2043.8675387207884,1.0143652478310181,34.9
3358000,-2747252.736828359,300.2716773648379,2043.5507361472803,1.0145225003598177,34.9
3360000,-2749593.357831573,299.9697602079441,2038.473117047361,1.0170495676937186,34.9
3362000,-2743767.2270962317,301.0807566093374,2043.3676890444162,1.014613382390241,34.9
3364000,-2742445.1978747305,299.8033554721804,2041.3193073883506,1.0156315060286962,34.9
3366000,-2746068.7335113343,300.56458727290715,2041.8844068514613,1.0153504260533317,34.9
3368000,-2749182.9496881366,298.93618020757475,2037.8213334054728,1.0173748642544844,34.9
3370000,-2746516.72605573,299.81543958123365,2039.4954180790874,1.016539769626435,34.9
3372000,-2741400.4440011512,299.92258414896406,2044.4397280051865,1.0140813515061111,34.9
3374000,-2744075.776116673,299.74168976726764,2041.7056067261626,1.0154393442513334,34.9
3376000,-2746689.055031389,300.0912351108125,2039.5800419334962,1.0164975925548334,34.9
3378000,-2744834.6795849893,300.80127829158783,2041.1582946494989,1.0157116221132148,34.9
3380000,-2741988.6243076473,301.4724950181689,2041.8209699688211,1.0153819717504144,34.9
3382000,-2745575.409339985,301.1054005089533,2038.616708811206,1.0169779309114282,34.9
3384000,-2747731.8664917108,299.34810014720097,2037.7196252157155,1.0174256442315075,34.9
3386000,-2747075.1719162166,300.0207399905987,2037.521728309414,1.017524462999714,34.9
3388000,-2744791.3336225506,299.74034210809623,2038.5626739975671,1.017004887263407,34.9
3390000,-2745278.1322713476,300.69273296175265,2040.376729809571,1.0161006897200697,34.9
3392000,-2744083.783381989,299.8918718489043,2039.048681545261,1.016762484001668,34.9
3394000,-2744313.484664893,300.5106017979668,2041.342375703325,1.015620028822443,34.9
3396000,-2745631.2086140886,300.9919006029185,2041.2267868108402,1.0156775405085896,34.9
3398000,-2747202.50414226,300.49380966919995,2039.3920576848725,1.0165912898581277,34.9
3400000,-2747342.9631765503,300.97993119659003,2041.3719735157695,1.0156053033674461,34.9
3402000,-2746517.099645309,299.4362657897186,2040.8824228958474,1.0158489186782949,34.9
3404000,-2746185.549549628,300.3176653213214,2041.4400733626185,1.015571424065026,34.9
3406000,-2747581.0661679246,300.0258478672947,2040.6377584577706,1.0159707149666513,34.9
3408000,-2744285.3332137577,299.4011650076591,2040.2910488984219,1.0161433603150134,34.9
3410000,-2745757.8480240237,300.24082352757307,2039.4958812914497,1.0165395387488971,34.9
3412000,-2746942.7226688676,300.9016878956282,2038.9171713424937,1.016828065204434,34.9
3414000,-2744935.8106927965,301.6235643088792,2043.7527439112125,1.0144222233461886,34.9
3416000,-2747006.2197858617,300.91093611217343,2043.7223417823113,1.0144373137498914,34.9
3418000,-2745140.4355077352,300.1687663379184,2038.5733579695225,1.0169995572360861,34.9
3420000,-2745827.831458021,300.99875672341074,2041.3359307768783,1.0156232353482701,34.9
3422000,-2743869.649575321,299.5037650240036,2040.6500955777176,1.015964572731586,34.9
3424000,-2745466.778208874,299.6126307411847,2043.3263010398562,1.014633933597983,34.9
3426000,-2744146.1058519,300.55630494099165,2041.7603893645066,1.01541209891606,34.9
3428000,-2747565.4237409476,299.70379438717134,2038.836364736533,1.016868365851517,34.9
3430000,-2742877.4423191864,299.8626029792281,2039.6533741944506,1.0164610461162769,34.9
3432000,-2746665.802554641,299.7704206511799,2042.3082376050477,1.0151397150899693,34.9
3434000,-2744615.1646595914,300.1048686628718,2036.6368495906625,1.01796655739828,34.9
3436000,-2747129.9650347605,300.2310915669621,2038.7620672489181,1.016905423027551,34.9
3438000,-2747986.826507179,299.4592600934325,2039.6495824545755,1.0164629357329606,34.9
3440000,-2743290.030428,300.0300483397406,2039.963490874023,1.0163065229956691,34.9
3442000,-2741841.1723104566,299.66840663508634,2042.9783622058972,1.014806735500481,34.9
3444000,-2746186.5268551856,300.56014659657694,2038.4365863551557,1.0170677941742299,34.9
3446000,-2745699.4802984428,301.34334584032905,2040.1323865722088,1.0162223863970334,34.9
3448000,-2742965.897208603,300.03676824933143,2039.6841451669109,1.0164457116367054,34.9
3450000,-2745181.247634951,299.0307969011069,2036.651584884697,1.0179591923503495,34.9
3452000,-2745717.485592462,299.51487708973997,2034.5688858869294,1.0190012325606284,34.9
3454000,-2744901.2810203955,299.9775566965527,2040.70408199822,1.0159376955909347,34.9
3456000,-2745235.510096114,299.30648357007965,2042.593674572791,1.014997857017207,34.9
3458000,-2745599.8657915443,300.0429080221045,2042.4984592534934,1.015045173256103,34.9
3460000,-2745398.5976792965,300.27458340371567,2038.4997088696725,1.0170363004848648,34.9
3462000,-2746495.7312154267,300.63758251323117,2037.8927960706974,1.0173391880307536,34.9
3464000,-2746727.702781422,299.9416233285498,2042.216998490719,1.0151850679827288,34.9
3466000,-2743966.4883867446,301.34988643383355,2040.295991986551,1.0161408984731033,34.9
3468000,-2748202.9805833846,299.1303435549148,2034.9878769233778,1.0187914267001539,34.9
3470000,-2746467.3962742537,299.6933349515463,2041.135893607528,1.0157227693370465,34.9
3472000,-2744535.60671317,297.6315797879924,2042.0569877054927,1.0152646154982274,34.9
3474000,-2747396.1103747245,299.8240051865876,2042.244320714448,1.0151714863004238,34.9
3476000,-2745342.993603211,300.2432403030244,2041.4091720073661,1.0155867970406105,34.9
3478000,-2745279.622036772,299.65997533873644,2043.658231901549,1.0144691368082726,34.9
3480000,-2743470.8041686155,299.837080274361,2040.8116892700634,1.0158841275501593,34.9
3482000,-2744767.629067529,299.1583084749512,2043.4486281028173,1.0145731945182865,34.9
3484000,-2745038.55826818,299.48523577185506,2042.2953926963792,1.0151460997574238,34.9
3486000,-2743923.144726813,300.0912463407309,2041.6037123055362,1.0154900238239852,34.9
3488000,-2746272.5644506346,299.5245410112723,2042.8691407879253,1.014860991854158,34.9
3490000,-2742039.954520747,300.0204155262047,2043.3076484314183,1.014643195820187,34.9
3492000,-2742431.084086247,300.9271327675211,2044.8525088018328,1.0138766456379191,34.9
3494000,-2741921.788358055,300.4174032943603,2044.2969089469498,1.0141521974497525,34.9
3496000,-2742349.065620661,299.6217676495147,2045.427880786665,1.013591445546801,34.9
3498000,-2742776.3183196858,300.67985014894975,2041.9623529438795,1.0153116679449699,34.9
3500000,-2743036.1856659707,301.30025034303526,2042.7619408937194,1.0149142496463572,34.9
3502000,-2742569.0479147527,300.57475334303365,2043.426325085152,1.0145842680977948,34.9
3504000,-2742260.7690610867,299.8149784447912,2042.3121722334852,1.0151377593666253,34.9
3506000,-2745219.5161052346,300.6330874909622,2038.6982098552355,1.0169372751818437,34.9
3508000,-2745343.181017142,299.6449528847321,2039.9464431163879,1.0163150162320211,34.9
3510000,-2745387.6886325013,299.93817742089135,2039.7303469562646,1.0164226881960192,34.9
3512000,-2744819.3415625747,301.3415701434295,2043.3549262306883,1.0146197196747917,34.9
3514000,-2746488.454557022,299.7569154489516,2043.68033018826,1.0144581673677426,34.9
3516000,-2746992.7146780677,300.00766717862393,2041.3956612329887,1.0155935186009313,34.9
3518000,-2744317.7232439164,300.27430323485635,2041.1324836580577,1.015724466220197,34.9
3520000,-2743305.3912840225,300.61824990869076,2039.7423588001977,1.016416702581881,34.9
3522000,-2747177.843584614,300.91826017888553,2039.4523948362519,1.0165612140286047,34.9
3524000,-2745824.9976548683,299.8429702746928,2041.2100505574124,1.0156858682339576,34.9
3526000,-2744912.3682907354,300.17404191684255,2040.4744482837857,1.016052028581906,34.9
3528000,-2744459.8748076577,299.73448744034835,2043.1964716645655,1.0146984057579413,34.9
3530000,-2742776.522485789,300.3385842016259,2040.280026618297,1.0161488498638098,34.9
3532000,-2748938.3271439057,301.7274243725166,2036.501402271391,1.0180342621595702,34.9
3534000,-2745619.5229960456,301.9148697737543,2040.0518083906857,1.016262525256048,34.9
3536000,-2747898.8468320444,301.1938247918747,2036.7840816314504,1.0178929721346033,34.9
3538000,-2746416.654559383,300.5221062927493,2041.8486401891842,1.0153682117476612,34.9
3540000,-2744726.5116765145,300.65863691441905,2040.2123957422616,1.01618253411994,34.9
3542000,-2743655.0402850583,301.07710189306243,2039.4629253809433,1.0165559651254925,34.9
3544000,-2746702.962856589,300.6354838311908,2038.567990561594,1.0170022349252836,34.9
3546000,-2747356.158994697,300.0571342513106,2038.7443817888402,1.0169142443591621,34.9
3548000,-2746925.8481223844,299.8056369945018,2039.044759963646,1.0167644394845208,34.9
3550000,-2745448.262225928,300.25372402793874,2039.3168256712488,1.0166287927163424,34.9
3552000,-2744364.764429467,300.26964484918375,2042.237475736059,1.015174888856183,34.9
3554000,-2745949.8802916966,299.40081546162935,2040.9231559372652,1.0158286442177118,34.9
3556000,-2744765.2278077044,299.403148346763,2043.462242369431,1.0145664350736134,34.9
3558000,-2745495.098675115,300.4476301370706,2041.2292645171535,1.0156763076482256,34.9
3560000,-2744761.6600232366,300.98793988031144,2039.9544289882497,1.0163110376326094,34.9
3562000,-2745326.388703868,299.8598196195123,2042.4027694781278,1.0150927297156154,34.9
3564000,-2746019.316234596,300.7435172683349,2040.870800639754,1.0158547036874594,34.9
3566000,-2745235.656736521,299.9768654741182,2043.0645957900058,1.0147639025806798,34.9
3568000,-2747036.3893244825,301.3699119776455,2038.449230849402,1.0170614853058624,34.9
3570000,-2745089.575255923,300.5797830097797,2041.8129286087094,1.0153859706731228,34.9
3572000,-2744520.566622773,301.30028169611364,2038.7763771516848,1.016898285502372,34.9
3574000,-2746421.680835856,300.618497306621,2041.4139965747638,1.0155843968577183,34.9
3576000,-2744675.3619995266,300.5215167111907,2037.4176916054037,1.017576420873554,34.9
3578000,-2744556.635987999,299.38471292911584,2041.1661623138189,1.0157077070580682,34.9
3580000,-2746035.1392518915,298.93518193343454,2040.4545153849162,1.0160619542441438,34.9
3582000,-2746109.7609228343,301.31443974834747,2040.714326872448,1.0159325953406069,34.9
3584000,-2747714.4961986206,300.31208249764114,2041.7616282969684,1.0154114827682226,34.9
3586000,-2745724.1450155787,300.0656875484318,2038.8860820545622,1.0168435699747957,34.9
3588000,-2744505.4392730054,301.0809601462485,2038.7731574484224,1.0168998914244018,34.9
3590000,-2746138.4426527787,300.65445775638426,2036.3897886656778,1.0180900601582497,34.9
3592000,-2745696.617661478,300.2180821085452,2038.9821208953795,1.016795675254802,34.9
3594000,-2744878.725361878,300.22128396003905,2040.000570069291,1.0162880505361163,34.9
3596000,-2744601.7043757252,300.24096940235603,2040.9285555864183,1.0158259566575503,34.9
3598000,-2745696.60012017,301.51984825545907,2042.4553686377021,1.0150665881287328,34.9
3600000,-2745366.1273704786,300.78955777532707,2041.1579161867676,1.0157118104420997,34.9
3602000,-2746021.691054249,300.27110741003787,2040.7955285635012,1.0158921721607326,34.9
3604000,-2743149.4473908897,300.0245225326229,2038.6538356946191,1.0169594102482267,34.9
3606000,-2745818.0668812487,300.1987660311573,2036.7612645095548,1.0179043752324657,34.9
3608000,-2743326.204366617,300.7306342010991,2039.6563086003994,1.0164595837574826,34.9
3610000,-2745269.524226008,300.6985155781933,2040.3657742507555,1.016106145580489,34.9
3612000,-2749077.0188583527,301.01309498257694,2040.1312689990827,1.0162229430782856,34.9
3614000,-2743246.4593146387,301.0537104220585,2044.5129455741828,1.0140450354869424,34.9
3616000,-2743500.0154146887,298.9898853271235,2041.3209275648396,1.0156306999318863,34.9
3618000,-2746234.1859888993,300.61112280701104,2039.9910635125484,1.0162927865372644,34.9
3620000,-2747900.898692742,300.1179239810727,2038.459725422754,1.0170562491826132,34.9
3622000,-2748345.2352240104,300.4974110081075,2037.3476818403135,1.017611388045246,34.9
3624000,-2746611.4891779367,299.8159410198296,2036.4017423640287,1.0180840839595362,34.9
3626000,-2747110.6960532367,299.7619690724018,2039.9990790469037,1.0162887933346063,34.9
3628000,-2745316.62247446,301.0111963509411,2042.4471547185415,1.015070670327324,34.9
3630000,-2745679.763025677,299.5777455625788,2043.0794432093078,1.0147565281121027,34.9
3632000,-2744799.7382144947,300.26835876075575,2043.466637712804,1.014564252817356,34.9
3634000,-2744542.078663351,299.5794926068077,2037.5955193196426,1.0174876136067186,34.9
3636000,-2746236.640790051,301.1140598514358,2041.0936926081847,1.0157437700956482,34.9
3638000,-2744638.249928342,299.9672665065146,2041.1044887307312,1.0157383974680936,34.9
3640000,-2745186.749836454,300.30771822472,2040.8570538074266,1.0158615462952032,34.9
3642000,-2745220.0112572648,301.1901730003542,2037.7916831406005,1.0173896672564051,34.9
3644000,-2748668.444886569,300.9025739998622,2038.0330200639867,1.0172691914398884,34.9
3646000,-2748472.5397921,299.40874265333997,2041.0577407092055,1.015761661758722,34.9
3648000,-2743348.7209816314,300.67017305686255,2044.1741376767982,1.0142131065235505,34.9
3650000,-2743736.1343419664,300.4162886182966,2040.253366707383,1.016162127841072,34.9
3652000,-2742739.0869029127,298.9768769977559,2040.3311019105793,1.0161234127671244,34.9
3654000,-2747678.7782659903,298.89749398997157,2039.9172480452155,1.0163295616206935,34.9
3656000,-2743333.979077665,299.8529902465644,2043.0415258985026,1.0147753612284054,34.9
3658000,-2744439.153832406,301.13361585211914,2040.858593923938,1.0158607796839616,34.9
3660000,-2743466.871359326,301.1907679907241,2044.4892647295205,1.0140567809352459,34.9
3662000,-2742502.2780245673,301.0206265706335,2042.5777568380745,1.0150057668588628,34.9
3664000,-2745894.469383953,300.3026372063788,2038.7852596431867,1.0168938551238724,34.9
3666000,-2744480.3429202326,300.1214504569748,2040.545240313719,1.016016778990669,34.9
3668000,-2745792.478062287,300.53596531022936,2038.7743919857487,1.016899275661874,34.9
3670000,-2740347.034198107,300.67717383768473,2038.9399866386714,1.0168166871189477,34.9
3672000,-2744767.4374323636,300.6093637211884,2039.9753177744733,1.0163006308870883,34.9
3674000,-2745478.194072077,300.6284493062781,2040.7735537230717,1.0159031111835046,34.9
3676000,-2745288.3327388,300.1264723609113,2038.814473289083,1.0168792843145187,34.9
3678000,-2745010.4626019895,301.1400160205303,2041.4880668759993,1.0155475489116412,34.9
3680000,-2741045.0779379867,299.14436801167255,2041.8173034183576,1.015383795101227,34.9
3682000,-2748770.023657115,299.87486960137886,2040.0994811564713,1.0162387773722852,34.9
3684000,-2744767.5745598916,300.50715091581003,2039.1497806889413,1.0167120738663102,34.9
3686000,-2747210.911022039,301.21969665912087,2040.2910973275602,1.0161433361954415,34.9
3688000,-2745156.5745089855,301.26245400361347,2041.9614049965924,1.0153121392868565,34.9
3690000,-2743824.494058566,299.7572657940999,2041.8277557754823,1.0153785972318106,34.9
3692000,-2745764.462162977,300.185934187151,2041.461822419986,1.0155606045038075,34.9
3694000,-2743465.4213085994,300.3771826862496,2037.2156881366684,1.0176773203354603,34.9
3696000,-2743071.3500431124,298.8790938298674,2042.1082706712543,1.0152391194061428,34.9
3698000,-2742951.4972250964,300.9088831498607,2041.1539211832105,1.0157137984216704,34.9
3700000,-2744716.7948019747,300.4025642383116,2040.8406124265573,1.015869730259444,34.9
3702000,-2746654.6095387638,300.29553293456956,2037.992404426529,1.0172894648406068,34.9
3704000,-2746465.5170723796,300.3491032418979,2042.6572613871456,1.0149662606835859,34.9
3706000,-2743946.3424606062,300.9492591763672,2042.0974649561665,1.0152444915222434,34.9
3708000,-2745095.5803350136,299.69101483101855,2039.116681078287,1.0167285774701034,34.9
3710000,-2746290.719929483,300.88329029872494,2038.705259525936,1.0169337586985854,34.9
3712000,-2747500.9482140616,300.36753426151336,2039.124928051585,1.016724465444737,34.9
3714000,-2743249.581773907,299.60865737355675,2041.1457644781108,1.0157178573566388,34.9
3716000,-2745789.66012262,301.29620632597357,2040.1013114345453,1.016237865653077,34.9
3718000,-2746536.252018098,299.6357086636014,2040.108761235811,1.0162341546890923,34.9
3720000,-2744254.652029693,300.4022334225112,2039.2131256082398,1.016680491319366,34.9
3722000,-2743129.221836256,300.96744662723523,2043.011493256843,1.0147902786113419,34.9
3724000,-2743370.6344879624,299.0996093081436,2041.6100644903668,1.0154868642684767,34.9
3726000,-2746667.9507842995,300.1906770251337,2038.4517745027563,1.0170602161800038,34.9
3728000,-2746984.7590686902,299.1461101889957,2042.0180949744831,1.0152839524540023,34.9
3730000,-2748579.370193189,299.486477805424,2037.1746504276132,1.0176978208584642,34.9
3732000,-2747128.3510055672,299.41552048058827,2040.6085300139814,1.015985267117393,34.9
3734000,-2744610.765883729,300.44852958934905,2038.9093793577063,1.0168319511588053,34.9
3736000,-2746031.6486752275,300.3795531736955,2039.3616224685481,1.016606461358601,34.9
3738000,-2744635.0839402657,299.17482660470756,2038.7403346300532,1.0169162630632362,34.9
3740000,-2746835.429324828,301.2979238968171,2043.2480131957225,1.0146728096926778,34.9
3742000,-2744191.1034907345,298.52587447365846,2042.864353757786,1.0148633699710143,34.9
3744000,-2742991.1683398094,301.0373270228235,2043.8489059584497,1.0143744952986427,34.9
3746000,-2745282.49797247,300.04773531691103,2039.6520327599585,1.0164617146204555,34.9
3748000,-2746025.729909146,301.1581985806291,2043.0689486639694,1.014761740568784,34.9
3750000,-2745773.1918081325,300.4710181689298,2040.9902475723202,1.015795251797166,34.9
3752000,-2748910.202184813,300.2718205670136,2041.3138644808753,1.015634214082765,34.9
3754000,-2743318.2535459436,301.49060307707094,2040.9951458761777,1.0157928139306136,34.9
3756000,-2745748.4284604043,300.0216371110865,2039.7116046700278,1.0164320277933017,34.9
3758000,-2743762.152601069,299.1675049720508,2046.0258043835395,1.013295237042693,34.9
3760000,-2743678.3750077486,300.66228264369823,2039.859472692789,1.01635834732843,34.9
3762000,-2745350.2081949003,299.56228462941647,2041.3524065592615,1.0156150382396496,34.9
3764000,-2745081.6741744503,300.18350132337963,2037.4344186074845,1.0175680667381994,34.9
3766000,-2744489.529148927,300.08614149233347,2042.674568567095,1.0149576610740414,34.9
3768000,-2746477.179394366,300.1158931184502,2042.3366832043907,1.0151255762568132,34.9
3770000,-2743619.1839535274,299.66164164751746,2043.3970721296175,1.0145987927288054,34.9
3772000,-2742781.25087489,300.80024758461553,2041.5731072994497,1.015505246927311,34.9
3774000,-2743372.8723642174,300.73625304094406,2039.181857320494,1.016696080835345,34.9
3776000,-2746525.352153519,301.5058272985253,2041.0242885788775,1.0157783099640774,34.9
3778000,-2745982.0180100724,300.49094499272246,2042.5924617286723,1.014998459699438,34.9
3780000,-2741842.0055879094,300.1288674834237,2044.8477663733943,1.0138789970293118,34.9
3782000,-2746667.2104113307,300.9393637694817,2045.2771741194492,1.0136661322399347,34.9
3784000,-2744971.778044123,299.82627933540516,2041.0882307821614,1.0157464881632323,34.9
3786000,-2743870.14065893,300.71558142898397,2043.91549147191,1.0143414495847214,34.9
3788000,-2747281.1839280166,301.20799237682513,2040.496670163399,1.016040963341668,34.9
3790000,-2746124.8982696924,299.4382319379514,2039.0561916643974,1.0167587391282213,34.9
3792000,-2741181.198471496,299.02104214962014,2041.0729105139867,1.0157541123438856,34.9
3794000,-2746290.5083218943,299.6824237441907,2038.2736807282417,1.0171490816226185,34.9
3796000,-2744959.1059404295,300.3942576226021,2044.063492486829,1.0142680058954403,34.9
3798000,-2743940.3342627753,300.48301489893765,2041.7601063247496,1.0154122396779413,34.9
3800000,-2748551.9874865543,300.48527737392243,2040.3582509262785,1.0161098922246055,34.9
3802000,-2743021.60678331,299.69829253267835,2041.2806355175767,1.0156507470726133,34.9
3804000,-2744254.690350594,300.85307213908976,2042.0944373715151,1.0152459967115153,34.9
3806000,-2748727.247723628,299.8072608928104,2042.3298051225515,1.0151289949587157,34.9
3808000,-2745102.3231217545,299.3485920338086,2043.4224588718773,1.014586187720019,34.9
3810000,-2745136.0592124425,299.85259296867,2045.3352213772616,1.013637364075822,34.9
3812000,-2744568.995266143,300.78420423472454,2042.9456183347318,1.0148230005937398,34.9
3814000,-2746811.2127430458,300.61156767874434,2040.5054064746648,1.0160366132183667,34.9
3816000,-2746682.1959975734,300.351670892147,2039.946541643156,1.016314967145326,34.9
3818000,-2744710.0299274884,301.2682132418166,2042.9738407456427,1.0148089814461845,34.9
3820000,-2747596.122457858,299.6325113932574,2038.730875606871,1.0169209812114832,34.9
3822000,-2746469.9715642817,299.49234564254215,2040.6343040252596,1.0159724348251582,34.9
3824000,-2741815.243486354,299.92974212755325,2040.2976014177686,1.0161400969190149,34.9
3826000,-2744983.258366285,300.4500621314109,2040.1030131955704,1.01623701795373,34.9
3828000,-2747548.2115109786,300.08163035806007,2036.6094761352683,1.0179802395805926,34.9
3830000,-2741282.2954832315,299.39091468416564,2040.911029881144,1.0158346797552578,34.9
3832000,-2744732.7547341455,300.81644041991314,2041.4373662057526,1.0155727708176616,34.9
3834000,-2746312.173669627,300.1918874645637,2036.8140406219989,1.0178780002003356,34.9
3836000,-2744857.535656307,300.6925763633672,2039.6140409530838,1.0164806482110187,34.9
3838000,-2744733.6654220223,300.30715544779196,2042.7267246962049,1.0149317465637098,34.9
3840000,-2745169.204872718,300.03349187787717,2042.8823457859116,1.014854431888832,34.9
3842000,-2742481.5993542746,299.91447280636464,2044.0369261890928,1.0142811883118066,34.9
3844000,-2745610.0672097914,300.71093332423715,2040.978232015573,1.01580123194203,34.9
3846000,-2746570.004305817,299.96202790631014,2043.8453052870336,1.0143762823366542,34.9
3848000,-2743328.382481465,300.77301730602204,2043.7908750977708,1.0144032971813255,34.9
3850000,-2744834.968019966,300.51803751319505,2038.8117106199486,1.016880662225484,34.9
3852000,-2746289.030199604,300.4282906397021,2038.9692300456913,1.0168021036795276,34.9
3854000,-2748518.248548383,299.9524466070025,2039.704475489757,1.0164355804291105,34.9
3856000,-2746078.5631228145,299.7694143968632,2037.4442043499507,1.0175631794097408,34.9
3858000,-2747599.0095416494,300.8572999918466,2038.9735777915266,1.01679993553122,34.9
3860000,-2745192.72390355,299.6723244767642,2038.4446684322754,1.0170637616780451,34.9
3862000,-2745038.096408006,299.73663959335886,2039.4471890195452,1.0165638088647837,34.9
3864000,-2745721.8629858755,301.4748027466647,2040.671227843539,1.0159540518631953,34.9
3866000,-2742791.4988396633,301.15974985599144,2043.912078202773,1.0143431435031638,34.9
3868000,-2748015.784920918,300.8011100681526,2043.6727953109014,1.0144619076034078,34.9
3870000,-2745973.4706016835,300.64374096729284,2042.093393673434,1.015246515595863,34.9
3872000,-2744182.308771068,299.79969189574757,2045.2824680347978,1.0136635085130021,34.9
3874000,-2746744.5338645075,300.533586917773,2040.382220747766,1.0160979552588347,34.9
3876000,-2742538.9049455132,299.9903635427006,2040.5166358272263,1.0160310217749329,34.9
3878000,-2743094.9322523642,299.4738009012822,2044.4247394644892,1.014088786164533,34.9
3880000,-2744545.2533464916,300.3898990080612,2039.928222073488,1.0163240941590335,34.9
3882000,-2743950.887778051,300.0876384865705,2043.285534808402,1.0146541768782655,34.9
3884000,-2746497.2707064394,300.7876751876744,2040.173986139005,1.0162016654137598,34.9
3886000,-2743852.4956056215,300.08977915609967,2040.194546486787,1.016191424498405,34.9
3888000,-2744383.7260065433,300.36004341012523,2041.799414286798,1.0153926913395972,34.9
3890000,-2745782.568641834,301.05726368597465,2040.7760098708436,1.0159018885073505,34.9
3892000,-2744633.2773941383,299.6232152872692,2040.2147705947127,1.016181351262323,34.9
3894000,-2744765.9030474797,299.72343728267134,2042.825619774038,1.0148826127790636,34.9
3896000,-2744689.612511201,301.07673633623784,2044.6813648439618,1.0139615091598893,34.9
3898000,-2746439.3588210903,300.5576997519271,2042.1344511046402,1.0152261039065407,34.9
3900000,-2741596.040916471,301.2080517707776,2044.827941092694,1.0138888269202813,34.9
3902000,-2742041.7302093506,300.104018416458,2041.6899073609345,1.015447152368068,34.9
3904000,-2741601.2303652056,299.37074260647444,2043.1359607081365,1.0147284577819866,34.9
3906000,-2746225.631945763,301.51777560645485,2040.0912866556214,1.016242859331548,34.9
3908000,-2745237.5953489337,299.7159957870027,2041.131731107753,1.0157248407103607,34.9
3910000,-2743143.9403870497,301.0726094238721,2036.5627033847697,1.0180036190403456,34.9
3912000,-2746294.316863401,302.1557065306851,2040.3986793013862,1.016089759065194,34.9
3914000,-2744741.6758065615,300.4393057877793,2042.5503202888767,1.0150194009198608,34.9
3916000,-2746853.7634480707,301.4194232457752,2040.6028029698873,1.0159881185260136,34.9
3918000,-2746157.183454141,300.1488119183257,2040.2219667215006,1.0161777670592498,34.9
3920000,-2747965.421481548,300.72156297943116,2038.4955986983975,1.0170383511115084,34.9
3922000,-2747881.3408059124,299.8081610912743,2040.4894051270642,1.016044580892682,34.9
3924000,-2745317.6914504077,300.5413558632034,2039.8242420051495,1.016375901293486,34.9
3926000,-2744405.0460224655,300.42999427233565,2044.0247283195024,1.0142872411102348,34.9
3928000,-2739403.7569339573,300.73098268766853,2044.2957363800015,1.0141527791470706,34.9
3930000,-2746141.821351435,300.52788521965863,2041.8805260868057,1.0153523558117066,34.9
3932000,-2744750.977326261,300.14250182631696,2039.1873045778248,1.0166933649469283,34.9
3934000,-2745446.007774692,300.6860935569955,2037.0298286122145,1.0177701736752338,34.9
3936000,-2743256.6976129953,299.7897921135342,2041.7224124168868,1.0154309860340436,34.9
3938000,-2744469.62440273,300.8694221833256,2040.5452047541812,1.0160167966962739,34.9
3940000,-2748017.1196210478,300.4125152504406,2035.162827621677,1.0187038473334795,34.9
3942000,-2743790.774903018,300.4347630517834,2041.3541541160262,1.0156141687947635,34.9
3944000,-2745948.996415928,298.99005520213933,2039.2201884656845,1.0166769700373497,34.9
3946000,-2742021.4089248944,299.2395923460255,2041.1865647192717,1.0156975546884517,34.9
3948000,-2747343.6814054847,299.65836042098465,2041.1938850746023,1.0156939120815132,34.9
3950000,-2744359.470042499,299.93114958556924,2041.5634746110966,1.0155100383754763,34.9
3952000,-2745798.0011223033,300.38035678013864,2043.322068064661,1.0146360355281387,34.9
3954000,-2746321.486990854,299.93425486627996,2039.5689509437661,1.0165031201759294,34.9
3956000,-2742655.7238961346,299.9578620227234,2041.7793994568908,1.0154026448693527,34.9
3958000,-2742759.4726303946,300.1720178980494,2045.1192510728656,1.013744407012292,34.9
3960000,-2742885.205630712,300.25327277917336,2043.0355382607431,1.0147783352869355,34.9
3962000,-2743342.30156618,300.21449170486363,2038.8681420124715,1.0168525172019702,34.9
3964000,-2746013.029743228,300.27001649228924,2041.7552953425597,1.0154146322909108,34.9
3966000,-2742629.8946266584,299.7852579920376,2042.2905404255268,1.015148511639442,34.9
3968000,-2742651.243751839,300.0369526733057,2039.5822429795226,1.016496495586082,34.9
3970000,-2745880.8891958836,300.44576796046533,2034.7070948598957,1.018932016153923,34.9
3972000,-2746159.265759317,300.1433346772083,2039.839153976163,1.0163684712135457,34.9
3974000,-2746588.456981024,299.98641766326375,2040.0822041388112,1.0162473836800445,34.9
3976000,-2748995.1034540813,299.897838609031,2037.9945246409657,1.0172884065100847,34.9
3978000,-2743175.144471539,301.53744116162187,2043.6416062515127,1.014477389825235,34.9
3980000,-2744798.4967557117,300.8498518110986,2044.009508828936,1.014294793391685,34.9
3982000,-2745456.685575718,300.1500853597923,2039.5135398170426,1.0165307373415462,34.9
3984000,-2745177.0520696193,300.0025222612418,2039.5542319842361,1.0165104560280747,34.9
3986000,-2746164.7448168714,300.18108411314284,2038.19228835921,1.0171897000539043,34.9
3988000,-2744453.4456065223,300.94140597275964,2036.6630832028093,1.0179534452934527,34.9
3990000,-2744573.124174107,300.6190059816241,2041.9334572883358,1.015326035747271,34.9
3992000,-2745203.940815693,300.90925285369985,2043.108483326001,1.0147421046743694,34.9
3994000,-2747813.46550294,299.07762301317365,2041.4242367686813,1.0155793024824404,34.9
3996000,-2743414.9278098326,299.6047170956681,2038.5244455690395,1.0170239591458805,34.9
3998000,-2744331.18726502,300.03209914488355,2036.1252661633296,1.018222324972603,34.9
4000000,-2744293.6894978154,300.60150064462823,2039.909321630319,1.016333510742202,34.9
4002000,-2742852.0159648675,300.5087450283316,2040.4697857900564,1.0160543502708836,34.9
4004000,-2744826.7706510257,299.4882258489923,2038.0703315071355,1.0172505680484298,34.9
4006000,-2743371.346565116,299.77277184795963,2040.6354988984097,1.0159718399329378,34.9
4008000,-2743117.885504136,301.3705734618843,2044.2172373561073,1.0141917231505686,34.9
4010000,-2745862.233332211,300.90962240012976,2037.3217652270419,1.0176243330013421,34.9
4012000,-2747175.7912634257,299.9396409014464,2035.5040484924086,1.0185330773396484,34.9
4014000,-2748819.338727195,299.9639568702218,2040.149253148491,1.0162139849566125,34.9
4016000,-2744399.511169076,299.92979630060796,2040.9354054730422,1.015822547293092,34.9
4018000,-2743404.7199149337,300.1357851729427,2040.854460040511,1.0158628373760332,34.9
4020000,-2745763.919741435,299.9872548395761,2039.9087589663472,1.0163337910754506,34.9
4022000,-2746840.7459794935,302.0142863150585,2038.4257974357047,1.01707317728041,34.9
4024000,-2744223.5783561785,299.86158967177556,2039.1957391013364,1.0166891596987875,34.9
4026000,-2749478.168077454,301.9580706512392,2040.0774024399864,1.0162497756058912,34.9
4028000,-2745685.8439196814,300.54843564694164,2041.0279394278687,1.015776493010401,34.9
4030000,-2746518.037086487,301.5837329462703,2042.790702896142,1.0148999598975026,34.9
4032000,-2746616.451668879,300.4249911350608,2039.0205944720353,1.0167764896877403,34.9
4034000,-2745003.174110165,299.9452783020093,2039.8949556409286,1.016340668285482,34.9
4036000,-2744794.0163918026,300.5802593963852,2037.5680816483343,1.017501314984824,34.9
4038000,-2746478.8700654786,300.6145951034921,2037.2985363723462,1.017635935742592,34.9
4040000,-2742964.7643012144,299.42720845062064,2041.0568594299248,1.0157621003401867,34.9
4042000,-2744698.5894186664,300.35590421718365,2037.7678444082467,1.01740156914211,34.9
4044000,-2745803.5685142744,301.1002062667127,2039.5600754354405,1.0165075436700028,34.9
4046000,-2744222.615808865,300.837805784123,2044.0739681829355,1.014262807862705,34.9
4048000,-2745307.8568381798,299.97730174080436,2044.0297827132977,1.0142847330219569,34.9
4050000,-2744082.988891475,300.4553747884292,2044.1210257816563,1.014239458573887,34.9
4052000,-2743471.1686375383,300.68117827369946,2038.2229876035244,1.0171743793773609,34.9
4054000,-2745368.162794376,300.7630557246951,2044.014001389018,1.0142925640623865,34.9
4056000,-2746980.584836483,299.2548651485712,2043.0624435049856,1.0147649715940885,34.9
4058000,-2744908.3746689837,299.77483394006816,2038.1510159794896,1.0172102980563187,34.9
4060000,-2746220.2073028293,299.7590654022074,2036.1579069753961,1.0182060022682402,34.9
4062000,-2741238.773618648,300.3264440906086,2040.90361730525,1.0158383692737611,34.9
4064000,-2744820.8282736614,300.28619152618506,2037.1619855715594,1.0177041477958892,34.9
4066000,-2744179.972128425,300.51327098837413,2042.6988742392873,1.0149455842924315,34.9
4068000,-2748018.897233816,300.4329938156491,2040.5357383826695,1.016021510160625,34.9
4070000,-2745092.228670532,300.25716378175713,2037.1152414320884,1.0177275002816286,34.9
4072000,-2745775.985869726,300.04095650461596,2039.481982030042,1.0165464665614026,34.9
4074000,-2744844.1870162096,300.5309423747796,2042.924605943655,1.0148334385010909,34.9
4076000,-2746394.365437653,299.0986222621347,2041.242243165652,1.0156698497641456,34.9
4078000,-2742180.374137774,300.1352822899406,2039.7712466277146,1.0164023077959767,34.9
4080000,-2744700.6903867554,298.81148990339346,2038.9841385677603,1.0167946690868224,34.9
4082000,-2749185.356323529,299.29786025597144,2036.9588435055173,1.0178056415123,34.9
4084000,-2746410.096985683,300.9256688031312,2038.766970038564,1.0169029775919263,34.9
4086000,-2744420.4425699264,300.9945157993889,2040.3089709042547,1.016134434545686,34.9
4088000,-2744356.6180953514,300.31283528856545,2038.633739005665,1.0169694353530585,34.9
4090000,-2744040.1169002075,300.58720740533767,2036.990571587359,1.01778978821325,34.9
4092000,-2742931.952944884,299.39379749065944,2036.9119696988962,1.0178290634497855,34.9
4094000,-2741984.0398699455,301.3208683032934,2043.1495973262417,1.0147216851675502,34.9
4096000,-2742206.938021358,299.9064520838957,2042.79630774001,1.0148971753047384,34.9
4098000,-2741853.3979259934,300.02134137241006,2042.354671739567,1.0151166352915686,34.9
4100000,-2745599.0477658715,299.8771566572835,2041.5898503854355,1.0154969187649892,34.9
4102000,-2746705.881330507,299.29854666281966,2037.7221283106862,1.0174243944472618,34.9
4104000,-2747212.683674643,300.2891978304343,2038.2898414441233,1.0171410170888202,34.9
4106000,-2746139.202080682,302.3337013166949,2043.690298710017,1.0144532191383953,34.9
4108000,-2748781.0389885735,300.66659868849035,2037.8613392718894,1.0173548918637576,34.9
4110000,-2745515.161382608,298.5868611181368,2036.5290352224215,1.0180204488083107,34.9
4112000,-2745101.125243224,299.91433658111924,2038.5789796716501,1.0169967526998716,34.9
4114000,-2744931.3222420495,300.27350672338804,2041.424640266883,1.0155791017479072,34.9
4116000,-2744569.4649267234,300.51208248601705,2041.8190566536218,1.0153829232283398,34.9
4118000,-2747794.8470037486,300.1247415189728,2036.9590732292975,1.0178055267264101,34.9
4120000,-2745710.347883057,299.5086858632817,2042.545500441772,1.015021796087224,34.9
4122000,-2743944.878282711,298.8804048366727,2044.692140102259,1.0139561657162721,34.9
4124000,-2745240.1091567967,298.60320502363845,2038.991771170939,1.0167908628967566,34.9
4126000,-2746846.111271225,298.52445880238594,2038.4976341978347,1.0170373355690046,34.9
4128000,-2747695.374263972,300.19472746707515,2036.773949039786,1.0178980359728607,34.9
4130000,-2744741.5081399046,299.8296554287847,2044.4862564432021,1.0140582730328966,34.9
4132000,-2748033.514408212,300.54809617355903,2040.805820018429,1.0158870491801928,34.9
4134000,-2746061.4966486916,298.5917315713655,2038.6689769003478,1.0169518572850813,34.9
4136000,-2746420.6271601226,300.25920164257934,2037.2843527610962,1.017643020542751,34.9
4138000,-2741270.8989779893,300.9403116798515,2042.1905326027863,1.015198224333134,34.9
4140000,-2746148.5731050596,300.5960699230369,2039.841135827764,1.0163674837388614,34.9
4142000,-2744004.6875042636,301.1190114850638,2039.0907673888748,1.0167414985175598,34.9
4144000,-2747505.0539268386,300.89730332372835,2040.7388211929954,1.0159204014339753,34.9
4146000,-2744189.2848220784,300.12377024594366,2040.100163006167,1.0162384377212652,34.9
4148000,-2745907.6166743115,299.5725070542859,2041.908282745272,1.015338553630286,34.9
4150000,-2744962.5252580624,300.63128085871233,2040.5472247480348,1.0160157909132863,34.9
4152000,-2744687.931352623,300.07963488814323,2040.4229867033737,1.0160776544661037,34.9
4154000,-2745601.8005492557,300.2501474727235,2041.1170666262894,1.0157321382232483,34.9
4156000,-2746513.071301732,299.91844101423663,2038.2581085433587,1.017156852588173,34.9
4158000,-2744154.0501250997,300.0542724361104,2043.5985517709544,1.0144987628082112,34.9
4160000,-2744299.858979972,299.7413619759953,2042.9030342549338,1.0148441544629707,34.9
4162000,-2744959.4307496604,299.34952927027547,2038.2580974142588,1.0171568581419546,34.9
4164000,-2743178.0065106787,300.0869138662862,2042.6696565180923,1.0149601017632401,34.9
4166000,-2743802.065881869,299.81694404601296,2040.339094944205,1.0161194321010545,34.9
4168000,-2744892.036231991,300.468262534842,2041.967267479624,1.0153092243281874,34.9
4170000,-2743039.943811793,300.18218259048484,2044.4877366443404,1.0140575388586666,34.9
4172000,-2745217.3908648062,299.8948549707625,2039.9107844961002,1.0163327819066437,34.9
4174000,-2745930.396250505,301.3203077146934,2041.9169145741164,1.0153342614729746,34.9
4176000,-2745480.0333846826,300.09896600013474,2039.7015396112151,1.0164370434526715,34.9
4178000,-2745217.769472219,300.6386917001847,2039.4732670814255,1.0165508104036904,34.9
4180000,-2744074.396046698,300.74097843189537,2040.33161512462,1.0161231571769063,34.9
4182000,-2743629.467548225,300.64631338386056,2041.199114560837,1.0156913099065004,34.9
4184000,-2743636.2461995967,300.3406418656375,2047.1977883370996,1.0127151437245003,34.9
4186000,-2746834.118762277,300.53728973113897,2041.7907134804461,1.015397018293932,34.9
4188000,-2743845.9849057645,299.1290743091373,2042.4418979126438,1.0150732829007794,34.9
4190000,-2742542.21789738,300.54782265517684,2043.3990554391482,1.014597807965966,34.9
4192000,-2745749.567344697,300.39123016381205,2044.615118671469,1.0139943618314866,34.9
4194000,-2745005.588301072,300.58555076549084,2041.0933561711124,1.0157439375225126,34.9
4196000,-2747916.987211887,300.93594172800545,2041.1303460763518,1.0157255299416008,34.9
4198000,-2747995.495163981,300.41233460365527,2039.6775330960875,1.0164490066727705,34.9
4200000,-2744616.205258567,300.64922578530854,2038.7802593490183,1.016896349148616,34.9
4202000,-2746710.935894357,298.2760899365874,2043.2565902852655,1.0146685503453265,34.9
4204000,-2750221.05766562,301.00761045046255,2038.515356692743,1.0170284936248213,34.9
4206000,-2744972.302951254,299.39121641749637,2039.7343672032277,1.016420684861521,34.9
4208000,-2745012.996530354,299.62380564969516,2041.4326423533137,1.0155751208417627,34.9
4210000,-2743944.7410809156,300.8929993187864,2042.239855868521,1.0151737057186092,34.9
4212000,-2748991.991608551,299.56523494134444,2038.1117154923536,1.0172299127123403,34.9
4214000,-2742499.5094250254,300.0629367718783,2040.2199070501322,1.016178792925258,34.9
4216000,-2744055.407882748,301.28214427538654,2041.7763484479185,1.015404162176859,34.9
4218000,-2744467.148658635,300.47688700812097,2040.7111835629905,1.0159341601825898,34.9
4220000,-2741874.211528739,300.120203500738,2044.9409334342745,1.0138328049243481,34.9
4222000,-2745476.992474152,300.9245371012757,2040.8282990760558,1.0158758595159123,34.9
4224000,-2746759.7718917914,299.55628507515513,2039.9492710262514,1.0163136073502907,34.9
4226000,-2743460.784799829,300.1108233511381,2041.6169543942744,1.0154834372755246,34.9
4228000,-2742923.3589593843,300.17975067212683,2041.8209275900226,1.0153819928250676,34.9
4230000,-2742387.6930448785,300.46130163725536,2042.2603809246098,1.0151635030542263,34.9
4232000,-2742511.96055156,299.43204686526735,2041.3532416722885,1.0156146227538183,34.9
4234000,-2745723.373986872,300.6426102064693,2042.1081931220303,1.0152391579599305,34.9
4236000,-2747397.6462302282,300.6871749478689,2041.5341086360331,1.0155246457446785,34.9
4238000,-2742871.975633174,300.10807014667523,2039.6805177315548,1.0164475193174083,34.9
4240000,-2744944.354785735,301.0632570850296,2039.7933082794004,1.0163913147636943,34.9
4242000,-2744269.409458874,298.6350117127533,2041.2821392162787,1.0156499988993546,34.9
4244000,-2745744.3003616687,301.0079711052585,2040.8433475721372,1.0158683687871852,34.9
4246000,-2744301.733787488,299.93182516295013,2041.7431915179357,1.015420651853352,34.9
4248000,-2743582.6675393004,300.44046938857656,2041.8514381113955,1.0153668204019346,34.9
4250000,-2744836.9989083856,299.8678355932986,2039.2854437696478,1.0166444372867656,34.9
4252000,-2743148.9647722933,299.73379662630134,2043.7159192846725,1.0144405016788942,34.9
4254000,-2743553.5611203704,300.96835062965033,2042.0735447751929,1.0152563837638482,34.9
4256000,-2745720.711575618,300.72200242818695,2042.4035744089495,1.0150923296578427,34.9
4258000,-2745068.4055174477,300.65310524506134,2042.584558486133,1.015002386968432,34.9
4260000,-2743211.097201992,300.57973782640363,2039.373066589704,1.0166007565821171,34.9
4262000,-2746261.532544574,300.35138496048114,2038.3975610531033,1.0170872660273336,34.9
4264000,-2744650.3895148,300.65803074905494,2043.354761018648,1.0146198017101764,34.9
4266000,-2742569.6906193346,299.9904241548728,2044.2891262294993,1.0141560583811164,34.9
4268000,-2744120.5365085267,299.86215350621774,2041.9277393583245,1.0153288789248716,34.9
4270000,-2746354.693169458,300.4646900397231,2042.7392361422824,1.0149255302715885,34.9
4272000,-2746332.5455867816,300.9427975689706,2035.6389453242737,1.0184655816348727,34.9
4274000,-2748714.573345607,299.9223275121946,2034.7242374421064,1.0189234316364084,34.9
4276000,-2747568.974805679,299.91285986224375,2040.7365833387244,1.0159215154835923,34.9
4278000,-2747072.105970023,300.0188160534696,2042.4221501771508,1.015083097423548,34.9
4280000,-2746680.09614975,301.27413346368144,2039.2693960945512,1.016652437592978,34.9
4282000,-2744478.8859343957,300.16870656471406,2043.8107233909348,1.014393445890402,34.9
4284000,-2746387.3223330323,299.78496309551247,2041.0420018410289,1.0157694944926292,34.9
4286000,-2746494.3392125126,300.11010693267656,2042.194900994282,1.0151960527562254,34.9
4288000,-2746355.206917163,299.84999370508666,2037.3043524932052,1.0176330305833379,34.9
4290000,-2746638.9032562654,299.9296774479107,2039.8730665602377,1.0163515742400058,34.9
4292000,-2743972.1953745224,301.24874422476313,2042.196590034977,1.0151952131174489,34.9
4294000,-2745665.7806771304,300.93925908494776,2040.1784340240642,1.0161994499466565,34.9
4296000,-2744296.036195224,300.36773712411446,2043.2460011578394,1.0146738088675844,34.9
4298000,-2744974.533201469,299.8942242487258,2038.3640746585222,1.0171039748115676,34.9
4300000,-2743145.651283089,299.50742191775623,2042.2045414520671,1.0151912604083033,34.9
4302000,-2742748.104885502,300.0062449496347,2044.700532249601,1.013952004094848,34.9
4304000,-2745338.366138149,301.3908944509972,2044.6220221032602,1.0139909381958032,34.9
4306000,-2748945.1466154717,301.26584849507583,2038.1929676168227,1.0171893610605613,34.9
4308000,-2746474.9766327217,301.06468674061335,2041.6414104619187,1.0154712731748619,34.9
4310000,-2744136.6163553204,300.885858594345,2041.928672174502,1.015328415091234,34.9
4312000,-2746454.252744328,300.038754384226,2037.7596153166494,1.0174056777183331,34.9
4314000,-2747550.586807439,299.91924374703297,2045.4450355108052,1.0135829447651434,34.9
4316000,-2744308.732634213,301.74920126776027,2040.5035591570684,1.0160375330610723,34.9
4318000,-2744849.7528279684,300.6635599411559,2041.660127267601,1.0154619638984343,34.9
4320000,-2745153.05584155,301.891767016865,2041.7979560613105,1.015393416519823,34.9
4322000,-2741354.7643998545,300.9177670856731,2039.9659409301678,1.0163053023831128,34.9
4324000,-2744001.3753735796,299.85421295363017,2045.2050117827373,1.0137018981002406,34.9
4326000,-2744693.7227135208,300.09485383760085,2042.6664547591645,1.0149616926532063,34.9
4328000,-2742257.396920992,300.1837523783908,2041.3988577438502,1.0155919283405561,34.9
4330000,-2747312.0496625584,299.9546767798813,2039.2359221524168,1.016669125885145,34.9
4332000,-2744905.754294824,300.01435408241764,2039.5746631752327,1.0165002732582786,34.9
4334000,-2744868.611496605,299.4204779366616,2039.5976769294812,1.01648880360044,34.9
4336000,-2744061.0610754285,300.8489939145813,2043.566910574982,1.0145144706149885,34.9
4338000,-2746069.4686354883,299.84348711631884,2042.058990859772,1.0152636195761369,34.9
4340000,-2743230.2221320793,300.10383058822003,2038.6643708569877,1.0169541549287822,34.9
4342000,-2746547.220867183,299.650403718729,2040.8519238407412,1.0158640998052493,34.9
4344000,-2746240.696327606,301.5938269617852,2038.1961111181986,1.0171877922536452,34.9
4346000,-2743680.6930069886,300.1285891953143,2039.7022181625352,1.0164367053127747,34.9
4348000,-2747189.793093905,300.32822765245936,2039.959166351242,1.016308677470515,34.9
4350000,-2744319.0001442283,300.2162697342423,2040.0469415964064,1.0162649496809684,34.9
4352000,-2744776.5978107788,301.03688112471355,2040.3473537408934,1.0161153191132415,34.9
4354000,-2744082.0406343937,300.8188377300176,2041.265649278325,1.0156582036156148,34.9
4356000,-2744930.360571515,299.7709998583577,2041.0971213842188,1.0157420637790504,34.9
4358000,-2745246.7927466854,299.9044254267113,2038.740659995307,1.0169161007722571,34.9
4360000,-2745813.941936884,300.79291259900486,2041.669450575983,1.0154573267790235,34.9
4362000,-2746297.9811986294,300.03259437572274,2041.3895447049892,1.015596561580263,34.9
4364000,-2745915.8117310572,299.9399210209191,2041.6511084309523,1.0154664496235113,34.9
4366000,-2745222.333408363,299.9564995579475,2038.6211445370404,1.0169757181239794,34.9
4368000,-2744551.1523970254,299.1931187670979,2040.5624313863425,1.0160082193808448,34.9
4370000,-2744438.544223061,300.18640778728394,2041.8176808909068,1.0153836073863722,34.9
4372000,-2743380.176215846,299.4141011197191,2043.0843684343486,1.014754081857636,34.9
4374000,-2748224.387201216,300.7055209183195,2036.6553172236083,1.0179573268561386,34.9
4376000,-2743581.994639542,299.9410625885462,2045.2587100060257,1.0136752833787845,34.9
4378000,-2747561.0540265013,299.5904707069334,2042.1584029404078,1.0152141966378032,34.9
4380000,-2741075.1595471296,298.98177057378274,2041.8789837926865,1.0153531227386303,34.9
4382000,-2745412.024083836,300.8827625178122,2042.4562457190848,1.0150661522339572,34.9
4384000,-2742453.2788812798,300.4763420734952,2039.159144093253,1.0167074053311231,34.9
4386000,-2746702.5771800876,301.80698004609894,2039.1541535435279,1.0167098935828591,34.9
4388000,-2742357.192108551,300.1043083093118,2040.637614579052,1.0159707865994405,34.9
4390000,-2745299.8639538996,300.2994884120937,2043.5815694299095,1.0145071933813958,34.9
4392000,-2745879.531550128,300.6499056943056,2039.3866769489284,1.0165939720416268,34.9
4394000,-2742889.7954896726,300.79564520473446,2039.008652623725,1.0167824446357927,34.9
4396000,-2743156.459221486,299.97582511507954,2040.2192214622755,1.0161791343982887,34.9
4398000,-2742367.289455343,301.3337822793347,2042.8933322518933,1.014848974108185,34.9
4400000,-2744283.8036309257,300.8180318848804,2042.6432768030215,1.0149732094647153,34.9
4402000,-2744368.924634384,300.7115349826597,2043.8970907214757,1.0143505814749492,34.9
4404000,-2743294.913371207,300.89262639012185,2044.7035482640586,1.0139505084775953,34.9
4406000,-2743899.223025076,299.4510457173047,2044.133053773489,1.0142334906336388,34.9
4408000,-2743283.6158324797,299.9709263369693,2043.0205587181485,1.0147857756992371,34.9
4410000,-2745402.67569698,301.3116960327371,2044.4629293629541,1.0140698433178703,34.9
4412000,-2745208.4762233347,300.52322115908845,2042.5390023792186,1.015025025242269,34.9
4414000,-2742983.7126359865,300.67311708050414,2041.1843228603173,1.0156986702421196,34.9
4416000,-2746353.635531675,299.84058186767396,2041.883858148516,1.0153506989022338,34.9
4418000,-2744262.044384472,299.69743194612835,2040.5299607931497,1.0160243869403545,34.9
4420000,-2745167.5048962682,300.50664278844306,2039.3740394698473,1.0166002716143425,34.9
4422000,-2745167.4175669644,299.5880960645736,2039.158247029845,1.0167078525995055,34.9
4424000,-2746888.6155239493,299.8584475989611,2038.9299537690881,1.0168216905224208,34.9
4426000,-2744582.5624072272,299.95525330921276,2040.8881202334553,1.0158460828372753,34.9
4428000,-2741726.7938535754,300.3510723006925,2044.236102470243,1.014182363741159,34.9
4430000,-2747199.15473127,300.69421551475955,2042.4481975676997,1.0150701520446104,34.9
4432000,-2745888.811070068,300.1717161164109,2041.7433205147393,1.0154205876993434,34.9
4434000,-2744035.1527862456,300.1779249814133,2041.3788257905003,1.0156018942958576,34.9
4436000,-2745095.353218971,300.24635750561805,2040.728890500314,1.015925345154497,34.9
4438000,-2746117.013535615,300.0997974015664,2041.1538162729871,1.0157138506268304,34.9
4440000,-2742236.9520515595,299.70743593018267,2046.545713199625,1.0130378173702967,34.9
4442000,-2743433.8412486725,301.1308444996597,2041.3308447162535,1.0156257658157641,34.9
4444000,-2746378.507410409,300.2834678533734,2040.2871101120863,1.0161453219857814,34.9
4446000,-2744894.994645994,300.8219077599193,2045.8302696452981,1.0133920849688756,34.9
4448000,-2744426.4875858966,301.14529980422054,2044.058875528924,1.0142702968434867,34.9
4450000,-2743119.6646094117,300.1167853372835,2038.1866454383521,1.017192516243966,34.9
4452000,-2745436.7226889394,300.3984741208669,2038.1944728121398,1.0171886098718583,34.9
4454000,-2743947.5213488583,299.63135001395887,2041.7840963654287,1.0154003090428758,34.9
4456000,-2744263.75415856,300.35611324990185,2042.6783987477152,1.0149557579496113,34.9
4458000,-2745375.2942690104,300.9485329604994,2039.4766403278952,1.016549129052522,34.9
4460000,-2741732.4929076545,300.3853873329866,2042.7483770565398,1.014920988670991,34.9
4462000,-2743248.024881104,299.12367076637304,2041.022962661893,1.0157789698477426,34.9
4464000,-2744097.117082786,300.02273264528077,2038.771058500697,1.01690093833926,34.9
4466000,-2743202.9190774765,301.12397125569566,2038.8144120343627,1.0168793148659292,34.9
4468000,-2747046.1861717477,299.94671042435294,2038.7962948155175,1.0168883510924192,34.9
4470000,-2747682.2196417935,300.08337762847754,2043.62528032754,1.0144854941880543,34.9
4472000,-2746556.5616456084,299.37850903958594,2042.1105622626244,1.0152379801371691,34.9
4474000,-2744770.9681336116,299.30935370316155,2042.6420119861907,1.014973837942535,34.9
4476000,-2742847.278414035,299.8280508647354,2041.6813301420825,1.0154514183190417,34.9
4478000,-2745591.3037146367,300.70121329106155,2042.857612823345,1.0148667187738878,34.9
4480000,-2744048.8750498295,300.47916728602604,2040.6526520393263,1.0159632999650405,34.9
4482000,-2746913.359884316,300.1857341771377,2042.3904264264843,1.0150988643614811,34.9
4484000,-2743799.7464134935,300.3156741314702,2039.7907669968708,1.0163925810393992,34.9
4486000,-2744892.5607634615,300.6037163860669,2040.5155070450026,1.016031583827881,34.9
4488000,-2743765.9244424514,300.2574869178094,2040.700068894391,1.0159396934658396,34.9
4490000,-2745450.2897017524,300.42940659148655,2041.4571282953511,1.0155629396829233,34.9
4492000,-2743068.5003268085,300.6370164756818,2044.7825798256695,1.0139113189359432,34.9
4494000,-2745022.3439483456,300.2531985025502,2039.3091154055721,1.0166326364093003,34.9
4496000,-2743349.216773143,299.25834662549875,2039.1030019640887,1.0167353980899088,34.9
4498000,-2743532.280971229,300.0447096087304,2037.8494530451173,1.0173608258207212,34.9
4500000,-2746255.900148345,299.58843474580334,2040.123140923661,1.016226991822482,34.9
4502000,-2745466.0406419933,301.33233078642155,2037.4404846806763,1.0175650371319769,34.9
4504000,-2746439.9194834717,301.54097504253866,2036.4790042625739,1.0180454589066676,34.9
4506000,-2748522.1787821874,299.667874254797,2040.0387418901596,1.0162690344436178,34.9
4508000,-2744966.990068266,299.05505531260417,2037.6126049663449,1.017479081840745,34.9
4510000,-2743850.887734128,301.0009840555936,2042.6591236545519,1.0149653353512267,34.9
4512000,-2743271.94865104,300.80885201048983,2037.8512847331542,1.0173599113832115,34.9
4514000,-2746540.522534497,299.8043051454802,2040.1366790416957,1.0162202482542166,34.9
4516000,-2745599.605046086,300.5842421887994,2042.4653880766439,1.0150616086574717,34.9
4518000,-2744783.0156606697,300.20629309902966,2039.233955781082,1.0166701062282886,34.9
4520000,-2747021.405401487,300.1815150310514,2039.4250464043107,1.016574845985918,34.9
4522000,-2743342.6927582994,300.8806579933571,2043.0542814278815,1.0147690256175257,34.9
4524000,-2744803.7878397014,299.69318029166,2041.5459185262907,1.0155187711598792,34.9
4526000,-2743077.522036543,300.2345639023632,2045.4982140886318,1.0135565937768412,34.9
4528000,-2744428.158026064,300.20807295229906,2043.9955499506116,1.0143017202255553,34.9
4530000,-2746173.926916333,300.7574856941688,2044.2756391485984,1.0141627492620051,34.9
4532000,-2744573.7505654152,300.66404942069704,2041.188083207897,1.0156967990867527,34.9
4534000,-2744266.027193874,301.39852855732505,2040.5230309998462,1.01602783744735,34.9
4536000,-2743852.92845108,299.2484396663212,2041.8138749701284,1.015385500051329,34.9
4538000,-2743445.0874247923,299.76397581516517,2043.0309031599063,1.0147806375526056,34.9
4540000,-2743420.001887517,300.5094770794643,2042.682339015978,1.0149538001327325,34.9
4542000,-2743186.5539296772,299.48091740789664,2041.1512212799971,1.0157151419423853,34.9
4544000,-2744266.367311461,299.91487165196463,2039.5442632025963,1.016515424476641,34.9
4546000,-2747861.7722307667,299.43520841632267,2037.8960735450771,1.0173375518810168,34.9
4548000,-2743993.8989748694,299.99486106328436,2038.8496895305896,1.0168617201622208,34.9
4550000,-2744767.3148389943,300.0511866462018,2043.3757996272623,1.0146093551790465,34.9
4552000,-2745698.4906610213,300.7038758317217,2041.0150489832654,1.0157829083529135,34.9
4554000,-2744523.8442727793,300.3788631576705,2042.1893384932455,1.0151988179401332,34.9
4556000,-2744841.2127583865,300.8751459869939,2043.8001345607295,1.01439870141406,34.9
4558000,-2742810.8441203237,299.7338140658779,2040.518769404273,1.0160299594076079,34.9
4560000,-2744351.414413117,299.9110355288726,2038.475212889981,1.0170485220220238,34.9
4562000,-2747822.231206009,300.61625000417774,2038.52106509681,1.0170256456730935,34.9
4564000,-2744860.375971893,299.6905622553906,2039.1431214310066,1.0167153941570117,34.9
4566000,-2743191.160257237,301.0341383824945,2038.7322612259427,1.0169202900637868,34.9
4568000,-2747204.8167328686,299.90123052897485,2040.413036051362,1.016082609656537,34.9
4570000,-2742983.548028119,300.2769219880156,2043.8385964831964,1.0143796119789787,34.9
4572000,-2745554.779019952,299.9330418981095,2039.8430975614249,1.016366506290004,34.9
4574000,-2746247.4013411347,301.0950726461616,2037.5105696548378,1.0175300355862684,34.9
4576000,-2746540.4576976057,299.564468689559,2038.837144350695,1.016867977019588,34.9
4578000,-2744809.22818318,300.8582382307421,2042.3232231273034,1.0151322665144347,34.9
4580000,-2741810.627704017,300.8162327485966,2040.3726494673595,1.0161027217207126,34.9
4582000,-2744852.595347097,300.4198817263442,2039.5440381124981,1.0165155366622827,34.9
4584000,-2746941.5620304868,300.3327080757867,2040.8343909150622,1.0158728271521817,34.9
4586000,-2743443.1626393627,300.2971111122003,2038.9239520517028,1.0168246836092456,34.9
4588000,-2746665.536938019,299.9913181054518,2040.8430107845527,1.0158685364296016,34.9
4590000,-2746564.7476740144,301.0400049083563,2037.7997134462526,1.0173856580547445,34.9
4592000,-2745935.0262853205,300.78022090820457,2038.414017465125,1.0170790549343127,34.9
4594000,-2746336.874174865,300.2039829559335,2041.6858071659492,1.0154491916295973,34.9
4596000,-2744379.398022121,298.8059479205774,2042.6946660463188,1.0149476752005548,34.9
4598000,-2744486.9654450715,301.43037338156563,2040.1215189507625,1.0162277997609426,34.9
4600000,-2743686.9629470482,299.9609517486875,2043.0511860331264,1.0147705630781343,34.9
4602000,-2745088.7699158415,301.14671830695846,2041.976945874444,1.0153044120488142,34.9
4604000,-2743672.6138756815,300.2707960390368,2042.1719737474532,1.015207450253978,34.9
4606000,-2744285.840645997,299.5258280937496,2040.70213153494,1.0159386666043615,34.9
4608000,-2742670.3205983974,299.84282230743213,2039.7639072498794,1.0164059649646044,34.9
4610000,-2744980.3046170045,302.1079015057325,2041.5110567408583,1.0155361126273115,34.9
4612000,-2745900.196334487,300.3754291551119,2037.830186958124,1.0173704441698355,34.9
4614000,-2747156.933639871,299.49697308921094,2040.2792767506337,1.0161492233308993,34.9
4616000,-2744412.898238208,300.4140816769918,2040.0386339601378,1.0162690882102168,34.9
4618000,-2743253.5014425796,300.19793865098063,2042.7303043274592,1.0149299680218271,34.9
4620000,-2741546.009817561,301.75815372474415,2041.9617406327488,1.0153119724005446,34.9
4622000,-2743580.6107407715,299.9564482180824,2043.3771471054413,1.0146086861082546,34.9
4624000,-2744231.0044006538,299.61641735411274,2042.9142757227771,1.014838570118065,34.9
4626000,-2744848.3747667745,300.6415002669814,2040.8486976767254,1.0158657056784368,34.9
4628000,-2746354.894145174,299.8666038522663,2040.5899820185398,1.0159945019417669,34.9
4630000,-2742372.6464712285,300.66035763095795,2040.6063556439653,1.0159863497014472,34.9
4632000,-2744033.7096316386,299.5117304006086,2041.511245864955,1.0155360185487945,34.9
4634000,-2743334.524721276,300.18014723210865,2040.108873499671,1.016234098767386,34.9
4636000,-2743703.1628337353,300.9774192144869,2038.2024142702226,1.017184646594879,34.9
4638000,-2742232.3542620204,300.90184556531676,2043.0858179668462,1.0147533619079372,34.9
4640000,-2743505.6833892483,300.6521794375097,2041.1935814717467,1.015694063153697,34.9
4642000,-2742068.825086005,301.2611183920153,2043.6654348156258,1.014465561304229,34.9
4644000,-2743396.880722763,298.99382267624827,2043.2243170586933,1.0146845772826276,34.9
4646000,-2744130.820402572,301.35128010746166,2039.5024889112124,1.0165362453443623,34.9
4648000,-2745399.917728884,299.7701335607833,2040.114481182114,1.0162313054348715,34.9
4650000,-2743067.5952146407,299.10852515706,2045.4197309701185,1.0135954841234358,34.9
4652000,-2743968.4645064846,300.9042386806413,2042.8126061843507,1.0148890780152109,34.9
4654000,-2741651.204057405,300.3661491814592,2042.1485846115845,1.0152190776277976,34.9
4656000,-2747586.890077293,300.899424476303,2040.7352032555286,1.0159222025184462,34.9
4658000,-2744734.9114550315,300.71864085116147,2041.8547627288553,1.0153651671470993,34.9
4660000,-2743331.378928514,299.80974206544556,2042.253447150626,1.0151669496951397,35
4662000,-2746362.6486554965,300.68195345842935,2040.4530772640728,1.016062670369347,35
4664000,-2743587.2676924933,301.1402592133715,2043.4453399830984,1.014574827073884,35
4666000,-2744195.7866416555,300.825141873741,2040.0055336418418,1.016285577788181,35
4668000,-2745515.7623244263,300.5567663065214,2040.0570227565017,1.0162599276989635,35
4670000,-2744805.5442048237,301.3431695770649,2043.3837571986069,1.0146054039749215,35
4672000,-2744233.8106410857,300.4011668043436,2039.049291045806,1.0167621800770443,35
4674000,-2746625.28188134,300.30719480610395,2041.017109694104,1.0157818827687382,35
4676000,-2747920.219974287,299.9596808436955,2039.307765234081,1.0166333094947593,35
4678000,-2745552.9210867956,299.8668494566306,2036.4252052203612,1.0180723540121093,35
4680000,-2743078.1173650827,299.47151643132054,2040.6574125947288,1.015960929871194,35
4682000,-2744540.7848964203,300.27106355197213,2038.7001119427332,1.016936326389196,35
4684000,-2746204.732418889,300.23581048664454,2041.003160335053,1.0157888251912075,35
4686000,-2744159.697007971,300.10071300820374,2041.8086404757355,1.0153881031501704,35
4688000,-2744521.389135318,301.23599232949965,2041.2027456143887,1.0156895031141346,35
4690000,-2746924.057889197,300.9212067069344,2038.9148948795594,1.0168292005001776,35
4692000,-2744918.0083768275,300.2852360159293,2039.711330901577,1.016432164218009,35
4694000,-2741359.7209291365,301.8101229171799,2044.135773674715,1.0142321411073743,35
4696000,-2743056.2894183323,300.7188303943716,2042.0613121563235,1.0152624654834927,35
4698000,-2744495.1479106173,300.89995932623265,2043.2240773972123,1.0146846963008063,35
4700000,-2743261.765637897,299.3749392071634,2044.746632769613,1.0139291437003586,35
4702000,-2745431.4572293516,299.2765750313325,2040.2051919859784,1.0161861221567434,35
4704000,-2745793.6529850196,299.9655039434076,2042.460436475453,1.0150640695033126,35
4706000,-2744340.366187265,300.6993140761936,2041.146475967655,1.0157175033043238,35
4708000,-2742248.0957475994,300.995723116866,2046.7772400633835,1.0129232247980648,35
4710000,-2745652.118249867,299.8025665601543,2040.5186635612133,1.0160300121097574,35
4712000,-2746497.897485381,300.54124752780604,2042.3786798445738,1.0151047026235407,35
4714000,-2746177.7971047703,299.20499506181903,2038.6755864098213,1.0169485602656931,35
4716000,-2747472.68589803,301.45794417047927,2039.8728538346393,1.016351680228963,35
4718000,-2745921.6241027564,300.78421927904964,2039.9037934041194,1.0163362650493215,35
4720000,-2745061.282619415,300.23614176688983,2038.057777507628,1.0172568340941088,35
4722000,-2748230.924017247,299.6297321965607,2038.1637516947765,1.0172039418934578,35
4724000,-2745551.9657663144,300.74792888895536,2039.5530941438976,1.0165110231261338,35
4726000,-2742316.594268648,300.1174135658145,2039.9405961269674,1.0163179292497624,35
4728000,-2747068.5731397346,300.30198794671946,2040.7167603688993,1.0159313838700033,35
4730000,-2747469.626626637,300.13183710371084,2043.8385238262222,1.0143796480394367,35
4732000,-2745256.4701553993,300.3997443467278,2039.7410507796715,1.0164173543773185,35
4734000,-2743513.0675960053,300.30022820482804,2041.381103153044,1.0156007612914861,35
4736000,-2744633.2617915217,298.9573193374692,2041.8393970127734,1.015372808204913,35
4738000,-2742054.3863743935,299.27845272637774,2041.0955638711312,1.0157428388684613,35
4740000,-2744412.7895842846,301.2728500346675,2042.099580951392,1.015243439540001,35
4742000,-2742308.4419111237,298.62143005597636,2045.2247977271516,1.0136920913301335,35
4744000,-2747967.9394882824,300.62655580623255,2040.6475754553253,1.0159658274093168,35
4746000,-2743834.7299129535,300.4717972494849,2041.7796744327272,1.0154025081204199,35
4748000,-2748970.0449396037,300.1300080199821,2038.3646678712557,1.0171036788100527,35
4750000,-2745175.474873921,299.9580725109051,2038.7235886854944,1.0169246159480787,35
4752000,-2747551.2118405104,300.5683300327585,2039.0870505528987,1.0167433518280298,35
4754000,-2745362.655326307,300.1615237998475,2043.0528335985978,1.0147697447434765,35
4756000,-2747384.969720071,300.81252465096725,2042.3987352648815,1.0150947347602062,35
4758000,-2744784.840875931,299.462814399324,2039.985300643733,1.0162956575197195,35
4760000,-2742030.3666996676,301.1735437914828,2041.0794461617347,1.015750859843798,35
4762000,-2741508.7467358466,300.23244480824206,2043.3718661449716,1.0146113082978092,35
4764000,-2743980.7971646227,301.5919031064273,2043.2934405710043,1.0146502510520055,35
4766000,-2743821.968260316,300.9352920877839,2044.0450553946132,1.0142771544964981,35
4768000,-2745161.728827635,300.6589427079343,2039.9582421321222,1.0163091379171516,35
4770000,-2742585.9559194576,300.4283275128943,2040.3105134688724,1.0161336663032958,35
4772000,-2745290.059992356,300.4684996699774,2038.8883283552893,1.0168424496895803,35
4774000,-2744532.125521004,300.43682876342154,2043.390457114901,1.0146020772630568,35
4776000,-2742867.5223069526,300.24273628646506,2044.4468970375617,1.0140777955409008,35
4778000,-2744565.096832145,300.48483531869647,2041.5931032574658,1.015495300772884,35
4780000,-2743128.9925485905,300.66831844990537,2041.5169708207848,1.0155331707160637,35
4782000,-2743191.430823218,300.48126538027344,2043.2837259303076,1.0146550751312542,35
4784000,-2745002.739607917,299.30820454632175,2042.8351048708653,1.0148779005730575,35
4786000,-2745286.1632557157,300.9089926014375,2037.7065347538648,1.0174321802912172,35
4788000,-2744172.665135639,300.93142764346294,2036.045358535829,1.0182622866217457,35
4790000,-2744917.3978201784,299.5051068302731,2039.1505237133986,1.0167117033973685,35
4792000,-2743950.295300273,300.3033392616024,2043.171525895167,1.0147107945525768,35
4794000,-2742287.8760002814,300.45009013155,2043.2897372429127,1.0146520900387677,35
4796000,-2747501.3746840917,300.5950356439311,2039.7699691452206,1.0164029443560667,35
4798000,-2746415.74198078,300.86745018405253,2039.1015384040002,1.016736127849227,35
4800000,-2744787.321305629,300.52406257749993,2041.8673721273428,1.0153588968358258,35
4802000,-2744785.7300568856,300.058315438994,2039.3456094494704,1.0166144437910951,35
4804000,-2746411.2238798384,300.6989406452463,2040.2181747470847,1.0161796557396576,35
4806000,-2746304.629243752,300.19189752173986,2041.54149342184,1.0155209723282845,35
4808000,-2743909.380459074,300.1651659486532,2043.2722800313543,1.014660758974556,35
4810000,-2746401.092931673,300.59781921523603,2039.4835290870872,1.016545695456684,35
4812000,-2746480.517794635,299.7133361012642,2040.5220788120446,1.0160283115658724,35
4814000,-2748649.713760188,301.2092138692072,2041.8216280730992,1.0153816444802894,35
4816000,-2746950.025867779,300.2967887959508,2043.6310368542643,1.0144826365720006,35
4818000,-2745404.5312374383,300.5734793860302,2040.2870505499104,1.0161453516501495,35
4820000,-2744036.017413562,300.2048070876198,2043.2273164374956,1.0146830877648496,35
4822000,-2744300.981685292,299.84223699798355,2041.0008817252042,1.015789959236,35
4824000,-2744432.100959204,302.27720548383536,2040.6850180341928,1.0159471864234304,35
4826000,-2744574.990340788,299.53862387024975,2039.8728912426168,1.016351661590713,35
4828000,-2746416.5956535917,299.66126821277464,2039.8269429438415,1.0163745555082433,35
4830000,-2746525.5700232945,300.24773281359876,2041.1547363862471,1.0157133927625803,35
4832000,-2744008.9505378343,299.4579840086623,2039.0577543109769,1.016757959927847,35
4834000,-2743830.071372127,299.79153862903246,2042.1581393602664,1.0152143276708985,35
4836000,-2744656.120048465,299.1309904377662,2042.0369952884078,1.0152745553737985,35
4838000,-2744951.7775884196,300.56903204242894,2039.9018276471422,1.016337244444544,35
4840000,-2744831.3948861863,300.44036731067587,2041.0129679279642,1.0157839440643173,35
4842000,-2746225.57461147,300.5742587380239,2040.375989651739,1.016101058316293,35
4844000,-2745216.582252374,300.1601829509693,2039.3789310437803,1.0165978332369947,35
4846000,-2742386.9563850127,300.50340454290864,2044.0756543264383,1.0142619712045118,35
4848000,-2743722.583176829,301.4664245749195,2040.840717629978,1.0158696778923144,35
4850000,-2746807.7671265993,300.1840035419463,2035.3638627120258,1.0186032288525586,35
4852000,-2747567.141925037,299.3077666265394,2038.3653664232709,1.0171033302465244,35
4854000,-2748805.9858765807,299.86086406816486,2040.8113801660106,1.0158842814173439,35
4856000,-2742667.295566421,300.28972488650743,2035.8839441405005,1.018343019215445,35
4858000,-2747742.3714395408,300.25702461209056,2037.8022851149472,1.0173843741329105,35
4860000,-2745023.0776946656,300.33209150573595,2039.9216343598034,1.016327376271459,35
4862000,-2745190.7955923453,299.9469222937454,2039.8489231442747,1.016363603659706,35
4864000,-2747450.5173197016,300.8491235196157,2039.3029195972629,1.0166357251416687,35
4866000,-2744326.1959136,300.48012293676703,2040.8605226101643,1.0158598196591724,35
4868000,-2743225.8996953648,300.1677139694579,2039.5178283698235,1.016528599853136,35
4870000,-2742811.4408750925,300.6206593840666,2042.4354765038029,1.015076474287057,35
4872000,-2747364.8093797583,300.14134226557155,2043.3466820093956,1.014623813326432,35
4874000,-2746307.8964864295,300.29952805627653,2042.5967181508574,1.0149963446162582,35
4876000,-2743961.2801451962,299.5290921785629,2043.4841727161734,1.014555546908189,35
4878000,-2746923.670042865,299.6551230728201,2037.6721360955066,1.0174493559208744,35
4880000,-2745862.747725563,300.21669397915747,2036.7110898109763,1.017929451467119,35
4882000,-2746603.227718288,299.5046923032072,2038.0327787407116,1.0172693118946403,35
4884000,-2748030.779936606,299.8860147013951,2040.6731761319506,1.0159530819031208,35
4886000,-2745339.23859589,300.8827016148276,2042.3252187000892,1.0151312746203398,35
4888000,-2747049.9687233362,300.845414098165,2039.1146362475438,1.0167295970488048,35
4890000,-2743607.216737367,301.8749868014322,2042.4841876423068,1.0150522657614633,35
4892000,-2744011.308538461,300.2563943480911,2042.850885358238,1.014870060907417,35
4894000,-2743633.735723678,301.38078412744846,2036.0607819031202,1.018254573181467,35
4896000,-2741721.5286694635,299.8632144648627,2042.2664134080019,1.0151605044459486,35
4898000,-2745127.480645595,301.10447501627453,2042.0691179689256,1.0152585846410287,35
4900000,-2742552.8094282206,300.64355370156403,2042.3191541674225,1.0151342889860244,35
4902000,-2747902.333020225,300.9636923757559,2038.529374390975,1.017021500152617,35
4904000,-2747019.2269147616,300.29200087846255,2039.1790143248588,1.0166974982991868,35
4906000,-2744576.5064644776,299.9879340577161,2039.900279878471,1.016338015587605,35
4908000,-2745224.963706024,298.29633850098094,2038.4176067769301,1.0170772640285406,35
4910000,-2747297.961577872,299.7620353675346,2040.617906679703,1.0159805986519264,35
4912000,-2744330.653316235,300.5813768648636,2039.0590003998532,1.016757338577124,35
4914000,-2744874.9418848082,299.79409423973743,2040.9161226890735,1.0158321448882663,35
4916000,-2743776.535811493,301.0145224076296,2040.8144976670553,1.0158827295760018,35
4918000,-2744753.3545954935,300.3550832288869,2041.1064047273212,1.0157374439894797,35
4920000,-2745896.5280133374,300.30019607360754,2041.7208677360263,1.01543175426678,35
4922000,-2742926.8695657663,300.26137650293595,2042.4583746012247,1.0150650942167025,35
4924000,-2745385.66929402,301.3233880593953,2040.743880159202,1.0159178829861535,35
4926000,-2745440.3974056616,300.4805733140828,2043.8808890701064,1.0143586221365037,35
4928000,-2746776.676710086,301.03918407344867,2043.083094783314,1.0147547144518703,35
4930000,-2745407.2801125012,299.2575060529638,2040.1474647041773,1.0162148757952185,35
4932000,-2745318.5130398776,300.65151177181275,2042.9321142157012,1.0148297087415532,35
4934000,-2743853.2710566428,299.69465996618396,2040.0353845557509,1.0162707069415673,35
4936000,-2747896.566042088,300.1740814240586,2037.2317359237256,1.0176693038351075,35
4938000,-2746307.158138195,300.9182222174605,2038.7814896431353,1.0168957355067902,35
4940000,-2742661.5755111445,300.10206181665774,2045.6124736965537,1.0134999806203902,35
4942000,-2745894.735210575,299.8348022070812,2040.8736347345546,1.0158532930030912,35
4944000,-2745004.82463781,299.9027866457298,2040.2003802242075,1.016188518806397,35
4946000,-2742165.606872864,300.7228018726251,2042.638708945974,1.0149754792016528,35
4948000,-2742017.5148791056,300.90208454285636,2041.0113432097678,1.0157847526647512,35
4950000,-2744374.226440767,301.5840330291538,2038.3906229506467,1.0170907279033743,35
4952000,-2745319.6970174257,299.8367881537825,2037.918273719546,1.0173264694586073,35
4954000,-2747831.049734803,300.461575705521,2038.3305509906502,1.0171207027440543,35
4956000,-2744269.119826615,301.02263827490964,2040.8291344023683,1.0158754437104822,35
4958000,-2748380.3238073923,299.4224869507256,2039.721628372181,1.0164270327921388,35
4960000,-2743468.850815812,300.32861260805066,2047.448713167245,1.0125910305421824,35
4962000,-2746684.8651454244,300.8530420304359,2040.446254200091,1.0160660679891547,35
4964000,-2743829.415142689,301.1966461606037,2045.7608204985509,1.0134264874341667,35
4966000,-2745003.6647721715,300.42981981485804,2042.5855347472973,1.0150019018443597,35
4968000,-2746666.153216807,299.5536249013304,2038.093017381352,1.0172392451018142,35
4970000,-2746735.264415277,299.1450798047228,2038.1237322805184,1.017223915119465,35
4972000,-2745272.528593166,300.48380981573445,2039.6592920498501,1.016458096962213,35
4974000,-2743488.6390939727,300.2786158111541,2041.3235213291493,1.0156294094423417,35
4976000,-2744483.077750463,300.91491358775005,2039.1266216567005,1.0167236209999941,35
4978000,-2742711.0106185656,300.18831254279854,2039.3433276225442,1.0166155812838262,35
4980000,-2743819.9212127514,298.6201734719545,2041.3867680948651,1.0155979429528372,35
4982000,-2743872.1651604865,300.5747728433391,2040.4206839322787,1.0160788011875963,35
4984000,-2746605.8809526525,300.22071083143413,2039.6711089099622,1.0164522080994995,35
4986000,-2745616.3599937875,300.6873412747353,2040.0671725556301,1.0162548715742108,35
4988000,-2746417.5611815676,300.2967456769868,2041.1393510892628,1.0157210488063433,35
4990000,-2745058.6519635785,300.7096623027701,2040.558912940524,1.0160099712390485,35
4992000,-2745093.7832026556,300.7376284852839,2042.7218439888914,1.014934171556037,35
4994000,-2747424.2079649083,299.3271469497088,2039.15207671547,1.0167109290777876,35
4996000,-2746299.2000193354,299.99554642286273,2036.493394811707,1.0180382650541202,35
4998000,-2744717.9205114134,299.1355293886216,2041.135771231432,1.015722830234606,35
5000000,-2746099.1930053737,299.696104894377,2036.9837350447654,1.017793204128222,35
