structure,mutation,safe_label,replicate,frame_index,time_ps,com_distance_angstrom
DOR,V106A,V106A,1,0,50.0,30.729776178587375
DOR,V106A,V106A,1,5,300.0,30.32015311741508
DOR,V106A,V106A,1,10,550.0,30.52483029520175
DOR,V106A,V106A,1,15,800.0,30.44238928341636
DOR,V106A,V106A,1,20,1050.0,29.91522490325069
DOR,V106A,V106A,1,25,1300.0,29.89334725315073
DOR,V106A,V106A,1,30,1550.0,30.76553290852908
DOR,V106A,V106A,1,35,1800.0,29.839823290640194
DOR,V106A,V106A,1,40,2050.0,30.41908095745245
DOR,V106A,V106A,1,45,2300.0,30.293768851927748
DOR,V106A,V106A,1,50,2550.0,30.35427865343057
DOR,V106A,V106A,1,55,2800.0,30.39639771384293
DOR,V106A,V106A,1,60,3050.0,30.27606513232268
DOR,V106A,V106A,1,65,3300.0,30.544944458430848
DOR,V106A,V106A,1,70,3550.0,30.13238938883853
DOR,V106A,V106A,1,75,3800.0,30.543424397349252
DOR,V106A,V106A,1,80,4050.0,30.701333166551137
DOR,V106A,V106A,1,85,4300.0,30.41094869022781
DOR,V106A,V106A,1,90,4550.0,30.56721820473413
DOR,V106A,V106A,1,95,4800.0,30.298621867925313
DOR,V106A,V106A,1,100,5050.0,30.182020993189912
DOR,V106A,V106A,1,105,5300.0,30.272444517038508
DOR,V106A,V106A,1,110,5550.0,30.746824286585955
DOR,V106A,V106A,1,115,5800.0,30.545792857516396
DOR,V106A,V106A,1,120,6050.0,30.01524815933273
DOR,V106A,V106A,1,125,6300.0,30.597137783782767
DOR,V106A,V106A,1,130,6550.0,30.62587226636045
DOR,V106A,V106A,1,135,6800.0,30.45630824244501
DOR,V106A,V106A,1,140,7050.0,30.911680460138236
DOR,V106A,V106A,1,145,7300.0,30.482892930098966
DOR,V106A,V106A,1,150,7550.0,31.048648968460817
DOR,V106A,V106A,1,155,7800.0,30.66988609832423
DOR,V106A,V106A,1,160,8050.0,30.583860827231412
DOR,V106A,V106A,1,165,8300.0,30.848510890333763
DOR,V106A,V106A,1,170,8550.0,30.03905533303636
DOR,V106A,V106A,1,175,8800.0,30.64821547364166
DOR,V106A,V106A,1,180,9050.0,30.64200948939697
DOR,V106A,V106A,1,185,9300.0,30.65335614688847
DOR,V106A,V106A,1,190,9550.0,30.84507671838481
DOR,V106A,V106A,1,195,9800.0,30.753613290675975
DOR,WT,wt,2,0,27.77777777777778,30.03141503011875
DOR,WT,wt,2,5,166.66666666666666,29.76119689418119
DOR,WT,wt,2,10,305.55555555555554,30.135707562308347
DOR,WT,wt,2,15,444.44444444444446,29.72626300188621
DOR,WT,wt,2,20,583.3333333333334,30.22787716158472
DOR,WT,wt,2,25,722.2222222222222,30.38922318483215
DOR,WT,wt,2,30,861.1111111111111,30.333755635552887
DOR,WT,wt,2,35,1000.0,30.372236310986565
DOR,WT,wt,2,40,1138.888888888889,30.28777117888843
DOR,WT,wt,2,45,1277.7777777777778,29.75505915716889
DOR,WT,wt,2,50,1416.6666666666667,30.491681936697752
DOR,WT,wt,2,55,1555.5555555555557,30.03300073735703
DOR,WT,wt,2,60,1694.4444444444443,30.58287668079739
DOR,WT,wt,2,65,1833.3333333333333,30.66607170254725
DOR,WT,wt,2,70,1972.2222222222224,30.299204720269195
DOR,WT,wt,2,75,2111.1111111111113,31.257927130866197
DOR,WT,wt,2,80,2250.0,31.053336422225858
DOR,WT,wt,2,85,2388.8888888888887,30.686539713809445
DOR,WT,wt,2,90,2527.777777777778,30.598205636563097
DOR,WT,wt,2,95,2666.6666666666665,30.96341477645476
DOR,WT,wt,2,100,2805.5555555555557,30.46662205372232
DOR,WT,wt,2,105,2944.4444444444443,30.825566637421264
DOR,WT,wt,2,110,3083.3333333333335,30.47280476364602
DOR,WT,wt,2,115,3222.222222222222,30.702235900502316
DOR,WT,wt,2,120,3361.1111111111113,30.613486708689276
DOR,WT,wt,2,125,3500.0,30.25866837071644
DOR,WT,wt,2,130,3638.8888888888887,30.67026363452777
DOR,WT,wt,2,135,3777.777777777778,30.66126064406946
DOR,WT,wt,2,140,3916.6666666666665,31.36048535324366
DOR,WT,wt,2,145,4055.555555555556,30.888289503791697
DOR,WT,wt,2,150,4194.444444444444,30.6689883529728
DOR,WT,wt,2,155,4333.333333333333,30.392594776864303
DOR,WT,wt,2,160,4472.222222222223,30.40002210179328
DOR,WT,wt,2,165,4611.111111111111,30.50341322333621
DOR,WT,wt,2,170,4750.0,30.62163292626725
DOR,WT,wt,2,175,4888.888888888889,30.57375089938112
DOR,WT,wt,2,180,5027.777777777777,30.805269523261472
DOR,WT,wt,2,185,5166.666666666667,31.195639692694197
DOR,WT,wt,2,190,5305.555555555556,31.142847081423195
DOR,WT,wt,2,195,5444.444444444444,31.17505168920509
DOR,WT,wt,2,200,5583.333333333333,31.21600364422328
DOR,WT,wt,2,205,5722.222222222223,30.979685379195907
DOR,WT,wt,2,210,5861.111111111111,31.151289280649596
DOR,WT,wt,2,215,6000.0,30.676563806043266
DOR,WT,wt,2,220,6138.888888888889,30.53838909150951
DOR,WT,wt,2,225,6277.777777777777,30.22278758654635
DOR,WT,wt,2,230,6416.666666666667,30.061155605951207
DOR,WT,wt,2,235,6555.555555555556,30.623386364372053
DOR,WT,wt,2,240,6694.444444444444,30.747585259046723
DOR,WT,wt,2,245,6833.333333333333,30.3007330267421
DOR,WT,wt,2,250,6972.222222222223,30.500791508967403
DOR,WT,wt,2,255,7111.111111111111,30.906335842379665
DOR,WT,wt,2,260,7250.0,30.764578321788797
DOR,WT,wt,2,265,7388.888888888889,30.467689556885077
DOR,WT,wt,2,270,7527.777777777777,30.570940220577626
DOR,WT,wt,2,275,7666.666666666667,30.432137890819423
DOR,WT,wt,2,280,7805.555555555556,30.776753341159232
DOR,WT,wt,2,285,7944.444444444444,30.622819066773634
DOR,WT,wt,2,290,8083.333333333333,30.51217642396729
DOR,WT,wt,2,295,8222.222222222223,30.197179729656852
DOR,WT,wt,2,300,8361.111111111111,30.934183478439017
DOR,WT,wt,2,305,8500.0,30.537484008618325
DOR,WT,wt,2,310,8638.888888888889,30.613729070716214
DOR,WT,wt,2,315,8777.777777777777,30.477819037990596
DOR,WT,wt,2,320,8916.666666666666,30.61884176676908
DOR,WT,wt,2,325,9055.555555555557,30.462784404627502
DOR,WT,wt,2,330,9194.444444444443,30.83374090049966
DOR,WT,wt,2,335,9333.333333333334,30.834343709125708
DOR,WT,wt,2,340,9472.222222222224,31.03403120925296
DOR,WT,wt,2,345,9611.111111111111,31.153057752483058
DOR,WT,wt,2,350,9750.0,30.734486063287687
DOR,WT,wt,2,355,9888.888888888889,30.692310026708633
DOR,WT,wt,3,0,27.77777777777778,30.199300085300525
DOR,WT,wt,3,5,166.66666666666666,30.042174650847343
DOR,WT,wt,3,10,305.55555555555554,30.03400680310311
DOR,WT,wt,3,15,444.44444444444446,30.431671614840894
DOR,WT,wt,3,20,583.3333333333334,30.33517728678697
DOR,WT,wt,3,25,722.2222222222222,30.321514767832813
DOR,WT,wt,3,30,861.1111111111111,30.40307002764633
DOR,WT,wt,3,35,1000.0,30.66710239670286
DOR,WT,wt,3,40,1138.888888888889,30.672775945936575
DOR,WT,wt,3,45,1277.7777777777778,30.172278217874418
DOR,WT,wt,3,50,1416.6666666666667,30.713629552091128
DOR,WT,wt,3,55,1555.5555555555557,30.07385083970542
DOR,WT,wt,3,60,1694.4444444444443,30.22795304545542
DOR,WT,wt,3,65,1833.3333333333333,30.37886621972712
DOR,WT,wt,3,70,1972.2222222222224,30.733706450224705
DOR,WT,wt,3,75,2111.1111111111113,30.503021207422695
DOR,WT,wt,3,80,2250.0,30.6764278482828
DOR,WT,wt,3,85,2388.8888888888887,30.71865475745118
DOR,WT,wt,3,90,2527.777777777778,30.440076473357163
DOR,WT,wt,3,95,2666.6666666666665,30.587910655595092
DOR,WT,wt,3,100,2805.5555555555557,30.57350161929144
DOR,WT,wt,3,105,2944.4444444444443,31.104426927907465
DOR,WT,wt,3,110,3083.3333333333335,30.75762089075571
DOR,WT,wt,3,115,3222.222222222222,30.627641294501213
DOR,WT,wt,3,120,3361.1111111111113,30.72094378518169
DOR,WT,wt,3,125,3500.0,30.876780429364644
DOR,WT,wt,3,130,3638.8888888888887,30.42103646018384
DOR,WT,wt,3,135,3777.777777777778,30.342054317322937
DOR,WT,wt,3,140,3916.6666666666665,30.055019202836203
DOR,WT,wt,3,145,4055.555555555556,30.491400381176415
DOR,WT,wt,3,150,4194.444444444444,30.141896965317517
DOR,WT,wt,3,155,4333.333333333333,30.56447558709692
DOR,WT,wt,3,160,4472.222222222223,30.96471262935366
DOR,WT,wt,3,165,4611.111111111111,30.936422729636096
DOR,WT,wt,3,170,4750.0,31.182331811476768
DOR,WT,wt,3,175,4888.888888888889,30.68228237489398
DOR,WT,wt,3,180,5027.777777777777,30.971528159512
DOR,WT,wt,3,185,5166.666666666667,31.060803954729597
DOR,WT,wt,3,190,5305.555555555556,30.381060255810905
DOR,WT,wt,3,195,5444.444444444444,30.68191989920958
DOR,WT,wt,3,200,5583.333333333333,30.826702647387993
DOR,WT,wt,3,205,5722.222222222223,30.81353613986099
DOR,WT,wt,3,210,5861.111111111111,30.587577608080636
DOR,WT,wt,3,215,6000.0,31.02220034480895
DOR,WT,wt,3,220,6138.888888888889,31.244727432395248
DOR,WT,wt,3,225,6277.777777777777,31.04462595379468
DOR,WT,wt,3,230,6416.666666666667,30.544116144321077
DOR,WT,wt,3,235,6555.555555555556,30.995434049836213
DOR,WT,wt,3,240,6694.444444444444,30.476150742479593
DOR,WT,wt,3,245,6833.333333333333,30.54686200293093
DOR,WT,wt,3,250,6972.222222222223,31.047527685626573
DOR,WT,wt,3,255,7111.111111111111,30.92055955019979
DOR,WT,wt,3,260,7250.0,30.892527697881334
DOR,WT,wt,3,265,7388.888888888889,31.023379564580644
DOR,WT,wt,3,270,7527.777777777777,30.916381764632675
DOR,WT,wt,3,275,7666.666666666667,30.64741439171638
DOR,WT,wt,3,280,7805.555555555556,30.86763422176102
DOR,WT,wt,3,285,7944.444444444444,30.952195572778724
DOR,WT,wt,3,290,8083.333333333333,31.03127302718884
DOR,WT,wt,3,295,8222.222222222223,31.17539994876986
DOR,WT,wt,3,300,8361.111111111111,30.04602103062071
DOR,WT,wt,3,305,8500.0,30.17069576755572
DOR,WT,wt,3,310,8638.888888888889,30.413873244547336
DOR,WT,wt,3,315,8777.777777777777,30.510738129068663
DOR,WT,wt,3,320,8916.666666666666,31.192439469725947
DOR,WT,wt,3,325,9055.555555555557,30.80018655538632
DOR,WT,wt,3,330,9194.444444444443,30.09715883769961
DOR,WT,wt,3,335,9333.333333333334,30.68014372478544
DOR,WT,wt,3,340,9472.222222222224,30.89730338122979
DOR,WT,wt,3,345,9611.111111111111,30.603286586626872
DOR,WT,wt,3,350,9750.0,30.298586316101527
DOR,WT,wt,3,355,9888.888888888889,30.54302612781137
DOR,WT,wt,1,0,20.0,30.233523493551264
DOR,WT,wt,1,5,120.0,29.982053943780173
DOR,WT,wt,1,10,220.0,29.967291304910635
DOR,WT,wt,1,15,320.0,29.825646095035033
DOR,WT,wt,1,20,420.0,30.04116818559336
DOR,WT,wt,1,25,520.0,29.999326966031308
DOR,WT,wt,1,30,620.0,29.834049605982777
DOR,WT,wt,1,35,720.0,30.40804871620204
DOR,WT,wt,1,40,820.0,30.5365128837436
DOR,WT,wt,1,45,920.0,30.363943127731243
DOR,WT,wt,1,50,1020.0,30.54146488708176
DOR,WT,wt,1,55,1120.0,30.350983559550468
DOR,WT,wt,1,60,1220.0,30.13434930637187
DOR,WT,wt,1,65,1320.0,30.12466042177124
DOR,WT,wt,1,70,1420.0,29.736375911700488
DOR,WT,wt,1,75,1520.0,29.959593945286407
DOR,WT,wt,1,80,1620.0,30.35491044635139
DOR,WT,wt,1,85,1720.0,30.223165398330856
DOR,WT,wt,1,90,1820.0,30.206546236445217
DOR,WT,wt,1,95,1920.0,30.12141450149998
DOR,WT,wt,1,100,2020.0,30.315147556983177
DOR,WT,wt,1,105,2120.0,30.21310939055832
DOR,WT,wt,1,110,2220.0,30.27831916193371
DOR,WT,wt,1,115,2320.0,30.132479355042022
DOR,WT,wt,1,120,2420.0,30.52958352832751
DOR,WT,wt,1,125,2520.0,30.115372834144168
DOR,WT,wt,1,130,2620.0,30.002587629117993
DOR,WT,wt,1,135,2720.0,30.164465718074048
DOR,WT,wt,1,140,2820.0,30.27195420063866
DOR,WT,wt,1,145,2920.0,30.5118753048305
DOR,WT,wt,1,150,3020.0,30.03359311732098
DOR,WT,wt,1,155,3120.0,30.650754126237
DOR,WT,wt,1,160,3220.0,30.537398764808525
DOR,WT,wt,1,165,3320.0,30.517326539374675
DOR,WT,wt,1,170,3420.0,30.402908744490848
DOR,WT,wt,1,175,3520.0,30.886028314916945
DOR,WT,wt,1,180,3620.0,30.10400206633684
DOR,WT,wt,1,185,3720.0,30.36439083843683
DOR,WT,wt,1,190,3820.0,30.397991398028932
DOR,WT,wt,1,195,3920.0,30.39282053415932
DOR,WT,wt,1,200,4020.0,30.425280076793666
DOR,WT,wt,1,205,4120.0,30.41872723122967
DOR,WT,wt,1,210,4220.0,30.540648186691197
DOR,WT,wt,1,215,4320.0,30.991913643017003
DOR,WT,wt,1,220,4420.0,30.4743287330366
DOR,WT,wt,1,225,4520.0,29.911717173052523
DOR,WT,wt,1,230,4620.0,30.092474268183807
DOR,WT,wt,1,235,4720.0,30.42342080808583
DOR,WT,wt,1,240,4820.0,30.11492533647224
DOR,WT,wt,1,245,4920.0,30.812758468790797
DOR,WT,wt,1,250,5020.0,30.182044892629545
DOR,WT,wt,1,255,5120.0,30.260258932603957
DOR,WT,wt,1,260,5220.0,30.035868506866933
DOR,WT,wt,1,265,5320.0,30.420994981300797
DOR,WT,wt,1,270,5420.0,30.210705601207454
DOR,WT,wt,1,275,5520.0,30.46322590740711
DOR,WT,wt,1,280,5620.0,30.656226640528853
DOR,WT,wt,1,285,5720.0,30.636568231664135
DOR,WT,wt,1,290,5820.0,30.167455106443196
DOR,WT,wt,1,295,5920.0,30.034281357648695
DOR,WT,wt,1,300,6020.0,30.226989033878755
DOR,WT,wt,1,305,6120.0,30.784191677860463
DOR,WT,wt,1,310,6220.0,30.65503068772908
DOR,WT,wt,1,315,6320.0,30.71269824423464
DOR,WT,wt,1,320,6420.0,30.85507811738952
DOR,WT,wt,1,325,6520.0,30.228480991035717
DOR,WT,wt,1,330,6620.0,30.427672162306703
DOR,WT,wt,1,335,6720.0,30.563060979849197
DOR,WT,wt,1,340,6820.0,30.3962236844351
DOR,WT,wt,1,345,6920.0,30.506390504385337
DOR,WT,wt,1,350,7020.0,30.478683020656632
DOR,WT,wt,1,355,7120.0,30.348428492688846
DOR,WT,wt,1,360,7220.0,30.74430577486307
DOR,WT,wt,1,365,7320.0,30.28094359117501
DOR,WT,wt,1,370,7420.0,30.812990767285523
DOR,WT,wt,1,375,7520.0,30.541360266716712
DOR,WT,wt,1,380,7620.0,30.492134738398573
DOR,WT,wt,1,385,7720.0,30.16418707059168
DOR,WT,wt,1,390,7820.0,30.363076526233563
DOR,WT,wt,1,395,7920.0,30.81457377766219
DOR,WT,wt,1,400,8020.0,30.521186989844157
DOR,WT,wt,1,405,8120.0,30.457778480497687
DOR,WT,wt,1,410,8220.0,30.284316612177495
DOR,WT,wt,1,415,8320.0,30.561255585136006
DOR,WT,wt,1,420,8420.0,30.94971082905682
DOR,WT,wt,1,425,8520.0,30.7108774679258
DOR,WT,wt,1,430,8620.0,30.660716257792036
DOR,WT,wt,1,435,8720.0,30.30470293170083
DOR,WT,wt,1,440,8820.0,30.670944577140023
DOR,WT,wt,1,445,8920.0,30.109809413454705
DOR,WT,wt,1,450,9020.0,30.08805595617591
DOR,WT,wt,1,455,9120.0,30.42144994345758
DOR,WT,wt,1,460,9220.0,30.38245417000931
DOR,WT,wt,1,465,9320.0,30.48184380781729
DOR,WT,wt,1,470,9420.0,30.265015299730663
DOR,WT,wt,1,475,9520.0,30.676714567252255
DOR,WT,wt,1,480,9620.0,30.562324259122494
DOR,WT,wt,1,485,9720.0,30.07254021175436
DOR,WT,wt,1,490,9820.0,30.547926249359687
DOR,WT,wt,1,495,9920.0,30.258431861889413
DOR,V106A,V106A,2,0,27.77777777777778,30.70059443491463
DOR,V106A,V106A,2,5,166.66666666666666,30.72910695244673
DOR,V106A,V106A,2,10,305.55555555555554,30.86865161693225
DOR,V106A,V106A,2,15,444.44444444444446,30.905404190339095
DOR,V106A,V106A,2,20,583.3333333333334,30.597513884936912
DOR,V106A,V106A,2,25,722.2222222222222,30.556914117735168
DOR,V106A,V106A,2,30,861.1111111111111,30.714195294402447
DOR,V106A,V106A,2,35,1000.0,30.95396728070839
DOR,V106A,V106A,2,40,1138.888888888889,30.250539909193233
DOR,V106A,V106A,2,45,1277.7777777777778,30.29683735782047
DOR,V106A,V106A,2,50,1416.6666666666667,30.507936172945207
DOR,V106A,V106A,2,55,1555.5555555555557,30.41947575476364
DOR,V106A,V106A,2,60,1694.4444444444443,30.0878588773349
DOR,V106A,V106A,2,65,1833.3333333333333,29.95892795020511
DOR,V106A,V106A,2,70,1972.2222222222224,29.79034620593941
DOR,V106A,V106A,2,75,2111.1111111111113,30.09078234561651
DOR,V106A,V106A,2,80,2250.0,30.035499493478227
DOR,V106A,V106A,2,85,2388.8888888888887,30.20472950545733
DOR,V106A,V106A,2,90,2527.777777777778,31.08154298356586
DOR,V106A,V106A,2,95,2666.6666666666665,30.130685599972864
DOR,V106A,V106A,2,100,2805.5555555555557,30.18011061236725
DOR,V106A,V106A,2,105,2944.4444444444443,30.37452117120968
DOR,V106A,V106A,2,110,3083.3333333333335,30.264534159999663
DOR,V106A,V106A,2,115,3222.222222222222,30.199358055432256
DOR,V106A,V106A,2,120,3361.1111111111113,29.596384440651995
DOR,V106A,V106A,2,125,3500.0,30.026694022961756
DOR,V106A,V106A,2,130,3638.8888888888887,30.10583134865735
DOR,V106A,V106A,2,135,3777.777777777778,29.859218536908095
DOR,V106A,V106A,2,140,3916.6666666666665,30.37410502119819
DOR,V106A,V106A,2,145,4055.555555555556,29.50118545906447
DOR,V106A,V106A,2,150,4194.444444444444,30.66795175555013
DOR,V106A,V106A,2,155,4333.333333333333,30.454051547222488
DOR,V106A,V106A,2,160,4472.222222222223,29.728902201838945
DOR,V106A,V106A,2,165,4611.111111111111,30.058023166588093
DOR,V106A,V106A,2,170,4750.0,30.597366681275023
DOR,V106A,V106A,2,175,4888.888888888889,30.183822113755625
DOR,V106A,V106A,2,180,5027.777777777777,29.721581869231485
DOR,V106A,V106A,2,185,5166.666666666667,30.215172547580796
DOR,V106A,V106A,2,190,5305.555555555556,30.25079311478689
DOR,V106A,V106A,2,195,5444.444444444444,30.192058484401574
DOR,V106A,V106A,2,200,5583.333333333333,29.835457357258264
DOR,V106A,V106A,2,205,5722.222222222223,29.60245523893562
DOR,V106A,V106A,2,210,5861.111111111111,29.95089639564489
DOR,V106A,V106A,2,215,6000.0,29.66784663527607
DOR,V106A,V106A,2,220,6138.888888888889,30.7381076968506
DOR,V106A,V106A,2,225,6277.777777777777,30.216234831937015
DOR,V106A,V106A,2,230,6416.666666666667,30.391987920801647
DOR,V106A,V106A,2,235,6555.555555555556,30.39776492469256
DOR,V106A,V106A,2,240,6694.444444444444,30.086301182718536
DOR,V106A,V106A,2,245,6833.333333333333,31.067394756178235
DOR,V106A,V106A,2,250,6972.222222222223,30.79496079223389
DOR,V106A,V106A,2,255,7111.111111111111,30.682852027865273
DOR,V106A,V106A,2,260,7250.0,31.09385483067531
DOR,V106A,V106A,2,265,7388.888888888889,31.21235872721741
DOR,V106A,V106A,2,270,7527.777777777777,30.643615780252293
DOR,V106A,V106A,2,275,7666.666666666667,30.925212245575217
DOR,V106A,V106A,2,280,7805.555555555556,30.69416157528486
DOR,V106A,V106A,2,285,7944.444444444444,31.098934925535183
DOR,V106A,V106A,2,290,8083.333333333333,31.1894719285889
DOR,V106A,V106A,2,295,8222.222222222223,30.456304659935675
DOR,V106A,V106A,2,300,8361.111111111111,30.403572859906298
DOR,V106A,V106A,2,305,8500.0,30.547157580979466
DOR,V106A,V106A,2,310,8638.888888888889,30.65188237762111
DOR,V106A,V106A,2,315,8777.777777777777,30.614104756529255
DOR,V106A,V106A,2,320,8916.666666666666,30.71704709269034
DOR,V106A,V106A,2,325,9055.555555555557,30.705691011750503
DOR,V106A,V106A,2,330,9194.444444444443,30.589381812386176
DOR,V106A,V106A,2,335,9333.333333333334,30.758189677163095
DOR,V106A,V106A,2,340,9472.222222222224,30.526323099847883
DOR,V106A,V106A,2,345,9611.111111111111,30.42999416446817
DOR,V106A,V106A,2,350,9750.0,30.91865565407895
DOR,V106A,V106A,2,355,9888.888888888889,31.278875507699244
DOR,V106A,V106A,3,0,27.77777777777778,30.719291407991392
DOR,V106A,V106A,3,5,166.66666666666666,29.960233984733453
DOR,V106A,V106A,3,10,305.55555555555554,30.55154482911341
DOR,V106A,V106A,3,15,444.44444444444446,30.85634249198819
DOR,V106A,V106A,3,20,583.3333333333334,30.706061242907143
DOR,V106A,V106A,3,25,722.2222222222222,30.65903206565836
DOR,V106A,V106A,3,30,861.1111111111111,30.513552421733515
DOR,V106A,V106A,3,35,1000.0,30.62578516143635
DOR,V106A,V106A,3,40,1138.888888888889,30.519121271391302
DOR,V106A,V106A,3,45,1277.7777777777778,30.418444225709013
DOR,V106A,V106A,3,50,1416.6666666666667,30.4290799179391
DOR,V106A,V106A,3,55,1555.5555555555557,29.854480558993757
DOR,V106A,V106A,3,60,1694.4444444444443,30.45902732911427
DOR,V106A,V106A,3,65,1833.3333333333333,30.608703630308103
DOR,V106A,V106A,3,70,1972.2222222222224,30.58980720965959
DOR,V106A,V106A,3,75,2111.1111111111113,30.689925649390315
DOR,V106A,V106A,3,80,2250.0,30.38255964203051
DOR,V106A,V106A,3,85,2388.8888888888887,30.458835748489488
DOR,V106A,V106A,3,90,2527.777777777778,30.298087823257077
DOR,V106A,V106A,3,95,2666.6666666666665,30.360380319808243
DOR,V106A,V106A,3,100,2805.5555555555557,29.74191733037492
DOR,V106A,V106A,3,105,2944.4444444444443,30.18000905573086
DOR,V106A,V106A,3,110,3083.3333333333335,29.94408693450701
DOR,V106A,V106A,3,115,3222.222222222222,30.308963132775872
DOR,V106A,V106A,3,120,3361.1111111111113,30.56361156237713
DOR,V106A,V106A,3,125,3500.0,29.823603323005297
DOR,V106A,V106A,3,130,3638.8888888888887,30.173764526695145
DOR,V106A,V106A,3,135,3777.777777777778,29.694069478415894
DOR,V106A,V106A,3,140,3916.6666666666665,30.198648600838887
DOR,V106A,V106A,3,145,4055.555555555556,30.345216416582225
DOR,V106A,V106A,3,150,4194.444444444444,30.37669230444791
DOR,V106A,V106A,3,155,4333.333333333333,30.519169051865457
DOR,V106A,V106A,3,160,4472.222222222223,30.824975013168167
DOR,V106A,V106A,3,165,4611.111111111111,30.492881702179577
DOR,V106A,V106A,3,170,4750.0,30.137377695363156
DOR,V106A,V106A,3,175,4888.888888888889,30.798498991933855
DOR,V106A,V106A,3,180,5027.777777777777,30.51513031122924
DOR,V106A,V106A,3,185,5166.666666666667,30.875052624089168
DOR,V106A,V106A,3,190,5305.555555555556,30.447815442809055
DOR,V106A,V106A,3,195,5444.444444444444,30.35547410131202
DOR,V106A,V106A,3,200,5583.333333333333,30.820266609631275
DOR,V106A,V106A,3,205,5722.222222222223,29.978272393385737
DOR,V106A,V106A,3,210,5861.111111111111,30.06829734563203
DOR,V106A,V106A,3,215,6000.0,29.88727138493312
DOR,V106A,V106A,3,220,6138.888888888889,29.76007421183171
DOR,V106A,V106A,3,225,6277.777777777777,29.634378273378772
DOR,V106A,V106A,3,230,6416.666666666667,29.977465486202306
DOR,V106A,V106A,3,235,6555.555555555556,29.68621648652464
DOR,V106A,V106A,3,240,6694.444444444444,29.821457716734457
DOR,V106A,V106A,3,245,6833.333333333333,29.476796079022904
DOR,V106A,V106A,3,250,6972.222222222223,30.02481241532407
DOR,V106A,V106A,3,255,7111.111111111111,29.954151481902013
DOR,V106A,V106A,3,260,7250.0,29.877403858208684
DOR,V106A,V106A,3,265,7388.888888888889,29.7166542736033
DOR,V106A,V106A,3,270,7527.777777777777,30.072811521087008
DOR,V106A,V106A,3,275,7666.666666666667,29.520649596180142
DOR,V106A,V106A,3,280,7805.555555555556,29.95473851393402
DOR,V106A,V106A,3,285,7944.444444444444,29.97295222087054
DOR,V106A,V106A,3,290,8083.333333333333,30.10131666836854
DOR,V106A,V106A,3,295,8222.222222222223,29.78527693547062
DOR,V106A,V106A,3,300,8361.111111111111,29.736622721749484
DOR,V106A,V106A,3,305,8500.0,29.697597796115556
DOR,V106A,V106A,3,310,8638.888888888889,29.063270970339055
DOR,V106A,V106A,3,315,8777.777777777777,29.64841700301608
DOR,V106A,V106A,3,320,8916.666666666666,29.339809820756457
DOR,V106A,V106A,3,325,9055.555555555557,29.587604241286503
DOR,V106A,V106A,3,330,9194.444444444443,29.935793053052812
DOR,V106A,V106A,3,335,9333.333333333334,29.64819715082996
DOR,V106A,V106A,3,340,9472.222222222224,29.86606250494875
DOR,V106A,V106A,3,345,9611.111111111111,29.374439556582924
DOR,V106A,V106A,3,350,9750.0,29.64640675097892
DOR,V106A,V106A,3,355,9888.888888888889,29.360848240575663
DOR,V106M,V106M,1,0,27.77777777777778,30.09016083219995
DOR,V106M,V106M,1,5,166.66666666666666,30.938753216103965
DOR,V106M,V106M,1,10,305.55555555555554,30.757510794713728
DOR,V106M,V106M,1,15,444.44444444444446,30.851374976503685
DOR,V106M,V106M,1,20,583.3333333333334,31.142370228149975
DOR,V106M,V106M,1,25,722.2222222222222,30.99076831771326
DOR,V106M,V106M,1,30,861.1111111111111,30.79372394481469
DOR,V106M,V106M,1,35,1000.0,31.55580061488921
DOR,V106M,V106M,1,40,1138.888888888889,31.315691789505113
DOR,V106M,V106M,1,45,1277.7777777777778,31.15340700219075
DOR,V106M,V106M,1,50,1416.6666666666667,31.21396684550811
DOR,V106M,V106M,1,55,1555.5555555555557,30.927186036674133
DOR,V106M,V106M,1,60,1694.4444444444443,31.035011322592055
DOR,V106M,V106M,1,65,1833.3333333333333,31.101182734478584
DOR,V106M,V106M,1,70,1972.2222222222224,31.09088633593939
DOR,V106M,V106M,1,75,2111.1111111111113,31.22120331022538
DOR,V106M,V106M,1,80,2250.0,30.921078536024417
DOR,V106M,V106M,1,85,2388.8888888888887,30.723791730747383
DOR,V106M,V106M,1,90,2527.777777777778,31.393779300767616
DOR,V106M,V106M,1,95,2666.6666666666665,30.573783724103695
DOR,V106M,V106M,1,100,2805.5555555555557,31.358803520473938
DOR,V106M,V106M,1,105,2944.4444444444443,31.405402940753028
DOR,V106M,V106M,1,110,3083.3333333333335,31.114593651701203
DOR,V106M,V106M,1,115,3222.222222222222,30.93943559697028
DOR,V106M,V106M,1,120,3361.1111111111113,30.423777525918386
DOR,V106M,V106M,1,125,3500.0,30.504992888341377
DOR,V106M,V106M,1,130,3638.8888888888887,30.778281066412312
DOR,V106M,V106M,1,135,3777.777777777778,31.295750234708
DOR,V106M,V106M,1,140,3916.6666666666665,31.05047550545203
DOR,V106M,V106M,1,145,4055.555555555556,31.335485626648676
DOR,V106M,V106M,1,150,4194.444444444444,30.834781059061616
DOR,V106M,V106M,1,155,4333.333333333333,30.878227570527535
DOR,V106M,V106M,1,160,4472.222222222223,31.103513619841458
DOR,V106M,V106M,1,165,4611.111111111111,31.068974582920657
DOR,V106M,V106M,1,170,4750.0,31.117509450531937
DOR,V106M,V106M,1,175,4888.888888888889,31.13727335720727
DOR,V106M,V106M,1,180,5027.777777777777,31.438828789688376
DOR,V106M,V106M,1,185,5166.666666666667,31.546826285562663
DOR,V106M,V106M,1,190,5305.555555555556,31.245272339886313
DOR,V106M,V106M,1,195,5444.444444444444,31.36826744609548
DOR,V106M,V106M,1,200,5583.333333333333,31.354949103203392
DOR,V106M,V106M,1,205,5722.222222222223,31.008155586808076
DOR,V106M,V106M,1,210,5861.111111111111,31.269478451185424
DOR,V106M,V106M,1,215,6000.0,31.15125396685223
DOR,V106M,V106M,1,220,6138.888888888889,31.08056185734374
DOR,V106M,V106M,1,225,6277.777777777777,30.719998514009795
DOR,V106M,V106M,1,230,6416.666666666667,31.1963216224464
DOR,V106M,V106M,1,235,6555.555555555556,31.12448205268795
DOR,V106M,V106M,1,240,6694.444444444444,31.124981454528392
DOR,V106M,V106M,1,245,6833.333333333333,31.15224947709358
DOR,V106M,V106M,1,250,6972.222222222223,30.64454865470487
DOR,V106M,V106M,1,255,7111.111111111111,30.554003571409147
DOR,V106M,V106M,1,260,7250.0,30.60146486090328
DOR,V106M,V106M,1,265,7388.888888888889,30.70298914952398
DOR,V106M,V106M,1,270,7527.777777777777,30.764579766656933
DOR,V106M,V106M,1,275,7666.666666666667,31.274088011380655
DOR,V106M,V106M,1,280,7805.555555555556,30.749489110584975
DOR,V106M,V106M,1,285,7944.444444444444,30.604697015560703
DOR,V106M,V106M,1,290,8083.333333333333,30.534852324355924
DOR,V106M,V106M,1,295,8222.222222222223,30.913662181104847
DOR,V106M,V106M,1,300,8361.111111111111,30.126128465468348
DOR,V106M,V106M,1,305,8500.0,30.64733613195327
DOR,V106M,V106M,1,310,8638.888888888889,30.190166801610683
DOR,V106M,V106M,1,315,8777.777777777777,30.674823290640976
DOR,V106M,V106M,1,320,8916.666666666666,30.152129242584767
DOR,V106M,V106M,1,325,9055.555555555557,29.829483529709247
DOR,V106M,V106M,1,330,9194.444444444443,30.486752746876377
DOR,V106M,V106M,1,335,9333.333333333334,30.73744007419095
DOR,V106M,V106M,1,340,9472.222222222224,30.6381318804366
DOR,V106M,V106M,1,345,9611.111111111111,30.470465180582387
DOR,V106M,V106M,1,350,9750.0,30.337510218962805
DOR,V106M,V106M,1,355,9888.888888888889,30.718449023276143
DOR,V106M,V106M,2,0,27.77777777777778,30.902723033512167
DOR,V106M,V106M,2,5,166.66666666666666,30.992133070107904
DOR,V106M,V106M,2,10,305.55555555555554,31.213204573907053
DOR,V106M,V106M,2,15,444.44444444444446,30.38122914070694
DOR,V106M,V106M,2,20,583.3333333333334,30.39421264557333
DOR,V106M,V106M,2,25,722.2222222222222,31.257151826820376
DOR,V106M,V106M,2,30,861.1111111111111,30.5645372178462
DOR,V106M,V106M,2,35,1000.0,30.61329496650641
DOR,V106M,V106M,2,40,1138.888888888889,31.013850884383256
DOR,V106M,V106M,2,45,1277.7777777777778,30.8594524790934
DOR,V106M,V106M,2,50,1416.6666666666667,30.640400688236873
DOR,V106M,V106M,2,55,1555.5555555555557,31.097007239501032
DOR,V106M,V106M,2,60,1694.4444444444443,30.90728226030999
DOR,V106M,V106M,2,65,1833.3333333333333,31.291277634450008
DOR,V106M,V106M,2,70,1972.2222222222224,31.3052721540412
DOR,V106M,V106M,2,75,2111.1111111111113,30.937282172291955
DOR,V106M,V106M,2,80,2250.0,30.51300321014559
DOR,V106M,V106M,2,85,2388.8888888888887,30.456927044972534
DOR,V106M,V106M,2,90,2527.777777777778,31.48994192143283
DOR,V106M,V106M,2,95,2666.6666666666665,31.26990948506336
DOR,V106M,V106M,2,100,2805.5555555555557,31.07108504664781
DOR,V106M,V106M,2,105,2944.4444444444443,30.95738550333464
DOR,V106M,V106M,2,110,3083.3333333333335,30.95509823153104
DOR,V106M,V106M,2,115,3222.222222222222,30.91980156045106
DOR,V106M,V106M,2,120,3361.1111111111113,30.5069668150975
DOR,V106M,V106M,2,125,3500.0,30.926399615578077
DOR,V106M,V106M,2,130,3638.8888888888887,30.87332640494293
DOR,V106M,V106M,2,135,3777.777777777778,30.512026945884063
DOR,V106M,V106M,2,140,3916.6666666666665,30.72344305986848
DOR,V106M,V106M,2,145,4055.555555555556,30.862302486359116
DOR,V106M,V106M,2,150,4194.444444444444,31.41969454742039
DOR,V106M,V106M,2,155,4333.333333333333,31.0828418398106
DOR,V106M,V106M,2,160,4472.222222222223,30.765645553883417
DOR,V106M,V106M,2,165,4611.111111111111,30.827806771260512
DOR,V106M,V106M,2,170,4750.0,30.66540529379025
DOR,V106M,V106M,2,175,4888.888888888889,30.77810980256822
DOR,V106M,V106M,2,180,5027.777777777777,30.8794429450323
DOR,V106M,V106M,2,185,5166.666666666667,30.89913278580052
DOR,V106M,V106M,2,190,5305.555555555556,30.491025772727212
DOR,V106M,V106M,2,195,5444.444444444444,31.05752387742882
DOR,V106M,V106M,2,200,5583.333333333333,30.58374388999359
DOR,V106M,V106M,2,205,5722.222222222223,30.742378370367323
DOR,V106M,V106M,2,210,5861.111111111111,31.413017154797835
DOR,V106M,V106M,2,215,6000.0,30.96535781700505
DOR,V106M,V106M,2,220,6138.888888888889,30.59698005122795
DOR,V106M,V106M,2,225,6277.777777777777,31.09860920217576
DOR,V106M,V106M,2,230,6416.666666666667,30.48209720099323
DOR,V106M,V106M,2,235,6555.555555555556,31.17974165252014
DOR,V106M,V106M,2,240,6694.444444444444,31.132923759749044
DOR,V106M,V106M,2,245,6833.333333333333,30.300275085126692
DOR,V106M,V106M,2,250,6972.222222222223,30.447139973276375
DOR,V106M,V106M,2,255,7111.111111111111,30.88899303076455
DOR,V106M,V106M,2,260,7250.0,30.45486233356947
DOR,V106M,V106M,2,265,7388.888888888889,30.926267855285865
DOR,V106M,V106M,2,270,7527.777777777777,31.3931478103939
DOR,V106M,V106M,2,275,7666.666666666667,30.63725583984724
DOR,V106M,V106M,2,280,7805.555555555556,30.749117079347226
DOR,V106M,V106M,2,285,7944.444444444444,30.97853065465007
DOR,V106M,V106M,2,290,8083.333333333333,30.078330566371875
DOR,V106M,V106M,2,295,8222.222222222223,30.808938055400564
DOR,V106M,V106M,2,300,8361.111111111111,30.87383759926948
DOR,V106M,V106M,2,305,8500.0,31.054285751830996
DOR,V106M,V106M,2,310,8638.888888888889,31.11550351647773
DOR,V106M,V106M,2,315,8777.777777777777,30.37890820143854
DOR,V106M,V106M,2,320,8916.666666666666,30.42734238076449
DOR,V106M,V106M,2,325,9055.555555555557,30.69108565182776
DOR,V106M,V106M,2,330,9194.444444444443,30.375820928952972
DOR,V106M,V106M,2,335,9333.333333333334,30.991893780321803
DOR,V106M,V106M,2,340,9472.222222222224,30.20303974084532
DOR,V106M,V106M,2,345,9611.111111111111,30.385195757471656
DOR,V106M,V106M,2,350,9750.0,30.32355430086549
DOR,V106M,V106M,2,355,9888.888888888889,30.212790139007943
DOR,V106M,V106M,3,0,27.77777777777778,30.864998601034213
DOR,V106M,V106M,3,5,166.66666666666666,30.960908143469585
DOR,V106M,V106M,3,10,305.55555555555554,30.105431712085927
DOR,V106M,V106M,3,15,444.44444444444446,29.98888154188463
DOR,V106M,V106M,3,20,583.3333333333334,29.788153954233813
DOR,V106M,V106M,3,25,722.2222222222222,30.105035386880186
DOR,V106M,V106M,3,30,861.1111111111111,29.359393385755418
DOR,V106M,V106M,3,35,1000.0,29.5355190985731
DOR,V106M,V106M,3,40,1138.888888888889,29.633527108513125
DOR,V106M,V106M,3,45,1277.7777777777778,29.852044638196567
DOR,V106M,V106M,3,50,1416.6666666666667,29.55890385255714
DOR,V106M,V106M,3,55,1555.5555555555557,29.634436000128566
DOR,V106M,V106M,3,60,1694.4444444444443,29.99967806095629
DOR,V106M,V106M,3,65,1833.3333333333333,29.68621058354946
DOR,V106M,V106M,3,70,1972.2222222222224,29.943693901158223
DOR,V106M,V106M,3,75,2111.1111111111113,29.90479790906088
DOR,V106M,V106M,3,80,2250.0,29.687422562736693
DOR,V106M,V106M,3,85,2388.8888888888887,29.62796713434518
DOR,V106M,V106M,3,90,2527.777777777778,29.991162585768983
DOR,V106M,V106M,3,95,2666.6666666666665,30.03913504570097
DOR,V106M,V106M,3,100,2805.5555555555557,29.790718488808498
DOR,V106M,V106M,3,105,2944.4444444444443,29.844085941474464
DOR,V106M,V106M,3,110,3083.3333333333335,30.21732188780648
DOR,V106M,V106M,3,115,3222.222222222222,29.843525407374862
DOR,V106M,V106M,3,120,3361.1111111111113,30.291547895566527
DOR,V106M,V106M,3,125,3500.0,30.0110040331018
DOR,V106M,V106M,3,130,3638.8888888888887,30.18038538465696
DOR,V106M,V106M,3,135,3777.777777777778,30.19580980809723
DOR,V106M,V106M,3,140,3916.6666666666665,29.91964291001311
DOR,V106M,V106M,3,145,4055.555555555556,29.976037816654483
DOR,V106M,V106M,3,150,4194.444444444444,29.17913701819915
DOR,V106M,V106M,3,155,4333.333333333333,30.03968877980967
DOR,V106M,V106M,3,160,4472.222222222223,29.797464257593564
DOR,V106M,V106M,3,165,4611.111111111111,29.88940408738315
DOR,V106M,V106M,3,170,4750.0,29.95495334485959
DOR,V106M,V106M,3,175,4888.888888888889,29.790499378089027
DOR,V106M,V106M,3,180,5027.777777777777,29.778353501340156
DOR,V106M,V106M,3,185,5166.666666666667,29.654729288619993
DOR,V106M,V106M,3,190,5305.555555555556,29.620914861458996
DOR,V106M,V106M,3,195,5444.444444444444,29.786561051338403
DOR,V106M,V106M,3,200,5583.333333333333,29.97883603003785
DOR,V106M,V106M,3,205,5722.222222222223,30.313166120763334
DOR,V106M,V106M,3,210,5861.111111111111,30.059861525495737
DOR,V106M,V106M,3,215,6000.0,29.403212720858008
DOR,V106M,V106M,3,220,6138.888888888889,30.250880593617534
DOR,V106M,V106M,3,225,6277.777777777777,30.177625673237575
DOR,V106M,V106M,3,230,6416.666666666667,29.75722114862991
DOR,V106M,V106M,3,235,6555.555555555556,30.038030257480504
DOR,V106M,V106M,3,240,6694.444444444444,30.376478576910475
DOR,V106M,V106M,3,245,6833.333333333333,30.459043343254542
DOR,V106M,V106M,3,250,6972.222222222223,29.907781049909783
DOR,V106M,V106M,3,255,7111.111111111111,30.087601089949572
DOR,V106M,V106M,3,260,7250.0,30.10426875054612
DOR,V106M,V106M,3,265,7388.888888888889,30.394274807505052
DOR,V106M,V106M,3,270,7527.777777777777,30.19095700358552
DOR,V106M,V106M,3,275,7666.666666666667,30.337866275985064
DOR,V106M,V106M,3,280,7805.555555555556,30.41975291840965
DOR,V106M,V106M,3,285,7944.444444444444,30.32495033196336
DOR,V106M,V106M,3,290,8083.333333333333,30.676467902566937
DOR,V106M,V106M,3,295,8222.222222222223,30.829845715646396
DOR,V106M,V106M,3,300,8361.111111111111,30.511880866830225
DOR,V106M,V106M,3,305,8500.0,30.78024442070422
DOR,V106M,V106M,3,310,8638.888888888889,30.40220912840074
DOR,V106M,V106M,3,315,8777.777777777777,30.02865685023791
DOR,V106M,V106M,3,320,8916.666666666666,30.01701007070224
DOR,V106M,V106M,3,325,9055.555555555557,30.349419421328506
DOR,V106M,V106M,3,330,9194.444444444443,30.51219390160298
DOR,V106M,V106M,3,335,9333.333333333334,30.59199641459871
DOR,V106M,V106M,3,340,9472.222222222224,30.06999116059872
DOR,V106M,V106M,3,345,9611.111111111111,30.46653411920951
DOR,V106M,V106M,3,350,9750.0,30.103067456212113
DOR,V106M,V106M,3,355,9888.888888888889,30.871681075817023
DOR,Y188L,Y188L,2,0,27.77777777777778,30.07457027925504
DOR,Y188L,Y188L,2,5,166.66666666666666,30.425295782763367
DOR,Y188L,Y188L,2,10,305.55555555555554,30.46849187999597
DOR,Y188L,Y188L,2,15,444.44444444444446,30.86536283442473
DOR,Y188L,Y188L,2,20,583.3333333333334,31.287362969455135
DOR,Y188L,Y188L,2,25,722.2222222222222,30.246407977693128
DOR,Y188L,Y188L,2,30,861.1111111111111,30.599383067719632
DOR,Y188L,Y188L,2,35,1000.0,30.35102191033752
DOR,Y188L,Y188L,2,40,1138.888888888889,30.153823924438903
DOR,Y188L,Y188L,2,45,1277.7777777777778,30.247635145575575
DOR,Y188L,Y188L,2,50,1416.6666666666667,30.540426853085823
DOR,Y188L,Y188L,2,55,1555.5555555555557,30.827462017180615
DOR,Y188L,Y188L,2,60,1694.4444444444443,30.51215999647393
DOR,Y188L,Y188L,2,65,1833.3333333333333,30.701534570800657
DOR,Y188L,Y188L,2,70,1972.2222222222224,30.665313889810008
DOR,Y188L,Y188L,2,75,2111.1111111111113,30.632789638967992
DOR,Y188L,Y188L,2,80,2250.0,30.884543907332777
DOR,Y188L,Y188L,2,85,2388.8888888888887,31.18399718522886
DOR,Y188L,Y188L,2,90,2527.777777777778,30.540430752113917
DOR,Y188L,Y188L,2,95,2666.6666666666665,30.86219843386486
DOR,Y188L,Y188L,2,100,2805.5555555555557,30.898936256004017
DOR,Y188L,Y188L,2,105,2944.4444444444443,30.199017268223887
DOR,Y188L,Y188L,2,110,3083.3333333333335,31.1599469120028
DOR,Y188L,Y188L,2,115,3222.222222222222,30.861314558889163
DOR,Y188L,Y188L,2,120,3361.1111111111113,30.09244231916501
DOR,Y188L,Y188L,2,125,3500.0,29.47737953994948
DOR,Y188L,Y188L,2,130,3638.8888888888887,30.048819661389
DOR,Y188L,Y188L,2,135,3777.777777777778,29.527477828334593
DOR,Y188L,Y188L,2,140,3916.6666666666665,30.339740465934305
DOR,Y188L,Y188L,2,145,4055.555555555556,30.209927171649863
DOR,Y188L,Y188L,2,150,4194.444444444444,29.758818723160537
DOR,Y188L,Y188L,2,155,4333.333333333333,29.679229253079928
DOR,Y188L,Y188L,2,160,4472.222222222223,30.127398016215672
DOR,Y188L,Y188L,2,165,4611.111111111111,30.64384017903781
DOR,Y188L,Y188L,2,170,4750.0,30.471135521339335
DOR,Y188L,Y188L,2,175,4888.888888888889,29.54386631043
DOR,Y188L,Y188L,2,180,5027.777777777777,29.931451736593186
DOR,Y188L,Y188L,2,185,5166.666666666667,30.47991381910621
DOR,Y188L,Y188L,2,190,5305.555555555556,30.35999306976786
DOR,Y188L,Y188L,2,195,5444.444444444444,30.06051013097289
DOR,Y188L,Y188L,2,200,5583.333333333333,30.83009811754481
DOR,Y188L,Y188L,2,205,5722.222222222223,29.461159542798715
DOR,Y188L,Y188L,2,210,5861.111111111111,29.79725573591587
DOR,Y188L,Y188L,2,215,6000.0,30.012807682674676
DOR,Y188L,Y188L,2,220,6138.888888888889,30.17066569065793
DOR,Y188L,Y188L,2,225,6277.777777777777,31.027300733846648
DOR,Y188L,Y188L,2,230,6416.666666666667,30.590524036568276
DOR,Y188L,Y188L,2,235,6555.555555555556,30.588077425178216
DOR,Y188L,Y188L,2,240,6694.444444444444,30.29837338828815
DOR,Y188L,Y188L,2,245,6833.333333333333,31.375840432574375
DOR,Y188L,Y188L,2,250,6972.222222222223,31.406988764022127
DOR,Y188L,Y188L,2,255,7111.111111111111,29.84796897554141
DOR,Y188L,Y188L,2,260,7250.0,30.463654693166575
DOR,Y188L,Y188L,2,265,7388.888888888889,29.96419946994159
DOR,Y188L,Y188L,2,270,7527.777777777777,31.107306896280733
DOR,Y188L,Y188L,2,275,7666.666666666667,30.82799354110117
DOR,Y188L,Y188L,2,280,7805.555555555556,30.60709324030769
DOR,Y188L,Y188L,2,285,7944.444444444444,31.009058797223872
DOR,Y188L,Y188L,2,290,8083.333333333333,30.747953447546315
DOR,Y188L,Y188L,2,295,8222.222222222223,31.070943599925812
DOR,Y188L,Y188L,2,300,8361.111111111111,30.842204096913065
DOR,Y188L,Y188L,2,305,8500.0,30.76379564244603
DOR,Y188L,Y188L,2,310,8638.888888888889,31.140105228551597
DOR,Y188L,Y188L,2,315,8777.777777777777,31.464631372164177
DOR,Y188L,Y188L,2,320,8916.666666666666,31.750507677940444
DOR,Y188L,Y188L,2,325,9055.555555555557,31.25110289739644
DOR,Y188L,Y188L,2,330,9194.444444444443,32.015390300486615
DOR,Y188L,Y188L,2,335,9333.333333333334,32.01639773259438
DOR,Y188L,Y188L,2,340,9472.222222222224,31.976114321036302
DOR,Y188L,Y188L,2,345,9611.111111111111,31.623991465406306
DOR,Y188L,Y188L,2,350,9750.0,31.47862015926378
DOR,Y188L,Y188L,2,355,9888.888888888889,31.269706197531367
DOR,Y188L,Y188L,1,0,20.0,30.27219111381373
DOR,Y188L,Y188L,1,5,120.0,30.72525742736837
DOR,Y188L,Y188L,1,10,220.0,30.830552103579052
DOR,Y188L,Y188L,1,15,320.0,30.651343669162216
DOR,Y188L,Y188L,1,20,420.0,31.314803221706104
DOR,Y188L,Y188L,1,25,520.0,30.75512759262643
DOR,Y188L,Y188L,1,30,620.0,30.96466802808398
DOR,Y188L,Y188L,1,35,720.0,30.34002995691832
DOR,Y188L,Y188L,1,40,820.0,29.958106881981628
DOR,Y188L,Y188L,1,45,920.0,30.755652309295147
DOR,Y188L,Y188L,1,50,1020.0,30.842164697501897
DOR,Y188L,Y188L,1,55,1120.0,30.679629878594245
DOR,Y188L,Y188L,1,60,1220.0,31.24630215123961
DOR,Y188L,Y188L,1,65,1320.0,30.45404226853295
DOR,Y188L,Y188L,1,70,1420.0,30.367862100018677
DOR,Y188L,Y188L,1,75,1520.0,30.5187212632304
DOR,Y188L,Y188L,1,80,1620.0,30.9640064244523
DOR,Y188L,Y188L,1,85,1720.0,30.617127380683662
DOR,Y188L,Y188L,1,90,1820.0,31.107413410889464
DOR,Y188L,Y188L,1,95,1920.0,30.626155193117565
DOR,Y188L,Y188L,1,100,2020.0,30.81219850235862
DOR,Y188L,Y188L,1,105,2120.0,30.12952576488545
DOR,Y188L,Y188L,1,110,2220.0,30.49728525804825
DOR,Y188L,Y188L,1,115,2320.0,30.5770334871097
DOR,Y188L,Y188L,1,120,2420.0,30.498771596094283
DOR,Y188L,Y188L,1,125,2520.0,30.400237106249406
DOR,Y188L,Y188L,1,130,2620.0,31.08684127426885
DOR,Y188L,Y188L,1,135,2720.0,31.10565943271905
DOR,Y188L,Y188L,1,140,2820.0,31.450229537433867
DOR,Y188L,Y188L,1,145,2920.0,30.93249608166421
DOR,Y188L,Y188L,1,150,3020.0,31.339161442818934
DOR,Y188L,Y188L,1,155,3120.0,30.49757838023
DOR,Y188L,Y188L,1,160,3220.0,30.630964340247868
DOR,Y188L,Y188L,1,165,3320.0,30.26938108128234
DOR,Y188L,Y188L,1,170,3420.0,30.59530822102582
DOR,Y188L,Y188L,1,175,3520.0,30.66173043012732
DOR,Y188L,Y188L,1,180,3620.0,30.374109185136952
DOR,Y188L,Y188L,1,185,3720.0,30.62055271394601
DOR,Y188L,Y188L,1,190,3820.0,31.46925592030164
DOR,Y188L,Y188L,1,195,3920.0,30.663860899523883
DOR,Y188L,Y188L,1,200,4020.0,31.171081561207565
DOR,Y188L,Y188L,1,205,4120.0,31.33688375270831
DOR,Y188L,Y188L,1,210,4220.0,30.7876441001162
DOR,Y188L,Y188L,1,215,4320.0,30.810486213207852
DOR,Y188L,Y188L,1,220,4420.0,31.370159007471234
DOR,Y188L,Y188L,1,225,4520.0,30.7854354144908
DOR,Y188L,Y188L,1,230,4620.0,30.973714572008333
DOR,Y188L,Y188L,1,235,4720.0,30.768679922406964
DOR,Y188L,Y188L,1,240,4820.0,31.361709300454734
DOR,Y188L,Y188L,1,245,4920.0,31.166820755368736
DOR,Y188L,Y188L,1,250,5020.0,31.21305688420109
DOR,Y188L,Y188L,1,255,5120.0,30.840709438864515
DOR,Y188L,Y188L,1,260,5220.0,30.8378474935513
DOR,Y188L,Y188L,1,265,5320.0,30.742045175555212
DOR,Y188L,Y188L,1,270,5420.0,30.36663306195722
DOR,Y188L,Y188L,1,275,5520.0,31.08107741516008
DOR,Y188L,Y188L,1,280,5620.0,30.85547143599508
DOR,Y188L,Y188L,1,285,5720.0,31.28345150749248
DOR,Y188L,Y188L,1,290,5820.0,31.652040729357793
DOR,Y188L,Y188L,1,295,5920.0,31.518699637361355
DOR,Y188L,Y188L,1,300,6020.0,31.422477923671774
DOR,Y188L,Y188L,1,305,6120.0,30.5628553930792
DOR,Y188L,Y188L,1,310,6220.0,30.97245536012967
DOR,Y188L,Y188L,1,315,6320.0,30.72243164208935
DOR,Y188L,Y188L,1,320,6420.0,30.405858256863073
DOR,Y188L,Y188L,1,325,6520.0,30.75383326490137
DOR,Y188L,Y188L,1,330,6620.0,31.113966796222105
DOR,Y188L,Y188L,1,335,6720.0,30.713821416131022
DOR,Y188L,Y188L,1,340,6820.0,30.809975569748776
DOR,Y188L,Y188L,1,345,6920.0,31.32966476626112
DOR,Y188L,Y188L,1,350,7020.0,31.00595627609329
DOR,Y188L,Y188L,1,355,7120.0,31.109069698349018
DOR,Y188L,Y188L,1,360,7220.0,31.229213133484297
DOR,Y188L,Y188L,1,365,7320.0,31.078776142793277
DOR,Y188L,Y188L,1,370,7420.0,30.958077237022184
DOR,Y188L,Y188L,1,375,7520.0,31.696591915156816
DOR,Y188L,Y188L,1,380,7620.0,30.93409428978252
DOR,Y188L,Y188L,1,385,7720.0,31.16551561508898
DOR,Y188L,Y188L,1,390,7820.0,30.59109868175876
DOR,Y188L,Y188L,1,395,7920.0,30.70049862242628
DOR,Y188L,Y188L,1,400,8020.0,31.60064079402109
DOR,Y188L,Y188L,1,405,8120.0,31.012198564229404
DOR,Y188L,Y188L,1,410,8220.0,30.56119187662812
DOR,Y188L,Y188L,1,415,8320.0,30.250594528995176
DOR,Y188L,Y188L,1,420,8420.0,30.510418149243662
DOR,Y188L,Y188L,1,425,8520.0,30.58783123900778
DOR,Y188L,Y188L,1,430,8620.0,30.233994851032826
DOR,Y188L,Y188L,1,435,8720.0,30.42274121053235
DOR,Y188L,Y188L,1,440,8820.0,30.549326179922858
DOR,Y188L,Y188L,1,445,8920.0,31.666391484343546
DOR,Y188L,Y188L,1,450,9020.0,30.962373374932028
DOR,Y188L,Y188L,1,455,9120.0,31.54447523552432
DOR,Y188L,Y188L,1,460,9220.0,31.051392936521925
DOR,Y188L,Y188L,1,465,9320.0,30.65298477726061
DOR,Y188L,Y188L,1,470,9420.0,30.53617829346612
DOR,Y188L,Y188L,1,475,9520.0,30.963211071592458
DOR,Y188L,Y188L,1,480,9620.0,30.57427567919802
DOR,Y188L,Y188L,1,485,9720.0,31.426697330809116
DOR,Y188L,Y188L,1,490,9820.0,30.900894428002655
DOR,Y188L,Y188L,1,495,9920.0,30.5165281188782
DOR,Y188L,Y188L,3,0,27.77777777777778,30.159234662498992
DOR,Y188L,Y188L,3,5,166.66666666666666,29.987699235139157
DOR,Y188L,Y188L,3,10,305.55555555555554,30.22727517325479
DOR,Y188L,Y188L,3,15,444.44444444444446,30.16100365094438
DOR,Y188L,Y188L,3,20,583.3333333333334,30.57940040995058
DOR,Y188L,Y188L,3,25,722.2222222222222,29.923555412529996
DOR,Y188L,Y188L,3,30,861.1111111111111,30.248548138876483
DOR,Y188L,Y188L,3,35,1000.0,30.25249235271398
DOR,Y188L,Y188L,3,40,1138.888888888889,30.44958416042299
DOR,Y188L,Y188L,3,45,1277.7777777777778,30.29469737080287
DOR,Y188L,Y188L,3,50,1416.6666666666667,30.14898973404624
DOR,Y188L,Y188L,3,55,1555.5555555555557,30.508552965902876
DOR,Y188L,Y188L,3,60,1694.4444444444443,30.1073102039351
DOR,Y188L,Y188L,3,65,1833.3333333333333,30.110611038538497
DOR,Y188L,Y188L,3,70,1972.2222222222224,30.349247812699502
DOR,Y188L,Y188L,3,75,2111.1111111111113,30.23596604902269
DOR,Y188L,Y188L,3,80,2250.0,30.137415846098698
DOR,Y188L,Y188L,3,85,2388.8888888888887,30.671978373330887
DOR,Y188L,Y188L,3,90,2527.777777777778,30.490067145682275
DOR,Y188L,Y188L,3,95,2666.6666666666665,30.946500605926637
DOR,Y188L,Y188L,3,100,2805.5555555555557,30.939728072327195
DOR,Y188L,Y188L,3,105,2944.4444444444443,30.762578284036632
DOR,Y188L,Y188L,3,110,3083.3333333333335,31.2882109437498
DOR,Y188L,Y188L,3,115,3222.222222222222,31.53400343866236
DOR,Y188L,Y188L,3,120,3361.1111111111113,31.27529666737182
DOR,Y188L,Y188L,3,125,3500.0,30.910953725580164
DOR,Y188L,Y188L,3,130,3638.8888888888887,31.042314540464208
DOR,Y188L,Y188L,3,135,3777.777777777778,31.03001555186695
DOR,Y188L,Y188L,3,140,3916.6666666666665,31.128728230697945
DOR,Y188L,Y188L,3,145,4055.555555555556,30.549274415858243
DOR,Y188L,Y188L,3,150,4194.444444444444,30.982396220126727
DOR,Y188L,Y188L,3,155,4333.333333333333,30.83319810764791
DOR,Y188L,Y188L,3,160,4472.222222222223,31.00159570440143
DOR,Y188L,Y188L,3,165,4611.111111111111,30.93731533728969
DOR,Y188L,Y188L,3,170,4750.0,31.332402082839888
DOR,Y188L,Y188L,3,175,4888.888888888889,30.85404779991585
DOR,Y188L,Y188L,3,180,5027.777777777777,31.747607532036405
DOR,Y188L,Y188L,3,185,5166.666666666667,31.319542983217744
DOR,Y188L,Y188L,3,190,5305.555555555556,31.38971715444468
DOR,Y188L,Y188L,3,195,5444.444444444444,30.91815710789561
DOR,Y188L,Y188L,3,200,5583.333333333333,30.96582729442847
DOR,Y188L,Y188L,3,205,5722.222222222223,31.45174720821276
DOR,Y188L,Y188L,3,210,5861.111111111111,30.36777317641996
DOR,Y188L,Y188L,3,215,6000.0,31.099126892622465
DOR,Y188L,Y188L,3,220,6138.888888888889,30.265408235652146
DOR,Y188L,Y188L,3,225,6277.777777777777,30.08986274769782
DOR,Y188L,Y188L,3,230,6416.666666666667,30.842818914017144
DOR,Y188L,Y188L,3,235,6555.555555555556,30.93506234258979
DOR,Y188L,Y188L,3,240,6694.444444444444,31.014474054022173
DOR,Y188L,Y188L,3,245,6833.333333333333,30.917379152562184
DOR,Y188L,Y188L,3,250,6972.222222222223,30.73877284158206
DOR,Y188L,Y188L,3,255,7111.111111111111,30.556204261396353
DOR,Y188L,Y188L,3,260,7250.0,30.37201967962124
DOR,Y188L,Y188L,3,265,7388.888888888889,30.942654398115128
DOR,Y188L,Y188L,3,270,7527.777777777777,30.466973620121543
DOR,Y188L,Y188L,3,275,7666.666666666667,30.901026574567627
DOR,Y188L,Y188L,3,280,7805.555555555556,30.492694498039832
DOR,Y188L,Y188L,3,285,7944.444444444444,30.52353764846593
DOR,Y188L,Y188L,3,290,8083.333333333333,30.53132739505945
DOR,Y188L,Y188L,3,295,8222.222222222223,29.928961292431488
DOR,Y188L,Y188L,3,300,8361.111111111111,30.83306260159627
DOR,Y188L,Y188L,3,305,8500.0,30.706910592975152
DOR,Y188L,Y188L,3,310,8638.888888888889,31.22018633996644
DOR,Y188L,Y188L,3,315,8777.777777777777,30.434984561783917
DOR,Y188L,Y188L,3,320,8916.666666666666,30.859669462004067
DOR,Y188L,Y188L,3,325,9055.555555555557,30.458275226677003
DOR,Y188L,Y188L,3,330,9194.444444444443,30.270547239201573
DOR,Y188L,Y188L,3,335,9333.333333333334,30.07915962166149
DOR,Y188L,Y188L,3,340,9472.222222222224,30.37299790832633
DOR,Y188L,Y188L,3,345,9611.111111111111,29.95677462202744
DOR,Y188L,Y188L,3,350,9750.0,30.653385788420007
DOR,Y188L,Y188L,3,355,9888.888888888889,30.47200417324023
DOR,G190E,G190E,1,0,27.77777777777778,30.63147618593244
DOR,G190E,G190E,1,5,166.66666666666666,30.277949270192035
DOR,G190E,G190E,1,10,305.55555555555554,30.27615974528582
DOR,G190E,G190E,1,15,444.44444444444446,30.421114355301693
DOR,G190E,G190E,1,20,583.3333333333334,30.43950200041673
DOR,G190E,G190E,1,25,722.2222222222222,30.442288155398927
DOR,G190E,G190E,1,30,861.1111111111111,30.619532808680304
DOR,G190E,G190E,1,35,1000.0,30.56885033806153
DOR,G190E,G190E,1,40,1138.888888888889,30.486944148983714
DOR,G190E,G190E,1,45,1277.7777777777778,31.189160289488058
DOR,G190E,G190E,1,50,1416.6666666666667,30.39605202629266
DOR,G190E,G190E,1,55,1555.5555555555557,30.36884043799023
DOR,G190E,G190E,1,60,1694.4444444444443,30.553898542422655
DOR,G190E,G190E,1,65,1833.3333333333333,30.609287463816607
DOR,G190E,G190E,1,70,1972.2222222222224,30.925441331121583
DOR,G190E,G190E,1,75,2111.1111111111113,30.31832334226047
DOR,G190E,G190E,1,80,2250.0,30.39024874987298
DOR,G190E,G190E,1,85,2388.8888888888887,30.314881454223528
DOR,G190E,G190E,1,90,2527.777777777778,30.51713045542918
DOR,G190E,G190E,1,95,2666.6666666666665,30.384968830277053
DOR,G190E,G190E,1,100,2805.5555555555557,30.43874812282334
DOR,G190E,G190E,1,105,2944.4444444444443,30.463717083763132
DOR,G190E,G190E,1,110,3083.3333333333335,31.27473112783401
DOR,G190E,G190E,1,115,3222.222222222222,30.91066974615004
DOR,G190E,G190E,1,120,3361.1111111111113,30.765389216210412
DOR,G190E,G190E,1,125,3500.0,30.986270750690732
DOR,G190E,G190E,1,130,3638.8888888888887,30.73649376082224
DOR,G190E,G190E,1,135,3777.777777777778,30.333779559312188
DOR,G190E,G190E,1,140,3916.6666666666665,30.91045965888294
DOR,G190E,G190E,1,145,4055.555555555556,30.142275316081328
DOR,G190E,G190E,1,150,4194.444444444444,30.65540198201809
DOR,G190E,G190E,1,155,4333.333333333333,30.488904650059887
DOR,G190E,G190E,1,160,4472.222222222223,30.25209134003925
DOR,G190E,G190E,1,165,4611.111111111111,30.42142796045161
DOR,G190E,G190E,1,170,4750.0,30.702537934252753
DOR,G190E,G190E,1,175,4888.888888888889,30.801125049558163
DOR,G190E,G190E,1,180,5027.777777777777,30.67445888614037
DOR,G190E,G190E,1,185,5166.666666666667,30.28707119977514
DOR,G190E,G190E,1,190,5305.555555555556,30.260052596897253
DOR,G190E,G190E,1,195,5444.444444444444,30.67774217495529
DOR,G190E,G190E,1,200,5583.333333333333,30.465802201618473
DOR,G190E,G190E,1,205,5722.222222222223,30.74701973843584
DOR,G190E,G190E,1,210,5861.111111111111,30.325480190851735
DOR,G190E,G190E,1,215,6000.0,30.4464030852844
DOR,G190E,G190E,1,220,6138.888888888889,30.59596155573735
DOR,G190E,G190E,1,225,6277.777777777777,30.197977529607897
DOR,G190E,G190E,1,230,6416.666666666667,30.26632016589986
DOR,G190E,G190E,1,235,6555.555555555556,30.501464365471225
DOR,G190E,G190E,1,240,6694.444444444444,30.47878953103923
DOR,G190E,G190E,1,245,6833.333333333333,30.08979317963463
DOR,G190E,G190E,1,250,6972.222222222223,30.8685209820558
DOR,G190E,G190E,1,255,7111.111111111111,30.35082951539655
DOR,G190E,G190E,1,260,7250.0,30.362626891772777
DOR,G190E,G190E,1,265,7388.888888888889,30.314512163513605
DOR,G190E,G190E,1,270,7527.777777777777,30.04022185551283
DOR,G190E,G190E,1,275,7666.666666666667,29.975397124982567
DOR,G190E,G190E,1,280,7805.555555555556,30.388555111631167
DOR,G190E,G190E,1,285,7944.444444444444,30.58476703743344
DOR,G190E,G190E,1,290,8083.333333333333,30.39672632617715
DOR,G190E,G190E,1,295,8222.222222222223,30.181825848374693
DOR,G190E,G190E,1,300,8361.111111111111,30.40590556198286
DOR,G190E,G190E,1,305,8500.0,30.526129999412312
DOR,G190E,G190E,1,310,8638.888888888889,30.344115390106563
DOR,G190E,G190E,1,315,8777.777777777777,30.20236292517049
DOR,G190E,G190E,1,320,8916.666666666666,30.756737868861833
DOR,G190E,G190E,1,325,9055.555555555557,30.848305797727487
DOR,G190E,G190E,1,330,9194.444444444443,30.5149678701567
DOR,G190E,G190E,1,335,9333.333333333334,31.041385904984203
DOR,G190E,G190E,1,340,9472.222222222224,30.540744079470574
DOR,G190E,G190E,1,345,9611.111111111111,30.5113526718315
DOR,G190E,G190E,1,350,9750.0,30.499135892738305
DOR,G190E,G190E,1,355,9888.888888888889,31.082047811348836
DOR,G190E,G190E,2,0,27.77777777777778,29.958145635482243
DOR,G190E,G190E,2,5,166.66666666666666,29.792176339731512
DOR,G190E,G190E,2,10,305.55555555555554,29.528126033258943
DOR,G190E,G190E,2,15,444.44444444444446,29.743229489347893
DOR,G190E,G190E,2,20,583.3333333333334,29.33849763662533
DOR,G190E,G190E,2,25,722.2222222222222,29.709480422343923
DOR,G190E,G190E,2,30,861.1111111111111,29.53815285963296
DOR,G190E,G190E,2,35,1000.0,29.26199404718284
DOR,G190E,G190E,2,40,1138.888888888889,29.461883088902024
DOR,G190E,G190E,2,45,1277.7777777777778,29.9846365996122
DOR,G190E,G190E,2,50,1416.6666666666667,29.65216691306311
DOR,G190E,G190E,2,55,1555.5555555555557,29.990706920002715
DOR,G190E,G190E,2,60,1694.4444444444443,29.23399060664251
DOR,G190E,G190E,2,65,1833.3333333333333,29.777763652381665
DOR,G190E,G190E,2,70,1972.2222222222224,29.26042427527525
DOR,G190E,G190E,2,75,2111.1111111111113,29.846203674410877
DOR,G190E,G190E,2,80,2250.0,29.429456285934545
DOR,G190E,G190E,2,85,2388.8888888888887,29.554506713161448
DOR,G190E,G190E,2,90,2527.777777777778,29.36706745151529
DOR,G190E,G190E,2,95,2666.6666666666665,29.650712617909257
DOR,G190E,G190E,2,100,2805.5555555555557,29.925942775214978
DOR,G190E,G190E,2,105,2944.4444444444443,29.800620890196964
DOR,G190E,G190E,2,110,3083.3333333333335,30.18199105820199
DOR,G190E,G190E,2,115,3222.222222222222,29.151544914540768
DOR,G190E,G190E,2,120,3361.1111111111113,29.81415538953301
DOR,G190E,G190E,2,125,3500.0,29.24996790814273
DOR,G190E,G190E,2,130,3638.8888888888887,29.900886499842525
DOR,G190E,G190E,2,135,3777.777777777778,29.72080007380894
DOR,G190E,G190E,2,140,3916.6666666666665,30.049058771454252
DOR,G190E,G190E,2,145,4055.555555555556,29.068813152123905
DOR,G190E,G190E,2,150,4194.444444444444,29.554040976730867
DOR,G190E,G190E,2,155,4333.333333333333,29.55559316018726
DOR,G190E,G190E,2,160,4472.222222222223,29.51465492018236
DOR,G190E,G190E,2,165,4611.111111111111,29.921816390120497
DOR,G190E,G190E,2,170,4750.0,30.35849888989833
DOR,G190E,G190E,2,175,4888.888888888889,29.617490335326213
DOR,G190E,G190E,2,180,5027.777777777777,29.80532418707633
DOR,G190E,G190E,2,185,5166.666666666667,29.77972050782311
DOR,G190E,G190E,2,190,5305.555555555556,30.09156860752769
DOR,G190E,G190E,2,195,5444.444444444444,30.111663343012474
DOR,G190E,G190E,2,200,5583.333333333333,29.82166731118122
DOR,G190E,G190E,2,205,5722.222222222223,29.947128911846303
DOR,G190E,G190E,2,210,5861.111111111111,30.479245836092048
DOR,G190E,G190E,2,215,6000.0,30.444323294978687
DOR,G190E,G190E,2,220,6138.888888888889,30.102344310217852
DOR,G190E,G190E,2,225,6277.777777777777,29.906524988057747
DOR,G190E,G190E,2,230,6416.666666666667,29.76259069753247
DOR,G190E,G190E,2,235,6555.555555555556,30.357841541923985
DOR,G190E,G190E,2,240,6694.444444444444,29.861321732600636
DOR,G190E,G190E,2,245,6833.333333333333,29.691081880911895
DOR,G190E,G190E,2,250,6972.222222222223,30.081121524652247
DOR,G190E,G190E,2,255,7111.111111111111,30.15162834667477
DOR,G190E,G190E,2,260,7250.0,30.419663146773097
DOR,G190E,G190E,2,265,7388.888888888889,29.88075025937503
DOR,G190E,G190E,2,270,7527.777777777777,29.912425624332396
DOR,G190E,G190E,2,275,7666.666666666667,30.360513012444223
DOR,G190E,G190E,2,280,7805.555555555556,29.95775270157835
DOR,G190E,G190E,2,285,7944.444444444444,29.835416223013027
DOR,G190E,G190E,2,290,8083.333333333333,30.20428121762028
DOR,G190E,G190E,2,295,8222.222222222223,30.21957051601264
DOR,G190E,G190E,2,300,8361.111111111111,29.80114451600571
DOR,G190E,G190E,2,305,8500.0,29.507469947509826
DOR,G190E,G190E,2,310,8638.888888888889,30.06033035393642
DOR,G190E,G190E,2,315,8777.777777777777,29.77177722661275
DOR,G190E,G190E,2,320,8916.666666666666,30.323559562457675
DOR,G190E,G190E,2,325,9055.555555555557,30.042669814991495
DOR,G190E,G190E,2,330,9194.444444444443,29.732532397413127
DOR,G190E,G190E,2,335,9333.333333333334,30.16713571397155
DOR,G190E,G190E,2,340,9472.222222222224,29.968154446075612
DOR,G190E,G190E,2,345,9611.111111111111,30.000539243479487
DOR,G190E,G190E,2,350,9750.0,30.12313323806288
DOR,G190E,G190E,2,355,9888.888888888889,29.894821776172577
DOR,G190E,G190E,3,0,27.77777777777778,30.186782292253227
DOR,G190E,G190E,3,5,166.66666666666666,30.41897501473826
DOR,G190E,G190E,3,10,305.55555555555554,30.586603750460384
DOR,G190E,G190E,3,15,444.44444444444446,30.920466429638587
DOR,G190E,G190E,3,20,583.3333333333334,30.50483153201213
DOR,G190E,G190E,3,25,722.2222222222222,30.75282033565332
DOR,G190E,G190E,3,30,861.1111111111111,31.061809758470016
DOR,G190E,G190E,3,35,1000.0,31.54494403257145
DOR,G190E,G190E,3,40,1138.888888888889,30.90972733767026
DOR,G190E,G190E,3,45,1277.7777777777778,30.999859824992992
DOR,G190E,G190E,3,50,1416.6666666666667,30.822013858808624
DOR,G190E,G190E,3,55,1555.5555555555557,30.823604339043307
DOR,G190E,G190E,3,60,1694.4444444444443,30.21327585331553
DOR,G190E,G190E,3,65,1833.3333333333333,30.854341957272116
DOR,G190E,G190E,3,70,1972.2222222222224,31.06146148185949
DOR,G190E,G190E,3,75,2111.1111111111113,31.513503067410316
DOR,G190E,G190E,3,80,2250.0,31.348089274091727
DOR,G190E,G190E,3,85,2388.8888888888887,31.047724108172332
DOR,G190E,G190E,3,90,2527.777777777778,31.059873486131707
DOR,G190E,G190E,3,95,2666.6666666666665,30.88104048257597
DOR,G190E,G190E,3,100,2805.5555555555557,31.09267745244478
DOR,G190E,G190E,3,105,2944.4444444444443,30.82310585877862
DOR,G190E,G190E,3,110,3083.3333333333335,31.01963171698515
DOR,G190E,G190E,3,115,3222.222222222222,31.072107357465523
DOR,G190E,G190E,3,120,3361.1111111111113,31.332431716644017
DOR,G190E,G190E,3,125,3500.0,31.343280309451373
DOR,G190E,G190E,3,130,3638.8888888888887,31.435398293828808
DOR,G190E,G190E,3,135,3777.777777777778,31.33960866332476
DOR,G190E,G190E,3,140,3916.6666666666665,31.19756394637246
DOR,G190E,G190E,3,145,4055.555555555556,31.37347360184371
DOR,G190E,G190E,3,150,4194.444444444444,31.39404585600836
DOR,G190E,G190E,3,155,4333.333333333333,31.47390144711095
DOR,G190E,G190E,3,160,4472.222222222223,31.396842515163996
DOR,G190E,G190E,3,165,4611.111111111111,32.19234560183447
DOR,G190E,G190E,3,170,4750.0,31.379543324840988
DOR,G190E,G190E,3,175,4888.888888888889,31.813730298853045
DOR,G190E,G190E,3,180,5027.777777777777,31.093171607937887
DOR,G190E,G190E,3,185,5166.666666666667,31.367590625076875
DOR,G190E,G190E,3,190,5305.555555555556,31.04422815867
DOR,G190E,G190E,3,195,5444.444444444444,31.479342617853916
DOR,G190E,G190E,3,200,5583.333333333333,31.2038477287976
DOR,G190E,G190E,3,205,5722.222222222223,30.86522346001174
DOR,G190E,G190E,3,210,5861.111111111111,30.641288355157105
DOR,G190E,G190E,3,215,6000.0,30.932925413580744
DOR,G190E,G190E,3,220,6138.888888888889,30.88524702370026
DOR,G190E,G190E,3,225,6277.777777777777,31.29429424753953
DOR,G190E,G190E,3,230,6416.666666666667,31.00151641628568
DOR,G190E,G190E,3,235,6555.555555555556,31.48746262637118
DOR,G190E,G190E,3,240,6694.444444444444,31.24113841104983
DOR,G190E,G190E,3,245,6833.333333333333,31.46910443419241
DOR,G190E,G190E,3,250,6972.222222222223,31.1884427462842
DOR,G190E,G190E,3,255,7111.111111111111,31.122823401144252
DOR,G190E,G190E,3,260,7250.0,30.45559171094481
DOR,G190E,G190E,3,265,7388.888888888889,31.28809919343159
DOR,G190E,G190E,3,270,7527.777777777777,31.57163977133421
DOR,G190E,G190E,3,275,7666.666666666667,31.526950430744524
DOR,G190E,G190E,3,280,7805.555555555556,30.956080685682384
DOR,G190E,G190E,3,285,7944.444444444444,31.213318223168542
DOR,G190E,G190E,3,290,8083.333333333333,30.828136687902767
DOR,G190E,G190E,3,295,8222.222222222223,31.221907960597367
DOR,G190E,G190E,3,300,8361.111111111111,30.790551286103263
DOR,G190E,G190E,3,305,8500.0,31.60077786045318
DOR,G190E,G190E,3,310,8638.888888888889,31.26048758333045
DOR,G190E,G190E,3,315,8777.777777777777,31.654514756682584
DOR,G190E,G190E,3,320,8916.666666666666,31.197381718552233
DOR,G190E,G190E,3,325,9055.555555555557,30.7654579540387
DOR,G190E,G190E,3,330,9194.444444444443,31.41002462318951
DOR,G190E,G190E,3,335,9333.333333333334,30.169095914535312
DOR,G190E,G190E,3,340,9472.222222222224,30.781036702827404
DOR,G190E,G190E,3,345,9611.111111111111,31.313511373915155
DOR,G190E,G190E,3,350,9750.0,30.915507539266898
DOR,G190E,G190E,3,355,9888.888888888889,31.05001278753178
DOR,G190S,G190S,1,0,27.77777777777778,29.75413042500737
DOR,G190S,G190S,1,5,166.66666666666666,29.95428367457716
DOR,G190S,G190S,1,10,305.55555555555554,30.472830522862996
DOR,G190S,G190S,1,15,444.44444444444446,30.2004452215083
DOR,G190S,G190S,1,20,583.3333333333334,30.093821064555993
DOR,G190S,G190S,1,25,722.2222222222222,29.745404390666536
DOR,G190S,G190S,1,30,861.1111111111111,30.136006248283906
DOR,G190S,G190S,1,35,1000.0,30.12177125950963
DOR,G190S,G190S,1,40,1138.888888888889,30.152181832188383
DOR,G190S,G190S,1,45,1277.7777777777778,29.821508217308327
DOR,G190S,G190S,1,50,1416.6666666666667,30.3246673967357
DOR,G190S,G190S,1,55,1555.5555555555557,30.228691793313097
DOR,G190S,G190S,1,60,1694.4444444444443,30.015197176268988
DOR,G190S,G190S,1,65,1833.3333333333333,30.04973822348029
DOR,G190S,G190S,1,70,1972.2222222222224,29.75032796649372
DOR,G190S,G190S,1,75,2111.1111111111113,29.71641073512261
DOR,G190S,G190S,1,80,2250.0,29.92518854961211
DOR,G190S,G190S,1,85,2388.8888888888887,29.898640404255993
DOR,G190S,G190S,1,90,2527.777777777778,29.495720980420263
DOR,G190S,G190S,1,95,2666.6666666666665,29.585528760045054
DOR,G190S,G190S,1,100,2805.5555555555557,30.02660409551419
DOR,G190S,G190S,1,105,2944.4444444444443,29.70657637711107
DOR,G190S,G190S,1,110,3083.3333333333335,29.68277232017937
DOR,G190S,G190S,1,115,3222.222222222222,29.818816066189296
DOR,G190S,G190S,1,120,3361.1111111111113,29.84853377130708
DOR,G190S,G190S,1,125,3500.0,29.816388131893333
DOR,G190S,G190S,1,130,3638.8888888888887,29.87749876999028
DOR,G190S,G190S,1,135,3777.777777777778,29.551073681466903
DOR,G190S,G190S,1,140,3916.6666666666665,29.752050684366445
DOR,G190S,G190S,1,145,4055.555555555556,29.727322686054222
DOR,G190S,G190S,1,150,4194.444444444444,29.638131934372105
DOR,G190S,G190S,1,155,4333.333333333333,29.962231257991892
DOR,G190S,G190S,1,160,4472.222222222223,29.930082774660764
DOR,G190S,G190S,1,165,4611.111111111111,30.066969032093112
DOR,G190S,G190S,1,170,4750.0,30.276793502797673
DOR,G190S,G190S,1,175,4888.888888888889,29.94781577863016
DOR,G190S,G190S,1,180,5027.777777777777,30.316228060614005
DOR,G190S,G190S,1,185,5166.666666666667,30.012507860683776
DOR,G190S,G190S,1,190,5305.555555555556,30.182397722549304
DOR,G190S,G190S,1,195,5444.444444444444,29.99589315907343
DOR,G190S,G190S,1,200,5583.333333333333,29.91583556624422
DOR,G190S,G190S,1,205,5722.222222222223,29.30080938839332
DOR,G190S,G190S,1,210,5861.111111111111,29.36400275118983
DOR,G190S,G190S,1,215,6000.0,29.794322357508307
DOR,G190S,G190S,1,220,6138.888888888889,29.66030820262938
DOR,G190S,G190S,1,225,6277.777777777777,29.46608302773119
DOR,G190S,G190S,1,230,6416.666666666667,29.611776330498955
DOR,G190S,G190S,1,235,6555.555555555556,29.84688111260121
DOR,G190S,G190S,1,240,6694.444444444444,29.609753119177956
DOR,G190S,G190S,1,245,6833.333333333333,29.374756759439084
DOR,G190S,G190S,1,250,6972.222222222223,29.643813044967253
DOR,G190S,G190S,1,255,7111.111111111111,29.55184106705594
DOR,G190S,G190S,1,260,7250.0,29.621790801506663
DOR,G190S,G190S,1,265,7388.888888888889,30.014434134470353
DOR,G190S,G190S,1,270,7527.777777777777,30.050513230482615
DOR,G190S,G190S,1,275,7666.666666666667,29.405638734485407
DOR,G190S,G190S,1,280,7805.555555555556,30.0081993163346
DOR,G190S,G190S,1,285,7944.444444444444,29.79772540699485
DOR,G190S,G190S,1,290,8083.333333333333,30.802598274270633
DOR,G190S,G190S,1,295,8222.222222222223,29.818072142223837
DOR,G190S,G190S,1,300,8361.111111111111,29.921452420897868
DOR,G190S,G190S,1,305,8500.0,30.118695875727532
DOR,G190S,G190S,1,310,8638.888888888889,29.427628765587052
DOR,G190S,G190S,1,315,8777.777777777777,29.62691984518649
DOR,G190S,G190S,1,320,8916.666666666666,29.202497289018883
DOR,G190S,G190S,1,325,9055.555555555557,29.908655263111186
DOR,G190S,G190S,1,330,9194.444444444443,29.446319575373114
DOR,G190S,G190S,1,335,9333.333333333334,29.843909497022818
DOR,G190S,G190S,1,340,9472.222222222224,29.928339446433466
DOR,G190S,G190S,1,345,9611.111111111111,29.884618909793108
DOR,G190S,G190S,1,350,9750.0,29.98092809158811
DOR,G190S,G190S,1,355,9888.888888888889,30.161807640720134
DOR,G190S,G190S,2,0,27.77777777777778,30.019028978732916
DOR,G190S,G190S,2,5,166.66666666666666,29.877782519525606
DOR,G190S,G190S,2,10,305.55555555555554,30.066561308554757
DOR,G190S,G190S,2,15,444.44444444444446,30.38734903552774
DOR,G190S,G190S,2,20,583.3333333333334,29.95837950742664
DOR,G190S,G190S,2,25,722.2222222222222,29.88740308001277
DOR,G190S,G190S,2,30,861.1111111111111,29.87378949919885
DOR,G190S,G190S,2,35,1000.0,30.208865582748956
DOR,G190S,G190S,2,40,1138.888888888889,29.845559990189233
DOR,G190S,G190S,2,45,1277.7777777777778,29.83218513217942
DOR,G190S,G190S,2,50,1416.6666666666667,29.924622444057807
DOR,G190S,G190S,2,55,1555.5555555555557,29.608902922822857
DOR,G190S,G190S,2,60,1694.4444444444443,29.93887278911247
DOR,G190S,G190S,2,65,1833.3333333333333,30.259607895295577
DOR,G190S,G190S,2,70,1972.2222222222224,30.437673733131433
DOR,G190S,G190S,2,75,2111.1111111111113,30.062291941312587
DOR,G190S,G190S,2,80,2250.0,30.217009082085323
DOR,G190S,G190S,2,85,2388.8888888888887,30.219941490095763
DOR,G190S,G190S,2,90,2527.777777777778,30.632295856780388
DOR,G190S,G190S,2,95,2666.6666666666665,30.45786492892919
DOR,G190S,G190S,2,100,2805.5555555555557,30.626750315327214
DOR,G190S,G190S,2,105,2944.4444444444443,30.664623206341005
DOR,G190S,G190S,2,110,3083.3333333333335,30.34809491026527
DOR,G190S,G190S,2,115,3222.222222222222,29.859850220804923
DOR,G190S,G190S,2,120,3361.1111111111113,30.15550911831428
DOR,G190S,G190S,2,125,3500.0,30.52625924119616
DOR,G190S,G190S,2,130,3638.8888888888887,30.611087103930796
DOR,G190S,G190S,2,135,3777.777777777778,30.228404845321283
DOR,G190S,G190S,2,140,3916.6666666666665,30.18215037788261
DOR,G190S,G190S,2,145,4055.555555555556,30.610127073127437
DOR,G190S,G190S,2,150,4194.444444444444,30.487503281610227
DOR,G190S,G190S,2,155,4333.333333333333,30.13960819578702
DOR,G190S,G190S,2,160,4472.222222222223,30.44890479041707
DOR,G190S,G190S,2,165,4611.111111111111,30.961217255155077
DOR,G190S,G190S,2,170,4750.0,30.35476638684744
DOR,G190S,G190S,2,175,4888.888888888889,30.774926777103055
DOR,G190S,G190S,2,180,5027.777777777777,30.38935234623556
DOR,G190S,G190S,2,185,5166.666666666667,30.590954645827367
DOR,G190S,G190S,2,190,5305.555555555556,30.06363653307088
DOR,G190S,G190S,2,195,5444.444444444444,30.72301040314226
DOR,G190S,G190S,2,200,5583.333333333333,30.70699802697923
DOR,G190S,G190S,2,205,5722.222222222223,30.674441210209057
DOR,G190S,G190S,2,210,5861.111111111111,30.174874484497884
DOR,G190S,G190S,2,215,6000.0,30.8705193311655
DOR,G190S,G190S,2,220,6138.888888888889,30.585624972221385
DOR,G190S,G190S,2,225,6277.777777777777,30.695669840888456
DOR,G190S,G190S,2,230,6416.666666666667,29.78637254577748
DOR,G190S,G190S,2,235,6555.555555555556,30.809695729091672
DOR,G190S,G190S,2,240,6694.444444444444,30.629350481435015
DOR,G190S,G190S,2,245,6833.333333333333,30.778126742951297
DOR,G190S,G190S,2,250,6972.222222222223,30.252985395236713
DOR,G190S,G190S,2,255,7111.111111111111,29.935108776651095
DOR,G190S,G190S,2,260,7250.0,30.390978827891654
DOR,G190S,G190S,2,265,7388.888888888889,30.017552130590925
DOR,G190S,G190S,2,270,7527.777777777777,30.749234448727947
DOR,G190S,G190S,2,275,7666.666666666667,29.69370361906867
DOR,G190S,G190S,2,280,7805.555555555556,29.967800809177096
DOR,G190S,G190S,2,285,7944.444444444444,29.993292180276622
DOR,G190S,G190S,2,290,8083.333333333333,30.003775806006477
DOR,G190S,G190S,2,295,8222.222222222223,30.540481587017172
DOR,G190S,G190S,2,300,8361.111111111111,30.655227518661828
DOR,G190S,G190S,2,305,8500.0,30.41464986008672
DOR,G190S,G190S,2,310,8638.888888888889,30.305328897564756
DOR,G190S,G190S,2,315,8777.777777777777,31.220549766878634
DOR,G190S,G190S,2,320,8916.666666666666,30.761767364751403
DOR,G190S,G190S,2,325,9055.555555555557,30.177716797157036
DOR,G190S,G190S,2,330,9194.444444444443,30.11993754772612
DOR,G190S,G190S,2,335,9333.333333333334,30.81308405133046
DOR,G190S,G190S,2,340,9472.222222222224,30.92551106714944
DOR,G190S,G190S,2,345,9611.111111111111,29.955485304323147
DOR,G190S,G190S,2,350,9750.0,30.158276788215307
DOR,G190S,G190S,2,355,9888.888888888889,30.223245495049692
DOR,Y318F,Y318F,1,0,50.0,30.048935948954476
DOR,Y318F,Y318F,1,5,300.0,29.95853907164755
DOR,Y318F,Y318F,1,10,550.0,29.84269437125956
DOR,Y318F,Y318F,1,15,800.0,30.08857217779109
DOR,Y318F,Y318F,1,20,1050.0,29.786241701742163
DOR,Y318F,Y318F,1,25,1300.0,29.77278533370368
DOR,Y318F,Y318F,1,30,1550.0,29.592629158199617
DOR,Y318F,Y318F,1,35,1800.0,30.28865326025691
DOR,Y318F,Y318F,1,40,2050.0,30.18450202764907
DOR,Y318F,Y318F,1,45,2300.0,30.17545922802962
DOR,Y318F,Y318F,1,50,2550.0,30.00999851992887
DOR,Y318F,Y318F,1,55,2800.0,30.28343013826616
DOR,Y318F,Y318F,1,60,3050.0,29.885866478331383
DOR,Y318F,Y318F,1,65,3300.0,30.1147737056822
DOR,Y318F,Y318F,1,70,3550.0,29.877391379593472
DOR,Y318F,Y318F,1,75,3800.0,29.524002973805768
DOR,Y318F,Y318F,1,80,4050.0,29.649450269054352
DOR,Y318F,Y318F,1,85,4300.0,29.4081073546749
DOR,Y318F,Y318F,1,90,4550.0,29.60958004225434
DOR,Y318F,Y318F,1,95,4800.0,29.764534498337195
DOR,Y318F,Y318F,1,100,5050.0,29.857812492737303
DOR,Y318F,Y318F,1,105,5300.0,29.738888954367702
DOR,Y318F,Y318F,1,110,5550.0,29.343771207144083
DOR,Y318F,Y318F,1,115,5800.0,29.446325257817175
DOR,Y318F,Y318F,1,120,6050.0,29.78221512261372
DOR,Y318F,Y318F,1,125,6300.0,29.9532232354593
DOR,Y318F,Y318F,1,130,6550.0,29.432013399943745
DOR,Y318F,Y318F,1,135,6800.0,29.644845745857506
DOR,Y318F,Y318F,1,140,7050.0,29.886965733831484
DOR,Y318F,Y318F,1,145,7300.0,30.14146083533442
DOR,Y318F,Y318F,1,150,7550.0,30.435364918309723
DOR,Y318F,Y318F,1,155,7800.0,30.03517435703794
DOR,Y318F,Y318F,1,160,8050.0,29.540148080800737
DOR,Y318F,Y318F,1,165,8300.0,29.50152045740816
DOR,Y318F,Y318F,1,170,8550.0,29.268525730148447
DOR,Y318F,Y318F,1,175,8800.0,29.606004469702462
DOR,Y318F,Y318F,1,180,9050.0,29.719771320823217
DOR,Y318F,Y318F,1,185,9300.0,30.391235513986967
DOR,Y318F,Y318F,1,190,9550.0,29.543524458825075
DOR,Y318F,Y318F,1,195,9800.0,29.9889943046228
DOR,G190S,G190S,3,0,27.77777777777778,30.346461732532138
DOR,G190S,G190S,3,5,166.66666666666666,30.06238258676744
DOR,G190S,G190S,3,10,305.55555555555554,30.820837334873204
DOR,G190S,G190S,3,15,444.44444444444446,30.627520324570384
DOR,G190S,G190S,3,20,583.3333333333334,30.261901867286284
DOR,G190S,G190S,3,25,722.2222222222222,30.481301123422384
DOR,G190S,G190S,3,30,861.1111111111111,30.6741607438017
DOR,G190S,G190S,3,35,1000.0,30.438063950067665
DOR,G190S,G190S,3,40,1138.888888888889,30.28487255846119
DOR,G190S,G190S,3,45,1277.7777777777778,30.608607310115143
DOR,G190S,G190S,3,50,1416.6666666666667,30.469029602596606
DOR,G190S,G190S,3,55,1555.5555555555557,30.416548555344676
DOR,G190S,G190S,3,60,1694.4444444444443,30.242672502782863
DOR,G190S,G190S,3,65,1833.3333333333333,29.98322972966638
DOR,G190S,G190S,3,70,1972.2222222222224,30.663048017224902
DOR,G190S,G190S,3,75,2111.1111111111113,30.92303458703343
DOR,G190S,G190S,3,80,2250.0,30.707248716580576
DOR,G190S,G190S,3,85,2388.8888888888887,30.553229034213683
DOR,G190S,G190S,3,90,2527.777777777778,30.695154831046327
DOR,G190S,G190S,3,95,2666.6666666666665,30.74435359822013
DOR,G190S,G190S,3,100,2805.5555555555557,30.626797658204875
DOR,G190S,G190S,3,105,2944.4444444444443,30.758806838366496
DOR,G190S,G190S,3,110,3083.3333333333335,30.979756376392963
DOR,G190S,G190S,3,115,3222.222222222222,31.559847847608815
DOR,G190S,G190S,3,120,3361.1111111111113,30.787673384645583
DOR,G190S,G190S,3,125,3500.0,30.623796494271033
DOR,G190S,G190S,3,130,3638.8888888888887,31.04032564676795
DOR,G190S,G190S,3,135,3777.777777777778,30.84108427607259
DOR,G190S,G190S,3,140,3916.6666666666665,31.198445178596383
DOR,G190S,G190S,3,145,4055.555555555556,31.001243565293823
DOR,G190S,G190S,3,150,4194.444444444444,30.137660720127815
DOR,G190S,G190S,3,155,4333.333333333333,30.766798839841293
DOR,G190S,G190S,3,160,4472.222222222223,30.614145574218465
DOR,G190S,G190S,3,165,4611.111111111111,30.554360543561916
DOR,G190S,G190S,3,170,4750.0,30.918966187694497
DOR,G190S,G190S,3,175,4888.888888888889,30.243403015638393
DOR,G190S,G190S,3,180,5027.777777777777,30.435552001545368
DOR,G190S,G190S,3,185,5166.666666666667,30.71002270124239
DOR,G190S,G190S,3,190,5305.555555555556,30.735291647038665
DOR,G190S,G190S,3,195,5444.444444444444,30.683371134913788
DOR,G190S,G190S,3,200,5583.333333333333,30.689613009930547
DOR,G190S,G190S,3,205,5722.222222222223,30.603835081218303
DOR,G190S,G190S,3,210,5861.111111111111,30.35736724835784
DOR,G190S,G190S,3,215,6000.0,30.11111210637535
DOR,G190S,G190S,3,220,6138.888888888889,30.350348765261216
DOR,G190S,G190S,3,225,6277.777777777777,30.13936089960929
DOR,G190S,G190S,3,230,6416.666666666667,29.802346817642473
DOR,G190S,G190S,3,235,6555.555555555556,29.50861815491016
DOR,G190S,G190S,3,240,6694.444444444444,30.00070478629068
DOR,G190S,G190S,3,245,6833.333333333333,29.82698120534631
DOR,G190S,G190S,3,250,6972.222222222223,30.57017216108515
DOR,G190S,G190S,3,255,7111.111111111111,29.683307358468795
DOR,G190S,G190S,3,260,7250.0,29.99761938237442
DOR,G190S,G190S,3,265,7388.888888888889,29.81754606114612
DOR,G190S,G190S,3,270,7527.777777777777,30.097607629298388
DOR,G190S,G190S,3,275,7666.666666666667,29.941290518689836
DOR,G190S,G190S,3,280,7805.555555555556,29.979599099506128
DOR,G190S,G190S,3,285,7944.444444444444,30.042313224460067
DOR,G190S,G190S,3,290,8083.333333333333,30.3405443042478
DOR,G190S,G190S,3,295,8222.222222222223,30.148664857228553
DOR,G190S,G190S,3,300,8361.111111111111,30.216952386772643
DOR,G190S,G190S,3,305,8500.0,30.54549338126809
DOR,G190S,G190S,3,310,8638.888888888889,30.29366914925749
DOR,G190S,G190S,3,315,8777.777777777777,30.39850370854138
DOR,G190S,G190S,3,320,8916.666666666666,30.480063827310424
DOR,G190S,G190S,3,325,9055.555555555557,30.517883483383315
DOR,G190S,G190S,3,330,9194.444444444443,30.23042854997395
DOR,G190S,G190S,3,335,9333.333333333334,30.07499368888071
DOR,G190S,G190S,3,340,9472.222222222224,30.38327737172803
DOR,G190S,G190S,3,345,9611.111111111111,29.97319158127206
DOR,G190S,G190S,3,350,9750.0,29.946011439663955
DOR,G190S,G190S,3,355,9888.888888888889,30.01099276685712
DOR,Y318F,Y318F,2,0,27.77777777777778,30.021946879328624
DOR,Y318F,Y318F,2,5,166.66666666666666,30.759266903374854
DOR,Y318F,Y318F,2,10,305.55555555555554,30.180154543563443
DOR,Y318F,Y318F,2,15,444.44444444444446,30.373488364467867
DOR,Y318F,Y318F,2,20,583.3333333333334,30.372603805780717
DOR,Y318F,Y318F,2,25,722.2222222222222,31.00700169518138
DOR,Y318F,Y318F,2,30,861.1111111111111,30.36630736718919
DOR,Y318F,Y318F,2,35,1000.0,30.39239555152732
DOR,Y318F,Y318F,2,40,1138.888888888889,30.501634246798165
DOR,Y318F,Y318F,2,45,1277.7777777777778,30.616172196023136
DOR,Y318F,Y318F,2,50,1416.6666666666667,30.351782522629488
DOR,Y318F,Y318F,2,55,1555.5555555555557,30.298875049838134
DOR,Y318F,Y318F,2,60,1694.4444444444443,30.54911965262896
DOR,Y318F,Y318F,2,65,1833.3333333333333,30.466476201199654
DOR,Y318F,Y318F,2,70,1972.2222222222224,30.994845763891853
DOR,Y318F,Y318F,2,75,2111.1111111111113,30.836122604983625
DOR,Y318F,Y318F,2,80,2250.0,31.23086047818356
DOR,Y318F,Y318F,2,85,2388.8888888888887,31.084162947749338
DOR,Y318F,Y318F,2,90,2527.777777777778,30.959678842773556
DOR,Y318F,Y318F,2,95,2666.6666666666665,31.139037912770707
DOR,Y318F,Y318F,2,100,2805.5555555555557,30.66841421367682
DOR,Y318F,Y318F,2,105,2944.4444444444443,30.89319003632036
DOR,Y318F,Y318F,2,110,3083.3333333333335,30.729003825548215
DOR,Y318F,Y318F,2,115,3222.222222222222,31.166481521443067
DOR,Y318F,Y318F,2,120,3361.1111111111113,30.793228889052752
DOR,Y318F,Y318F,2,125,3500.0,31.116439243687243
DOR,Y318F,Y318F,2,130,3638.8888888888887,31.127095427653217
DOR,Y318F,Y318F,2,135,3777.777777777778,30.883989196070175
DOR,Y318F,Y318F,2,140,3916.6666666666665,31.404630477771516
DOR,Y318F,Y318F,2,145,4055.555555555556,30.775766692278907
DOR,Y318F,Y318F,2,150,4194.444444444444,31.065242487400692
DOR,Y318F,Y318F,2,155,4333.333333333333,30.74407612039076
DOR,Y318F,Y318F,2,160,4472.222222222223,30.70093003187387
DOR,Y318F,Y318F,2,165,4611.111111111111,30.91160134791476
DOR,Y318F,Y318F,2,170,4750.0,30.8871689262438
DOR,Y318F,Y318F,2,175,4888.888888888889,30.92566283177264
DOR,Y318F,Y318F,2,180,5027.777777777777,31.09178921477591
DOR,Y318F,Y318F,2,185,5166.666666666667,31.193801932062676
DOR,Y318F,Y318F,2,190,5305.555555555556,31.254336456154796
DOR,Y318F,Y318F,2,195,5444.444444444444,30.92470670797548
DOR,Y318F,Y318F,2,200,5583.333333333333,30.710991986663014
DOR,Y318F,Y318F,2,205,5722.222222222223,30.543291337465977
DOR,Y318F,Y318F,2,210,5861.111111111111,30.812996593655015
DOR,Y318F,Y318F,2,215,6000.0,30.429686761356844
DOR,Y318F,Y318F,2,220,6138.888888888889,30.733225456050892
DOR,Y318F,Y318F,2,225,6277.777777777777,30.29866259877927
DOR,Y318F,Y318F,2,230,6416.666666666667,30.83530225538548
DOR,Y318F,Y318F,2,235,6555.555555555556,30.58231878703485
DOR,Y318F,Y318F,2,240,6694.444444444444,30.85927483925308
DOR,Y318F,Y318F,2,245,6833.333333333333,30.63987377738006
DOR,Y318F,Y318F,2,250,6972.222222222223,30.794781413783095
DOR,Y318F,Y318F,2,255,7111.111111111111,30.730420507508807
DOR,Y318F,Y318F,2,260,7250.0,30.03533063618555
DOR,Y318F,Y318F,2,265,7388.888888888889,30.17037569133492
DOR,Y318F,Y318F,2,270,7527.777777777777,30.13490007192907
DOR,Y318F,Y318F,2,275,7666.666666666667,30.241973159735146
DOR,Y318F,Y318F,2,280,7805.555555555556,30.122079612623377
DOR,Y318F,Y318F,2,285,7944.444444444444,29.615957679171384
DOR,Y318F,Y318F,2,290,8083.333333333333,29.96999360858308
DOR,Y318F,Y318F,2,295,8222.222222222223,30.129819295646023
DOR,Y318F,Y318F,2,300,8361.111111111111,30.407474439734656
DOR,Y318F,Y318F,2,305,8500.0,30.074724698102205
DOR,Y318F,Y318F,2,310,8638.888888888889,30.43437590047677
DOR,Y318F,Y318F,2,315,8777.777777777777,29.82236227988476
DOR,Y318F,Y318F,2,320,8916.666666666666,30.52695294081168
DOR,Y318F,Y318F,2,325,9055.555555555557,29.77254122532852
DOR,Y318F,Y318F,2,330,9194.444444444443,30.37198551820116
DOR,Y318F,Y318F,2,335,9333.333333333334,30.580850277347015
DOR,Y318F,Y318F,2,340,9472.222222222224,30.284161544668773
DOR,Y318F,Y318F,2,345,9611.111111111111,30.110282047737744
DOR,Y318F,Y318F,2,350,9750.0,30.223165285397645
DOR,Y318F,Y318F,2,355,9888.888888888889,29.821026452936255
DOR,Y318F,Y318F,3,0,27.77777777777778,30.80036774741241
DOR,Y318F,Y318F,3,5,166.66666666666666,30.47852925791471
DOR,Y318F,Y318F,3,10,305.55555555555554,30.113848358776476
DOR,Y318F,Y318F,3,15,444.44444444444446,30.597238094748903
DOR,Y318F,Y318F,3,20,583.3333333333334,30.395263590612903
DOR,Y318F,Y318F,3,25,722.2222222222222,30.415994555722666
DOR,Y318F,Y318F,3,30,861.1111111111111,30.1455262891644
DOR,Y318F,Y318F,3,35,1000.0,29.798114971041972
DOR,Y318F,Y318F,3,40,1138.888888888889,30.39925031709389
DOR,Y318F,Y318F,3,45,1277.7777777777778,30.29916011009455
DOR,Y318F,Y318F,3,50,1416.6666666666667,30.76079509727868
DOR,Y318F,Y318F,3,55,1555.5555555555557,29.84723125736646
DOR,Y318F,Y318F,3,60,1694.4444444444443,30.22785619120997
DOR,Y318F,Y318F,3,65,1833.3333333333333,30.518680308720572
DOR,Y318F,Y318F,3,70,1972.2222222222224,30.611724489413422
DOR,Y318F,Y318F,3,75,2111.1111111111113,30.560773549727376
DOR,Y318F,Y318F,3,80,2250.0,30.28555070915763
DOR,Y318F,Y318F,3,85,2388.8888888888887,30.382346687543397
DOR,Y318F,Y318F,3,90,2527.777777777778,30.25314685308943
DOR,Y318F,Y318F,3,95,2666.6666666666665,30.669509665249816
DOR,Y318F,Y318F,3,100,2805.5555555555557,30.72893752594917
DOR,Y318F,Y318F,3,105,2944.4444444444443,30.540463978464953
DOR,Y318F,Y318F,3,110,3083.3333333333335,30.34759009426107
DOR,Y318F,Y318F,3,115,3222.222222222222,30.538698669819585
DOR,Y318F,Y318F,3,120,3361.1111111111113,30.507094792044583
DOR,Y318F,Y318F,3,125,3500.0,30.484441140521557
DOR,Y318F,Y318F,3,130,3638.8888888888887,30.823815440441116
DOR,Y318F,Y318F,3,135,3777.777777777778,30.420067437753193
DOR,Y318F,Y318F,3,140,3916.6666666666665,30.597367184111516
DOR,Y318F,Y318F,3,145,4055.555555555556,30.826278820421347
DOR,Y318F,Y318F,3,150,4194.444444444444,30.92574740492617
DOR,Y318F,Y318F,3,155,4333.333333333333,31.10690932255623
DOR,Y318F,Y318F,3,160,4472.222222222223,30.553320899951252
DOR,Y318F,Y318F,3,165,4611.111111111111,30.226486688315585
DOR,Y318F,Y318F,3,170,4750.0,30.140624622552966
DOR,Y318F,Y318F,3,175,4888.888888888889,30.89937717989156
DOR,Y318F,Y318F,3,180,5027.777777777777,30.836972413062743
DOR,Y318F,Y318F,3,185,5166.666666666667,30.693901645158796
DOR,Y318F,Y318F,3,190,5305.555555555556,30.605291920903756
DOR,Y318F,Y318F,3,195,5444.444444444444,30.42577819146574
DOR,Y318F,Y318F,3,200,5583.333333333333,30.639980081186852
DOR,Y318F,Y318F,3,205,5722.222222222223,30.487394504748536
DOR,Y318F,Y318F,3,210,5861.111111111111,30.384518932931304
DOR,Y318F,Y318F,3,215,6000.0,30.279661897488996
DOR,Y318F,Y318F,3,220,6138.888888888889,30.8188102387664
DOR,Y318F,Y318F,3,225,6277.777777777777,30.62319640759355
DOR,Y318F,Y318F,3,230,6416.666666666667,30.874114170938036
DOR,Y318F,Y318F,3,235,6555.555555555556,30.70247330241277
DOR,Y318F,Y318F,3,240,6694.444444444444,30.415914463092463
DOR,Y318F,Y318F,3,245,6833.333333333333,30.744783507995113
DOR,Y318F,Y318F,3,250,6972.222222222223,30.85760526794583
DOR,Y318F,Y318F,3,255,7111.111111111111,30.590479076773207
DOR,Y318F,Y318F,3,260,7250.0,30.637741613897916
DOR,Y318F,Y318F,3,265,7388.888888888889,30.000037773202365
DOR,Y318F,Y318F,3,270,7527.777777777777,31.02747083321344
DOR,Y318F,Y318F,3,275,7666.666666666667,30.73711211491821
DOR,Y318F,Y318F,3,280,7805.555555555556,30.565570268398226
DOR,Y318F,Y318F,3,285,7944.444444444444,30.40400702535389
DOR,Y318F,Y318F,3,290,8083.333333333333,30.818533594988494
DOR,Y318F,Y318F,3,295,8222.222222222223,30.41392977600015
DOR,Y318F,Y318F,3,300,8361.111111111111,29.824654521720856
DOR,Y318F,Y318F,3,305,8500.0,30.469163602822206
DOR,Y318F,Y318F,3,310,8638.888888888889,30.189588685736357
DOR,Y318F,Y318F,3,315,8777.777777777777,30.29851489481846
DOR,Y318F,Y318F,3,320,8916.666666666666,30.137863782663977
DOR,Y318F,Y318F,3,325,9055.555555555557,29.894774639340728
DOR,Y318F,Y318F,3,330,9194.444444444443,30.06919405789229
DOR,Y318F,Y318F,3,335,9333.333333333334,30.39144747394002
DOR,Y318F,Y318F,3,340,9472.222222222224,30.8859459009446
DOR,Y318F,Y318F,3,345,9611.111111111111,30.277064498244226
DOR,Y318F,Y318F,3,350,9750.0,30.649826275755345
DOR,Y318F,Y318F,3,355,9888.888888888889,30.728311952605992
DOR,L100I+K103N,L100I_K103N,1,0,27.77777777777778,30.5574267083113
DOR,L100I+K103N,L100I_K103N,1,5,166.66666666666666,31.24069748767276
DOR,L100I+K103N,L100I_K103N,1,10,305.55555555555554,31.199542955374863
DOR,L100I+K103N,L100I_K103N,1,15,444.44444444444446,31.39231686043612
DOR,L100I+K103N,L100I_K103N,1,20,583.3333333333334,31.228855988943245
DOR,L100I+K103N,L100I_K103N,1,25,722.2222222222222,31.7012055142199
DOR,L100I+K103N,L100I_K103N,1,30,861.1111111111111,31.566315246989937
DOR,L100I+K103N,L100I_K103N,1,35,1000.0,31.32326913272221
DOR,L100I+K103N,L100I_K103N,1,40,1138.888888888889,30.490281448922996
DOR,L100I+K103N,L100I_K103N,1,45,1277.7777777777778,30.693741802712157
DOR,L100I+K103N,L100I_K103N,1,50,1416.6666666666667,30.58750645441919
DOR,L100I+K103N,L100I_K103N,1,55,1555.5555555555557,31.224801555067643
DOR,L100I+K103N,L100I_K103N,1,60,1694.4444444444443,31.033145895925305
DOR,L100I+K103N,L100I_K103N,1,65,1833.3333333333333,30.651603206457228
DOR,L100I+K103N,L100I_K103N,1,70,1972.2222222222224,30.930432125293898
DOR,L100I+K103N,L100I_K103N,1,75,2111.1111111111113,30.89265974614781
DOR,L100I+K103N,L100I_K103N,1,80,2250.0,31.000803207784735
DOR,L100I+K103N,L100I_K103N,1,85,2388.8888888888887,30.883250567569572
DOR,L100I+K103N,L100I_K103N,1,90,2527.777777777778,31.13177235058762
DOR,L100I+K103N,L100I_K103N,1,95,2666.6666666666665,31.424966897200708
DOR,L100I+K103N,L100I_K103N,1,100,2805.5555555555557,31.029403973767742
DOR,L100I+K103N,L100I_K103N,1,105,2944.4444444444443,31.08755187941564
DOR,L100I+K103N,L100I_K103N,1,110,3083.3333333333335,31.12927484319497
DOR,L100I+K103N,L100I_K103N,1,115,3222.222222222222,31.75349817845092
DOR,L100I+K103N,L100I_K103N,1,120,3361.1111111111113,31.46601238809151
DOR,L100I+K103N,L100I_K103N,1,125,3500.0,30.973014262092654
DOR,L100I+K103N,L100I_K103N,1,130,3638.8888888888887,31.032954628163157
DOR,L100I+K103N,L100I_K103N,1,135,3777.777777777778,31.093534221100175
DOR,L100I+K103N,L100I_K103N,1,140,3916.6666666666665,30.902803552335357
DOR,L100I+K103N,L100I_K103N,1,145,4055.555555555556,31.211553927306227
DOR,L100I+K103N,L100I_K103N,1,150,4194.444444444444,31.373524389583043
DOR,L100I+K103N,L100I_K103N,1,155,4333.333333333333,31.035294078870457
DOR,L100I+K103N,L100I_K103N,1,160,4472.222222222223,30.878985223143573
DOR,L100I+K103N,L100I_K103N,1,165,4611.111111111111,31.247221945531695
DOR,L100I+K103N,L100I_K103N,1,170,4750.0,31.3188908482529
DOR,L100I+K103N,L100I_K103N,1,175,4888.888888888889,30.786599939886504
DOR,L100I+K103N,L100I_K103N,1,180,5027.777777777777,31.118464699840125
DOR,L100I+K103N,L100I_K103N,1,185,5166.666666666667,31.177000851954094
DOR,L100I+K103N,L100I_K103N,1,190,5305.555555555556,31.4816934839375
DOR,L100I+K103N,L100I_K103N,1,195,5444.444444444444,30.40219114630425
DOR,L100I+K103N,L100I_K103N,1,200,5583.333333333333,30.905254238473187
DOR,L100I+K103N,L100I_K103N,1,205,5722.222222222223,30.614561099253404
DOR,L100I+K103N,L100I_K103N,1,210,5861.111111111111,31.063749389849697
DOR,L100I+K103N,L100I_K103N,1,215,6000.0,30.96611748971579
DOR,L100I+K103N,L100I_K103N,1,220,6138.888888888889,31.02044384246022
DOR,L100I+K103N,L100I_K103N,1,225,6277.777777777777,31.675052322473828
DOR,L100I+K103N,L100I_K103N,1,230,6416.666666666667,31.808890848737576
DOR,L100I+K103N,L100I_K103N,1,235,6555.555555555556,31.591764700488433
DOR,L100I+K103N,L100I_K103N,1,240,6694.444444444444,30.69341486089964
DOR,L100I+K103N,L100I_K103N,1,245,6833.333333333333,31.35888065864599
DOR,L100I+K103N,L100I_K103N,1,250,6972.222222222223,30.616669740742456
DOR,L100I+K103N,L100I_K103N,1,255,7111.111111111111,32.18181986552027
DOR,L100I+K103N,L100I_K103N,1,260,7250.0,31.23072079127359
DOR,L100I+K103N,L100I_K103N,1,265,7388.888888888889,31.883225495956943
DOR,L100I+K103N,L100I_K103N,1,270,7527.777777777777,31.683293658128527
DOR,L100I+K103N,L100I_K103N,1,275,7666.666666666667,31.092286957951018
DOR,L100I+K103N,L100I_K103N,1,280,7805.555555555556,30.930923402007338
DOR,L100I+K103N,L100I_K103N,1,285,7944.444444444444,31.22921516398241
DOR,L100I+K103N,L100I_K103N,1,290,8083.333333333333,30.835076058833888
DOR,L100I+K103N,L100I_K103N,1,295,8222.222222222223,31.65200138769195
DOR,L100I+K103N,L100I_K103N,1,300,8361.111111111111,30.41163733076006
DOR,L100I+K103N,L100I_K103N,1,305,8500.0,30.988730266300895
DOR,L100I+K103N,L100I_K103N,1,310,8638.888888888889,30.670083553446545
DOR,L100I+K103N,L100I_K103N,1,315,8777.777777777777,30.63985170805839
DOR,L100I+K103N,L100I_K103N,1,320,8916.666666666666,30.992905381385405
DOR,L100I+K103N,L100I_K103N,1,325,9055.555555555557,31.345258197714596
DOR,L100I+K103N,L100I_K103N,1,330,9194.444444444443,30.51979193985185
DOR,L100I+K103N,L100I_K103N,1,335,9333.333333333334,30.86376882015088
DOR,L100I+K103N,L100I_K103N,1,340,9472.222222222224,30.5848132309739
DOR,L100I+K103N,L100I_K103N,1,345,9611.111111111111,30.738427066071633
DOR,L100I+K103N,L100I_K103N,1,350,9750.0,30.813029374903252
DOR,L100I+K103N,L100I_K103N,1,355,9888.888888888889,30.850981798186325
DOR,L100I+K103N,L100I_K103N,2,0,27.77777777777778,30.142739357556568
DOR,L100I+K103N,L100I_K103N,2,5,166.66666666666666,29.925075690320508
DOR,L100I+K103N,L100I_K103N,2,10,305.55555555555554,30.534534824361977
DOR,L100I+K103N,L100I_K103N,2,15,444.44444444444446,30.19672909300217
DOR,L100I+K103N,L100I_K103N,2,20,583.3333333333334,30.8636501134078
DOR,L100I+K103N,L100I_K103N,2,25,722.2222222222222,31.00087050763972
DOR,L100I+K103N,L100I_K103N,2,30,861.1111111111111,30.48128645747901
DOR,L100I+K103N,L100I_K103N,2,35,1000.0,30.319028226186944
DOR,L100I+K103N,L100I_K103N,2,40,1138.888888888889,30.250225063023706
DOR,L100I+K103N,L100I_K103N,2,45,1277.7777777777778,30.495184478142576
DOR,L100I+K103N,L100I_K103N,2,50,1416.6666666666667,30.143933862646893
DOR,L100I+K103N,L100I_K103N,2,55,1555.5555555555557,30.972687501879467
DOR,L100I+K103N,L100I_K103N,2,60,1694.4444444444443,30.56399884335212
DOR,L100I+K103N,L100I_K103N,2,65,1833.3333333333333,30.17282074190732
DOR,L100I+K103N,L100I_K103N,2,70,1972.2222222222224,30.683629267913233
DOR,L100I+K103N,L100I_K103N,2,75,2111.1111111111113,30.722456789408515
DOR,L100I+K103N,L100I_K103N,2,80,2250.0,30.56430846800222
DOR,L100I+K103N,L100I_K103N,2,85,2388.8888888888887,30.51856352607093
DOR,L100I+K103N,L100I_K103N,2,90,2527.777777777778,30.38047741853984
DOR,L100I+K103N,L100I_K103N,2,95,2666.6666666666665,30.7498665039926
DOR,L100I+K103N,L100I_K103N,2,100,2805.5555555555557,30.021141686259583
DOR,L100I+K103N,L100I_K103N,2,105,2944.4444444444443,30.702727812837924
DOR,L100I+K103N,L100I_K103N,2,110,3083.3333333333335,30.484952260406853
DOR,L100I+K103N,L100I_K103N,2,115,3222.222222222222,30.561972026371674
DOR,L100I+K103N,L100I_K103N,2,120,3361.1111111111113,30.427836475721566
DOR,L100I+K103N,L100I_K103N,2,125,3500.0,30.335100077585995
DOR,L100I+K103N,L100I_K103N,2,130,3638.8888888888887,30.080870386369764
DOR,L100I+K103N,L100I_K103N,2,135,3777.777777777778,30.68041110406604
DOR,L100I+K103N,L100I_K103N,2,140,3916.6666666666665,30.36085733032658
DOR,L100I+K103N,L100I_K103N,2,145,4055.555555555556,30.36489181376529
DOR,L100I+K103N,L100I_K103N,2,150,4194.444444444444,30.67513469560599
DOR,L100I+K103N,L100I_K103N,2,155,4333.333333333333,30.206358449715346
DOR,L100I+K103N,L100I_K103N,2,160,4472.222222222223,30.24061050773702
DOR,L100I+K103N,L100I_K103N,2,165,4611.111111111111,29.98535069890285
DOR,L100I+K103N,L100I_K103N,2,170,4750.0,30.132039710685486
DOR,L100I+K103N,L100I_K103N,2,175,4888.888888888889,29.991074499232216
DOR,L100I+K103N,L100I_K103N,2,180,5027.777777777777,29.61979809801139
DOR,L100I+K103N,L100I_K103N,2,185,5166.666666666667,30.183537751384737
DOR,L100I+K103N,L100I_K103N,2,190,5305.555555555556,30.317978520357183
DOR,L100I+K103N,L100I_K103N,2,195,5444.444444444444,30.051622181133823
DOR,L100I+K103N,L100I_K103N,2,200,5583.333333333333,29.92280875746301
DOR,L100I+K103N,L100I_K103N,2,205,5722.222222222223,30.809174158369704
DOR,L100I+K103N,L100I_K103N,2,210,5861.111111111111,30.372480883345
DOR,L100I+K103N,L100I_K103N,2,215,6000.0,30.64021985908749
DOR,L100I+K103N,L100I_K103N,2,220,6138.888888888889,30.832972454192536
DOR,L100I+K103N,L100I_K103N,2,225,6277.777777777777,30.546002620995143
DOR,L100I+K103N,L100I_K103N,2,230,6416.666666666667,30.069552241774343
DOR,L100I+K103N,L100I_K103N,2,235,6555.555555555556,30.27120397941717
DOR,L100I+K103N,L100I_K103N,2,240,6694.444444444444,30.1884740966052
DOR,L100I+K103N,L100I_K103N,2,245,6833.333333333333,30.539154187289174
DOR,L100I+K103N,L100I_K103N,2,250,6972.222222222223,30.629901408582004
DOR,L100I+K103N,L100I_K103N,2,255,7111.111111111111,29.77366127092907
DOR,L100I+K103N,L100I_K103N,2,260,7250.0,29.91119730245202
DOR,L100I+K103N,L100I_K103N,2,265,7388.888888888889,30.020701606832223
DOR,L100I+K103N,L100I_K103N,2,270,7527.777777777777,30.452276332663622
DOR,L100I+K103N,L100I_K103N,2,275,7666.666666666667,30.155356096461567
DOR,L100I+K103N,L100I_K103N,2,280,7805.555555555556,30.999310412304787
DOR,L100I+K103N,L100I_K103N,2,285,7944.444444444444,30.41793076135527
DOR,L100I+K103N,L100I_K103N,2,290,8083.333333333333,30.43206669612099
DOR,L100I+K103N,L100I_K103N,2,295,8222.222222222223,30.37939652319328
DOR,L100I+K103N,L100I_K103N,2,300,8361.111111111111,30.74639290642536
DOR,L100I+K103N,L100I_K103N,2,305,8500.0,30.49789275233965
DOR,L100I+K103N,L100I_K103N,2,310,8638.888888888889,31.294157861204283
DOR,L100I+K103N,L100I_K103N,2,315,8777.777777777777,30.920152620533173
DOR,L100I+K103N,L100I_K103N,2,320,8916.666666666666,30.939851556401393
DOR,L100I+K103N,L100I_K103N,2,325,9055.555555555557,30.155281616270152
DOR,L100I+K103N,L100I_K103N,2,330,9194.444444444443,30.25991593339318
DOR,L100I+K103N,L100I_K103N,2,335,9333.333333333334,30.78526582888172
DOR,L100I+K103N,L100I_K103N,2,340,9472.222222222224,30.18317577097701
DOR,L100I+K103N,L100I_K103N,2,345,9611.111111111111,30.718309964036028
DOR,L100I+K103N,L100I_K103N,2,350,9750.0,30.424228286029617
DOR,L100I+K103N,L100I_K103N,2,355,9888.888888888889,30.411494724358917
DOR,L100I+K103N,L100I_K103N,3,0,27.77777777777778,30.963585757975427
DOR,L100I+K103N,L100I_K103N,3,5,166.66666666666666,31.19964840174861
DOR,L100I+K103N,L100I_K103N,3,10,305.55555555555554,31.33659892976828
DOR,L100I+K103N,L100I_K103N,3,15,444.44444444444446,30.71452273363081
DOR,L100I+K103N,L100I_K103N,3,20,583.3333333333334,30.820262600681076
DOR,L100I+K103N,L100I_K103N,3,25,722.2222222222222,31.362765282713312
DOR,L100I+K103N,L100I_K103N,3,30,861.1111111111111,31.127622790881507
DOR,L100I+K103N,L100I_K103N,3,35,1000.0,30.94449942374488
DOR,L100I+K103N,L100I_K103N,3,40,1138.888888888889,31.248779165125928
DOR,L100I+K103N,L100I_K103N,3,45,1277.7777777777778,30.893296408432786
DOR,L100I+K103N,L100I_K103N,3,50,1416.6666666666667,30.615857076448712
DOR,L100I+K103N,L100I_K103N,3,55,1555.5555555555557,30.824922028728107
DOR,L100I+K103N,L100I_K103N,3,60,1694.4444444444443,30.661966102963905
DOR,L100I+K103N,L100I_K103N,3,65,1833.3333333333333,30.83076189484108
DOR,L100I+K103N,L100I_K103N,3,70,1972.2222222222224,31.2490845945258
DOR,L100I+K103N,L100I_K103N,3,75,2111.1111111111113,30.87820641071273
DOR,L100I+K103N,L100I_K103N,3,80,2250.0,31.095284331092852
DOR,L100I+K103N,L100I_K103N,3,85,2388.8888888888887,31.17840141161414
DOR,L100I+K103N,L100I_K103N,3,90,2527.777777777778,30.388053477722703
DOR,L100I+K103N,L100I_K103N,3,95,2666.6666666666665,31.21387701937006
DOR,L100I+K103N,L100I_K103N,3,100,2805.5555555555557,30.614069380005947
DOR,L100I+K103N,L100I_K103N,3,105,2944.4444444444443,31.18237143917864
DOR,L100I+K103N,L100I_K103N,3,110,3083.3333333333335,31.492039111928165
DOR,L100I+K103N,L100I_K103N,3,115,3222.222222222222,30.73778011322377
DOR,L100I+K103N,L100I_K103N,3,120,3361.1111111111113,31.17216392002139
DOR,L100I+K103N,L100I_K103N,3,125,3500.0,30.82954085673913
DOR,L100I+K103N,L100I_K103N,3,130,3638.8888888888887,31.200998198848858
DOR,L100I+K103N,L100I_K103N,3,135,3777.777777777778,31.41472392633279
DOR,L100I+K103N,L100I_K103N,3,140,3916.6666666666665,31.19405691709989
DOR,L100I+K103N,L100I_K103N,3,145,4055.555555555556,31.067311402951244
DOR,L100I+K103N,L100I_K103N,3,150,4194.444444444444,31.423513727603687
DOR,L100I+K103N,L100I_K103N,3,155,4333.333333333333,30.99980963591669
DOR,L100I+K103N,L100I_K103N,3,160,4472.222222222223,31.328755045958676
DOR,L100I+K103N,L100I_K103N,3,165,4611.111111111111,31.166822464252817
DOR,L100I+K103N,L100I_K103N,3,170,4750.0,30.972283740566255
DOR,L100I+K103N,L100I_K103N,3,175,4888.888888888889,30.974706194974814
DOR,L100I+K103N,L100I_K103N,3,180,5027.777777777777,31.316512711749176
DOR,L100I+K103N,L100I_K103N,3,185,5166.666666666667,31.26359278071322
DOR,L100I+K103N,L100I_K103N,3,190,5305.555555555556,30.704147676302036
DOR,L100I+K103N,L100I_K103N,3,195,5444.444444444444,30.78589975947718
DOR,L100I+K103N,L100I_K103N,3,200,5583.333333333333,31.244788558495728
DOR,L100I+K103N,L100I_K103N,3,205,5722.222222222223,30.906039266766975
DOR,L100I+K103N,L100I_K103N,3,210,5861.111111111111,30.844455361875625
DOR,L100I+K103N,L100I_K103N,3,215,6000.0,30.09805412686281
DOR,L100I+K103N,L100I_K103N,3,220,6138.888888888889,30.288674538472147
DOR,L100I+K103N,L100I_K103N,3,225,6277.777777777777,30.579538646762884
DOR,L100I+K103N,L100I_K103N,3,230,6416.666666666667,30.816691572199996
DOR,L100I+K103N,L100I_K103N,3,235,6555.555555555556,30.43182563892166
DOR,L100I+K103N,L100I_K103N,3,240,6694.444444444444,30.87036919036385
DOR,L100I+K103N,L100I_K103N,3,245,6833.333333333333,30.68921051374877
DOR,L100I+K103N,L100I_K103N,3,250,6972.222222222223,31.164743109324583
DOR,L100I+K103N,L100I_K103N,3,255,7111.111111111111,30.947691652350603
DOR,L100I+K103N,L100I_K103N,3,260,7250.0,31.051300860150057
DOR,L100I+K103N,L100I_K103N,3,265,7388.888888888889,31.039974336127113
DOR,L100I+K103N,L100I_K103N,3,270,7527.777777777777,30.78908615637178
DOR,L100I+K103N,L100I_K103N,3,275,7666.666666666667,31.519936594493252
DOR,L100I+K103N,L100I_K103N,3,280,7805.555555555556,30.950670676145972
DOR,L100I+K103N,L100I_K103N,3,285,7944.444444444444,30.88873526801723
DOR,L100I+K103N,L100I_K103N,3,290,8083.333333333333,30.57403945199864
DOR,L100I+K103N,L100I_K103N,3,295,8222.222222222223,31.08113011307251
DOR,L100I+K103N,L100I_K103N,3,300,8361.111111111111,30.871833042958556
DOR,L100I+K103N,L100I_K103N,3,305,8500.0,30.433928718817487
DOR,L100I+K103N,L100I_K103N,3,310,8638.888888888889,30.691671578351546
DOR,L100I+K103N,L100I_K103N,3,315,8777.777777777777,30.206682567933413
DOR,L100I+K103N,L100I_K103N,3,320,8916.666666666666,30.697863144408835
DOR,L100I+K103N,L100I_K103N,3,325,9055.555555555557,30.770449762717952
DOR,L100I+K103N,L100I_K103N,3,330,9194.444444444443,30.84828634769133
DOR,L100I+K103N,L100I_K103N,3,335,9333.333333333334,31.219323800659968
DOR,L100I+K103N,L100I_K103N,3,340,9472.222222222224,31.36263042375159
DOR,L100I+K103N,L100I_K103N,3,345,9611.111111111111,30.569102054728543
DOR,L100I+K103N,L100I_K103N,3,350,9750.0,30.952927525295127
DOR,L100I+K103N,L100I_K103N,3,355,9888.888888888889,30.725584337900397
DOR,K103N+P225H,K103N_P225H,1,0,27.77777777777778,30.418887000901695
DOR,K103N+P225H,K103N_P225H,1,5,166.66666666666666,30.24199134889607
DOR,K103N+P225H,K103N_P225H,1,10,305.55555555555554,30.52615887710865
DOR,K103N+P225H,K103N_P225H,1,15,444.44444444444446,29.78589563473408
DOR,K103N+P225H,K103N_P225H,1,20,583.3333333333334,29.912668322173463
DOR,K103N+P225H,K103N_P225H,1,25,722.2222222222222,30.288092512216195
DOR,K103N+P225H,K103N_P225H,1,30,861.1111111111111,30.008324640047356
DOR,K103N+P225H,K103N_P225H,1,35,1000.0,29.92558416002079
DOR,K103N+P225H,K103N_P225H,1,40,1138.888888888889,30.323916304314928
DOR,K103N+P225H,K103N_P225H,1,45,1277.7777777777778,30.17093583971181
DOR,K103N+P225H,K103N_P225H,1,50,1416.6666666666667,30.277632918186935
DOR,K103N+P225H,K103N_P225H,1,55,1555.5555555555557,30.14967532950593
DOR,K103N+P225H,K103N_P225H,1,60,1694.4444444444443,29.947504992204006
DOR,K103N+P225H,K103N_P225H,1,65,1833.3333333333333,30.460241901059536
DOR,K103N+P225H,K103N_P225H,1,70,1972.2222222222224,30.397176196039688
DOR,K103N+P225H,K103N_P225H,1,75,2111.1111111111113,29.66868744352326
DOR,K103N+P225H,K103N_P225H,1,80,2250.0,30.19791664924935
DOR,K103N+P225H,K103N_P225H,1,85,2388.8888888888887,30.021500491964865
DOR,K103N+P225H,K103N_P225H,1,90,2527.777777777778,30.36084956163986
DOR,K103N+P225H,K103N_P225H,1,95,2666.6666666666665,30.49778490837353
DOR,K103N+P225H,K103N_P225H,1,100,2805.5555555555557,30.26731010762832
DOR,K103N+P225H,K103N_P225H,1,105,2944.4444444444443,29.91283140810011
DOR,K103N+P225H,K103N_P225H,1,110,3083.3333333333335,30.252090355435193
DOR,K103N+P225H,K103N_P225H,1,115,3222.222222222222,30.229369582963308
DOR,K103N+P225H,K103N_P225H,1,120,3361.1111111111113,29.893828688103323
DOR,K103N+P225H,K103N_P225H,1,125,3500.0,30.033427289377133
DOR,K103N+P225H,K103N_P225H,1,130,3638.8888888888887,29.803008102730587
DOR,K103N+P225H,K103N_P225H,1,135,3777.777777777778,30.248732348867765
DOR,K103N+P225H,K103N_P225H,1,140,3916.6666666666665,29.62849417268974
DOR,K103N+P225H,K103N_P225H,1,145,4055.555555555556,29.722266981463815
DOR,K103N+P225H,K103N_P225H,1,150,4194.444444444444,30.006074284957915
DOR,K103N+P225H,K103N_P225H,1,155,4333.333333333333,30.370731202078748
DOR,K103N+P225H,K103N_P225H,1,160,4472.222222222223,30.309938546181215
DOR,K103N+P225H,K103N_P225H,1,165,4611.111111111111,30.100399383453023
DOR,K103N+P225H,K103N_P225H,1,170,4750.0,30.0260879470191
DOR,K103N+P225H,K103N_P225H,1,175,4888.888888888889,30.092747674952314
DOR,K103N+P225H,K103N_P225H,1,180,5027.777777777777,29.738983699224956
DOR,K103N+P225H,K103N_P225H,1,185,5166.666666666667,29.52942235266676
DOR,K103N+P225H,K103N_P225H,1,190,5305.555555555556,30.425663699101623
DOR,K103N+P225H,K103N_P225H,1,195,5444.444444444444,29.576719335573788
DOR,K103N+P225H,K103N_P225H,1,200,5583.333333333333,29.70163997951936
DOR,K103N+P225H,K103N_P225H,1,205,5722.222222222223,29.675860255275243
DOR,K103N+P225H,K103N_P225H,1,210,5861.111111111111,30.012164493880597
DOR,K103N+P225H,K103N_P225H,1,215,6000.0,29.971520134708744
DOR,K103N+P225H,K103N_P225H,1,220,6138.888888888889,30.224301799816537
DOR,K103N+P225H,K103N_P225H,1,225,6277.777777777777,29.519294407833755
DOR,K103N+P225H,K103N_P225H,1,230,6416.666666666667,29.53091411195736
DOR,K103N+P225H,K103N_P225H,1,235,6555.555555555556,29.30468763105748
DOR,K103N+P225H,K103N_P225H,1,240,6694.444444444444,29.628401220266976
DOR,K103N+P225H,K103N_P225H,1,245,6833.333333333333,28.987226016398544
DOR,K103N+P225H,K103N_P225H,1,250,6972.222222222223,29.564503624308767
DOR,K103N+P225H,K103N_P225H,1,255,7111.111111111111,29.133588547880745
DOR,K103N+P225H,K103N_P225H,1,260,7250.0,30.159623143810627
DOR,K103N+P225H,K103N_P225H,1,265,7388.888888888889,30.344294539001872
DOR,K103N+P225H,K103N_P225H,1,270,7527.777777777777,30.475249472253697
DOR,K103N+P225H,K103N_P225H,1,275,7666.666666666667,30.185176344015648
DOR,K103N+P225H,K103N_P225H,1,280,7805.555555555556,30.665218747905943
DOR,K103N+P225H,K103N_P225H,1,285,7944.444444444444,29.912997421706436
DOR,K103N+P225H,K103N_P225H,1,290,8083.333333333333,30.28410773474626
DOR,K103N+P225H,K103N_P225H,1,295,8222.222222222223,30.072352500261196
DOR,K103N+P225H,K103N_P225H,1,300,8361.111111111111,30.489993240891987
DOR,K103N+P225H,K103N_P225H,1,305,8500.0,29.78749745466898
DOR,K103N+P225H,K103N_P225H,1,310,8638.888888888889,30.539769389709548
DOR,K103N+P225H,K103N_P225H,1,315,8777.777777777777,30.163795676932462
DOR,K103N+P225H,K103N_P225H,1,320,8916.666666666666,29.90996586106463
DOR,K103N+P225H,K103N_P225H,1,325,9055.555555555557,30.889227736082663
DOR,K103N+P225H,K103N_P225H,1,330,9194.444444444443,30.16941347095705
DOR,K103N+P225H,K103N_P225H,1,335,9333.333333333334,30.87800104675704
DOR,K103N+P225H,K103N_P225H,1,340,9472.222222222224,30.583500238721577
DOR,K103N+P225H,K103N_P225H,1,345,9611.111111111111,30.324416395626137
DOR,K103N+P225H,K103N_P225H,1,350,9750.0,30.156042819553072
DOR,K103N+P225H,K103N_P225H,1,355,9888.888888888889,29.877691813447793
DOR,K103N+P225H,K103N_P225H,2,0,27.77777777777778,29.81438547567572
DOR,K103N+P225H,K103N_P225H,2,5,166.66666666666666,30.03149729552654
DOR,K103N+P225H,K103N_P225H,2,10,305.55555555555554,30.10418208842437
DOR,K103N+P225H,K103N_P225H,2,15,444.44444444444446,29.61683046670045
DOR,K103N+P225H,K103N_P225H,2,20,583.3333333333334,29.32652391524409
DOR,K103N+P225H,K103N_P225H,2,25,722.2222222222222,29.72645947504233
DOR,K103N+P225H,K103N_P225H,2,30,861.1111111111111,29.995940863189897
DOR,K103N+P225H,K103N_P225H,2,35,1000.0,30.244444636470135
DOR,K103N+P225H,K103N_P225H,2,40,1138.888888888889,30.35743227771461
DOR,K103N+P225H,K103N_P225H,2,45,1277.7777777777778,30.47254714999632
DOR,K103N+P225H,K103N_P225H,2,50,1416.6666666666667,30.067024079339085
DOR,K103N+P225H,K103N_P225H,2,55,1555.5555555555557,30.535798517076444
DOR,K103N+P225H,K103N_P225H,2,60,1694.4444444444443,30.094620778247062
DOR,K103N+P225H,K103N_P225H,2,65,1833.3333333333333,29.768453705813663
DOR,K103N+P225H,K103N_P225H,2,70,1972.2222222222224,30.28276041250913
DOR,K103N+P225H,K103N_P225H,2,75,2111.1111111111113,30.676392623392996
DOR,K103N+P225H,K103N_P225H,2,80,2250.0,30.354847828264923
DOR,K103N+P225H,K103N_P225H,2,85,2388.8888888888887,30.553643157282067
DOR,K103N+P225H,K103N_P225H,2,90,2527.777777777778,30.10920971979741
DOR,K103N+P225H,K103N_P225H,2,95,2666.6666666666665,30.05788482235492
DOR,K103N+P225H,K103N_P225H,2,100,2805.5555555555557,30.371732876562163
DOR,K103N+P225H,K103N_P225H,2,105,2944.4444444444443,30.649604901135913
DOR,K103N+P225H,K103N_P225H,2,110,3083.3333333333335,30.053055900712916
DOR,K103N+P225H,K103N_P225H,2,115,3222.222222222222,30.17187474646529
DOR,K103N+P225H,K103N_P225H,2,120,3361.1111111111113,30.11805742950804
DOR,K103N+P225H,K103N_P225H,2,125,3500.0,29.909009237268467
DOR,K103N+P225H,K103N_P225H,2,130,3638.8888888888887,30.684003466918536
DOR,K103N+P225H,K103N_P225H,2,135,3777.777777777778,30.564471222729303
DOR,K103N+P225H,K103N_P225H,2,140,3916.6666666666665,30.096796351874847
DOR,K103N+P225H,K103N_P225H,2,145,4055.555555555556,30.114916790554748
DOR,K103N+P225H,K103N_P225H,2,150,4194.444444444444,29.471245374910936
DOR,K103N+P225H,K103N_P225H,2,155,4333.333333333333,29.938488166233626
DOR,K103N+P225H,K103N_P225H,2,160,4472.222222222223,30.07895660363015
DOR,K103N+P225H,K103N_P225H,2,165,4611.111111111111,30.108757128724655
DOR,K103N+P225H,K103N_P225H,2,170,4750.0,30.224316628578197
DOR,K103N+P225H,K103N_P225H,2,175,4888.888888888889,30.221229349853193
DOR,K103N+P225H,K103N_P225H,2,180,5027.777777777777,30.611332571820963
DOR,K103N+P225H,K103N_P225H,2,185,5166.666666666667,30.71211372104418
DOR,K103N+P225H,K103N_P225H,2,190,5305.555555555556,30.16905314805753
DOR,K103N+P225H,K103N_P225H,2,195,5444.444444444444,30.52236529642509
DOR,K103N+P225H,K103N_P225H,2,200,5583.333333333333,31.588153343010752
DOR,K103N+P225H,K103N_P225H,2,205,5722.222222222223,30.47540743780369
DOR,K103N+P225H,K103N_P225H,2,210,5861.111111111111,30.72334093882951
DOR,K103N+P225H,K103N_P225H,2,215,6000.0,30.069621984276807
DOR,K103N+P225H,K103N_P225H,2,220,6138.888888888889,29.831034008501167
DOR,K103N+P225H,K103N_P225H,2,225,6277.777777777777,30.099353625056636
DOR,K103N+P225H,K103N_P225H,2,230,6416.666666666667,30.023987491849915
DOR,K103N+P225H,K103N_P225H,2,235,6555.555555555556,29.76348084562264
DOR,K103N+P225H,K103N_P225H,2,240,6694.444444444444,30.638363832819767
DOR,K103N+P225H,K103N_P225H,2,245,6833.333333333333,30.77573390717719
DOR,K103N+P225H,K103N_P225H,2,250,6972.222222222223,30.095738000144816
DOR,K103N+P225H,K103N_P225H,2,255,7111.111111111111,31.084919719637544
DOR,K103N+P225H,K103N_P225H,2,260,7250.0,30.02037505042549
DOR,K103N+P225H,K103N_P225H,2,265,7388.888888888889,30.154880358259152
DOR,K103N+P225H,K103N_P225H,2,270,7527.777777777777,30.757347724917302
DOR,K103N+P225H,K103N_P225H,2,275,7666.666666666667,30.64182141725195
DOR,K103N+P225H,K103N_P225H,2,280,7805.555555555556,30.847398243096254
DOR,K103N+P225H,K103N_P225H,2,285,7944.444444444444,30.688677017154035
DOR,K103N+P225H,K103N_P225H,2,290,8083.333333333333,30.49964103371469
DOR,K103N+P225H,K103N_P225H,2,295,8222.222222222223,30.4191892185168
DOR,K103N+P225H,K103N_P225H,2,300,8361.111111111111,30.759723298482584
DOR,K103N+P225H,K103N_P225H,2,305,8500.0,30.55560406121087
DOR,K103N+P225H,K103N_P225H,2,310,8638.888888888889,30.28084101476484
DOR,K103N+P225H,K103N_P225H,2,315,8777.777777777777,30.486196819670987
DOR,K103N+P225H,K103N_P225H,2,320,8916.666666666666,30.780451091554983
DOR,K103N+P225H,K103N_P225H,2,325,9055.555555555557,30.682732270213375
DOR,K103N+P225H,K103N_P225H,2,330,9194.444444444443,30.491106459156047
DOR,K103N+P225H,K103N_P225H,2,335,9333.333333333334,30.668003300939777
DOR,K103N+P225H,K103N_P225H,2,340,9472.222222222224,30.713593926014276
DOR,K103N+P225H,K103N_P225H,2,345,9611.111111111111,30.0122356551546
DOR,K103N+P225H,K103N_P225H,2,350,9750.0,30.347831970070754
DOR,K103N+P225H,K103N_P225H,2,355,9888.888888888889,30.59362052013417
DOR,K103N+P225H,K103N_P225H,3,0,27.77777777777778,30.638360857786576
DOR,K103N+P225H,K103N_P225H,3,5,166.66666666666666,30.141670645959916
DOR,K103N+P225H,K103N_P225H,3,10,305.55555555555554,29.922538078542537
DOR,K103N+P225H,K103N_P225H,3,15,444.44444444444446,29.47559485623179
DOR,K103N+P225H,K103N_P225H,3,20,583.3333333333334,29.37180055731542
DOR,K103N+P225H,K103N_P225H,3,25,722.2222222222222,29.72273469516893
DOR,K103N+P225H,K103N_P225H,3,30,861.1111111111111,29.982309855623125
DOR,K103N+P225H,K103N_P225H,3,35,1000.0,29.918240028814612
DOR,K103N+P225H,K103N_P225H,3,40,1138.888888888889,30.298539969634515
DOR,K103N+P225H,K103N_P225H,3,45,1277.7777777777778,29.696172498823618
DOR,K103N+P225H,K103N_P225H,3,50,1416.6666666666667,29.925551289090897
DOR,K103N+P225H,K103N_P225H,3,55,1555.5555555555557,29.69010610488615
DOR,K103N+P225H,K103N_P225H,3,60,1694.4444444444443,30.488586079021008
DOR,K103N+P225H,K103N_P225H,3,65,1833.3333333333333,29.80536342994438
DOR,K103N+P225H,K103N_P225H,3,70,1972.2222222222224,30.66479139924959
DOR,K103N+P225H,K103N_P225H,3,75,2111.1111111111113,30.00773164010458
DOR,K103N+P225H,K103N_P225H,3,80,2250.0,29.97295958991677
DOR,K103N+P225H,K103N_P225H,3,85,2388.8888888888887,30.22389715006858
DOR,K103N+P225H,K103N_P225H,3,90,2527.777777777778,29.66812932948783
DOR,K103N+P225H,K103N_P225H,3,95,2666.6666666666665,30.56109296756861
DOR,K103N+P225H,K103N_P225H,3,100,2805.5555555555557,30.016739623341778
DOR,K103N+P225H,K103N_P225H,3,105,2944.4444444444443,30.120486209399004
DOR,K103N+P225H,K103N_P225H,3,110,3083.3333333333335,29.897639945295076
DOR,K103N+P225H,K103N_P225H,3,115,3222.222222222222,30.301006488746797
DOR,K103N+P225H,K103N_P225H,3,120,3361.1111111111113,29.676546732287743
DOR,K103N+P225H,K103N_P225H,3,125,3500.0,30.48453251222702
DOR,K103N+P225H,K103N_P225H,3,130,3638.8888888888887,30.464697678046367
DOR,K103N+P225H,K103N_P225H,3,135,3777.777777777778,30.533236233377473
DOR,K103N+P225H,K103N_P225H,3,140,3916.6666666666665,30.496159628983612
DOR,K103N+P225H,K103N_P225H,3,145,4055.555555555556,30.620270094775847
DOR,K103N+P225H,K103N_P225H,3,150,4194.444444444444,30.52608403576213
DOR,K103N+P225H,K103N_P225H,3,155,4333.333333333333,30.07894590345076
DOR,K103N+P225H,K103N_P225H,3,160,4472.222222222223,30.88401304739547
DOR,K103N+P225H,K103N_P225H,3,165,4611.111111111111,30.60297166511968
DOR,K103N+P225H,K103N_P225H,3,170,4750.0,30.67217447440766
DOR,K103N+P225H,K103N_P225H,3,175,4888.888888888889,30.62172797391531
DOR,K103N+P225H,K103N_P225H,3,180,5027.777777777777,29.939894893940657
DOR,K103N+P225H,K103N_P225H,3,185,5166.666666666667,30.423512019239013
DOR,K103N+P225H,K103N_P225H,3,190,5305.555555555556,30.261502918993873
DOR,K103N+P225H,K103N_P225H,3,195,5444.444444444444,30.548581751634348
DOR,K103N+P225H,K103N_P225H,3,200,5583.333333333333,30.479347381121404
DOR,K103N+P225H,K103N_P225H,3,205,5722.222222222223,30.46839321051177
DOR,K103N+P225H,K103N_P225H,3,210,5861.111111111111,30.776728376802215
DOR,K103N+P225H,K103N_P225H,3,215,6000.0,30.505588480136336
DOR,K103N+P225H,K103N_P225H,3,220,6138.888888888889,29.666057991758453
DOR,K103N+P225H,K103N_P225H,3,225,6277.777777777777,29.956994925345025
DOR,K103N+P225H,K103N_P225H,3,230,6416.666666666667,29.99482094031882
DOR,K103N+P225H,K103N_P225H,3,235,6555.555555555556,30.794986398249367
DOR,K103N+P225H,K103N_P225H,3,240,6694.444444444444,30.230271023196263
DOR,K103N+P225H,K103N_P225H,3,245,6833.333333333333,30.250472840849117
DOR,K103N+P225H,K103N_P225H,3,250,6972.222222222223,30.75044570823951
DOR,K103N+P225H,K103N_P225H,3,255,7111.111111111111,29.926229083436493
DOR,K103N+P225H,K103N_P225H,3,260,7250.0,29.591574002095577
DOR,K103N+P225H,K103N_P225H,3,265,7388.888888888889,30.573163324938
DOR,K103N+P225H,K103N_P225H,3,270,7527.777777777777,30.156173124441292
DOR,K103N+P225H,K103N_P225H,3,275,7666.666666666667,30.872920609722076
DOR,K103N+P225H,K103N_P225H,3,280,7805.555555555556,30.531701662787945
DOR,K103N+P225H,K103N_P225H,3,285,7944.444444444444,29.845152731214927
DOR,K103N+P225H,K103N_P225H,3,290,8083.333333333333,29.780790968986388
DOR,K103N+P225H,K103N_P225H,3,295,8222.222222222223,30.159378479407817
DOR,K103N+P225H,K103N_P225H,3,300,8361.111111111111,30.11981405838943
DOR,K103N+P225H,K103N_P225H,3,305,8500.0,29.82592796608783
DOR,K103N+P225H,K103N_P225H,3,310,8638.888888888889,30.182635392406187
DOR,K103N+P225H,K103N_P225H,3,315,8777.777777777777,29.782909964118332
DOR,K103N+P225H,K103N_P225H,3,320,8916.666666666666,29.51519708793419
DOR,K103N+P225H,K103N_P225H,3,325,9055.555555555557,29.665473500793276
DOR,K103N+P225H,K103N_P225H,3,330,9194.444444444443,30.036672863712557
DOR,K103N+P225H,K103N_P225H,3,335,9333.333333333334,29.849561858655154
DOR,K103N+P225H,K103N_P225H,3,340,9472.222222222224,29.585505562929896
DOR,K103N+P225H,K103N_P225H,3,345,9611.111111111111,30.1262066664675
DOR,K103N+P225H,K103N_P225H,3,350,9750.0,29.53706273775631
DOR,K103N+P225H,K103N_P225H,3,355,9888.888888888889,29.97759254157231
DOR,K103N+M230L,K103N_M230L,1,0,27.77777777777778,31.00304832709583
DOR,K103N+M230L,K103N_M230L,1,5,166.66666666666666,30.39686187716513
DOR,K103N+M230L,K103N_M230L,1,10,305.55555555555554,30.752424597602797
DOR,K103N+M230L,K103N_M230L,1,15,444.44444444444446,30.57238692237618
DOR,K103N+M230L,K103N_M230L,1,20,583.3333333333334,30.360651672562145
DOR,K103N+M230L,K103N_M230L,1,25,722.2222222222222,30.235500194602636
DOR,K103N+M230L,K103N_M230L,1,30,861.1111111111111,30.213902995410713
DOR,K103N+M230L,K103N_M230L,1,35,1000.0,30.292359911901677
DOR,K103N+M230L,K103N_M230L,1,40,1138.888888888889,30.253590044615564
DOR,K103N+M230L,K103N_M230L,1,45,1277.7777777777778,29.813136633391597
DOR,K103N+M230L,K103N_M230L,1,50,1416.6666666666667,30.167468319405252
DOR,K103N+M230L,K103N_M230L,1,55,1555.5555555555557,30.12691568149444
DOR,K103N+M230L,K103N_M230L,1,60,1694.4444444444443,30.286008836228113
DOR,K103N+M230L,K103N_M230L,1,65,1833.3333333333333,30.1362266999043
DOR,K103N+M230L,K103N_M230L,1,70,1972.2222222222224,30.225370913270584
DOR,K103N+M230L,K103N_M230L,1,75,2111.1111111111113,30.802394333921963
DOR,K103N+M230L,K103N_M230L,1,80,2250.0,30.31406406717587
DOR,K103N+M230L,K103N_M230L,1,85,2388.8888888888887,30.48574510654581
DOR,K103N+M230L,K103N_M230L,1,90,2527.777777777778,29.87148012571762
DOR,K103N+M230L,K103N_M230L,1,95,2666.6666666666665,30.087579242236114
DOR,K103N+M230L,K103N_M230L,1,100,2805.5555555555557,30.371696378980285
DOR,K103N+M230L,K103N_M230L,1,105,2944.4444444444443,30.35923136549147
DOR,K103N+M230L,K103N_M230L,1,110,3083.3333333333335,30.70840231694595
DOR,K103N+M230L,K103N_M230L,1,115,3222.222222222222,30.58355639026972
DOR,K103N+M230L,K103N_M230L,1,120,3361.1111111111113,30.712283895730287
DOR,K103N+M230L,K103N_M230L,1,125,3500.0,30.657932897279768
DOR,K103N+M230L,K103N_M230L,1,130,3638.8888888888887,30.58811434472692
DOR,K103N+M230L,K103N_M230L,1,135,3777.777777777778,30.993284729373062
DOR,K103N+M230L,K103N_M230L,1,140,3916.6666666666665,30.616636272929277
DOR,K103N+M230L,K103N_M230L,1,145,4055.555555555556,30.18732939938653
DOR,K103N+M230L,K103N_M230L,1,150,4194.444444444444,30.774907735619287
DOR,K103N+M230L,K103N_M230L,1,155,4333.333333333333,30.90327256230131
DOR,K103N+M230L,K103N_M230L,1,160,4472.222222222223,30.91448210924727
DOR,K103N+M230L,K103N_M230L,1,165,4611.111111111111,30.773464926733272
DOR,K103N+M230L,K103N_M230L,1,170,4750.0,30.728362625988385
DOR,K103N+M230L,K103N_M230L,1,175,4888.888888888889,31.37420721069024
DOR,K103N+M230L,K103N_M230L,1,180,5027.777777777777,31.674947064728325
DOR,K103N+M230L,K103N_M230L,1,185,5166.666666666667,31.067340639747012
DOR,K103N+M230L,K103N_M230L,1,190,5305.555555555556,30.456419604721223
DOR,K103N+M230L,K103N_M230L,1,195,5444.444444444444,30.67639147992487
DOR,K103N+M230L,K103N_M230L,1,200,5583.333333333333,30.854496264900067
DOR,K103N+M230L,K103N_M230L,1,205,5722.222222222223,30.597793218142662
DOR,K103N+M230L,K103N_M230L,1,210,5861.111111111111,30.70195827058652
DOR,K103N+M230L,K103N_M230L,1,215,6000.0,30.35955871681168
DOR,K103N+M230L,K103N_M230L,1,220,6138.888888888889,30.586256294016287
DOR,K103N+M230L,K103N_M230L,1,225,6277.777777777777,31.052279849411544
DOR,K103N+M230L,K103N_M230L,1,230,6416.666666666667,30.951202867249155
DOR,K103N+M230L,K103N_M230L,1,235,6555.555555555556,30.590911376898124
DOR,K103N+M230L,K103N_M230L,1,240,6694.444444444444,30.586294974608386
DOR,K103N+M230L,K103N_M230L,1,245,6833.333333333333,31.183975193192424
DOR,K103N+M230L,K103N_M230L,1,250,6972.222222222223,30.51297726347989
DOR,K103N+M230L,K103N_M230L,1,255,7111.111111111111,30.994664322318492
DOR,K103N+M230L,K103N_M230L,1,260,7250.0,30.71934841109421
DOR,K103N+M230L,K103N_M230L,1,265,7388.888888888889,30.69524910373756
DOR,K103N+M230L,K103N_M230L,1,270,7527.777777777777,30.393913441331577
DOR,K103N+M230L,K103N_M230L,1,275,7666.666666666667,31.13843164966556
DOR,K103N+M230L,K103N_M230L,1,280,7805.555555555556,30.57807552185056
DOR,K103N+M230L,K103N_M230L,1,285,7944.444444444444,30.728159509767444
DOR,K103N+M230L,K103N_M230L,1,290,8083.333333333333,30.912387159558296
DOR,K103N+M230L,K103N_M230L,1,295,8222.222222222223,30.9944368648141
DOR,K103N+M230L,K103N_M230L,1,300,8361.111111111111,30.933487306218183
DOR,K103N+M230L,K103N_M230L,1,305,8500.0,30.746194097967745
DOR,K103N+M230L,K103N_M230L,1,310,8638.888888888889,30.694216265079007
DOR,K103N+M230L,K103N_M230L,1,315,8777.777777777777,31.230852030026984
DOR,K103N+M230L,K103N_M230L,1,320,8916.666666666666,30.59945272117327
DOR,K103N+M230L,K103N_M230L,1,325,9055.555555555557,30.801499653968637
DOR,K103N+M230L,K103N_M230L,1,330,9194.444444444443,30.819375754923236
DOR,K103N+M230L,K103N_M230L,1,335,9333.333333333334,30.999321721155027
DOR,K103N+M230L,K103N_M230L,1,340,9472.222222222224,30.885713301989902
DOR,K103N+M230L,K103N_M230L,1,345,9611.111111111111,30.43597964614492
DOR,K103N+M230L,K103N_M230L,1,350,9750.0,30.421580201990444
DOR,K103N+M230L,K103N_M230L,1,355,9888.888888888889,31.19737757826871
DOR,K103N+M230L,K103N_M230L,2,0,27.77777777777778,30.279190903960252
DOR,K103N+M230L,K103N_M230L,2,5,166.66666666666666,30.876032197936073
DOR,K103N+M230L,K103N_M230L,2,10,305.55555555555554,30.635200141393906
DOR,K103N+M230L,K103N_M230L,2,15,444.44444444444446,31.521468581512597
DOR,K103N+M230L,K103N_M230L,2,20,583.3333333333334,30.98343545286827
DOR,K103N+M230L,K103N_M230L,2,25,722.2222222222222,30.851176443067597
DOR,K103N+M230L,K103N_M230L,2,30,861.1111111111111,30.580972860212107
DOR,K103N+M230L,K103N_M230L,2,35,1000.0,30.97320985635611
DOR,K103N+M230L,K103N_M230L,2,40,1138.888888888889,30.795067078940537
DOR,K103N+M230L,K103N_M230L,2,45,1277.7777777777778,30.75873809612131
DOR,K103N+M230L,K103N_M230L,2,50,1416.6666666666667,31.609145930574236
DOR,K103N+M230L,K103N_M230L,2,55,1555.5555555555557,31.37354326476697
DOR,K103N+M230L,K103N_M230L,2,60,1694.4444444444443,30.868570717075468
DOR,K103N+M230L,K103N_M230L,2,65,1833.3333333333333,31.032779662278585
DOR,K103N+M230L,K103N_M230L,2,70,1972.2222222222224,30.617526011747263
DOR,K103N+M230L,K103N_M230L,2,75,2111.1111111111113,31.19949297751733
DOR,K103N+M230L,K103N_M230L,2,80,2250.0,30.758750360801223
DOR,K103N+M230L,K103N_M230L,2,85,2388.8888888888887,30.951642122298395
DOR,K103N+M230L,K103N_M230L,2,90,2527.777777777778,31.32561339167757
DOR,K103N+M230L,K103N_M230L,2,95,2666.6666666666665,31.25304848710172
DOR,K103N+M230L,K103N_M230L,2,100,2805.5555555555557,31.01436519943594
DOR,K103N+M230L,K103N_M230L,2,105,2944.4444444444443,30.86583388473711
DOR,K103N+M230L,K103N_M230L,2,110,3083.3333333333335,30.99308668458803
DOR,K103N+M230L,K103N_M230L,2,115,3222.222222222222,31.008345158684307
DOR,K103N+M230L,K103N_M230L,2,120,3361.1111111111113,30.777290211360626
DOR,K103N+M230L,K103N_M230L,2,125,3500.0,30.77777998383319
DOR,K103N+M230L,K103N_M230L,2,130,3638.8888888888887,31.005810586838024
DOR,K103N+M230L,K103N_M230L,2,135,3777.777777777778,30.82928805865148
DOR,K103N+M230L,K103N_M230L,2,140,3916.6666666666665,31.31884416998071
DOR,K103N+M230L,K103N_M230L,2,145,4055.555555555556,31.354416916853648
DOR,K103N+M230L,K103N_M230L,2,150,4194.444444444444,31.07012772786267
DOR,K103N+M230L,K103N_M230L,2,155,4333.333333333333,31.1381515731174
DOR,K103N+M230L,K103N_M230L,2,160,4472.222222222223,31.279192603578807
DOR,K103N+M230L,K103N_M230L,2,165,4611.111111111111,31.38421581771599
DOR,K103N+M230L,K103N_M230L,2,170,4750.0,31.299220755794657
DOR,K103N+M230L,K103N_M230L,2,175,4888.888888888889,31.439501201868534
DOR,K103N+M230L,K103N_M230L,2,180,5027.777777777777,31.1180626142286
DOR,K103N+M230L,K103N_M230L,2,185,5166.666666666667,31.273055920074533
DOR,K103N+M230L,K103N_M230L,2,190,5305.555555555556,31.306233046582676
DOR,K103N+M230L,K103N_M230L,2,195,5444.444444444444,31.502467251465458
DOR,K103N+M230L,K103N_M230L,2,200,5583.333333333333,31.25158534371916
DOR,K103N+M230L,K103N_M230L,2,205,5722.222222222223,31.30032461480339
DOR,K103N+M230L,K103N_M230L,2,210,5861.111111111111,31.16900082816336
DOR,K103N+M230L,K103N_M230L,2,215,6000.0,31.12470207565553
DOR,K103N+M230L,K103N_M230L,2,220,6138.888888888889,31.2585120770718
DOR,K103N+M230L,K103N_M230L,2,225,6277.777777777777,31.245261443785928
DOR,K103N+M230L,K103N_M230L,2,230,6416.666666666667,31.367272895315597
DOR,K103N+M230L,K103N_M230L,2,235,6555.555555555556,30.91198836174111
DOR,K103N+M230L,K103N_M230L,2,240,6694.444444444444,31.05590927241598
DOR,K103N+M230L,K103N_M230L,2,245,6833.333333333333,31.194470268494417
DOR,K103N+M230L,K103N_M230L,2,250,6972.222222222223,31.512667761334157
DOR,K103N+M230L,K103N_M230L,2,255,7111.111111111111,31.42368624982738
DOR,K103N+M230L,K103N_M230L,2,260,7250.0,30.83560092986857
DOR,K103N+M230L,K103N_M230L,2,265,7388.888888888889,31.0056462339988
DOR,K103N+M230L,K103N_M230L,2,270,7527.777777777777,30.995607159846156
DOR,K103N+M230L,K103N_M230L,2,275,7666.666666666667,31.243819779120912
DOR,K103N+M230L,K103N_M230L,2,280,7805.555555555556,31.04825671437672
DOR,K103N+M230L,K103N_M230L,2,285,7944.444444444444,31.210078262186332
DOR,K103N+M230L,K103N_M230L,2,290,8083.333333333333,30.91268411201307
DOR,K103N+M230L,K103N_M230L,2,295,8222.222222222223,31.40911625062225
DOR,K103N+M230L,K103N_M230L,2,300,8361.111111111111,31.08669911179429
DOR,K103N+M230L,K103N_M230L,2,305,8500.0,30.867698638872746
DOR,K103N+M230L,K103N_M230L,2,310,8638.888888888889,31.069356497869464
DOR,K103N+M230L,K103N_M230L,2,315,8777.777777777777,30.55329007451476
DOR,K103N+M230L,K103N_M230L,2,320,8916.666666666666,31.317570969578146
DOR,K103N+M230L,K103N_M230L,2,325,9055.555555555557,30.75513135258202
DOR,K103N+M230L,K103N_M230L,2,330,9194.444444444443,30.569131408716267
DOR,K103N+M230L,K103N_M230L,2,335,9333.333333333334,31.500163296120864
DOR,K103N+M230L,K103N_M230L,2,340,9472.222222222224,31.08704621468923
DOR,K103N+M230L,K103N_M230L,2,345,9611.111111111111,31.20761211925192
DOR,K103N+M230L,K103N_M230L,2,350,9750.0,30.51165378318803
DOR,K103N+M230L,K103N_M230L,2,355,9888.888888888889,31.04437746576687
DOR,K103N+M230L,K103N_M230L,3,0,27.77777777777778,30.48281248935917
DOR,K103N+M230L,K103N_M230L,3,5,166.66666666666666,30.0324395719564
DOR,K103N+M230L,K103N_M230L,3,10,305.55555555555554,30.432512944608135
DOR,K103N+M230L,K103N_M230L,3,15,444.44444444444446,30.28061714149877
DOR,K103N+M230L,K103N_M230L,3,20,583.3333333333334,29.768184234730768
DOR,K103N+M230L,K103N_M230L,3,25,722.2222222222222,29.638706145770193
DOR,K103N+M230L,K103N_M230L,3,30,861.1111111111111,30.063966660703713
DOR,K103N+M230L,K103N_M230L,3,35,1000.0,29.872098365517004
DOR,K103N+M230L,K103N_M230L,3,40,1138.888888888889,30.0945945611888
DOR,K103N+M230L,K103N_M230L,3,45,1277.7777777777778,30.159057049296862
DOR,K103N+M230L,K103N_M230L,3,50,1416.6666666666667,29.84670626296578
DOR,K103N+M230L,K103N_M230L,3,55,1555.5555555555557,30.106677957434957
DOR,K103N+M230L,K103N_M230L,3,60,1694.4444444444443,30.907669024873197
DOR,K103N+M230L,K103N_M230L,3,65,1833.3333333333333,29.926143259968352
DOR,K103N+M230L,K103N_M230L,3,70,1972.2222222222224,30.19751839130593
DOR,K103N+M230L,K103N_M230L,3,75,2111.1111111111113,30.523007360440772
DOR,K103N+M230L,K103N_M230L,3,80,2250.0,30.240582356950902
DOR,K103N+M230L,K103N_M230L,3,85,2388.8888888888887,30.506493662241127
DOR,K103N+M230L,K103N_M230L,3,90,2527.777777777778,30.6426925112126
DOR,K103N+M230L,K103N_M230L,3,95,2666.6666666666665,30.1289756795786
DOR,K103N+M230L,K103N_M230L,3,100,2805.5555555555557,30.53466854253935
DOR,K103N+M230L,K103N_M230L,3,105,2944.4444444444443,30.79149573780279
DOR,K103N+M230L,K103N_M230L,3,110,3083.3333333333335,30.48304714572379
DOR,K103N+M230L,K103N_M230L,3,115,3222.222222222222,30.884477358297957
DOR,K103N+M230L,K103N_M230L,3,120,3361.1111111111113,30.563411390924255
DOR,K103N+M230L,K103N_M230L,3,125,3500.0,30.93844653299392
DOR,K103N+M230L,K103N_M230L,3,130,3638.8888888888887,30.20247110116853
DOR,K103N+M230L,K103N_M230L,3,135,3777.777777777778,30.34783971343366
DOR,K103N+M230L,K103N_M230L,3,140,3916.6666666666665,30.20466658479953
DOR,K103N+M230L,K103N_M230L,3,145,4055.555555555556,30.209656618944464
DOR,K103N+M230L,K103N_M230L,3,150,4194.444444444444,30.76175369176281
DOR,K103N+M230L,K103N_M230L,3,155,4333.333333333333,30.744565737418213
DOR,K103N+M230L,K103N_M230L,3,160,4472.222222222223,30.7597158235138
DOR,K103N+M230L,K103N_M230L,3,165,4611.111111111111,30.85477682853603
DOR,K103N+M230L,K103N_M230L,3,170,4750.0,30.906447084330416
DOR,K103N+M230L,K103N_M230L,3,175,4888.888888888889,30.426662906584344
DOR,K103N+M230L,K103N_M230L,3,180,5027.777777777777,30.78175840105456
DOR,K103N+M230L,K103N_M230L,3,185,5166.666666666667,30.473421665258417
DOR,K103N+M230L,K103N_M230L,3,190,5305.555555555556,30.68729181711085
DOR,K103N+M230L,K103N_M230L,3,195,5444.444444444444,30.820646608910383
DOR,K103N+M230L,K103N_M230L,3,200,5583.333333333333,30.126989253507467
DOR,K103N+M230L,K103N_M230L,3,205,5722.222222222223,30.99921833815843
DOR,K103N+M230L,K103N_M230L,3,210,5861.111111111111,30.706138699965475
DOR,K103N+M230L,K103N_M230L,3,215,6000.0,31.22667784312568
DOR,K103N+M230L,K103N_M230L,3,220,6138.888888888889,31.179115974352538
DOR,K103N+M230L,K103N_M230L,3,225,6277.777777777777,30.489877186630594
DOR,K103N+M230L,K103N_M230L,3,230,6416.666666666667,30.7543281605074
DOR,K103N+M230L,K103N_M230L,3,235,6555.555555555556,30.478862132850377
DOR,K103N+M230L,K103N_M230L,3,240,6694.444444444444,30.411038781527846
DOR,K103N+M230L,K103N_M230L,3,245,6833.333333333333,30.707430586971903
DOR,K103N+M230L,K103N_M230L,3,250,6972.222222222223,30.56882090458629
DOR,K103N+M230L,K103N_M230L,3,255,7111.111111111111,30.33853712922319
DOR,K103N+M230L,K103N_M230L,3,260,7250.0,31.415469396145987
DOR,K103N+M230L,K103N_M230L,3,265,7388.888888888889,30.80996478470564
DOR,K103N+M230L,K103N_M230L,3,270,7527.777777777777,31.069781802628935
DOR,K103N+M230L,K103N_M230L,3,275,7666.666666666667,30.664997851383532
DOR,K103N+M230L,K103N_M230L,3,280,7805.555555555556,30.888002124405247
DOR,K103N+M230L,K103N_M230L,3,285,7944.444444444444,29.59780256822101
DOR,K103N+M230L,K103N_M230L,3,290,8083.333333333333,30.561410867814853
DOR,K103N+M230L,K103N_M230L,3,295,8222.222222222223,30.328794872169876
DOR,K103N+M230L,K103N_M230L,3,300,8361.111111111111,29.87940100369036
DOR,K103N+M230L,K103N_M230L,3,305,8500.0,30.04936166392243
DOR,K103N+M230L,K103N_M230L,3,310,8638.888888888889,30.222755862866855
DOR,K103N+M230L,K103N_M230L,3,315,8777.777777777777,30.32469197366787
DOR,K103N+M230L,K103N_M230L,3,320,8916.666666666666,30.73173037297455
DOR,K103N+M230L,K103N_M230L,3,325,9055.555555555557,30.643198825373105
DOR,K103N+M230L,K103N_M230L,3,330,9194.444444444443,30.082758729219048
DOR,K103N+M230L,K103N_M230L,3,335,9333.333333333334,30.3472776263509
DOR,K103N+M230L,K103N_M230L,3,340,9472.222222222224,30.51817312202873
DOR,K103N+M230L,K103N_M230L,3,345,9611.111111111111,30.129484957839093
DOR,K103N+M230L,K103N_M230L,3,350,9750.0,30.41472053686041
DOR,K103N+M230L,K103N_M230L,3,355,9888.888888888889,30.483293225412417
DOR,V106A+P225H,V106A_P225H,1,0,27.77777777777778,30.163357652445317
DOR,V106A+P225H,V106A_P225H,1,5,166.66666666666666,29.838432098193532
DOR,V106A+P225H,V106A_P225H,1,10,305.55555555555554,30.040967365199247
DOR,V106A+P225H,V106A_P225H,1,15,444.44444444444446,30.34217883532496
DOR,V106A+P225H,V106A_P225H,1,20,583.3333333333334,30.652195456641863
DOR,V106A+P225H,V106A_P225H,1,25,722.2222222222222,30.531088063266505
DOR,V106A+P225H,V106A_P225H,1,30,861.1111111111111,30.655243705715534
DOR,V106A+P225H,V106A_P225H,1,35,1000.0,30.76422331876592
DOR,V106A+P225H,V106A_P225H,1,40,1138.888888888889,30.695502036454833
DOR,V106A+P225H,V106A_P225H,1,45,1277.7777777777778,30.96211897175372
DOR,V106A+P225H,V106A_P225H,1,50,1416.6666666666667,30.760160058198803
DOR,V106A+P225H,V106A_P225H,1,55,1555.5555555555557,31.043679164695178
DOR,V106A+P225H,V106A_P225H,1,60,1694.4444444444443,30.4764250980776
DOR,V106A+P225H,V106A_P225H,1,65,1833.3333333333333,30.612973334810963
DOR,V106A+P225H,V106A_P225H,1,70,1972.2222222222224,30.772946952636385
DOR,V106A+P225H,V106A_P225H,1,75,2111.1111111111113,30.494618867264823
DOR,V106A+P225H,V106A_P225H,1,80,2250.0,30.582090891295294
DOR,V106A+P225H,V106A_P225H,1,85,2388.8888888888887,30.600186124312877
DOR,V106A+P225H,V106A_P225H,1,90,2527.777777777778,30.71714065777143
DOR,V106A+P225H,V106A_P225H,1,95,2666.6666666666665,30.930448955486423
DOR,V106A+P225H,V106A_P225H,1,100,2805.5555555555557,30.675533732428256
DOR,V106A+P225H,V106A_P225H,1,105,2944.4444444444443,30.94690986179778
DOR,V106A+P225H,V106A_P225H,1,110,3083.3333333333335,30.66497336527757
DOR,V106A+P225H,V106A_P225H,1,115,3222.222222222222,30.209127025553347
DOR,V106A+P225H,V106A_P225H,1,120,3361.1111111111113,30.43016916811194
DOR,V106A+P225H,V106A_P225H,1,125,3500.0,30.77338238052198
DOR,V106A+P225H,V106A_P225H,1,130,3638.8888888888887,30.63568313565089
DOR,V106A+P225H,V106A_P225H,1,135,3777.777777777778,31.074020620572924
DOR,V106A+P225H,V106A_P225H,1,140,3916.6666666666665,30.156969905429065
DOR,V106A+P225H,V106A_P225H,1,145,4055.555555555556,30.54236735570076
DOR,V106A+P225H,V106A_P225H,1,150,4194.444444444444,31.03383288540566
DOR,V106A+P225H,V106A_P225H,1,155,4333.333333333333,30.54867277923745
DOR,V106A+P225H,V106A_P225H,1,160,4472.222222222223,30.93871151940394
DOR,V106A+P225H,V106A_P225H,1,165,4611.111111111111,31.069062109052307
DOR,V106A+P225H,V106A_P225H,1,170,4750.0,31.140900850030516
DOR,V106A+P225H,V106A_P225H,1,175,4888.888888888889,30.637709015632616
DOR,V106A+P225H,V106A_P225H,1,180,5027.777777777777,31.03271256772245
DOR,V106A+P225H,V106A_P225H,1,185,5166.666666666667,30.527827280754064
DOR,V106A+P225H,V106A_P225H,1,190,5305.555555555556,31.029769157958615
DOR,V106A+P225H,V106A_P225H,1,195,5444.444444444444,31.49206137016536
DOR,V106A+P225H,V106A_P225H,1,200,5583.333333333333,31.300829972474215
DOR,V106A+P225H,V106A_P225H,1,205,5722.222222222223,30.860625897171836
DOR,V106A+P225H,V106A_P225H,1,210,5861.111111111111,30.601268208553087
DOR,V106A+P225H,V106A_P225H,1,215,6000.0,30.77904022179396
DOR,V106A+P225H,V106A_P225H,1,220,6138.888888888889,30.81182991155236
DOR,V106A+P225H,V106A_P225H,1,225,6277.777777777777,30.856746559862373
DOR,V106A+P225H,V106A_P225H,1,230,6416.666666666667,30.521082236617023
DOR,V106A+P225H,V106A_P225H,1,235,6555.555555555556,31.218909009952625
DOR,V106A+P225H,V106A_P225H,1,240,6694.444444444444,30.787300962965183
DOR,V106A+P225H,V106A_P225H,1,245,6833.333333333333,31.1438168263187
DOR,V106A+P225H,V106A_P225H,1,250,6972.222222222223,31.148378739284396
DOR,V106A+P225H,V106A_P225H,1,255,7111.111111111111,31.20616480378318
DOR,V106A+P225H,V106A_P225H,1,260,7250.0,30.94181357608573
DOR,V106A+P225H,V106A_P225H,1,265,7388.888888888889,31.379534643310112
DOR,V106A+P225H,V106A_P225H,1,270,7527.777777777777,30.93423502203691
DOR,V106A+P225H,V106A_P225H,1,275,7666.666666666667,30.650081973867636
DOR,V106A+P225H,V106A_P225H,1,280,7805.555555555556,30.899687151038076
DOR,V106A+P225H,V106A_P225H,1,285,7944.444444444444,30.955257607328345
DOR,V106A+P225H,V106A_P225H,1,290,8083.333333333333,30.423150260878167
DOR,V106A+P225H,V106A_P225H,1,295,8222.222222222223,30.527272360403128
DOR,V106A+P225H,V106A_P225H,1,300,8361.111111111111,30.879936102477707
DOR,V106A+P225H,V106A_P225H,1,305,8500.0,30.60945346955079
DOR,V106A+P225H,V106A_P225H,1,310,8638.888888888889,30.561414201433667
DOR,V106A+P225H,V106A_P225H,1,315,8777.777777777777,30.439655968918387
DOR,V106A+P225H,V106A_P225H,1,320,8916.666666666666,31.196399455487132
DOR,V106A+P225H,V106A_P225H,1,325,9055.555555555557,31.471997354540832
DOR,V106A+P225H,V106A_P225H,1,330,9194.444444444443,31.024535111683136
DOR,V106A+P225H,V106A_P225H,1,335,9333.333333333334,30.603946696565085
DOR,V106A+P225H,V106A_P225H,1,340,9472.222222222224,30.421226458250224
DOR,V106A+P225H,V106A_P225H,1,345,9611.111111111111,30.805490090270805
DOR,V106A+P225H,V106A_P225H,1,350,9750.0,30.70058430871296
DOR,V106A+P225H,V106A_P225H,1,355,9888.888888888889,30.562213028492003
DOR,V106A+P225H,V106A_P225H,2,0,27.77777777777778,30.103849040455195
DOR,V106A+P225H,V106A_P225H,2,5,166.66666666666666,29.756911383355767
DOR,V106A+P225H,V106A_P225H,2,10,305.55555555555554,29.523931042163092
DOR,V106A+P225H,V106A_P225H,2,15,444.44444444444446,30.99381591645261
DOR,V106A+P225H,V106A_P225H,2,20,583.3333333333334,30.99305422681489
DOR,V106A+P225H,V106A_P225H,2,25,722.2222222222222,30.7478952032653
DOR,V106A+P225H,V106A_P225H,2,30,861.1111111111111,30.536434727267338
DOR,V106A+P225H,V106A_P225H,2,35,1000.0,30.475081984965406
DOR,V106A+P225H,V106A_P225H,2,40,1138.888888888889,30.60431943465209
DOR,V106A+P225H,V106A_P225H,2,45,1277.7777777777778,30.386913321286
DOR,V106A+P225H,V106A_P225H,2,50,1416.6666666666667,30.790639344810803
DOR,V106A+P225H,V106A_P225H,2,55,1555.5555555555557,30.05084158433591
DOR,V106A+P225H,V106A_P225H,2,60,1694.4444444444443,30.314739251817844
DOR,V106A+P225H,V106A_P225H,2,65,1833.3333333333333,30.26472862439159
DOR,V106A+P225H,V106A_P225H,2,70,1972.2222222222224,30.1433066774911
DOR,V106A+P225H,V106A_P225H,2,75,2111.1111111111113,30.481904594877317
DOR,V106A+P225H,V106A_P225H,2,80,2250.0,30.349341502162165
DOR,V106A+P225H,V106A_P225H,2,85,2388.8888888888887,29.98691972762543
DOR,V106A+P225H,V106A_P225H,2,90,2527.777777777778,30.586394273087652
DOR,V106A+P225H,V106A_P225H,2,95,2666.6666666666665,30.460059223083626
DOR,V106A+P225H,V106A_P225H,2,100,2805.5555555555557,30.773160863968
DOR,V106A+P225H,V106A_P225H,2,105,2944.4444444444443,30.576979862675785
DOR,V106A+P225H,V106A_P225H,2,110,3083.3333333333335,30.772849781731797
DOR,V106A+P225H,V106A_P225H,2,115,3222.222222222222,30.63611776091189
DOR,V106A+P225H,V106A_P225H,2,120,3361.1111111111113,30.33426822822536
DOR,V106A+P225H,V106A_P225H,2,125,3500.0,30.435874155324573
DOR,V106A+P225H,V106A_P225H,2,130,3638.8888888888887,31.022122462789056
DOR,V106A+P225H,V106A_P225H,2,135,3777.777777777778,30.567329165821377
DOR,V106A+P225H,V106A_P225H,2,140,3916.6666666666665,30.44783018398912
DOR,V106A+P225H,V106A_P225H,2,145,4055.555555555556,30.19747222137032
DOR,V106A+P225H,V106A_P225H,2,150,4194.444444444444,30.283387327596554
DOR,V106A+P225H,V106A_P225H,2,155,4333.333333333333,30.59206296974418
DOR,V106A+P225H,V106A_P225H,2,160,4472.222222222223,30.137704515093255
DOR,V106A+P225H,V106A_P225H,2,165,4611.111111111111,30.63960440779428
DOR,V106A+P225H,V106A_P225H,2,170,4750.0,30.3969498362804
DOR,V106A+P225H,V106A_P225H,2,175,4888.888888888889,29.988414623201542
DOR,V106A+P225H,V106A_P225H,2,180,5027.777777777777,30.08427938406004
DOR,V106A+P225H,V106A_P225H,2,185,5166.666666666667,29.96195111668791
DOR,V106A+P225H,V106A_P225H,2,190,5305.555555555556,30.266508009304655
DOR,V106A+P225H,V106A_P225H,2,195,5444.444444444444,30.06058108140883
DOR,V106A+P225H,V106A_P225H,2,200,5583.333333333333,29.900129312030614
DOR,V106A+P225H,V106A_P225H,2,205,5722.222222222223,30.674591380056555
DOR,V106A+P225H,V106A_P225H,2,210,5861.111111111111,30.24349480396199
DOR,V106A+P225H,V106A_P225H,2,215,6000.0,30.477511676817716
DOR,V106A+P225H,V106A_P225H,2,220,6138.888888888889,30.460772932265407
DOR,V106A+P225H,V106A_P225H,2,225,6277.777777777777,30.587653819538595
DOR,V106A+P225H,V106A_P225H,2,230,6416.666666666667,31.519586184620422
DOR,V106A+P225H,V106A_P225H,2,235,6555.555555555556,31.311599170060138
DOR,V106A+P225H,V106A_P225H,2,240,6694.444444444444,30.43597338850313
DOR,V106A+P225H,V106A_P225H,2,245,6833.333333333333,30.60682604771222
DOR,V106A+P225H,V106A_P225H,2,250,6972.222222222223,30.23671620032896
DOR,V106A+P225H,V106A_P225H,2,255,7111.111111111111,30.71274198747253
DOR,V106A+P225H,V106A_P225H,2,260,7250.0,30.682307323951072
DOR,V106A+P225H,V106A_P225H,2,265,7388.888888888889,30.975712664198408
DOR,V106A+P225H,V106A_P225H,2,270,7527.777777777777,30.611198510343236
DOR,V106A+P225H,V106A_P225H,2,275,7666.666666666667,30.98244126833202
DOR,V106A+P225H,V106A_P225H,2,280,7805.555555555556,31.136851036062705
DOR,V106A+P225H,V106A_P225H,2,285,7944.444444444444,31.062589952978083
DOR,V106A+P225H,V106A_P225H,2,290,8083.333333333333,30.962101462865473
DOR,V106A+P225H,V106A_P225H,2,295,8222.222222222223,31.249154884924828
DOR,V106A+P225H,V106A_P225H,2,300,8361.111111111111,30.670705681615654
DOR,V106A+P225H,V106A_P225H,2,305,8500.0,31.189648893497154
DOR,V106A+P225H,V106A_P225H,2,310,8638.888888888889,30.891007433389408
DOR,V106A+P225H,V106A_P225H,2,315,8777.777777777777,31.097257141484015
DOR,V106A+P225H,V106A_P225H,2,320,8916.666666666666,30.521129887026916
DOR,V106A+P225H,V106A_P225H,2,325,9055.555555555557,30.700248970690556
DOR,V106A+P225H,V106A_P225H,2,330,9194.444444444443,30.948807361795936
DOR,V106A+P225H,V106A_P225H,2,335,9333.333333333334,31.47970379238461
DOR,V106A+P225H,V106A_P225H,2,340,9472.222222222224,30.87536898482095
DOR,V106A+P225H,V106A_P225H,2,345,9611.111111111111,31.43500719321076
DOR,V106A+P225H,V106A_P225H,2,350,9750.0,30.669464083532898
DOR,V106A+P225H,V106A_P225H,2,355,9888.888888888889,30.53891952107829
DOR,V106A+P225H,V106A_P225H,3,0,27.77777777777778,30.19578866503393
DOR,V106A+P225H,V106A_P225H,3,5,166.66666666666666,30.835211030413344
DOR,V106A+P225H,V106A_P225H,3,10,305.55555555555554,30.642372231178975
DOR,V106A+P225H,V106A_P225H,3,15,444.44444444444446,30.54220569998362
DOR,V106A+P225H,V106A_P225H,3,20,583.3333333333334,30.39239907651833
DOR,V106A+P225H,V106A_P225H,3,25,722.2222222222222,30.837951883726316
DOR,V106A+P225H,V106A_P225H,3,30,861.1111111111111,31.295742287278305
DOR,V106A+P225H,V106A_P225H,3,35,1000.0,31.295708851535395
DOR,V106A+P225H,V106A_P225H,3,40,1138.888888888889,30.821879262211127
DOR,V106A+P225H,V106A_P225H,3,45,1277.7777777777778,30.524273542882543
DOR,V106A+P225H,V106A_P225H,3,50,1416.6666666666667,30.539152579107597
DOR,V106A+P225H,V106A_P225H,3,55,1555.5555555555557,31.045766995299964
DOR,V106A+P225H,V106A_P225H,3,60,1694.4444444444443,30.605053481157924
DOR,V106A+P225H,V106A_P225H,3,65,1833.3333333333333,30.821817249435213
DOR,V106A+P225H,V106A_P225H,3,70,1972.2222222222224,30.109497883188443
DOR,V106A+P225H,V106A_P225H,3,75,2111.1111111111113,30.511122188405423
DOR,V106A+P225H,V106A_P225H,3,80,2250.0,30.6531421220862
DOR,V106A+P225H,V106A_P225H,3,85,2388.8888888888887,30.886367570965717
DOR,V106A+P225H,V106A_P225H,3,90,2527.777777777778,30.61034058226059
DOR,V106A+P225H,V106A_P225H,3,95,2666.6666666666665,30.282768864750302
DOR,V106A+P225H,V106A_P225H,3,100,2805.5555555555557,30.05116696887097
DOR,V106A+P225H,V106A_P225H,3,105,2944.4444444444443,30.12803481661921
DOR,V106A+P225H,V106A_P225H,3,110,3083.3333333333335,29.75901365766125
DOR,V106A+P225H,V106A_P225H,3,115,3222.222222222222,30.726659953816913
DOR,V106A+P225H,V106A_P225H,3,120,3361.1111111111113,30.27343603033749
DOR,V106A+P225H,V106A_P225H,3,125,3500.0,29.96400610520077
DOR,V106A+P225H,V106A_P225H,3,130,3638.8888888888887,30.492375887273894
DOR,V106A+P225H,V106A_P225H,3,135,3777.777777777778,30.40414992499156
DOR,V106A+P225H,V106A_P225H,3,140,3916.6666666666665,30.53670667764621
DOR,V106A+P225H,V106A_P225H,3,145,4055.555555555556,30.83171286282911
DOR,V106A+P225H,V106A_P225H,3,150,4194.444444444444,30.374829663236664
DOR,V106A+P225H,V106A_P225H,3,155,4333.333333333333,30.23759228237143
DOR,V106A+P225H,V106A_P225H,3,160,4472.222222222223,30.827384977862785
DOR,V106A+P225H,V106A_P225H,3,165,4611.111111111111,31.168370060600697
DOR,V106A+P225H,V106A_P225H,3,170,4750.0,31.11104633905477
DOR,V106A+P225H,V106A_P225H,3,175,4888.888888888889,31.032036574473484
DOR,V106A+P225H,V106A_P225H,3,180,5027.777777777777,31.229142331733115
DOR,V106A+P225H,V106A_P225H,3,185,5166.666666666667,30.897583068176733
DOR,V106A+P225H,V106A_P225H,3,190,5305.555555555556,30.67506908866315
DOR,V106A+P225H,V106A_P225H,3,195,5444.444444444444,30.85311685675456
DOR,V106A+P225H,V106A_P225H,3,200,5583.333333333333,30.405551937629845
DOR,V106A+P225H,V106A_P225H,3,205,5722.222222222223,30.880806671527367
DOR,V106A+P225H,V106A_P225H,3,210,5861.111111111111,30.58579737769088
DOR,V106A+P225H,V106A_P225H,3,215,6000.0,30.52966567687602
DOR,V106A+P225H,V106A_P225H,3,220,6138.888888888889,31.037534301793304
DOR,V106A+P225H,V106A_P225H,3,225,6277.777777777777,31.2338038997813
DOR,V106A+P225H,V106A_P225H,3,230,6416.666666666667,30.24655443282569
DOR,V106A+P225H,V106A_P225H,3,235,6555.555555555556,30.89596902295139
DOR,V106A+P225H,V106A_P225H,3,240,6694.444444444444,30.582836649326865
DOR,V106A+P225H,V106A_P225H,3,245,6833.333333333333,30.36653727648452
DOR,V106A+P225H,V106A_P225H,3,250,6972.222222222223,31.133134757102138
DOR,V106A+P225H,V106A_P225H,3,255,7111.111111111111,30.690090965152468
DOR,V106A+P225H,V106A_P225H,3,260,7250.0,31.103731762413943
DOR,V106A+P225H,V106A_P225H,3,265,7388.888888888889,30.49477289196244
DOR,V106A+P225H,V106A_P225H,3,270,7527.777777777777,30.223132256011542
DOR,V106A+P225H,V106A_P225H,3,275,7666.666666666667,31.00812226705829
DOR,V106A+P225H,V106A_P225H,3,280,7805.555555555556,30.65575389765478
DOR,V106A+P225H,V106A_P225H,3,285,7944.444444444444,30.80878600961417
DOR,V106A+P225H,V106A_P225H,3,290,8083.333333333333,31.29825070409228
DOR,V106A+P225H,V106A_P225H,3,295,8222.222222222223,30.908969742447873
DOR,V106A+P225H,V106A_P225H,3,300,8361.111111111111,30.690204553132688
DOR,V106A+P225H,V106A_P225H,3,305,8500.0,31.151344969536535
DOR,V106A+P225H,V106A_P225H,3,310,8638.888888888889,30.31248873707239
DOR,V106A+P225H,V106A_P225H,3,315,8777.777777777777,30.749927584673003
DOR,V106A+P225H,V106A_P225H,3,320,8916.666666666666,30.89309498771824
DOR,V106A+P225H,V106A_P225H,3,325,9055.555555555557,31.188098611377978
DOR,V106A+P225H,V106A_P225H,3,330,9194.444444444443,30.663395717149417
DOR,V106A+P225H,V106A_P225H,3,335,9333.333333333334,30.675816361879697
DOR,V106A+P225H,V106A_P225H,3,340,9472.222222222224,29.870839349746095
DOR,V106A+P225H,V106A_P225H,3,345,9611.111111111111,30.287189253538333
DOR,V106A+P225H,V106A_P225H,3,350,9750.0,30.53714512032002
DOR,V106A+P225H,V106A_P225H,3,355,9888.888888888889,30.487086119174744
DOR,V106A+F227L,V106A_F227L,1,0,27.77777777777778,30.5593496670986
DOR,V106A+F227L,V106A_F227L,1,5,166.66666666666666,30.415477345269487
DOR,V106A+F227L,V106A_F227L,1,10,305.55555555555554,30.32414816086326
DOR,V106A+F227L,V106A_F227L,1,15,444.44444444444446,30.319003803069915
DOR,V106A+F227L,V106A_F227L,1,20,583.3333333333334,30.72274677735663
DOR,V106A+F227L,V106A_F227L,1,25,722.2222222222222,30.03426763583787
DOR,V106A+F227L,V106A_F227L,1,30,861.1111111111111,30.581439725025326
DOR,V106A+F227L,V106A_F227L,1,35,1000.0,30.54996136475
DOR,V106A+F227L,V106A_F227L,1,40,1138.888888888889,30.311672082471432
DOR,V106A+F227L,V106A_F227L,1,45,1277.7777777777778,30.376656821944163
DOR,V106A+F227L,V106A_F227L,1,50,1416.6666666666667,31.13793999201141
DOR,V106A+F227L,V106A_F227L,1,55,1555.5555555555557,30.30851148038491
DOR,V106A+F227L,V106A_F227L,1,60,1694.4444444444443,30.992309945699752
DOR,V106A+F227L,V106A_F227L,1,65,1833.3333333333333,30.664046960658027
DOR,V106A+F227L,V106A_F227L,1,70,1972.2222222222224,30.55077839772843
DOR,V106A+F227L,V106A_F227L,1,75,2111.1111111111113,30.51908210121918
DOR,V106A+F227L,V106A_F227L,1,80,2250.0,30.43365034509408
DOR,V106A+F227L,V106A_F227L,1,85,2388.8888888888887,30.704665864882195
DOR,V106A+F227L,V106A_F227L,1,90,2527.777777777778,30.861738233801447
DOR,V106A+F227L,V106A_F227L,1,95,2666.6666666666665,30.934101752789747
DOR,V106A+F227L,V106A_F227L,1,100,2805.5555555555557,31.503288101147405
DOR,V106A+F227L,V106A_F227L,1,105,2944.4444444444443,30.90853984496913
DOR,V106A+F227L,V106A_F227L,1,110,3083.3333333333335,30.931262447691513
DOR,V106A+F227L,V106A_F227L,1,115,3222.222222222222,31.357849292778063
DOR,V106A+F227L,V106A_F227L,1,120,3361.1111111111113,31.049329504506915
DOR,V106A+F227L,V106A_F227L,1,125,3500.0,31.75380137608102
DOR,V106A+F227L,V106A_F227L,1,130,3638.8888888888887,31.143053485424925
DOR,V106A+F227L,V106A_F227L,1,135,3777.777777777778,31.060721050455875
DOR,V106A+F227L,V106A_F227L,1,140,3916.6666666666665,30.9955660285485
DOR,V106A+F227L,V106A_F227L,1,145,4055.555555555556,31.254740009801132
DOR,V106A+F227L,V106A_F227L,1,150,4194.444444444444,30.618269777674666
DOR,V106A+F227L,V106A_F227L,1,155,4333.333333333333,30.70766714789167
DOR,V106A+F227L,V106A_F227L,1,160,4472.222222222223,30.507478788838263
DOR,V106A+F227L,V106A_F227L,1,165,4611.111111111111,30.705672350922065
DOR,V106A+F227L,V106A_F227L,1,170,4750.0,30.668117171770348
DOR,V106A+F227L,V106A_F227L,1,175,4888.888888888889,30.45683529790269
DOR,V106A+F227L,V106A_F227L,1,180,5027.777777777777,30.617085802570283
DOR,V106A+F227L,V106A_F227L,1,185,5166.666666666667,30.52172449924924
DOR,V106A+F227L,V106A_F227L,1,190,5305.555555555556,30.969798911425013
DOR,V106A+F227L,V106A_F227L,1,195,5444.444444444444,31.196752359675543
DOR,V106A+F227L,V106A_F227L,1,200,5583.333333333333,30.508197129895695
DOR,V106A+F227L,V106A_F227L,1,205,5722.222222222223,30.843009298965814
DOR,V106A+F227L,V106A_F227L,1,210,5861.111111111111,30.801222750942088
DOR,V106A+F227L,V106A_F227L,1,215,6000.0,30.77221024894567
DOR,V106A+F227L,V106A_F227L,1,220,6138.888888888889,30.948337602467664
DOR,V106A+F227L,V106A_F227L,1,225,6277.777777777777,31.36106409846584
DOR,V106A+F227L,V106A_F227L,1,230,6416.666666666667,31.207353715192255
DOR,V106A+F227L,V106A_F227L,1,235,6555.555555555556,30.758954497482904
DOR,V106A+F227L,V106A_F227L,1,240,6694.444444444444,30.910077285879467
DOR,V106A+F227L,V106A_F227L,1,245,6833.333333333333,31.113588531896692
DOR,V106A+F227L,V106A_F227L,1,250,6972.222222222223,30.501599762940284
DOR,V106A+F227L,V106A_F227L,1,255,7111.111111111111,31.563643418985446
DOR,V106A+F227L,V106A_F227L,1,260,7250.0,30.98668113788642
DOR,V106A+F227L,V106A_F227L,1,265,7388.888888888889,30.472655429912855
DOR,V106A+F227L,V106A_F227L,1,270,7527.777777777777,31.186567876206553
DOR,V106A+F227L,V106A_F227L,1,275,7666.666666666667,30.913655046343468
DOR,V106A+F227L,V106A_F227L,1,280,7805.555555555556,30.24597427396643
DOR,V106A+F227L,V106A_F227L,1,285,7944.444444444444,30.93855140691642
DOR,V106A+F227L,V106A_F227L,1,290,8083.333333333333,30.51726487380683
DOR,V106A+F227L,V106A_F227L,1,295,8222.222222222223,30.853351771924757
DOR,V106A+F227L,V106A_F227L,1,300,8361.111111111111,30.691923875824592
DOR,V106A+F227L,V106A_F227L,1,305,8500.0,30.304438249575476
DOR,V106A+F227L,V106A_F227L,1,310,8638.888888888889,30.310433351541963
DOR,V106A+F227L,V106A_F227L,1,315,8777.777777777777,30.578945665874453
DOR,V106A+F227L,V106A_F227L,1,320,8916.666666666666,31.189013096482856
DOR,V106A+F227L,V106A_F227L,1,325,9055.555555555557,30.463971380510696
DOR,V106A+F227L,V106A_F227L,1,330,9194.444444444443,30.119214402899953
DOR,V106A+F227L,V106A_F227L,1,335,9333.333333333334,30.669780420295453
DOR,V106A+F227L,V106A_F227L,1,340,9472.222222222224,31.10205137729195
DOR,V106A+F227L,V106A_F227L,1,345,9611.111111111111,31.064266576650635
DOR,V106A+F227L,V106A_F227L,1,350,9750.0,30.52387819682936
DOR,V106A+F227L,V106A_F227L,1,355,9888.888888888889,30.446357295119903
DOR,V106A+F227L,V106A_F227L,2,0,27.77777777777778,29.922972578050263
DOR,V106A+F227L,V106A_F227L,2,5,166.66666666666666,30.25495595747307
DOR,V106A+F227L,V106A_F227L,2,10,305.55555555555554,30.832616356275263
DOR,V106A+F227L,V106A_F227L,2,15,444.44444444444446,30.171112796477463
DOR,V106A+F227L,V106A_F227L,2,20,583.3333333333334,30.381320742710844
DOR,V106A+F227L,V106A_F227L,2,25,722.2222222222222,30.279047296918904
DOR,V106A+F227L,V106A_F227L,2,30,861.1111111111111,30.43467845930086
DOR,V106A+F227L,V106A_F227L,2,35,1000.0,30.47363825136749
DOR,V106A+F227L,V106A_F227L,2,40,1138.888888888889,30.275451507371503
DOR,V106A+F227L,V106A_F227L,2,45,1277.7777777777778,30.40298482452829
DOR,V106A+F227L,V106A_F227L,2,50,1416.6666666666667,30.502713004730087
DOR,V106A+F227L,V106A_F227L,2,55,1555.5555555555557,30.25916897381298
DOR,V106A+F227L,V106A_F227L,2,60,1694.4444444444443,30.749857466276215
DOR,V106A+F227L,V106A_F227L,2,65,1833.3333333333333,30.698976015203215
DOR,V106A+F227L,V106A_F227L,2,70,1972.2222222222224,30.836214191349253
DOR,V106A+F227L,V106A_F227L,2,75,2111.1111111111113,30.71072019372783
DOR,V106A+F227L,V106A_F227L,2,80,2250.0,30.46451542054895
DOR,V106A+F227L,V106A_F227L,2,85,2388.8888888888887,30.888618803515804
DOR,V106A+F227L,V106A_F227L,2,90,2527.777777777778,30.707007152529908
DOR,V106A+F227L,V106A_F227L,2,95,2666.6666666666665,30.22899984677372
DOR,V106A+F227L,V106A_F227L,2,100,2805.5555555555557,30.28925788124051
DOR,V106A+F227L,V106A_F227L,2,105,2944.4444444444443,29.968785742539666
DOR,V106A+F227L,V106A_F227L,2,110,3083.3333333333335,30.46510010487781
DOR,V106A+F227L,V106A_F227L,2,115,3222.222222222222,30.720658748666175
DOR,V106A+F227L,V106A_F227L,2,120,3361.1111111111113,30.40186675661279
DOR,V106A+F227L,V106A_F227L,2,125,3500.0,30.45512326042779
DOR,V106A+F227L,V106A_F227L,2,130,3638.8888888888887,30.56460445857464
DOR,V106A+F227L,V106A_F227L,2,135,3777.777777777778,29.953915563833483
DOR,V106A+F227L,V106A_F227L,2,140,3916.6666666666665,30.250378961775898
DOR,V106A+F227L,V106A_F227L,2,145,4055.555555555556,30.300074654104613
DOR,V106A+F227L,V106A_F227L,2,150,4194.444444444444,29.962774762888905
DOR,V106A+F227L,V106A_F227L,2,155,4333.333333333333,30.05655216142225
DOR,V106A+F227L,V106A_F227L,2,160,4472.222222222223,30.04164250587722
DOR,V106A+F227L,V106A_F227L,2,165,4611.111111111111,30.42750613177134
DOR,V106A+F227L,V106A_F227L,2,170,4750.0,30.659268705399988
DOR,V106A+F227L,V106A_F227L,2,175,4888.888888888889,30.17797690077807
DOR,V106A+F227L,V106A_F227L,2,180,5027.777777777777,29.873942045448384
DOR,V106A+F227L,V106A_F227L,2,185,5166.666666666667,29.657707103190234
DOR,V106A+F227L,V106A_F227L,2,190,5305.555555555556,30.266065157903167
DOR,V106A+F227L,V106A_F227L,2,195,5444.444444444444,29.91311219574341
DOR,V106A+F227L,V106A_F227L,2,200,5583.333333333333,30.422411491387415
DOR,V106A+F227L,V106A_F227L,2,205,5722.222222222223,30.09929391766039
DOR,V106A+F227L,V106A_F227L,2,210,5861.111111111111,30.585177144231952
DOR,V106A+F227L,V106A_F227L,2,215,6000.0,29.88869556433043
DOR,V106A+F227L,V106A_F227L,2,220,6138.888888888889,30.202338394980572
DOR,V106A+F227L,V106A_F227L,2,225,6277.777777777777,30.524893818565705
DOR,V106A+F227L,V106A_F227L,2,230,6416.666666666667,30.53248094881023
DOR,V106A+F227L,V106A_F227L,2,235,6555.555555555556,30.706587757623296
DOR,V106A+F227L,V106A_F227L,2,240,6694.444444444444,30.06891254113967
DOR,V106A+F227L,V106A_F227L,2,245,6833.333333333333,30.378553418751007
DOR,V106A+F227L,V106A_F227L,2,250,6972.222222222223,30.224489009211748
DOR,V106A+F227L,V106A_F227L,2,255,7111.111111111111,30.396639255506994
DOR,V106A+F227L,V106A_F227L,2,260,7250.0,30.48273666057911
DOR,V106A+F227L,V106A_F227L,2,265,7388.888888888889,29.97024256211338
DOR,V106A+F227L,V106A_F227L,2,270,7527.777777777777,29.61298674461486
DOR,V106A+F227L,V106A_F227L,2,275,7666.666666666667,30.098552418868167
DOR,V106A+F227L,V106A_F227L,2,280,7805.555555555556,29.94643420644064
DOR,V106A+F227L,V106A_F227L,2,285,7944.444444444444,29.710415088006723
DOR,V106A+F227L,V106A_F227L,2,290,8083.333333333333,29.86856179678457
DOR,V106A+F227L,V106A_F227L,2,295,8222.222222222223,29.486195569621497
DOR,V106A+F227L,V106A_F227L,2,300,8361.111111111111,29.754353760208303
DOR,V106A+F227L,V106A_F227L,2,305,8500.0,29.613489629426635
DOR,V106A+F227L,V106A_F227L,2,310,8638.888888888889,30.399672797330968
DOR,V106A+F227L,V106A_F227L,2,315,8777.777777777777,29.30627748525253
DOR,V106A+F227L,V106A_F227L,2,320,8916.666666666666,29.605922377636983
DOR,V106A+F227L,V106A_F227L,2,325,9055.555555555557,29.58074701521911
DOR,V106A+F227L,V106A_F227L,2,330,9194.444444444443,30.050806526116023
DOR,V106A+F227L,V106A_F227L,2,335,9333.333333333334,30.19829921805501
DOR,V106A+F227L,V106A_F227L,2,340,9472.222222222224,30.0520997642798
DOR,V106A+F227L,V106A_F227L,2,345,9611.111111111111,30.536029401398903
DOR,V106A+F227L,V106A_F227L,2,350,9750.0,30.55789928495805
DOR,V106A+F227L,V106A_F227L,2,355,9888.888888888889,29.778945106375883
DOR,V106A+F227L,V106A_F227L,3,0,27.77777777777778,30.66767130317828
DOR,V106A+F227L,V106A_F227L,3,5,166.66666666666666,30.053583389130967
DOR,V106A+F227L,V106A_F227L,3,10,305.55555555555554,30.056189290473032
DOR,V106A+F227L,V106A_F227L,3,15,444.44444444444446,30.08627341843415
DOR,V106A+F227L,V106A_F227L,3,20,583.3333333333334,30.574218585401056
DOR,V106A+F227L,V106A_F227L,3,25,722.2222222222222,30.247762019555093
DOR,V106A+F227L,V106A_F227L,3,30,861.1111111111111,30.371138765495616
DOR,V106A+F227L,V106A_F227L,3,35,1000.0,30.795311282112273
DOR,V106A+F227L,V106A_F227L,3,40,1138.888888888889,30.7650176399966
DOR,V106A+F227L,V106A_F227L,3,45,1277.7777777777778,30.759796562722617
DOR,V106A+F227L,V106A_F227L,3,50,1416.6666666666667,30.85295534660166
DOR,V106A+F227L,V106A_F227L,3,55,1555.5555555555557,29.863438733148012
DOR,V106A+F227L,V106A_F227L,3,60,1694.4444444444443,30.61226599255009
DOR,V106A+F227L,V106A_F227L,3,65,1833.3333333333333,30.1397144991419
DOR,V106A+F227L,V106A_F227L,3,70,1972.2222222222224,30.32258515334065
DOR,V106A+F227L,V106A_F227L,3,75,2111.1111111111113,30.785983954878308
DOR,V106A+F227L,V106A_F227L,3,80,2250.0,30.441512112085267
DOR,V106A+F227L,V106A_F227L,3,85,2388.8888888888887,30.503127987245055
DOR,V106A+F227L,V106A_F227L,3,90,2527.777777777778,30.63179355618283
DOR,V106A+F227L,V106A_F227L,3,95,2666.6666666666665,30.402835348913648
DOR,V106A+F227L,V106A_F227L,3,100,2805.5555555555557,31.033268409339826
DOR,V106A+F227L,V106A_F227L,3,105,2944.4444444444443,30.93720167424999
DOR,V106A+F227L,V106A_F227L,3,110,3083.3333333333335,30.46311475284794
DOR,V106A+F227L,V106A_F227L,3,115,3222.222222222222,30.607763221268417
DOR,V106A+F227L,V106A_F227L,3,120,3361.1111111111113,30.68824080381732
DOR,V106A+F227L,V106A_F227L,3,125,3500.0,30.59833752199343
DOR,V106A+F227L,V106A_F227L,3,130,3638.8888888888887,30.114453649988597
DOR,V106A+F227L,V106A_F227L,3,135,3777.777777777778,30.717841277063368
DOR,V106A+F227L,V106A_F227L,3,140,3916.6666666666665,30.474020008086065
DOR,V106A+F227L,V106A_F227L,3,145,4055.555555555556,30.57518061083612
DOR,V106A+F227L,V106A_F227L,3,150,4194.444444444444,30.373341809690725
DOR,V106A+F227L,V106A_F227L,3,155,4333.333333333333,30.15749023418091
DOR,V106A+F227L,V106A_F227L,3,160,4472.222222222223,30.835752875679365
DOR,V106A+F227L,V106A_F227L,3,165,4611.111111111111,30.836820336008973
DOR,V106A+F227L,V106A_F227L,3,170,4750.0,30.442973058331045
DOR,V106A+F227L,V106A_F227L,3,175,4888.888888888889,30.405669257685393
DOR,V106A+F227L,V106A_F227L,3,180,5027.777777777777,30.9175115866348
DOR,V106A+F227L,V106A_F227L,3,185,5166.666666666667,30.66305882078398
DOR,V106A+F227L,V106A_F227L,3,190,5305.555555555556,31.31898926986041
DOR,V106A+F227L,V106A_F227L,3,195,5444.444444444444,30.769107822901432
DOR,V106A+F227L,V106A_F227L,3,200,5583.333333333333,31.01182565039472
DOR,V106A+F227L,V106A_F227L,3,205,5722.222222222223,30.531486387451196
DOR,V106A+F227L,V106A_F227L,3,210,5861.111111111111,30.87651498664696
DOR,V106A+F227L,V106A_F227L,3,215,6000.0,30.96672510352152
DOR,V106A+F227L,V106A_F227L,3,220,6138.888888888889,31.108382124717416
DOR,V106A+F227L,V106A_F227L,3,225,6277.777777777777,31.101057548028933
DOR,V106A+F227L,V106A_F227L,3,230,6416.666666666667,31.308850749591084
DOR,V106A+F227L,V106A_F227L,3,235,6555.555555555556,30.959880423352185
DOR,V106A+F227L,V106A_F227L,3,240,6694.444444444444,30.42232945750308
DOR,V106A+F227L,V106A_F227L,3,245,6833.333333333333,30.78425565016456
DOR,V106A+F227L,V106A_F227L,3,250,6972.222222222223,30.790312022869507
DOR,V106A+F227L,V106A_F227L,3,255,7111.111111111111,31.08093896387951
DOR,V106A+F227L,V106A_F227L,3,260,7250.0,30.315913287080843
DOR,V106A+F227L,V106A_F227L,3,265,7388.888888888889,30.99138659790253
DOR,V106A+F227L,V106A_F227L,3,270,7527.777777777777,30.838751704113484
DOR,V106A+F227L,V106A_F227L,3,275,7666.666666666667,31.057309503222456
DOR,V106A+F227L,V106A_F227L,3,280,7805.555555555556,30.84884969310961
DOR,V106A+F227L,V106A_F227L,3,285,7944.444444444444,30.25682617847619
DOR,V106A+F227L,V106A_F227L,3,290,8083.333333333333,30.306844414938304
DOR,V106A+F227L,V106A_F227L,3,295,8222.222222222223,30.233526142528444
DOR,V106A+F227L,V106A_F227L,3,300,8361.111111111111,30.326887618203138
DOR,V106A+F227L,V106A_F227L,3,305,8500.0,30.601463428182612
DOR,V106A+F227L,V106A_F227L,3,310,8638.888888888889,30.418355322917613
DOR,V106A+F227L,V106A_F227L,3,315,8777.777777777777,30.09403205264619
DOR,V106A+F227L,V106A_F227L,3,320,8916.666666666666,30.285250952571136
DOR,V106A+F227L,V106A_F227L,3,325,9055.555555555557,30.613463122886067
DOR,V106A+F227L,V106A_F227L,3,330,9194.444444444443,30.58156325260793
DOR,V106A+F227L,V106A_F227L,3,335,9333.333333333334,30.660713562151713
DOR,V106A+F227L,V106A_F227L,3,340,9472.222222222224,30.91199930897719
DOR,V106A+F227L,V106A_F227L,3,345,9611.111111111111,30.724403732769034
DOR,V106A+F227L,V106A_F227L,3,350,9750.0,30.60056754881719
DOR,V106A+F227L,V106A_F227L,3,355,9888.888888888889,31.125315639324977
DOR,V106I+F227C,V106I_F227C,1,0,27.77777777777778,30.29780491169908
DOR,V106I+F227C,V106I_F227C,1,5,166.66666666666666,30.270815585804417
DOR,V106I+F227C,V106I_F227C,1,10,305.55555555555554,30.08885564824406
DOR,V106I+F227C,V106I_F227C,1,15,444.44444444444446,30.44465599345349
DOR,V106I+F227C,V106I_F227C,1,20,583.3333333333334,30.27795542417856
DOR,V106I+F227C,V106I_F227C,1,25,722.2222222222222,30.27317151613559
DOR,V106I+F227C,V106I_F227C,1,30,861.1111111111111,29.965786825493943
DOR,V106I+F227C,V106I_F227C,1,35,1000.0,30.22291806103085
DOR,V106I+F227C,V106I_F227C,1,40,1138.888888888889,30.812053232368395
DOR,V106I+F227C,V106I_F227C,1,45,1277.7777777777778,30.665023369515975
DOR,V106I+F227C,V106I_F227C,1,50,1416.6666666666667,30.41364528053622
DOR,V106I+F227C,V106I_F227C,1,55,1555.5555555555557,30.28296618642275
DOR,V106I+F227C,V106I_F227C,1,60,1694.4444444444443,30.58289003582672
DOR,V106I+F227C,V106I_F227C,1,65,1833.3333333333333,30.319659870842894
DOR,V106I+F227C,V106I_F227C,1,70,1972.2222222222224,30.582880401554984
DOR,V106I+F227C,V106I_F227C,1,75,2111.1111111111113,30.98470444002735
DOR,V106I+F227C,V106I_F227C,1,80,2250.0,30.471516461901462
DOR,V106I+F227C,V106I_F227C,1,85,2388.8888888888887,30.45530104480234
DOR,V106I+F227C,V106I_F227C,1,90,2527.777777777778,30.509150508996346
DOR,V106I+F227C,V106I_F227C,1,95,2666.6666666666665,30.139473936108825
DOR,V106I+F227C,V106I_F227C,1,100,2805.5555555555557,30.872186827928065
DOR,V106I+F227C,V106I_F227C,1,105,2944.4444444444443,30.443901984599297
DOR,V106I+F227C,V106I_F227C,1,110,3083.3333333333335,30.747034157318588
DOR,V106I+F227C,V106I_F227C,1,115,3222.222222222222,30.765606172904345
DOR,V106I+F227C,V106I_F227C,1,120,3361.1111111111113,30.084159605796952
DOR,V106I+F227C,V106I_F227C,1,125,3500.0,30.46034906547088
DOR,V106I+F227C,V106I_F227C,1,130,3638.8888888888887,30.4264324449015
DOR,V106I+F227C,V106I_F227C,1,135,3777.777777777778,30.787000663218684
DOR,V106I+F227C,V106I_F227C,1,140,3916.6666666666665,30.231200034469936
DOR,V106I+F227C,V106I_F227C,1,145,4055.555555555556,30.892628326930108
DOR,V106I+F227C,V106I_F227C,1,150,4194.444444444444,30.37408520654499
DOR,V106I+F227C,V106I_F227C,1,155,4333.333333333333,30.5154370181564
DOR,V106I+F227C,V106I_F227C,1,160,4472.222222222223,30.367884636042007
DOR,V106I+F227C,V106I_F227C,1,165,4611.111111111111,30.53406668791607
DOR,V106I+F227C,V106I_F227C,1,170,4750.0,30.66909460184982
DOR,V106I+F227C,V106I_F227C,1,175,4888.888888888889,30.39897093713989
DOR,V106I+F227C,V106I_F227C,1,180,5027.777777777777,30.364305783284113
DOR,V106I+F227C,V106I_F227C,1,185,5166.666666666667,30.318287530790897
DOR,V106I+F227C,V106I_F227C,1,190,5305.555555555556,30.239921598598425
DOR,V106I+F227C,V106I_F227C,1,195,5444.444444444444,31.090791082982506
DOR,V106I+F227C,V106I_F227C,1,200,5583.333333333333,30.861780443913847
DOR,V106I+F227C,V106I_F227C,1,205,5722.222222222223,30.662072255535975
DOR,V106I+F227C,V106I_F227C,1,210,5861.111111111111,30.897513427614633
DOR,V106I+F227C,V106I_F227C,1,215,6000.0,31.145798644932924
DOR,V106I+F227C,V106I_F227C,1,220,6138.888888888889,30.738010374712996
DOR,V106I+F227C,V106I_F227C,1,225,6277.777777777777,30.116008624379624
DOR,V106I+F227C,V106I_F227C,1,230,6416.666666666667,30.22798336301152
DOR,V106I+F227C,V106I_F227C,1,235,6555.555555555556,29.935942388550973
DOR,V106I+F227C,V106I_F227C,1,240,6694.444444444444,30.83447395866502
DOR,V106I+F227C,V106I_F227C,1,245,6833.333333333333,30.48798838648632
DOR,V106I+F227C,V106I_F227C,1,250,6972.222222222223,30.160751123298137
DOR,V106I+F227C,V106I_F227C,1,255,7111.111111111111,30.301578065182277
DOR,V106I+F227C,V106I_F227C,1,260,7250.0,29.937734603718287
DOR,V106I+F227C,V106I_F227C,1,265,7388.888888888889,30.27664364432677
DOR,V106I+F227C,V106I_F227C,1,270,7527.777777777777,30.683081898035063
DOR,V106I+F227C,V106I_F227C,1,275,7666.666666666667,30.03504785001173
DOR,V106I+F227C,V106I_F227C,1,280,7805.555555555556,30.44363087935266
DOR,V106I+F227C,V106I_F227C,1,285,7944.444444444444,31.029199559123096
DOR,V106I+F227C,V106I_F227C,1,290,8083.333333333333,30.66449332653608
DOR,V106I+F227C,V106I_F227C,1,295,8222.222222222223,30.558379190411475
DOR,V106I+F227C,V106I_F227C,1,300,8361.111111111111,30.914008426266975
DOR,V106I+F227C,V106I_F227C,1,305,8500.0,30.347524422246664
DOR,V106I+F227C,V106I_F227C,1,310,8638.888888888889,30.10504313986752
DOR,V106I+F227C,V106I_F227C,1,315,8777.777777777777,30.144724931308904
DOR,V106I+F227C,V106I_F227C,1,320,8916.666666666666,30.58161475421998
DOR,V106I+F227C,V106I_F227C,1,325,9055.555555555557,30.833116497703323
DOR,V106I+F227C,V106I_F227C,1,330,9194.444444444443,30.365001345568167
DOR,V106I+F227C,V106I_F227C,1,335,9333.333333333334,30.20661590103515
DOR,V106I+F227C,V106I_F227C,1,340,9472.222222222224,30.50949555488079
DOR,V106I+F227C,V106I_F227C,1,345,9611.111111111111,30.242645700589375
DOR,V106I+F227C,V106I_F227C,1,350,9750.0,30.26370886363828
DOR,V106I+F227C,V106I_F227C,1,355,9888.888888888889,30.228568429240067
DOR,V106I+F227C,V106I_F227C,3,0,27.77777777777778,30.03669812355037
DOR,V106I+F227C,V106I_F227C,3,5,166.66666666666666,29.53755301040052
DOR,V106I+F227C,V106I_F227C,3,10,305.55555555555554,30.018774159488455
DOR,V106I+F227C,V106I_F227C,3,15,444.44444444444446,29.938251494257553
DOR,V106I+F227C,V106I_F227C,3,20,583.3333333333334,30.42413380323271
DOR,V106I+F227C,V106I_F227C,3,25,722.2222222222222,30.667919089170855
DOR,V106I+F227C,V106I_F227C,3,30,861.1111111111111,30.913336613656423
DOR,V106I+F227C,V106I_F227C,3,35,1000.0,30.524159827031212
DOR,V106I+F227C,V106I_F227C,3,40,1138.888888888889,30.00205873491365
DOR,V106I+F227C,V106I_F227C,3,45,1277.7777777777778,30.014674796999053
DOR,V106I+F227C,V106I_F227C,3,50,1416.6666666666667,30.142753665973004
DOR,V106I+F227C,V106I_F227C,3,55,1555.5555555555557,30.334838402393263
DOR,V106I+F227C,V106I_F227C,3,60,1694.4444444444443,30.507999915784943
DOR,V106I+F227C,V106I_F227C,3,65,1833.3333333333333,30.128174645293445
DOR,V106I+F227C,V106I_F227C,3,70,1972.2222222222224,30.147265184265947
DOR,V106I+F227C,V106I_F227C,3,75,2111.1111111111113,29.883206601047295
DOR,V106I+F227C,V106I_F227C,3,80,2250.0,29.934127435938137
DOR,V106I+F227C,V106I_F227C,3,85,2388.8888888888887,30.072552847841987
DOR,V106I+F227C,V106I_F227C,3,90,2527.777777777778,29.149228655280776
DOR,V106I+F227C,V106I_F227C,3,95,2666.6666666666665,29.61525211224008
DOR,V106I+F227C,V106I_F227C,3,100,2805.5555555555557,29.246868058110756
DOR,V106I+F227C,V106I_F227C,3,105,2944.4444444444443,29.27446442869375
DOR,V106I+F227C,V106I_F227C,3,110,3083.3333333333335,30.05793081684017
DOR,V106I+F227C,V106I_F227C,3,115,3222.222222222222,29.692154557751845
DOR,V106I+F227C,V106I_F227C,3,120,3361.1111111111113,29.4593889640616
DOR,V106I+F227C,V106I_F227C,3,125,3500.0,29.09691338697456
DOR,V106I+F227C,V106I_F227C,3,130,3638.8888888888887,29.487645472412723
DOR,V106I+F227C,V106I_F227C,3,135,3777.777777777778,29.759238181604378
DOR,V106I+F227C,V106I_F227C,3,140,3916.6666666666665,29.465618527644708
DOR,V106I+F227C,V106I_F227C,3,145,4055.555555555556,29.246408240961532
DOR,V106I+F227C,V106I_F227C,3,150,4194.444444444444,29.51337830924372
DOR,V106I+F227C,V106I_F227C,3,155,4333.333333333333,29.88045145425334
DOR,V106I+F227C,V106I_F227C,3,160,4472.222222222223,29.438355965461287
DOR,V106I+F227C,V106I_F227C,3,165,4611.111111111111,29.709676903458657
DOR,V106I+F227C,V106I_F227C,3,170,4750.0,30.482245178259365
DOR,V106I+F227C,V106I_F227C,3,175,4888.888888888889,29.800867039921588
DOR,V106I+F227C,V106I_F227C,3,180,5027.777777777777,29.789720294917977
DOR,V106I+F227C,V106I_F227C,3,185,5166.666666666667,29.59903454416202
DOR,V106I+F227C,V106I_F227C,3,190,5305.555555555556,29.92517328227208
DOR,V106I+F227C,V106I_F227C,3,195,5444.444444444444,29.923282952185076
DOR,V106I+F227C,V106I_F227C,3,200,5583.333333333333,29.48231635615121
DOR,V106I+F227C,V106I_F227C,3,205,5722.222222222223,30.013009331791103
DOR,V106I+F227C,V106I_F227C,3,210,5861.111111111111,29.592157454292472
DOR,V106I+F227C,V106I_F227C,3,215,6000.0,29.672967915524215
DOR,V106I+F227C,V106I_F227C,3,220,6138.888888888889,29.28221818501847
DOR,V106I+F227C,V106I_F227C,3,225,6277.777777777777,29.343585292436313
DOR,V106I+F227C,V106I_F227C,3,230,6416.666666666667,29.68162410883416
DOR,V106I+F227C,V106I_F227C,3,235,6555.555555555556,29.635428325817887
DOR,V106I+F227C,V106I_F227C,3,240,6694.444444444444,29.633090279371785
DOR,V106I+F227C,V106I_F227C,3,245,6833.333333333333,29.875157863922205
DOR,V106I+F227C,V106I_F227C,3,250,6972.222222222223,30.4621700383938
DOR,V106I+F227C,V106I_F227C,3,255,7111.111111111111,29.96478424340056
DOR,V106I+F227C,V106I_F227C,3,260,7250.0,29.86908544313772
DOR,V106I+F227C,V106I_F227C,3,265,7388.888888888889,29.850333236294897
DOR,V106I+F227C,V106I_F227C,3,270,7527.777777777777,29.24256632496036
DOR,V106I+F227C,V106I_F227C,3,275,7666.666666666667,28.86816690719743
DOR,V106I+F227C,V106I_F227C,3,280,7805.555555555556,29.651027677510186
DOR,V106I+F227C,V106I_F227C,3,285,7944.444444444444,29.533814446506636
DOR,V106I+F227C,V106I_F227C,3,290,8083.333333333333,29.62274828944244
DOR,V106I+F227C,V106I_F227C,3,295,8222.222222222223,29.75342919238313
DOR,V106I+F227C,V106I_F227C,3,300,8361.111111111111,29.897888074946007
DOR,V106I+F227C,V106I_F227C,3,305,8500.0,30.16110235820172
DOR,V106I+F227C,V106I_F227C,3,310,8638.888888888889,29.714360978750232
DOR,V106I+F227C,V106I_F227C,3,315,8777.777777777777,29.937397422899885
DOR,V106I+F227C,V106I_F227C,3,320,8916.666666666666,29.22267815225184
DOR,V106I+F227C,V106I_F227C,3,325,9055.555555555557,29.50118391647499
DOR,V106I+F227C,V106I_F227C,3,330,9194.444444444443,29.899894711652102
DOR,V106I+F227C,V106I_F227C,3,335,9333.333333333334,29.50536434609026
DOR,V106I+F227C,V106I_F227C,3,340,9472.222222222224,29.32236090661438
DOR,V106I+F227C,V106I_F227C,3,345,9611.111111111111,29.955336458824497
DOR,V106I+F227C,V106I_F227C,3,350,9750.0,29.911552419693656
DOR,V106I+F227C,V106I_F227C,3,355,9888.888888888889,29.545643293472732
DOR,V106I+F227C,V106I_F227C,2,0,27.77777777777778,30.167024844516543
DOR,V106I+F227C,V106I_F227C,2,5,166.66666666666666,29.784828808181764
DOR,V106I+F227C,V106I_F227C,2,10,305.55555555555554,29.67379088515616
DOR,V106I+F227C,V106I_F227C,2,15,444.44444444444446,29.92298695625976
DOR,V106I+F227C,V106I_F227C,2,20,583.3333333333334,29.71158949279588
DOR,V106I+F227C,V106I_F227C,2,25,722.2222222222222,29.666593369513578
DOR,V106I+F227C,V106I_F227C,2,30,861.1111111111111,29.916379519904027
DOR,V106I+F227C,V106I_F227C,2,35,1000.0,30.007258337011137
DOR,V106I+F227C,V106I_F227C,2,40,1138.888888888889,29.741839859211584
DOR,V106I+F227C,V106I_F227C,2,45,1277.7777777777778,29.600480159781956
DOR,V106I+F227C,V106I_F227C,2,50,1416.6666666666667,29.70773197633214
DOR,V106I+F227C,V106I_F227C,2,55,1555.5555555555557,29.075993228069887
DOR,V106I+F227C,V106I_F227C,2,60,1694.4444444444443,29.6321191304572
DOR,V106I+F227C,V106I_F227C,2,65,1833.3333333333333,29.894324559591585
DOR,V106I+F227C,V106I_F227C,2,70,1972.2222222222224,29.416248156823688
DOR,V106I+F227C,V106I_F227C,2,75,2111.1111111111113,29.69457857314693
DOR,V106I+F227C,V106I_F227C,2,80,2250.0,29.772814164154255
DOR,V106I+F227C,V106I_F227C,2,85,2388.8888888888887,29.795261958380102
DOR,V106I+F227C,V106I_F227C,2,90,2527.777777777778,30.004069963166486
DOR,V106I+F227C,V106I_F227C,2,95,2666.6666666666665,30.172520362186788
DOR,V106I+F227C,V106I_F227C,2,100,2805.5555555555557,29.847409304806774
DOR,V106I+F227C,V106I_F227C,2,105,2944.4444444444443,29.938493085479926
DOR,V106I+F227C,V106I_F227C,2,110,3083.3333333333335,30.147907883711905
DOR,V106I+F227C,V106I_F227C,2,115,3222.222222222222,30.26346924701459
DOR,V106I+F227C,V106I_F227C,2,120,3361.1111111111113,30.473993276657804
DOR,V106I+F227C,V106I_F227C,2,125,3500.0,29.84257781082612
DOR,V106I+F227C,V106I_F227C,2,130,3638.8888888888887,30.499999318457196
DOR,V106I+F227C,V106I_F227C,2,135,3777.777777777778,29.92594933688174
DOR,V106I+F227C,V106I_F227C,2,140,3916.6666666666665,29.90797033843871
DOR,V106I+F227C,V106I_F227C,2,145,4055.555555555556,29.99068774663367
DOR,V106I+F227C,V106I_F227C,2,150,4194.444444444444,30.24399242809323
DOR,V106I+F227C,V106I_F227C,2,155,4333.333333333333,30.29439563314449
DOR,V106I+F227C,V106I_F227C,2,160,4472.222222222223,30.247987043478236
DOR,V106I+F227C,V106I_F227C,2,165,4611.111111111111,30.6279283303084
DOR,V106I+F227C,V106I_F227C,2,170,4750.0,30.206129962545862
DOR,V106I+F227C,V106I_F227C,2,175,4888.888888888889,29.83225689378573
DOR,V106I+F227C,V106I_F227C,2,180,5027.777777777777,30.188812958994333
DOR,V106I+F227C,V106I_F227C,2,185,5166.666666666667,30.900122239140728
DOR,V106I+F227C,V106I_F227C,2,190,5305.555555555556,30.700611952225533
DOR,V106I+F227C,V106I_F227C,2,195,5444.444444444444,30.910460488832708
DOR,V106I+F227C,V106I_F227C,2,200,5583.333333333333,30.818266536567062
DOR,V106I+F227C,V106I_F227C,2,205,5722.222222222223,30.15036127705804
DOR,V106I+F227C,V106I_F227C,2,210,5861.111111111111,30.31666270919852
DOR,V106I+F227C,V106I_F227C,2,215,6000.0,30.243673571964504
DOR,V106I+F227C,V106I_F227C,2,220,6138.888888888889,29.98247836684807
DOR,V106I+F227C,V106I_F227C,2,225,6277.777777777777,30.63489405182375
DOR,V106I+F227C,V106I_F227C,2,230,6416.666666666667,30.413513381402037
DOR,V106I+F227C,V106I_F227C,2,235,6555.555555555556,30.418435847279778
DOR,V106I+F227C,V106I_F227C,2,240,6694.444444444444,30.08357463269851
DOR,V106I+F227C,V106I_F227C,2,245,6833.333333333333,30.128194093593727
DOR,V106I+F227C,V106I_F227C,2,250,6972.222222222223,30.596864943619504
DOR,V106I+F227C,V106I_F227C,2,255,7111.111111111111,30.332461582194497
DOR,V106I+F227C,V106I_F227C,2,260,7250.0,30.67728234287473
DOR,V106I+F227C,V106I_F227C,2,265,7388.888888888889,30.692456086670813
DOR,V106I+F227C,V106I_F227C,2,270,7527.777777777777,30.902211733943048
DOR,V106I+F227C,V106I_F227C,2,275,7666.666666666667,30.35378191489292
DOR,V106I+F227C,V106I_F227C,2,280,7805.555555555556,29.996935252893344
DOR,V106I+F227C,V106I_F227C,2,285,7944.444444444444,31.005006666193047
DOR,V106I+F227C,V106I_F227C,2,290,8083.333333333333,30.26375720950998
DOR,V106I+F227C,V106I_F227C,2,295,8222.222222222223,30.16094194744283
DOR,V106I+F227C,V106I_F227C,2,300,8361.111111111111,30.040802148154587
DOR,V106I+F227C,V106I_F227C,2,305,8500.0,29.794088778567353
DOR,V106I+F227C,V106I_F227C,2,310,8638.888888888889,30.833466413008907
DOR,V106I+F227C,V106I_F227C,2,315,8777.777777777777,29.880766043201245
DOR,V106I+F227C,V106I_F227C,2,320,8916.666666666666,30.521992170877628
DOR,V106I+F227C,V106I_F227C,2,325,9055.555555555557,30.325641583791363
DOR,V106I+F227C,V106I_F227C,2,330,9194.444444444443,30.376382229063804
DOR,V106I+F227C,V106I_F227C,2,335,9333.333333333334,30.082271169042833
DOR,V106I+F227C,V106I_F227C,2,340,9472.222222222224,30.823388550693764
DOR,V106I+F227C,V106I_F227C,2,345,9611.111111111111,30.568125533226183
DOR,V106I+F227C,V106I_F227C,2,350,9750.0,30.23959130914627
DOR,V106I+F227C,V106I_F227C,2,355,9888.888888888889,30.010604280425326
DOR,V106A+L234I,V106A_L234I,2,0,27.77777777777778,30.25945475956208
DOR,V106A+L234I,V106A_L234I,2,5,166.66666666666666,30.91211264485723
DOR,V106A+L234I,V106A_L234I,2,10,305.55555555555554,30.906379738795867
DOR,V106A+L234I,V106A_L234I,2,15,444.44444444444446,31.09803495159134
DOR,V106A+L234I,V106A_L234I,2,20,583.3333333333334,30.677702504982825
DOR,V106A+L234I,V106A_L234I,2,25,722.2222222222222,30.51806461671144
DOR,V106A+L234I,V106A_L234I,2,30,861.1111111111111,31.037881673792345
DOR,V106A+L234I,V106A_L234I,2,35,1000.0,30.183674704377164
DOR,V106A+L234I,V106A_L234I,2,40,1138.888888888889,30.37920599834276
DOR,V106A+L234I,V106A_L234I,2,45,1277.7777777777778,30.023438238085728
DOR,V106A+L234I,V106A_L234I,2,50,1416.6666666666667,30.55702330342524
DOR,V106A+L234I,V106A_L234I,2,55,1555.5555555555557,30.775304787085716
DOR,V106A+L234I,V106A_L234I,2,60,1694.4444444444443,30.209054910382186
DOR,V106A+L234I,V106A_L234I,2,65,1833.3333333333333,30.01847716861649
DOR,V106A+L234I,V106A_L234I,2,70,1972.2222222222224,30.815168535817545
DOR,V106A+L234I,V106A_L234I,2,75,2111.1111111111113,30.106415949747515
DOR,V106A+L234I,V106A_L234I,2,80,2250.0,30.356901382578695
DOR,V106A+L234I,V106A_L234I,2,85,2388.8888888888887,30.84761076144846
DOR,V106A+L234I,V106A_L234I,2,90,2527.777777777778,30.40175316090532
DOR,V106A+L234I,V106A_L234I,2,95,2666.6666666666665,30.60126845409418
DOR,V106A+L234I,V106A_L234I,2,100,2805.5555555555557,29.80311667292919
DOR,V106A+L234I,V106A_L234I,2,105,2944.4444444444443,30.15858655445171
DOR,V106A+L234I,V106A_L234I,2,110,3083.3333333333335,30.608881143134457
DOR,V106A+L234I,V106A_L234I,2,115,3222.222222222222,30.241101481672732
DOR,V106A+L234I,V106A_L234I,2,120,3361.1111111111113,30.09326974234892
DOR,V106A+L234I,V106A_L234I,2,125,3500.0,30.481150243646493
DOR,V106A+L234I,V106A_L234I,2,130,3638.8888888888887,30.273682040860702
DOR,V106A+L234I,V106A_L234I,2,135,3777.777777777778,30.556536891500752
DOR,V106A+L234I,V106A_L234I,2,140,3916.6666666666665,30.734030336616335
DOR,V106A+L234I,V106A_L234I,2,145,4055.555555555556,30.57498851066254
DOR,V106A+L234I,V106A_L234I,2,150,4194.444444444444,30.232050733476814
DOR,V106A+L234I,V106A_L234I,2,155,4333.333333333333,30.23589414670308
DOR,V106A+L234I,V106A_L234I,2,160,4472.222222222223,30.16016632606661
DOR,V106A+L234I,V106A_L234I,2,165,4611.111111111111,30.10689756489982
DOR,V106A+L234I,V106A_L234I,2,170,4750.0,30.51392455657865
DOR,V106A+L234I,V106A_L234I,2,175,4888.888888888889,30.62851936170335
DOR,V106A+L234I,V106A_L234I,2,180,5027.777777777777,30.381869975418734
DOR,V106A+L234I,V106A_L234I,2,185,5166.666666666667,30.550798624087157
DOR,V106A+L234I,V106A_L234I,2,190,5305.555555555556,30.47017227515326
DOR,V106A+L234I,V106A_L234I,2,195,5444.444444444444,30.477248617064923
DOR,V106A+L234I,V106A_L234I,2,200,5583.333333333333,30.35966081259828
DOR,V106A+L234I,V106A_L234I,2,205,5722.222222222223,30.04556968979471
DOR,V106A+L234I,V106A_L234I,2,210,5861.111111111111,29.633067195548136
DOR,V106A+L234I,V106A_L234I,2,215,6000.0,29.53730878760902
DOR,V106A+L234I,V106A_L234I,2,220,6138.888888888889,29.684875596288776
DOR,V106A+L234I,V106A_L234I,2,225,6277.777777777777,29.850005399085404
DOR,V106A+L234I,V106A_L234I,2,230,6416.666666666667,29.852283766314333
DOR,V106A+L234I,V106A_L234I,2,235,6555.555555555556,30.23731187216191
DOR,V106A+L234I,V106A_L234I,2,240,6694.444444444444,30.72559649093873
DOR,V106A+L234I,V106A_L234I,2,245,6833.333333333333,30.558193379266704
DOR,V106A+L234I,V106A_L234I,2,250,6972.222222222223,30.80444919652395
DOR,V106A+L234I,V106A_L234I,2,255,7111.111111111111,30.14210581490069
DOR,V106A+L234I,V106A_L234I,2,260,7250.0,29.88687530729627
DOR,V106A+L234I,V106A_L234I,2,265,7388.888888888889,30.123861056344513
DOR,V106A+L234I,V106A_L234I,2,270,7527.777777777777,29.445993299820035
DOR,V106A+L234I,V106A_L234I,2,275,7666.666666666667,30.36629075226637
DOR,V106A+L234I,V106A_L234I,2,280,7805.555555555556,30.12255475637409
DOR,V106A+L234I,V106A_L234I,2,285,7944.444444444444,29.845814260747265
DOR,V106A+L234I,V106A_L234I,2,290,8083.333333333333,30.102178334366393
DOR,V106A+L234I,V106A_L234I,2,295,8222.222222222223,29.755149910574563
DOR,V106A+L234I,V106A_L234I,2,300,8361.111111111111,29.91408611588547
DOR,V106A+L234I,V106A_L234I,2,305,8500.0,29.398147692637163
DOR,V106A+L234I,V106A_L234I,2,310,8638.888888888889,30.338011142099536
DOR,V106A+L234I,V106A_L234I,2,315,8777.777777777777,30.208949118300858
DOR,V106A+L234I,V106A_L234I,2,320,8916.666666666666,30.11749087721218
DOR,V106A+L234I,V106A_L234I,2,325,9055.555555555557,30.09360754996336
DOR,V106A+L234I,V106A_L234I,2,330,9194.444444444443,30.388589918341054
DOR,V106A+L234I,V106A_L234I,2,335,9333.333333333334,30.279593277977373
DOR,V106A+L234I,V106A_L234I,2,340,9472.222222222224,30.04705039292984
DOR,V106A+L234I,V106A_L234I,2,345,9611.111111111111,29.75223158743992
DOR,V106A+L234I,V106A_L234I,2,350,9750.0,29.563166934279725
DOR,V106A+L234I,V106A_L234I,2,355,9888.888888888889,30.510956875870367
DOR,V106A+L234I,V106A_L234I,1,0,27.77777777777778,31.127646335853292
DOR,V106A+L234I,V106A_L234I,1,5,166.66666666666666,30.45474500558372
DOR,V106A+L234I,V106A_L234I,1,10,305.55555555555554,31.477164954647044
DOR,V106A+L234I,V106A_L234I,1,15,444.44444444444446,31.197525180591217
DOR,V106A+L234I,V106A_L234I,1,20,583.3333333333334,31.046693476346434
DOR,V106A+L234I,V106A_L234I,1,25,722.2222222222222,30.473449269445315
DOR,V106A+L234I,V106A_L234I,1,30,861.1111111111111,30.61863629579781
DOR,V106A+L234I,V106A_L234I,1,35,1000.0,30.43011470164726
DOR,V106A+L234I,V106A_L234I,1,40,1138.888888888889,30.74345480667118
DOR,V106A+L234I,V106A_L234I,1,45,1277.7777777777778,30.530575649373095
DOR,V106A+L234I,V106A_L234I,1,50,1416.6666666666667,30.002330638389054
DOR,V106A+L234I,V106A_L234I,1,55,1555.5555555555557,30.507429709571596
DOR,V106A+L234I,V106A_L234I,1,60,1694.4444444444443,30.149209418823663
DOR,V106A+L234I,V106A_L234I,1,65,1833.3333333333333,30.162817656575005
DOR,V106A+L234I,V106A_L234I,1,70,1972.2222222222224,29.949772297379308
DOR,V106A+L234I,V106A_L234I,1,75,2111.1111111111113,30.46575952079264
DOR,V106A+L234I,V106A_L234I,1,80,2250.0,29.99833331235684
DOR,V106A+L234I,V106A_L234I,1,85,2388.8888888888887,29.711704957121754
DOR,V106A+L234I,V106A_L234I,1,90,2527.777777777778,30.29927172539964
DOR,V106A+L234I,V106A_L234I,1,95,2666.6666666666665,30.53128941063065
DOR,V106A+L234I,V106A_L234I,1,100,2805.5555555555557,30.26314391949575
DOR,V106A+L234I,V106A_L234I,1,105,2944.4444444444443,30.590078475486536
DOR,V106A+L234I,V106A_L234I,1,110,3083.3333333333335,30.02631740357804
DOR,V106A+L234I,V106A_L234I,1,115,3222.222222222222,30.60245120647612
DOR,V106A+L234I,V106A_L234I,1,120,3361.1111111111113,30.256129635574492
DOR,V106A+L234I,V106A_L234I,1,125,3500.0,30.199095440013597
DOR,V106A+L234I,V106A_L234I,1,130,3638.8888888888887,29.60025153600388
DOR,V106A+L234I,V106A_L234I,1,135,3777.777777777778,30.309788247303896
DOR,V106A+L234I,V106A_L234I,1,140,3916.6666666666665,30.81231433530264
DOR,V106A+L234I,V106A_L234I,1,145,4055.555555555556,31.00251199355074
DOR,V106A+L234I,V106A_L234I,1,150,4194.444444444444,30.671930767415017
DOR,V106A+L234I,V106A_L234I,1,155,4333.333333333333,30.28714771503837
DOR,V106A+L234I,V106A_L234I,1,160,4472.222222222223,30.21222786790009
DOR,V106A+L234I,V106A_L234I,1,165,4611.111111111111,30.23877349489848
DOR,V106A+L234I,V106A_L234I,1,170,4750.0,30.300570522049178
DOR,V106A+L234I,V106A_L234I,1,175,4888.888888888889,30.035945749659575
DOR,V106A+L234I,V106A_L234I,1,180,5027.777777777777,30.174549005104726
DOR,V106A+L234I,V106A_L234I,1,185,5166.666666666667,30.13066963154315
DOR,V106A+L234I,V106A_L234I,1,190,5305.555555555556,30.21622518457083
DOR,V106A+L234I,V106A_L234I,1,195,5444.444444444444,30.5172628170531
DOR,V106A+L234I,V106A_L234I,1,200,5583.333333333333,29.63309325109392
DOR,V106A+L234I,V106A_L234I,1,205,5722.222222222223,29.641501853887803
DOR,V106A+L234I,V106A_L234I,1,210,5861.111111111111,29.865590140187297
DOR,V106A+L234I,V106A_L234I,1,215,6000.0,29.92038286851069
DOR,V106A+L234I,V106A_L234I,1,220,6138.888888888889,30.35522677777392
DOR,V106A+L234I,V106A_L234I,1,225,6277.777777777777,30.4769986018094
DOR,V106A+L234I,V106A_L234I,1,230,6416.666666666667,30.182530461145344
DOR,V106A+L234I,V106A_L234I,1,235,6555.555555555556,30.333628301331977
DOR,V106A+L234I,V106A_L234I,1,240,6694.444444444444,30.773220570663632
DOR,V106A+L234I,V106A_L234I,1,245,6833.333333333333,30.08574966549624
DOR,V106A+L234I,V106A_L234I,1,250,6972.222222222223,30.62020970670448
DOR,V106A+L234I,V106A_L234I,1,255,7111.111111111111,30.747074316570085
DOR,V106A+L234I,V106A_L234I,1,260,7250.0,30.238108980600835
DOR,V106A+L234I,V106A_L234I,1,265,7388.888888888889,30.693742569540913
DOR,V106A+L234I,V106A_L234I,1,270,7527.777777777777,30.223628518201117
DOR,V106A+L234I,V106A_L234I,1,275,7666.666666666667,30.633834346989893
DOR,V106A+L234I,V106A_L234I,1,280,7805.555555555556,30.80177955747927
DOR,V106A+L234I,V106A_L234I,1,285,7944.444444444444,30.52855934342428
DOR,V106A+L234I,V106A_L234I,1,290,8083.333333333333,30.24024629229406
DOR,V106A+L234I,V106A_L234I,1,295,8222.222222222223,30.393248643269356
DOR,V106A+L234I,V106A_L234I,1,300,8361.111111111111,30.74762096877852
DOR,V106A+L234I,V106A_L234I,1,305,8500.0,30.90990332469639
DOR,V106A+L234I,V106A_L234I,1,310,8638.888888888889,31.05716137986738
DOR,V106A+L234I,V106A_L234I,1,315,8777.777777777777,30.94792025602958
DOR,V106A+L234I,V106A_L234I,1,320,8916.666666666666,30.64599396536788
DOR,V106A+L234I,V106A_L234I,1,325,9055.555555555557,30.32383886009472
DOR,V106A+L234I,V106A_L234I,1,330,9194.444444444443,30.6003319407341
DOR,V106A+L234I,V106A_L234I,1,335,9333.333333333334,30.36328333463326
DOR,V106A+L234I,V106A_L234I,1,340,9472.222222222224,30.108956288129814
DOR,V106A+L234I,V106A_L234I,1,345,9611.111111111111,30.079108707336378
DOR,V106A+L234I,V106A_L234I,1,350,9750.0,30.091343797774385
DOR,V106A+L234I,V106A_L234I,1,355,9888.888888888889,30.43490218837418
DOR,K103N,K103N,1,0,50.0,30.490259902528933
DOR,K103N,K103N,1,5,300.0,30.20187246380764
DOR,K103N,K103N,1,10,550.0,30.01645735026205
DOR,K103N,K103N,1,15,800.0,29.94736914814479
DOR,K103N,K103N,1,20,1050.0,30.258802409849103
DOR,K103N,K103N,1,25,1300.0,30.146427325140916
DOR,K103N,K103N,1,30,1550.0,30.39184922657257
DOR,K103N,K103N,1,35,1800.0,30.27775385150859
DOR,K103N,K103N,1,40,2050.0,30.176288746533785
DOR,K103N,K103N,1,45,2300.0,29.807155626484494
DOR,K103N,K103N,1,50,2550.0,30.125012565746577
DOR,K103N,K103N,1,55,2800.0,30.55565404030074
DOR,K103N,K103N,1,60,3050.0,30.968527136170067
DOR,K103N,K103N,1,65,3300.0,30.658531330837302
DOR,K103N,K103N,1,70,3550.0,30.533407356271713
DOR,K103N,K103N,1,75,3800.0,30.8667371033706
DOR,K103N,K103N,1,80,4050.0,30.885530651501593
DOR,K103N,K103N,1,85,4300.0,31.305206741252125
DOR,K103N,K103N,1,90,4550.0,30.785627733433845
DOR,K103N,K103N,1,95,4800.0,30.916922583654937
DOR,K103N,K103N,1,100,5050.0,31.230930781876847
DOR,K103N,K103N,1,105,5300.0,31.41552052616557
DOR,K103N,K103N,1,110,5550.0,31.37847516473738
DOR,K103N,K103N,1,115,5800.0,31.306888421494868
DOR,K103N,K103N,1,120,6050.0,31.17045176174126
DOR,K103N,K103N,1,125,6300.0,30.528846885411387
DOR,K103N,K103N,1,130,6550.0,30.358502440528984
DOR,K103N,K103N,1,135,6800.0,30.237616596564656
DOR,K103N,K103N,1,140,7050.0,30.484216933882145
DOR,K103N,K103N,1,145,7300.0,30.360663155845504
DOR,K103N,K103N,1,150,7550.0,30.68973656854358
DOR,K103N,K103N,1,155,7800.0,30.603540717170624
DOR,K103N,K103N,1,160,8050.0,30.368677076517855
DOR,K103N,K103N,1,165,8300.0,30.677099672881923
DOR,K103N,K103N,1,170,8550.0,30.633216085255032
DOR,K103N,K103N,1,175,8800.0,30.566941685964597
DOR,K103N,K103N,1,180,9050.0,30.55077519962035
DOR,K103N,K103N,1,185,9300.0,30.386182159034615
DOR,K103N,K103N,1,190,9550.0,30.31886110606356
DOR,K103N,K103N,1,195,9800.0,30.797440478977833
DOR,V106A+L234I,V106A_L234I,3,0,27.77777777777778,30.53233799768648
DOR,V106A+L234I,V106A_L234I,3,5,166.66666666666666,30.962604491010463
DOR,V106A+L234I,V106A_L234I,3,10,305.55555555555554,31.00358720484992
DOR,V106A+L234I,V106A_L234I,3,15,444.44444444444446,30.985686497175873
DOR,V106A+L234I,V106A_L234I,3,20,583.3333333333334,30.39307846682962
DOR,V106A+L234I,V106A_L234I,3,25,722.2222222222222,30.523174716793825
DOR,V106A+L234I,V106A_L234I,3,30,861.1111111111111,30.939550635113623
DOR,V106A+L234I,V106A_L234I,3,35,1000.0,30.25595394332674
DOR,V106A+L234I,V106A_L234I,3,40,1138.888888888889,30.300841693566408
DOR,V106A+L234I,V106A_L234I,3,45,1277.7777777777778,29.994585513164782
DOR,V106A+L234I,V106A_L234I,3,50,1416.6666666666667,29.92877227570066
DOR,V106A+L234I,V106A_L234I,3,55,1555.5555555555557,30.7092781596073
DOR,V106A+L234I,V106A_L234I,3,60,1694.4444444444443,31.04985226190261
DOR,V106A+L234I,V106A_L234I,3,65,1833.3333333333333,31.026583487248285
DOR,V106A+L234I,V106A_L234I,3,70,1972.2222222222224,30.80989695236675
DOR,V106A+L234I,V106A_L234I,3,75,2111.1111111111113,30.84331898884123
DOR,V106A+L234I,V106A_L234I,3,80,2250.0,31.355642465958223
DOR,V106A+L234I,V106A_L234I,3,85,2388.8888888888887,30.986874241553377
DOR,V106A+L234I,V106A_L234I,3,90,2527.777777777778,31.123069281631683
DOR,V106A+L234I,V106A_L234I,3,95,2666.6666666666665,30.82835712372752
DOR,V106A+L234I,V106A_L234I,3,100,2805.5555555555557,31.102230234497455
DOR,V106A+L234I,V106A_L234I,3,105,2944.4444444444443,31.039583405571996
DOR,V106A+L234I,V106A_L234I,3,110,3083.3333333333335,31.01259144118873
DOR,V106A+L234I,V106A_L234I,3,115,3222.222222222222,31.21611409054308
DOR,V106A+L234I,V106A_L234I,3,120,3361.1111111111113,30.798123042932257
DOR,V106A+L234I,V106A_L234I,3,125,3500.0,30.85907592061368
DOR,V106A+L234I,V106A_L234I,3,130,3638.8888888888887,30.927433753416867
DOR,V106A+L234I,V106A_L234I,3,135,3777.777777777778,31.10452185565871
DOR,V106A+L234I,V106A_L234I,3,140,3916.6666666666665,30.76678631571948
DOR,V106A+L234I,V106A_L234I,3,145,4055.555555555556,31.706747606434167
DOR,V106A+L234I,V106A_L234I,3,150,4194.444444444444,31.129327986391104
DOR,V106A+L234I,V106A_L234I,3,155,4333.333333333333,31.889301874364328
DOR,V106A+L234I,V106A_L234I,3,160,4472.222222222223,31.26314737623397
DOR,V106A+L234I,V106A_L234I,3,165,4611.111111111111,31.467320063314503
DOR,V106A+L234I,V106A_L234I,3,170,4750.0,31.593875556675044
DOR,V106A+L234I,V106A_L234I,3,175,4888.888888888889,31.75135357611658
DOR,V106A+L234I,V106A_L234I,3,180,5027.777777777777,31.199688947310097
DOR,V106A+L234I,V106A_L234I,3,185,5166.666666666667,31.43224948622184
DOR,V106A+L234I,V106A_L234I,3,190,5305.555555555556,30.654280875080033
DOR,V106A+L234I,V106A_L234I,3,195,5444.444444444444,31.228977026632236
DOR,V106A+L234I,V106A_L234I,3,200,5583.333333333333,31.653067849812818
DOR,V106A+L234I,V106A_L234I,3,205,5722.222222222223,31.335471134196418
DOR,V106A+L234I,V106A_L234I,3,210,5861.111111111111,30.888831136333195
DOR,V106A+L234I,V106A_L234I,3,215,6000.0,31.567627309305028
DOR,V106A+L234I,V106A_L234I,3,220,6138.888888888889,31.39661247572832
DOR,V106A+L234I,V106A_L234I,3,225,6277.777777777777,31.21334331693129
DOR,V106A+L234I,V106A_L234I,3,230,6416.666666666667,31.059137679322703
DOR,V106A+L234I,V106A_L234I,3,235,6555.555555555556,30.999141338656024
DOR,V106A+L234I,V106A_L234I,3,240,6694.444444444444,31.322670662213923
DOR,V106A+L234I,V106A_L234I,3,245,6833.333333333333,31.45621852418807
DOR,V106A+L234I,V106A_L234I,3,250,6972.222222222223,31.11360111873585
DOR,V106A+L234I,V106A_L234I,3,255,7111.111111111111,31.082838216463585
DOR,V106A+L234I,V106A_L234I,3,260,7250.0,31.647291103491252
DOR,V106A+L234I,V106A_L234I,3,265,7388.888888888889,31.55286459097442
DOR,V106A+L234I,V106A_L234I,3,270,7527.777777777777,31.478380350433447
DOR,V106A+L234I,V106A_L234I,3,275,7666.666666666667,31.423188533017356
DOR,V106A+L234I,V106A_L234I,3,280,7805.555555555556,31.22970619226386
DOR,V106A+L234I,V106A_L234I,3,285,7944.444444444444,31.8548772408972
DOR,V106A+L234I,V106A_L234I,3,290,8083.333333333333,32.17631129679887
DOR,V106A+L234I,V106A_L234I,3,295,8222.222222222223,31.646268244611186
DOR,V106A+L234I,V106A_L234I,3,300,8361.111111111111,31.458244767260616
DOR,V106A+L234I,V106A_L234I,3,305,8500.0,31.506111871241583
DOR,V106A+L234I,V106A_L234I,3,310,8638.888888888889,30.982034981646983
DOR,V106A+L234I,V106A_L234I,3,315,8777.777777777777,31.462681844279548
DOR,V106A+L234I,V106A_L234I,3,320,8916.666666666666,31.5746223322475
DOR,V106A+L234I,V106A_L234I,3,325,9055.555555555557,31.965733933157846
DOR,V106A+L234I,V106A_L234I,3,330,9194.444444444443,31.810872736834177
DOR,V106A+L234I,V106A_L234I,3,335,9333.333333333334,31.94638332298688
DOR,V106A+L234I,V106A_L234I,3,340,9472.222222222224,31.62440065909385
DOR,V106A+L234I,V106A_L234I,3,345,9611.111111111111,31.218186204974373
DOR,V106A+L234I,V106A_L234I,3,350,9750.0,31.184810499969647
DOR,V106A+L234I,V106A_L234I,3,355,9888.888888888889,31.729595744690183
DOR,K103N,K103N,2,0,50.0,30.655964286790397
DOR,K103N,K103N,2,5,300.0,29.832675211845924
DOR,K103N,K103N,2,10,550.0,30.59846512037505
DOR,K103N,K103N,2,15,800.0,30.593340692968688
DOR,K103N,K103N,2,20,1050.0,29.97718119529537
DOR,K103N,K103N,2,25,1300.0,30.613905669912945
DOR,K103N,K103N,2,30,1550.0,29.59892263328948
DOR,K103N,K103N,2,35,1800.0,30.37537587589126
DOR,K103N,K103N,2,40,2050.0,30.263017135925807
DOR,K103N,K103N,2,45,2300.0,30.287819386006667
DOR,K103N,K103N,2,50,2550.0,30.48827032876929
DOR,K103N,K103N,2,55,2800.0,30.126000186873313
DOR,K103N,K103N,2,60,3050.0,30.29222518309848
DOR,K103N,K103N,2,65,3300.0,30.53270255661126
DOR,K103N,K103N,2,70,3550.0,30.266112558474273
DOR,K103N,K103N,2,75,3800.0,30.76402431038397
DOR,K103N,K103N,2,80,4050.0,30.54046327815431
DOR,K103N,K103N,2,85,4300.0,30.857626871929547
DOR,K103N,K103N,2,90,4550.0,30.88250107484803
DOR,K103N,K103N,2,95,4800.0,30.93004307644491
DOR,K103N,K103N,2,100,5050.0,30.46621411555784
DOR,K103N,K103N,2,105,5300.0,30.301546401305544
DOR,K103N,K103N,2,110,5550.0,30.486610342841143
DOR,K103N,K103N,2,115,5800.0,30.71026867673099
DOR,K103N,K103N,2,120,6050.0,30.402635789866792
DOR,K103N,K103N,2,125,6300.0,30.771147036069006
DOR,K103N,K103N,2,130,6550.0,31.122337985623737
DOR,K103N,K103N,2,135,6800.0,30.67369920269128
DOR,K103N,K103N,2,140,7050.0,30.74026858812877
DOR,K103N,K103N,2,145,7300.0,31.190998890211105
DOR,K103N,K103N,2,150,7550.0,30.79482509185412
DOR,K103N,K103N,2,155,7800.0,30.099815405806183
DOR,K103N,K103N,2,160,8050.0,30.664160592220668
DOR,K103N,K103N,2,165,8300.0,31.536248724617828
DOR,K103N,K103N,2,170,8550.0,31.32786020763414
DOR,K103N,K103N,2,175,8800.0,31.16939974994001
DOR,K103N,K103N,2,180,9050.0,31.8702486214295
DOR,K103N,K103N,2,185,9300.0,31.64769700267688
DOR,K103N,K103N,2,190,9550.0,31.195698094000612
DOR,K103N,K103N,2,195,9800.0,31.270528013420165
DOR,K103N,K103N,3,0,50.0,30.692937167750262
DOR,K103N,K103N,3,5,300.0,30.846800498314465
DOR,K103N,K103N,3,10,550.0,30.87672751771797
DOR,K103N,K103N,3,15,800.0,30.59419089779468
DOR,K103N,K103N,3,20,1050.0,30.86183542815637
DOR,K103N,K103N,3,25,1300.0,30.622889517051853
DOR,K103N,K103N,3,30,1550.0,30.55558892743988
DOR,K103N,K103N,3,35,1800.0,30.523406132062863
DOR,K103N,K103N,3,40,2050.0,30.57985427946681
DOR,K103N,K103N,3,45,2300.0,30.55988429739411
DOR,K103N,K103N,3,50,2550.0,30.295347919192096
DOR,K103N,K103N,3,55,2800.0,30.38136562313339
DOR,K103N,K103N,3,60,3050.0,30.62568652347418
DOR,K103N,K103N,3,65,3300.0,30.16872304208657
DOR,K103N,K103N,3,70,3550.0,30.292319784693767
DOR,K103N,K103N,3,75,3800.0,30.24096912593572
DOR,K103N,K103N,3,80,4050.0,29.721580569860215
DOR,K103N,K103N,3,85,4300.0,30.502685534782778
DOR,K103N,K103N,3,90,4550.0,30.480257845030557
DOR,K103N,K103N,3,95,4800.0,30.83808845748176
DOR,K103N,K103N,3,100,5050.0,30.52291295199727
DOR,K103N,K103N,3,105,5300.0,30.50817716898753
DOR,K103N,K103N,3,110,5550.0,30.322707872941898
DOR,K103N,K103N,3,115,5800.0,29.67066108509134
DOR,K103N,K103N,3,120,6050.0,30.22917460057324
DOR,K103N,K103N,3,125,6300.0,30.485822032308356
DOR,K103N,K103N,3,130,6550.0,30.013640447585612
DOR,K103N,K103N,3,135,6800.0,30.260812889679848
DOR,K103N,K103N,3,140,7050.0,30.65546107026744
DOR,K103N,K103N,3,145,7300.0,30.467660779923648
DOR,K103N,K103N,3,150,7550.0,30.666418736404232
DOR,K103N,K103N,3,155,7800.0,30.63360980808963
DOR,K103N,K103N,3,160,8050.0,31.27788650734603
DOR,K103N,K103N,3,165,8300.0,30.93730046169981
DOR,K103N,K103N,3,170,8550.0,30.346306823258345
DOR,K103N,K103N,3,175,8800.0,30.811706954438325
DOR,K103N,K103N,3,180,9050.0,30.099084130886062
DOR,K103N,K103N,3,185,9300.0,30.0610848427343
DOR,K103N,K103N,3,190,9550.0,30.495490392736347
DOR,K103N,K103N,3,195,9800.0,30.353115225325215
DOR,Y181C,Y181C,1,0,50.0,30.667374166577023
DOR,Y181C,Y181C,1,5,300.0,29.627553899500437
DOR,Y181C,Y181C,1,10,550.0,29.909362273073736
DOR,Y181C,Y181C,1,15,800.0,29.31838623230924
DOR,Y181C,Y181C,1,20,1050.0,29.67045198059821
DOR,Y181C,Y181C,1,25,1300.0,29.812345445538934
DOR,Y181C,Y181C,1,30,1550.0,29.97670986134896
DOR,Y181C,Y181C,1,35,1800.0,29.41489918634816
DOR,Y181C,Y181C,1,40,2050.0,30.007953518012247
DOR,Y181C,Y181C,1,45,2300.0,29.687306138720775
DOR,Y181C,Y181C,1,50,2550.0,29.50594716508225
DOR,Y181C,Y181C,1,55,2800.0,29.84895868854195
DOR,Y181C,Y181C,1,60,3050.0,29.432898281223316
DOR,Y181C,Y181C,1,65,3300.0,30.10525051059943
DOR,Y181C,Y181C,1,70,3550.0,29.844446697255236
DOR,Y181C,Y181C,1,75,3800.0,29.81190025841476
DOR,Y181C,Y181C,1,80,4050.0,29.989409162359888
DOR,Y181C,Y181C,1,85,4300.0,29.93037328893307
DOR,Y181C,Y181C,1,90,4550.0,30.31522900117256
DOR,Y181C,Y181C,1,95,4800.0,30.36200502313586
DOR,Y181C,Y181C,1,100,5050.0,30.46740181986757
DOR,Y181C,Y181C,1,105,5300.0,30.44406089561997
DOR,Y181C,Y181C,1,110,5550.0,29.980398486460643
DOR,Y181C,Y181C,1,115,5800.0,30.297244172354898
DOR,Y181C,Y181C,1,120,6050.0,30.3653816515352
DOR,Y181C,Y181C,1,125,6300.0,30.29756398237986
DOR,Y181C,Y181C,1,130,6550.0,29.968366526583804
DOR,Y181C,Y181C,1,135,6800.0,30.05601869951103
DOR,Y181C,Y181C,1,140,7050.0,29.719907177958422
DOR,Y181C,Y181C,1,145,7300.0,29.65562063844775
DOR,Y181C,Y181C,1,150,7550.0,30.08820170687636
DOR,Y181C,Y181C,1,155,7800.0,30.346964648730054
DOR,Y181C,Y181C,1,160,8050.0,30.344028270161097
DOR,Y181C,Y181C,1,165,8300.0,29.686378934352927
DOR,Y181C,Y181C,1,170,8550.0,29.844854642845167
DOR,Y181C,Y181C,1,175,8800.0,30.096001028671555
DOR,Y181C,Y181C,1,180,9050.0,29.836853687183293
DOR,Y181C,Y181C,1,185,9300.0,29.969832563577825
DOR,Y181C,Y181C,1,190,9550.0,29.899107658574263
DOR,Y181C,Y181C,1,195,9800.0,29.79689698464276
DOR,Y181C,Y181C,2,0,50.0,30.12161561513385
DOR,Y181C,Y181C,2,5,300.0,30.43548788691261
DOR,Y181C,Y181C,2,10,550.0,29.906006259329956
DOR,Y181C,Y181C,2,15,800.0,30.061384108043008
DOR,Y181C,Y181C,2,20,1050.0,29.815877175362537
DOR,Y181C,Y181C,2,25,1300.0,29.85286921019065
DOR,Y181C,Y181C,2,30,1550.0,29.3680635337036
DOR,Y181C,Y181C,2,35,1800.0,30.45229935755247
DOR,Y181C,Y181C,2,40,2050.0,30.18773186439864
DOR,Y181C,Y181C,2,45,2300.0,29.738645474234136
DOR,Y181C,Y181C,2,50,2550.0,29.629544393145927
DOR,Y181C,Y181C,2,55,2800.0,29.937096858264105
DOR,Y181C,Y181C,2,60,3050.0,29.745182590903458
DOR,Y181C,Y181C,2,65,3300.0,30.29805384865701
DOR,Y181C,Y181C,2,70,3550.0,30.411022520949505
DOR,Y181C,Y181C,2,75,3800.0,30.04187103197598
DOR,Y181C,Y181C,2,80,4050.0,30.679220391295324
DOR,Y181C,Y181C,2,85,4300.0,30.487962853025
DOR,Y181C,Y181C,2,90,4550.0,30.08670480846278
DOR,Y181C,Y181C,2,95,4800.0,30.560381789083184
DOR,Y181C,Y181C,2,100,5050.0,30.25765084870128
DOR,Y181C,Y181C,2,105,5300.0,30.26578369760148
DOR,Y181C,Y181C,2,110,5550.0,29.896520999416275
DOR,Y181C,Y181C,2,115,5800.0,30.15358359745479
DOR,Y181C,Y181C,2,120,6050.0,30.10460678362552
DOR,Y181C,Y181C,2,125,6300.0,29.93064775350171
DOR,Y181C,Y181C,2,130,6550.0,30.091039070640456
DOR,Y181C,Y181C,2,135,6800.0,30.55735834973376
DOR,Y181C,Y181C,2,140,7050.0,30.54903556037108
DOR,Y181C,Y181C,2,145,7300.0,30.53005326611543
DOR,Y181C,Y181C,2,150,7550.0,30.061928661846007
DOR,Y181C,Y181C,2,155,7800.0,29.816072353166227
DOR,Y181C,Y181C,2,160,8050.0,30.256005379228046
DOR,Y181C,Y181C,2,165,8300.0,30.27553464388643
DOR,Y181C,Y181C,2,170,8550.0,29.923113940843997
DOR,Y181C,Y181C,2,175,8800.0,30.515548433851716
DOR,Y181C,Y181C,2,180,9050.0,30.733493067980454
DOR,Y181C,Y181C,2,185,9300.0,30.603797368936437
DOR,Y181C,Y181C,2,190,9550.0,30.56089202211579
DOR,Y181C,Y181C,2,195,9800.0,29.978139529726217
DOR,Y181C,Y181C,3,0,50.0,30.01135305230251
DOR,Y181C,Y181C,3,5,300.0,31.13302626953598
DOR,Y181C,Y181C,3,10,550.0,30.501217417868236
DOR,Y181C,Y181C,3,15,800.0,30.798599031075536
DOR,Y181C,Y181C,3,20,1050.0,30.4127274807928
DOR,Y181C,Y181C,3,25,1300.0,30.82970243533128
DOR,Y181C,Y181C,3,30,1550.0,31.03041483893193
DOR,Y181C,Y181C,3,35,1800.0,31.185372323319086
DOR,Y181C,Y181C,3,40,2050.0,31.14739953710614
DOR,Y181C,Y181C,3,45,2300.0,31.29820711118635
DOR,Y181C,Y181C,3,50,2550.0,30.81307810915604
DOR,Y181C,Y181C,3,55,2800.0,31.031477151002708
DOR,Y181C,Y181C,3,60,3050.0,30.786057631018924
DOR,Y181C,Y181C,3,65,3300.0,31.03259337418166
DOR,Y181C,Y181C,3,70,3550.0,31.297317636891712
DOR,Y181C,Y181C,3,75,3800.0,30.736299225760845
DOR,Y181C,Y181C,3,80,4050.0,30.96384902777091
DOR,Y181C,Y181C,3,85,4300.0,30.84925682992658
DOR,Y181C,Y181C,3,90,4550.0,30.796184852418794
DOR,Y181C,Y181C,3,95,4800.0,31.19443121828714
DOR,Y181C,Y181C,3,100,5050.0,31.290466333773328
DOR,Y181C,Y181C,3,105,5300.0,30.88147395973431
DOR,Y181C,Y181C,3,110,5550.0,30.709497727739567
DOR,Y181C,Y181C,3,115,5800.0,30.881233217313586
DOR,Y181C,Y181C,3,120,6050.0,30.79613115990372
DOR,Y181C,Y181C,3,125,6300.0,30.759151121931904
DOR,Y181C,Y181C,3,130,6550.0,31.000711082962233
DOR,Y181C,Y181C,3,135,6800.0,30.911963025339897
DOR,Y181C,Y181C,3,140,7050.0,30.87312717781446
DOR,Y181C,Y181C,3,145,7300.0,31.461756951568873
DOR,Y181C,Y181C,3,150,7550.0,30.761991218949888
DOR,Y181C,Y181C,3,155,7800.0,30.66975664756671
DOR,Y181C,Y181C,3,160,8050.0,31.382742363538306
DOR,Y181C,Y181C,3,165,8300.0,31.02486213421111
DOR,Y181C,Y181C,3,170,8550.0,30.961550555476595
DOR,Y181C,Y181C,3,175,8800.0,31.96854121073969
DOR,Y181C,Y181C,3,180,9050.0,32.01517329161936
DOR,Y181C,Y181C,3,185,9300.0,30.838697410209328
DOR,Y181C,Y181C,3,190,9550.0,31.61603187549917
DOR,Y181C,Y181C,3,195,9800.0,30.819376943209587
DOR,G190A,G190A,1,0,50.0,30.50849582491274
DOR,G190A,G190A,1,5,300.0,30.868344083507544
DOR,G190A,G190A,1,10,550.0,30.622591725871526
DOR,G190A,G190A,1,15,800.0,30.70963103956801
DOR,G190A,G190A,1,20,1050.0,30.695795120257888
DOR,G190A,G190A,1,25,1300.0,31.090639739431374
DOR,G190A,G190A,1,30,1550.0,31.02748812879705
DOR,G190A,G190A,1,35,1800.0,31.542323847806163
DOR,G190A,G190A,1,40,2050.0,30.989739252163663
DOR,G190A,G190A,1,45,2300.0,31.443182311496987
DOR,G190A,G190A,1,50,2550.0,31.281476753530573
DOR,G190A,G190A,1,55,2800.0,31.155670238229582
DOR,G190A,G190A,1,60,3050.0,30.942028964298466
DOR,G190A,G190A,1,65,3300.0,31.87197250504665
DOR,G190A,G190A,1,70,3550.0,31.177014995523923
DOR,G190A,G190A,1,75,3800.0,31.000990144480255
DOR,G190A,G190A,1,80,4050.0,30.73946523143498
DOR,G190A,G190A,1,85,4300.0,30.455895376336436
DOR,G190A,G190A,1,90,4550.0,30.69859291802986
DOR,G190A,G190A,1,95,4800.0,30.465857524787932
DOR,G190A,G190A,1,100,5050.0,30.891745198534704
DOR,G190A,G190A,1,105,5300.0,30.33544084074665
DOR,G190A,G190A,1,110,5550.0,30.68530200580863
DOR,G190A,G190A,1,115,5800.0,30.58839471376105
DOR,G190A,G190A,1,120,6050.0,30.97417618740339
DOR,G190A,G190A,1,125,6300.0,30.501787622106193
DOR,G190A,G190A,1,130,6550.0,29.618411472306057
DOR,G190A,G190A,1,135,6800.0,30.28125433907065
DOR,G190A,G190A,1,140,7050.0,30.696361341371674
DOR,G190A,G190A,1,145,7300.0,30.700713419340214
DOR,G190A,G190A,1,150,7550.0,31.100457598046972
DOR,G190A,G190A,1,155,7800.0,30.94332472629654
DOR,G190A,G190A,1,160,8050.0,31.02414838930987
DOR,G190A,G190A,1,165,8300.0,31.315623685764923
DOR,G190A,G190A,1,170,8550.0,30.753705880420707
DOR,G190A,G190A,1,175,8800.0,30.71943397403066
DOR,G190A,G190A,1,180,9050.0,30.351728298148657
DOR,G190A,G190A,1,185,9300.0,30.490244951781996
DOR,G190A,G190A,1,190,9550.0,30.69183163800283
DOR,G190A,G190A,1,195,9800.0,30.785788914188142
DOR,G190A,G190A,2,0,50.0,30.031227001344337
DOR,G190A,G190A,2,5,300.0,30.65306464054387
DOR,G190A,G190A,2,10,550.0,30.119705780453685
DOR,G190A,G190A,2,15,800.0,30.473342903485868
DOR,G190A,G190A,2,20,1050.0,30.01999832657673
DOR,G190A,G190A,2,25,1300.0,29.92532277507904
DOR,G190A,G190A,2,30,1550.0,29.815487333045375
DOR,G190A,G190A,2,35,1800.0,30.15415221768455
DOR,G190A,G190A,2,40,2050.0,30.562809953645218
DOR,G190A,G190A,2,45,2300.0,30.27171160796385
DOR,G190A,G190A,2,50,2550.0,30.090791839203344
DOR,G190A,G190A,2,55,2800.0,29.70887835206368
DOR,G190A,G190A,2,60,3050.0,30.12832213537786
DOR,G190A,G190A,2,65,3300.0,29.781681749838217
DOR,G190A,G190A,2,70,3550.0,29.60691627504128
DOR,G190A,G190A,2,75,3800.0,29.91147458095673
DOR,G190A,G190A,2,80,4050.0,29.483367241790365
DOR,G190A,G190A,2,85,4300.0,30.83766201409917
DOR,G190A,G190A,2,90,4550.0,30.146637630629098
DOR,G190A,G190A,2,95,4800.0,29.888812716699913
DOR,G190A,G190A,2,100,5050.0,30.293195364227625
DOR,G190A,G190A,2,105,5300.0,30.036184399209603
DOR,G190A,G190A,2,110,5550.0,30.004129083001786
DOR,G190A,G190A,2,115,5800.0,30.194796365475337
DOR,G190A,G190A,2,120,6050.0,30.56765939683398
DOR,G190A,G190A,2,125,6300.0,30.559469065573236
DOR,G190A,G190A,2,130,6550.0,30.980875193590396
DOR,G190A,G190A,2,135,6800.0,30.302140973436824
DOR,G190A,G190A,2,140,7050.0,30.022845397936464
DOR,G190A,G190A,2,145,7300.0,30.340863879786912
DOR,G190A,G190A,2,150,7550.0,30.344757354929225
DOR,G190A,G190A,2,155,7800.0,30.75558691696851
DOR,G190A,G190A,2,160,8050.0,30.267241083295296
DOR,G190A,G190A,2,165,8300.0,30.38039476071291
DOR,G190A,G190A,2,170,8550.0,30.904880949553792
DOR,G190A,G190A,2,175,8800.0,30.60593722949764
DOR,G190A,G190A,2,180,9050.0,30.643947986849312
DOR,G190A,G190A,2,185,9300.0,30.76044627116356
DOR,G190A,G190A,2,190,9550.0,30.83979919186468
DOR,G190A,G190A,2,195,9800.0,30.82043838620441
DOR,G190A,G190A,3,0,50.0,30.267905708873503
DOR,G190A,G190A,3,5,300.0,30.676072477946303
DOR,G190A,G190A,3,10,550.0,30.128032423505513
DOR,G190A,G190A,3,15,800.0,31.60279294987814
DOR,G190A,G190A,3,20,1050.0,30.769800505659056
DOR,G190A,G190A,3,25,1300.0,30.577362505171628
DOR,G190A,G190A,3,30,1550.0,30.663276286883946
DOR,G190A,G190A,3,35,1800.0,30.761562868521175
DOR,G190A,G190A,3,40,2050.0,30.49976986289482
DOR,G190A,G190A,3,45,2300.0,30.554719091503294
DOR,G190A,G190A,3,50,2550.0,30.801484880369554
DOR,G190A,G190A,3,55,2800.0,30.86246540159178
DOR,G190A,G190A,3,60,3050.0,30.712228340368817
DOR,G190A,G190A,3,65,3300.0,30.841251294609005
DOR,G190A,G190A,3,70,3550.0,31.11156429021806
DOR,G190A,G190A,3,75,3800.0,30.42881317496312
DOR,G190A,G190A,3,80,4050.0,30.859755626216057
DOR,G190A,G190A,3,85,4300.0,30.78855804061833
DOR,G190A,G190A,3,90,4550.0,30.579175847281533
DOR,G190A,G190A,3,95,4800.0,30.372562289299655
DOR,G190A,G190A,3,100,5050.0,30.65327879912636
DOR,G190A,G190A,3,105,5300.0,31.00950689112537
DOR,G190A,G190A,3,110,5550.0,30.409909258963054
DOR,G190A,G190A,3,115,5800.0,30.226095155791946
DOR,G190A,G190A,3,120,6050.0,30.925565425489676
DOR,G190A,G190A,3,125,6300.0,30.97461898566126
DOR,G190A,G190A,3,130,6550.0,30.522796245028516
DOR,G190A,G190A,3,135,6800.0,31.03024664470548
DOR,G190A,G190A,3,140,7050.0,30.76772106331572
DOR,G190A,G190A,3,145,7300.0,31.20976187268273
DOR,G190A,G190A,3,150,7550.0,31.15982918069931
DOR,G190A,G190A,3,155,7800.0,30.90669197414559
DOR,G190A,G190A,3,160,8050.0,30.52544943018392
DOR,G190A,G190A,3,165,8300.0,30.707060937057655
DOR,G190A,G190A,3,170,8550.0,30.79042362746491
DOR,G190A,G190A,3,175,8800.0,30.529938031412236
DOR,G190A,G190A,3,180,9050.0,30.2499967595064
DOR,G190A,G190A,3,185,9300.0,30.871588716203707
DOR,G190A,G190A,3,190,9550.0,30.474555890631898
DOR,G190A,G190A,3,195,9800.0,30.1832484741985
DOR,V106I,V106I,1,0,50.0,30.371255196293976
DOR,V106I,V106I,1,5,300.0,30.515106703477223
DOR,V106I,V106I,1,10,550.0,30.227805448808468
DOR,V106I,V106I,1,15,800.0,30.811403088710343
DOR,V106I,V106I,1,20,1050.0,30.77779983379473
DOR,V106I,V106I,1,25,1300.0,30.650594723940923
DOR,V106I,V106I,1,30,1550.0,30.687714499027113
DOR,V106I,V106I,1,35,1800.0,29.965864168893297
DOR,V106I,V106I,1,40,2050.0,30.852296441645496
DOR,V106I,V106I,1,45,2300.0,30.739491524737804
DOR,V106I,V106I,1,50,2550.0,30.79734135534044
DOR,V106I,V106I,1,55,2800.0,30.739232055631497
DOR,V106I,V106I,1,60,3050.0,30.52824242177622
DOR,V106I,V106I,1,65,3300.0,30.874786651602736
DOR,V106I,V106I,1,70,3550.0,30.703580596988623
DOR,V106I,V106I,1,75,3800.0,30.903950636937136
DOR,V106I,V106I,1,80,4050.0,30.497775247569457
DOR,V106I,V106I,1,85,4300.0,30.651427083440176
DOR,V106I,V106I,1,90,4550.0,31.275468180650275
DOR,V106I,V106I,1,95,4800.0,30.9784838631944
DOR,V106I,V106I,1,100,5050.0,30.807230101452852
DOR,V106I,V106I,1,105,5300.0,30.97347638051208
DOR,V106I,V106I,1,110,5550.0,31.270685313290173
DOR,V106I,V106I,1,115,5800.0,30.726088742479185
DOR,V106I,V106I,1,120,6050.0,30.81218970774278
DOR,V106I,V106I,1,125,6300.0,30.360351925738502
DOR,V106I,V106I,1,130,6550.0,30.64738333947693
DOR,V106I,V106I,1,135,6800.0,30.333304956420022
DOR,V106I,V106I,1,140,7050.0,30.58477183108068
DOR,V106I,V106I,1,145,7300.0,30.605987123929378
DOR,V106I,V106I,1,150,7550.0,30.803265031603416
DOR,V106I,V106I,1,155,7800.0,30.49382757337864
DOR,V106I,V106I,1,160,8050.0,31.19770861534192
DOR,V106I,V106I,1,165,8300.0,30.20225220684738
DOR,V106I,V106I,1,170,8550.0,30.313085264034612
DOR,V106I,V106I,1,175,8800.0,30.386088357599707
DOR,V106I,V106I,1,180,9050.0,30.722668859787976
DOR,V106I,V106I,1,185,9300.0,30.376351097970524
DOR,V106I,V106I,1,190,9550.0,30.95454832746183
DOR,V106I,V106I,1,195,9800.0,30.213070867205648
DOR,V106I,V106I,2,0,50.0,30.157419887708635
DOR,V106I,V106I,2,5,300.0,30.74458004901153
DOR,V106I,V106I,2,10,550.0,30.668065303130263
DOR,V106I,V106I,2,15,800.0,31.118523135397098
DOR,V106I,V106I,2,20,1050.0,30.523440256090005
DOR,V106I,V106I,2,25,1300.0,30.19502540873995
DOR,V106I,V106I,2,30,1550.0,29.99262685454882
DOR,V106I,V106I,2,35,1800.0,29.9807190445967
DOR,V106I,V106I,2,40,2050.0,30.236837932346425
DOR,V106I,V106I,2,45,2300.0,30.246328416212567
DOR,V106I,V106I,2,50,2550.0,29.763625915501542
DOR,V106I,V106I,2,55,2800.0,30.035165396624183
DOR,V106I,V106I,2,60,3050.0,29.829326071916213
DOR,V106I,V106I,2,65,3300.0,29.85813010135332
DOR,V106I,V106I,2,70,3550.0,30.061794641407147
DOR,V106I,V106I,2,75,3800.0,30.121475401531264
DOR,V106I,V106I,2,80,4050.0,30.197908247356366
DOR,V106I,V106I,2,85,4300.0,30.16563266427914
DOR,V106I,V106I,2,90,4550.0,30.679705710192284
DOR,V106I,V106I,2,95,4800.0,30.48827388735951
DOR,V106I,V106I,2,100,5050.0,30.488824629040955
DOR,V106I,V106I,2,105,5300.0,30.582476450868125
DOR,V106I,V106I,2,110,5550.0,30.581385900480416
DOR,V106I,V106I,2,115,5800.0,30.408972834009855
DOR,V106I,V106I,2,120,6050.0,30.237268878641864
DOR,V106I,V106I,2,125,6300.0,30.581894154942585
DOR,V106I,V106I,2,130,6550.0,30.36853081087107
DOR,V106I,V106I,2,135,6800.0,30.692418366523608
DOR,V106I,V106I,2,140,7050.0,30.809441675358514
DOR,V106I,V106I,2,145,7300.0,30.53409096843617
DOR,V106I,V106I,2,150,7550.0,31.318432232159005
DOR,V106I,V106I,2,155,7800.0,30.948372450988906
DOR,V106I,V106I,2,160,8050.0,31.05611424225642
DOR,V106I,V106I,2,165,8300.0,30.590464552251216
DOR,V106I,V106I,2,170,8550.0,31.015109302778612
DOR,V106I,V106I,2,175,8800.0,30.23956472119603
DOR,V106I,V106I,2,180,9050.0,31.226972587664807
DOR,V106I,V106I,2,185,9300.0,31.0000500706723
DOR,V106I,V106I,2,190,9550.0,31.85968344852687
DOR,V106I,V106I,2,195,9800.0,31.08881746560152
DOR,V106I,V106I,3,0,50.0,30.572077452281217
DOR,V106I,V106I,3,5,300.0,30.061185251549738
DOR,V106I,V106I,3,10,550.0,30.027783040613123
DOR,V106I,V106I,3,15,800.0,29.79693936482423
DOR,V106I,V106I,3,20,1050.0,29.790265515756616
DOR,V106I,V106I,3,25,1300.0,29.71408183240722
DOR,V106I,V106I,3,30,1550.0,29.691607665546936
DOR,V106I,V106I,3,35,1800.0,29.482602292241666
DOR,V106I,V106I,3,40,2050.0,29.939562627377708
DOR,V106I,V106I,3,45,2300.0,29.863568780029112
DOR,V106I,V106I,3,50,2550.0,29.958878509247572
DOR,V106I,V106I,3,55,2800.0,29.40361561616609
DOR,V106I,V106I,3,60,3050.0,29.82733005613572
DOR,V106I,V106I,3,65,3300.0,29.89819531723082
DOR,V106I,V106I,3,70,3550.0,29.858514653415828
DOR,V106I,V106I,3,75,3800.0,29.984746702270428
DOR,V106I,V106I,3,80,4050.0,29.916822462196553
DOR,V106I,V106I,3,85,4300.0,29.809830323206057
DOR,V106I,V106I,3,90,4550.0,29.914046470207552
DOR,V106I,V106I,3,95,4800.0,30.059133518881794
DOR,V106I,V106I,3,100,5050.0,30.036161122927428
DOR,V106I,V106I,3,105,5300.0,30.49906827012169
DOR,V106I,V106I,3,110,5550.0,30.674205723252104
DOR,V106I,V106I,3,115,5800.0,29.97870472695749
DOR,V106I,V106I,3,120,6050.0,30.295019483060653
DOR,V106I,V106I,3,125,6300.0,29.76097487618644
DOR,V106I,V106I,3,130,6550.0,29.87838885168864
DOR,V106I,V106I,3,135,6800.0,30.069395723275058
DOR,V106I,V106I,3,140,7050.0,29.46234330280027
DOR,V106I,V106I,3,145,7300.0,30.07148213301569
DOR,V106I,V106I,3,150,7550.0,30.107095197382396
DOR,V106I,V106I,3,155,7800.0,30.00347902283332
DOR,V106I,V106I,3,160,8050.0,30.16852266541617
DOR,V106I,V106I,3,165,8300.0,29.830805366111083
DOR,V106I,V106I,3,170,8550.0,30.199530468990663
DOR,V106I,V106I,3,175,8800.0,29.88450613093208
DOR,V106I,V106I,3,180,9050.0,29.640172066083093
DOR,V106I,V106I,3,185,9300.0,29.730837942861367
DOR,V106I,V106I,3,190,9550.0,29.632315421927924
DOR,V106I,V106I,3,195,9800.0,30.028498308875925
DOR,A98G+F227C,A98G_F227C,1,0,50.0,30.19512497135284
DOR,A98G+F227C,A98G_F227C,1,5,300.0,30.534164267209167
DOR,A98G+F227C,A98G_F227C,1,10,550.0,30.15468179623805
DOR,A98G+F227C,A98G_F227C,1,15,800.0,30.359720348814218
DOR,A98G+F227C,A98G_F227C,1,20,1050.0,30.20774018805672
DOR,A98G+F227C,A98G_F227C,1,25,1300.0,30.03118246274966
DOR,A98G+F227C,A98G_F227C,1,30,1550.0,30.008553827815575
DOR,A98G+F227C,A98G_F227C,1,35,1800.0,29.91885958406307
DOR,A98G+F227C,A98G_F227C,1,40,2050.0,29.95085131816895
DOR,A98G+F227C,A98G_F227C,1,45,2300.0,29.80802304599727
DOR,A98G+F227C,A98G_F227C,1,50,2550.0,30.04335174033207
DOR,A98G+F227C,A98G_F227C,1,55,2800.0,29.876118814252116
DOR,A98G+F227C,A98G_F227C,1,60,3050.0,30.29794908624409
DOR,A98G+F227C,A98G_F227C,1,65,3300.0,30.02226064096912
DOR,A98G+F227C,A98G_F227C,1,70,3550.0,29.66074117973539
DOR,A98G+F227C,A98G_F227C,1,75,3800.0,30.206498355646957
DOR,A98G+F227C,A98G_F227C,1,80,4050.0,30.011142862414783
DOR,A98G+F227C,A98G_F227C,1,85,4300.0,30.19445411620204
DOR,A98G+F227C,A98G_F227C,1,90,4550.0,30.185159891574248
DOR,A98G+F227C,A98G_F227C,1,95,4800.0,30.029662269661113
DOR,A98G+F227C,A98G_F227C,1,100,5050.0,30.23794668473772
DOR,A98G+F227C,A98G_F227C,1,105,5300.0,29.834906492363277
DOR,A98G+F227C,A98G_F227C,1,110,5550.0,29.803177621979323
DOR,A98G+F227C,A98G_F227C,1,115,5800.0,30.323295439232897
DOR,A98G+F227C,A98G_F227C,1,120,6050.0,29.886056293836138
DOR,A98G+F227C,A98G_F227C,1,125,6300.0,30.50337402673015
DOR,A98G+F227C,A98G_F227C,1,130,6550.0,30.397679433334694
DOR,A98G+F227C,A98G_F227C,1,135,6800.0,30.54386695277795
DOR,A98G+F227C,A98G_F227C,1,140,7050.0,30.47721036272876
DOR,A98G+F227C,A98G_F227C,1,145,7300.0,30.20881371290024
DOR,A98G+F227C,A98G_F227C,1,150,7550.0,30.178500339561715
DOR,A98G+F227C,A98G_F227C,1,155,7800.0,30.608147843242897
DOR,A98G+F227C,A98G_F227C,1,160,8050.0,30.704588529034208
DOR,A98G+F227C,A98G_F227C,1,165,8300.0,30.492960602808107
DOR,A98G+F227C,A98G_F227C,1,170,8550.0,31.21495057487116
DOR,A98G+F227C,A98G_F227C,1,175,8800.0,30.34262394759484
DOR,A98G+F227C,A98G_F227C,1,180,9050.0,30.586307706028297
DOR,A98G+F227C,A98G_F227C,1,185,9300.0,31.12384972230204
DOR,A98G+F227C,A98G_F227C,1,190,9550.0,30.67642885865733
DOR,A98G+F227C,A98G_F227C,1,195,9800.0,30.627706797430506
DOR,A98G+F227C,A98G_F227C,2,0,50.0,30.470998197440405
DOR,A98G+F227C,A98G_F227C,2,5,300.0,30.812339706165947
DOR,A98G+F227C,A98G_F227C,2,10,550.0,30.857326959429685
DOR,A98G+F227C,A98G_F227C,2,15,800.0,31.27855812231064
DOR,A98G+F227C,A98G_F227C,2,20,1050.0,30.751607571915432
DOR,A98G+F227C,A98G_F227C,2,25,1300.0,31.33349647853714
DOR,A98G+F227C,A98G_F227C,2,30,1550.0,31.85099633007581
DOR,A98G+F227C,A98G_F227C,2,35,1800.0,30.87187683346843
DOR,A98G+F227C,A98G_F227C,2,40,2050.0,31.028334301514327
DOR,A98G+F227C,A98G_F227C,2,45,2300.0,31.05174042800714
DOR,A98G+F227C,A98G_F227C,2,50,2550.0,31.110858557030056
DOR,A98G+F227C,A98G_F227C,2,55,2800.0,30.893302766124364
DOR,A98G+F227C,A98G_F227C,2,60,3050.0,31.3000045827697
DOR,A98G+F227C,A98G_F227C,2,65,3300.0,31.34897916355931
DOR,A98G+F227C,A98G_F227C,2,70,3550.0,31.056515763877854
DOR,A98G+F227C,A98G_F227C,2,75,3800.0,30.844972555216568
DOR,A98G+F227C,A98G_F227C,2,80,4050.0,31.349816330087595
DOR,A98G+F227C,A98G_F227C,2,85,4300.0,31.17601149609406
DOR,A98G+F227C,A98G_F227C,2,90,4550.0,31.51401913551387
DOR,A98G+F227C,A98G_F227C,2,95,4800.0,31.31604051398652
DOR,A98G+F227C,A98G_F227C,2,100,5050.0,31.453708338608433
DOR,A98G+F227C,A98G_F227C,2,105,5300.0,31.3734159047067
DOR,A98G+F227C,A98G_F227C,2,110,5550.0,31.352117307254595
DOR,A98G+F227C,A98G_F227C,2,115,5800.0,31.534232635045793
DOR,A98G+F227C,A98G_F227C,2,120,6050.0,32.14643625390457
DOR,A98G+F227C,A98G_F227C,2,125,6300.0,31.257474915079527
DOR,A98G+F227C,A98G_F227C,2,130,6550.0,31.248644439074628
DOR,A98G+F227C,A98G_F227C,2,135,6800.0,30.875311885450415
DOR,A98G+F227C,A98G_F227C,2,140,7050.0,31.042544096336066
DOR,A98G+F227C,A98G_F227C,2,145,7300.0,30.906508731935467
DOR,A98G+F227C,A98G_F227C,2,150,7550.0,31.302089821976864
DOR,A98G+F227C,A98G_F227C,2,155,7800.0,31.041950188312185
DOR,A98G+F227C,A98G_F227C,2,160,8050.0,31.1635835901633
DOR,A98G+F227C,A98G_F227C,2,165,8300.0,31.283099289367605
DOR,A98G+F227C,A98G_F227C,2,170,8550.0,30.453732183980033
DOR,A98G+F227C,A98G_F227C,2,175,8800.0,30.520186744028656
DOR,A98G+F227C,A98G_F227C,2,180,9050.0,31.48172824762307
DOR,A98G+F227C,A98G_F227C,2,185,9300.0,31.209861611052588
DOR,A98G+F227C,A98G_F227C,2,190,9550.0,30.409633953300812
DOR,A98G+F227C,A98G_F227C,2,195,9800.0,30.95588008450621
DOR,A98G+F227C,A98G_F227C,3,0,50.0,30.454564167025513
DOR,A98G+F227C,A98G_F227C,3,5,300.0,30.04499455600442
DOR,A98G+F227C,A98G_F227C,3,10,550.0,30.471988373060903
DOR,A98G+F227C,A98G_F227C,3,15,800.0,29.6567264152189
DOR,A98G+F227C,A98G_F227C,3,20,1050.0,30.367276526284183
DOR,A98G+F227C,A98G_F227C,3,25,1300.0,30.338490362115312
DOR,A98G+F227C,A98G_F227C,3,30,1550.0,30.225485624180816
DOR,A98G+F227C,A98G_F227C,3,35,1800.0,30.799468500720984
DOR,A98G+F227C,A98G_F227C,3,40,2050.0,30.081028384435392
DOR,A98G+F227C,A98G_F227C,3,45,2300.0,30.353645811725055
DOR,A98G+F227C,A98G_F227C,3,50,2550.0,30.43759726236768
DOR,A98G+F227C,A98G_F227C,3,55,2800.0,30.79219457435433
DOR,A98G+F227C,A98G_F227C,3,60,3050.0,30.42475406653453
DOR,A98G+F227C,A98G_F227C,3,65,3300.0,30.49611474216279
DOR,A98G+F227C,A98G_F227C,3,70,3550.0,30.03470349700801
DOR,A98G+F227C,A98G_F227C,3,75,3800.0,30.692682529870957
DOR,A98G+F227C,A98G_F227C,3,80,4050.0,30.61526386617029
DOR,A98G+F227C,A98G_F227C,3,85,4300.0,30.363234353651514
DOR,A98G+F227C,A98G_F227C,3,90,4550.0,30.88847472757226
DOR,A98G+F227C,A98G_F227C,3,95,4800.0,30.531637346305285
DOR,A98G+F227C,A98G_F227C,3,100,5050.0,30.636551596058176
DOR,A98G+F227C,A98G_F227C,3,105,5300.0,30.548486309814052
DOR,A98G+F227C,A98G_F227C,3,110,5550.0,30.84830662100217
DOR,A98G+F227C,A98G_F227C,3,115,5800.0,30.76564407038544
DOR,A98G+F227C,A98G_F227C,3,120,6050.0,30.94131153608884
DOR,A98G+F227C,A98G_F227C,3,125,6300.0,30.41079569840421
DOR,A98G+F227C,A98G_F227C,3,130,6550.0,30.64743019619956
DOR,A98G+F227C,A98G_F227C,3,135,6800.0,30.743739954293535
DOR,A98G+F227C,A98G_F227C,3,140,7050.0,30.36037176668032
DOR,A98G+F227C,A98G_F227C,3,145,7300.0,30.560123698178543
DOR,A98G+F227C,A98G_F227C,3,150,7550.0,30.458153149807384
DOR,A98G+F227C,A98G_F227C,3,155,7800.0,30.82216552284744
DOR,A98G+F227C,A98G_F227C,3,160,8050.0,30.27591501255804
DOR,A98G+F227C,A98G_F227C,3,165,8300.0,30.803014161006224
DOR,A98G+F227C,A98G_F227C,3,170,8550.0,30.55978441094479
DOR,A98G+F227C,A98G_F227C,3,175,8800.0,30.272012448750125
DOR,A98G+F227C,A98G_F227C,3,180,9050.0,30.882329582726676
DOR,A98G+F227C,A98G_F227C,3,185,9300.0,30.94653693539318
DOR,A98G+F227C,A98G_F227C,3,190,9550.0,30.722505878578644
DOR,A98G+F227C,A98G_F227C,3,195,9800.0,30.74651741762809
