#"Step","Potential Energy (kJ/mole)","Temperature (K)","Box Volume (nm^3)","Density (g/mL)","Speed (ns/day)"
2000,-2617286.4329546224,299.55811692433736,1995.1639757323424,0.9989647163154046,0
4000,-2621222.6234266516,299.7094588480507,1980.0943450134018,1.0065673991946502,80.4
6000,-2628718.0435721464,300.58082789013645,1967.5826402730745,1.0129680828773517,77.3
8000,-2626690.862035094,299.68453126588963,1965.673289824797,1.0139520261771588,76.4
10000,-2627952.778018987,301.31333808447175,1963.597344517199,1.0150239918511548,76.2
12000,-2626752.075260021,300.549933913299,1963.8177228126583,1.0149100865459035,76.1
14000,-2628508.8570703436,299.72496102633767,1963.462103461042,1.0150939055594155,75.7
16000,-2629270.7571711056,300.33440077576756,1962.657303752335,1.0155101510638866,75.4
18000,-2630102.3741024304,299.7650847695167,1959.6542541406172,1.0170663579092545,75.1
20000,-2628758.678637823,301.12382809928977,1962.0607171990835,1.0158189283078856,74.6
22000,-2628003.388491718,301.37951560102294,1965.5535801318122,1.0140137797141682,74.4
24000,-2629177.8593875896,301.0112093463625,1962.5076353750014,1.0155875977722388,74.1
26000,-2629451.299424691,300.9350503248574,1959.8902156374547,1.0169439079381895,73.7
28000,-2631594.247010844,299.10519852945373,1962.8173859197245,1.0154273287559354,73.2
30000,-2632285.995628055,300.107404030009,1959.8841375579727,1.0169470617296728,72.7
32000,-2632143.640341891,299.49746812634964,1961.9522118378407,1.015875107963592,72.3
34000,-2629661.418948002,300.6947050218229,1964.296056717809,1.0146629415682338,72
36000,-2630837.3101458494,300.8027578024037,1962.7085189429013,1.0154836521999917,71.7
38000,-2630151.281594489,299.4259010679303,1958.8921134254429,1.0174620650929653,71.5
40000,-2628081.3893705774,300.3390925369904,1960.8667537747167,1.01643745613179,71.4
42000,-2631262.9082484636,299.4138437473844,1960.9968365091809,1.01637003074831,71.2
44000,-2630320.4717580266,299.437230597405,1961.7218709742233,1.015994389678884,71
46000,-2627794.172977548,300.2669484294745,1965.5871542888783,1.0139964593639446,70.7
48000,-2632007.629731413,299.7970217968631,1960.9598328782502,1.0163892098160683,70.5
50000,-2631746.312574612,300.24833364293164,1961.7901924463977,1.0159590065718163,70.2
52000,-2632000.246158233,300.09054068549557,1961.820560363848,1.01594328007783,69.9
54000,-2629898.9708932415,300.86004551481574,1962.734055685955,1.0154704399438401,69.6
56000,-2628868.743884871,300.0407517029459,1963.2310012881082,1.0152133975637454,69.5
58000,-2627475.244947668,300.9577516222866,1960.4189179251355,1.0166696499387111,69.2
60000,-2631517.3462719955,300.0554410837753,1962.6011027085053,1.0155392312118754,69.1
62000,-2631723.470374955,300.91187586548745,1961.6464728846559,1.0160334405665192,69.1
64000,-2631038.6111248396,299.2732225070315,1960.7327617310705,1.0165069171693388,69
66000,-2628694.5113642495,300.40040418757474,1964.0745253116363,1.0147773871787948,69
68000,-2631976.1718305796,299.6073738607625,1958.4209261897424,1.0177068618736111,68.9
70000,-2630296.81016599,301.713890894507,1962.3051288398744,1.0156924046763842,68.9
72000,-2630224.026399454,301.46433506321074,1960.8342877894277,1.0164542855210472,68.8
74000,-2632465.7512268256,299.6832973119887,1963.9003327572875,1.0148673951401053,68.7
76000,-2632847.972232839,301.08004869772134,1964.166446924071,1.014729896308641,68.6
78000,-2632751.7553035673,300.9886686611763,1958.2750465869603,1.017782674856582,68.7
80000,-2632461.8910852186,299.4066232171994,1959.6240453360313,1.0170820366099371,68.6
82000,-2632980.135438783,301.8849804206998,1960.237014379077,1.0167639935375399,68.6
84000,-2632640.264662545,299.6577738716114,1961.3685932471355,1.0161773885246672,68.5
86000,-2629427.1586467028,301.59796721394474,1964.0072659894056,1.014812139208718,68.5
88000,-2628562.748322768,301.18432857070906,1962.876194824072,1.0153969059667622,68.4
90000,-2631329.7577227578,301.28747982933106,1962.011139443315,1.0158445968791388,68.3
92000,-2633766.2589861024,300.71984231811956,1961.0380130614822,1.0163486896965555,68.3
94000,-2631694.8536221273,300.5726102417327,1960.6298250715645,1.0165602856456724,68.3
96000,-2633209.1123864,301.76932448301994,1961.264138984611,1.016231508751312,68.2
98000,-2633480.2757558823,299.5180757160572,1956.9042080880054,1.0184956457156034,68.1
100000,-2630557.2642812394,301.57556963649,1962.9467806850744,1.0153603931761088,68
102000,-2630877.541054081,299.80112806617274,1965.5598225146096,1.0140105593277409,67.9
104000,-2631244.6394021176,299.38771713032145,1962.9574923154876,1.0153548524727007,67.9
106000,-2632296.421835061,300.5373024896955,1963.4909829308704,1.0150789753284781,67.8
108000,-2630791.960492339,300.2668069926493,1962.2125081675265,1.0157403475536355,67.7
110000,-2631713.6157268435,300.1581325688844,1960.4891285014237,1.0166332401667928,67.6
112000,-2631054.921290593,300.79481081234235,1960.8877691253833,1.0164265627038707,67.6
114000,-2629402.8031256646,298.8477422707157,1964.5692809211946,1.0145218264257914,67.6
116000,-2630274.192852281,300.3567767897905,1964.2959853870725,1.0146629784143382,67.5
118000,-2629396.2588987686,302.01938385268284,1961.2885337380328,1.0162188687360112,67.4
120000,-2631141.711995261,300.6096452748266,1959.175514861687,1.0173148857267555,67.4
122000,-2632063.350406153,299.60578899593906,1960.3148738957964,1.016723609844997,67.3
124000,-2631301.4836390056,299.91353650962475,1959.9964990217618,1.0168887628191854,67.3
126000,-2631532.9344937373,299.290574427101,1959.1517861813575,1.017327207150694,67.2
128000,-2632365.412901152,300.64448462861765,1959.0844075786958,1.017362195988032,67.1
130000,-2633298.404283136,300.78178312032895,1958.2583526144722,1.017791351360349,66.8
132000,-2631963.0626389403,299.403654003674,1959.8534420036385,1.0169629893256447,66.8
134000,-2633308.7829749715,300.5409063303503,1956.9700620042142,1.0184613723620073,66.8
136000,-2631134.9158504903,299.71324063767054,1959.3146654181874,1.0172426360085334,66.7
138000,-2631760.1130787153,299.2387092466154,1962.5845352653857,1.015547804034165,66.7
140000,-2629319.7973972987,301.47136113989177,1962.437250387159,1.0156240229474682,66.6
142000,-2631169.763651544,300.8769755417241,1961.8140236025222,1.0159466651992852,66.6
144000,-2631809.765554797,300.7235529181679,1959.3188083507362,1.0172404850734178,66.5
146000,-2632555.708121801,300.7934008563143,1961.366494992767,1.0161784756232028,66.5
148000,-2630288.091437217,300.85839953663697,1961.8042508727167,1.0159517261385975,66.5
150000,-2630898.3301081117,299.6870579608408,1964.3490316833138,1.0146355779309872,66.4
152000,-2631564.0507795513,301.26916672741044,1962.3402192664676,1.015674242137892,66.4
154000,-2630854.9611199684,300.44103383216964,1963.627842113482,1.0150082272590781,66.4
156000,-2632680.655552333,300.02343980863543,1960.454524985367,1.0166511845180652,66.4
158000,-2631408.2060828395,300.3531079601184,1959.7035745807952,1.0170407610990464,66.3
160000,-2629965.6242384464,299.5817695319742,1962.547675921915,1.0155668774181028,66.3
162000,-2633765.448410291,301.02399648869425,1960.470298860852,1.0166430045781776,66.3
164000,-2634533.5609372407,298.5850740266429,1959.3451677049172,1.017226799989914,66.2
166000,-2629539.522335775,301.05152003190125,1958.401802572788,1.0177167996893206,66.2
168000,-2634009.1074246597,301.4799327108624,1957.5404625167914,1.0181646066501566,66.2
170000,-2630777.9188964013,300.8512410056557,1958.8115882606692,1.0175038921379622,66.1
172000,-2631075.9433040805,299.5624225919171,1960.8998833002067,1.0164202833577496,66.1
174000,-2630133.66384477,299.1272451097158,1960.750309748803,1.0164978197940542,66.1
176000,-2632741.5690705143,299.73381572597157,1960.1160419368262,1.0168267451404347,66
178000,-2630643.820611341,300.9888360591755,1960.6315799078254,1.0165593757874059,66
180000,-2631592.224157095,300.99701392263427,1961.1167977082914,1.016307859556991,66
182000,-2631817.075312093,299.18700202128383,1961.1942129898064,1.016267742286334,66
184000,-2632508.0638505705,300.3547477943882,1964.092467291804,1.014768117189699,65.9
186000,-2633358.958686702,300.25422972014184,1959.1142620644255,1.0173466926425914,65.9
188000,-2632607.9856823124,300.9932768522567,1962.8057037936255,1.0154333723241176,65.8
190000,-2630746.910914194,299.51588741482925,1964.5089198324617,1.0145529984104888,65.8
192000,-2632637.1062856223,299.93020982406625,1962.3246052113618,1.0156823237741026,65.8
194000,-2632284.05260475,300.1001892619058,1960.5439298052854,1.0166048231411584,65.8
196000,-2632851.4817232527,300.9118371639976,1956.727835912687,1.0185874491280607,65.8
198000,-2631902.956834795,300.93321430852717,1962.3789730805515,1.0156541842126443,65.7
200000,-2632111.64400129,301.00526692068246,1962.1053070302544,1.015795843311198,65.7
202000,-2631668.397418255,299.8408212714034,1960.7459709586828,1.0165000691270951,65.7
204000,-2632090.951032825,300.5076796415137,1963.4069032420168,1.0151224444251115,65.6
206000,-2630413.9686320145,300.4998103258065,1961.0170891587697,1.0163595340595257,65.6
208000,-2632866.540411491,300.45440169790606,1961.0998634510127,1.016316635458254,65.6
210000,-2629027.4127240926,301.58314098146366,1962.9819511145406,1.0153422011285098,65.5
212000,-2630566.1108918544,302.26893052980506,1963.8650842924653,1.0148856105042678,65.5
214000,-2632424.710850099,299.222139255269,1960.7404761030148,1.0165029178065783,65.5
216000,-2633603.674343342,300.2126213899388,1957.343583975694,1.0182670182880496,65.5
218000,-2631880.9506333806,299.60209417792817,1963.5918630566991,1.0150268253391226,65.5
220000,-2632711.8766578157,299.07479637404987,1960.906463438528,1.0164168725953384,65.4
222000,-2633703.248334583,300.4783651393162,1959.6222892874787,1.0170829480332495,65.4
224000,-2632334.0741785634,300.6123396391031,1959.1810262002323,1.017312023935697,65.4
226000,-2635470.2135870345,299.4777274937048,1958.748109913888,1.0175368670082832,65.3
228000,-2634281.3879402597,299.8111941416054,1958.4687977466172,1.0176819856989303,65.3
230000,-2633711.745924227,300.2374905646912,1957.6225994915328,1.0181218869959183,65.3
232000,-2631304.436445182,299.67581387593725,1960.9639860891114,1.0163870571611828,65.2
234000,-2632683.64620436,300.57371627731663,1960.096875135183,1.0168366881778308,65.2
236000,-2633737.526593797,300.6323559893654,1958.0303794419322,1.0179098526490875,65.2
238000,-2632093.510801863,299.9402237063827,1957.806820370802,1.0180260862727448,65.2
240000,-2633889.741595909,300.0839989598777,1962.1833432838916,1.0157554449955444,65.2
242000,-2631635.132225983,299.633329401209,1958.944794535816,1.0174347028970008,65.2
244000,-2630986.321530521,299.5886961477336,1956.7293222983296,1.0185866753808985,65.2
246000,-2632402.3763575666,301.41231338406976,1959.7130272606903,1.0170358554008037,65.1
248000,-2631559.5373628326,299.70376947751305,1962.6655103768503,1.0155059048433988,65.1
250000,-2632006.2585514467,300.23373926580206,1959.7787771006908,1.017001734230828,65.1
252000,-2630146.738732379,301.368856363529,1964.9977830291957,1.0143005922111827,65.1
254000,-2631586.420490017,300.558120153052,1960.602398709148,1.016574506045908,65.1
256000,-2629384.392056223,300.2050884617808,1958.454227808315,1.0176895567534552,65.1
258000,-2632476.54320441,299.1753367706514,1961.2940192897731,1.0162160264690543,65.1
260000,-2633167.155327117,299.20396003991914,1957.9503364448892,1.0179514658370268,65.1
262000,-2634891.794627806,301.32315574189056,1958.85956014986,1.0174789737696637,65
264000,-2634675.5086073205,301.4601832088891,1960.1026554279397,1.0168336895523622,65
266000,-2630995.212635888,299.10457301002737,1963.6174697317429,1.0150135888190377,65
268000,-2631958.288526455,300.3081023658732,1962.0022743664124,1.0158491868536714,65
270000,-2631483.827891063,300.4699751496113,1963.5607988325523,1.015042883421376,65
272000,-2632209.1699023377,300.6183819318917,1961.449691457563,1.0161353735966039,65
274000,-2633160.983119929,300.844398506436,1958.861487092067,1.017477972870319,64.9
276000,-2633766.9361573923,300.7032161091047,1959.6501630380944,1.0170684812080049,64.9
278000,-2633897.763606211,301.0199039048424,1960.3622702192379,1.0166990281838444,64.9
280000,-2631105.602211237,298.8887447922687,1958.6724405762234,1.017576177481633,64.9
282000,-2634825.177393062,299.9496350608504,1957.5200622110972,1.0181752174579963,64.9
284000,-2632711.0916459244,300.29036291185037,1960.8463610664523,1.0164480270326641,64.9
286000,-2631152.571300924,300.2257213071209,1961.211187992187,1.0162589461161662,64.9
288000,-2631864.406199841,300.3335475763179,1961.3312578367395,1.0161967322228231,64.9
290000,-2633564.3990708627,299.37742862379025,1959.0921506806571,1.0173581749728833,64.9
292000,-2630670.12785781,299.9260809159714,1964.080897724111,1.0147740947583612,64.8
294000,-2631214.8741888143,300.1280988414136,1960.2226759240395,1.0167714308685045,64.8
296000,-2632616.9003508724,300.4131601169483,1961.560110948621,1.0160781736412356,64.8
298000,-2634368.589419838,301.1615133365441,1961.04420592913,1.0163454801243794,64.8
300000,-2633329.2745158803,300.67965378964277,1958.3362045780598,1.0177508899446632,64.8
302000,-2632520.6648142356,301.1843380685801,1959.3433309821523,1.0172277535561376,64.8
304000,-2631920.2392688077,299.7227067598923,1960.25331452311,1.0167555388141531,64.8
306000,-2629392.688217491,299.8665221189873,1961.3088237139968,1.0162083558294404,64.7
308000,-2631084.3061464187,299.5643665456894,1961.2515811270348,1.0162380156628545,64.7
310000,-2632182.035317773,300.1094678800476,1963.6636375166229,1.014989724788496,64.7
312000,-2631401.39239138,299.81677495612473,1957.541380530813,1.0181641291688655,64.7
314000,-2630835.8265498746,301.0700601325919,1956.8289681846209,1.0185348067844688,64.7
316000,-2630964.2983677275,300.7295048772931,1962.5473320480905,1.0155670553638068,64.7
318000,-2633466.1832101513,301.4865851121256,1957.2803020250158,1.018299940462335,64.7
320000,-2632010.397625372,300.05518750669575,1961.0859129450596,1.0163238651931572,64.7
322000,-2633643.50465329,300.98949446780983,1961.4370754663225,1.0161419093938175,64.7
324000,-2633405.870274147,299.7011174226868,1958.1516925840106,1.0178467901994086,64.7
326000,-2633926.074003009,299.4798501283675,1959.0904984309325,1.0173590329882563,64.7
328000,-2631716.4694037046,298.58178253449887,1959.8129565628963,1.0169839975523245,64.7
330000,-2631899.116756281,300.01704311091675,1961.9233526927096,1.0158900510994364,64.7
332000,-2628316.32172177,300.349221240674,1960.919291154796,1.016410223516353,64.7
334000,-2632731.1227668542,300.86790978000676,1960.5724964904844,1.0165900106157324,64.6
336000,-2632369.5969285965,299.7931014203554,1958.9679699345236,1.017422666225008,64.6
338000,-2631624.5142149366,299.62633712375094,1960.129144269806,1.0168199482400178,64.6
340000,-2632722.0084500816,300.39459966770676,1959.0882905205965,1.0173601795611469,64.6
342000,-2632556.6516809426,301.36851433932134,1958.6563182169205,1.0175845534935952,64.6
344000,-2634050.1701798104,298.8049720141593,1959.3826059349656,1.0172073636782746,64.6
346000,-2631399.1692604423,300.05644136939515,1962.5306785083344,1.0155756732093857,64.6
348000,-2634706.920103783,300.51853915584286,1959.0842033974902,1.01736230202035,64.6
350000,-2629912.5885416586,299.9384721060325,1960.6003046801447,1.0165755918034152,64.6
352000,-2633396.603255611,300.7083694986579,1960.913299133514,1.0164133293914026,64.6
354000,-2631538.934157459,300.1014173317034,1960.5557174016349,1.0165987109316479,64.6
356000,-2631297.921486195,301.18971766744346,1962.6673961869774,1.0155049291042983,64.6
358000,-2631506.4955203272,300.3673406623765,1960.464614314851,1.016645952427317,64.5
360000,-2628812.781619888,300.2829150288405,1960.553962926696,1.0165996206729735,64.5
362000,-2630715.5513656028,300.77328126868827,1964.1158601550126,1.014756031175714,64.5
364000,-2630950.683696501,299.85495993190347,1965.424442891789,1.0140804049875698,64.5
366000,-2630406.6630637236,300.23900535185095,1959.2049253021735,1.017299614389635,64.5
368000,-2630542.928862009,300.300447046776,1961.9371091804273,1.0158829279969959,64.5
370000,-2632139.453531416,301.26193528043825,1960.0658632889147,1.0168527764040705,64.5
372000,-2629152.1040014233,300.1928706621014,1961.196090684955,1.016266769287755,64.5
374000,-2633150.368036337,299.4753949798649,1962.1899736192506,1.0157520127084907,64.5
376000,-2634327.6722604837,299.9409087627013,1959.4624759845237,1.0171659010814944,64.5
378000,-2632281.5727623366,299.7885299180929,1961.9693628427326,1.0158662274584849,64.5
380000,-2633168.622225605,299.9926186757083,1958.0736897064692,1.0178873376920536,64.5
382000,-2631706.7598959487,301.0597328365511,1960.9762987511383,1.0163806754265685,64.5
384000,-2634277.161504835,300.3556207574896,1963.5581712440699,1.015044241728468,64.5
386000,-2631033.228809407,300.2558075972849,1959.848664581378,1.0169654683240037,64.5
388000,-2632321.4606368896,300.5818296964055,1961.20721895593,1.0162610027925667,64.5
390000,-2633144.281704532,300.3047702348096,1957.3083273469763,1.0182853601413475,64.5
392000,-2632162.5209285915,300.69804402232813,1958.78510190038,1.0175176506532055,64.5
394000,-2628990.639005307,300.6756863287065,1960.308404774891,1.016726965086419,64.5
396000,-2634632.978250282,301.4327150328322,1962.8911792593628,1.0153891545695413,64.5
398000,-2633331.8170178644,300.46394885321615,1962.228132299321,1.0157322597779086,64.5
400000,-2631237.84629876,299.6046960165698,1958.9823145183188,1.0174152161808792,64.5
402000,-2632236.639663635,299.55001870780785,1961.5971588459552,1.0160589833810485,64.5
404000,-2631667.289516676,300.8933138006552,1963.9183516899252,1.01485808374118,64.5
406000,-2633476.4116280098,298.58360693329547,1959.2342422432214,1.017284392058287,64.5
408000,-2630966.7012062874,301.67646238430194,1962.9730977124177,1.0153467805253489,64.5
410000,-2632918.0455336776,300.16193282943334,1959.7039314150315,1.017040575910377,64.5
412000,-2632225.5713004414,300.1989636471682,1959.7014976303185,1.0170418389893765,64.5
414000,-2633167.124809893,300.81458849850014,1961.4378134552755,1.0161415270714726,64.5
416000,-2632959.282332156,299.9362715337458,1960.3915258538043,1.0166838556150795,64.5
418000,-2632123.774106672,299.3889211168444,1960.5334018215103,1.0166102822672687,64.5
420000,-2635745.3444747813,300.0115021621757,1960.8494993206398,1.0164464002518843,64.5
422000,-2634222.9594914876,300.365334513469,1961.355871193457,1.0161839798136187,64.5
424000,-2634645.9898807313,300.4491192935286,1957.8328269657138,1.0180125634674926,64.5
426000,-2634280.473400453,300.97834569553595,1958.6415635759477,1.0175922190588653,64.5
428000,-2628046.9966436867,299.8066856042114,1963.2934901910148,1.0151810847324003,64.5
430000,-2633210.187379636,300.64972426509735,1960.0718870975597,1.0168496513520835,64.5
432000,-2630776.838797871,300.47085897526085,1963.6879823865645,1.0149771414284798,64.5
434000,-2630714.60511747,299.85729563796804,1962.6608351168752,1.0155083238829121,64.5
436000,-2631884.3289211597,298.8655655859632,1961.9011326798445,1.0159015568219365,64.5
438000,-2632890.4592383243,300.5546480251819,1960.8385665575538,1.0164520675045963,64.5
440000,-2633835.669275185,300.7522445965788,1958.6506774477807,1.017587484061875,64.5
442000,-2633351.8284862805,300.8165753864674,1960.2923488775557,1.0167352926523447,64.5
444000,-2634224.2092267424,300.0945212148357,1955.657030912238,1.0191451688696516,64.5
446000,-2630752.302511664,301.12210911920414,1962.0903702672579,1.0158035762382813,64.5
448000,-2632755.8911740594,300.16313716394626,1961.1020677654335,1.0163154930998561,64.5
450000,-2630524.8870060276,300.4598345569634,1961.0735484261777,1.0163302730892971,64.5
452000,-2634292.5925637446,300.50207883039474,1959.245929734587,1.0172783236508618,64.5
454000,-2631827.240679117,301.1190463572092,1964.1552725554943,1.0147356692564449,64.5
456000,-2631372.125064099,300.2246272548937,1961.8771277427857,1.0159139870871066,64.5
458000,-2630975.798148429,299.94413376927514,1959.4929323193808,1.017150091305007,64.5
460000,-2630930.4460716136,301.3618499370166,1963.951422648165,1.0148409945561219,64.5
462000,-2629492.2402216103,299.8770915625176,1960.7609846170199,1.0164922857282734,64.5
464000,-2631360.3060297687,299.7987025777013,1958.5925101725045,1.0176177048918822,64.5
466000,-2630320.2525831573,299.47040041398157,1961.867811846137,1.0159188111377642,64.5
468000,-2632660.804927634,301.03103514842854,1957.3341423399602,1.0182719301250518,64.5
470000,-2633424.876503257,300.06763634843264,1960.5305989403334,1.0166117356686215,64.5
472000,-2632942.37273708,299.62275518172163,1962.9919284579807,1.0153370404257565,64.5
474000,-2632996.0936608966,299.4726762798754,1960.4199461965788,1.016669116679309,64.5
476000,-2631291.852066634,299.96204332011285,1964.2641939814941,1.0146794006259587,64.5
478000,-2631277.147936685,299.38798840728265,1962.118108094831,1.0157892161524489,64.5
480000,-2632111.1645697206,301.0355485566619,1956.0111830723351,1.0189606441255543,64.5
482000,-2632834.801277388,302.18941803947416,1961.8431211021839,1.0159315969670557,64.5
484000,-2630746.0223293267,300.7548713433392,1961.7418480186518,1.0159840434831895,64.5
486000,-2631250.8522703815,301.4528569027284,1964.261178288939,1.014680958443803,64.5
488000,-2634878.9759809356,300.76899137697217,1965.9882629932818,1.013789579794142,64.5
490000,-2631379.9121120535,299.7496405774213,1962.435542235927,1.0156249069711158,64.5
492000,-2631043.2363297064,300.1208374085998,1959.4399627051664,1.0171775879616844,64.5
494000,-2631653.454692809,299.5096336397018,1964.223143789549,1.0147006063552009,64.5
496000,-2632350.6385833975,300.21921745132045,1960.7830034489825,1.0164808709145017,64.5
498000,-2632498.918361202,299.79672287153915,1963.2726431580254,1.0151918644443456,64.5
500000,-2631626.5878806654,300.3038376083684,1961.182480165511,1.0162738221340677,64.5
502000,-2631811.4814880267,300.3260907462779,1964.7101101506453,1.0144491061163992,64.5
504000,-2630932.0996020213,300.07889498057,1965.7188306567996,1.0139285354224472,64.5
506000,-2632654.434817344,299.93528074051477,1959.8788294284723,1.016949816025815,64.5
508000,-2631555.4279096257,300.1310044024699,1963.4560587961082,1.0150970306115439,64.5
510000,-2633904.3011947367,300.23831429428395,1961.6210589713123,1.0160466038559806,64.5
512000,-2635824.8181931674,300.2558856784364,1960.3349369052232,1.0167132042071723,64.5
514000,-2631396.810101237,299.6321906805608,1957.9220930290232,1.0179661499895183,64.5
516000,-2633894.790709475,300.6419150832754,1961.2869605540302,1.01621968386368,64.5
518000,-2633013.6106944997,300.6435639189171,1961.459605930309,1.0161302373978072,64.5
520000,-2632313.7724290434,300.1819135209898,1965.529500458122,1.0140262023824251,64.5
522000,-2633689.1163522042,300.1050519252392,1960.8690693501778,1.0164362558284818,64.5
524000,-2632298.8399173245,299.78973746930245,1962.5785342421195,1.0155509092989445,64.5
526000,-2634201.077139439,300.4307527429622,1961.6182956521336,1.0160480351543497,64.5
528000,-2630944.055916544,301.0920588918146,1961.1680105490111,1.0162813202639505,64.5
530000,-2633465.449926194,299.8731882032937,1960.0557133558505,1.0168580420644016,64.5
532000,-2634520.663514564,299.384068358598,1962.329877111363,1.0156795950913737,64.5
534000,-2634309.0018785894,300.07997003794094,1960.7568305342563,1.016494439280931,64.5
536000,-2633360.6646110807,300.0877166338164,1960.630947179374,1.016559703848146,64.5
538000,-2633940.2364353146,300.2312124765225,1957.669692808668,1.0180973952560284,64.5
540000,-2634996.891238991,300.4051607535761,1955.8634972123818,1.019037585118216,64.5
542000,-2635534.843989255,300.41310725662504,1956.1106691370976,1.018908820685178,64.5
544000,-2633219.749368502,300.2275685307489,1957.4134043358752,1.0182306970031232,64.5
546000,-2632115.074944718,300.338936091422,1960.6178367197533,1.0165665014834115,64.5
548000,-2631468.0692601223,300.89279986488526,1961.1463421194549,1.0162925490130368,64.5
550000,-2632601.004416112,300.193174106954,1955.2553135002665,1.019354557565253,64.5
552000,-2631529.1378873084,300.15755926601054,1962.047574236404,1.0158257328677949,64.5
554000,-2633578.7215028387,300.5498841322287,1958.2846298467286,1.0177776941323238,64.5
556000,-2630330.9489475507,300.81239063135433,1957.09864679487,1.0183944576755295,64.5
558000,-2633713.1437798757,300.7226482751446,1958.4242970986606,1.017705110160695,64.5
560000,-2631856.9128821082,299.4620771497858,1961.947286821278,1.0158776580839575,64.5
562000,-2631751.558160113,300.73612683369686,1959.6907222724924,1.0170474311930924,64.5
564000,-2632502.9194122236,300.37685071931674,1958.2468592742393,1.0177973249801875,64.5
566000,-2633929.491349643,299.51760874818865,1959.1677864406117,1.0173188987765092,64.5
568000,-2632703.280285122,301.241540415926,1963.4085203066377,1.0151216083695611,64.5
570000,-2632414.0016869605,299.5821579408219,1963.5402252320405,1.0150535188473875,64.5
572000,-2633220.2598989718,299.96561404539716,1959.0515540581673,1.0173792572694063,64.5
574000,-2633583.7216863725,299.9528275596784,1957.6971305975478,1.0180831262759324,64.5
576000,-2632683.042148739,299.74358547418836,1962.766095413221,1.0154538636457175,64.5
578000,-2630941.614550188,300.53235185780875,1959.287721884419,1.017256624822431,64.5
580000,-2632244.7973399814,299.9729901704685,1958.9977708721326,1.0174071888468053,64.5
582000,-2632661.8865673915,300.53288735021357,1957.2328538995282,1.0183246265507901,64.5
584000,-2634811.12995982,299.75305171187847,1960.3038363536443,1.0167293345339419,64.5
586000,-2632888.0026685987,299.73554334069985,1961.6957268465644,1.0160079301513745,64.5
588000,-2632628.063354576,300.0013445910261,1957.5667146674293,1.0181509524485257,64.5
590000,-2633282.6945606936,300.13409025485583,1960.8357455534851,1.0164535298481019,64.5
592000,-2635306.658665519,300.42467034195033,1958.1073052578904,1.0178698632441268,64.5
594000,-2633768.2266793344,300.71702059581247,1955.137385893206,1.0194160417579174,64.5
596000,-2633318.4559272043,299.4648796375267,1958.4184170028234,1.0177081657914684,64.5
598000,-2632108.426868858,300.2013045449411,1961.8281450068434,1.01593935232957,64.5
600000,-2631041.653029071,301.54666031687185,1959.7461053769744,1.0170186890800246,64.5
602000,-2632606.971358305,300.7688913723273,1960.6119005300636,1.0165695793651603,64.5
604000,-2635879.1779255886,299.9623219798361,1956.8790557785403,1.0185087367227323,64.5
606000,-2636449.234189719,300.4689752252365,1954.9647643734795,1.0195060552198318,64.5
608000,-2633759.3570141234,301.4868574122591,1959.6274448770105,1.01708027218677,64.5
610000,-2634163.4793958943,300.91843852221984,1959.827480358197,1.0169764609361924,64.5
612000,-2635957.559551034,299.9366057366129,1961.3578856205902,1.016182936134341,64.5
614000,-2636026.959365327,300.36266319876853,1959.8807403703404,1.0169488244695732,64.5
616000,-2632148.7323806062,300.35134828986196,1961.7875307684544,1.0159603849859598,64.5
618000,-2630789.144027002,299.8391251202547,1959.5003308703224,1.0171462508173852,64.5
620000,-2637491.926996749,301.7193906024654,1956.4201690836692,1.0187476322909124,64.5
622000,-2632055.2634900305,299.8390877932461,1959.4088069257962,1.0171937616975577,64.5
624000,-2631344.818135727,299.65117218242943,1958.9385057244253,1.0174379691837834,64.5
626000,-2632340.6188136376,300.0912847913851,1958.559826715743,1.0176346863819568,64.5
628000,-2633548.754813494,301.63177304929565,1959.6382357491377,1.017074671569799,64.5
630000,-2632499.2380459886,299.7834265991768,1958.822153092917,1.0174984042696966,64.5
632000,-2632293.0754134785,300.4282767663422,1961.050503944227,1.016342216078316,64.5
634000,-2634602.4909979235,299.73371733108496,1959.575284566143,1.0171073450038197,64.5
636000,-2633892.0615588073,301.0903897343483,1960.8152529489062,1.0164641528684137,64.5
638000,-2634271.206970567,300.96239197360535,1958.084251079197,1.0178818474852036,64.5
640000,-2633646.424607627,300.42149035040177,1956.8126163713932,1.0185433180189054,64.5
642000,-2631101.3416868206,300.5785495664036,1960.7473194642548,1.0164993700283416,64.5
644000,-2633014.0767317414,300.5175409335489,1959.1372896613964,1.017334734802913,64.5
646000,-2632505.234244738,300.2906711324233,1958.249767963732,1.0177958131932676,64.5
648000,-2633484.4867578503,299.31161777727976,1959.34605261096,1.0172263405763557,64.5
650000,-2631968.444817828,301.2928941642824,1963.8892586464133,1.014873117842649,64.5
652000,-2631843.1361044217,300.9288441261178,1959.9807311153884,1.016896943617369,64.5
654000,-2632269.0599556863,299.61553397207985,1961.8519207953289,1.0159270401061555,64.5
656000,-2633790.1803070083,299.8937539266443,1961.423405496092,1.0161489913066837,64.5
658000,-2632576.960079409,301.8350654263865,1954.9793525361138,1.0194984476100017,64.5
660000,-2631589.8537613377,300.6767673850738,1963.0860382435028,1.0152883654572398,64.5
662000,-2630126.2082010694,301.1115759444764,1964.7972798094393,1.0144040993447832,64.3
664000,-2630430.832162887,301.2407332101821,1960.0685797389197,1.0168513671524972,64.3
666000,-2631882.7785626557,300.0684700346063,1961.9186349695644,1.0158924939571174,64.3
668000,-2635422.1534944903,300.7033524557072,1958.7127244141077,1.0175552495153937,64.3
670000,-2631682.3082074393,299.48918350124524,1961.956991648427,1.0158726330415542,64.3
672000,-2634808.837247841,301.06446719438577,1957.1366280911304,1.0183746941388137,64.3
674000,-2636624.077153379,300.3146560229005,1957.7549430446052,1.0180530623105488,64.3
676000,-2632118.30204246,299.9302170799247,1959.4035388117306,1.017196496556742,64.3
678000,-2631387.037469674,300.630380276016,1959.9033253254433,1.0169371056550551,64.3
680000,-2632842.7181365583,299.66494397939454,1963.151455094163,1.015254533647061,64.3
682000,-2630139.735532021,300.3760926589687,1960.4774323134527,1.01663930539013,64.3
684000,-2632878.386921337,300.3687881736026,1957.2336891703535,1.0183241919696484,64.4
686000,-2633127.7825077157,301.4149817544599,1959.4578883773424,1.0171682825348647,64.3
688000,-2634777.534415636,300.5934657927646,1958.6216103705888,1.0176025856485176,64.4
690000,-2631661.8023948334,301.69927733710693,1959.770325440325,1.0170061201290825,64.3
692000,-2632290.8760009464,301.11570823313605,1962.7732676340215,1.0154501530493676,64.3
694000,-2631240.6313213594,301.33414531802885,1961.5656895720967,1.0160752839508302,64.3
696000,-2631816.9145250935,299.99986847276824,1963.5228164010211,1.0150625184347808,64.3
698000,-2632777.3646676466,297.8807932993839,1959.686583571122,1.0170495791159453,64.3
700000,-2632508.947258046,299.4411828482834,1960.7496829719737,1.016498144729606,64.3
702000,-2632928.80257342,299.991602649815,1959.8475452943837,1.0169660491223544,64.3
704000,-2629941.106512662,301.5282615186283,1964.5975437247048,1.01450723146148,64.3
706000,-2628515.585632127,299.27392433167665,1961.5000309737693,1.0161092957162576,64.3
708000,-2632284.162066018,298.9364420167877,1961.6550616943098,1.0160289920179475,64.3
710000,-2629186.2265609056,300.8864030110388,1963.0157272941203,1.0153247308759572,64.3
712000,-2631880.040082449,300.67358852563694,1961.6727596375945,1.0160198255433723,64.3
714000,-2630281.0671784487,299.3111488068412,1959.6329093638676,1.0170774360322263,64.3
716000,-2636859.901443554,300.29028532385377,1959.8039827205819,1.0169886542700937,64.3
718000,-2633719.909255985,300.66309405697154,1960.9642600053428,1.0163869151877067,64.3
720000,-2631121.1561398096,300.56625619171194,1962.1594442262815,1.015767816873869,64.3
722000,-2631737.724745935,299.4826220580368,1960.3137853494445,1.0167241744233746,64.3
724000,-2631746.221479915,300.6934937925055,1960.530412207192,1.016611832497062,64.3
726000,-2633241.883304963,299.1460657728608,1961.3993200654568,1.0161614693297945,64.3
728000,-2631897.104407925,300.30015674441455,1964.0242051422586,1.0148033867412596,64.3
730000,-2632738.621560959,300.4205272621571,1962.0241565853214,1.0158378572101447,64.3
732000,-2629282.162623452,299.915641645469,1963.7113086421482,1.0149650848618612,64.3
734000,-2629133.4321294986,299.4772788287981,1962.4035932095078,1.0156414419117858,64.3
736000,-2632856.247865239,300.4016099607119,1959.51305333894,1.0171396468239933,64.3
738000,-2631723.809579868,300.2970664403546,1964.192791874788,1.0147162861328882,64.3
740000,-2631816.2867578734,300.1992711978557,1958.4269065187673,1.0177037541641203,64.3
742000,-2636352.408611076,299.12174984028746,1959.318735651624,1.0172405228173944,64.3
744000,-2633449.5648091063,299.82862130324645,1960.5759677002516,1.016588210737925,64.3
746000,-2635631.3196091373,300.82766369306654,1958.3916550816725,1.0177220730329626,64.3
748000,-2635506.274978338,298.61815825486536,1958.9156779749462,1.0174498256507727,64.3
750000,-2634874.5330146607,300.18464428367105,1959.1495764072258,1.0173283546196636,64.3
752000,-2633695.533959957,300.16643582888975,1959.5607310746057,1.0171148989739025,64.3
754000,-2630992.122392049,301.2595463355831,1960.3252016276654,1.0167182533618897,64.3
756000,-2631763.848179005,300.3243504984144,1966.0314470571561,1.0137673118115853,64.3
758000,-2633928.4061582964,300.2548170681546,1964.193553433543,1.0147158927062476,64.3
760000,-2633571.4755323287,301.0199998607338,1959.5393199804257,1.0171260125773256,64.3
762000,-2635269.906184016,300.00009873244767,1961.9533697543593,1.0158745084087877,64.3
764000,-2634178.561740659,301.3344613711041,1961.1269595527808,1.0163025934204097,64.3
766000,-2636391.560056109,299.51446845159484,1959.2081142068441,1.0172979585821336,64.3
768000,-2629011.1947368197,300.56414386241534,1962.8414553313694,1.0154148770429838,64.3
770000,-2633032.334592467,300.33832257443635,1962.2314090583973,1.015730563591676,64.3
772000,-2634269.4422146473,298.9681072646805,1962.0586471839886,1.0158200000192323,64.3
774000,-2632825.907962773,299.8879379417998,1959.7037639564203,1.0170406628174933,64.3
776000,-2634327.02704308,299.50911030906934,1962.5294317594694,1.0155763183807638,64.3
778000,-2634147.926108619,299.8148811167525,1957.4983230161658,1.0181865249055002,64.3
780000,-2633547.9275734704,299.911504483365,1959.98095928602,1.0168968252355974,64.3
782000,-2631953.7365675904,299.6038425770309,1959.2222555419269,1.0172906158974175,64.3
784000,-2630632.576798901,300.6160408621339,1959.3305806274918,1.0172343731714062,64.3
786000,-2632901.5482361447,300.66173493769986,1958.644140594433,1.0175908801969942,64.3
788000,-2635732.3981046714,300.2100008532282,1957.0927305068226,1.01839753628027,64.3
790000,-2629124.2045764215,300.72598680630114,1962.684695894731,1.0154959781309034,64.3
792000,-2630775.964532038,300.22917147911517,1959.492282344557,1.0171504286995239,64.3
794000,-2632296.697447922,300.59064410139155,1963.6555809842998,1.0149938891122219,64.3
796000,-2631092.697823614,301.537201501118,1960.7492994673873,1.0164983435473234,64.3
798000,-2633572.2582090497,299.83976228721974,1958.320585414117,1.017759007317335,64.3
800000,-2635286.7173694726,300.2157608585489,1963.0856902539208,1.0152885454339853,64.3
802000,-2632872.334626559,300.6107373922555,1964.822444740157,1.014391107123044,64.3
804000,-2632808.792466348,300.20949769617306,1957.2210542950645,1.018330765779562,64.3
806000,-2633067.288560331,299.90257624511213,1959.066791365735,1.0173713442565757,64.3
808000,-2632064.2423153557,300.02363480339363,1962.8449242751724,1.0154130824961498,64.3
810000,-2632796.3494420033,300.0138270243954,1962.556523370133,1.0155622991166615,64.3
812000,-2633223.8062805925,299.8747771523661,1960.6135418265453,1.0165687283600853,64.3
814000,-2632070.133095868,300.01131062234174,1963.5097216899637,1.0150692879201757,64.3
816000,-2630600.5029035956,300.786939006718,1960.525331294875,1.0166144671559971,64.3
818000,-2636273.0796571765,300.76851972813137,1957.2219308972835,1.0183303096887144,64.3
820000,-2631631.849209819,299.588785462857,1959.9723781064633,1.0169012774280595,64.3
822000,-2632054.217591686,299.6271438937505,1955.9729622302889,1.0189805552054019,64.3
824000,-2634976.398924522,301.1804195285934,1960.0872483492194,1.0168416822765194,64.3
826000,-2631009.2239018697,300.1267234656653,1960.7367045049534,1.0165048731126762,64.3
828000,-2629695.3283621296,300.4389605889299,1962.3756302372442,1.015655914346641,64.3
830000,-2633805.446301393,301.3264065266765,1959.163055110115,1.0173213555765792,64.3
832000,-2633671.4162100535,299.77630664378324,1961.9583918931246,1.0158719080158487,64.3
834000,-2633002.884654643,300.4840043158114,1959.769399397585,1.0170066006913028,64.3
836000,-2634211.8669949397,300.05451344067853,1957.1709305241263,1.018356845554837,64.3
838000,-2631491.267740827,300.6170952447089,1961.7985147928007,1.015954696668062,64.3
840000,-2634083.827794628,300.50212252476615,1958.13441554515,1.017855770879391,64.3
842000,-2634763.116458537,300.9260544131464,1960.502396169342,1.0166263601179586,64.3
844000,-2631711.943271378,299.6560766763762,1958.4959965445546,1.017667852544335,64.3
846000,-2633474.98548745,299.60502243984286,1962.2658820610366,1.0157127192808106,64.3
848000,-2634155.742474066,299.8877086100117,1960.7032465651187,1.0165222190108611,64.3
850000,-2634645.5548367165,300.72242687340594,1959.6683537701676,1.0170590402124375,64.3
852000,-2634894.6022134814,299.4014411102701,1959.2792044416378,1.0172610470737755,64.3
854000,-2630353.514904462,300.1133310256715,1961.6870154601486,1.016012442001436,64.3
856000,-2632189.089769723,299.9541491230112,1961.283354570594,1.016221552268538,64.3
858000,-2634509.379896894,300.43327011727706,1957.4018958846805,1.018236683641997,64.3
860000,-2631971.9463208634,300.1747003253516,1961.518878448214,1.016099532315969,64.3
862000,-2633877.4578092285,300.61138235215526,1959.5185506948715,1.017136793276795,64.3
864000,-2633261.4839797895,300.25093610435613,1958.9495149434551,1.0174322512225153,64.3
866000,-2635289.190828791,299.6757741044552,1958.589537750971,1.0176192492628289,64.3
868000,-2634412.7419554833,300.089712469448,1961.9483332530103,1.0158771162518412,64.3
870000,-2632656.0157102346,299.8457367260522,1963.4122365382718,1.0151196870068624,64.3
872000,-2632841.6142668445,301.1487769726352,1960.059831544855,1.0168559055920652,64.3
874000,-2633240.527768839,300.25924168163107,1957.2209135802398,1.0183308389926744,64.3
876000,-2634042.0249820054,300.27724895854766,1960.6899706202587,1.0165291019414269,64.3
878000,-2635358.6374477018,302.18777072370654,1960.9616322502154,1.0163882771806614,64.3
880000,-2633778.9485425763,300.52508662542647,1960.9371579088934,1.016400962662963,64.3
882000,-2634725.4342118762,300.5694111964487,1957.0641436973908,1.0184124119992846,64.3
884000,-2632383.2556991745,299.84030520937375,1960.4957686990729,1.0166297968307962,64.3
886000,-2632286.455298256,300.6468595344664,1955.153337602461,1.019407724544124,64.3
888000,-2631203.6320868656,300.1950126771856,1961.1989529517384,1.0162652860998242,64.3
890000,-2632141.985940706,300.233518128002,1959.9233471620316,1.0169267170097136,64.3
892000,-2630769.829882739,300.7537156931844,1960.1702712406063,1.0167986140095508,64.3
894000,-2631392.0577867217,301.5327019094046,1962.9255370262645,1.0153713818607812,64.3
896000,-2633578.042662449,301.12620995327876,1961.9679964684374,1.01586693493868,64.3
898000,-2630771.3700860925,299.31300122421436,1962.6305428592798,1.0155239977650132,64.3
900000,-2630270.832062738,300.16960088906353,1965.2445872562491,1.0141732117948805,64.3
902000,-2633144.0136296917,300.1715182318828,1963.268833499285,1.0151938343908418,64.3
904000,-2632262.4796483405,300.1422706564621,1960.2143549403131,1.0167757469977625,64.3
906000,-2632141.509317398,300.312814610303,1962.1210781258171,1.015787678568718,64.3
908000,-2631348.4117140677,300.3367783704644,1960.2532277376206,1.0167555838285551,64.3
910000,-2634079.24018817,298.8954402206376,1957.6199128054934,1.018123284291605,64.3
912000,-2633484.832169922,300.4960154225366,1958.3944939266378,1.0177205977657515,64.3
914000,-2634844.2243127692,301.07663798975284,1958.770816528514,1.0175250714386783,64.3
916000,-2630923.600772761,299.87142983320587,1959.0852417457427,1.0173617628011544,64.3
918000,-2633452.9770129602,299.589940243329,1958.9873831032091,1.0174125837721988,64.3
920000,-2636986.253622558,301.749611115659,1954.5766849392692,1.0197084772256462,64.3
922000,-2634607.9652795587,299.730206877237,1961.1580158834724,1.0162864995467045,64.3
924000,-2632995.7781341188,300.8890610892993,1957.5690958108776,1.0181497139923839,64.3
926000,-2631820.219596494,300.5630267399726,1960.787024681343,1.0164787862894402,64.3
928000,-2633809.2332428917,300.1203873506747,1958.6795366523909,1.0175724909173296,64.3
930000,-2632177.7438629996,300.4902641078021,1958.9785881576272,1.0174171515037518,64.3
932000,-2633787.5111942776,300.31151663262483,1959.2152454797754,1.0172942557580507,64.3
934000,-2632142.3179577608,301.1102247857763,1960.161980680435,1.0168029145878577,64.3
936000,-2635270.842692718,300.25675542033764,1958.0583036076055,1.0178953360826946,64.3
938000,-2634771.5334182493,299.8795359834067,1957.6726409867706,1.0180958620413405,64.3
940000,-2632806.5668836758,300.01237975546906,1960.5251059846805,1.0166145839887797,64.3
942000,-2632194.6732240357,300.7377895000488,1959.1261844485773,1.0173405015160668,64.3
944000,-2630735.473949954,300.6235208364124,1959.5431248940718,1.017124037588056,64.3
946000,-2632651.193298809,300.2283595998065,1960.454725307294,1.0166510806352664,64.3
948000,-2634480.5095398724,299.61724077187097,1958.1151210800147,1.0178658004136467,64.3
950000,-2632592.465930287,300.28590861770954,1959.6997002073533,1.017042771813093,64.3
952000,-2633703.697206175,299.5924820970434,1957.7918654604882,1.0180338626299184,64.3
954000,-2634170.0637674164,299.8464956003852,1958.4981642891323,1.0176667261486052,64.3
956000,-2635814.968503695,299.7693839260636,1960.4829974648096,1.0166364194933295,64.3
958000,-2633195.317815123,300.00946650011105,1964.2533113630532,1.0146850222882426,64.3
960000,-2634354.5232505742,300.5891087088645,1957.9855136769488,1.017933177287551,64.3
962000,-2633020.2070618737,300.5625736215722,1957.2953525178864,1.0182921103124423,64.2
964000,-2634012.594371816,299.7423160284581,1959.2732700271886,1.0172641282410373,64.2
966000,-2634334.0215748027,299.44394708071155,1959.9717092522499,1.0169016244528157,64.2
968000,-2632585.997143727,300.8872485881255,1961.86268646,1.015921465235947,64.2
970000,-2631215.9899472445,299.7863358381502,1962.2911151636858,1.0156996582303328,64.2
972000,-2633129.0184054207,300.59815778506834,1961.3930197564944,1.0161647334034136,64.2
974000,-2632233.3470542952,300.3010681970093,1961.3768705123925,1.0161731001240444,64.2
976000,-2631402.094609618,299.60868625931,1959.6189347915792,1.0170846890863279,64.2
978000,-2632084.7291475907,299.93437795030485,1960.5851431606618,1.0165834531455735,64.2
980000,-2633941.764493685,300.17101368147723,1961.7558430882987,1.0159767955030197,64.2
982000,-2631719.220648747,298.5312800664939,1963.1668720293653,1.0152465607571446,64.2
984000,-2630745.443583373,299.57167016228783,1964.694705079112,1.0144570603603875,64.2
986000,-2630409.1872635074,301.3226450212272,1963.1281446128542,1.0152665889333632,64.2
988000,-2632451.106286209,300.8999471654364,1959.8536359018738,1.0169628887123514,64.2
990000,-2634091.916265011,299.85932976801246,1961.4353657089316,1.016142795151345,64.2
992000,-2632541.72230866,301.7461290476625,1963.0280013324864,1.0153183824516392,64.2
994000,-2633230.3099692073,299.3646478917398,1962.2768624393314,1.015707035623163,64.2
996000,-2633345.542111758,300.59652297418944,1961.4935674792923,1.0161126439897006,64.2
998000,-2632610.905733498,300.6603230074204,1959.0216689833323,1.0173947774934653,64.2
1000000,-2636409.8778203484,301.62414095664246,1955.90607065244,1.019015404126911,64.2
1002000,-2633581.5961908847,300.65453845558204,1964.32717277786,1.0146468687299313,64.2
1004000,-2632625.363273911,300.7092685891996,1961.834861695335,1.0159358740815845,64.2
1006000,-2632827.7969353404,302.0493383857891,1958.9375720434534,1.0174384541213766,64.2
1008000,-2631113.295634035,300.3926557837548,1960.3044828223667,1.0167289992371962,64.2
1010000,-2634308.684320057,299.6442135458673,1956.3885634753167,1.0187640902375992,64.2
1012000,-2631028.994012503,299.74068846811906,1960.2341639876195,1.0167654720218222,64.2
1014000,-2634917.2555470634,299.1416525082232,1959.4409014123278,1.017177100663555,64.2
1016000,-2631494.919034226,299.98939310856065,1961.9061531937652,1.0158989571318848,64.2
1018000,-2630852.852659842,300.09976900878394,1958.9365239192855,1.0174389984993186,64.2
1020000,-2630234.599791119,299.4396628181222,1960.7505463130456,1.0164976971537534,64.2
1022000,-2631045.0747559853,300.0099831704228,1963.4914912455868,1.0150787125417111,64.2
1024000,-2632955.706045592,300.3505237,1961.082666977988,1.0163255474036301,64.2
1026000,-2633668.6834654883,299.19928926841123,1957.6433443471533,1.0181110981095716,64.2
1028000,-2634004.5265074987,299.77333227087286,1956.4355801779939,1.0187396074849777,64.2
1030000,-2633635.914877016,301.63813178961107,1960.7147638796537,1.016516247919939,64.2
1032000,-2631486.752748681,301.7917727368938,1961.307026469349,1.0162092870324615,64.2
1034000,-2632258.1952081136,300.82738759047345,1960.5353035236287,1.0166092961641755,64.2
1036000,-2633537.8205226585,300.1060800197492,1961.3550237175796,1.0161844188934381,64.2
1038000,-2630670.7815474123,300.6659405940058,1964.5710865664882,1.0145208939746455,64.2
1040000,-2632360.7453763355,300.14114846107265,1959.4323502717173,1.0171815397167392,64.2
1042000,-2634133.2972797286,299.87583280763033,1960.425816831213,1.0166660721912817,64.2
1044000,-2634510.039013598,299.67185655041715,1960.8389100910695,1.016451889425025,64.2
1046000,-2631333.916820757,300.5245175428651,1962.105103463394,1.0157959486992172,64.2
1048000,-2631086.3182619326,299.96570669148,1960.805904830148,1.0164689988491358,64.2
1050000,-2633586.352460375,300.6506411114288,1962.3070188532179,1.0156914264032706,64.2
1052000,-2631524.04318678,301.2450633114429,1963.264321478423,1.0151961675335113,64.2
1054000,-2635448.4710725937,300.9359016022805,1962.8708159362225,1.0153996884759502,64.2
1056000,-2632038.6388939153,299.85078813941493,1958.7956683295556,1.0175121618069902,64.2
1058000,-2634755.5245888755,300.30575658833754,1960.0021550977578,1.016885828332554,64.2
1060000,-2632892.212080965,299.6829337190978,1956.321295166253,1.018799120545685,64.2
1062000,-2632744.535750298,299.45412939944424,1961.7058663987646,1.0160026786681526,64.2
1064000,-2632961.866026975,299.97300460826034,1960.5574665404768,1.0165978039588497,64.2
1066000,-2634051.1941767,300.28980452587035,1959.3759874585994,1.0172107996512267,64.2
1068000,-2630368.9827135596,299.3487607162755,1963.1429696648838,1.0152589219522834,64.2
1070000,-2631755.6321265716,300.4365727382984,1958.8842557521396,1.0174661464390085,64.2
1072000,-2630824.401778303,300.71592865862976,1962.0713637616475,1.0158134162862673,64.1
1074000,-2632276.8183223046,300.16541457871546,1961.1949802368238,1.0162673447081219,64.1
1076000,-2632114.546317635,301.6391100404782,1960.426557856594,1.01666568789973,64.1
1078000,-2629559.087552231,300.0410797814133,1960.72623987448,1.0165102983207728,64.1
1080000,-2632381.829819536,299.1507296658059,1960.0594264951344,1.016856115727123,64.1
1082000,-2632103.8040348645,299.89052589531667,1961.969240304481,1.015866290906203,64.1
1084000,-2630809.4818147235,300.2221916997693,1963.0265505434509,1.015319132830067,64.1
1086000,-2634646.441265365,299.64214933569446,1961.377693002301,1.0161726739990187,64.1
1088000,-2633284.1200297605,299.13416440518193,1961.1781779278394,1.0162760515345228,64.1
1090000,-2632990.1490725037,299.79636769717166,1959.4737240640268,1.0171600621856816,64.1
1092000,-2630587.7452866435,300.47994303448706,1957.8916055759094,1.017982001324281,64.1
1094000,-2630802.3053928073,299.5062160750988,1961.3555434237787,1.0161841496320367,64.1
1096000,-2633296.7111850996,300.33786654379156,1960.4781653602438,1.0166389252562456,64.1
1098000,-2634108.089383371,299.27820270492464,1958.2788884084803,1.017780678134151,64.1
1100000,-2631882.2752303276,300.55611559035265,1960.8570696162062,1.0164424760496586,64.1
1102000,-2632348.4362239,300.92157322343405,1959.35314216201,1.017222659934048,64.1
1104000,-2633808.9564485904,300.1956325687527,1959.8018547035615,1.0169897585496719,64.1
1106000,-2632694.870888632,301.1744030758134,1960.9820015564792,1.0163777196517885,64.1
1108000,-2634151.3103046175,300.7740609613111,1958.6233151194363,1.017601699946391,64.1
1110000,-2631673.1114841606,300.13169616402706,1960.9861109975373,1.0163755897313833,64.1
1112000,-2631593.20334298,301.1259214996321,1963.1131698019904,1.0152743334818586,64.1
1114000,-2633521.1691708583,299.23071252245,1959.4412651143557,1.0171769118600522,64.1
1116000,-2634507.6006261315,300.098875374393,1962.9491029663493,1.015359191946579,64.1
1118000,-2634248.0666973684,300.1309381898457,1960.0034746343802,1.0168851437327004,64.1
1120000,-2633453.847760087,301.4279628515862,1959.8787026496998,1.016949881809299,64.1
1122000,-2631868.4913086165,300.3707645573768,1959.7335687347274,1.0170251950661786,64.1
1124000,-2633215.389768284,299.8625395640558,1961.275439961842,1.016225653169323,64.1
1126000,-2631416.5762174614,298.99905036446575,1959.8781172613392,1.0169501855580978,64.1
1128000,-2633997.1839124095,301.0167947654184,1961.4041079397766,1.0161589888346307,64.1
1130000,-2631773.8440290783,300.34614513193424,1960.6006586505478,1.016575408269012,64.1
1132000,-2635257.1400146503,300.03200255705013,1957.4356297327392,1.0182191356618477,64.2
1134000,-2634001.8153380826,299.4674618341736,1958.848398839709,1.017484771256802,64.2
1136000,-2630876.102807289,300.91340109285375,1959.4917486429085,1.0171507057381286,64.2
1138000,-2630740.291290611,300.42766311902494,1960.5816294411022,1.016585275048375,64.2
1140000,-2631697.4387388807,300.79207925642737,1963.3551063546452,1.0151492252060064,64.2
1142000,-2633957.430195052,300.0792293573715,1961.0604255143987,1.0163370741099789,64.2
1144000,-2633316.2270712834,300.6051105783577,1961.6752189002568,1.016018551805703,64.2
1146000,-2635548.4023389984,300.50964384857474,1959.401355460851,1.01719763001358,64.2
1148000,-2631611.137665786,299.9597170968344,1961.181144304573,1.016274514370226,64.2
1150000,-2636569.3398216683,299.9170369797661,1959.9325029212541,1.0169219664705222,64.2
1152000,-2632939.4042266533,300.0695142552831,1956.8100794721258,1.0185446385056631,64.2
1154000,-2635846.8820985947,300.52594879390927,1961.1861576511008,1.0162719164851208,64.2
1156000,-2634368.5983759183,301.8877213039486,1957.4324640610487,1.0182207823840472,64.2
1158000,-2637667.188633742,299.20349574316907,1956.5528331249093,1.0186785561199982,64.2
1160000,-2633363.1458936576,299.9390277837844,1960.3367850976404,1.0167122456567594,64.2
1162000,-2634086.3702650517,300.8581424933496,1961.322449519323,1.016201295971827,64.2
1164000,-2632804.051253075,300.2405352093425,1962.301126609384,1.0156944762417808,64.2
1166000,-2632104.443335455,299.89506606209864,1962.129054206545,1.0157835493782812,64.2
1168000,-2632543.449644953,299.866291618517,1959.8438905930584,1.0169679455525678,64.2
1170000,-2632767.2868162245,299.8340380038343,1960.8321067336155,1.016455416134688,64.2
1172000,-2633340.1491343323,300.0556979899444,1962.133113625414,1.0157814478435392,64.2
1174000,-2631738.700609144,299.3255747345109,1962.6575897197984,1.015510003099788,64.2
1176000,-2634839.6583596095,301.02348149340224,1958.7253399787578,1.017548695746076,64.2
1178000,-2636275.75613904,299.5789892277363,1959.49397446401,1.0171495503400851,64.2
1180000,-2631535.6687337104,300.9083570673299,1959.4330158331068,1.0171811942102822,64.2
1182000,-2634857.1689309217,300.66663986147165,1957.0738685427211,1.0184073514324106,64.2
1184000,-2632973.0366545636,300.7626341739658,1956.7911814743031,1.0185544752498916,64.2
1186000,-2631916.222016165,300.905991976147,1964.4971923618666,1.0145590549935688,64.2
1188000,-2632104.154201122,299.9048384822438,1963.7024531687562,1.0149696619281516,64.2
1190000,-2633975.49873773,299.3820414090549,1960.2319587255595,1.0167666158835522,64.2
1192000,-2632310.862977881,299.9527352550564,1956.3591132257172,1.0187794263057768,64.2
1194000,-2634280.2584216353,299.7017240628255,1960.1202182257132,1.0168245786599317,64.2
1196000,-2635545.5869542845,301.0289527861361,1959.8013143007809,1.0169900389781468,64.2
1198000,-2633951.185764307,299.23588907337347,1959.538833228413,1.0171262652327593,64.2
1200000,-2635790.7907736246,300.0590078112026,1958.3616213518396,1.017737680972504,64.2
1202000,-2634394.4479463305,301.5307184581449,1957.8305944074245,1.01801372433013,64.2
1204000,-2630232.0217985157,300.5967009069699,1962.551087057275,1.015565112248213,64.2
1206000,-2632817.3904578127,300.1757870640293,1961.2086862722192,1.0162602424572011,64.2
1208000,-2632968.3203931917,300.7536919552708,1963.9333264157362,1.0148503455856446,64.2
1210000,-2632438.0306200385,299.7883258115232,1961.13884006465,1.0162964366941358,64.2
1212000,-2632841.560641682,300.2655773023586,1961.012892173399,1.0163617092854573,64.2
1214000,-2631653.4607827347,300.5031543151052,1961.3282981215089,1.0161982657003896,64.2
1216000,-2632310.58465904,300.68344802431267,1961.6397715239793,1.0160369115435273,64.2
1218000,-2633409.340721747,300.17981350046716,1959.797770199566,1.0169918781044522,64.3
1220000,-2630306.0531225,300.049314268706,1960.347634946157,1.0167066185048943,64.3
1222000,-2632953.7132139765,301.65838174391496,1963.9461187277434,1.0148437352809434,64.3
1224000,-2631637.5801366568,300.0605430919657,1958.163423367381,1.0178406925774952,64.3
1226000,-2634907.9515712317,301.40480425307396,1960.711258553655,1.0165180652302725,64.3
1228000,-2629947.1852584165,300.5075922453596,1962.381965954004,1.0156526352153046,64.3
1230000,-2629255.1249062233,300.8104255460384,1962.082012354649,1.01580790327327,64.3
1232000,-2633900.9613276143,301.3868652584797,1956.2983179271832,1.0188110866097269,64.3
1234000,-2634573.785222076,300.9593806722939,1959.3072064793541,1.017246508576641,64.3
1236000,-2631082.5096415207,300.061825703475,1959.574825495046,1.0171075832823375,64.3
1238000,-2630657.580601614,300.8068374127466,1961.1954898942643,1.016267080609914,64.3
1240000,-2634182.377547141,300.81265506932857,1955.0923699275684,1.0194395137934142,64.3
1242000,-2632624.9159808345,299.2818122069896,1961.0527735783357,1.016341039809635,64.3
1244000,-2631228.0115838367,302.1676839659289,1957.7942488604922,1.0180326232852255,64.3
1246000,-2632152.8695178665,300.3622990382083,1961.4799868309462,1.0161196792225813,64.3
1248000,-2633130.8167782202,301.3442006893129,1961.1437450828298,1.01629389483431,64.3
1250000,-2633720.5456835795,300.2989067643984,1960.698416232295,1.016524723292295,64.3
1252000,-2633227.8456193153,299.55703724343005,1960.8808520008724,1.016430148209376,64.3
1254000,-2634954.2975792345,300.1655458699553,1962.8654002744777,1.0154024900237524,64.3
1256000,-2637004.815747762,300.4566849774418,1956.0323726434099,1.0189496057913772,64.3
1258000,-2634154.8298747465,300.1194674350394,1962.1585649851477,1.015768272038331,64.3
1260000,-2631924.21854713,299.68135779518155,1963.3982653450462,1.0151269104182021,64.3
1262000,-2634462.7908167765,301.36426843556484,1959.2324177162895,1.01728533940009,64.3
1264000,-2633652.28191451,301.0254568160289,1959.7636367067253,1.0170095912022667,64.3
1266000,-2631310.5980131626,300.1790103420447,1963.8488531794198,1.0148939984833354,64.3
1268000,-2634237.5468186717,300.56140824194733,1962.9087318335446,1.0153800748333468,64.3
1270000,-2633080.0132370796,299.2037186091461,1958.6061333388768,1.0176106268096372,64.3
1272000,-2632140.016039416,300.9960330984375,1963.7826173531764,1.0149282295341377,64.3
1274000,-2633157.356346881,300.3551279401294,1960.0794619728003,1.0168457216597437,64.3
1276000,-2631907.1752566844,300.0457431117602,1960.8606941550277,1.0164405972138875,64.3
1278000,-2633596.96181651,300.27145841197034,1956.5510950419434,1.0186794610530971,64.3
1280000,-2631259.46751298,300.70278568285937,1962.5495360618377,1.0155659148454605,64.3
1282000,-2633640.767074557,300.2515506813051,1958.9527966948035,1.017430546760995,64.3
1284000,-2630912.971031787,300.6211067855205,1961.1134062543522,1.0163096171102681,64.3
1286000,-2633405.650086552,300.07428464105027,1959.7605160509163,1.017011210653655,64.3
1288000,-2632793.1236786805,299.83117650263483,1961.3263928981385,1.0161992528306765,64.3
1290000,-2633680.4773048293,300.23613038876186,1962.120003178607,1.015788235067877,64.3
1292000,-2631774.886481246,301.1319752122534,1964.2938549304406,1.0146640789092902,64.3
1294000,-2632439.521196509,300.65185745674154,1959.4664393699447,1.0171638436742216,64.3
1296000,-2633300.382279264,300.1501305163139,1960.523178590203,1.0166155834247244,64.3
1298000,-2632224.793102471,299.08258779495384,1960.618521583688,1.0165661463864224,64.3
1300000,-2631709.7875953466,300.3230822652642,1962.4164030546444,1.015634812223222,64.3
1302000,-2634164.846974712,300.5820425733514,1960.4453062832147,1.016655965168886,64.3
1304000,-2631724.0505815316,300.1243821968634,1961.3178902585885,1.0162036582236018,64.3
1306000,-2631312.1963040773,300.85820291942025,1959.9899958231092,1.0168921368311172,64.3
1308000,-2631448.842535857,300.2806668619507,1964.5686306759642,1.01452216221858,64.3
1310000,-2635434.2039118204,300.64074069878023,1958.0669208278441,1.0178908564460705,64.3
1312000,-2634848.866799323,299.5094852820359,1961.6012385523295,1.0160568701980885,64.3
1314000,-2635745.747159235,300.8572079199433,1957.9467726122846,1.017953318700789,64.3
1316000,-2635386.0977118798,299.2067913942794,1954.4959600704221,1.0197505933695363,64.3
1318000,-2630582.8828345537,300.51283522240806,1961.6687443615817,1.01602190520134,64.3
1320000,-2630726.3875721674,299.8091949824518,1959.5639837067117,1.0171132106898744,64.3
1322000,-2631504.343135979,300.4457115777941,1962.4827057636348,1.0156004988816585,64.3
1324000,-2631243.5693510473,300.93695475297613,1965.1016462350408,1.014246982510433,64.3
1326000,-2633273.77014238,300.50688073991586,1962.2668520601462,1.0157122171878197,64.3
1328000,-2633856.003213208,299.04793877075974,1960.7827981057148,1.016480977365611,64.3
1330000,-2633946.970191002,299.6463333730893,1958.8937277403704,1.0174612266073566,64.3
1332000,-2633172.7433415595,299.8462406651107,1958.5213249008905,1.0176546916695093,64.3
1334000,-2629820.7208403293,299.69610067552566,1961.2000116153356,1.0162647375157652,64.3
1336000,-2632302.5172654595,301.7183515324568,1959.3048884129755,1.0172477120876124,64.3
1338000,-2631811.210595349,300.6060704201994,1962.1749662039774,1.0157597815428363,64.3
1340000,-2632723.3547147866,298.47798762433126,1960.187297557811,1.0167897820291802,64.3
1342000,-2634332.390073763,299.5430338941791,1959.1644768696322,1.0173206173096616,64.3
1344000,-2632587.0040004067,300.50042725238416,1958.8624693173012,1.017477462680065,64.3
1346000,-2632280.4015000146,299.7650596012381,1960.2538904595758,1.0167552400841802,64.3
1348000,-2635265.5717306584,301.92492616313564,1960.3834481691622,1.0166880448218256,64.3
1350000,-2634283.8813389614,300.3737335319826,1960.5381878716696,1.0166078005263706,64.3
1352000,-2633733.4527968373,299.78454808381804,1959.4536745768442,1.0171704699528534,64.3
1354000,-2635539.2229268737,299.8697785630611,1956.7910714627924,1.0185545325133973,64.3
1356000,-2634190.2918284666,300.1746803882606,1959.093014059058,1.017357726619963,64.3
1358000,-2634957.276099112,299.7100951698561,1959.725900290125,1.0170291747050488,64.3
1360000,-2631804.9348689597,300.1375434944589,1961.8927230071226,1.0159059114940905,64.3
1362000,-2630551.065124383,300.27736782721195,1963.1098214511164,1.0152760651703583,64.3
1364000,-2635639.1012148354,299.03966602474384,1958.2287403799876,1.017806742348915,64.3
1366000,-2631443.262917122,300.5523184106454,1959.6744325047212,1.0170558853863971,64.3
1368000,-2636501.028514659,301.1508899181474,1958.892878308544,1.0174616678075659,64.3
1370000,-2630874.134541113,300.7697698892731,1963.839395472233,1.0148988861387545,64.3
1372000,-2634294.096068967,301.0215339137383,1962.315738022442,1.0156869133754967,64.3
1374000,-2634100.9859254304,300.697998537922,1959.1991932051499,1.0173025907383961,64.3
1376000,-2634390.9280793685,300.8801329370939,1960.787398444895,1.0164785925291568,64.3
1378000,-2633995.721111933,298.47762444723685,1959.8435961248192,1.016968098352904,64.3
1380000,-2635436.1109396834,300.40807465454316,1961.4568901331008,1.016131644313083,64.3
1382000,-2632502.0210051537,300.8567298681686,1961.4512495096571,1.016134566443305,64.3
1384000,-2636498.540320957,299.6394015956519,1959.428782942219,1.0171833915940534,64.3
1386000,-2633402.518258473,300.4964714344981,1960.2917058171624,1.016735626185459,64.3
1388000,-2630734.6083017252,301.1675994340533,1961.232626871069,1.0162478370553847,64.3
1390000,-2631879.7926027924,299.4089954632214,1960.7675810564665,1.0164888660318874,64.3
1392000,-2631824.4953771755,299.6357324919261,1963.4842271781706,1.0150824679068413,64.3
1394000,-2633090.5724144597,300.13038601575147,1959.3401560648865,1.0172294018732753,64.3
1396000,-2634921.914188456,299.90515054203576,1959.838885333534,1.0169705428010118,64.3
1398000,-2633990.7793366425,299.35030429530417,1959.7126335512503,1.017036059724953,64.3
1400000,-2631614.4465770237,300.3587413456486,1964.0811411479797,1.0147739689895063,64.3
1402000,-2632647.872272948,299.96237012584623,1961.320953361203,1.0162020711625566,64.3
1404000,-2634968.3281229213,301.44151589875014,1957.9030478157817,1.0179760521051624,64.3
1406000,-2630765.0764208175,298.81838134807316,1960.7237713930147,1.0165115780710705,64.3
1408000,-2635649.3073752504,300.13890746540307,1958.5264327656407,1.0176520376116212,64.3
1410000,-2635391.990772171,299.7651108832558,1959.9125094743176,1.0169323402883723,64.3
1412000,-2633339.9082551114,299.26643533258965,1959.1679480782195,1.0173188148444536,64.3
1414000,-2632181.883141186,299.1194110010536,1960.364588374258,1.0166978259248516,64.3
1416000,-2631851.370385751,299.8074847963819,1957.3648111505572,1.018255975414523,64.3
1418000,-2634124.8277512714,299.6955805832521,1956.1205295418454,1.0189036845735622,64.3
1420000,-2633978.826790815,299.5071124010172,1958.7596962664509,1.0175308481276062,64.3
1422000,-2636262.7096439693,300.9196762471705,1958.3840312228945,1.0177260349573023,64.3
1424000,-2631158.481730694,300.64471477663557,1959.3260297195702,1.0172367358920036,64.3
1426000,-2631747.3785007317,300.2275597627303,1958.4239478782251,1.0177052916348963,64.3
1428000,-2632385.224072205,299.8496584481716,1959.1065792735637,1.0173506822478309,64.3
1430000,-2632718.3224736974,300.69758159071074,1958.564789770879,1.0176321076686643,64.3
1432000,-2631235.4861262497,299.5244508337613,1957.868088664913,1.0179942288038848,64.3
1434000,-2634963.329323102,300.1612973944261,1957.6579655233954,1.0181034941347906,64.3
1436000,-2632518.592724003,300.85148577530686,1960.0741051849188,1.0168485006499997,64.3
1438000,-2634075.0086268894,300.95673209531077,1962.1870006137638,1.0157535517240412,64.3
1440000,-2633493.7910594214,301.53383656720206,1960.4564932217313,1.0166501638324046,64.3
1442000,-2632932.905137794,300.1512158716798,1958.5323509396694,1.0176489625325418,64.3
1444000,-2634245.1632995233,300.04209083582896,1958.1715564978724,1.0178364650463863,64.3
1446000,-2632299.1743899416,301.1491038217822,1959.2605107462732,1.0172707529643479,64.3
1448000,-2633613.6597957406,300.8038264659264,1962.6006485842777,1.015539466196496,64.3
1450000,-2633624.129141787,300.1845574057395,1959.3306401506243,1.017234342268518,64.3
1452000,-2632720.6732199956,301.6799092096615,1961.11235894848,1.01631015985685,64.3
1454000,-2632397.3881921154,299.7060585379529,1960.3183380163584,1.0167218131709086,64.3
1456000,-2633299.7190184444,299.59995594987726,1960.4870814337864,1.0166343016973813,64.3
1458000,-2634291.0322115757,299.64282834070895,1959.8304390897501,1.0169749256195222,64.3
1460000,-2633253.440462753,299.7062999350674,1958.2810382679252,1.0177795607841071,64.3
1462000,-2634831.866546696,298.98804314767204,1957.9855825913603,1.0179331414597765,64.3
1464000,-2633897.176867444,299.4175699999976,1959.386340675384,1.0172054248031401,64.3
1466000,-2632071.4366722964,298.97771205378933,1960.2146532772283,1.0167755922485167,64.3
1468000,-2633920.8332348317,301.1253821907079,1959.215279696284,1.0172942379916226,64.3
1470000,-2630652.251976516,300.5806508322807,1964.403357928612,1.014607517837793,64.3
1472000,-2635906.5818128437,301.02889872950885,1960.4056960995945,1.0166765067993961,64.3
1474000,-2632520.061474612,301.21900871541453,1961.4891289257257,1.0161149432991048,64.3
1476000,-2634785.4990384243,300.6012678316266,1959.8470728560694,1.016966294270934,64.3
1478000,-2633559.7880271077,300.817071019141,1959.8102424570347,1.0169854059551224,64.3
1480000,-2630672.4462839663,300.4500291561991,1961.628415303863,1.0160427935641607,64.3
1482000,-2633326.815136291,300.589807649435,1959.7900752525027,1.0169958712355351,64.3
1484000,-2632062.356961174,299.83401122311744,1959.9085014926766,1.0169344198987962,64.3
1486000,-2631173.428329874,299.44676417786616,1959.164005637705,1.0173208620027825,64.3
1488000,-2633919.2058353126,300.058951746459,1958.063662997151,1.0178925500151494,64.3
1490000,-2630986.803614009,300.39081217021015,1961.466815491484,1.0161265025127455,64.3
1492000,-2633304.9957500417,301.2300401321632,1961.1980021956967,1.0162657787682645,64.3
1494000,-2633621.754004758,301.14142839338933,1958.792125546664,1.0175140021373814,64.3
1496000,-2634350.9594941232,300.5326183099917,1957.7858492189798,1.0180369910300873,64.3
1498000,-2636134.5354073476,300.44616682665503,1955.724484898509,1.0191100180062451,64.3
1500000,-2636672.674822759,301.06475222652665,1959.0101584852976,1.0174007553698616,64.3
1502000,-2633118.520174289,299.35496419657306,1960.8322615885113,1.0164553358610713,64.3
1504000,-2636237.4015006553,300.27230919314115,1958.4702981709452,1.0176812060318552,64.3
1506000,-2631881.378115047,299.9668185008487,1959.6081952063275,1.0170902631943324,64.3
1508000,-2634927.909708217,298.8061019579298,1957.1914145148567,1.0183461874188826,64.3
1510000,-2632429.5708556604,300.20672904698813,1960.3247220371752,1.016718502100479,64.3
1512000,-2635017.430152515,300.41349772076103,1960.9708935496615,1.0163834769685731,64.3
1514000,-2631350.032884378,300.1211206967903,1961.4297979431653,1.016145679600778,64.3
1516000,-2632024.8310685083,300.91804307753426,1959.1066439638041,1.0173506486546313,64.3
1518000,-2629859.075989194,300.5217674270747,1962.3244597840228,1.0156823990460468,64.3
1520000,-2633167.7476971373,298.4659684000803,1958.7622177517333,1.0175295382753768,64.3
1522000,-2634268.6426008046,300.6521141632442,1958.1577933288772,1.017843619043539,64.3
1524000,-2634453.5935076047,300.1311461190019,1963.8232886668854,1.014907210094836,64.3
1526000,-2633524.830114398,301.71581905524056,1961.068231897377,1.0163330283984087,64.3
1528000,-2631543.247412946,300.9503757395636,1960.3555194845208,1.0167025293168575,64.3
1530000,-2635063.0230890587,300.7033691243227,1959.8597556321454,1.0169597132103507,64.3
1532000,-2631664.4452252537,301.2528519615986,1961.6904910304545,1.0160106419097854,64.3
1534000,-2631022.907001976,301.4062468654129,1961.14041460779,1.0162956207390053,64.3
1536000,-2632471.8183850665,300.2850399011343,1962.299705347601,1.0156952118927816,64.3
1538000,-2632700.336041361,299.80105947334846,1959.3547141396218,1.0172218438228884,64.3
1540000,-2634155.0974822845,300.90268870352725,1955.9151060996762,1.019010696734505,64.3
1542000,-2633705.0053427834,299.583311428798,1959.920692569863,1.016928094374476,64.3
1544000,-2631886.045955606,300.3241427807493,1961.6114395788256,1.0160515863672315,64.3
1546000,-2631950.876774581,299.69049948470695,1963.672339429061,1.014985226914012,64.3
1548000,-2632422.808819158,300.0914199132371,1963.1993252570585,1.0152297779336292,64.3
1550000,-2632491.9796134103,298.9567533315182,1959.146708746116,1.0173298437133316,64.3
1552000,-2633296.6255708896,300.8248107198217,1961.5338263556223,1.0160917891093402,64.3
1554000,-2634051.2078840043,299.3816617426382,1960.8206305663239,1.016461365180826,64.3
1556000,-2630912.8423789684,300.37991875181194,1959.8602083133837,1.0169594783167697,64.3
1558000,-2633225.955117043,300.3862931295944,1960.8177803893227,1.0164628426739593,64.3
1560000,-2633404.544532882,300.7908005834307,1956.8068696704217,1.0185463092511857,64.3
1562000,-2633290.222556971,300.06664932924446,1959.0512925429462,1.0173793930801238,64.3
1564000,-2634833.7131325975,300.8964644808381,1962.4307393358092,1.0156273926359025,64.3
1566000,-2630143.7414505277,301.449446766049,1963.98447148435,1.0148239173774223,64.3
1568000,-2630586.761328947,300.1587490742096,1955.842344081892,1.0190486063720903,64.3
1570000,-2629925.940669602,299.0816784745573,1962.786346984698,1.0154433864297265,64.3
1572000,-2634776.558270501,299.8031718384768,1959.9349258739528,1.0169207093094856,64.3
1574000,-2632558.8850654326,299.8959780078379,1961.1982016923141,1.016265675391877,64.3
1576000,-2633345.0247839,301.45984960769346,1958.5661004663496,1.017631426657289,64.3
1578000,-2632769.614787439,299.7629292380643,1961.863807825306,1.0159208845539036,64.3
1580000,-2632694.2389966957,300.01552526888344,1958.001687122613,1.0179247689766489,64.3
1582000,-2629961.1431690212,300.5268981877297,1959.9844107829854,1.0168950344987489,64.3
1584000,-2629690.665376045,300.47001904392647,1960.107628790596,1.0168311095498026,64.3
1586000,-2635002.202368632,299.45274021182104,1960.4420474127955,1.0166576551704118,64.3
1588000,-2635018.558441857,300.8958740246412,1957.6403834616217,1.018112637978919,64.3
1590000,-2633450.5582801905,300.7739358473362,1961.4896156859227,1.0161146911416088,64.3
1592000,-2633046.231824944,299.95780657273184,1960.4521312569188,1.0166524258576641,64.3
1594000,-2631958.5522291455,298.3906253174448,1960.5549881385125,1.0165990890735286,64.3
1596000,-2634444.0539619997,299.9445598630009,1956.7666390904656,1.0185672502811045,64.3
1598000,-2629150.7521665692,299.7219409716874,1965.7579533471096,1.0139083561262014,64.3
1600000,-2631833.5843568444,300.27377819791553,1958.118885922243,1.0178638433802023,64.3
1602000,-2632571.1006041877,300.5423951548994,1959.972760270618,1.0169010791481523,64.3
1604000,-2635103.347013887,300.0107347508281,1960.7917124075236,1.0164763561617585,64.3
1606000,-2632115.580965312,299.47433762551543,1959.0027532997183,1.0174046012253048,64.3
1608000,-2633490.1041240916,300.29916010942816,1963.5230923582196,1.015062375776001,64.3
1610000,-2633495.2960226126,300.4511223686018,1955.8373838347466,1.0190511908062476,64.3
1612000,-2635271.7027909625,300.29051477393614,1958.1889913662983,1.0178274026704228,64.3
1614000,-2634347.97759331,299.88099533879847,1956.6342844349927,1.0186361502889187,64.3
1616000,-2634853.2233368177,300.82511717954935,1959.6296557492099,1.0170791247074533,64.3
1618000,-2632885.709915174,300.49969907612547,1959.3578550397444,1.017220213190584,64.3
1620000,-2635879.55117495,300.196217548866,1958.4416276834424,1.0176961043141868,64.2
1622000,-2631523.678417733,301.7425728982645,1960.8316606205974,1.0164556473906405,64.2
1624000,-2636007.8926155027,300.4077640775479,1960.0323384675614,1.0168701688761244,64.3
1626000,-2634579.1616404,300.6500331335803,1954.4803783167376,1.0197587231531564,64.2
1628000,-2633804.0329312924,299.8182283776711,1960.9278755456885,1.0164057739581744,64.3
1630000,-2635164.5853745304,300.0244131922766,1957.9846811196583,1.017933610124282,64.3
1632000,-2631852.82769214,300.10862449716785,1960.8011974156332,1.0164714391479919,64.3
1634000,-2631225.4884467237,301.2287012709247,1962.529956512794,1.0155760468297244,64.2
1636000,-2631575.629447164,298.9184790770011,1964.187488093059,1.0147190261125143,64.2
1638000,-2635908.5852395147,300.3114668774862,1957.6040040688538,1.0181315582097021,64.2
1640000,-2633418.811684683,299.9678985428294,1962.5533449023915,1.0155639438780715,64.2
1642000,-2631678.478179792,301.22872519759414,1956.4630403302897,1.0187253088531127,64.2
1644000,-2634263.2296191603,300.1334607187059,1960.6936062195693,1.0165272170510542,64.2
1646000,-2635120.9810500965,300.75366782705834,1961.9243893135258,1.0158895143342175,64.2
1648000,-2633431.6444183085,300.9628347720642,1959.6645318538126,1.0170610237736628,64.2
1650000,-2633867.708699722,299.97964914238264,1962.3009441155396,1.0156945707012925,64.2
1652000,-2634428.7611538414,300.5199401636596,1960.9472541830812,1.0163957295478032,64.2
1654000,-2633201.8080156036,300.5437895724341,1958.3839225588213,1.017726091427464,64.2
1656000,-2632041.103216538,300.606310348177,1959.4153583924628,1.0171903606264192,64.2
1658000,-2631203.1829600018,301.3683951686455,1961.3468202867937,1.0161886691353943,64.2
1660000,-2632941.2159895543,301.274770147655,1959.393162078786,1.0172018835186856,64.2
1662000,-2635268.893934477,299.7518774159034,1959.2687042401799,1.0172664988251898,64.2
1664000,-2633104.030393403,299.8696986582972,1960.6959862672752,1.0165259831100006,64.2
1666000,-2634883.3257235587,301.7364175287008,1960.3920560843385,1.016683580630888,64.2
1668000,-2634882.300070051,300.7292578860479,1958.8432987880376,1.0174874203839228,64.2
1670000,-2631151.8688961864,300.5872413825793,1962.6664802489447,1.015505403020573,64.2
1672000,-2631789.2910497542,300.6558143225838,1960.5608526512804,1.0165960481792202,64.2
1674000,-2630475.114449788,301.085529969281,1962.0559122008206,1.0158214160087484,64.2
1676000,-2631589.593277078,299.1549752536548,1960.935342280157,1.0164019037479421,64.2
1678000,-2632801.5557634123,299.718299301482,1961.5691676636,1.0160734823305406,64.2
1680000,-2632104.933814572,300.2624115250652,1962.4846638311253,1.0155994855670798,64.2
1682000,-2633796.420804834,301.4583544906263,1957.447851361708,1.0182127782529,64.2
1684000,-2632790.5290363785,299.6592902688725,1960.8918838431855,1.01642442984356,64.2
1686000,-2631804.445414778,299.8567570047762,1962.7656566925107,1.0154540906216882,64.2
1688000,-2629892.0208848007,299.8241036611889,1960.0336240685679,1.0168695019032234,64.2
1690000,-2633211.7268890366,300.8761957785303,1962.1915423961254,1.0157512006123046,64.2
1692000,-2633954.73957718,299.90323656931884,1957.960971627602,1.017945936564488,64.2
1694000,-2635799.9342370313,300.08728936989854,1963.3802447327316,1.015136227619265,64.2
1696000,-2634118.939248955,300.2632256876009,1959.6250375260422,1.0170815216447688,64.2
1698000,-2633343.5197904725,300.4454572779547,1959.6166497364425,1.0170858750808405,64.2
1700000,-2634795.953167878,299.55868925023765,1960.4101156128954,1.016674214822167,64.2
1702000,-2635666.510533422,301.09053134933936,1961.588263626413,1.0160635909064364,64.2
1704000,-2635253.15860766,300.1072523384968,1960.3574423179073,1.0167015320754742,64.2
1706000,-2632108.019564042,299.7769151196082,1958.70488147994,1.0175593239519818,64.2
1708000,-2634000.8294016495,301.1410244594836,1956.976943635963,1.0184577909830146,64.2
1710000,-2632536.787197152,300.3042900540743,1960.5174349815481,1.01661856174155,64.2
1712000,-2632816.614756832,300.33962859198607,1957.0761608665775,1.0184061585715942,64.2
1714000,-2634069.6756375358,300.19226904926694,1962.8232101187166,1.0154243157230785,64.2
1716000,-2632001.142391408,300.4483970796674,1959.4239538973882,1.017185898465621,64.2
1718000,-2633747.2281729095,299.6953884119752,1960.1188770740016,1.016825274391216,64.2
1720000,-2632762.107164165,299.5507851688856,1955.3264062760854,1.0193174953413664,64.2
1722000,-2632115.8895100895,301.4122295930284,1960.2789001111291,1.0167422681064338,64.2
1724000,-2634501.1543926485,300.61024258791855,1957.4983581628608,1.018186506624059,64.2
1726000,-2633324.941473428,300.28474925749134,1959.7946254366132,1.0169935100093164,64.2
1728000,-2634775.7357179485,300.52047470483683,1956.6152841932942,1.0186460420306498,64.2
1730000,-2633314.7825151533,299.64883974861056,1954.9849439882978,1.0194955317426242,64.2
1732000,-2633849.0637845322,301.3422689024005,1959.9837109363064,1.0168953975990183,64.2
1734000,-2634451.7750867307,300.1684236219545,1957.102207154041,1.0183926050129377,64.2
1736000,-2633624.8021619003,299.49292178744065,1956.8673230218758,1.0185148433785223,64.2
1738000,-2634942.997463571,300.4082998256247,1958.3839233421154,1.0177260910204042,64.2
1740000,-2634222.1784152295,300.5692931898866,1958.404201900935,1.0177155528391755,64.2
1742000,-2630532.8446716983,299.7846660977374,1960.6210777680278,1.0165648210255491,64.2
1744000,-2636124.1754871476,300.0338045613632,1959.0430097119233,1.017383694558732,64.2
1746000,-2633009.243101405,301.397361958933,1961.3233742822351,1.0162008168334646,64.2
1748000,-2637543.1194754746,299.80942450812927,1959.9057062602296,1.0169358702584121,64.2
1750000,-2633610.4075988065,300.384976080717,1958.5874646936343,1.0176203263569534,64.2
1752000,-2630188.0769015662,299.6033162010702,1958.2988793983047,1.0177702882782438,64.2
1754000,-2630418.590844471,300.947628982334,1961.727832934427,1.015991301932451,64.2
1756000,-2633876.8082170542,301.37589204859455,1959.05935034814,1.0173752084978873,64.2
1758000,-2632997.045551881,300.624617897006,1961.1919033811625,1.0162689390997401,64.2
1760000,-2633404.694741057,301.0944342063533,1958.709424840589,1.0175569636534445,64.2
1762000,-2634063.0876767393,300.5283238893375,1959.3690169350864,1.017214418414071,64.2
1764000,-2634005.91057262,299.4747208680688,1961.0324763522713,1.0163515592192278,64.2
1766000,-2634495.137993414,300.19318284817894,1957.2922003451163,1.0182937502477885,64.2
1768000,-2630648.5861402024,299.49535513321774,1959.9413830053693,1.0169173590099732,64.2
1770000,-2632962.283507906,299.74521449492397,1960.9735950634904,1.0163820767589906,64.2
1772000,-2632143.0069980007,300.0332403925719,1963.0620543853756,1.0153007698191197,64.2
1774000,-2631757.3865065053,300.06374868128916,1958.6838483199026,1.0175702509263,64.2
1776000,-2633600.8142417595,301.05476573482105,1958.7897982719564,1.017515211064753,64.2
1778000,-2634278.660446329,299.9597940746444,1959.8308383487044,1.0169747184402407,64.2
1780000,-2633889.841315517,300.21172128135794,1959.9884369714587,1.0168929456032285,64.1
1782000,-2631823.91676162,301.05019685915863,1960.8063712108165,1.016468757080495,64.1
1784000,-2632343.4697370343,298.95747408848416,1960.2488560329857,1.0167578513748845,64.2
1786000,-2630751.6598763037,301.71906433301757,1962.3557511635483,1.0156662031532242,64.1
1788000,-2629421.938845096,299.6205169317558,1960.060965565198,1.0168553172760366,64.2
1790000,-2631938.137519203,301.593147374531,1965.554924330458,1.014013086253033,64.2
1792000,-2629416.918822365,299.84270795402153,1964.0609128910958,1.0147844203499448,64.2
1794000,-2631402.361702092,300.66337396007987,1963.277118315328,1.015189550383206,64.2
1796000,-2632866.46300509,301.2707165958772,1963.025844252103,1.0153194981391234,64.2
1798000,-2633692.5807623174,300.9554303742336,1960.6493626050567,1.0165501557973649,64.2
1800000,-2634168.470951356,299.85293057243365,1959.8774921839338,1.0169505099011171,64.2
1802000,-2633577.322211964,300.3343715898774,1959.4280914949454,1.0171837505399548,64.2
1804000,-2631835.127683103,300.1035771342351,1958.1814144839216,1.0178313409973074,64.2
1806000,-2634017.3697421458,300.4853698124428,1958.5098370763114,1.0176606608192977,64.2
1808000,-2632999.856817616,302.3570047914027,1959.5407403214301,1.0171252753301978,64.2
1810000,-2633652.805064222,299.790970247346,1960.0328811794093,1.0168698873158026,64.2
1812000,-2632628.458902873,301.0352031886616,1962.1844568000427,1.015754868566509,64.2
1814000,-2633501.3154413756,299.48482213790356,1961.3066995540105,1.0162094564166804,64.2
1816000,-2631025.1786437985,300.0071138119172,1966.2278462536863,1.0136660503601784,64.2
1818000,-2633141.107967546,300.111564676006,1960.5016075101332,1.0166267690805106,64.2
1820000,-2631861.740364529,299.99683892823543,1959.7001427442763,1.0170425421458247,64.2
1822000,-2635224.865269847,300.3303589967798,1959.5130203230442,1.0171396639618109,64.2
1824000,-2634094.9378681555,300.77559349614853,1956.6950959424964,1.0186044924184487,64.2
1826000,-2631766.462036753,299.97175928075393,1959.8206135507637,1.0169800242120723,64.2
1828000,-2634331.2598834448,299.74712835965397,1962.2490564736586,1.0157214286559295,64.2
1830000,-2635023.0687162634,299.9941568088968,1960.464770006706,1.0166458716895772,64.2
1832000,-2631040.9060709905,300.8843645729893,1962.031401758221,1.0158341060362814,64.2
1834000,-2633697.2881920394,301.0106799346748,1959.3845593587391,1.017206349565431,64.2
1836000,-2634305.7747213673,299.838259613017,1961.7429718819226,1.0159834614359147,64.2
1838000,-2633459.640358677,300.6933815806871,1961.0834498837519,1.0163251416650936,64.2
1840000,-2633512.0734710954,300.27565144877366,1961.1986587807144,1.0162654385350702,64.2
1842000,-2632592.140040215,299.45294424533415,1960.9588577959319,1.0163897152132844,64.2
1844000,-2634020.8586799446,300.49113143785036,1963.5677288488048,1.0150393010322507,64.2
1846000,-2630298.640025748,301.1229682940256,1961.6929504655698,1.0160093681058247,64.2
1848000,-2632297.4093284756,300.47371905225157,1958.795531062563,1.0175122331114383,64.2
1850000,-2632721.5979906227,300.4039918746084,1956.5097221133585,1.0187010023478411,64.2
1852000,-2632587.4329159968,299.6454096030512,1960.4209276641745,1.0166686076928053,64.2
1854000,-2632909.579128161,299.9117077761142,1961.1138985139146,1.0163093620062031,64.2
1856000,-2634638.6474204697,299.5598370663131,1957.1941676395952,1.018344754942674,64.2
1858000,-2633825.4634907227,298.7363550701646,1956.9625303114585,1.0184652920784152,64.2
1860000,-2634708.0661518574,300.79854445477395,1962.7859753949704,1.0154435786709266,64.2
1862000,-2634366.5759973526,301.8851900955872,1956.3102452021656,1.0188048751000673,64.2
1864000,-2631874.0640179124,300.9952506022926,1957.7071292670296,1.0180779265826116,64.2
1866000,-2633211.8851835467,299.318925026008,1961.1142851574896,1.0163091616356852,64.2
1868000,-2634139.0962056555,300.60358241968044,1960.192456299135,1.0167871060901674,64.2
1870000,-2632317.1294413656,300.3429403089342,1957.3323194588754,1.0182728784508022,64.2
1872000,-2633289.6537835095,299.2579736490266,1961.9623706330894,1.0158698478896095,64.2
1874000,-2634131.5518353134,299.6896208830693,1960.4917188090526,1.0166318969360042,64.2
1876000,-2635084.6870084964,299.4819533386611,1959.467361336562,1.0171633650793104,64.2
1878000,-2631060.741773462,299.91952592534017,1958.8079337330473,1.0175057904844078,64.2
1880000,-2634228.294525679,300.27284657079457,1959.0415408722151,1.017384457367247,64.2
1882000,-2630875.5421081297,300.69499437079725,1964.4202090976444,1.0145988143421223,64.2
1884000,-2631055.4750475492,300.355361474881,1958.193619912079,1.0178249968507518,64.2
1886000,-2632218.776884878,299.73794957392204,1957.5737317967473,1.0181473027791503,64.2
1888000,-2632586.8519092426,299.9607002272518,1959.744968538204,1.0170192790477472,64.2
1890000,-2634146.2625802457,299.8021586899346,1957.925749498628,1.0179642489152376,64.2
1892000,-2629367.463672854,300.95707618873365,1960.856331244925,1.0164428587966865,64.2
1894000,-2631966.5194917563,299.8232831557319,1960.1541981213666,1.0168069516828735,64.2
1896000,-2636113.4231214486,300.1427482891124,1956.7589355283399,1.0185712602774049,64.2
1898000,-2634362.8489005174,301.3156597926633,1957.8174627476706,1.0180205524487402,64.2
1900000,-2634648.9031893667,301.88289250715667,1958.6320522110937,1.017597160615324,64.2
1902000,-2635925.7354502287,299.66679904375803,1956.4634185966097,1.018725111890844,64.2
1904000,-2633165.1788290795,301.4531068475759,1960.0167247912793,1.0168782693588587,64.2
1906000,-2630992.233380297,299.06186037644267,1963.1115662561558,1.0152751627973984,64.2
1908000,-2632235.84956453,300.36712938163976,1960.7425513307749,1.0165018419513767,64.2
1910000,-2632772.28513553,300.49437090381343,1962.688496215846,1.0154940118429185,64.2
1912000,-2631882.755769899,301.28975788345514,1961.4184544433176,1.0161515562908516,64.2
1914000,-2634252.1836474333,299.39125942354406,1959.8094825813962,1.0169858002702032,64.2
1916000,-2631917.1514143646,300.10154964467364,1963.3396339573796,1.0151572252442191,64.2
1918000,-2633279.5072359275,300.0220646738863,1958.543544876463,1.017643146221643,64.2
1920000,-2633097.6808959544,298.97816770876926,1958.3516111358451,1.0177428831915307,64.2
1922000,-2631934.2722947877,300.804627013388,1961.8710593682306,1.015917129468233,64.2
1924000,-2631347.097656157,302.075704855803,1963.720634149286,1.014960264897158,64.2
1926000,-2631739.1049112193,300.49580582418974,1960.9656950808123,1.0163861713746285,64.2
1928000,-2633680.719718484,299.72249255488083,1959.0698334966942,1.0173697644370048,64.2
1930000,-2631700.4872955233,301.2336205586993,1963.1643310865468,1.0152478748007099,64.2
1932000,-2633188.17766965,300.6436330354593,1960.2796320225755,1.0167418884844184,64.2
1934000,-2631481.389949035,300.5484435494683,1960.8883779308944,1.0164262471295116,64.2
1936000,-2631638.1383260544,299.4977812973695,1962.5607217263146,1.01556012660184,64.2
1938000,-2632418.7721491307,300.7396890947529,1961.9309270247684,1.015886129101737,64.2
1940000,-2635209.5871131103,300.51087591082006,1958.0090311858744,1.0179209509636675,64.2
1942000,-2634588.98217508,301.5414792288789,1957.7880395029222,1.0180358520967454,64.2
1944000,-2630514.856097322,301.09451281606357,1958.8810877515305,1.017467791936222,64.2
1946000,-2632637.3637864403,299.9074598333768,1963.1763265963677,1.0152416713763472,64.2
1948000,-2632320.791552102,301.37008452384555,1964.8224609025197,1.0143910987788007,64.2
1950000,-2630187.1569111217,300.5486561428029,1959.6623347043765,1.0170621640900404,64.2
1952000,-2633356.474779388,300.0289067693829,1961.367825551439,1.0161777862649573,64.2
1954000,-2634115.0316517316,298.9805329177105,1961.0170100033472,1.0163595750843448,64.2
1956000,-2635595.4057155605,299.6569773834307,1959.523502543757,1.0171342229030842,64.2
1958000,-2632429.741993755,299.56274640859397,1962.5776811887508,1.0155513507179683,64.2
1960000,-2633273.2162358463,300.7377797784224,1958.859897535915,1.017478798523227,64.2
1962000,-2632592.2424734533,301.3762799529528,1959.7616146599887,1.0170106405344455,64.2
1964000,-2633889.8397527654,299.3869235520671,1959.0435725818195,1.0173834022453487,64.2
1966000,-2634647.4936525803,300.73637034192114,1956.6893025773907,1.0186075083023274,64.2
1968000,-2630953.6130962763,300.6538607441262,1962.177920458334,1.0157582522152822,64.2
1970000,-2634546.2109825276,300.84757007641196,1961.6720152144585,1.0160202111066359,64.2
1972000,-2632470.942970006,300.5420370559888,1958.238238759959,1.017801805505693,64.2
1974000,-2631666.402414145,299.5353961944373,1958.3654305571768,1.0177357013767934,64.2
1976000,-2634052.2467684615,299.4845963361294,1959.0571123988075,1.0173763707070715,64.2
1978000,-2633917.8025741037,300.65442308609516,1958.8702252560997,1.0174734340860176,64.2
1980000,-2634021.4017613735,299.53895864144044,1960.4375615004028,1.0166599815067687,64.2
1982000,-2632412.012310067,300.3739898864038,1959.6709600838785,1.0170576875491715,64.2
1984000,-2631989.5819041766,300.80845423911336,1959.9759024983261,1.016899448855278,64.2
1986000,-2634266.6458140127,301.82568068952054,1956.8797788802951,1.0185083603657057,64.2
1988000,-2631024.479760833,300.26056892895537,1960.5880231993883,1.0165819598182253,64.2
1990000,-2632424.302624777,300.49073638500533,1961.867329136433,1.0159190611005733,64.2
1992000,-2631548.896960322,300.8054032299894,1961.5594370915778,1.0160785226958808,64.2
1994000,-2633749.7172725834,300.52393057581384,1959.704843331757,1.0170401026471125,64.2
1996000,-2631846.1087924745,300.81634142001275,1962.4883613639745,1.015597572071676,64.2
1998000,-2628951.401692178,300.2890970079575,1963.7756207525858,1.0149318455518612,64.2
2000000,-2633870.1540894955,301.06565979659655,1958.5126303563125,1.017659209406053,64.2
2002000,-2633787.5725890994,300.0289458800161,1960.3613191764668,1.0166995214216226,64.2
2004000,-2632656.9096900374,300.9780047816487,1958.7470994483,1.0175373919285187,64.2
2006000,-2634467.841452321,300.33018342162364,1959.8015213819747,1.0169899315185345,64.2
2008000,-2635144.3996078335,300.69629253242647,1959.7252358838098,1.0170295195087968,64.2
2010000,-2633517.6016112063,299.85169788095,1959.8706886923933,1.0169540401412658,64.2
2012000,-2634507.300688695,300.42889986384523,1955.9588915708202,1.018987885486452,64.2
2014000,-2632988.391466707,299.6484542971563,1958.603565487911,1.0176119609603949,64.2
2016000,-2632180.493866246,299.36061345726625,1957.5369475885002,1.018166434853494,64.2
2018000,-2633573.2719543036,300.35439143412907,1958.3870267573334,1.0177244782510202,64.2
2020000,-2635595.8724423014,299.22980124895776,1956.3724816233005,1.0187724647232823,64.2
2022000,-2632980.5531140007,299.5952187318156,1961.1889662926858,1.01627046107026,64.2
2024000,-2632629.5960799754,300.1536101641311,1959.0158927748425,1.0173977773080012,64.2
2026000,-2635008.7709916662,300.7350879251355,1958.216007615503,1.01781336035913,64.2
2028000,-2632369.196520986,300.22718485254205,1961.752807210808,1.0159783677607848,64.2
2030000,-2635739.459169874,299.6375609042843,1959.2243422310669,1.017289532423088,64.2
2032000,-2631375.041629374,300.23595511974327,1958.7772075790908,1.0175217514826518,64.2
2034000,-2631778.4324163906,301.3833670476702,1960.8551425434116,1.0164434749804823,64.2
2036000,-2635648.567672435,300.2728638635152,1954.461204597158,1.019768727223716,64.2
2038000,-2634541.640367754,301.34970471473923,1962.1892488040455,1.0157523879182233,64.2
2040000,-2630285.2053840347,300.2730373014496,1962.0992235889762,1.0157989927616893,64.2
2042000,-2633577.3147296216,301.1640647203405,1961.1443546435833,1.0162935789509477,64.2
2044000,-2634252.285898991,301.4522758415948,1959.6228141771653,1.0170826756051343,64.2
2046000,-2633566.6109760366,299.94761579790617,1960.0202137625588,1.0168764592453445,64.2
2048000,-2631288.3050936107,301.07609894927805,1961.5668886346768,1.016074662846417,64.2
2050000,-2632776.053152403,300.69631933592024,1958.6944360761609,1.0175647504329133,64.2
2052000,-2633513.270330891,299.30554879593404,1958.783115172856,1.0175186826869753,64.2
2054000,-2631944.3716939297,300.62615842164683,1963.5907944201458,1.015027377742796,64.2
2056000,-2630455.2740474176,299.5716532382686,1961.9422498606275,1.0158802661810051,64.2
2058000,-2634176.955225231,299.3500820452738,1961.895574604967,1.0159044348838444,64.2
2060000,-2632029.458469564,300.1813270465672,1961.7170496014264,1.0159968867197866,64.2
2062000,-2630769.723322075,300.62768428068756,1959.2325831910114,1.0172852534812409,64.2
2064000,-2636074.090255875,301.0245435740923,1955.3254176096862,1.0193180107363735,64.2
2066000,-2633560.7833606265,300.0356843201392,1959.9850710361434,1.0168946919409574,64.2
2068000,-2634438.6377817914,300.39469371073056,1959.8666717985052,1.0169561244649228,64.2
2070000,-2632551.831896279,299.8121360253689,1962.3622823601725,1.0156628227806308,64.2
2072000,-2632288.0443071704,301.2107219875751,1960.3394641279747,1.0167108562020262,64.2
2074000,-2632454.173801286,299.91045828863287,1960.4692879698014,1.0166435287972109,64.2
2076000,-2633155.623611197,299.15747052723896,1960.7662498287311,1.0164895561591125,64.2
2078000,-2636397.3647721168,300.1868677031471,1960.9192787282384,1.0164102299574542,64.2
2080000,-2632301.4992330223,300.2550274888084,1957.746907012997,1.0180572411482516,64.2
2082000,-2630218.1515557934,301.12357025517525,1963.239430551277,1.0152090386960662,64.2
2084000,-2632898.8380253483,300.35841261157327,1959.3746063858428,1.0172115166361866,64.2
2086000,-2632834.248741137,299.6819349114736,1960.7240009704892,1.0165114590496473,64.2
2088000,-2634966.7769680414,298.8720431032078,1958.4616229614992,1.0176857139565996,64.2
2090000,-2635883.034524642,300.3021347903091,1954.9278780029692,1.0195252916727535,64.2
2092000,-2634252.9172824137,298.95643668054294,1963.1046627738576,1.015278733128745,64.2
2094000,-2633029.576006232,300.4327918734119,1961.6134082661333,1.0160505666515967,64.2
2096000,-2630787.4552797284,299.9058572138326,1960.0617339159187,1.0168549186653693,64.2
2098000,-2635732.1559187826,300.53265363848,1960.0017863450935,1.0168860196483789,64.2
2100000,-2632181.436365111,299.96719053343526,1960.163281109136,1.0168022400115577,64.2
2102000,-2630521.876556888,300.14340855050216,1962.5988663304254,1.0155403884171073,64.2
2104000,-2636451.9227020685,299.6177628673387,1956.7092421649288,1.0185971283168183,64.2
2106000,-2630771.0419485886,301.4264903176361,1964.253682538907,1.0146848305479481,64.2
2108000,-2631681.54992152,300.9637231095187,1961.9695696360739,1.0158661203852795,64.2
2110000,-2634697.149950888,299.5758813517361,1963.1320510872285,1.0152645686347739,64.2
2112000,-2633705.880879523,298.7644945200326,1957.9344767385044,1.017959711471165,64.2
2114000,-2631247.5168783497,299.794720940105,1961.8689077440208,1.0159182436465974,64.2
2116000,-2634429.942446785,300.3801114659898,1960.8598609752678,1.0164410291048909,64.2
2118000,-2633359.762046559,300.5587302120425,1958.6989012860706,1.0175624307092412,64.2
2120000,-2632877.3677625097,299.36990092817337,1959.468387160206,1.017162832572516,64.2
2122000,-2632271.568877388,300.6081581156735,1962.0122378740493,1.0158440281594823,64.2
2124000,-2632366.3864956144,300.55038655672246,1961.8179247815747,1.0159446449354275,64.2
2126000,-2632540.493595848,298.95154182116295,1960.666201950095,1.0165414250716527,64.2
2128000,-2634310.000254592,299.6572252283412,1957.2428673558986,1.0183194166969756,64.2
2130000,-2632389.971906049,300.455272931606,1962.1443532646151,1.0157756292008067,64.2
2132000,-2631918.6085308567,301.4341550846403,1963.5450852809226,1.0150510064478726,64.2
2134000,-2635186.510414023,301.3486408622228,1960.6107121735859,1.0165701955237059,64.2
2136000,-2631818.593479639,300.63990635183455,1958.1323302593396,1.0178568548307478,64.2
2138000,-2635210.8870089,300.24653384472373,1958.0272558674433,1.0179114764861603,64.2
2140000,-2633933.588781446,300.1060780786452,1960.921749637638,1.016408949203854,64.2
2142000,-2632309.691342205,301.27049430374825,1961.7148971216984,1.0159980015161851,64.2
2144000,-2631555.134370109,300.91287427418746,1961.0129668517068,1.016361670580883,64.2
2146000,-2633572.254790202,300.7556737759823,1963.2618346059132,1.0151974534870178,64.2
2148000,-2633363.50059331,300.1323754069736,1962.0524264826909,1.0158232206838318,64.2
2150000,-2632547.334323125,300.69315493325365,1959.8682675906803,1.0169552964242565,64.2
2152000,-2632689.3915397953,300.43251563232064,1958.3555123568121,1.0177408557558327,64.2
2154000,-2633440.030350128,300.6011919193794,1955.1632651194748,1.0194025484098799,64.2
2156000,-2634902.604891723,299.77002861633065,1956.6718428557726,1.018616597513478,64.2
2158000,-2631865.612414548,300.64741526155785,1960.2509215709015,1.0167567800059747,64.2
2160000,-2631691.715052381,300.4165413515034,1960.4130632500678,1.0166726861715147,64.2
2162000,-2630781.8729887027,299.82875992728356,1960.4686981311286,1.016643834670837,64.2
2164000,-2632113.3334913515,300.9180042661539,1959.3429263159092,1.01722796364582,64.2
2166000,-2635890.550349679,300.78263853238724,1957.2548245894143,1.0183131955943852,64.2
2168000,-2637236.28853653,299.7770063446868,1956.9161922855824,1.0184894084259852,64.2
2170000,-2633227.1536225546,300.45394377711546,1959.8024628504172,1.016989442967293,64.2
2172000,-2631265.4684251454,299.8145854533366,1959.4670389950265,1.0171635324074635,64.2
2174000,-2633037.3827936444,301.7507824257199,1963.0571635071772,1.0153032994002709,64.2
2176000,-2632715.57794795,299.5632624615008,1959.9200466384439,1.0169284295237635,64.2
2178000,-2636017.060124729,300.3507825534577,1957.0871147341695,1.0184004585257802,64.2
2180000,-2632015.5301956907,300.25633161372747,1960.0176460969437,1.016877791375555,64.2
2182000,-2630382.531354891,299.9539421242798,1961.4252694708052,1.0161480256435744,64.2
2184000,-2631807.0186866336,300.97235820813154,1962.065748326979,1.015816323545557,64.2
2186000,-2631889.79723531,299.110206053003,1964.7660491523563,1.0144202236597284,64.2
2188000,-2632942.632953411,299.9458955450989,1961.7226056481356,1.0159940091844293,64.2
2190000,-2637336.6783500127,299.87537133320507,1958.5104283521061,1.0176603535867668,64.2
2192000,-2634794.3426617812,299.306065953964,1958.9338876935767,1.0174403677128798,64.2
2194000,-2631846.7255189307,301.27763273048794,1958.9323967154335,1.0174411421047647,64.2
2196000,-2632712.875713572,300.1582869318436,1960.014702613957,1.016879318487813,64.2
2198000,-2632399.506575402,300.25953325130547,1964.7495714216636,1.0144287312799858,64.2
2200000,-2631329.390464615,300.5727024516811,1964.7013327812838,1.0144536382019402,64.2
2202000,-2632891.844678873,299.5521021276068,1963.593726748193,1.0150258619540624,64.2
2204000,-2630803.74775362,299.1741655150285,1960.2321084901473,1.016766538201102,64.2
2206000,-2633623.9323454667,299.05032865618915,1961.1606525239972,1.0162851332220404,64.2
2208000,-2635220.5861645937,300.52868366518135,1959.1607956540786,1.0173225288303942,64.2
2210000,-2634417.85830985,300.06876543220693,1956.2636063461243,1.018829164205968,64.2
2212000,-2632305.4050267227,298.51432708638555,1961.0877605184749,1.0163229076975302,64.2
2214000,-2631921.1486122385,300.84106869316986,1957.0286589235905,1.0184308778167934,64.2
2216000,-2634310.932013016,300.1473282624725,1959.1637426455436,1.01732099856483,64.2
2218000,-2631935.1279369835,299.16261027597056,1959.915412970933,1.016930833764372,64.2
2220000,-2631164.3654828537,302.12862201579964,1959.0206621147265,1.0173953003990583,64.2
2222000,-2631731.869275145,300.7603304923643,1960.879926466251,1.0164306279640412,64.2
2224000,-2631402.577985771,301.43171005080126,1962.7978781850647,1.0154374208225287,64.2
2226000,-2632757.821721388,299.5943980906946,1961.1108617214052,1.0163109357676452,64.2
2228000,-2633083.88377098,300.08599985107077,1960.1802009617793,1.0167934631939672,64.2
2230000,-2632837.6060351264,300.6114358383846,1963.060353178774,1.0153016496883347,64.2
2232000,-2633834.492322836,300.83520614900027,1960.6714509667875,1.0165387036351232,64.2
2234000,-2635691.3255572524,299.74870779562906,1960.7720798499076,1.0164865338008795,64.2
2236000,-2634386.457874704,300.37260112471125,1963.056435720802,1.0153036758152811,64.2
2238000,-2630747.7883039694,300.20207740814624,1963.9209237510233,1.0148567546260585,64.2
2240000,-2635878.5156510957,301.12676354360264,1958.253600432324,1.0177938212804294,64.2
2242000,-2631601.590664111,300.8759094365525,1964.505327930714,1.0145548534192974,64.2
2244000,-2632283.006692013,300.04342209881537,1961.456108866125,1.016132049048164,64.2
2246000,-2634213.7217987496,300.47011212324537,1959.7790199405242,1.0170016082122673,64.2
2248000,-2633655.9360570014,300.90217686515155,1960.3820999875975,1.0166887440120902,64.2
2250000,-2631213.1447863113,301.46640463947665,1962.9030214867053,1.0153830287094872,64.2
2252000,-2631315.825413864,300.34238516848717,1967.0173210404619,1.0132592091084978,64.2
2254000,-2632696.9596198406,299.97935513308823,1960.5114052515414,1.0166216884438128,64.2
2256000,-2633524.293560546,299.3040258119154,1963.3707106325257,1.0151411571063271,64.2
2258000,-2634967.094194431,300.77844773280987,1960.011771904905,1.0168808389773665,64.2
2260000,-2631544.3500085026,301.4158773134074,1960.794825246664,1.016474742465442,64.2
2262000,-2633546.5969042163,300.410615043647,1960.4699929672774,1.0166431632057331,64.2
2264000,-2632414.6616115645,300.62233838979,1959.3360969268608,1.0172315092577882,64.2
2266000,-2632366.90793835,301.10955361068716,1962.5478980768128,1.0155667624587912,64.2
2268000,-2632930.349407751,300.5856872278147,1961.055476323003,1.01633963907908,64.2
2270000,-2633145.451120289,300.0981936536957,1961.4758856318565,1.016121803800882,64.2
2272000,-2634114.335877469,301.4856806903192,1957.7785234696933,1.0180408003903754,64.2
2274000,-2632980.3468995467,301.08288216429486,1961.382548117096,1.0161701586126202,64.2
2276000,-2632821.7991757654,299.93726570091764,1957.6474223900952,1.0181089772471885,64.2
2278000,-2631553.548630839,300.8505115949519,1958.5206400532356,1.0176550475189268,64.2
2280000,-2632515.145950211,300.38974600132843,1960.9817542103187,1.0163778478514138,64.2
2282000,-2633365.942470109,300.5404691120383,1963.514374158709,1.0150668827541132,64.2
2284000,-2633564.2896034475,299.81255323763367,1961.9053399342827,1.015899378247748,64.2
2286000,-2631728.3059798274,300.47356887557305,1960.027095620366,1.0168728888869472,64.2
2288000,-2630867.5543565955,301.4609195117511,1957.6896220374176,1.0180870310513808,64.2
2290000,-2632162.1376705132,300.49931322375414,1963.2713651567637,1.01519252528854,64.2
2292000,-2635520.7731904853,300.34657086904815,1963.9709700205258,1.0148308938595687,64.2
2294000,-2633930.0573564023,300.4597478990533,1960.057792341442,1.0168569635078273,64.2
2296000,-2631754.697867412,300.9765974326681,1961.0425623142453,1.0163463319572725,64.2
2298000,-2633914.9551344104,299.24756797172347,1960.4294373672674,1.0166641946046167,64.2
2300000,-2632541.8357681204,301.101047782176,1959.617903104784,1.0170852245544115,64.2
2302000,-2633999.370566383,300.0111101395508,1963.7753034744853,1.0149320095297094,64.2
2304000,-2631982.3237551246,300.35425083948707,1959.723999023935,1.0170301613966364,64.2
2306000,-2633423.5830754917,299.95872175146735,1963.1756480640051,1.015242022274307,64.2
2308000,-2631594.4853683263,299.82037698048407,1962.6951950167766,1.0154905458986145,64.2
2310000,-2633544.449742127,300.66067677920523,1960.4035022009814,1.0166776445678074,64.2
2312000,-2630124.1179946363,300.48806533084377,1959.7359860143154,1.0170239405940138,64.2
2314000,-2630485.2079807892,300.8585357111827,1960.2078438468532,1.0167791243548816,64.3
2316000,-2632688.8256450463,300.4200399026179,1960.4146616322244,1.0166718572491893,64.2
2318000,-2632335.063505292,300.66415063868243,1961.311755460413,1.0162068368127941,64.2
2320000,-2633381.8700497635,300.0157704902357,1957.9103226591988,1.0179722696967977,64.3
2322000,-2631069.7326091006,301.0688381178869,1957.2218386274776,1.0183303576961187,64.3
2324000,-2632254.0804924183,299.10994625577956,1959.3570426719282,1.01722063493963,64.3
2326000,-2632422.7861944474,299.3411645117352,1957.7949602571307,1.0180322533665154,64.3
2328000,-2634261.135271525,300.4376746406415,1960.6800181846702,1.016534261855496,64.3
2330000,-2632180.012395205,299.3540326563713,1957.7016241352753,1.0180807894566333,64.3
2332000,-2633125.0803582147,299.8844429430728,1962.5189156998495,1.0155817602957575,64.3
2334000,-2633826.040289605,300.0767290017728,1962.316798132512,1.0156863646669878,64.3
2336000,-2634862.3518088832,300.1822803859372,1960.2772067047938,1.0167431464300667,64.3
2338000,-2632948.5425511897,300.0920621086302,1960.2220215629773,1.0167717702870123,64.3
2340000,-2632262.48195469,299.62306691658915,1960.5511170624416,1.0166010963317802,64.3
2342000,-2632300.0174523313,299.64383586819383,1966.9223527057347,1.0133081320055322,64.3
2344000,-2633399.328440668,299.7129153766543,1962.7650281322003,1.0154544158130023,64.3
2346000,-2633763.396393219,298.11332306105294,1961.4892841826565,1.0161148628709888,64.3
2348000,-2632372.803337533,300.02662848417407,1964.2411979854057,1.0146912798002432,64.3
2350000,-2630490.05471891,300.82987226505077,1962.2311991598376,1.0157306722436954,64.3
2352000,-2633492.2415331677,300.18120877794684,1960.754539688347,1.01649562690135,64.3
2354000,-2634632.784485195,300.67885833802814,1960.161427260029,1.01680320166599,64.3
2356000,-2635254.6251208894,300.0282350046776,1955.5606081365906,1.0191954198337798,64.3
2358000,-2637184.92166519,299.3460527426848,1956.9262161205552,1.0184841914844023,64.3
2360000,-2631630.2184489686,299.2388271935274,1959.8918378330222,1.016943066217301,64.3
2362000,-2632101.151235301,300.21032688732515,1961.1528958928004,1.0162891527704325,64.3
2364000,-2634494.179698348,299.8319507004857,1960.3016170202914,1.0167304856125838,64.3
2366000,-2631439.9221930746,300.12326740151985,1961.3207869923501,1.0162021573618025,64.3
2368000,-2634525.6376927737,300.265093941789,1959.496244944264,1.0171483717626957,64.3
2370000,-2632982.112299716,301.21826577796037,1961.1719174838145,1.0162792956862863,64.3
2372000,-2634160.490576729,299.9839172993962,1959.5798041284654,1.017104999153947,64.3
2374000,-2631882.356599042,299.43450945676767,1962.295069008447,1.0156976116885887,64.3
2376000,-2635584.789031308,300.6790567833204,1957.7811874928334,1.018039415105714,64.3
2378000,-2636701.5162696466,299.41621920842107,1954.619100224495,1.0196863495252144,64.3
2380000,-2635060.688301787,299.93306935462965,1954.9610673277998,1.01950798321754,64.3
2382000,-2633590.7577275317,300.2967193308997,1961.4607127487645,1.016129664013037,64.3
2384000,-2632291.1168792825,301.89704423972233,1960.8856450504043,1.0164276637197485,64.3
2386000,-2629855.803842604,299.63602642791733,1961.0139277019086,1.016361172587828,64.3
2388000,-2632078.0879108347,300.24428490132584,1963.336507237997,1.0151588419369055,64.3
2390000,-2635758.1031984,300.1681338552612,1960.7024463709577,1.016522633869906,64.3
2392000,-2634641.647237558,300.21085367412127,1958.2122589554178,1.0178153087874988,64.3
2394000,-2634215.5810042545,299.44123723087927,1960.9282879934747,1.016405560174573,64.3
2396000,-2629365.4595487732,301.0379782917868,1962.8907546052096,1.0153893742400555,64.3
2398000,-2632501.268019324,300.0113874902367,1962.1042655523952,1.0157963824919636,64.3
2400000,-2631824.158551095,299.7049715902568,1963.0225297400154,1.015321212479483,64.3
2402000,-2632702.2832360007,299.7394104587768,1963.8008727042743,1.0149187948346083,64.3
2404000,-2633235.912854215,299.5844848880341,1959.428564053287,1.0171835052242157,64.3
2406000,-2632165.9913812056,300.77877008037996,1962.481543431712,1.0156011003980827,64.3
2408000,-2632094.420875583,300.5629938370489,1960.1992237289005,1.0167835957146691,64.3
2410000,-2632230.329458531,298.06186727745285,1957.0077450661383,1.0184417614314634,64.3
2412000,-2632275.289313687,300.67131086304914,1958.387356656615,1.0177243068106905,64.3
2414000,-2633761.9142517503,299.72187550420296,1957.3264448856376,1.018275934618881,64.3
2416000,-2632721.3265744206,299.96295946842974,1960.7094738042547,1.016518990522893,64.3
2418000,-2634370.75504476,300.5889612286209,1962.6960668061897,1.015490094838503,64.3
2420000,-2631773.191807585,300.21927777413885,1962.387818457447,1.0156496061960207,64.3
2422000,-2634583.630762344,299.358507242369,1963.7457057285028,1.0149473066731838,64.3
2424000,-2633857.4224082474,299.9237421975942,1960.9411379764067,1.016398899702289,64.3
2426000,-2632415.5801724102,299.79158207630445,1959.2947302552761,1.0172529861091875,64.3
2428000,-2635266.547928944,300.5776765381794,1960.3406964850462,1.0167102170525073,64.3
2430000,-2632571.565146193,300.6959806330435,1960.3915850761455,1.0166838249016246,64.3
2432000,-2634048.7349788155,299.50913905388103,1962.3279142485028,1.015680611047851,64.3
2434000,-2631268.978354631,299.6942783339695,1961.7164003096007,1.0159972229959544,64.3
2436000,-2630882.9950367194,300.31427741062447,1960.5030407380282,1.0166260258743978,64.3
2438000,-2631516.2753346357,299.51603628002965,1960.3084640426835,1.0167269343467862,64.3
2440000,-2636190.4982407764,300.4230998886028,1960.5813444468704,1.0165854228213507,64.3
2442000,-2634539.2691283133,300.49313236735117,1958.8364253085608,1.0174909907070042,64.3
2444000,-2632869.0053157546,300.237554374674,1960.8749734598882,1.0164331953828902,64.3
2446000,-2634737.0885808896,300.8410553774293,1960.9396268285304,1.0163996829640567,64.3
2448000,-2634016.7373427637,299.86001010524296,1963.028091513389,1.015318335808227,64.3
2450000,-2634300.148408912,299.326508591079,1962.3920544465243,1.0156474138305205,64.3
2452000,-2632485.4071235713,299.67179133553833,1960.7733402282865,1.0164858804068218,64.3
2454000,-2630757.03414358,300.2495356767509,1961.123725605407,1.016304269331552,64.3
2456000,-2635329.0410371386,300.55556324707817,1963.0717638445924,1.0152957480865477,64.3
2458000,-2632065.017551223,299.9531517916456,1961.5136790118534,1.016102225717963,64.3
2460000,-2634537.542821344,300.472672407139,1958.0323639070182,1.0179088209978235,64.3
2462000,-2631281.6223041024,300.40405200600776,1961.7739433991658,1.0159674215912626,64.3
2464000,-2631445.3912690505,300.5305168691351,1959.8183059386822,1.0169812216676648,64.3
2466000,-2634092.5551875513,301.2703242007664,1961.6124138626308,1.016051081719831,64.3
2468000,-2632158.536771493,301.33638380347367,1963.4430159570352,1.0151037737393587,64.3
2470000,-2633277.752881216,300.1467813524006,1963.320565520409,1.0151670847964007,64.3
2472000,-2631103.1319418587,300.31712964730207,1964.7133850027467,1.0144474151976055,64.3
2474000,-2632092.325851176,299.24997975820605,1961.2218009979263,1.0162534467065523,64.3
2476000,-2633584.4284523297,299.93155113705535,1958.6881584359312,1.0175680117511512,64.3
2478000,-2633618.4776159097,300.1134871867262,1962.3638883887263,1.0156619915466767,64.3
2480000,-2631595.6772705484,299.7487373001638,1958.9153889745496,1.0174499757559812,64.3
2482000,-2633735.182705827,300.99129708616533,1959.3132905418538,1.0172433498212923,64.3
2484000,-2633009.174233407,300.8690555023543,1962.2701598034027,1.0157105050304898,64.3
2486000,-2633409.9989649337,300.8493259139614,1962.3189303201132,1.0156852610574572,64.3
2488000,-2631033.0521063544,300.3287027868053,1959.930515118942,1.0169229978539416,64.3
2490000,-2634177.61298196,300.8980251724197,1960.2787759816797,1.0167423324889384,64.3
2492000,-2633373.158137627,298.52837238748106,1960.7202506995336,1.0165134033318057,64.3
2494000,-2633520.6499814633,300.846528694157,1956.647533114986,1.0186292529892487,64.3
2496000,-2637071.1371947136,300.7791041502281,1958.527362207239,1.0176515546731877,64.3
2498000,-2634804.1970271636,300.9042077942836,1961.2176230247744,1.0162556116267352,64.3
2500000,-2632750.4293455966,299.1216370072038,1959.8407391848727,1.0169695808288657,64.3
2502000,-2632078.9424810503,300.1846016479001,1961.3060912520016,1.0162097715955587,64.3
2504000,-2631405.977316307,300.69121643466434,1963.360547666735,1.0151464117931777,64.3
2506000,-2633243.913116757,300.5794594885068,1964.0516392127863,1.0147892118656463,64.3
2508000,-2630137.901668858,300.51968440045135,1965.1231098224248,1.0142359046402325,64.3
2510000,-2630932.587200038,301.0650440812221,1959.8211829270497,1.0169797287543467,64.3
2512000,-2629959.6126051527,301.1927977730721,1962.2301156955175,1.0157312330892014,64.3
2514000,-2634258.009138193,299.6598408731242,1960.7018988521156,1.0165229177301378,64.3
2516000,-2634267.205643691,300.24373700738863,1955.377742833456,1.019290734143296,64.3
2518000,-2634180.3843522277,300.63089311593666,1959.18613047954,1.0173093735266152,64.3
2520000,-2630819.4772053566,300.1491226467439,1960.9414187312168,1.0163987541809199,64.3
2522000,-2634839.617256852,300.84667585875576,1957.10037283235,1.0183935595166882,64.3
2524000,-2632735.886134688,300.3169274664308,1958.515951407368,1.0176574837636403,64.3
2526000,-2632091.380005315,300.16661644435527,1956.7551075472275,1.0185732528985207,64.3
2528000,-2634201.847393932,300.3093127508514,1959.2873607991392,1.0172568122969183,64.3
2530000,-2634161.944253769,299.6731664746082,1957.4146546794561,1.0182300465848722,64.3
2532000,-2633068.9433399495,300.27788910637423,1959.7340321686395,1.017024954562132,64.3
2534000,-2631903.1770689227,300.6620313451645,1960.2259232746992,1.016769746463999,64.3
2536000,-2631677.8388703894,300.1991917565982,1962.0085942145035,1.0158459146903571,64.3
2538000,-2632680.074576797,300.4160324927945,1960.0795411083593,1.0168456806059736,64.3
2540000,-2631152.8685207814,300.6308313805324,1962.2214698396901,1.0157357085604646,64.3
2542000,-2630145.0743560754,298.9670688421897,1964.9348117137404,1.0143330980440366,64.3
2544000,-2636711.022295121,299.3971120962132,1960.156743620456,1.0168056312368543,64.3
2546000,-2634533.440389175,299.62355224501874,1960.858092352101,1.0164419458979819,64.3
2548000,-2633007.48028931,300.0455123773506,1958.4820653538447,1.0176750914796229,64.3
2550000,-2633820.3143641,301.1290261948773,1958.4832384268102,1.017674481922638,64.3
2552000,-2633711.118100833,300.5183500376302,1958.0790613080787,1.0178845453199938,64.3
2554000,-2633386.998679526,298.925265699787,1958.435954301565,1.0176990524721914,64.3
2556000,-2634030.75794255,300.88373888189443,1956.3608238817521,1.018778535477688,64.3
2558000,-2632703.8843069933,300.93187437356573,1957.2163065491732,1.018333236010212,64.3
2560000,-2632953.6782505084,299.5407911872598,1961.5627049569687,1.0160768299598648,64.3
2562000,-2632569.4510782324,300.41183355186615,1962.450154176959,1.0156173448675792,64.3
2564000,-2631909.7960757315,300.6998718289585,1960.9449102843319,1.016396944435925,64.3
2566000,-2634790.383101916,300.42601520991417,1957.9584555553429,1.0179472446747417,64.3
2568000,-2632669.5885884054,299.7528190556273,1961.121977555273,1.0163051752164662,64.3
2570000,-2634634.5622905567,300.73115183102163,1961.890865178541,1.0159068735144925,64.3
2572000,-2632121.337050477,299.5362700630406,1961.1480948505655,1.0162916407248905,64.3
2574000,-2633067.7768107764,301.0597215876291,1956.4319812253773,1.0187414815064675,64.3
2576000,-2632728.6447642855,300.695708194887,1957.1160511405483,1.0183854012431488,64.3
2578000,-2634796.458978763,301.03123571791383,1957.3795228491551,1.0182483221848704,64.3
2580000,-2633501.3277256414,300.4107136655113,1959.129419198902,1.0173388217686825,64.3
2582000,-2632240.241703676,300.473841463237,1961.2875827266644,1.0162193614917427,64.3
2584000,-2636817.1896905266,299.66254956854976,1960.1945771895273,1.01678600594734,64.3
2586000,-2635553.4049597196,299.9639861853753,1958.0355031029849,1.0179071890482188,64.3
2588000,-2634926.3924268056,300.2293967651875,1957.984915168352,1.0179334884450848,64.3
2590000,-2632559.904240353,299.63129739085167,1958.9381834842711,1.01743813654964,64.3
2592000,-2632448.97459032,300.6602202239888,1958.962222122638,1.0174256514556714,64.3
2594000,-2633346.063369725,300.82050885986155,1960.3912609069416,1.0166839930198939,64.3
2596000,-2629914.8456170335,300.80437589280285,1961.4520824141903,1.0161341349552793,64.3
2598000,-2633583.3246914335,300.5383867221466,1959.2510223379393,1.0172756794797257,64.3
2600000,-2631816.5913168564,298.9182583298305,1962.6563852288514,1.0155106263227902,64.3
2602000,-2635658.5603339206,299.6636584893439,1957.9377740297361,1.017957997162531,64.3
2604000,-2634893.349446956,298.5862702116688,1957.7702373656055,1.0180451091656737,64.3
2606000,-2634510.121130569,300.3757163644943,1960.3536337791688,1.0167035073043835,64.3
2608000,-2632004.234836662,300.33200753436915,1962.408065737059,1.015639127161653,64.3
2610000,-2631603.5534100756,300.1131657002521,1961.8332689872473,1.0159366988658862,64.3
2612000,-2634160.154980693,299.90882644244516,1961.9609970924525,1.015870559085459,64.3
2614000,-2635156.8193443716,300.1931220610398,1960.5821160275204,1.016585022747498,64.3
2616000,-2634767.5303278584,300.1909807831081,1958.9659215531221,1.0174237300871427,64.3
2618000,-2632274.835132731,299.90718689374035,1959.498891519333,1.017146997962724,64.3
2620000,-2634187.9845925774,300.23798322773695,1961.4898323658535,1.01611457889445,64.3
2622000,-2636079.2581463605,300.4270777792804,1959.7226894112846,1.0170308410415538,64.3
2624000,-2633700.0536454264,299.992766799523,1960.254515121916,1.0167549160809943,64.3
2626000,-2632313.236933982,300.5685054448497,1960.1303235192945,1.016819336502936,64.3
2628000,-2634489.7972175945,300.48554063685555,1959.9030308862611,1.0169372584310472,64.3
2630000,-2633405.0668428577,301.75523459216754,1958.2339605348986,1.0178040291343697,64.3
2632000,-2630782.800645642,300.13571289526993,1960.4562232300177,1.0166503038442634,64.3
2634000,-2631041.7664949037,300.05077265134594,1959.598437245854,1.0170953278679908,64.3
2636000,-2632590.780782217,301.8935170788422,1958.999990652963,1.0174060360030146,64.3
2638000,-2637605.990566192,299.97970474044104,1955.5576180221456,1.019196978218416,64.3
2640000,-2635294.652327817,300.173104540625,1963.1659717931038,1.015247026312162,64.3
2642000,-2630611.871567685,299.926646448478,1960.1202387986182,1.0168245679876091,64.3
2644000,-2632487.0280613825,301.47201285097344,1960.3529356202878,1.0167038693925414,64.3
2646000,-2632344.268612096,300.72785999954004,1961.0894991480516,1.0163220066631473,64.3
2648000,-2634006.1404917277,300.5241001871294,1960.2190060125647,1.0167733344625058,64.3
2650000,-2629010.0329732504,300.9871594116748,1961.9134964514938,1.0158951547176185,64.3
2652000,-2630851.5899724793,299.552524155202,1963.2735778821739,1.0151913811065358,64.3
2654000,-2634653.389312707,300.9171832627129,1961.04523367368,1.016344947478059,64.3
2656000,-2633667.279162474,300.3729968996184,1958.44793840471,1.0176928249845074,64.3
2658000,-2631029.967647886,299.8127426338556,1962.8731267232365,1.015398493099447,64.3
2660000,-2632691.759191299,298.9988678883494,1959.4168851687289,1.0171895680324021,64.3
2662000,-2634146.7806659546,300.63160645849524,1960.941605579742,1.0163986573332588,64.3
2664000,-2633516.981938498,301.0740498130628,1960.0805606971749,1.0168451516662433,64.3
2666000,-2633682.6631533504,300.5131104507719,1960.8003777265735,1.0164718640716748,64.3
2668000,-2633986.2105902433,301.58876491839294,1960.8945739502597,1.0164230354337915,64.3
2670000,-2632507.5133963022,298.5630573641441,1962.2726464415189,1.0157092178982143,64.3
2672000,-2630720.493109569,299.9855597470162,1962.181921175796,1.0157561811729732,64.3
2674000,-2631481.2360277753,300.2177010646759,1958.6286653623174,1.0175989202381457,64.3
2676000,-2637267.641504241,301.00145425970777,1958.821093314892,1.0174989547653253,64.3
2678000,-2631550.7509845477,298.77222806090094,1959.2672760673627,1.0172672403433989,64.3
2680000,-2632602.4491460957,301.7314148027899,1961.3523886539135,1.0161857841303306,64.3
2682000,-2633027.3794088103,301.0941006989033,1961.8684267348654,1.0159184927285287,64.3
2684000,-2632414.201113498,299.7225444885549,1961.851541852854,1.0159272363380816,64.4
2686000,-2634770.7740707956,299.0323084594883,1959.6082756030312,1.0170902214662454,64.4
2688000,-2633536.2646521386,300.0238684281632,1959.5440636313635,1.0171235503255942,64.4
2690000,-2634244.360344613,300.671515538623,1958.2929100515332,1.0177733906863429,64.4
2692000,-2633761.112417752,300.0444020655269,1960.315423840194,1.0167233246146476,64.4
2694000,-2633764.90662216,299.88344097907526,1961.081270202063,1.0163262712793195,64.4
2696000,-2633027.336868271,301.1379487089112,1957.6677890690316,1.01809838530775,64.4
2698000,-2634274.6835932154,300.2593266422232,1959.9966842850247,1.0168886667005892,64.4
2700000,-2634944.4724804666,300.2546476123765,1957.2331539288095,1.0183244704492007,64.4
2702000,-2636348.9007551614,299.98908702501916,1955.1592296386827,1.0194046524734983,64.4
2704000,-2635876.392474655,299.2502865857879,1958.7114311304474,1.017555921379333,64.4
2706000,-2634662.686813893,299.78495485330035,1956.088314865594,1.0189204648242702,64.4
2708000,-2632399.463011531,299.69262825205055,1959.1367625884488,1.0173350084997919,64.4
2710000,-2632774.9921701103,299.3130729698438,1959.8415811602358,1.0169691439245057,64.4
2712000,-2634000.1567958146,299.23312868852815,1960.1772915985048,1.0167949723541705,64.4
2714000,-2633637.116198417,299.42524029133847,1958.471803840308,1.0176804236404977,64.4
2716000,-2633761.941642234,300.33396910670905,1962.1257386966315,1.0157852658026476,64.4
2718000,-2631541.323017964,299.87510737228246,1956.0431094368982,1.018944012739036,64.4
2720000,-2632440.576607177,300.1588240299922,1956.8298480982594,1.0185343487872298,64.3
2722000,-2633007.3878153246,300.14366472300827,1961.114181785172,1.016309215206372,64.3
2724000,-2634694.6640304625,299.61753311644713,1961.8217659339323,1.0159426557648332,64.4
2726000,-2633162.8881523144,300.0761921476763,1960.0380694851442,1.0168671956171313,64.4
2728000,-2634435.195249036,300.19903227082705,1959.524618991244,1.0171336433865343,64.3
2730000,-2634635.231916666,299.8500141698479,1956.0391565198734,1.0189460719008487,64.3
2732000,-2631929.633746894,300.89775190658327,1959.5912985013897,1.0170990331220644,64.3
2734000,-2634706.5516149644,300.80817713185206,1958.6133591240255,1.0176068726047962,64.3
2736000,-2634690.5668779984,300.46683746895627,1958.7647640060775,1.017528215559625,64.3
2738000,-2633058.6552459914,301.5593083306189,1960.2717493444443,1.01674597702421,64.3
2740000,-2631342.5546204094,300.0373914578223,1959.800884972423,1.0169902617674447,64.3
2742000,-2631621.48598619,301.02035483854087,1959.887981385386,1.0169450672437477,64.3
2744000,-2631910.881162569,300.2561413560232,1959.1120924758134,1.0173478192875687,64.3
2746000,-2631785.98701312,300.47069424776623,1959.5209409648762,1.0171355525492698,64.3
2748000,-2632826.5372099467,300.97845091771745,1962.3890558755677,1.0156489657607193,64.3
2750000,-2629972.4192628656,299.5148466790342,1963.6273740903969,1.0150084691824126,64.3
2752000,-2633075.3793617487,301.37310536994767,1963.6573288920956,1.014992985637005,64.3
2754000,-2631378.723393621,300.98282319627464,1961.1305991255797,1.0163007073107972,64.3
2756000,-2632318.9004330747,300.6875375604264,1957.8902905057855,1.0179826850795064,64.3
2758000,-2631153.950647164,300.85484749034237,1959.5291444108138,1.0171312943750341,64.3
2760000,-2632695.969137339,300.8166713834991,1960.7267241389766,1.0165100472608766,64.3
2762000,-2632870.6334045213,299.82467694033835,1962.136703321697,1.0157795894883686,64.4
2764000,-2630966.739075154,299.38784240983534,1960.4233792686287,1.0166673362994354,64.3
2766000,-2632262.1209297664,299.4426258963547,1962.4742955300846,1.0156048512634492,64.3
2768000,-2629786.435830381,299.6211855872227,1961.9997672682073,1.0158504849341892,64.3
2770000,-2633146.495689681,301.0483390136838,1959.3354887530836,1.0172318250043935,64.4
2772000,-2633675.6042506564,300.5032108931472,1957.430979811841,1.0182215544640871,64.3
2774000,-2632892.7175769676,299.69356925947807,1958.3404030996749,1.017748707970016,64.3
2776000,-2633349.5141531006,301.40550885760564,1961.7800085531358,1.01596428056688,64.3
2778000,-2635858.3094731756,299.96611980938917,1956.0120145338735,1.0189602109857891,64.3
2780000,-2631601.8146391064,300.3236401298969,1961.7401623170103,1.0159849165070498,64.3
2782000,-2632036.942132512,299.0357124943444,1963.7783933930805,1.0149304125790048,64.3
2784000,-2633274.7246021964,301.20665063356586,1961.160463470049,1.016285231190932,64.3
2786000,-2631470.14310294,299.06328323878495,1962.0062814085,1.0158471121658967,64.4
2788000,-2632101.86904436,301.9326688605985,1961.588692947549,1.0160633685267006,64.4
2790000,-2636228.799063012,300.5478465889444,1959.9511839125244,1.0169122738258616,64.4
2792000,-2631989.7811131496,299.9608384548825,1960.5831788302057,1.0165844716720303,64.4
2794000,-2633164.773167448,300.560694876823,1962.04511352949,1.0158270068697977,64.3
2796000,-2632380.6273514405,301.7358850697435,1960.7573533187435,1.0164941682593671,64.3
2798000,-2630624.997885609,299.70202297618715,1961.293484652047,1.016216303483907,64.4
2800000,-2631896.91744625,298.9585284793094,1961.5533389297104,1.016081681524743,64.3
2802000,-2634515.0476867314,299.9547232857225,1959.4603321780467,1.0171670139424243,64.4
2804000,-2634600.3296802044,299.59012957420816,1957.6327132171925,1.0181166270687707,64.4
2806000,-2633291.619658334,300.2901750606083,1962.4393363990127,1.0156229433707846,64.4
2808000,-2634160.0246628094,301.1090744539955,1962.2932673705004,1.0156985442298099,64.4
2810000,-2633419.811529264,299.19416450256483,1961.497751429549,1.0161104765822926,64.4
2812000,-2634795.046598967,300.37673628093097,1959.5534624612028,1.017118671779865,64.4
2814000,-2632326.690263815,300.46226117192526,1961.4680164247375,1.0161258803766229,64.4
2816000,-2631920.7018737644,299.8915086704264,1959.2780089293644,1.0172616677861304,64.4
2818000,-2634073.17206499,299.6052308890004,1963.4414443278824,1.0151045862752703,64.4
2820000,-2633309.8328493163,301.4641125502919,1957.8634860957704,1.0179966219170198,64.4
2822000,-2632654.863005247,300.3220866517129,1961.801856450594,1.015952966129925,64.4
2824000,-2634292.0398025755,300.45924593178916,1959.3754052592085,1.0172111019003551,64.4
2826000,-2634362.589517191,300.41478489947997,1960.914796462996,1.016412553271172,64.4
2828000,-2632494.2731305156,300.66490319028696,1960.7289115345407,1.0165089132389546,64.4
2830000,-2631131.6471748967,302.3543228656512,1963.5925701359067,1.0150264598333785,64.4
2832000,-2635805.00468353,300.68439419285033,1957.8012262516488,1.0180289951274086,64.4
2834000,-2634532.2686255984,301.73849061239764,1959.0929783935726,1.0173577451410631,64.4
2836000,-2632370.1427892353,299.5219284157875,1955.270145091266,1.0193468253089613,64.4
2838000,-2633711.53692171,301.0507033647541,1960.0282123138384,1.0168723095405328,64.4
2840000,-2630512.307935238,300.41388042503473,1961.897483837947,1.0159034462500003,64.4
2842000,-2633487.8849438727,300.0179495993588,1959.0574847379066,1.0173761773441896,64.4
2844000,-2631434.7102143206,299.41566332829865,1960.0841634274213,1.0168432826552836,64.4
2846000,-2634134.872837534,300.5081413123565,1962.2386818712916,1.0157267989026968,64.4
2848000,-2633303.0204138495,300.8181972635371,1961.1615179887378,1.016284684733254,64.4
2850000,-2636542.9053081106,301.072701762827,1954.715393082253,1.01963611790942,64.4
2852000,-2634603.9001130927,300.2005963427481,1959.1516682774138,1.0173272683745858,64.4
2854000,-2632335.1472414993,300.30165322171365,1959.6112272056318,1.0170886895061804,64.4
2856000,-2631995.932014145,300.48551105352783,1961.4618333074068,1.0161290835108538,64.4
2858000,-2633584.036525242,299.6887849582291,1960.4021843544288,1.016678328011817,64.4
2860000,-2633334.6024099067,300.38045507559985,1959.2512623033485,1.017275554885714,64.4
2862000,-2633199.043600682,299.63614658957295,1959.91011807339,1.0169335811069788,64.4
2864000,-2631872.337952366,300.7215118815547,1960.5703631162132,1.0165911168075905,64.4
2866000,-2633723.303478239,300.204620063029,1959.8280953273186,1.0169761418219179,64.4
2868000,-2632827.0805799905,298.90385262480527,1958.2920911610195,1.0177738162842291,64.4
2870000,-2633122.431462301,299.55293844589755,1960.3667464522593,1.0166967066887616,64.4
2872000,-2635340.015439024,301.4337057802916,1962.0519497280084,1.0158234675164792,64.4
2874000,-2632341.0203550905,299.90937035803796,1960.4049428899593,1.0166768974179485,64.4
2876000,-2635208.5801158436,300.403409551967,1960.25078393085,1.0167568513980927,64.4
2878000,-2634897.3811227344,299.62958702371924,1955.979553503583,1.0189771214377488,64.4
2880000,-2633417.0192433577,300.70548630947115,1959.683273431193,1.0170512970345842,64.4
2882000,-2632244.670986116,300.48003099065716,1957.8171935765565,1.0180206924116169,64.4
2884000,-2632369.7235304713,300.13662282409945,1960.8866547058553,1.0164271403637815,64.4
2886000,-2634321.169741638,300.3490622324381,1959.1002903256353,1.0173539480660727,64.4
2888000,-2632611.3482706007,301.2404698877621,1962.395828932953,1.0156454603268883,64.4
2890000,-2635161.4065887276,300.1880360749526,1960.950983411108,1.01639379662267,64.4
2892000,-2634176.1694908515,300.0083145847719,1958.3809334956761,1.0177276447756913,64.4
2894000,-2632713.4214834124,301.0151092362664,1962.7734801037636,1.0154500431271405,64.4
2896000,-2630607.59955357,302.0992892119742,1962.3747812668778,1.0156563537437338,64.4
2898000,-2633008.1740568597,299.84413866754323,1959.5753659011928,1.0171073027872877,64.4
2900000,-2633339.854102513,299.99388711082116,1960.3009348442151,1.016730839430307,64.4
2902000,-2632395.6581359226,299.4533533097251,1961.1741583459,1.016278134472871,64.4
2904000,-2633229.1259023454,300.72520092430335,1960.066976557815,1.016852198857188,64.4
2906000,-2634070.185162546,300.56274962657443,1956.958236011403,1.0184675269731003,64.4
2908000,-2631951.166792983,299.811953323845,1961.3162535929625,1.016204506218204,64.4
2910000,-2633309.5145998057,299.96617157926136,1959.14198412704,1.0173322970811964,64.4
2912000,-2629474.1667566337,300.798867751137,1957.9311054040465,1.017961464281896,64.4
2914000,-2633993.224988641,301.00067132086815,1959.6350484809152,1.017076325801174,64.4
2916000,-2632878.8324586283,300.51147150888795,1956.8325151158524,1.01853296060045,64.4
2918000,-2631904.8173737377,299.95919327126353,1960.640101395233,1.0165549575375121,64.4
2920000,-2633527.989977438,298.665118476236,1956.7870048205098,1.0185566492981668,64.4
2922000,-2632944.1539895814,299.86158081766723,1957.0441377642903,1.0184228227458743,64.4
2924000,-2632439.6156559493,300.339739372119,1961.4707541844175,1.0161244620998227,64.4
2926000,-2635278.314863529,300.78504589630535,1955.3594292623281,1.0193002806507463,64.4
2928000,-2631553.0796801895,300.1034286117554,1961.721497039206,1.0159945833434179,64.4
2930000,-2629935.4050103165,300.668911470343,1962.350237895767,1.0156690566906033,64.4
2932000,-2633728.1660505347,301.2154977504262,1959.931602827191,1.0169224334895874,64.4
2934000,-2634727.61781344,300.61043053358725,1964.202993738074,1.0147110158034682,64.4
2936000,-2631144.834738154,300.44662852817646,1961.188016730155,1.0162709531252505,64.4
2938000,-2634615.540855266,300.39006437704893,1958.4348880125092,1.0176996065684079,64.4
2940000,-2634030.5472064093,300.48448697670784,1959.8721312999453,1.0169532915895847,64.4
2942000,-2632726.826219214,300.1052013598539,1955.8396147354624,1.0190500284399606,64.4
2944000,-2633829.460302338,300.029357205545,1960.1212991605303,1.0168240179185681,64.4
2946000,-2632597.4127848614,300.45595997829525,1960.6136815248904,1.016568655927168,64.4
2948000,-2635066.5493430905,299.49340566993357,1963.3251011436548,1.0151647395834629,64.4
2950000,-2631887.3347105756,300.46747642875147,1961.2201538558559,1.0162543002128774,64.4
2952000,-2632093.6216931883,300.54889255204534,1964.641500616351,1.0144845328752832,64.4
2954000,-2632572.7146463953,300.05820784390124,1962.2839529308694,1.0157033654804548,64.4
2956000,-2631903.1524751093,299.8756617762464,1962.249352253082,1.0157212755512806,64.4
2958000,-2633972.0330081023,301.08303321134605,1963.8301428681323,1.0149036678443566,64.4
2960000,-2633281.1625298597,299.8458139255395,1959.3015104892834,1.0172494658682987,64.4
2962000,-2634954.8682366293,300.95720031696726,1959.661384512396,1.0170626572386627,64.4
2964000,-2634133.4873203468,299.9377631644542,1958.7860538429416,1.017517156153892,64.4
2966000,-2635026.4221351277,300.43722513384904,1960.9786586488933,1.0163794522850194,64.4
2968000,-2633625.466543922,299.4934726391438,1961.5027015417159,1.0161079122927665,64.4
2970000,-2635693.0539158154,299.47868926472484,1961.2522184817506,1.0162376854125763,64.4
2972000,-2635655.304855291,299.68132437443586,1957.0402142463138,1.018424864502719,64.4
2974000,-2632439.029416727,300.40088471710635,1959.9514985609862,1.0169121105718815,64.4
2976000,-2632919.915100638,299.9139716122042,1959.9525474427935,1.016911566364516,64.4
2978000,-2631842.437221775,300.22222321370305,1960.81991055329,1.0164617384254202,64.4
2980000,-2629958.4193138536,300.0871562102976,1960.8220426488072,1.0164606331779942,64.4
2982000,-2634263.3168877624,301.5217682018996,1962.0959210337141,1.0158007025314677,64.4
2984000,-2631184.515122026,299.918885865657,1961.4881564810412,1.0161154470572193,64.4
2986000,-2632987.972264532,301.926040176246,1961.8039580502543,1.015951877781418,64.4
2988000,-2634612.662807079,299.2323983756037,1961.567737110614,1.0160742233434188,64.4
2990000,-2633723.339500012,299.95701680941306,1962.1943250491881,1.015749760141729,64.4
2992000,-2633218.337855039,299.6647771472335,1964.6887730388714,1.0144601233392097,64.4
2994000,-2635120.389665937,300.6451069598156,1962.6957908641086,1.0154902376097115,64.4
2996000,-2633208.1259920895,299.74521692621056,1960.799493413845,1.0164723224964196,64.4
2998000,-2629988.8783760592,299.8600751086901,1957.3624132665227,1.0182572228379587,64.4
3000000,-2630641.7113616765,299.7079533193516,1963.1972079891368,1.0152308728381214,64.4
3002000,-2630098.2402482294,300.93118597117484,1959.2041775173707,1.017300002670346,64.4
3004000,-2633722.0975766275,300.22589986042647,1957.2355099299862,1.0183232446520813,64.4
3006000,-2633712.973844139,300.3777526270238,1958.4788906288375,1.0176767411469116,64.4
3008000,-2634524.09205148,299.57929666970216,1962.713484650829,1.0154810830042016,64.4
3010000,-2632987.4479410425,300.11991622886586,1961.9943476993465,1.0158532909930658,64.4
3012000,-2635282.671108393,300.74302563510327,1958.9504619204547,1.0174317593851978,64.4
3014000,-2632166.907956166,300.09600859140903,1958.523614738389,1.0176535018631387,64.4
3016000,-2632716.8731927834,301.06978756311236,1958.436028239731,1.0176990140503073,64.4
3018000,-2633890.9643652793,300.99355493082624,1962.551803836663,1.0155647413351305,64.4
3020000,-2631779.6901452485,301.86102983844256,1961.722521635517,1.0159940526953317,64.4
3022000,-2632100.39957116,300.28386170121547,1964.411844740201,1.0146031344479942,64.4
3024000,-2633279.046934722,300.3975648979044,1959.307504359219,1.0172463539213599,64.4
3026000,-2632826.6840200555,300.5354694104832,1960.7457508551788,1.016500183234305,64.4
3028000,-2634566.443310842,300.45226533897875,1960.1375559555274,1.0168155846840958,64.4
3030000,-2636184.5377476476,300.33743700175785,1957.3002981527907,1.0182895373291303,64.4
3032000,-2633805.0778099634,300.52213258193746,1958.4013863983987,1.0177170159614648,64.4
3034000,-2630408.0726472978,299.9696741882547,1961.5907036213955,1.0160623270392803,64.4
3036000,-2632162.7995698527,299.9352375019215,1962.9473565981073,1.0153600952775017,64.4
3038000,-2632604.2957631964,299.8071370583984,1963.6489183940705,1.0149973329500208,64.4
3040000,-2631592.3494014908,300.16265198198164,1961.0801685926826,1.0163268421864002,64.4
3042000,-2631929.4258706663,300.5663524999997,1959.4996465716506,1.0171466060263437,64.4
3044000,-2631329.307033045,300.1627089438416,1958.2897346330074,1.0177750410327766,64.4
3046000,-2632467.407315625,300.474190884094,1961.4090531329311,1.016156426848661,64.4
3048000,-2631987.136185052,300.09485361381826,1959.3007647117258,1.0172498530685876,64.4
3050000,-2633496.2136663757,299.902523023878,1959.3106619707187,1.0172447145341776,64.4
3052000,-2633114.3273308612,300.5530400928989,1962.238771049859,1.0157267527405975,64.4
3054000,-2632425.214726273,300.77882122697025,1962.4659469190044,1.0156091717918783,64.4
3056000,-2633741.3920782246,300.2066990467882,1958.4028978668211,1.0177162305014686,64.4
3058000,-2634311.093400413,300.8394752992789,1958.55300549057,1.0176382305879699,64.4
3060000,-2632635.250380244,300.26529725338685,1958.7131382606158,1.0175550345213356,64.4
3062000,-2633780.27020365,301.79324456101216,1961.1428067940499,1.0162943810697618,64.4
3064000,-2634062.4190890808,300.1473610885779,1960.8601462467716,1.0164408812301626,64.4
3066000,-2634126.171715893,299.17638511016014,1958.5933317450042,1.0176172780310795,64.4
3068000,-2632464.6989303846,300.2096486184683,1958.9037858873319,1.0174560023719355,64.4
3070000,-2628456.710302463,300.6110463462627,1963.2820428608518,1.015187003959897,64.4
3072000,-2632623.2926756535,299.7275366811967,1962.8586977608875,1.0154059572875942,64.4
3074000,-2635907.132957805,300.31276349511063,1959.156354485987,1.0173248349762736,64.4
3076000,-2637072.6299342625,300.27631843442254,1956.0910148804628,1.0189190583966632,64.4
3078000,-2631311.015720615,301.0134763601719,1963.580134467001,1.015032888159253,64.4
3080000,-2633724.5175938793,301.62499098702546,1959.3075110439943,1.0172463504507137,64.4
3082000,-2631948.771264164,299.0383665862844,1960.1007295288969,1.0168346886433781,64.4
3084000,-2633187.31973063,300.4623430701337,1959.790564780902,1.016995617204125,64.4
3086000,-2634026.308643358,300.93098104465287,1960.086126153881,1.0168422644422623,64.4
3088000,-2631502.7985635474,300.73913245251657,1960.4556482610476,1.0166506020108548,64.4
3090000,-2633429.5573771615,300.5620097346833,1963.6325297195351,1.015005804219819,64.4
3092000,-2633645.348100504,300.5121768290773,1961.155634495152,1.0162877336011351,64.4
3094000,-2632252.1629556306,298.5353415844711,1955.9208700294384,1.0190076937980506,64.4
3096000,-2633251.070724318,299.9677209081727,1960.2465656765382,1.0167590393570196,64.4
3098000,-2633447.1047648545,300.9384829868651,1956.4814539013155,1.0187157210439397,64.4
3100000,-2634710.349889528,300.8224000002688,1956.4691648638916,1.0187221198340894,64.4
3102000,-2635494.2408686057,300.91577884441534,1959.701848501221,1.0170416568951521,64.4
3104000,-2633200.509670051,300.62206855370925,1962.458197947019,1.0156131820311938,64.4
3106000,-2633675.041857483,300.3856825448182,1961.0276519592717,1.0163540595813938,64.4
3108000,-2634120.4681840967,299.76774972556404,1956.9126436186084,1.0184912553555039,64.4
3110000,-2632934.009089848,301.5735114350101,1963.8848111851426,1.0148754161489757,64.4
3112000,-2631217.8394852765,298.91886109055474,1958.882128224518,1.0174672515015843,64.4
3114000,-2632665.873680193,300.4029674098197,1964.163898052681,1.0147312131111768,64.4
3116000,-2633362.123968076,300.50272465138676,1959.4205185766914,1.0171876818294963,64.4
3118000,-2636496.436208833,299.82584942676556,1958.085624253634,1.0178811336607847,64.4
3120000,-2634647.7834490426,300.4061217133259,1957.4897397057664,1.0181909895066732,64.4
3122000,-2634284.476901192,300.1465321850026,1958.8369062243419,1.0174907409018914,64.4
3124000,-2633533.914250413,300.80416288299085,1959.1189385552257,1.0173442641976638,64.4
3126000,-2631537.8356141876,299.9830221632073,1961.9560887779212,1.015873100534911,64.4
3128000,-2631318.540015297,299.4638676470912,1962.2319521711347,1.0157302824545726,64.4
3130000,-2634778.767070556,300.6013723464913,1958.885712765424,1.0174653896507577,64.4
3132000,-2630404.149477178,300.432833721294,1962.7395879203227,1.0154675777095927,64.4
3134000,-2632790.626607597,299.53426273324686,1961.6440942425465,1.0160346725840568,64.4
3136000,-2630886.6614164393,300.9981909580189,1959.0498984082685,1.0173801170861294,64.4
3138000,-2633489.174765758,300.6782795898436,1962.070241218934,1.015813997455037,64.4
3140000,-2632486.092714427,300.5311923631099,1963.6319055478114,1.0150061268556048,64.4
3142000,-2632132.635600386,300.65482160468684,1961.8752238784389,1.0159149729614354,64.4
3144000,-2631415.539458154,300.14106764875703,1959.6475222186884,1.0170698518086627,64.4
3146000,-2635968.099920079,300.08587986186313,1959.12188884187,1.0173427321555726,64.4
3148000,-2633002.002664387,299.1373789521133,1959.657871196136,1.0170644806501998,64.4
3150000,-2632562.7549314443,299.54452920771746,1958.726988633612,1.0175478392782749,64.4
3152000,-2633265.146534946,299.765339334184,1958.9449945510576,1.017434599013304,64.4
3154000,-2633026.818728512,300.73291736271494,1959.7455593010816,1.0170189724685421,64.4
3156000,-2636225.6550053954,299.9091828632589,1958.6492845300725,1.017588207731823,64.4
3158000,-2630981.9905367624,300.3134508897622,1957.2167837280426,1.0183329877356688,64.4
3160000,-2634649.6374446135,299.29917319183454,1961.634703526507,1.0160395365340467,64.4
3162000,-2631818.9285445884,300.8937814692134,1961.8651048270413,1.0159202129220228,64.4
3164000,-2633106.4280044753,300.876703507637,1959.7354735371912,1.0170242065490427,64.4
3166000,-2634317.623854002,300.4273980186543,1959.9849721992628,1.0168947432202788,64.4
3168000,-2633198.3274316043,300.2861296899364,1960.4313352332535,1.0166632103863174,64.4
3170000,-2632798.9770565927,300.1938702411231,1961.9982463210488,1.0158512724246525,64.4
3172000,-2635548.9439533614,300.117537225047,1960.4751395687094,1.0166404943337572,64.4
3174000,-2635035.1097435243,300.7157968309624,1958.561798130572,1.0176336620690585,64.4
3176000,-2631827.2445428185,300.1716729970336,1963.2309008531647,1.0152134495000207,64.4
3178000,-2631912.418991782,300.10286992205494,1960.7090819538514,1.0165191936756097,64.4
3180000,-2634836.4241341557,299.7832872891893,1962.535595749047,1.0155731286287637,64.4
3182000,-2632075.1214271393,300.27983383343496,1960.59886631995,1.0165763375969028,64.4
3184000,-2635222.137459386,299.05092252245805,1955.900467334258,1.019018323430647,64.4
3186000,-2635368.426674621,300.22199357254937,1957.8187020190642,1.0180199080562091,64.4
3188000,-2635630.753934864,299.44122794491153,1955.7884279251973,1.019076698973292,64.4
3190000,-2631690.1614844725,300.8970391663433,1959.953691900027,1.016910972568957,64.4
3192000,-2633689.981706554,300.1497285740971,1957.0705677090334,1.0184090690982672,64.4
3194000,-2636942.1001237147,300.3356258279067,1960.7374106213415,1.0165045070408372,64.4
3196000,-2635043.9006462377,300.9879115952673,1956.563626549607,1.0186729365581617,64.4
3198000,-2638961.956199659,299.3847357130573,1957.923041222975,1.0179656570031619,64.4
3200000,-2630935.4727241155,301.34077321642275,1961.2741089123645,1.0162263428468232,64.4
3202000,-2629029.007538907,299.1174498266478,1963.5044386606417,1.015072019078154,64.4
3204000,-2632515.180265898,300.8799433299258,1962.6648648627367,1.0155062388399998,64.4
3206000,-2634228.091249682,300.1951877535693,1956.9384128194167,1.0184778437399369,64.4
3208000,-2635240.9498928264,300.7561690970207,1960.4911820300451,1.0166321752880139,64.4
3210000,-2632604.4738117326,299.6720652213992,1959.508394799559,1.01714206497393,64.4
3212000,-2635939.461549448,300.9250446221648,1963.0445475508466,1.0153098244799508,64.4
3214000,-2634687.4632270224,299.69407586913366,1959.5575277034843,1.017116561694414,64.4
3216000,-2633517.906620087,299.73948294483444,1961.8973270365095,1.0159035274444228,64.4
3218000,-2634057.890446538,300.88750116495754,1960.8594517595818,1.0164412412280046,64.4
3220000,-2633265.6225977167,300.82022083461266,1957.6347961076372,1.018115543809831,64.4
3222000,-2632404.7953228876,299.82746415129725,1960.9554356897745,1.016391488937174,64.4
3224000,-2634289.7351990044,300.7444532978705,1957.5148463979199,1.018177930393597,64.4
3226000,-2631948.878714934,301.12475018762643,1963.2596135381054,1.0151986019965513,64.4
3228000,-2634098.8536426257,300.9755207725812,1961.0640532853524,1.0163351939887713,64.4
3230000,-2631772.651019115,300.16406638979765,1961.864537073218,1.0159205069242712,64.4
3232000,-2632668.8769799583,299.54377823236507,1958.8526846352256,1.0174825450905849,64.4
3234000,-2633940.411613755,300.237303618071,1963.2915626764457,1.0151820814138754,64.4
3236000,-2633569.9895516373,300.3618297097026,1959.1870621708151,1.0173088897452114,64.4
3238000,-2634115.324316386,299.8964694460625,1959.3368972747721,1.0172310937401121,64.4
3240000,-2635024.7978550177,299.7536299882091,1958.7869460794934,1.0175166926701014,64.4
3242000,-2633055.3136284538,300.2088842064513,1960.0461396236876,1.0168630088487776,64.4
3244000,-2634071.1666744184,300.5054208282749,1959.2483216341805,1.0172770817319163,64.4
3246000,-2635107.8632397074,300.0841892959409,1959.6187748008883,1.0170847721249698,64.4
3248000,-2636773.4246877506,300.58450717400314,1959.5105188826628,1.0171409624055825,64.4
3250000,-2631880.5726498663,301.45473678111114,1960.0563568906114,1.0168577082048702,64.4
3252000,-2630717.5811157543,299.7702769130807,1964.1307115731004,1.014748358282058,64.4
3254000,-2630745.2249573953,300.1400755856369,1961.5990428283442,1.01605800752554,64.4
3256000,-2636007.272606328,300.5250270537743,1957.6600522485528,1.0181024089095128,64.4
3258000,-2634029.7990730945,299.80782217956454,1954.5310959883882,1.0197322616718374,64.4
3260000,-2636207.1484531146,299.43685930016886,1959.457186262304,1.0171686470078183,64.4
3262000,-2634633.288252564,299.36825832427627,1960.485461731285,1.0166351416144088,64.4
3264000,-2634218.5285249893,299.34207202827685,1959.6123508800463,1.0170881062905577,64.4
3266000,-2633796.4801688567,300.1863396096933,1958.9402983543862,1.0174370381243791,64.4
3268000,-2631775.289762769,300.3521332010199,1960.3767200622697,1.01669153414394,64.4
3270000,-2634529.9839330036,302.1477706639706,1958.72335349122,1.0175497277181509,64.4
3272000,-2633816.843746828,299.21106629532187,1958.2126704427724,1.0178150949097444,64.4
3274000,-2631990.6428104304,300.7923481072498,1958.790621237309,1.0175147835663996,64.4
3276000,-2632857.0998081043,301.69827993177404,1960.2317363863642,1.0167667312102595,64.4
3278000,-2634900.685931213,301.5530176926173,1959.4075329050308,1.017194423084203,64.4
3280000,-2632646.007507641,300.91407603133734,1962.3828621092277,1.0156521714004028,64.4
3282000,-2632578.884634424,299.6250304434367,1960.0192886510451,1.0168769392019072,64.4
3284000,-2632239.665450042,299.7099735050589,1961.880498781042,1.0159122414736925,64.4
3286000,-2632844.09985229,300.88979532067657,1959.393002387684,1.017201966420936,64.4
3288000,-2632699.3207926117,300.1430685477525,1957.108606487387,1.0183892750834005,64.4
3290000,-2634416.784391336,299.90141573314673,1962.5053705932737,1.0155887697864756,64.4
3292000,-2632908.0871680006,299.962295369932,1961.4084328333763,1.0161567482102745,64.4
3294000,-2632734.771920897,300.88117956437907,1958.1526882358298,1.0178462726600899,64.4
3296000,-2631689.829825323,300.574167594146,1960.7422856075568,1.016501979709481,64.4
3298000,-2636250.722098939,300.01227520419087,1960.8401771762663,1.0164512325988557,64.4
3300000,-2634432.497186821,298.9941244801702,1961.3599479507395,1.0161818676386227,64.4
3302000,-2632531.4285911247,300.77568756282136,1959.545864558237,1.0171226155349526,64.4
3304000,-2631871.6341057923,299.4889593306769,1963.3917748828803,1.0151302661635455,64.4
3306000,-2631920.688637264,300.26583913916204,1961.7596650430169,1.0159748161487816,64.4
3308000,-2633937.2117186747,299.2604773480704,1958.730883807461,1.017545815761024,64.4
3310000,-2630866.5781967584,301.3704749048842,1962.7400335916075,1.0154673471315578,64.4
3312000,-2631797.5311173573,301.3140202994022,1962.565754180619,1.01555752248021,64.4
3314000,-2632668.5403464045,300.3295148736499,1961.4021753454297,1.0161599900689222,64.4
3316000,-2632104.148090698,300.6432295379396,1960.8380632060057,1.0164523284301317,64.4
3318000,-2631800.79962687,300.9126887821755,1958.7531396768497,1.0175342541372983,64.4
3320000,-2632476.9815149717,301.0641390986862,1961.7814109448896,1.015963554298438,64.4
3322000,-2634471.0291230306,300.33407312771214,1953.636481786068,1.020199220070885,64.4
3324000,-2634964.496725885,301.2536251389403,1958.1571075696602,1.0178439754989226,64.4
3326000,-2633943.45423246,299.21276048565994,1963.1076681367317,1.0152771788171497,64.4
3328000,-2630095.18966629,300.00330853136217,1961.7535543042898,1.0159779808463254,64.4
3330000,-2631770.526342476,299.71457022904104,1959.926411941854,1.0169251268191513,64.4
3332000,-2633744.494565256,299.4647265658776,1961.2859565656631,1.0162202040696895,64.4
3334000,-2629604.9225746747,300.95933571982874,1962.6007848032582,1.0155393957105614,64.4
3336000,-2631820.0710707176,300.0703531812226,1959.1877338621798,1.0173085409692442,64.4
3338000,-2636338.285996102,301.06981632830366,1955.1748296808391,1.0193965187990508,64.4
3340000,-2633547.47206882,300.8404952363067,1960.3130037665862,1.016724579794448,64.4
3342000,-2634164.300633002,300.3217052947577,1961.2604547081796,1.0162334177674182,64.4
3344000,-2633224.1403803285,300.12174936143305,1961.5175812772347,1.0161002042726406,64.4
3346000,-2634444.3623546846,299.81660443045166,1958.1671322357383,1.0178387647353437,64.4
3348000,-2635748.943800764,301.6581627562485,1959.2403375014408,1.017281227254596,64.4
3350000,-2634940.452160325,299.4285048277502,1959.0416272800223,1.017384412493285,64.4
3352000,-2632254.1016417034,299.126911229993,1962.0257046223749,1.0158370557147107,64.4
3354000,-2633568.680200871,300.6998468576819,1964.5002998636608,1.0145574501355374,64.4
3356000,-2634449.3196489215,300.24547042599806,1960.1308138870827,1.0168190821242764,64.4
3358000,-2631827.7300019674,300.4685877523071,1963.1848225172646,1.0152372777946366,64.4
3360000,-2631664.549381025,300.19854628711784,1961.9633991084581,1.015869315363306,64.4
3362000,-2633026.1677689925,300.4726583009984,1962.3051012171554,1.01569241897395,64.4
3364000,-2631395.0318732746,299.95278852817677,1960.6871371743293,1.0165305709571568,64.4
3366000,-2635320.9749227613,299.80892136935444,1960.9120220565644,1.016413991347686,64.4
3368000,-2635128.262473533,301.56748783819995,1958.2561594583926,1.0177924912394598,64.4
3370000,-2630095.3216888234,300.92906286051027,1960.023516806076,1.0168747455989686,64.4
3372000,-2633478.5874613076,299.9695675854855,1960.9867950687321,1.0163752351786317,64.4
3374000,-2633906.94454694,300.8752527129524,1960.545215922648,1.01660415624855,64.4
3376000,-2632948.051900061,300.3077826599978,1959.3308028138154,1.0172342578179576,64.4
3378000,-2633181.587098008,300.182746116815,1961.4542732879693,1.0161329999700477,64.4
3380000,-2634071.0853394065,300.853243465974,1961.5340044911418,1.0160916968335816,64.4
3382000,-2630436.18914455,301.4018920430076,1959.2273866150847,1.0172879516877353,64.4
3384000,-2635853.8441775125,299.58816539637263,1959.133153185104,1.0173368827840263,64.4
3386000,-2635205.6802016404,299.1886563440961,1962.6279270235607,1.0155253512787947,64.4
3388000,-2633284.341750253,300.5256387583549,1960.015709776198,1.0168787959601373,64.4
3390000,-2633084.8327240814,300.0497288499601,1961.3365008353564,1.0161940157496125,64.4
3392000,-2637102.4324073177,299.49619066293764,1958.2199690542518,1.0178113013436216,64.4
3394000,-2634489.194138566,299.66649223420643,1960.3514399074666,1.0167046451192716,64.4
3396000,-2632647.9740418717,300.56424725583963,1958.2818710850202,1.0177791279433452,64.4
3398000,-2634407.241595231,299.85583654561054,1959.6800520072193,1.0170529689163932,64.4
3400000,-2632866.8003950324,299.3720136603153,1960.978459627886,1.0163795554380457,64.4
3402000,-2634267.4529832397,300.0453746586239,1959.6847365349681,1.0170505377024506,64.4
3404000,-2631366.5238617845,300.2417765675579,1961.7678115325573,1.0159705971845572,64.4
3406000,-2631415.444953872,300.32712198237925,1963.648206835376,1.0149977007502073,64.4
3408000,-2632526.524831429,299.862986824242,1963.8710697874624,1.0148825173313822,64.4
3410000,-2636037.671212161,300.7070767104037,1961.0882701386251,1.016322643589769,64.4
3412000,-2634622.8485798594,300.88259693969087,1959.934141896895,1.0169211160795342,64.4
3414000,-2631173.6897565797,300.27516366200456,1960.1589012836537,1.0168045119785694,64.4
3416000,-2633318.6971893813,300.5606478783633,1959.053664038495,1.0173781615106436,64.4
3418000,-2633490.9670091327,299.9588330957575,1958.4742916359698,1.0176791309092352,64.4
3420000,-2630694.9697954673,301.1811076459614,1962.371038723996,1.0156582907563487,64.4
3422000,-2633665.4489391334,299.91574070897786,1962.8285952040835,1.0154215298727822,64.4
3424000,-2633250.003777474,300.56710537717635,1959.6722578561794,1.017057014013436,64.4
3426000,-2636585.800010225,300.80102924016967,1955.182170405822,1.0193926914781974,64.4
3428000,-2632505.615462141,300.4667724336367,1961.587750636399,1.0160638566251,64.4
3430000,-2631112.352479372,301.9394450859194,1960.2711597634247,1.016746282825847,64.4
3432000,-2633345.812809663,300.67872244841755,1961.8482107973553,1.0159289612982434,64.4
3434000,-2633799.469682591,298.68343971384274,1960.995511523266,1.0163707174790886,64.4
3436000,-2632068.628501715,301.20645749144126,1963.028010023192,1.0153183779566277,64.4
3438000,-2631146.391203871,300.94373796037644,1961.763620205014,1.0159727678158725,64.4
3440000,-2631250.651460426,300.4547392275887,1960.1198509300264,1.016824769196894,64.4
3442000,-2633176.855168663,300.294282517967,1958.6627917274884,1.0175811903090857,64.4
3444000,-2634072.487682214,300.8628198977771,1961.3036682410132,1.0162110270296267,64.4
3446000,-2633149.4531842843,300.6088978116792,1961.4490842442717,1.016135688165516,64.4
3448000,-2632615.3326837625,299.87935635333537,1961.7716468289593,1.0159686109450363,64.4
3450000,-2634436.6159999985,299.4484076271057,1958.1736972234633,1.0178353523215184,64.4
3452000,-2634006.4154929295,300.26825121756514,1958.6450203204245,1.0175904231457487,64.4
3454000,-2633826.080288112,299.6801203730375,1959.3582616046747,1.0172200021183808,64.4
3456000,-2631888.028131999,301.3859543088339,1960.8976727986876,1.0164214291587834,64.4
3458000,-2633256.49393584,300.0385857203833,1959.7480232798102,1.0170176937770548,64.4
3460000,-2632161.5608649384,299.9663257039542,1956.1384800554026,1.0188943345993198,64.4
3462000,-2631159.4091416076,300.6792738129777,1959.9374082004235,1.0169194213452961,64.4
3464000,-2634262.673685748,300.20681790084933,1955.5201218869056,1.0192165208185169,64.4
3466000,-2631589.4358675685,298.3849490481214,1958.952374575797,1.0174307659989803,64.4
3468000,-2630847.0265387837,301.1276136310926,1960.1786860163259,1.016794249033873,64.4
3470000,-2631942.2907331064,300.86416530189575,1960.8419198330892,1.0164503292493008,64.4
3472000,-2634305.2780407555,300.0688439186648,1957.8068718686177,1.0180260594947614,64.4
3474000,-2631806.355467405,299.8474880129061,1961.4922466382625,1.0161133282255286,64.4
3476000,-2630249.4260402396,301.2902381299914,1964.4182469632412,1.0145998277613586,64.4
3478000,-2632908.072855303,300.3204659297517,1962.8436617065395,1.0154137356448096,64.4
3480000,-2634126.8340222854,299.89716742807957,1956.5509264455916,1.0186795488328932,64.4
3482000,-2635844.494619351,300.39016869867675,1957.945379002179,1.0179540432511502,64.4
3484000,-2629437.971008962,299.48756848537494,1961.8157601596497,1.0159457659051423,64.4
3486000,-2632557.629442258,300.73927517757363,1961.003900945875,1.0163663693166642,64.4
3488000,-2633087.578768708,300.14236977767854,1959.4811478258391,1.0171562085359358,64.4
3490000,-2630237.3818049207,300.2907773164577,1959.7035835804243,1.0170407564284476,64.4
3492000,-2630294.4987922516,298.85326671216797,1963.5314219592574,1.0150580697259297,64.4
3494000,-2633205.2770975586,300.59181576635416,1960.485078607868,1.0166353402880601,64.4
3496000,-2635466.7124587186,301.0467392704544,1955.1330336402057,1.019418311044176,64.4
3498000,-2633772.5823007654,300.79937155135684,1958.5009862477402,1.0176652598162428,64.4
3500000,-2632174.6104878914,300.92409855092774,1961.4149977348402,1.0161533471100832,64.4
3502000,-2632024.9946182724,299.69255513494767,1961.8630714307928,1.0159212658845764,64.4
3504000,-2633233.1119872965,300.9074299982457,1961.8800143485582,1.015912492325369,64.4
3506000,-2635305.1814458612,300.89131845160426,1958.3432211035001,1.0177472434566859,64.4
3508000,-2634437.401564913,300.2006141392117,1962.0684183984208,1.015814941176762,64.4
3510000,-2630794.3901892453,301.3467642431936,1963.306163524414,1.0151745316391605,64.4
3512000,-2634990.510918297,300.6546683417676,1960.874120289903,1.0164336376296847,64.4
3514000,-2635902.807926327,302.43955355706373,1954.9536032112173,1.0195118757531125,64.4
3516000,-2632021.741270274,300.78107016044345,1961.8906753378346,1.0159069718178695,64.4
3518000,-2634155.873634422,301.00838098765666,1958.659689300636,1.017582802110884,64.4
3520000,-2635174.1174745094,301.1081870788489,1957.6311270377978,1.0181174520023308,64.4
3522000,-2636098.604616264,300.67988293765484,1963.025991825291,1.015319421811079,64.4
3524000,-2633895.9203087967,301.03915217472223,1960.2742128615566,1.0167446992585298,64.4
3526000,-2633453.274395516,300.8373164928296,1961.695094528292,1.0160082576438483,64.4
3528000,-2636221.6097316016,300.0191414259813,1958.356487132513,1.017740349173368,64.4
3530000,-2633448.385688113,300.5569356540444,1959.618034091396,1.0170851565694543,64.4
3532000,-2633895.089799572,299.9050198075179,1957.475556576547,1.0181983669343635,64.4
3534000,-2636989.57068887,299.40583591566036,1957.08758616186,1.0184002132111711,64.4
3536000,-2633684.0924659055,300.4017051893422,1961.2505112944668,1.016238570005362,64.4
3538000,-2632835.774938319,300.5534472841675,1959.547845781743,1.0171215871613721,64.4
3540000,-2631877.1944773253,300.89669470647016,1960.948782590027,1.0163949373464432,64.4
3542000,-2636439.090620227,299.70009640499615,1960.1930090514331,1.0167868193676828,64.4
3544000,-2632550.0686321054,299.14515955939265,1960.0872809559007,1.0168416653610317,64.4
3546000,-2629324.7169726677,299.90268108887807,1964.2851363182494,1.0146685825643067,64.4
3548000,-2631674.7521018684,301.08233728363774,1956.078421164045,1.0189256184494377,64.4
3550000,-2634684.6368902363,300.35153705986085,1962.4676903054778,1.0156082695608244,64.4
3552000,-2632692.822353214,299.39806730975226,1959.8510728787733,1.0169642186600254,64.4
3554000,-2634998.049316138,300.67136183145664,1959.6406759306315,1.017073405089254,64.4
3556000,-2636059.9296289105,300.8057140422891,1957.548475110203,1.0181604391216774,64.4
3558000,-2633185.4492705986,299.4854317281233,1960.0635397872252,1.0168539818033324,64.4
3560000,-2633292.103967378,300.2258763457795,1962.3041082753082,1.0156929329225792,64.4
3562000,-2635373.8714447897,299.82454466663427,1961.282099609844,1.0162222025157215,64.4
3564000,-2632815.8464891966,300.62844473668883,1960.568468840265,1.0165920990248056,64.4
3566000,-2632830.0926156975,299.79927443683823,1963.4160011099439,1.0151177406588572,64.4
3568000,-2632397.779949708,300.0025074536217,1961.0452318460038,1.0163449484252831,64.4
3570000,-2635335.2659534216,301.8560091378234,1962.5075871990448,1.0155876227030487,64.4
3572000,-2636027.2689780183,300.1245297363656,1961.3131831423411,1.0162060970940439,64.4
3574000,-2633811.4116705135,298.89074175613354,1960.7738374649393,1.0164856226340857,64.4
3576000,-2633760.703934429,299.32648622139516,1955.8323976642903,1.0190537887604212,64.4
3578000,-2633679.0948137417,300.06433880458366,1958.7584415341512,1.0175314999327467,64.4
3580000,-2631761.0626543798,299.2295881297973,1961.8232260921648,1.0159418996125904,64.4
3582000,-2635112.6622688826,299.85349949532144,1961.6669374060614,1.0160228410923189,64.4
3584000,-2632988.1976060215,300.1498456287795,1959.6255488000904,1.0170812562841816,64.4
3586000,-2633543.3271613065,299.8749791646997,1962.6957915704636,1.0154902372442465,64.4
3588000,-2628802.1965070236,300.3715726851296,1960.203050979035,1.0167816104687264,64.4
3590000,-2630788.1534313653,299.5067214775386,1965.4709075145315,1.0140564316673502,64.4
3592000,-2633888.5228368435,300.11514190125087,1959.6809444780158,1.0170525057338144,64.4
3594000,-2630912.8485723604,299.43780642463435,1964.3017372365068,1.0146600072879743,64.4
3596000,-2632328.644693937,300.4041630509805,1961.4011558311488,1.0161605182574667,64.4
3598000,-2632516.1475680694,300.41765268639125,1960.7397030174527,1.016503318595999,64.4
3600000,-2632502.3535617553,300.52416036393686,1960.713988736733,1.0165166497864926,64.4
3602000,-2634241.225414235,300.04992059644434,1958.5074325074909,1.0176619102580562,64.4
3604000,-2631237.6806444097,299.86729832211387,1959.7059584306578,1.0170395239376917,64.4
3606000,-2632545.8201561887,300.1388030239065,1962.1263941265304,1.0157849264891172,64.4
3608000,-2633522.773493724,301.1830523800575,1958.4986449926737,1.0176664763674779,64.4
3610000,-2635106.54713133,300.2254842207999,1961.125019823727,1.0163035986350943,64.4
3612000,-2633059.003231397,300.804637089963,1960.6700874923993,1.0165394105487933,64.4
3614000,-2631443.6461516432,300.480718428771,1960.4791456200728,1.0166384169262788,64.4
3616000,-2631940.57359183,299.64867648850986,1960.6682960058226,1.0165403393732722,64.4
3618000,-2632613.2181901913,300.8175595081196,1959.1629936310155,1.0173213875004166,64.4
3620000,-2631907.6540482417,300.99869425068886,1959.6915853383587,1.017046983276222,64.4
3622000,-2634937.888642544,299.830396039567,1961.1396410966888,1.016296021585497,64.4
3624000,-2633521.1519180145,300.38684756619074,1961.6741706477287,1.0160190947317562,64.4
3626000,-2633122.7214483246,300.7002779464078,1962.992363593204,1.015336815356664,64.4
3628000,-2631742.300147714,299.751216325664,1957.6623938753905,1.0181011911224562,64.4
3630000,-2632640.3160017245,299.6426076197647,1963.5775266076314,1.0150342362410028,64.4
3632000,-2632242.5486635026,299.2937825304428,1965.145137110822,1.0142245360820776,64.4
3634000,-2632442.0441543385,300.35127849403284,1962.8197290885857,1.015426116562242,64.4
3636000,-2636305.027286308,299.97344756334195,1957.4874145361437,1.0181921989482978,64.4
3638000,-2634811.103721684,300.65902043727345,1957.531539211732,1.0181692479002227,64.4
3640000,-2634977.568979457,300.5020111345433,1961.8341706197532,1.0159362319550915,64.4
3642000,-2633218.895339275,301.95476431635694,1961.6296308363912,1.016042163968723,64.4
3644000,-2633810.329306159,301.0072121597259,1957.9600994219543,1.0179463900253094,64.4
3646000,-2636246.2127125114,300.6077171101613,1957.9798778801483,1.0179361072791246,64.4
3648000,-2632425.7181909345,299.80303872626814,1960.6346840585036,1.016557766332314,64.4
3650000,-2633786.651545761,300.639019012925,1961.3670803052787,1.016178172374524,64.4
3652000,-2633888.0189468805,299.5852989183219,1964.4661375195687,1.0145750934331492,64.4
3654000,-2632938.850974109,298.63659579307193,1961.8953889883503,1.0159045309994401,64.4
3656000,-2632847.4356683455,300.1187639245583,1960.9896857996123,1.016373736921247,64.4
3658000,-2632671.3985541686,300.8876181339476,1955.5174204126345,1.0192179288280694,64.4
3660000,-2632811.4215340596,299.9329498536379,1956.937492834304,1.0184783225413587,64.4
3662000,-2633133.123949891,300.44039022794993,1957.3793849736824,1.0182483939090694,64.4
3664000,-2633826.0044080466,300.635237401387,1958.4353808035578,1.0176993504898764,64.4
3666000,-2635717.805583643,301.11059505155754,1957.0795078045937,1.0184044169242699,64.4
3668000,-2634391.3566779327,301.06270398034536,1957.5382045142367,1.0181657810937905,64.4
3670000,-2634783.529563686,299.4973749336809,1959.28401395418,1.0172585499729316,64.4
3672000,-2636454.6168831214,300.09935653604896,1957.5333951623934,1.0181682825670673,64.4
3674000,-2633382.621268999,299.17388520832986,1958.3873681914067,1.0177243008163515,64.4
3676000,-2632798.1702252645,300.5971800384312,1959.5818892975726,1.0171039168639266,64.4
3678000,-2634363.5800148137,300.57527583569833,1958.5057841404089,1.0176627667683649,64.4
3680000,-2633966.099934539,300.3094987265259,1959.802905016582,1.0169892135165044,64.4
3682000,-2633902.5937339533,300.50399199949106,1960.8921440493234,1.016424294966241,64.4
3684000,-2631683.6274428032,299.96226385404856,1962.3976352822135,1.0156445254447861,64.4
3686000,-2631738.0321739484,300.9782194115266,1958.8596718642268,1.0174789157425264,64.4
3688000,-2636063.339651361,299.9607684820519,1958.956608385121,1.017428567069282,64.4
3690000,-2632872.4541459307,298.98610954011576,1960.3056248468163,1.0167284069166105,64.4
3692000,-2633085.0743720233,299.7118851511332,1963.2685055079235,1.0151940039931182,64.4
3694000,-2635655.579231428,300.62257086952235,1960.08715410013,1.0168417311704694,64.4
3696000,-2632395.040687382,300.76700087074505,1960.448225479373,1.0166544513221294,64.4
3698000,-2631938.7640167065,299.3049767401477,1959.6668387126886,1.0170598265210462,64.4
3700000,-2633847.5403972752,300.15159251813657,1957.9117406816877,1.0179715324278282,64.4
3702000,-2631627.8528575785,300.6461518284741,1964.6900625400056,1.014459457510281,64.4
3704000,-2631233.4313136283,299.19988786756124,1961.0876240009047,1.0163229784470122,64.4
3706000,-2634569.455558462,299.28291401287174,1961.9747250214966,1.0158634510433546,64.4
3708000,-2636580.213868117,300.7384203984812,1957.3215836687007,1.0182784636157822,64.4
3710000,-2632539.342175903,299.46296381643003,1961.9375210535493,1.01588271473084,64.4
3712000,-2633286.7509836666,300.77605959130466,1960.011392695519,1.016881035716406,64.4
3714000,-2631908.556019375,300.9485267417384,1962.717790081142,1.0154788554383951,64.4
3716000,-2632560.949524764,300.0101006696561,1959.9297787372902,1.016923379930608,64.4
3718000,-2634190.1660305206,299.071452326094,1958.0516162107801,1.0178988125334596,64.4
3720000,-2632559.1252770983,300.4803488567845,1957.8778010170872,1.0179891788878705,64.4
3722000,-2632942.5452435147,300.77672301597244,1959.1465298282012,1.0173299366203867,64.4
3724000,-2633134.5805430636,301.0914709568971,1962.2841497850184,1.0157032635862302,64.4
3726000,-2632229.2237755563,300.9889663966686,1959.8078349625102,1.016986655254545,64.4
3728000,-2635571.517856555,300.4729123790806,1959.7036850491213,1.0170407037685476,64.4
3730000,-2634090.899602458,300.0250568053373,1958.1442727967321,1.0178506470177084,64.4
3732000,-2634447.3134465665,299.83775051534985,1960.5717150894393,1.0165904157855563,64.4
3734000,-2632431.212422395,300.6527162009505,1961.2637764469255,1.0162316966007099,64.4
3736000,-2635455.1810303032,299.5249903281667,1958.3952010477255,1.0177202302956434,64.4
3738000,-2632576.3791742213,300.31370358333066,1960.2911740770498,1.0167359019807711,64.4
3740000,-2632588.4732998107,299.9741222437738,1956.4685175873974,1.0187224568673086,64.4
3742000,-2633502.956418082,300.62496320859975,1956.482624531134,1.018715111511821,64.4
3744000,-2633009.2536087874,300.06977104385675,1959.4417901320776,1.0171766393151327,64.4
3746000,-2630301.851294974,299.337560967229,1960.5320577976377,1.0166109791946578,64.4
3748000,-2633480.181418363,301.23039673412484,1962.7123654651684,1.0154816620558684,64.4
3750000,-2631426.359944131,300.34993289909016,1962.4372432441912,1.0156240266441825,64.4
3752000,-2635758.0034071524,299.80068536254214,1961.6878747319013,1.0160119969608141,64.4
3754000,-2632941.591818709,301.1670847818069,1958.392434949719,1.0177216677572318,64.4
3756000,-2631368.4904380813,300.0024732913376,1957.0482079871804,1.0184207046540115,64.4
3758000,-2634063.998942815,301.2482786629451,1957.4119870428567,1.018231434268077,64.4
3760000,-2632753.617518548,299.7707665542673,1960.5322640000036,1.016610872270843,64.4
3762000,-2635381.0574231837,300.8673994795942,1957.7514154727942,1.018054896688119,64.4
3764000,-2634989.800947573,299.6085547057716,1961.9786437942687,1.015861422000865,64.4
3766000,-2632615.6909499615,300.6624855784906,1960.3578706074354,1.0167013099514295,64.4
3768000,-2632382.934512442,299.55821876174303,1962.5959841876086,1.0155418797747067,64.4
3770000,-2632359.980944123,300.0464391428276,1963.9001491979448,1.0148674899964512,64.4
3772000,-2633149.263893619,299.5402979238428,1958.622354389108,1.017602199093566,64.4
3774000,-2632037.6302136257,300.8213984989581,1961.6381868026072,1.0160377323551424,64.4
3776000,-2634934.851874709,299.96238174315647,1958.910224885317,1.0174526579628522,64.4
3778000,-2635758.6510865726,299.06109331170427,1961.389468762866,1.0161665731168164,64.4
3780000,-2632992.079872014,298.0572932538921,1961.4515054974358,1.0161344338282339,64.4
3782000,-2633341.411645727,299.6901753553184,1960.6079080066318,1.0165716494771135,64.4
3784000,-2634858.1659864336,300.16122826866643,1959.573622929638,1.0171082074683244,64.4
3786000,-2632519.2764887474,299.7383830887253,1961.3501272758103,1.0161869557621823,64.4
3788000,-2636202.6915566176,300.2833160539049,1955.7854506231447,1.019078250318889,64.4
3790000,-2632826.8580302317,299.3990329393201,1961.4219192280502,1.0161497612938835,64.4
3792000,-2632356.1260713954,300.6964628133333,1959.284485518306,1.0172583051373079,64.4
3794000,-2632342.803033177,299.82558321067154,1959.4844673301063,1.017154485401902,64.4
3796000,-2634147.307139205,299.8300261977325,1962.5555279710588,1.015562814205156,64.4
3798000,-2634851.0150383916,300.4297552753253,1961.563170639374,1.0160765887394394,64.4
3800000,-2636444.2042966466,300.0507351601738,1957.651744064286,1.0181067296894684,64.4
3802000,-2633515.040086396,299.54560116979945,1959.715157538913,1.0170347498476184,64.4
3804000,-2632679.772798484,301.37945467545586,1958.1457331449415,1.0178498879238655,64.4
3806000,-2633315.972123543,300.2968862644537,1956.6564362734462,1.0186246180326544,64.4
3808000,-2635418.805391917,299.6726273232678,1957.0884252371984,1.0183997765857777,64.4
3810000,-2632985.948212208,299.63033262904906,1959.3973500702018,1.0171997093640883,64.4
3812000,-2632427.3270971477,301.0678849735814,1959.9686107090765,1.0169032320875344,64.4
3814000,-2632034.0824832767,299.81270176891076,1963.4912060344773,1.0150788599891376,64.4
3816000,-2630348.4625562094,301.036779361573,1964.833046024397,1.0143856339616075,64.4
3818000,-2629672.0658898856,300.8635005320666,1965.7757009114418,1.0138992022823683,64.4
3820000,-2630733.733166022,300.3550759243058,1962.556086386029,1.0155625252424698,64.4
3822000,-2632786.3822955936,300.39051980383715,1960.1076101243382,1.0168311192331647,64.4
3824000,-2634618.4625970554,298.6160813175172,1959.7290234996278,1.0170275538711757,64.4
3826000,-2635785.8035130706,299.88956067013834,1959.0793625472575,1.017364815904489,64.4
3828000,-2634553.35856539,300.17269856567003,1958.3091992189982,1.0177649248724616,64.4
3830000,-2635213.7502142824,300.33405111712455,1954.7967965090222,1.0195936572944835,64.4
3832000,-2632946.084334094,300.913530953879,1961.0036318517566,1.0163665087851526,64.4
3834000,-2631344.3985139504,299.9126353882943,1961.7857266022459,1.0159613193190884,64.4
3836000,-2633991.650252601,301.2468004212854,1959.6826565048889,1.01705161721178,64.4
3838000,-2631836.724735409,301.9492742665863,1960.515942564907,1.0166193356288857,64.4
3840000,-2634161.34378314,300.87788120598793,1957.5042957616251,1.018183418210431,64.4
3842000,-2631747.797749454,301.3293813224998,1958.5219608055068,1.0176543612513014,64.4
3844000,-2631874.7364120837,301.1727627290217,1962.6557032532835,1.0155109791882648,64.4
3846000,-2634814.3598248996,299.1973343356299,1962.7432538289845,1.0154656810726375,64.4
3848000,-2633938.7258391455,300.05141678170486,1959.1368909268294,1.0173349418566042,64.4
3850000,-2634587.852983093,299.4398655654984,1962.139555087398,1.0157781131584176,64.4
3852000,-2632376.2138912473,300.72406016702496,1957.818389236715,1.018020070695737,64.4
3854000,-2631890.3795048352,299.75421355786955,1961.628472130724,1.016042764130186,64.4
3856000,-2633958.848076787,300.3914159504984,1960.907246734678,1.0164164665815283,64.4
3858000,-2632980.7874717694,299.46836089813195,1963.6680809575093,1.0149874280424798,64.4
3860000,-2633145.225240726,300.2655650454829,1958.9686539311303,1.0174223109800937,64.4
3862000,-2635757.223666325,300.3141990334857,1958.3418514630696,1.0177479552567077,64.4
3864000,-2632983.4469207805,299.81301624351295,1956.4420195092391,1.0187362544585554,64.4
3866000,-2630839.7856038623,299.73257379298644,1960.5720883832728,1.0165902222262704,64.4
3868000,-2634536.4770091977,299.5607990405575,1962.2216050364952,1.015735638576411,64.4
3870000,-2633499.826437965,300.50553133519435,1958.5030637227012,1.017664180331541,64.4
3872000,-2634221.12004927,300.084679010903,1959.3792402781885,1.017209110951486,64.4
3874000,-2631522.689441696,299.2077814601858,1962.2758825300562,1.0157075428407023,64.4
3876000,-2633642.0136488285,299.12124992219196,1959.3502789521615,1.01722414640738,64.4
3878000,-2632583.4475112204,301.26300442072915,1960.2662087874915,1.0167488507864404,64.4
3880000,-2634176.8515701164,299.7316884707924,1953.8939335499754,1.02006479512374,64.4
3882000,-2633436.005265197,301.19400138608853,1960.0247081266305,1.0168741275334,64.4
3884000,-2635361.7874457054,299.64370667552265,1962.861880043676,1.015404311064325,64.4
3886000,-2634955.3629329763,300.2993077339871,1959.7299230597278,1.0170270870326603,64.4
3888000,-2634529.6876093503,299.43878447911504,1961.3154626817795,1.0162049160082267,64.4
3890000,-2631897.4839940947,300.6247203876981,1960.3034601643344,1.0167295296479713,64.4
3892000,-2635151.168532122,299.26757304426525,1960.1083373290783,1.0168307419864606,64.4
3894000,-2633271.424958635,301.1765238288712,1959.044277532588,1.0173830361458074,64.4
3896000,-2630530.767906176,300.468137505809,1962.818965883978,1.015426511391263,64.4
3898000,-2635637.1200776324,300.17738415121175,1959.8785759010482,1.0169499475771622,64.4
3900000,-2633172.109652279,300.39176860992194,1958.9939402543844,1.0174091782853403,64.4
3902000,-2635487.2848725896,300.9034810513914,1960.4723001094803,1.0166419667897741,64.4
3904000,-2633263.4269341044,302.0798721598027,1958.133597113772,1.017856196307514,64.4
3906000,-2634658.0258167293,299.9056849357899,1956.6867946946975,1.0186088138501277,64.4
3908000,-2633855.9008008353,299.8354088039474,1960.6904406922724,1.0165288582303993,64.4
3910000,-2631824.671884248,300.95332629518987,1958.6930143585098,1.0175654890324568,64.4
3912000,-2635106.3638523947,300.6172969172124,1959.8518906689262,1.0169637943099366,64.4
3914000,-2634393.6226305515,299.83628083794264,1961.4571919853556,1.0161314879387155,64.4
3916000,-2631093.340133749,300.5070192420709,1961.5654181443697,1.0160754245482337,64.4
3918000,-2635774.178186806,299.0937949130482,1959.1120697906824,1.0173478310677362,64.4
3920000,-2633642.408008488,299.57561242345787,1960.803242977235,1.0164703787382068,64.4
3922000,-2634968.0378066804,299.70934200255635,1958.5771780494201,1.0176256710011982,64.4
3924000,-2634373.1640954707,301.13379389337655,1958.251819594703,1.017794746863906,64.4
3926000,-2632373.3320682608,299.318339078634,1958.3532723804408,1.017742019854007,64.4
3928000,-2633172.7006636094,300.8849193272657,1963.109405270836,1.0152762804094462,64.4
3930000,-2635477.8228421435,300.04590136145765,1958.1508873660503,1.0178472087516874,64.4
3932000,-2636939.237513995,300.7605619301978,1957.3088090739902,1.0182851095239875,64.4
3934000,-2635969.796637591,300.74582041543977,1962.3417445752518,1.0156734526643727,64.4
3936000,-2633460.134196285,301.00091417155846,1963.2915739303876,1.0151820755946683,64.4
3938000,-2633437.6362820677,300.31690209826434,1959.498538535072,1.0171471811916848,64.4
3940000,-2636081.343461586,299.8154037472915,1957.5277608822112,1.0181712131234002,64.4
3942000,-2634728.2498458363,301.150965726054,1961.8840088591992,1.015910423868089,64.4
3944000,-2635450.230965145,300.7534624327249,1958.1126386973335,1.0178670908054175,64.4
3946000,-2633763.9839387685,299.38395167983117,1959.969115003575,1.0169029704412147,64.4
3948000,-2637332.1409329195,299.6118969263611,1956.5867163120329,1.0186609151558395,64.4
3950000,-2636551.79886852,300.0363445788935,1956.793179706285,1.0185534351255958,64.4
3952000,-2634993.3787263,299.06579686736495,1960.6286792714525,1.0165608797280201,64.4
3954000,-2632891.7595736124,300.2853639672218,1959.9155918606434,1.0169307409448327,64.4
3956000,-2630733.93290258,300.7478850536513,1962.4785467280403,1.0156026512204095,64.4
3958000,-2631854.431850599,300.3238250528356,1959.2142430544,1.0172947762532336,64.4
3960000,-2631917.966782268,299.94749879620286,1963.086972270585,1.0152878823880518,64.4
3962000,-2631281.483999729,300.4717894906868,1960.5763763597718,1.016587998841844,64.4
3964000,-2632507.7556057945,299.1018584315819,1962.068636103012,1.0158148284653246,64.4
3966000,-2633299.2421709094,301.57280548133724,1960.6482798632824,1.0165507171735844,64.4
3968000,-2632586.680288449,300.0035854267303,1960.1805525856712,1.016793280798078,64.4
3970000,-2634892.2808389515,299.3032065564865,1960.7211954537709,1.016512913534813,64.4
3972000,-2633642.241562566,300.68332084216235,1958.9905151060877,1.0174109571491414,64.4
3974000,-2632635.4070046097,300.8241707819778,1964.212822569873,1.0147059382356078,64.4
3976000,-2632445.749941461,300.21917559841,1960.7318475401253,1.0165073911155444,64.4
3978000,-2631756.5143333822,300.3070272759317,1960.307463077894,1.0167274535040514,64.4
3980000,-2634105.1544035915,300.0669955982145,1958.1109183339995,1.0178679850863315,64.4
3982000,-2635140.2317027077,299.54881157354146,1960.1988838588852,1.016783772010176,64.4
3984000,-2634262.177327538,300.86580722431245,1959.0311520494047,1.0173898525988885,64.4
3986000,-2635421.0410010144,300.3949125608783,1956.453220701994,1.0187304219341526,64.4
3988000,-2634255.1537815537,299.99990197341674,1960.909768753809,1.0164151593200648,64.4
3990000,-2633046.776409505,299.84734904736865,1962.6579443660526,1.0155098196002534,64.4
3992000,-2631345.5658673104,301.1051928558604,1959.723416323407,1.0170304637984993,64.4
3994000,-2632989.2861997206,301.09936756118526,1960.2827330843345,1.0167402800534833,64.4
3996000,-2634605.6888482943,300.5452490306243,1958.6168418476518,1.0176050631424136,64.4
3998000,-2632539.3040144183,300.0759394133401,1959.4724379674647,1.0171607297970413,64.4
4000000,-2634486.361970894,299.98671804716497,1958.259439442652,1.017790786489168,64.4
4002000,-2633492.581762282,298.41756105827693,1955.5559341190856,1.0191978558353025,64.4
4004000,-2634757.0067622215,300.68241996510073,1962.3335281549103,1.015677705356332,64.4
4006000,-2635587.8711861502,300.27882858119364,1957.7945108465249,1.0180324870552346,64.4
4008000,-2632632.6667053737,300.55402170162694,1956.9675528323803,1.0184626782061361,64.4
4010000,-2630120.3920546174,300.65527197388525,1961.7110972900794,1.015999969502876,64.4
4012000,-2632389.812386412,301.1187502153207,1961.207487993955,1.016260863382099,64.4
4014000,-2632227.7694092635,299.91993227877947,1956.3034282488977,1.018808425237087,64.4
4016000,-2634956.1912417896,299.8251479054967,1960.5008236682518,1.0166271755453435,64.4
4018000,-2632860.0087360404,300.18666501856006,1957.177279925016,1.0183535418398761,64.4
4020000,-2634182.2228420097,301.2543454848181,1957.9750778496957,1.0179386027778516,64.4
4022000,-2634206.1503983904,300.09719887172133,1956.9652863314545,1.018463857760326,64.4
4024000,-2633342.5589177962,300.6338400212698,1958.6733801889254,1.017575689331076,64.4
4026000,-2634818.9417577963,300.2941329652585,1959.2857827416578,1.017257631620846,64.4
4028000,-2633969.3261860553,300.113346147483,1959.0530565442698,1.0173784769953906,64.4
4030000,-2635012.5845117476,300.13868264316756,1957.4971070497772,1.0181871573869414,64.4
4032000,-2633769.656694591,300.54100256841804,1960.2388325673442,1.0167630504543133,64.4
4034000,-2634417.1455371007,299.6058468818782,1956.4281949859953,1.018743453058057,64.4
4036000,-2634117.4376962464,300.2361985485881,1959.361530339608,1.0172183051255062,64.4
4038000,-2634061.803462712,300.5415311144896,1962.524210009784,1.0155790205565098,64.4
4040000,-2634169.925308712,299.6032833052773,1959.0581774102313,1.017375817626275,64.4
4042000,-2636121.3123831283,299.6253120810812,1960.0142346328244,1.016879561282139,64.4
4044000,-2630537.6033577006,301.0178751068701,1959.3220882020726,1.0172387822407984,64.4
4046000,-2637189.233754009,299.28557581877834,1957.7400658581876,1.0180607986619954,64.4
4048000,-2632999.9949857127,299.4336544617634,1961.3459998365772,1.0161890942170544,64.4
4050000,-2634729.263888698,300.36141414574905,1961.6017416484328,1.0160566096078572,64.4
4052000,-2631155.928162493,299.89284376932636,1959.0084634225552,1.0174016356917934,64.4
4054000,-2633537.210245792,301.2747451511914,1959.005665019651,1.0174030890309762,64.4
4056000,-2631805.753815107,300.1205997447044,1960.071585467727,1.01684980783218,64.4
4058000,-2634163.8635221943,298.62457250065995,1961.136029843489,1.016297893001964,64.4
4060000,-2634841.132429786,299.6981959026582,1960.4253421081232,1.016666318380131,64.4
4062000,-2636176.2548951153,300.6668517299991,1962.4228800642659,1.0156314601034941,64.4
4064000,-2633688.4075608905,300.14905378098155,1962.5288880031214,1.015576599765702,64.4
4066000,-2634539.0892208256,300.4481557647023,1959.2357484138415,1.017283610016685,64.4
4068000,-2635383.3510273676,299.8173158228415,1958.8328836946953,1.0174928303535768,64.4
4070000,-2633153.152112197,300.59429624745746,1959.8392368314662,1.016970360406948,64.4
4072000,-2635178.498176668,299.9379335778779,1960.2926813586096,1.016735120206044,64.4
4074000,-2632409.7476781458,300.9561931798859,1961.3241648214391,1.0162004072394772,64.4
4076000,-2630452.7133439146,299.1984350562914,1962.0071856251716,1.0158466439994691,64.4
4078000,-2631245.3246139996,300.51143915585595,1961.988137327681,1.0158565065204048,64.4
4080000,-2633763.9878304303,301.86247794716104,1959.4697311559137,1.017162134902907,64.4
4082000,-2631039.8274192866,300.9657125057338,1959.3878010420908,1.017204666661778,64.4
4084000,-2632031.942683568,299.6924444370994,1961.2968361430471,1.0162145669595155,64.4
4086000,-2636264.9408143163,301.3489712072814,1957.2385509034557,1.0183216624770475,64.4
4088000,-2634344.0430276804,300.3230168898771,1962.0727575160477,1.0158126947052692,64.4
4090000,-2631013.408810677,300.5133013092227,1957.6097346528231,1.018128577795229,64.4
4092000,-2632274.7427847367,301.33208482297493,1960.3392796711378,1.0167109518687665,64.4
4094000,-2636809.4478757065,300.6703873240081,1959.1476735942233,1.0173293426950636,64.4
4096000,-2632809.3392484263,302.05714537863577,1960.0606664518516,1.0168554724523544,64.4
4098000,-2633149.7739451174,300.63535545161153,1960.714215850145,1.0165165320413552,64.4
4100000,-2631775.8710189573,298.74620499420917,1962.6768834061722,1.0155000203401827,64.4
4102000,-2634356.143388657,299.84716818258124,1959.4849835243265,1.017154217449215,64.4
4104000,-2632117.7791418973,298.45839542952325,1959.2549779218234,1.017273625679006,64.4
4106000,-2634114.5608325806,301.19100400842507,1959.1661310925754,1.0173197583344684,64.4
4108000,-2631594.7687989436,299.8810449383592,1957.0157610864314,1.018437589850432,64.4
4110000,-2629078.4880914837,299.85941979402344,1964.2914599161188,1.014665316065308,64.4
4112000,-2633058.1432749145,301.1085141168174,1956.532763587909,1.0186890054246833,64.4
4114000,-2633223.632006632,301.4141062116897,1958.975106224102,1.0174189598875734,64.4
4116000,-2631144.1047066413,300.6258394333807,1959.2503192601403,1.01727604452953,64.4
4118000,-2635540.2526632063,299.97182279809664,1958.5783630314133,1.0176250553158017,64.4
4120000,-2632165.2818688247,300.2831577162401,1958.637131384168,1.0175945217640454,64.4
4122000,-2633232.7475872226,300.20857010753446,1962.1907687999494,1.0157516010734917,64.4
4124000,-2632964.066745978,301.68721799022717,1960.4784486431117,1.0166387783551711,64.4
4126000,-2633977.6052546874,300.707259252256,1960.336430507029,1.0167124295622418,64.4
4128000,-2630693.6817267276,300.2474275185341,1962.223149204933,1.015734839244839,64.4
4130000,-2634004.7700104024,299.0946055219217,1960.4136166481255,1.0166723991786655,64.4
4132000,-2632719.0725564547,299.0795251561124,1964.044288920391,1.0147930096402022,64.4
4134000,-2634666.6498350035,299.8816714171567,1958.9949574187328,1.0174086500183634,64.4
4136000,-2633053.8493248764,299.60397569929614,1957.2779162901609,1.018301181672712,64.4
4138000,-2629947.3942976184,301.0437840971903,1957.6955365244912,1.0180839552602414,64.4
4140000,-2631343.6383615285,299.76530845549604,1959.953644043487,1.0169109973990547,64.4
4142000,-2630850.5201474465,301.0270961600354,1959.0675120090793,1.0173709700163398,64.4
4144000,-2636841.391803367,300.8769929142363,1959.0457546201112,1.0173822690561234,64.4
4146000,-2634896.369476214,301.179934197779,1957.9714965293413,1.0179404646865893,64.4
4148000,-2634625.168576192,300.672644244499,1958.8059977059086,1.0175067961576736,64.4
4150000,-2635338.8956056964,300.7090521904693,1959.0695205102277,1.017369926974865,64.4
4152000,-2636539.268280225,300.67566365055626,1957.9649168677458,1.017943885434185,64.4
4154000,-2635780.4011368826,300.0007387179708,1958.1855645696473,1.0178291838537783,64.4
4156000,-2631252.598391503,300.2969816565048,1957.6506245010016,1.01810731193581,64.4
4158000,-2631549.082221344,301.9557891462468,1961.8934838954897,1.0159055174915637,64.4
4160000,-2633120.952922594,299.9056862541305,1961.9099193622965,1.0158970069675857,64.4
4162000,-2632764.508821573,300.13278692203806,1963.3339708806027,1.015160153382474,64.4
4164000,-2633187.557004202,299.01333434233,1962.7942253427664,1.0154393105941177,64.4
4166000,-2634430.068875134,300.04927749488235,1960.3737753891407,1.0166930613140535,64.4
4168000,-2631648.276551204,300.82406952360503,1961.559332761129,1.0160785767385634,64.4
4170000,-2632554.41040856,299.3881013986862,1960.4127593146143,1.0166728437928487,64.4
4172000,-2634002.6086602174,300.88482099127947,1957.0877516843632,1.0184001270790328,64.4
4174000,-2634555.658122003,300.19016146681525,1959.0290244670962,1.0173909575241469,64.4
4176000,-2635023.5039587356,300.1963038533606,1958.1290186845372,1.0178585762235062,64.4
4178000,-2633062.286881445,299.57353349917963,1957.4020807958252,1.0182365874515857,64.4
4180000,-2633010.0134614557,300.296987038248,1957.095674751959,1.0183960042080102,64.4
4182000,-2633596.941202728,299.6909678092496,1960.2264474381043,1.016769474580364,64.4
4184000,-2633333.0269009545,300.70314822161293,1959.3040173449144,1.0172481643359539,64.4
4186000,-2634139.027456982,299.78203143931137,1959.2564218267546,1.017272875983158,64.4
4188000,-2633103.3190700095,299.9981385560879,1958.329733989526,1.0177542527324126,64.4
4190000,-2635289.7883099895,301.07838390882347,1957.0181342150754,1.0184363548677948,64.4
4192000,-2633669.243472295,300.09873542625826,1958.7100331038735,1.0175566476584628,64.4
4194000,-2632673.542409735,300.0376407294204,1956.7725375060202,1.0185641799534109,64.4
4196000,-2635126.567748284,299.9788717381256,1959.2072417342472,1.0172984116044443,64.4
4198000,-2633551.0204112437,301.35196767847765,1960.032804605602,1.0168699270424841,64.4
4200000,-2633224.3179475125,300.1615485126128,1958.5705217803484,1.0176291294369324,64.4
4202000,-2634307.7917605005,300.13085357447926,1960.0542217679442,1.0168588158864424,64.4
4204000,-2634681.414546879,299.1793140195396,1960.0304874274138,1.0168711292017518,64.4
4206000,-2631019.7702642344,300.5856132200908,1962.1030298627027,1.0157970222183696,64.4
4208000,-2632703.7170397285,299.3457287453141,1960.2454024447607,1.0167596427133259,64.4
4210000,-2632720.966254985,300.0566700554167,1957.1149835447816,1.018385956766944,64.4
4212000,-2633197.7236559335,300.35540396966775,1962.1399170782597,1.015777925759756,64.4
4214000,-2635343.4505947176,300.11714162838126,1961.2914651346443,1.0162173498691824,64.4
4216000,-2634726.8119792826,301.2602117034367,1959.896922461187,1.016940427926839,64.4
4218000,-2635539.297097724,299.0614055836503,1960.0840194989148,1.0168433573218454,64.4
4220000,-2631235.8507578913,300.5856481660206,1961.6081479335385,1.0160532913364015,64.4
4222000,-2633113.2896560226,300.6946128597517,1961.7305741755795,1.0159898822282347,64.4
4224000,-2634838.468332302,299.8876261803901,1959.850852628395,1.0169643329476783,64.4
4226000,-2631384.0057495944,301.1713186810435,1964.2347410636598,1.0146946153395517,64.4
4228000,-2631785.6330167837,300.6123857600706,1962.673861092892,1.0155015841044222,64.4
4230000,-2633780.472037526,299.0423196362594,1959.7870052131384,1.016997464376703,64.4
4232000,-2632103.359416373,300.0721559322614,1955.823341183564,1.0190585075102199,64.4
4234000,-2633837.613829147,300.68288061248785,1959.6742343763485,1.0170559882135017,64.4
4236000,-2630643.8149441946,300.4676626986377,1960.2218832864496,1.0167718420113772,64.4
4238000,-2635561.356432585,300.1494929134916,1961.9683983510013,1.0158667268521435,64.4
4240000,-2633818.695262324,300.36318467443726,1958.6363427832027,1.0175949314756416,64.4
4242000,-2634353.0452885367,300.3680226830074,1960.425822625273,1.016666069186514,64.4
4244000,-2634452.077619951,300.67991077557184,1957.8530125039993,1.0180020677196282,64.4
4246000,-2632975.2073984444,299.34642250391175,1959.2837017476384,1.0172587120703214,64.4
4248000,-2633101.078396151,300.76337872793846,1961.7752773554396,1.015966730759784,64.4
4250000,-2631516.2104900535,300.88103238342427,1962.6209227217248,1.0155289755375603,64.4
4252000,-2633730.2950811237,300.9850510830708,1961.5282341840862,1.0160946859116813,64.4
4254000,-2634714.566757573,299.6797924052244,1957.8018839055014,1.0180286531568055,64.4
4256000,-2631356.178837372,300.44726513357443,1957.593355530436,1.0181370964452001,64.4
4258000,-2632857.3642046377,300.31619610585204,1959.7713217039764,1.017005603126808,64.4
4260000,-2635002.3899599817,299.7193188626962,1960.1513212260666,1.0168084440406873,64.4
4262000,-2634404.283023918,300.37922664711925,1955.6792835038132,1.0191335725811448,64.4
4264000,-2634438.4608493336,300.43933983411245,1958.8993030288334,1.0174583307771168,64.4
4266000,-2631025.0830446705,299.6123285458075,1961.8111866236084,1.0159481343617034,64.4
4268000,-2633472.740380708,300.11658856914386,1960.061742325677,1.0168549143024943,64.4
4270000,-2634700.0105345454,300.5505108108891,1961.460880243421,1.0161295772428696,64.4
4272000,-2633841.659489613,300.3681967021287,1960.7533519996796,1.0164962426240443,64.4
4274000,-2631398.3161061853,300.79565982975953,1962.305116514547,1.0156924110559944,64.4
4276000,-2632331.886653684,300.09907882679914,1960.5894120349342,1.016581239695413,64.4
4278000,-2635849.3598921783,299.1244943616671,1959.5863123205263,1.017101621137557,64.4
4280000,-2632448.430864731,300.3113848367775,1961.010050098391,1.0163631822897456,64.4
4282000,-2630558.7547715213,300.956567468241,1959.9944724325323,1.0168898142587908,64.4
4284000,-2634469.3039462008,301.92836974620127,1957.5791103545935,1.0181445053626195,64.4
4286000,-2634815.356732374,300.3441301920169,1960.6632503496855,1.0165429553824217,64.4
4288000,-2635169.0570095815,300.5908238103016,1959.574750509966,1.0171076222029722,64.4
4290000,-2634556.4641789906,299.5238572088322,1957.2195973292778,1.018331523830977,64.4
4292000,-2636694.2797421906,299.85871905679784,1959.6356325380893,1.0170760226679203,64.4
4294000,-2633956.0028101597,299.46652097651287,1956.771730399847,1.0185646000787758,64.4
4296000,-2630892.794374611,301.0377193332583,1961.3575197025946,1.016183125717127,64.4
4298000,-2633382.2265771423,300.74382668618466,1959.0658221730748,1.0173718475724052,64.4
4300000,-2632970.4129000716,299.3586468874383,1961.7362001892732,1.0159869684965162,64.4
4302000,-2634236.1778013688,300.74822736432077,1962.8079791402474,1.0154321952029126,64.4
4304000,-2635268.1198728625,301.24622000366924,1960.1573499862207,1.016805316692655,64.4
4306000,-2632171.4232979957,299.4054422959716,1961.2039811164884,1.0162626805833468,64.4
4308000,-2633734.767550936,300.65227722025134,1957.080832976904,1.0184037273455302,64.4
4310000,-2635455.6722798757,300.5189207539899,1957.437550368797,1.0182181365860987,64.4
4312000,-2635832.7424053084,299.99179440408875,1959.5082403793808,1.0171421451303977,64.4
4314000,-2631982.4275029656,300.08925583544425,1963.6902442528967,1.0149759723323706,64.4
4316000,-2633897.200757822,300.2439369272666,1961.37832978224,1.0161723440889938,64.4
4318000,-2630403.0092748776,299.85743280460184,1963.6917752697714,1.014975180993648,64.4
4320000,-2633982.174338747,301.407101227631,1962.3112479859954,1.015689237406032,64.4
4322000,-2635734.869938638,301.2238235761977,1961.2775682642769,1.016224550400614,64.4
4324000,-2634428.3220011275,300.4095851990686,1962.2446471219455,1.0157237110792898,64.4
4326000,-2634900.9158274736,300.56195993801185,1958.676128854017,1.0175742613385996,64.4
4328000,-2632625.718318807,300.3959629936489,1957.0945231157293,1.0183966034747909,64.4
4330000,-2634802.456938429,299.7728360534091,1959.0376354408402,1.017386485569824,64.4
4332000,-2634805.2685690094,300.0420452290461,1957.3159509981901,1.018281393968989,64.4
4334000,-2633270.155038459,299.8000217187065,1958.997431972996,1.0174073648543958,64.4
4336000,-2634625.171322411,302.2738237641186,1958.264070515448,1.0177883795292006,64.4
4338000,-2633040.018966466,300.5370961229142,1961.2048789771113,1.0162622153273948,64.4
4340000,-2635323.488085225,298.99457496135074,1960.0567423603522,1.0168575082270488,64.4
4342000,-2632706.4616750907,300.3900768554119,1960.0167791260471,1.0168782411693833,64.4
4344000,-2633588.76251385,301.255378047467,1959.343918314622,1.0172274486321864,64.4
4346000,-2632959.074977543,300.29027504257516,1958.862368312299,1.01747751514435,64.4
4348000,-2633261.935551675,299.8949528077449,1960.0240226530732,1.0168744831618604,64.4
4350000,-2633953.310505133,300.36846076308535,1958.6636427444519,1.0175807481816903,64.4
4352000,-2634230.6980831027,299.93483476104745,1960.7834602994785,1.0164806340807058,64.4
4354000,-2633916.098914996,299.1348618340413,1957.0871560304586,1.0184004370366198,64.4
4356000,-2630541.4288812876,299.406680990309,1959.5957217597645,1.0170967372955497,64.4
4358000,-2628801.8395272736,300.1500806321244,1962.4272497267111,1.015629198635381,64.4
4360000,-2633172.991102319,301.49002656581126,1960.775422862165,1.0164848007482812,64.4
4362000,-2629895.301322788,300.144418955139,1962.8445631268469,1.0154132693243587,64.4
4364000,-2635126.699451126,300.6565062299489,1954.2536572838694,1.019877029571634,64.4
4366000,-2634498.7560338695,300.53932904538834,1959.3532185699419,1.017222620265917,64.4
4368000,-2633777.2564922217,299.95492695965504,1960.024818603182,1.0168740702174182,64.4
4370000,-2633644.5538418964,302.0806008217327,1960.290451804011,1.0167362765992003,64.4
4372000,-2635130.5523489974,299.89915018399034,1959.406758997721,1.0171948248457034,64.4
4374000,-2635411.71690079,300.2006659208519,1959.2288085446905,1.0172872133809843,64.4
4376000,-2633842.790592702,299.4776399963321,1960.6388263009662,1.0165556186502986,64.4
4378000,-2635992.2459942605,299.4541321115856,1962.267556128478,1.015711852746791,64.4
4380000,-2632570.2721490506,300.44999349803453,1959.4686705258762,1.0171626854770137,64.4
4382000,-2634127.764126161,300.6928602634708,1959.3555517577806,1.0172214089638412,64.4
4384000,-2634477.2839300223,301.20822848889446,1959.0170270246676,1.0173971882456114,64.4
4386000,-2630518.923580507,300.1780132393282,1958.491570213391,1.01767015254654,64.4
4388000,-2633902.958050076,301.34488095763055,1956.2775000202791,1.0188219283815887,64.4
4390000,-2633189.3359088115,300.4246733951212,1962.332180874375,1.0156784026912766,64.4
4392000,-2631835.334914431,300.3701094687693,1964.0600060294323,1.014784888904411,64.4
4394000,-2634055.5080724135,300.62523502426274,1961.3856666222243,1.0161685429528826,64.4
4396000,-2634858.737456264,299.476161051782,1956.4018257031014,1.0187571841504925,64.4
4398000,-2633082.87046184,300.66682624885254,1959.0484047643092,1.0173808927707235,64.4
4400000,-2631456.866500072,301.10296207076954,1963.2197378364242,1.0152192220809058,64.4
4402000,-2630199.8261236325,300.4428311778884,1960.5088334805403,1.0166230220354462,64.4
4404000,-2633130.1389592253,299.59053180759224,1960.615822053531,1.0165675460746928,64.4
4406000,-2629722.7563795205,300.15646637343957,1962.038739644737,1.0158303068883652,64.4
4408000,-2634912.380497819,300.1715922821073,1957.5271791573168,1.0181715156967426,64.4
4410000,-2635766.1735291686,300.81230457791617,1959.8564797971992,1.0169614130247002,64.4
4412000,-2632241.192030262,300.02419480387294,1960.6080397660671,1.0165715811600893,64.4
4414000,-2629842.2932258863,300.82586245327775,1962.9724675947696,1.0153471064534685,64.4
4416000,-2632245.909239784,300.7063871671511,1960.1246111559249,1.016822299805115,64.4
4418000,-2631531.124077227,299.4633707017714,1959.1672055303645,1.017319200420479,64.4
4420000,-2632040.537558412,299.29692962728393,1959.3558495223592,1.0172212543760444,64.4
4422000,-2631891.2009414937,299.87446552658514,1960.8207955000337,1.0164612796815578,64.4
4424000,-2633754.0481047947,301.1874107292863,1958.2869376637263,1.0177764946938668,64.4
4426000,-2634124.246797256,299.8228700182984,1960.8099465641728,1.0164669036448837,64.4
4428000,-2634039.8770569917,299.6861868071512,1957.5354081079713,1.0181672355784237,64.4
4430000,-2633057.279144842,300.8770603134034,1962.8568880615676,1.015406893463574,64.4
4432000,-2636301.4888223596,301.84225807503987,1958.3629857304793,1.017736971921341,64.4
4434000,-2631999.7510775607,301.3135204182069,1957.2857107628888,1.0182971265055252,64.4
4436000,-2634370.9302621745,298.82085956567107,1960.0658376872998,1.0168527896858046,64.4
4438000,-2634195.7534217667,300.51336845497616,1961.3345972355703,1.0161950020304409,64.4
4440000,-2637280.399602264,300.55967367071815,1960.7322560469934,1.016507179332294,64.4
4442000,-2636111.9377801567,300.2987820672086,1959.2258124751734,1.017288769027705,64.4
4444000,-2632054.405450754,299.71213485515386,1960.665645965296,1.016541713331704,64.4
4446000,-2635337.73385364,300.64810527053913,1960.9270212169365,1.0164062167817303,64.4
4448000,-2633997.457920242,299.4751712944938,1960.488770831296,1.0166334256406124,64.4
4450000,-2632767.8915172536,300.8705139409323,1957.5545556210886,1.0181572765351659,64.4
4452000,-2632726.7092373837,300.2861145630163,1960.3411156525306,1.016709999655718,64.4
4454000,-2635552.6857120916,301.01540292399716,1957.2840711542328,1.0182979795287566,64.4
4456000,-2634694.8090223335,300.2240610545104,1958.277566833012,1.017781364999996,64.4
4458000,-2632629.5192635097,300.3602618345143,1958.650916623978,1.0175873598014964,64.4
4460000,-2636576.3612843603,300.5797433634668,1962.2466983636969,1.0157226492887996,64.4
4462000,-2633544.2112479825,301.05900684442537,1962.8627780790919,1.0154038465035602,64.4
4464000,-2632592.78959091,300.25880057208957,1959.758903977291,1.0170120472345967,64.4
4466000,-2633057.8597374763,300.9498814665717,1960.7285122195676,1.0165091202575331,64.4
4468000,-2633627.233172754,301.1575136001997,1957.5053724606914,1.018182858172563,64.4
4470000,-2630219.5737958606,299.94473374765965,1959.9518782807552,1.0169119135560079,64.4
4472000,-2630173.5094596744,300.2728295901093,1963.566178209861,1.015040102614335,64.4
4474000,-2635007.3900278695,299.9383015352171,1962.5929379863267,1.0155434560287102,64.4
4476000,-2636117.1569204405,300.5460222478765,1959.6947133048304,1.0170453599168066,64.4
4478000,-2632834.8718137722,299.73426934932195,1959.1081695172588,1.0173498564457986,64.4
4480000,-2634297.223999491,300.92975349986347,1960.782785443505,1.0164809839297728,64.4
4482000,-2632078.896022085,300.9034968428894,1962.1228671038086,1.0157867524178479,64.4
4484000,-2632668.9515596125,299.72606629465116,1961.7565046386305,1.0159764528918012,64.4
4486000,-2631751.7586766277,300.01023103742085,1961.270714580412,1.0162281016094055,64.4
4488000,-2629504.8030082174,299.9046220038131,1959.703388675069,1.0170408575798215,64.4
4490000,-2633999.618516559,300.55911649382836,1958.2267059846124,1.0178077997450392,64.4
4492000,-2632595.690745089,298.9917698118622,1961.2456557494102,1.016241085953403,64.4
4494000,-2633554.7532075755,300.2291501813998,1960.4206335594167,1.0166687602147026,64.4
4496000,-2633060.5528088436,300.14341854980734,1957.4041095331227,1.0182355321076573,64.4
4498000,-2633563.6357120518,301.6894595089211,1957.9927554052315,1.0179294124138254,64.4
4500000,-2633260.4536559787,299.3461740059845,1957.2771998882988,1.0183015543909262,64.4
4502000,-2632593.8932260666,300.3623861061801,1961.5460174022755,1.0160854740791065,64.4
4504000,-2632002.910582209,300.61557386983117,1962.0119541362878,1.0158441750664926,64.4
4506000,-2633599.374385396,300.3496569252569,1958.4462312033763,1.0176937121196867,64.4
4508000,-2633820.1971357055,300.0407311694814,1962.5878016002464,1.0155461138579633,64.4
4510000,-2631644.3147702683,300.45282749227124,1961.1383982910038,1.016296665629015,64.4
4512000,-2635333.61355895,300.4884836483212,1961.2520586169967,1.0162377682477155,64.4
4514000,-2633349.5438380707,300.44864599153993,1960.1282030215211,1.0168204365142188,64.4
4516000,-2629681.901921943,301.05992020596875,1959.879971116051,1.0169492236227136,64.4
4518000,-2632461.232047513,300.92803689140504,1961.6869626997507,1.016012469327519,64.4
4520000,-2633361.1963827144,300.82550291343375,1961.0368389020098,1.016349298229459,64.4
4522000,-2635684.77610391,298.5572713473525,1957.7363056037564,1.0180627540671328,64.4
4524000,-2634255.690733861,300.05399971994535,1956.7370132623914,1.0185826718211657,64.4
4526000,-2634339.7990937997,300.6820307349113,1958.7455043273496,1.0175382205686907,64.4
4528000,-2632304.715747487,300.45110103375873,1965.084334608765,1.0142559176306227,64.4
4530000,-2635290.6578552164,301.0096286039455,1962.9147372370196,1.0153769683474083,64.4
4532000,-2632602.1833412405,299.554766454601,1961.2798111545785,1.016223388261395,64.4
4534000,-2633966.0399999954,299.42206788096036,1960.3529021567015,1.0167038867478642,64.4
4536000,-2632093.6961246002,300.3597408088577,1960.571140889745,1.0165907135181373,64.4
4538000,-2633424.5307578538,300.36244188727005,1960.7024730038884,1.0165226200621118,64.4
4540000,-2632840.9142523166,298.67461921221627,1962.4807956631707,1.0156014873748902,64.4
4542000,-2634086.9988655597,300.851526925185,1963.2215949072695,1.015218261754255,64.4
4544000,-2629845.06615456,299.26311618713015,1961.719093279403,1.0159958282754513,64.4
4546000,-2631598.993640613,300.62483466433986,1960.55677132692,1.016598164444496,64.4
4548000,-2635485.93193686,300.0079833133105,1961.8505946273951,1.015927726850532,64.4
4550000,-2635247.225712115,300.82867027011036,1959.1190963870172,1.017344182237732,64.4
4552000,-2633945.6611110885,300.3222170154248,1963.6062494706432,1.0150193887178154,64.4
4554000,-2632005.4670815095,299.78351598877686,1959.4063601373844,1.0171950319077394,64.4
4556000,-2635593.612462707,301.0409973078894,1959.2592359176158,1.0172714148705848,64.4
4558000,-2635165.6410038695,299.8699968768104,1958.4084012756762,1.0177133705727066,64.4
4560000,-2633103.670258779,300.18571879046476,1960.5628878843909,1.0165949928649787,64.4
4562000,-2632755.6942640804,300.28134292147473,1960.5622067807403,1.0165953460323294,64.4
4564000,-2635366.168386791,300.0432782780367,1959.8031879907148,1.0169890666743915,64.4
4566000,-2633359.1287161484,300.5425630744926,1961.447931838662,1.0161362851737,64.4
4568000,-2632083.3375491835,300.19462054914914,1960.425633116801,1.0166661674645767,64.4
4570000,-2631632.9830113947,300.98824707793744,1961.670741554982,1.0160208707809346,64.4
4572000,-2631600.7670086194,299.9174295937141,1957.6715742569513,1.0180964167989563,64.4
4574000,-2634127.6792881303,300.7311178572646,1959.3176705770118,1.0172410757839052,64.4
4576000,-2635057.724077625,301.53990844290166,1960.8470138911011,1.0164476886266989,64.4
4578000,-2633505.6426783446,300.20026183784165,1964.1296611363157,1.014748900979938,64.4
4580000,-2634931.057930965,301.7779180681103,1958.9094825684451,1.0174530435203684,64.4
4582000,-2631906.3442410156,300.1787382403088,1963.1307165747235,1.015265258799342,64.4
4584000,-2635013.030030094,300.8683595384505,1961.6344047478033,1.016039691288151,64.4
4586000,-2634937.135728048,299.77338232791334,1958.2481188563715,1.0177966703137473,64.4
4588000,-2630828.1990879755,298.9139849115664,1961.403283654668,1.0161594158782323,64.4
4590000,-2633175.733620489,301.74888144447493,1958.3768292450568,1.0177297776692458,64.4
4592000,-2632980.0129581075,300.56186651988526,1962.6579107300038,1.0155098370040696,64.4
4594000,-2632745.7219536733,299.889178797644,1960.492580832813,1.0166314499254623,64.4
4596000,-2633275.5924365614,300.39621571809886,1956.6642545561363,1.0186205478937944,64.4
4598000,-2631833.5001296196,299.617319096975,1962.5883579019842,1.015545825998278,64.4
4600000,-2635872.7349517476,298.70497795694035,1956.566835194982,1.0186712659992276,64.4
4602000,-2633336.0196984373,300.3272098811702,1960.1642718151988,1.0168017260994544,64.4
4604000,-2636300.0231935363,300.6280228282006,1957.809386694677,1.0180247518299392,64.4
4606000,-2631117.8573060706,299.0240331978803,1960.5460089912951,1.0166037450177603,64.4
4608000,-2636611.3243465293,299.94710364472667,1961.121171872261,1.0163055927428415,64.4
4610000,-2634854.9261930957,300.29876615121515,1959.5082108719648,1.0171421604471165,64.4
4612000,-2633789.434976723,301.2255791069196,1959.0492859975163,1.0173804351253577,64.4
4614000,-2635416.645663608,300.89693336508066,1959.4896866878419,1.017151776077547,64.4
4616000,-2633480.6128080953,301.1207298141832,1960.9998901235717,1.0163684480852162,64.4
4618000,-2634913.293448163,299.3330197922467,1962.316912160617,1.015686305646556,64.4
4620000,-2637445.937518442,300.2270656716169,1957.8191313414097,1.0180196848186855,64.4
4622000,-2634065.908357881,300.8026509606959,1960.0703593186422,1.0168504439366215,64.4
4624000,-2636839.171626609,299.8619367426794,1959.3063633976087,1.0172469462937725,64.4
4626000,-2634584.5152829196,300.50871534768436,1961.815561208475,1.0159458689339937,64.4
4628000,-2632936.16989037,300.22735131353886,1959.7637425778164,1.0170095362609934,64.4
4630000,-2632518.4623066485,301.70959979911856,1960.3813746838873,1.0166891201675299,64.4
4632000,-2630628.0535343513,300.3593723628563,1961.3808230340912,1.0161710523594387,64.4
4634000,-2631239.9889446255,299.29225177757303,1960.6728574007545,1.016537974449448,64.4
4636000,-2630014.245537186,300.0643512219491,1963.2438674134264,1.0152067443593145,64.4
4638000,-2633154.6258461103,300.57347650989385,1956.8810299709664,1.018507709203837,64.4
4640000,-2634836.4745383356,300.03669539861016,1958.025234764766,1.0179125271894782,64.4
4642000,-2632359.1627242733,300.1295489344037,1959.3908669841,1.0172030749984853,64.4
4644000,-2633378.6995599307,300.03797199841375,1962.4277452150202,1.01562894220179,64.4
4646000,-2632547.7608964313,300.1458200312553,1959.4397909954293,1.0171776770990477,64.4
4648000,-2633577.2342215385,300.25335315615473,1958.8064101339544,1.017506581920913,64.4
4650000,-2633040.9548069537,299.984368477381,1958.9444497666948,1.0174348819628587,64.4
4652000,-2635631.7653459776,299.54590980126187,1956.138866534536,1.0188941332938775,64.4
4654000,-2631707.0491252914,300.3665442940475,1958.4443125568469,1.0176947091327222,64.4
4656000,-2635010.992421776,301.29939923166506,1961.2574209963593,1.0162349896973946,64.4
4658000,-2635502.9860760514,299.9555749711863,1961.5931813589054,1.0160610436254898,64.4
4660000,-2634251.2803148497,299.88046908128297,1958.5026527924401,1.017664393856402,64.4
4662000,-2633768.6286357604,300.3430267305714,1960.8746344395772,1.0164333711164593,64.4
4664000,-2632300.186078705,300.72262733787863,1960.3193730901482,1.0167212763287417,64.4
4666000,-2631070.0390114486,300.9388522906822,1958.8197506641595,1.017499652198418,64.4
4668000,-2632830.0199675784,300.0078292400794,1959.5183056343644,1.0171369204815561,64.4
4670000,-2632586.6872229595,300.1204644386904,1959.7928952015434,1.0169944078785966,64.4
4672000,-2634629.9182871263,300.46925441481585,1956.9166566799333,1.0184891667290654,64.4
4674000,-2634763.7825273965,299.58729867072117,1955.628769132047,1.0191598970518096,64.4
4676000,-2633449.851256434,300.3363939762518,1960.126004272917,1.0168215771207463,64.4
4678000,-2632673.012245843,300.0011165965315,1958.9392821457602,1.0174375659244514,64.4
4680000,-2634684.189777242,301.3762028107381,1962.8651602459263,1.0154026141920316,64.4
4682000,-2634670.110624198,299.83371135534395,1956.1706026097308,1.018877603191244,64.4
4684000,-2632611.4089344386,299.6849060231324,1957.416457698509,1.0182291086709363,64.4
4686000,-2632683.6774014197,299.64656502142793,1960.7750109260237,1.0164850142999757,64.4
4688000,-2631829.7860831562,300.33998010460954,1960.614237944281,1.0165683674265025,64.4
4690000,-2633886.1694464013,301.2601960002496,1960.8743682280776,1.0164335091091101,64.4
4692000,-2633342.3260899894,299.6847513530048,1959.1638117032205,1.0173209627057438,64.4
4694000,-2630342.5961834956,299.7598353646667,1963.0067114698181,1.0153293941251096,64.4
4696000,-2631344.184503071,301.0406760149664,1957.9144740400018,1.0179701112825288,64.4
4698000,-2633436.914838055,300.89328643904975,1958.8973907966501,1.0174593239973715,64.4
4700000,-2632523.0815390795,299.9835052399022,1958.042202968126,1.0179037060584843,64.4
4702000,-2631785.5162677523,301.3167531515036,1961.7755184154084,1.0159666059193493,64.4
4704000,-2635076.676167911,299.7902491726236,1958.039103843483,1.0179053171654602,64.4
4706000,-2632507.775979258,300.45455598153666,1959.964501801851,1.0169053639430012,64.4
4708000,-2635646.0061187483,299.72724948177114,1958.3250560521449,1.0177566838868568,64.4
4710000,-2634813.1008215733,301.54591948727125,1959.4760123138976,1.0171588743597697,64.4
4712000,-2633987.7251208294,299.7591209855345,1960.3702087485296,1.0166949110558756,64.4
4714000,-2633827.01586709,300.42923551520647,1960.135431309378,1.0168166868392237,64.4
4716000,-2633194.6862364933,300.3645234363331,1962.1846370394203,1.0157547752628404,64.4
4718000,-2633120.0059409086,300.9642794309873,1958.4422684824283,1.0176957713257488,64.4
4720000,-2636017.809731221,301.51494176736685,1959.0457608363188,1.0173822658278886,64.4
4722000,-2633867.2758159842,300.7910126328419,1960.3083907839484,1.0167269723429142,64.4
4724000,-2634646.017005807,300.00719238212224,1955.5275821556725,1.0192126325434314,64.4
4726000,-2634461.5829780865,300.0313128393557,1958.499993231262,1.017665775802138,64.4
4728000,-2632311.020867007,300.9321890299054,1961.9433302126292,1.0158797067824423,64.4
4730000,-2634260.0739740077,299.9830419778403,1955.2264471434007,1.0193696069997953,64.4
4732000,-2632570.454217963,300.1318205152781,1960.6377034471832,1.0165562008299234,64.4
4734000,-2635951.3783519473,300.32445495507204,1959.9129727542843,1.0169320999081168,64.4
4736000,-2631699.109180765,300.355453884213,1963.6332683879925,1.015005422400676,64.4
4738000,-2634810.3233589325,300.58174082451984,1963.3139805889825,1.015170489654567,64.4
4740000,-2633436.530538138,299.308361709552,1964.859084818126,1.0143721910747927,64.4
4742000,-2632399.454784598,300.61262689793153,1959.8187456687222,1.0169809934847298,64.4
4744000,-2635028.950786764,299.9989995557351,1958.780030487667,1.017520285074564,64.4
4746000,-2633495.937502034,300.8161396273992,1957.8348485076024,1.0180115123292715,64.4
4748000,-2636270.069882227,300.7090315735162,1955.7494412464966,1.0190970136490867,64.4
4750000,-2636620.110663142,300.7611859614047,1958.1664992985372,1.0178390937308706,64.4
4752000,-2632935.7194420695,300.2017548235406,1958.4777791466813,1.0176773187023735,64.4
4754000,-2632268.356256228,299.5918331194542,1958.8546467415038,1.0174815259190537,64.4
4756000,-2634302.3945480734,300.96332087787835,1960.06592256826,1.016852745650836,64.4
4758000,-2632991.9986121617,300.34528593296864,1959.996301036823,1.016888865538083,64.4
4760000,-2632614.644246977,299.0571497176785,1960.3584389673756,1.016701015182736,64.4
4762000,-2633516.904359633,300.18777225136523,1960.072156417631,1.0168495116337475,64.4
4764000,-2634283.3873551805,299.4371115416358,1961.1576878104863,1.0162866695565658,64.4
4766000,-2635152.86244303,300.9476635146747,1960.2827222126493,1.016740285692303,64.4
4768000,-2635098.475439081,301.47373705277346,1960.0039870156963,1.0168848779001045,64.4
4770000,-2631508.0939826183,300.51950889650925,1962.695609054425,1.015490331677257,64.4
4772000,-2633478.4425193295,301.9202847189486,1958.751607994334,1.017535049817271,64.4
4774000,-2634688.4992699884,300.6144764744459,1962.1443501861133,1.0157756307945056,64.3
4776000,-2634673.8894113414,300.2398516755382,1959.0024788926203,1.017404743738164,64.3
4778000,-2634454.0674441755,299.18734493566546,1957.87442381033,1.0179909348533667,64.3
4780000,-2633431.7081344295,300.0212648141834,1956.3331432412992,1.0187929504266136,64.3
4782000,-2630683.7375543863,299.3820871204108,1962.1976595805145,1.015748033990758,64.3
4784000,-2632450.8853571303,300.2603972520361,1961.9068209276838,1.0158986113712278,64.3
4786000,-2632659.1045638844,300.4418698852746,1958.7593342438872,1.0175310361900802,64.3
4788000,-2632666.8593344335,299.4531550165571,1961.3616085426502,1.0161810072855997,64.3
4790000,-2634125.539078744,300.14909321596485,1956.229103574869,1.0188471336910023,64.3
4792000,-2635255.044573482,300.1750841444363,1958.9756303957304,1.0174186876523579,64.3
4794000,-2632237.2089522593,300.15383930071334,1958.3995633610105,1.0177179633351294,64.3
4796000,-2635542.0473660417,299.92966879371664,1958.3807934381764,1.017727717560509,64.3
4798000,-2635556.696701601,299.8222081491988,1958.7483014399352,1.0175367675137164,64.3
4800000,-2632882.818904184,299.2170000846277,1956.5434466993024,1.0186834431826906,64.3
4802000,-2634005.570626132,301.16301550137763,1960.6173047966477,1.0165667772818598,64.3
4804000,-2631045.069534462,300.48472011990305,1959.9994770311623,1.0168872177655615,64.3
4806000,-2634565.6936431564,301.3148771061083,1957.4171183678277,1.0182287649972628,64.3
4808000,-2634259.1257621627,300.54282554356587,1959.9490236662907,1.0169133946615991,64.3
4810000,-2633860.004204903,300.47217378714066,1958.091611072738,1.0178780215131293,64.3
4812000,-2631584.6408747025,300.2862047477271,1962.1850019455112,1.0157545863636774,64.3
4814000,-2635157.5451153964,301.1684262234253,1962.6178453730274,1.0155305678683226,64.3
4816000,-2631058.089739347,299.16489472307296,1960.442840061712,1.0166572441140056,64.3
4818000,-2634205.588776175,300.3355013954754,1958.2383417613455,1.0178017519703315,64.3
4820000,-2635292.2454099134,300.57995728957053,1957.7125034270277,1.0180751318343233,64.3
4822000,-2633201.380970128,299.7127990697411,1958.2298572598595,1.0178061618410343,64.3
4824000,-2635915.0961383805,300.34848496114324,1958.9826357476907,1.0174150493475214,64.3
4826000,-2632314.5067017823,299.9892843069962,1959.0665869873949,1.0173714503931757,64.3
4828000,-2635617.732317766,300.5386509763101,1958.7704904883576,1.017525240807185,64.3
4830000,-2633375.1394885983,299.6975310293246,1963.4565572752244,1.015096772900382,64.3
4832000,-2633718.223171113,300.4013582929937,1959.16520553003,1.0173202389437923,64.3
4834000,-2633680.5613077115,300.59130668093644,1960.9238515250672,1.0164078597290171,64.3
4836000,-2635500.621298939,300.1547318707279,1959.2795691610584,1.0172608577108762,64.3
4838000,-2633265.8886767905,300.675376055204,1960.2736765092236,1.0167449774510076,64.3
4840000,-2634674.252674723,300.8320466944432,1959.7098561746175,1.0170375011078077,64.3
4842000,-2634824.431164734,300.1843690932583,1960.3691699305946,1.0166954498120058,64.3
4844000,-2634435.7286151145,299.9997973166452,1958.8387234323918,1.0174897969791767,64.3
4846000,-2636000.926059667,299.88771113003116,1964.0956151446858,1.0147664908224705,64.3
4848000,-2634644.6771362033,299.8065715850226,1960.9645114518994,1.016386784860519,64.3
4850000,-2632088.33283793,300.1626719797647,1962.5814018553504,1.0155494254332451,64.3
4852000,-2634905.5504223406,301.4187113420332,1958.04129302828,1.0179041790981207,64.3
4854000,-2633874.875159858,299.8699806801552,1960.5171266901693,1.0166187216048503,64.3
4856000,-2634490.9343599416,300.28637394738223,1961.4930225257947,1.016112926292076,64.3
4858000,-2634571.9793372788,299.999583258273,1958.8792774739863,1.0174687322183091,64.3
4860000,-2634423.461230941,300.2069255487729,1960.0545876345052,1.016858626078138,64.3
4862000,-2630372.6653443146,300.19127490106695,1959.3827472278545,1.0172072903265177,64.3
4864000,-2632110.502061423,300.52315134138075,1959.9859699946353,1.0168942255365379,64.3
4866000,-2631456.9835415687,300.23904046868466,1964.6366439628216,1.014487040718096,64.3
4868000,-2632039.5126043055,300.0033820333114,1963.3572475592346,1.0151481181012334,64.3
4870000,-2635123.521864785,300.6033507523788,1956.8790270845623,1.0185087516572617,64.3
4872000,-2632653.769343987,299.84862045678705,1957.8188660682235,1.0180198227544923,64.3
4874000,-2633128.6213900205,301.13418195540413,1960.72644062276,1.0165101942457269,64.3
4876000,-2632885.5355766695,299.8492911533679,1961.6710649956317,1.0160207032592452,64.3
4878000,-2636747.5008963794,301.0507120170031,1957.0166990720209,1.018437101719808,64.3
4880000,-2632912.9606781714,299.98936736963515,1957.0678320742034,1.0184104926540967,64.3
4882000,-2637575.6596664432,300.358190939007,1960.7235864931708,1.0165116739299838,64.3
4884000,-2632635.067938991,300.3531907629273,1958.4545090805623,1.0176894105933951,64.3
4886000,-2633763.0883935057,301.23213312377766,1962.664876383573,1.0155062328789815,64.3
4888000,-2635037.391263483,301.0258303780926,1957.570304564169,1.0181490853090536,64.3
4890000,-2632711.959564045,299.87577835994824,1956.1683360668376,1.0188787837285977,64.3
4892000,-2631733.2826297563,299.43514404645333,1957.4388843590034,1.018217442672724,64.3
4894000,-2631756.6872315034,299.34975298730063,1962.8533294939946,1.0154087343520346,64.3
4896000,-2632014.828181505,300.053683916478,1961.2190657477038,1.0162548640431033,64.3
4898000,-2634652.542569101,299.5334522026167,1959.6743784948144,1.017055913417122,64.3
4900000,-2634053.6849204786,301.05961594934104,1962.5399090285493,1.0155708965973342,64.3
4902000,-2633079.7337076943,299.93487928447814,1960.094853729446,1.0168377368207118,64.3
4904000,-2634160.9377252143,301.4085991548843,1961.4041221775321,1.0161589814583725,64.3
4906000,-2633640.9487848803,299.5281973602951,1960.0217120466118,1.0168756819224336,64.3
4908000,-2632929.4847703073,300.14054036103016,1959.869744597702,1.016954530021225,64.3
4910000,-2632519.82038345,300.5252775310819,1960.2522650642131,1.0167560831538613,64.3
4912000,-2634412.201621499,299.5469057046077,1958.419961094219,1.0177073633923643,64.3
4914000,-2635189.14771962,299.85313931736965,1957.6520308616452,1.0181065805361373,64.3
4916000,-2633144.341216333,300.5551344075823,1956.5066036755525,1.018702626035547,64.3
4918000,-2633774.2207698487,301.48826306522693,1961.2625047702688,1.016232355522258,64.3
4920000,-2631028.1152052004,302.0695354458023,1959.3912618941881,1.0172028699839157,64.3
4922000,-2634876.640359845,300.48477176361274,1960.993314233897,1.0163718563205912,64.3
4924000,-2635687.780076502,300.66639882357674,1963.5672054183226,1.0150395716125034,64.3
4926000,-2633150.8053903803,300.17566498701706,1962.0479430191822,1.0158255419351334,64.3
4928000,-2633383.585676044,300.4418461295977,1961.1435440602695,1.016293999007205,64.3
4930000,-2635648.618411571,299.95072010519135,1961.2412030068772,1.0162433931963366,64.3
4932000,-2632486.012387516,300.1624071126279,1959.9181351369712,1.0169294213305924,64.3
4934000,-2635370.9516970124,301.4478805239832,1956.7670418018001,1.0185670406554477,64.3
4936000,-2636040.1489394885,299.65818000889567,1957.966133431988,1.0179432529441177,64.3
4938000,-2632813.4915428683,300.05127770132555,1958.5376208264406,1.0176462243187088,64.3
4940000,-2635839.26847158,299.64351618567645,1958.0793609061022,1.0178843895774823,64.3
4942000,-2632574.195028702,300.3125928926778,1958.3687476928567,1.017733977509717,64.3
4944000,-2632762.4275415875,299.61113210384053,1963.0905766559704,1.0152860182413594,64.3
4946000,-2634825.7425022256,299.36338135141654,1957.608000473467,1.018129479721233,64.3
4948000,-2632658.008295363,299.811708857195,1961.0610242418256,1.016336763814239,64.3
4950000,-2630200.582504483,299.3666349466943,1962.7757321813797,1.015448878005586,64.3
4952000,-2631491.392238945,300.3759045949811,1960.1408694277734,1.0168138658330317,64.3
4954000,-2633204.8972588554,299.6810571195957,1957.284275052199,1.018297873448669,64.3
4956000,-2635238.0540630985,299.8319260109588,1959.1059987514466,1.0173509837090955,64.3
4958000,-2632405.5957435723,300.8634207018129,1957.661105762432,1.018101861018453,64.3
4960000,-2635653.457636524,300.3991159288177,1955.9638167900562,1.018985319621638,64.3
4962000,-2634416.0111579373,300.0510819809024,1958.9643823955532,1.0174245294765796,64.3
4964000,-2632105.1399192717,300.03836908929316,1961.5840235365501,1.0160657871931515,64.3
4966000,-2633897.9003975466,299.80920281362995,1957.3398084691796,1.0182689824200537,64.3
4968000,-2633003.362128107,300.1974893791179,1957.0715229467808,1.0184085720174127,64.3
4970000,-2633007.4923771843,300.643274663754,1959.2157307583043,1.0172940037842366,64.3
4972000,-2632502.9396838453,300.3876369011959,1961.463640699869,1.016128147197782,64.3
4974000,-2633702.9048936963,300.46544387101926,1959.1518322671511,1.0173271832197608,64.3
4976000,-2635368.570851654,299.9539823235811,1959.2581386932695,1.017271984563236,64.3
4978000,-2633287.721232217,299.2215902314218,1956.224881582446,1.0188493326022416,64.3
4980000,-2634954.137788072,299.17168092539174,1961.4789885422997,1.01612019637354,64.3
4982000,-2635082.6902635284,300.35419907805215,1958.3745148561702,1.0177309804128831,64.3
4984000,-2635141.127887383,301.14181302341484,1957.3636728685537,1.0182565675694035,64.3
4986000,-2630201.282673007,300.6891837586916,1958.8643450925183,1.017476488360933,64.3
4988000,-2632212.3672180567,298.9767478685835,1958.5188251610837,1.0176559905449194,64.3
4990000,-2631350.969206553,300.14135584184277,1963.837799809258,1.0148997107672324,64.3
4992000,-2634089.4422700256,300.68978292193333,1958.96950915368,1.0174218668065123,64.3
4994000,-2633780.3043303806,300.7860664379875,1959.592088995225,1.017098622827228,64.3
4996000,-2634165.8353718612,300.6876676871073,1961.7739164000163,1.0159674355736366,64.3
4998000,-2634291.153754052,299.54237004244186,1960.4322041925036,1.0166627597515547,64.3
5000000,-2636503.8791540638,300.3651947874181,1955.3115425221101,1.0193252439196077,64.3
